2026-05-08 02:32:19,715 - mmdet - INFO - Environment info:
------------------------------------------------------------
sys.platform: linux
Python: 3.7.16 (default, Jan 17 2023, 22:20:44) [GCC 11.2.0]
CUDA available: True
GPU 0: NVIDIA GeForce RTX 2080 Ti
CUDA_HOME: /usr
NVCC: Build cuda_11.5.r11.5/compiler.30672275_0
GCC: gcc (Ubuntu 11.4.0-1ubuntu1~22.04.3) 11.4.0
PyTorch: 1.7.1+cu110
PyTorch compiling details: PyTorch built with:
  - GCC 7.3
  - C++ Version: 201402
  - Intel(R) Math Kernel Library Version 2020.0.0 Product Build 20191122 for Intel(R) 64 architecture applications
  - Intel(R) MKL-DNN v1.6.0 (Git Hash 5ef631a030a6f73131c77892041042805a06064f)
  - OpenMP 201511 (a.k.a. OpenMP 4.5)
  - NNPACK is enabled
  - CPU capability usage: AVX2
  - CUDA Runtime 11.0
  - NVCC architecture flags: -gencode;arch=compute_37,code=sm_37;-gencode;arch=compute_50,code=sm_50;-gencode;arch=compute_60,code=sm_60;-gencode;arch=compute_70,code=sm_70;-gencode;arch=compute_75,code=sm_75;-gencode;arch=compute_80,code=sm_80
  - CuDNN 8.0.5
  - Magma 2.5.2
  - Build settings: BLAS=MKL, BUILD_TYPE=Release, CXX_FLAGS= -Wno-deprecated -fvisibility-inlines-hidden -DUSE_PTHREADPOOL -fopenmp -DNDEBUG -DUSE_FBGEMM -DUSE_QNNPACK -DUSE_PYTORCH_QNNPACK -DUSE_XNNPACK -DUSE_VULKAN_WRAPPER -O2 -fPIC -Wno-narrowing -Wall -Wextra -Werror=return-type -Wno-missing-field-initializers -Wno-type-limits -Wno-array-bounds -Wno-unknown-pragmas -Wno-sign-compare -Wno-unused-parameter -Wno-unused-variable -Wno-unused-function -Wno-unused-result -Wno-unused-local-typedefs -Wno-strict-overflow -Wno-strict-aliasing -Wno-error=deprecated-declarations -Wno-stringop-overflow -Wno-psabi -Wno-error=pedantic -Wno-error=redundant-decls -Wno-error=old-style-cast -fdiagnostics-color=always -faligned-new -Wno-unused-but-set-variable -Wno-maybe-uninitialized -fno-math-errno -fno-trapping-math -Werror=format -Wno-stringop-overflow, PERF_WITH_AVX=1, PERF_WITH_AVX2=1, PERF_WITH_AVX512=1, USE_CUDA=ON, USE_EXCEPTION_PTR=1, USE_GFLAGS=OFF, USE_GLOG=OFF, USE_MKL=ON, USE_MKLDNN=ON, USE_MPI=OFF, USE_NCCL=ON, USE_NNPACK=ON, USE_OPENMP=ON, 

TorchVision: 0.8.2+cu110
OpenCV: 4.13.0
MMCV: 1.3.17
MMCV Compiler: GCC 7.3
MMCV CUDA Compiler: 11.0
MMDetection: 2.23.0+2544401
------------------------------------------------------------

2026-05-08 02:32:20,895 - mmdet - INFO - Distributed training: True
2026-05-08 02:32:22,126 - mmdet - INFO - Config:
norm_cfg = dict(type='GN', num_groups=32, requires_grad=True)
model = dict(
    type='FasterRCNN',
    backbone=dict(
        type='SwinTransformer',
        embed_dims=96,
        depths=[2, 2, 6, 2],
        num_heads=[3, 6, 12, 24],
        window_size=7,
        mlp_ratio=4,
        qkv_bias=True,
        qk_scale=None,
        drop_rate=0.0,
        attn_drop_rate=0.0,
        drop_path_rate=0.2,
        patch_norm=True,
        out_indices=(0, 1, 2, 3),
        with_cp=False,
        convert_weights=True,
        init_cfg=dict(
            type='Pretrained', checkpoint='orcn-swin-t-dota-latest.pth')),
    neck=dict(
        type='FPN',
        in_channels=[96, 192, 384, 768],
        out_channels=256,
        num_outs=5),
    rpn_head=dict(
        type='RPNHead',
        in_channels=256,
        feat_channels=256,
        anchor_generator=dict(
            type='AnchorGenerator',
            scales=[8],
            ratios=[0.5, 1.0, 2.0],
            strides=[4, 8, 16, 32, 64]),
        bbox_coder=dict(
            type='DeltaXYWHBBoxCoder',
            target_means=[0.0, 0.0, 0.0, 0.0],
            target_stds=[1.0, 1.0, 1.0, 1.0]),
        loss_cls=dict(
            type='CrossEntropyLoss', use_sigmoid=True, loss_weight=1.0),
        loss_bbox=dict(type='SmoothL1Loss', loss_weight=1.0)),
    roi_head=dict(
        type='StandardRoIHead',
        bbox_roi_extractor=dict(
            type='SingleRoIExtractor',
            roi_layer=dict(type='RoIAlign', output_size=7, sampling_ratio=0),
            out_channels=256,
            featmap_strides=[4, 8, 16, 32]),
        bbox_head=dict(
            type='Shared4Conv1FCBBoxHead',
            conv_out_channels=256,
            norm_cfg=dict(type='GN', num_groups=32, requires_grad=True),
            in_channels=256,
            fc_out_channels=1024,
            roi_feat_size=7,
            num_classes=1,
            bbox_coder=dict(
                type='DeltaXYWHBBoxCoder',
                target_means=[0.0, 0.0, 0.0, 0.0],
                target_stds=[0.1, 0.1, 0.2, 0.2]),
            reg_class_agnostic=False,
            loss_cls=dict(
                type='CrossEntropyLoss', use_sigmoid=False, loss_weight=1.0),
            loss_bbox=dict(type='SmoothL1Loss', loss_weight=1.0))),
    train_cfg=dict(
        rpn=dict(
            assigner=dict(
                type='MaxIoUAssigner',
                pos_iou_thr=0.7,
                neg_iou_thr=0.3,
                min_pos_iou=0.3,
                match_low_quality=True,
                ignore_iof_thr=-1),
            sampler=dict(
                type='RandomSampler',
                num=256,
                pos_fraction=0.5,
                neg_pos_ub=-1,
                add_gt_as_proposals=False),
            allowed_border=-1,
            pos_weight=-1,
            debug=False),
        rpn_proposal=dict(
            nms_pre=2000,
            max_per_img=1000,
            nms=dict(type='nms', iou_threshold=0.7),
            min_bbox_size=0),
        rcnn=dict(
            assigner=dict(
                type='MaxIoUAssigner',
                pos_iou_thr=0.5,
                neg_iou_thr=0.5,
                min_pos_iou=0.5,
                match_low_quality=False,
                ignore_iof_thr=-1),
            sampler=dict(
                type='RandomSampler',
                num=512,
                pos_fraction=0.25,
                neg_pos_ub=-1,
                add_gt_as_proposals=True),
            pos_weight=-1,
            debug=False)),
    test_cfg=dict(
        rpn=dict(
            nms_pre=1000,
            max_per_img=1000,
            nms=dict(type='nms', iou_threshold=0.9),
            min_bbox_size=0),
        rcnn=dict(
            score_thr=0.01,
            nms=dict(type='soft_nms', iou_threshold=0.5, min_score=0.01),
            max_per_img=100)))
dataset_type = 'CocoDataset'
data_root = '/home/ahmadreza/Downloads/Research/M2SODAI/baseline_official/'
img_norm_cfg = dict(
    mean=[123.675, 116.28, 103.53], std=[58.395, 57.12, 57.375], to_rgb=True)
train_pipeline = [
    dict(type='LoadImageFromFile'),
    dict(type='LoadAnnotations', with_bbox=True),
    dict(type='Resize', img_scale=(640, 640), keep_ratio=True),
    dict(
        type='RandomFlip',
        flip_ratio=0.5,
        direction=['horizontal', 'vertical']),
    dict(
        type='Normalize',
        mean=[123.675, 116.28, 103.53],
        std=[58.395, 57.12, 57.375],
        to_rgb=True),
    dict(type='Pad', size_divisor=32),
    dict(type='DefaultFormatBundle'),
    dict(type='Collect', keys=['img', 'gt_bboxes', 'gt_labels'])
]
test_pipeline = [
    dict(type='LoadImageFromFile'),
    dict(
        type='MultiScaleFlipAug',
        img_scale=(640, 640),
        flip=False,
        transforms=[
            dict(type='Resize', keep_ratio=True),
            dict(type='RandomFlip'),
            dict(
                type='Normalize',
                mean=[123.675, 116.28, 103.53],
                std=[58.395, 57.12, 57.375],
                to_rgb=True),
            dict(type='Pad', size_divisor=32),
            dict(type='ImageToTensor', keys=['img']),
            dict(type='Collect', keys=['img'])
        ])
]
data = dict(
    samples_per_gpu=4,
    workers_per_gpu=4,
    train=dict(
        type='CocoDataset',
        ann_file=
        '/home/ahmadreza/Downloads/Research/M2SODAI/baseline_official/fold_3/train/annotations.json',
        img_prefix=
        '/home/ahmadreza/Downloads/Research/M2SODAI/baseline_official/fold_3/train/images/',
        classes=('ship', ),
        pipeline=[
            dict(type='LoadImageFromFile'),
            dict(type='LoadAnnotations', with_bbox=True),
            dict(type='Resize', img_scale=(640, 640), keep_ratio=True),
            dict(
                type='RandomFlip',
                flip_ratio=0.5,
                direction=['horizontal', 'vertical']),
            dict(
                type='Normalize',
                mean=[123.675, 116.28, 103.53],
                std=[58.395, 57.12, 57.375],
                to_rgb=True),
            dict(type='Pad', size_divisor=32),
            dict(type='DefaultFormatBundle'),
            dict(type='Collect', keys=['img', 'gt_bboxes', 'gt_labels'])
        ]),
    val=dict(
        type='CocoDataset',
        ann_file=
        '/home/ahmadreza/Downloads/Research/M2SODAI/baseline_official/fold_3/val/annotations.json',
        img_prefix=
        '/home/ahmadreza/Downloads/Research/M2SODAI/baseline_official/fold_3/val/images/',
        classes=('ship', ),
        pipeline=[
            dict(type='LoadImageFromFile'),
            dict(
                type='MultiScaleFlipAug',
                img_scale=(640, 640),
                flip=False,
                transforms=[
                    dict(type='Resize', keep_ratio=True),
                    dict(type='RandomFlip'),
                    dict(
                        type='Normalize',
                        mean=[123.675, 116.28, 103.53],
                        std=[58.395, 57.12, 57.375],
                        to_rgb=True),
                    dict(type='Pad', size_divisor=32),
                    dict(type='ImageToTensor', keys=['img']),
                    dict(type='Collect', keys=['img'])
                ])
        ]),
    test=dict(
        type='CocoDataset',
        ann_file=
        '/home/ahmadreza/Downloads/Research/M2SODAI/baseline_official/fold_3/val/annotations.json',
        img_prefix=
        '/home/ahmadreza/Downloads/Research/M2SODAI/baseline_official/fold_3/val/images/',
        classes=('ship', ),
        pipeline=[
            dict(type='LoadImageFromFile'),
            dict(
                type='MultiScaleFlipAug',
                img_scale=(640, 640),
                flip=False,
                transforms=[
                    dict(type='Resize', keep_ratio=True),
                    dict(type='RandomFlip'),
                    dict(
                        type='Normalize',
                        mean=[123.675, 116.28, 103.53],
                        std=[58.395, 57.12, 57.375],
                        to_rgb=True),
                    dict(type='Pad', size_divisor=32),
                    dict(type='ImageToTensor', keys=['img']),
                    dict(type='Collect', keys=['img'])
                ])
        ]))
optimizer = dict(type='AdamW', lr=0.0001, weight_decay=0.05)
optimizer_config = dict(grad_clip=None)
lr_config = dict(
    policy='step',
    warmup='linear',
    warmup_iters=500,
    warmup_ratio=0.001,
    step=[200, 250])
runner = dict(type='EpochBasedRunner', max_epochs=300)
evaluation = dict(interval=10, metric='bbox')
checkpoint_config = dict(interval=10, max_keep_ckpts=3)
log_config = dict(
    interval=50,
    hooks=[dict(type='TextLoggerHook'),
           dict(type='TensorboardLoggerHook')])
custom_hooks = [
    dict(
        type='EarlyStoppingHook',
        monitor='bbox_mAP',
        patience=5,
        min_delta=0.001)
]
dist_params = dict(backend='nccl')
log_level = 'INFO'
load_from = None
resume_from = None
workflow = [('train', 1)]
work_dir = '/home/ahmadreza/Downloads/Research/M2SODAI/baseline_official/runs_swin_hbb/swin_t_hbb_fold_3'
seed = 0
deterministic = True
auto_resume = False
gpu_ids = range(0, 1)

2026-05-08 02:32:22,127 - mmdet - INFO - Set random seed to 42, deterministic: False
2026-05-08 02:32:22,736 - mmdet - INFO - load checkpoint from local path: orcn-swin-t-dota-latest.pth
2026-05-08 02:32:23,374 - mmdet - INFO - initialize FPN with init_cfg {'type': 'Xavier', 'layer': 'Conv2d', 'distribution': 'uniform'}
2026-05-08 02:32:23,398 - mmdet - INFO - initialize RPNHead with init_cfg {'type': 'Normal', 'layer': 'Conv2d', 'std': 0.01}
2026-05-08 02:32:23,408 - mmdet - INFO - initialize Shared4Conv1FCBBoxHead with init_cfg [{'type': 'Normal', 'std': 0.01, 'override': {'name': 'fc_cls'}}, {'type': 'Normal', 'std': 0.001, 'override': {'name': 'fc_reg'}}, {'type': 'Xavier', 'distribution': 'uniform', 'override': [{'name': 'shared_fcs'}, {'name': 'cls_fcs'}, {'name': 'reg_fcs'}]}]
Name of parameter - Initialization information

backbone.patch_embed.projection.weight - torch.Size([96, 3, 4, 4]): 
Initialized by user-defined `init_weights` in SwinTransformer  

backbone.patch_embed.projection.bias - torch.Size([96]): 
Initialized by user-defined `init_weights` in SwinTransformer  

backbone.patch_embed.norm.weight - torch.Size([96]): 
Initialized by user-defined `init_weights` in SwinTransformer  

backbone.patch_embed.norm.bias - torch.Size([96]): 
Initialized by user-defined `init_weights` in SwinTransformer  

backbone.stages.0.blocks.0.norm1.weight - torch.Size([96]): 
Initialized by user-defined `init_weights` in SwinTransformer  

backbone.stages.0.blocks.0.norm1.bias - torch.Size([96]): 
Initialized by user-defined `init_weights` in SwinTransformer  

backbone.stages.0.blocks.0.attn.w_msa.relative_position_bias_table - torch.Size([169, 3]): 
Initialized by user-defined `init_weights` in SwinTransformer  

backbone.stages.0.blocks.0.attn.w_msa.qkv.weight - torch.Size([288, 96]): 
Initialized by user-defined `init_weights` in SwinTransformer  

backbone.stages.0.blocks.0.attn.w_msa.qkv.bias - torch.Size([288]): 
Initialized by user-defined `init_weights` in SwinTransformer  

backbone.stages.0.blocks.0.attn.w_msa.proj.weight - torch.Size([96, 96]): 
Initialized by user-defined `init_weights` in SwinTransformer  

backbone.stages.0.blocks.0.attn.w_msa.proj.bias - torch.Size([96]): 
Initialized by user-defined `init_weights` in SwinTransformer  

backbone.stages.0.blocks.0.norm2.weight - torch.Size([96]): 
Initialized by user-defined `init_weights` in SwinTransformer  

backbone.stages.0.blocks.0.norm2.bias - torch.Size([96]): 
Initialized by user-defined `init_weights` in SwinTransformer  

backbone.stages.0.blocks.0.ffn.layers.0.0.weight - torch.Size([384, 96]): 
Initialized by user-defined `init_weights` in SwinTransformer  

backbone.stages.0.blocks.0.ffn.layers.0.0.bias - torch.Size([384]): 
Initialized by user-defined `init_weights` in SwinTransformer  

backbone.stages.0.blocks.0.ffn.layers.1.weight - torch.Size([96, 384]): 
Initialized by user-defined `init_weights` in SwinTransformer  

backbone.stages.0.blocks.0.ffn.layers.1.bias - torch.Size([96]): 
Initialized by user-defined `init_weights` in SwinTransformer  

backbone.stages.0.blocks.1.norm1.weight - torch.Size([96]): 
Initialized by user-defined `init_weights` in SwinTransformer  

backbone.stages.0.blocks.1.norm1.bias - torch.Size([96]): 
Initialized by user-defined `init_weights` in SwinTransformer  

backbone.stages.0.blocks.1.attn.w_msa.relative_position_bias_table - torch.Size([169, 3]): 
Initialized by user-defined `init_weights` in SwinTransformer  

backbone.stages.0.blocks.1.attn.w_msa.qkv.weight - torch.Size([288, 96]): 
Initialized by user-defined `init_weights` in SwinTransformer  

backbone.stages.0.blocks.1.attn.w_msa.qkv.bias - torch.Size([288]): 
Initialized by user-defined `init_weights` in SwinTransformer  

backbone.stages.0.blocks.1.attn.w_msa.proj.weight - torch.Size([96, 96]): 
Initialized by user-defined `init_weights` in SwinTransformer  

backbone.stages.0.blocks.1.attn.w_msa.proj.bias - torch.Size([96]): 
Initialized by user-defined `init_weights` in SwinTransformer  

backbone.stages.0.blocks.1.norm2.weight - torch.Size([96]): 
Initialized by user-defined `init_weights` in SwinTransformer  

backbone.stages.0.blocks.1.norm2.bias - torch.Size([96]): 
Initialized by user-defined `init_weights` in SwinTransformer  

backbone.stages.0.blocks.1.ffn.layers.0.0.weight - torch.Size([384, 96]): 
Initialized by user-defined `init_weights` in SwinTransformer  

backbone.stages.0.blocks.1.ffn.layers.0.0.bias - torch.Size([384]): 
Initialized by user-defined `init_weights` in SwinTransformer  

backbone.stages.0.blocks.1.ffn.layers.1.weight - torch.Size([96, 384]): 
Initialized by user-defined `init_weights` in SwinTransformer  

backbone.stages.0.blocks.1.ffn.layers.1.bias - torch.Size([96]): 
Initialized by user-defined `init_weights` in SwinTransformer  

backbone.stages.0.downsample.norm.weight - torch.Size([384]): 
Initialized by user-defined `init_weights` in SwinTransformer  

backbone.stages.0.downsample.norm.bias - torch.Size([384]): 
Initialized by user-defined `init_weights` in SwinTransformer  

backbone.stages.0.downsample.reduction.weight - torch.Size([192, 384]): 
Initialized by user-defined `init_weights` in SwinTransformer  

backbone.stages.1.blocks.0.norm1.weight - torch.Size([192]): 
Initialized by user-defined `init_weights` in SwinTransformer  

backbone.stages.1.blocks.0.norm1.bias - torch.Size([192]): 
Initialized by user-defined `init_weights` in SwinTransformer  

backbone.stages.1.blocks.0.attn.w_msa.relative_position_bias_table - torch.Size([169, 6]): 
Initialized by user-defined `init_weights` in SwinTransformer  

backbone.stages.1.blocks.0.attn.w_msa.qkv.weight - torch.Size([576, 192]): 
Initialized by user-defined `init_weights` in SwinTransformer  

backbone.stages.1.blocks.0.attn.w_msa.qkv.bias - torch.Size([576]): 
Initialized by user-defined `init_weights` in SwinTransformer  

backbone.stages.1.blocks.0.attn.w_msa.proj.weight - torch.Size([192, 192]): 
Initialized by user-defined `init_weights` in SwinTransformer  

backbone.stages.1.blocks.0.attn.w_msa.proj.bias - torch.Size([192]): 
Initialized by user-defined `init_weights` in SwinTransformer  

backbone.stages.1.blocks.0.norm2.weight - torch.Size([192]): 
Initialized by user-defined `init_weights` in SwinTransformer  

backbone.stages.1.blocks.0.norm2.bias - torch.Size([192]): 
Initialized by user-defined `init_weights` in SwinTransformer  

backbone.stages.1.blocks.0.ffn.layers.0.0.weight - torch.Size([768, 192]): 
Initialized by user-defined `init_weights` in SwinTransformer  

backbone.stages.1.blocks.0.ffn.layers.0.0.bias - torch.Size([768]): 
Initialized by user-defined `init_weights` in SwinTransformer  

backbone.stages.1.blocks.0.ffn.layers.1.weight - torch.Size([192, 768]): 
Initialized by user-defined `init_weights` in SwinTransformer  

backbone.stages.1.blocks.0.ffn.layers.1.bias - torch.Size([192]): 
Initialized by user-defined `init_weights` in SwinTransformer  

backbone.stages.1.blocks.1.norm1.weight - torch.Size([192]): 
Initialized by user-defined `init_weights` in SwinTransformer  

backbone.stages.1.blocks.1.norm1.bias - torch.Size([192]): 
Initialized by user-defined `init_weights` in SwinTransformer  

backbone.stages.1.blocks.1.attn.w_msa.relative_position_bias_table - torch.Size([169, 6]): 
Initialized by user-defined `init_weights` in SwinTransformer  

backbone.stages.1.blocks.1.attn.w_msa.qkv.weight - torch.Size([576, 192]): 
Initialized by user-defined `init_weights` in SwinTransformer  

backbone.stages.1.blocks.1.attn.w_msa.qkv.bias - torch.Size([576]): 
Initialized by user-defined `init_weights` in SwinTransformer  

backbone.stages.1.blocks.1.attn.w_msa.proj.weight - torch.Size([192, 192]): 
Initialized by user-defined `init_weights` in SwinTransformer  

backbone.stages.1.blocks.1.attn.w_msa.proj.bias - torch.Size([192]): 
Initialized by user-defined `init_weights` in SwinTransformer  

backbone.stages.1.blocks.1.norm2.weight - torch.Size([192]): 
Initialized by user-defined `init_weights` in SwinTransformer  

backbone.stages.1.blocks.1.norm2.bias - torch.Size([192]): 
Initialized by user-defined `init_weights` in SwinTransformer  

backbone.stages.1.blocks.1.ffn.layers.0.0.weight - torch.Size([768, 192]): 
Initialized by user-defined `init_weights` in SwinTransformer  

backbone.stages.1.blocks.1.ffn.layers.0.0.bias - torch.Size([768]): 
Initialized by user-defined `init_weights` in SwinTransformer  

backbone.stages.1.blocks.1.ffn.layers.1.weight - torch.Size([192, 768]): 
Initialized by user-defined `init_weights` in SwinTransformer  

backbone.stages.1.blocks.1.ffn.layers.1.bias - torch.Size([192]): 
Initialized by user-defined `init_weights` in SwinTransformer  

backbone.stages.1.downsample.norm.weight - torch.Size([768]): 
Initialized by user-defined `init_weights` in SwinTransformer  

backbone.stages.1.downsample.norm.bias - torch.Size([768]): 
Initialized by user-defined `init_weights` in SwinTransformer  

backbone.stages.1.downsample.reduction.weight - torch.Size([384, 768]): 
Initialized by user-defined `init_weights` in SwinTransformer  

backbone.stages.2.blocks.0.norm1.weight - torch.Size([384]): 
Initialized by user-defined `init_weights` in SwinTransformer  

backbone.stages.2.blocks.0.norm1.bias - torch.Size([384]): 
Initialized by user-defined `init_weights` in SwinTransformer  

backbone.stages.2.blocks.0.attn.w_msa.relative_position_bias_table - torch.Size([169, 12]): 
Initialized by user-defined `init_weights` in SwinTransformer  

backbone.stages.2.blocks.0.attn.w_msa.qkv.weight - torch.Size([1152, 384]): 
Initialized by user-defined `init_weights` in SwinTransformer  

backbone.stages.2.blocks.0.attn.w_msa.qkv.bias - torch.Size([1152]): 
Initialized by user-defined `init_weights` in SwinTransformer  

backbone.stages.2.blocks.0.attn.w_msa.proj.weight - torch.Size([384, 384]): 
Initialized by user-defined `init_weights` in SwinTransformer  

backbone.stages.2.blocks.0.attn.w_msa.proj.bias - torch.Size([384]): 
Initialized by user-defined `init_weights` in SwinTransformer  

backbone.stages.2.blocks.0.norm2.weight - torch.Size([384]): 
Initialized by user-defined `init_weights` in SwinTransformer  

backbone.stages.2.blocks.0.norm2.bias - torch.Size([384]): 
Initialized by user-defined `init_weights` in SwinTransformer  

backbone.stages.2.blocks.0.ffn.layers.0.0.weight - torch.Size([1536, 384]): 
Initialized by user-defined `init_weights` in SwinTransformer  

backbone.stages.2.blocks.0.ffn.layers.0.0.bias - torch.Size([1536]): 
Initialized by user-defined `init_weights` in SwinTransformer  

backbone.stages.2.blocks.0.ffn.layers.1.weight - torch.Size([384, 1536]): 
Initialized by user-defined `init_weights` in SwinTransformer  

backbone.stages.2.blocks.0.ffn.layers.1.bias - torch.Size([384]): 
Initialized by user-defined `init_weights` in SwinTransformer  

backbone.stages.2.blocks.1.norm1.weight - torch.Size([384]): 
Initialized by user-defined `init_weights` in SwinTransformer  

backbone.stages.2.blocks.1.norm1.bias - torch.Size([384]): 
Initialized by user-defined `init_weights` in SwinTransformer  

backbone.stages.2.blocks.1.attn.w_msa.relative_position_bias_table - torch.Size([169, 12]): 
Initialized by user-defined `init_weights` in SwinTransformer  

backbone.stages.2.blocks.1.attn.w_msa.qkv.weight - torch.Size([1152, 384]): 
Initialized by user-defined `init_weights` in SwinTransformer  

backbone.stages.2.blocks.1.attn.w_msa.qkv.bias - torch.Size([1152]): 
Initialized by user-defined `init_weights` in SwinTransformer  

backbone.stages.2.blocks.1.attn.w_msa.proj.weight - torch.Size([384, 384]): 
Initialized by user-defined `init_weights` in SwinTransformer  

backbone.stages.2.blocks.1.attn.w_msa.proj.bias - torch.Size([384]): 
Initialized by user-defined `init_weights` in SwinTransformer  

backbone.stages.2.blocks.1.norm2.weight - torch.Size([384]): 
Initialized by user-defined `init_weights` in SwinTransformer  

backbone.stages.2.blocks.1.norm2.bias - torch.Size([384]): 
Initialized by user-defined `init_weights` in SwinTransformer  

backbone.stages.2.blocks.1.ffn.layers.0.0.weight - torch.Size([1536, 384]): 
Initialized by user-defined `init_weights` in SwinTransformer  

backbone.stages.2.blocks.1.ffn.layers.0.0.bias - torch.Size([1536]): 
Initialized by user-defined `init_weights` in SwinTransformer  

backbone.stages.2.blocks.1.ffn.layers.1.weight - torch.Size([384, 1536]): 
Initialized by user-defined `init_weights` in SwinTransformer  

backbone.stages.2.blocks.1.ffn.layers.1.bias - torch.Size([384]): 
Initialized by user-defined `init_weights` in SwinTransformer  

backbone.stages.2.blocks.2.norm1.weight - torch.Size([384]): 
Initialized by user-defined `init_weights` in SwinTransformer  

backbone.stages.2.blocks.2.norm1.bias - torch.Size([384]): 
Initialized by user-defined `init_weights` in SwinTransformer  

backbone.stages.2.blocks.2.attn.w_msa.relative_position_bias_table - torch.Size([169, 12]): 
Initialized by user-defined `init_weights` in SwinTransformer  

backbone.stages.2.blocks.2.attn.w_msa.qkv.weight - torch.Size([1152, 384]): 
Initialized by user-defined `init_weights` in SwinTransformer  

backbone.stages.2.blocks.2.attn.w_msa.qkv.bias - torch.Size([1152]): 
Initialized by user-defined `init_weights` in SwinTransformer  

backbone.stages.2.blocks.2.attn.w_msa.proj.weight - torch.Size([384, 384]): 
Initialized by user-defined `init_weights` in SwinTransformer  

backbone.stages.2.blocks.2.attn.w_msa.proj.bias - torch.Size([384]): 
Initialized by user-defined `init_weights` in SwinTransformer  

backbone.stages.2.blocks.2.norm2.weight - torch.Size([384]): 
Initialized by user-defined `init_weights` in SwinTransformer  

backbone.stages.2.blocks.2.norm2.bias - torch.Size([384]): 
Initialized by user-defined `init_weights` in SwinTransformer  

backbone.stages.2.blocks.2.ffn.layers.0.0.weight - torch.Size([1536, 384]): 
Initialized by user-defined `init_weights` in SwinTransformer  

backbone.stages.2.blocks.2.ffn.layers.0.0.bias - torch.Size([1536]): 
Initialized by user-defined `init_weights` in SwinTransformer  

backbone.stages.2.blocks.2.ffn.layers.1.weight - torch.Size([384, 1536]): 
Initialized by user-defined `init_weights` in SwinTransformer  

backbone.stages.2.blocks.2.ffn.layers.1.bias - torch.Size([384]): 
Initialized by user-defined `init_weights` in SwinTransformer  

backbone.stages.2.blocks.3.norm1.weight - torch.Size([384]): 
Initialized by user-defined `init_weights` in SwinTransformer  

backbone.stages.2.blocks.3.norm1.bias - torch.Size([384]): 
Initialized by user-defined `init_weights` in SwinTransformer  

backbone.stages.2.blocks.3.attn.w_msa.relative_position_bias_table - torch.Size([169, 12]): 
Initialized by user-defined `init_weights` in SwinTransformer  

backbone.stages.2.blocks.3.attn.w_msa.qkv.weight - torch.Size([1152, 384]): 
Initialized by user-defined `init_weights` in SwinTransformer  

backbone.stages.2.blocks.3.attn.w_msa.qkv.bias - torch.Size([1152]): 
Initialized by user-defined `init_weights` in SwinTransformer  

backbone.stages.2.blocks.3.attn.w_msa.proj.weight - torch.Size([384, 384]): 
Initialized by user-defined `init_weights` in SwinTransformer  

backbone.stages.2.blocks.3.attn.w_msa.proj.bias - torch.Size([384]): 
Initialized by user-defined `init_weights` in SwinTransformer  

backbone.stages.2.blocks.3.norm2.weight - torch.Size([384]): 
Initialized by user-defined `init_weights` in SwinTransformer  

backbone.stages.2.blocks.3.norm2.bias - torch.Size([384]): 
Initialized by user-defined `init_weights` in SwinTransformer  

backbone.stages.2.blocks.3.ffn.layers.0.0.weight - torch.Size([1536, 384]): 
Initialized by user-defined `init_weights` in SwinTransformer  

backbone.stages.2.blocks.3.ffn.layers.0.0.bias - torch.Size([1536]): 
Initialized by user-defined `init_weights` in SwinTransformer  

backbone.stages.2.blocks.3.ffn.layers.1.weight - torch.Size([384, 1536]): 
Initialized by user-defined `init_weights` in SwinTransformer  

backbone.stages.2.blocks.3.ffn.layers.1.bias - torch.Size([384]): 
Initialized by user-defined `init_weights` in SwinTransformer  

backbone.stages.2.blocks.4.norm1.weight - torch.Size([384]): 
Initialized by user-defined `init_weights` in SwinTransformer  

backbone.stages.2.blocks.4.norm1.bias - torch.Size([384]): 
Initialized by user-defined `init_weights` in SwinTransformer  

backbone.stages.2.blocks.4.attn.w_msa.relative_position_bias_table - torch.Size([169, 12]): 
Initialized by user-defined `init_weights` in SwinTransformer  

backbone.stages.2.blocks.4.attn.w_msa.qkv.weight - torch.Size([1152, 384]): 
Initialized by user-defined `init_weights` in SwinTransformer  

backbone.stages.2.blocks.4.attn.w_msa.qkv.bias - torch.Size([1152]): 
Initialized by user-defined `init_weights` in SwinTransformer  

backbone.stages.2.blocks.4.attn.w_msa.proj.weight - torch.Size([384, 384]): 
Initialized by user-defined `init_weights` in SwinTransformer  

backbone.stages.2.blocks.4.attn.w_msa.proj.bias - torch.Size([384]): 
Initialized by user-defined `init_weights` in SwinTransformer  

backbone.stages.2.blocks.4.norm2.weight - torch.Size([384]): 
Initialized by user-defined `init_weights` in SwinTransformer  

backbone.stages.2.blocks.4.norm2.bias - torch.Size([384]): 
Initialized by user-defined `init_weights` in SwinTransformer  

backbone.stages.2.blocks.4.ffn.layers.0.0.weight - torch.Size([1536, 384]): 
Initialized by user-defined `init_weights` in SwinTransformer  

backbone.stages.2.blocks.4.ffn.layers.0.0.bias - torch.Size([1536]): 
Initialized by user-defined `init_weights` in SwinTransformer  

backbone.stages.2.blocks.4.ffn.layers.1.weight - torch.Size([384, 1536]): 
Initialized by user-defined `init_weights` in SwinTransformer  

backbone.stages.2.blocks.4.ffn.layers.1.bias - torch.Size([384]): 
Initialized by user-defined `init_weights` in SwinTransformer  

backbone.stages.2.blocks.5.norm1.weight - torch.Size([384]): 
Initialized by user-defined `init_weights` in SwinTransformer  

backbone.stages.2.blocks.5.norm1.bias - torch.Size([384]): 
Initialized by user-defined `init_weights` in SwinTransformer  

backbone.stages.2.blocks.5.attn.w_msa.relative_position_bias_table - torch.Size([169, 12]): 
Initialized by user-defined `init_weights` in SwinTransformer  

backbone.stages.2.blocks.5.attn.w_msa.qkv.weight - torch.Size([1152, 384]): 
Initialized by user-defined `init_weights` in SwinTransformer  

backbone.stages.2.blocks.5.attn.w_msa.qkv.bias - torch.Size([1152]): 
Initialized by user-defined `init_weights` in SwinTransformer  

backbone.stages.2.blocks.5.attn.w_msa.proj.weight - torch.Size([384, 384]): 
Initialized by user-defined `init_weights` in SwinTransformer  

backbone.stages.2.blocks.5.attn.w_msa.proj.bias - torch.Size([384]): 
Initialized by user-defined `init_weights` in SwinTransformer  

backbone.stages.2.blocks.5.norm2.weight - torch.Size([384]): 
Initialized by user-defined `init_weights` in SwinTransformer  

backbone.stages.2.blocks.5.norm2.bias - torch.Size([384]): 
Initialized by user-defined `init_weights` in SwinTransformer  

backbone.stages.2.blocks.5.ffn.layers.0.0.weight - torch.Size([1536, 384]): 
Initialized by user-defined `init_weights` in SwinTransformer  

backbone.stages.2.blocks.5.ffn.layers.0.0.bias - torch.Size([1536]): 
Initialized by user-defined `init_weights` in SwinTransformer  

backbone.stages.2.blocks.5.ffn.layers.1.weight - torch.Size([384, 1536]): 
Initialized by user-defined `init_weights` in SwinTransformer  

backbone.stages.2.blocks.5.ffn.layers.1.bias - torch.Size([384]): 
Initialized by user-defined `init_weights` in SwinTransformer  

backbone.stages.2.downsample.norm.weight - torch.Size([1536]): 
Initialized by user-defined `init_weights` in SwinTransformer  

backbone.stages.2.downsample.norm.bias - torch.Size([1536]): 
Initialized by user-defined `init_weights` in SwinTransformer  

backbone.stages.2.downsample.reduction.weight - torch.Size([768, 1536]): 
Initialized by user-defined `init_weights` in SwinTransformer  

backbone.stages.3.blocks.0.norm1.weight - torch.Size([768]): 
Initialized by user-defined `init_weights` in SwinTransformer  

backbone.stages.3.blocks.0.norm1.bias - torch.Size([768]): 
Initialized by user-defined `init_weights` in SwinTransformer  

backbone.stages.3.blocks.0.attn.w_msa.relative_position_bias_table - torch.Size([169, 24]): 
Initialized by user-defined `init_weights` in SwinTransformer  

backbone.stages.3.blocks.0.attn.w_msa.qkv.weight - torch.Size([2304, 768]): 
Initialized by user-defined `init_weights` in SwinTransformer  

backbone.stages.3.blocks.0.attn.w_msa.qkv.bias - torch.Size([2304]): 
Initialized by user-defined `init_weights` in SwinTransformer  

backbone.stages.3.blocks.0.attn.w_msa.proj.weight - torch.Size([768, 768]): 
Initialized by user-defined `init_weights` in SwinTransformer  

backbone.stages.3.blocks.0.attn.w_msa.proj.bias - torch.Size([768]): 
Initialized by user-defined `init_weights` in SwinTransformer  

backbone.stages.3.blocks.0.norm2.weight - torch.Size([768]): 
Initialized by user-defined `init_weights` in SwinTransformer  

backbone.stages.3.blocks.0.norm2.bias - torch.Size([768]): 
Initialized by user-defined `init_weights` in SwinTransformer  

backbone.stages.3.blocks.0.ffn.layers.0.0.weight - torch.Size([3072, 768]): 
Initialized by user-defined `init_weights` in SwinTransformer  

backbone.stages.3.blocks.0.ffn.layers.0.0.bias - torch.Size([3072]): 
Initialized by user-defined `init_weights` in SwinTransformer  

backbone.stages.3.blocks.0.ffn.layers.1.weight - torch.Size([768, 3072]): 
Initialized by user-defined `init_weights` in SwinTransformer  

backbone.stages.3.blocks.0.ffn.layers.1.bias - torch.Size([768]): 
Initialized by user-defined `init_weights` in SwinTransformer  

backbone.stages.3.blocks.1.norm1.weight - torch.Size([768]): 
Initialized by user-defined `init_weights` in SwinTransformer  

backbone.stages.3.blocks.1.norm1.bias - torch.Size([768]): 
Initialized by user-defined `init_weights` in SwinTransformer  

backbone.stages.3.blocks.1.attn.w_msa.relative_position_bias_table - torch.Size([169, 24]): 
Initialized by user-defined `init_weights` in SwinTransformer  

backbone.stages.3.blocks.1.attn.w_msa.qkv.weight - torch.Size([2304, 768]): 
Initialized by user-defined `init_weights` in SwinTransformer  

backbone.stages.3.blocks.1.attn.w_msa.qkv.bias - torch.Size([2304]): 
Initialized by user-defined `init_weights` in SwinTransformer  

backbone.stages.3.blocks.1.attn.w_msa.proj.weight - torch.Size([768, 768]): 
Initialized by user-defined `init_weights` in SwinTransformer  

backbone.stages.3.blocks.1.attn.w_msa.proj.bias - torch.Size([768]): 
Initialized by user-defined `init_weights` in SwinTransformer  

backbone.stages.3.blocks.1.norm2.weight - torch.Size([768]): 
Initialized by user-defined `init_weights` in SwinTransformer  

backbone.stages.3.blocks.1.norm2.bias - torch.Size([768]): 
Initialized by user-defined `init_weights` in SwinTransformer  

backbone.stages.3.blocks.1.ffn.layers.0.0.weight - torch.Size([3072, 768]): 
Initialized by user-defined `init_weights` in SwinTransformer  

backbone.stages.3.blocks.1.ffn.layers.0.0.bias - torch.Size([3072]): 
Initialized by user-defined `init_weights` in SwinTransformer  

backbone.stages.3.blocks.1.ffn.layers.1.weight - torch.Size([768, 3072]): 
Initialized by user-defined `init_weights` in SwinTransformer  

backbone.stages.3.blocks.1.ffn.layers.1.bias - torch.Size([768]): 
Initialized by user-defined `init_weights` in SwinTransformer  

backbone.norm0.weight - torch.Size([96]): 
Initialized by user-defined `init_weights` in SwinTransformer  

backbone.norm0.bias - torch.Size([96]): 
Initialized by user-defined `init_weights` in SwinTransformer  

backbone.norm1.weight - torch.Size([192]): 
Initialized by user-defined `init_weights` in SwinTransformer  

backbone.norm1.bias - torch.Size([192]): 
Initialized by user-defined `init_weights` in SwinTransformer  

backbone.norm2.weight - torch.Size([384]): 
Initialized by user-defined `init_weights` in SwinTransformer  

backbone.norm2.bias - torch.Size([384]): 
Initialized by user-defined `init_weights` in SwinTransformer  

backbone.norm3.weight - torch.Size([768]): 
Initialized by user-defined `init_weights` in SwinTransformer  

backbone.norm3.bias - torch.Size([768]): 
Initialized by user-defined `init_weights` in SwinTransformer  

neck.lateral_convs.0.conv.weight - torch.Size([256, 96, 1, 1]): 
XavierInit: gain=1, distribution=uniform, bias=0 

neck.lateral_convs.0.conv.bias - torch.Size([256]): 
The value is the same before and after calling `init_weights` of FasterRCNN  

neck.lateral_convs.1.conv.weight - torch.Size([256, 192, 1, 1]): 
XavierInit: gain=1, distribution=uniform, bias=0 

neck.lateral_convs.1.conv.bias - torch.Size([256]): 
The value is the same before and after calling `init_weights` of FasterRCNN  

neck.lateral_convs.2.conv.weight - torch.Size([256, 384, 1, 1]): 
XavierInit: gain=1, distribution=uniform, bias=0 

neck.lateral_convs.2.conv.bias - torch.Size([256]): 
The value is the same before and after calling `init_weights` of FasterRCNN  

neck.lateral_convs.3.conv.weight - torch.Size([256, 768, 1, 1]): 
XavierInit: gain=1, distribution=uniform, bias=0 

neck.lateral_convs.3.conv.bias - torch.Size([256]): 
The value is the same before and after calling `init_weights` of FasterRCNN  

neck.fpn_convs.0.conv.weight - torch.Size([256, 256, 3, 3]): 
XavierInit: gain=1, distribution=uniform, bias=0 

neck.fpn_convs.0.conv.bias - torch.Size([256]): 
The value is the same before and after calling `init_weights` of FasterRCNN  

neck.fpn_convs.1.conv.weight - torch.Size([256, 256, 3, 3]): 
XavierInit: gain=1, distribution=uniform, bias=0 

neck.fpn_convs.1.conv.bias - torch.Size([256]): 
The value is the same before and after calling `init_weights` of FasterRCNN  

neck.fpn_convs.2.conv.weight - torch.Size([256, 256, 3, 3]): 
XavierInit: gain=1, distribution=uniform, bias=0 

neck.fpn_convs.2.conv.bias - torch.Size([256]): 
The value is the same before and after calling `init_weights` of FasterRCNN  

neck.fpn_convs.3.conv.weight - torch.Size([256, 256, 3, 3]): 
XavierInit: gain=1, distribution=uniform, bias=0 

neck.fpn_convs.3.conv.bias - torch.Size([256]): 
The value is the same before and after calling `init_weights` of FasterRCNN  

rpn_head.rpn_conv.weight - torch.Size([256, 256, 3, 3]): 
NormalInit: mean=0, std=0.01, bias=0 

rpn_head.rpn_conv.bias - torch.Size([256]): 
NormalInit: mean=0, std=0.01, bias=0 

rpn_head.rpn_cls.weight - torch.Size([3, 256, 1, 1]): 
NormalInit: mean=0, std=0.01, bias=0 

rpn_head.rpn_cls.bias - torch.Size([3]): 
NormalInit: mean=0, std=0.01, bias=0 

rpn_head.rpn_reg.weight - torch.Size([12, 256, 1, 1]): 
NormalInit: mean=0, std=0.01, bias=0 

rpn_head.rpn_reg.bias - torch.Size([12]): 
NormalInit: mean=0, std=0.01, bias=0 

roi_head.bbox_head.fc_cls.weight - torch.Size([2, 1024]): 
NormalInit: mean=0, std=0.01, bias=0 

roi_head.bbox_head.fc_cls.bias - torch.Size([2]): 
NormalInit: mean=0, std=0.01, bias=0 

roi_head.bbox_head.fc_reg.weight - torch.Size([4, 1024]): 
NormalInit: mean=0, std=0.001, bias=0 

roi_head.bbox_head.fc_reg.bias - torch.Size([4]): 
NormalInit: mean=0, std=0.001, bias=0 

roi_head.bbox_head.shared_convs.0.conv.weight - torch.Size([256, 256, 3, 3]): 
The value is the same before and after calling `init_weights` of FasterRCNN  

roi_head.bbox_head.shared_convs.0.gn.weight - torch.Size([256]): 
The value is the same before and after calling `init_weights` of FasterRCNN  

roi_head.bbox_head.shared_convs.0.gn.bias - torch.Size([256]): 
The value is the same before and after calling `init_weights` of FasterRCNN  

roi_head.bbox_head.shared_convs.1.conv.weight - torch.Size([256, 256, 3, 3]): 
The value is the same before and after calling `init_weights` of FasterRCNN  

roi_head.bbox_head.shared_convs.1.gn.weight - torch.Size([256]): 
The value is the same before and after calling `init_weights` of FasterRCNN  

roi_head.bbox_head.shared_convs.1.gn.bias - torch.Size([256]): 
The value is the same before and after calling `init_weights` of FasterRCNN  

roi_head.bbox_head.shared_convs.2.conv.weight - torch.Size([256, 256, 3, 3]): 
The value is the same before and after calling `init_weights` of FasterRCNN  

roi_head.bbox_head.shared_convs.2.gn.weight - torch.Size([256]): 
The value is the same before and after calling `init_weights` of FasterRCNN  

roi_head.bbox_head.shared_convs.2.gn.bias - torch.Size([256]): 
The value is the same before and after calling `init_weights` of FasterRCNN  

roi_head.bbox_head.shared_convs.3.conv.weight - torch.Size([256, 256, 3, 3]): 
The value is the same before and after calling `init_weights` of FasterRCNN  

roi_head.bbox_head.shared_convs.3.gn.weight - torch.Size([256]): 
The value is the same before and after calling `init_weights` of FasterRCNN  

roi_head.bbox_head.shared_convs.3.gn.bias - torch.Size([256]): 
The value is the same before and after calling `init_weights` of FasterRCNN  

roi_head.bbox_head.shared_fcs.0.weight - torch.Size([1024, 12544]): 
XavierInit: gain=1, distribution=uniform, bias=0 

roi_head.bbox_head.shared_fcs.0.bias - torch.Size([1024]): 
XavierInit: gain=1, distribution=uniform, bias=0 
2026-05-08 02:32:23,931 - mmdet - INFO - Start running, host: ahmadreza@quartz, work_dir: /home/ahmadreza/Downloads/Research/M2SODAI/baseline_official/runs_swin_hbb/swin_t_hbb_fold_3
2026-05-08 02:32:23,931 - mmdet - INFO - Hooks will be executed in the following order:
before_run:
(VERY_HIGH   ) StepLrUpdaterHook                  
(NORMAL      ) CheckpointHook                     
(LOW         ) DistEvalHook                       
(VERY_LOW    ) TextLoggerHook                     
(VERY_LOW    ) TensorboardLoggerHook              
 -------------------- 
before_train_epoch:
(VERY_HIGH   ) StepLrUpdaterHook                  
(NORMAL      ) DistSamplerSeedHook                
(LOW         ) IterTimerHook                      
(LOW         ) DistEvalHook                       
(VERY_LOW    ) TextLoggerHook                     
(VERY_LOW    ) TensorboardLoggerHook              
 -------------------- 
before_train_iter:
(VERY_HIGH   ) StepLrUpdaterHook                  
(LOW         ) IterTimerHook                      
(LOW         ) DistEvalHook                       
 -------------------- 
after_train_iter:
(ABOVE_NORMAL) OptimizerHook                      
(NORMAL      ) CheckpointHook                     
(LOW         ) IterTimerHook                      
(LOW         ) DistEvalHook                       
(VERY_LOW    ) TextLoggerHook                     
(VERY_LOW    ) TensorboardLoggerHook              
 -------------------- 
after_train_epoch:
(NORMAL      ) CheckpointHook                     
(NORMAL      ) EarlyStoppingHook                  
(LOW         ) DistEvalHook                       
(VERY_LOW    ) TextLoggerHook                     
(VERY_LOW    ) TensorboardLoggerHook              
 -------------------- 
before_val_epoch:
(NORMAL      ) DistSamplerSeedHook                
(LOW         ) IterTimerHook                      
(VERY_LOW    ) TextLoggerHook                     
(VERY_LOW    ) TensorboardLoggerHook              
 -------------------- 
before_val_iter:
(LOW         ) IterTimerHook                      
 -------------------- 
after_val_iter:
(LOW         ) IterTimerHook                      
 -------------------- 
after_val_epoch:
(VERY_LOW    ) TextLoggerHook                     
(VERY_LOW    ) TensorboardLoggerHook              
 -------------------- 
after_run:
(VERY_LOW    ) TextLoggerHook                     
(VERY_LOW    ) TensorboardLoggerHook              
 -------------------- 
2026-05-08 02:32:23,932 - mmdet - INFO - workflow: [('train', 1)], max: 300 epochs
2026-05-08 02:32:23,932 - mmdet - INFO - Checkpoints will be saved to /home/ahmadreza/Downloads/Research/M2SODAI/baseline_official/runs_swin_hbb/swin_t_hbb_fold_3 by HardDiskBackend.
2026-05-08 02:32:57,469 - mmdet - INFO - Epoch [1][50/101]	lr: 9.890e-06, eta: 5:37:21, time: 0.669, data_time: 0.065, memory: 7277, loss_rpn_cls: 0.6334, loss_rpn_bbox: 0.0137, loss_cls: 0.2940, acc: 95.1934, loss_bbox: 0.0558, loss: 0.9969
2026-05-08 02:33:28,520 - mmdet - INFO - Epoch [1][100/101]	lr: 1.988e-05, eta: 5:24:41, time: 0.621, data_time: 0.012, memory: 7277, loss_rpn_cls: 0.2875, loss_rpn_bbox: 0.0119, loss_cls: 0.1675, acc: 94.8076, loss_bbox: 0.1050, loss: 0.5717
2026-05-08 02:34:02,718 - mmdet - INFO - Epoch [2][50/101]	lr: 3.007e-05, eta: 5:25:47, time: 0.668, data_time: 0.065, memory: 7277, loss_rpn_cls: 0.1031, loss_rpn_bbox: 0.0137, loss_cls: 0.1884, acc: 93.4199, loss_bbox: 0.1407, loss: 0.4460
2026-05-08 02:34:33,632 - mmdet - INFO - Epoch [2][100/101]	lr: 4.006e-05, eta: 5:21:30, time: 0.618, data_time: 0.012, memory: 7277, loss_rpn_cls: 0.0654, loss_rpn_bbox: 0.0091, loss_cls: 0.2027, acc: 92.1299, loss_bbox: 0.1788, loss: 0.4560
2026-05-08 02:35:08,079 - mmdet - INFO - Epoch [3][50/101]	lr: 5.025e-05, eta: 5:22:53, time: 0.673, data_time: 0.065, memory: 7277, loss_rpn_cls: 0.0512, loss_rpn_bbox: 0.0096, loss_cls: 0.2076, acc: 91.6025, loss_bbox: 0.1864, loss: 0.4547
2026-05-08 02:35:38,885 - mmdet - INFO - Epoch [3][100/101]	lr: 6.024e-05, eta: 5:19:58, time: 0.616, data_time: 0.012, memory: 7277, loss_rpn_cls: 0.0458, loss_rpn_bbox: 0.0075, loss_cls: 0.2145, acc: 91.1025, loss_bbox: 0.1865, loss: 0.4543
2026-05-08 02:36:13,257 - mmdet - INFO - Epoch [4][50/101]	lr: 7.043e-05, eta: 5:20:47, time: 0.672, data_time: 0.065, memory: 7277, loss_rpn_cls: 0.0369, loss_rpn_bbox: 0.0066, loss_cls: 0.2156, acc: 90.8809, loss_bbox: 0.1938, loss: 0.4530
2026-05-08 02:36:44,191 - mmdet - INFO - Epoch [4][100/101]	lr: 8.042e-05, eta: 5:18:46, time: 0.619, data_time: 0.013, memory: 7277, loss_rpn_cls: 0.0383, loss_rpn_bbox: 0.0082, loss_cls: 0.2147, acc: 90.8486, loss_bbox: 0.1968, loss: 0.4579
2026-05-08 02:37:18,536 - mmdet - INFO - Epoch [5][50/101]	lr: 9.061e-05, eta: 5:19:14, time: 0.671, data_time: 0.065, memory: 7277, loss_rpn_cls: 0.0302, loss_rpn_bbox: 0.0063, loss_cls: 0.2050, acc: 91.0908, loss_bbox: 0.1811, loss: 0.4226
2026-05-08 02:37:49,448 - mmdet - INFO - Epoch [5][100/101]	lr: 1.000e-04, eta: 5:17:32, time: 0.618, data_time: 0.013, memory: 7277, loss_rpn_cls: 0.0287, loss_rpn_bbox: 0.0071, loss_cls: 0.1962, acc: 91.6758, loss_bbox: 0.1738, loss: 0.4058
2026-05-08 02:38:23,832 - mmdet - INFO - Epoch [6][50/101]	lr: 1.000e-04, eta: 5:17:53, time: 0.672, data_time: 0.065, memory: 7277, loss_rpn_cls: 0.0311, loss_rpn_bbox: 0.0068, loss_cls: 0.2224, acc: 90.4229, loss_bbox: 0.1865, loss: 0.4467
2026-05-08 02:38:54,744 - mmdet - INFO - Epoch [6][100/101]	lr: 1.000e-04, eta: 5:16:24, time: 0.618, data_time: 0.012, memory: 7277, loss_rpn_cls: 0.0302, loss_rpn_bbox: 0.0065, loss_cls: 0.1807, acc: 92.5537, loss_bbox: 0.1574, loss: 0.3749
2026-05-08 02:39:29,106 - mmdet - INFO - Epoch [7][50/101]	lr: 1.000e-04, eta: 5:16:36, time: 0.672, data_time: 0.065, memory: 7277, loss_rpn_cls: 0.0214, loss_rpn_bbox: 0.0055, loss_cls: 0.1738, acc: 92.6070, loss_bbox: 0.1502, loss: 0.3509
2026-05-08 02:40:00,038 - mmdet - INFO - Epoch [7][100/101]	lr: 1.000e-04, eta: 5:15:17, time: 0.619, data_time: 0.012, memory: 7277, loss_rpn_cls: 0.0226, loss_rpn_bbox: 0.0064, loss_cls: 0.1913, acc: 91.8447, loss_bbox: 0.1618, loss: 0.3821
2026-05-08 02:40:34,455 - mmdet - INFO - Epoch [8][50/101]	lr: 1.000e-04, eta: 5:15:25, time: 0.673, data_time: 0.065, memory: 7277, loss_rpn_cls: 0.0175, loss_rpn_bbox: 0.0053, loss_cls: 0.1706, acc: 92.6787, loss_bbox: 0.1507, loss: 0.3440
2026-05-08 02:41:05,460 - mmdet - INFO - Epoch [8][100/101]	lr: 1.000e-04, eta: 5:14:16, time: 0.620, data_time: 0.013, memory: 7277, loss_rpn_cls: 0.0204, loss_rpn_bbox: 0.0052, loss_cls: 0.1708, acc: 92.5659, loss_bbox: 0.1466, loss: 0.3430
2026-05-08 02:41:39,951 - mmdet - INFO - Epoch [9][50/101]	lr: 1.000e-04, eta: 5:14:20, time: 0.674, data_time: 0.065, memory: 7277, loss_rpn_cls: 0.0178, loss_rpn_bbox: 0.0053, loss_cls: 0.1792, acc: 92.2529, loss_bbox: 0.1556, loss: 0.3579
2026-05-08 02:42:10,825 - mmdet - INFO - Epoch [9][100/101]	lr: 1.000e-04, eta: 5:13:11, time: 0.617, data_time: 0.012, memory: 7277, loss_rpn_cls: 0.0169, loss_rpn_bbox: 0.0049, loss_cls: 0.1464, acc: 93.7480, loss_bbox: 0.1235, loss: 0.2917
2026-05-08 02:42:45,112 - mmdet - INFO - Epoch [10][50/101]	lr: 1.000e-04, eta: 5:13:05, time: 0.670, data_time: 0.065, memory: 7277, loss_rpn_cls: 0.0132, loss_rpn_bbox: 0.0043, loss_cls: 0.1417, acc: 93.8213, loss_bbox: 0.1267, loss: 0.2858
2026-05-08 02:43:16,185 - mmdet - INFO - Epoch [10][100/101]	lr: 1.000e-04, eta: 5:12:06, time: 0.621, data_time: 0.013, memory: 7277, loss_rpn_cls: 0.0157, loss_rpn_bbox: 0.0059, loss_cls: 0.1692, acc: 92.7182, loss_bbox: 0.1440, loss: 0.3348
2026-05-08 02:43:16,950 - mmdet - INFO - Saving checkpoint at 10 epochs
2026-05-08 02:43:56,641 - mmdet - INFO - Evaluating bbox...
2026-05-08 02:44:02,154 - mmdet - INFO - 
 Average Precision  (AP) @[ IoU=0.50:0.95 | area=   all | maxDets=100 ] = 0.281
 Average Precision  (AP) @[ IoU=0.50      | area=   all | maxDets=1000 ] = 0.691
 Average Precision  (AP) @[ IoU=0.75      | area=   all | maxDets=1000 ] = 0.155
 Average Precision  (AP) @[ IoU=0.50:0.95 | area= small | maxDets=1000 ] = 0.010
 Average Precision  (AP) @[ IoU=0.50:0.95 | area=medium | maxDets=1000 ] = 0.216
 Average Precision  (AP) @[ IoU=0.50:0.95 | area= large | maxDets=1000 ] = 0.347
 Average Recall     (AR) @[ IoU=0.50:0.95 | area=   all | maxDets=100 ] = 0.452
 Average Recall     (AR) @[ IoU=0.50:0.95 | area=   all | maxDets=300 ] = 0.452
 Average Recall     (AR) @[ IoU=0.50:0.95 | area=   all | maxDets=1000 ] = 0.452
 Average Recall     (AR) @[ IoU=0.50:0.95 | area= small | maxDets=1000 ] = 0.013
 Average Recall     (AR) @[ IoU=0.50:0.95 | area=medium | maxDets=1000 ] = 0.393
 Average Recall     (AR) @[ IoU=0.50:0.95 | area= large | maxDets=1000 ] = 0.518

2026-05-08 02:44:02,167 - mmdet - INFO - Exp name: fold_3_swin_t_3x_hbb.py
2026-05-08 02:44:02,167 - mmdet - INFO - Epoch(val) [10][370]	bbox_mAP: 0.2810, bbox_mAP_50: 0.6910, bbox_mAP_75: 0.1550, bbox_mAP_s: 0.0100, bbox_mAP_m: 0.2160, bbox_mAP_l: 0.3470, bbox_mAP_copypaste: 0.281 0.691 0.155 0.010 0.216 0.347
2026-05-08 02:44:35,714 - mmdet - INFO - Epoch [11][50/101]	lr: 1.000e-04, eta: 5:11:59, time: 0.671, data_time: 0.065, memory: 7277, loss_rpn_cls: 0.0157, loss_rpn_bbox: 0.0049, loss_cls: 0.1592, acc: 93.1562, loss_bbox: 0.1327, loss: 0.3125
2026-05-08 02:45:06,515 - mmdet - INFO - Epoch [11][100/101]	lr: 1.000e-04, eta: 5:10:55, time: 0.616, data_time: 0.013, memory: 7277, loss_rpn_cls: 0.0128, loss_rpn_bbox: 0.0043, loss_cls: 0.1470, acc: 93.7051, loss_bbox: 0.1207, loss: 0.2849
2026-05-08 02:45:40,954 - mmdet - INFO - Epoch [12][50/101]	lr: 1.000e-04, eta: 5:10:49, time: 0.673, data_time: 0.066, memory: 7277, loss_rpn_cls: 0.0122, loss_rpn_bbox: 0.0056, loss_cls: 0.1551, acc: 93.3457, loss_bbox: 0.1345, loss: 0.3075
2026-05-08 02:46:11,819 - mmdet - INFO - Epoch [12][100/101]	lr: 1.000e-04, eta: 5:09:50, time: 0.617, data_time: 0.013, memory: 7277, loss_rpn_cls: 0.0130, loss_rpn_bbox: 0.0042, loss_cls: 0.1386, acc: 94.1755, loss_bbox: 0.1118, loss: 0.2676
2026-05-08 02:46:46,212 - mmdet - INFO - Epoch [13][50/101]	lr: 1.000e-04, eta: 5:09:41, time: 0.672, data_time: 0.066, memory: 7277, loss_rpn_cls: 0.0122, loss_rpn_bbox: 0.0040, loss_cls: 0.1341, acc: 94.2679, loss_bbox: 0.1131, loss: 0.2635
2026-05-08 02:47:17,016 - mmdet - INFO - Epoch [13][100/101]	lr: 1.000e-04, eta: 5:08:42, time: 0.616, data_time: 0.013, memory: 7277, loss_rpn_cls: 0.0137, loss_rpn_bbox: 0.0048, loss_cls: 0.1468, acc: 93.6607, loss_bbox: 0.1201, loss: 0.2854
2026-05-08 02:47:51,368 - mmdet - INFO - Epoch [14][50/101]	lr: 1.000e-04, eta: 5:08:31, time: 0.672, data_time: 0.065, memory: 7277, loss_rpn_cls: 0.0122, loss_rpn_bbox: 0.0043, loss_cls: 0.1335, acc: 94.2363, loss_bbox: 0.1076, loss: 0.2576
2026-05-08 02:48:22,224 - mmdet - INFO - Epoch [14][100/101]	lr: 1.000e-04, eta: 5:07:36, time: 0.617, data_time: 0.013, memory: 7277, loss_rpn_cls: 0.0120, loss_rpn_bbox: 0.0040, loss_cls: 0.1402, acc: 93.9502, loss_bbox: 0.1152, loss: 0.2713
2026-05-08 02:48:56,611 - mmdet - INFO - Epoch [15][50/101]	lr: 1.000e-04, eta: 5:07:23, time: 0.672, data_time: 0.065, memory: 7277, loss_rpn_cls: 0.0100, loss_rpn_bbox: 0.0036, loss_cls: 0.1251, acc: 94.6458, loss_bbox: 0.0977, loss: 0.2364
2026-05-08 02:49:27,496 - mmdet - INFO - Epoch [15][100/101]	lr: 1.000e-04, eta: 5:06:30, time: 0.618, data_time: 0.013, memory: 7277, loss_rpn_cls: 0.0112, loss_rpn_bbox: 0.0039, loss_cls: 0.1404, acc: 93.9746, loss_bbox: 0.1182, loss: 0.2736
2026-05-08 02:50:01,848 - mmdet - INFO - Epoch [16][50/101]	lr: 1.000e-04, eta: 5:06:16, time: 0.671, data_time: 0.065, memory: 7277, loss_rpn_cls: 0.0099, loss_rpn_bbox: 0.0036, loss_cls: 0.1203, acc: 94.8580, loss_bbox: 0.0951, loss: 0.2289
2026-05-08 02:50:32,803 - mmdet - INFO - Epoch [16][100/101]	lr: 1.000e-04, eta: 5:05:26, time: 0.619, data_time: 0.013, memory: 7277, loss_rpn_cls: 0.0132, loss_rpn_bbox: 0.0037, loss_cls: 0.1373, acc: 94.0977, loss_bbox: 0.1099, loss: 0.2641
2026-05-08 02:51:07,219 - mmdet - INFO - Epoch [17][50/101]	lr: 1.000e-04, eta: 5:05:11, time: 0.673, data_time: 0.066, memory: 7277, loss_rpn_cls: 0.0100, loss_rpn_bbox: 0.0038, loss_cls: 0.1240, acc: 94.6836, loss_bbox: 0.1028, loss: 0.2406
2026-05-08 02:51:38,171 - mmdet - INFO - Epoch [17][100/101]	lr: 1.000e-04, eta: 5:04:22, time: 0.619, data_time: 0.013, memory: 7277, loss_rpn_cls: 0.0121, loss_rpn_bbox: 0.0047, loss_cls: 0.1374, acc: 94.0527, loss_bbox: 0.1089, loss: 0.2631
2026-05-08 02:52:12,434 - mmdet - INFO - Epoch [18][50/101]	lr: 1.000e-04, eta: 5:04:04, time: 0.670, data_time: 0.065, memory: 7277, loss_rpn_cls: 0.0073, loss_rpn_bbox: 0.0032, loss_cls: 0.1088, acc: 95.2612, loss_bbox: 0.0831, loss: 0.2024
2026-05-08 02:52:43,386 - mmdet - INFO - Epoch [18][100/101]	lr: 1.000e-04, eta: 5:03:16, time: 0.619, data_time: 0.013, memory: 7277, loss_rpn_cls: 0.0107, loss_rpn_bbox: 0.0042, loss_cls: 0.1342, acc: 94.1846, loss_bbox: 0.1062, loss: 0.2553
2026-05-08 02:53:17,837 - mmdet - INFO - Epoch [19][50/101]	lr: 1.000e-04, eta: 5:03:00, time: 0.673, data_time: 0.065, memory: 7277, loss_rpn_cls: 0.0092, loss_rpn_bbox: 0.0035, loss_cls: 0.1216, acc: 94.7413, loss_bbox: 0.0927, loss: 0.2270
2026-05-08 02:53:48,627 - mmdet - INFO - Epoch [19][100/101]	lr: 1.000e-04, eta: 5:02:10, time: 0.616, data_time: 0.013, memory: 7277, loss_rpn_cls: 0.0088, loss_rpn_bbox: 0.0031, loss_cls: 0.1156, acc: 95.1271, loss_bbox: 0.0884, loss: 0.2159
2026-05-08 02:54:23,007 - mmdet - INFO - Epoch [20][50/101]	lr: 1.000e-04, eta: 5:01:52, time: 0.672, data_time: 0.065, memory: 7277, loss_rpn_cls: 0.0078, loss_rpn_bbox: 0.0034, loss_cls: 0.1160, acc: 95.0132, loss_bbox: 0.0913, loss: 0.2185
2026-05-08 02:54:53,896 - mmdet - INFO - Epoch [20][100/101]	lr: 1.000e-04, eta: 5:01:05, time: 0.618, data_time: 0.013, memory: 7277, loss_rpn_cls: 0.0094, loss_rpn_bbox: 0.0039, loss_cls: 0.1106, acc: 95.2217, loss_bbox: 0.0862, loss: 0.2101
2026-05-08 02:54:54,674 - mmdet - INFO - Saving checkpoint at 20 epochs
2026-05-08 02:55:34,086 - mmdet - INFO - Evaluating bbox...
2026-05-08 02:55:38,138 - mmdet - INFO - 
 Average Precision  (AP) @[ IoU=0.50:0.95 | area=   all | maxDets=100 ] = 0.299
 Average Precision  (AP) @[ IoU=0.50      | area=   all | maxDets=1000 ] = 0.700
 Average Precision  (AP) @[ IoU=0.75      | area=   all | maxDets=1000 ] = 0.198
 Average Precision  (AP) @[ IoU=0.50:0.95 | area= small | maxDets=1000 ] = 0.014
 Average Precision  (AP) @[ IoU=0.50:0.95 | area=medium | maxDets=1000 ] = 0.228
 Average Precision  (AP) @[ IoU=0.50:0.95 | area= large | maxDets=1000 ] = 0.370
 Average Recall     (AR) @[ IoU=0.50:0.95 | area=   all | maxDets=100 ] = 0.460
 Average Recall     (AR) @[ IoU=0.50:0.95 | area=   all | maxDets=300 ] = 0.460
 Average Recall     (AR) @[ IoU=0.50:0.95 | area=   all | maxDets=1000 ] = 0.460
 Average Recall     (AR) @[ IoU=0.50:0.95 | area= small | maxDets=1000 ] = 0.040
 Average Recall     (AR) @[ IoU=0.50:0.95 | area=medium | maxDets=1000 ] = 0.381
 Average Recall     (AR) @[ IoU=0.50:0.95 | area= large | maxDets=1000 ] = 0.543

2026-05-08 02:55:38,145 - mmdet - INFO - Exp name: fold_3_swin_t_3x_hbb.py
2026-05-08 02:55:38,145 - mmdet - INFO - Epoch(val) [20][370]	bbox_mAP: 0.2990, bbox_mAP_50: 0.7000, bbox_mAP_75: 0.1980, bbox_mAP_s: 0.0140, bbox_mAP_m: 0.2280, bbox_mAP_l: 0.3700, bbox_mAP_copypaste: 0.299 0.700 0.198 0.014 0.228 0.370
2026-05-08 02:56:11,639 - mmdet - INFO - Epoch [21][50/101]	lr: 1.000e-04, eta: 5:00:45, time: 0.670, data_time: 0.065, memory: 7277, loss_rpn_cls: 0.0063, loss_rpn_bbox: 0.0030, loss_cls: 0.1028, acc: 95.6407, loss_bbox: 0.0824, loss: 0.1944
2026-05-08 02:56:42,552 - mmdet - INFO - Epoch [21][100/101]	lr: 1.000e-04, eta: 4:59:59, time: 0.618, data_time: 0.013, memory: 7277, loss_rpn_cls: 0.0088, loss_rpn_bbox: 0.0031, loss_cls: 0.1098, acc: 95.2061, loss_bbox: 0.0815, loss: 0.2032
2026-05-08 02:57:16,851 - mmdet - INFO - Epoch [22][50/101]	lr: 1.000e-04, eta: 4:59:39, time: 0.670, data_time: 0.066, memory: 7277, loss_rpn_cls: 0.0079, loss_rpn_bbox: 0.0033, loss_cls: 0.1090, acc: 95.3126, loss_bbox: 0.0852, loss: 0.2053
2026-05-08 02:57:47,771 - mmdet - INFO - Epoch [22][100/101]	lr: 1.000e-04, eta: 4:58:54, time: 0.618, data_time: 0.013, memory: 7277, loss_rpn_cls: 0.0062, loss_rpn_bbox: 0.0033, loss_cls: 0.1041, acc: 95.5623, loss_bbox: 0.0765, loss: 0.1900
2026-05-08 02:58:22,129 - mmdet - INFO - Epoch [23][50/101]	lr: 1.000e-04, eta: 4:58:34, time: 0.672, data_time: 0.066, memory: 7277, loss_rpn_cls: 0.0055, loss_rpn_bbox: 0.0027, loss_cls: 0.1033, acc: 95.5742, loss_bbox: 0.0756, loss: 0.1871
2026-05-08 02:58:52,992 - mmdet - INFO - Epoch [23][100/101]	lr: 1.000e-04, eta: 4:57:48, time: 0.617, data_time: 0.013, memory: 7277, loss_rpn_cls: 0.0072, loss_rpn_bbox: 0.0033, loss_cls: 0.1057, acc: 95.5416, loss_bbox: 0.0815, loss: 0.1978
2026-05-08 02:59:27,266 - mmdet - INFO - Epoch [24][50/101]	lr: 1.000e-04, eta: 4:57:27, time: 0.670, data_time: 0.065, memory: 7277, loss_rpn_cls: 0.0067, loss_rpn_bbox: 0.0033, loss_cls: 0.1006, acc: 95.6901, loss_bbox: 0.0751, loss: 0.1857
2026-05-08 02:59:58,126 - mmdet - INFO - Epoch [24][100/101]	lr: 1.000e-04, eta: 4:56:42, time: 0.617, data_time: 0.013, memory: 7277, loss_rpn_cls: 0.0079, loss_rpn_bbox: 0.0034, loss_cls: 0.1030, acc: 95.5815, loss_bbox: 0.0747, loss: 0.1891
2026-05-08 03:00:32,465 - mmdet - INFO - Epoch [25][50/101]	lr: 1.000e-04, eta: 4:56:21, time: 0.671, data_time: 0.065, memory: 7277, loss_rpn_cls: 0.0070, loss_rpn_bbox: 0.0031, loss_cls: 0.1020, acc: 95.5635, loss_bbox: 0.0805, loss: 0.1926
2026-05-08 03:01:03,354 - mmdet - INFO - Epoch [25][100/101]	lr: 1.000e-04, eta: 4:55:37, time: 0.618, data_time: 0.013, memory: 7277, loss_rpn_cls: 0.0078, loss_rpn_bbox: 0.0029, loss_cls: 0.1076, acc: 95.3790, loss_bbox: 0.0774, loss: 0.1957
2026-05-08 03:01:37,676 - mmdet - INFO - Epoch [26][50/101]	lr: 1.000e-04, eta: 4:55:15, time: 0.671, data_time: 0.066, memory: 7277, loss_rpn_cls: 0.0073, loss_rpn_bbox: 0.0032, loss_cls: 0.1065, acc: 95.4629, loss_bbox: 0.0772, loss: 0.1942
2026-05-08 03:02:08,536 - mmdet - INFO - Epoch [26][100/101]	lr: 1.000e-04, eta: 4:54:31, time: 0.617, data_time: 0.013, memory: 7277, loss_rpn_cls: 0.0052, loss_rpn_bbox: 0.0029, loss_cls: 0.0992, acc: 95.7298, loss_bbox: 0.0756, loss: 0.1829
2026-05-08 03:02:42,779 - mmdet - INFO - Epoch [27][50/101]	lr: 1.000e-04, eta: 4:54:08, time: 0.669, data_time: 0.065, memory: 7277, loss_rpn_cls: 0.0047, loss_rpn_bbox: 0.0025, loss_cls: 0.0866, acc: 96.2734, loss_bbox: 0.0604, loss: 0.1542
2026-05-08 03:03:13,703 - mmdet - INFO - Epoch [27][100/101]	lr: 1.000e-04, eta: 4:53:26, time: 0.618, data_time: 0.013, memory: 7277, loss_rpn_cls: 0.0070, loss_rpn_bbox: 0.0033, loss_cls: 0.1026, acc: 95.5342, loss_bbox: 0.0759, loss: 0.1887
2026-05-08 03:03:47,931 - mmdet - INFO - Epoch [28][50/101]	lr: 1.000e-04, eta: 4:53:02, time: 0.669, data_time: 0.065, memory: 7277, loss_rpn_cls: 0.0048, loss_rpn_bbox: 0.0023, loss_cls: 0.0865, acc: 96.2930, loss_bbox: 0.0626, loss: 0.1562
2026-05-08 03:04:18,795 - mmdet - INFO - Epoch [28][100/101]	lr: 1.000e-04, eta: 4:52:20, time: 0.617, data_time: 0.013, memory: 7277, loss_rpn_cls: 0.0055, loss_rpn_bbox: 0.0033, loss_cls: 0.1003, acc: 95.7470, loss_bbox: 0.0694, loss: 0.1786
2026-05-08 03:04:53,111 - mmdet - INFO - Epoch [29][50/101]	lr: 1.000e-04, eta: 4:51:56, time: 0.671, data_time: 0.066, memory: 7277, loss_rpn_cls: 0.0056, loss_rpn_bbox: 0.0029, loss_cls: 0.0948, acc: 95.9805, loss_bbox: 0.0671, loss: 0.1704
2026-05-08 03:05:23,970 - mmdet - INFO - Epoch [29][100/101]	lr: 1.000e-04, eta: 4:51:14, time: 0.617, data_time: 0.013, memory: 7277, loss_rpn_cls: 0.0048, loss_rpn_bbox: 0.0026, loss_cls: 0.0913, acc: 96.0591, loss_bbox: 0.0637, loss: 0.1624
2026-05-08 03:05:58,390 - mmdet - INFO - Epoch [30][50/101]	lr: 1.000e-04, eta: 4:50:52, time: 0.673, data_time: 0.066, memory: 7277, loss_rpn_cls: 0.0052, loss_rpn_bbox: 0.0030, loss_cls: 0.1015, acc: 95.6684, loss_bbox: 0.0696, loss: 0.1792
2026-05-08 03:06:29,188 - mmdet - INFO - Epoch [30][100/101]	lr: 1.000e-04, eta: 4:50:09, time: 0.616, data_time: 0.013, memory: 7277, loss_rpn_cls: 0.0043, loss_rpn_bbox: 0.0021, loss_cls: 0.0774, acc: 96.7458, loss_bbox: 0.0583, loss: 0.1420
2026-05-08 03:06:29,958 - mmdet - INFO - Saving checkpoint at 30 epochs
2026-05-08 03:07:09,198 - mmdet - INFO - Evaluating bbox...
2026-05-08 03:07:12,720 - mmdet - INFO - 
 Average Precision  (AP) @[ IoU=0.50:0.95 | area=   all | maxDets=100 ] = 0.313
 Average Precision  (AP) @[ IoU=0.50      | area=   all | maxDets=1000 ] = 0.705
 Average Precision  (AP) @[ IoU=0.75      | area=   all | maxDets=1000 ] = 0.231
 Average Precision  (AP) @[ IoU=0.50:0.95 | area= small | maxDets=1000 ] = 0.016
 Average Precision  (AP) @[ IoU=0.50:0.95 | area=medium | maxDets=1000 ] = 0.245
 Average Precision  (AP) @[ IoU=0.50:0.95 | area= large | maxDets=1000 ] = 0.383
 Average Recall     (AR) @[ IoU=0.50:0.95 | area=   all | maxDets=100 ] = 0.462
 Average Recall     (AR) @[ IoU=0.50:0.95 | area=   all | maxDets=300 ] = 0.462
 Average Recall     (AR) @[ IoU=0.50:0.95 | area=   all | maxDets=1000 ] = 0.462
 Average Recall     (AR) @[ IoU=0.50:0.95 | area= small | maxDets=1000 ] = 0.040
 Average Recall     (AR) @[ IoU=0.50:0.95 | area=medium | maxDets=1000 ] = 0.389
 Average Recall     (AR) @[ IoU=0.50:0.95 | area= large | maxDets=1000 ] = 0.539

2026-05-08 03:07:12,726 - mmdet - INFO - Exp name: fold_3_swin_t_3x_hbb.py
2026-05-08 03:07:12,726 - mmdet - INFO - Epoch(val) [30][370]	bbox_mAP: 0.3130, bbox_mAP_50: 0.7050, bbox_mAP_75: 0.2310, bbox_mAP_s: 0.0160, bbox_mAP_m: 0.2450, bbox_mAP_l: 0.3830, bbox_mAP_copypaste: 0.313 0.705 0.231 0.016 0.245 0.383
2026-05-08 03:07:46,219 - mmdet - INFO - Epoch [31][50/101]	lr: 1.000e-04, eta: 4:49:45, time: 0.670, data_time: 0.065, memory: 7277, loss_rpn_cls: 0.0063, loss_rpn_bbox: 0.0034, loss_cls: 0.0966, acc: 95.9313, loss_bbox: 0.0670, loss: 0.1733
2026-05-08 03:08:16,925 - mmdet - INFO - Epoch [31][100/101]	lr: 1.000e-04, eta: 4:49:02, time: 0.614, data_time: 0.013, memory: 7277, loss_rpn_cls: 0.0039, loss_rpn_bbox: 0.0023, loss_cls: 0.0800, acc: 96.6024, loss_bbox: 0.0565, loss: 0.1428
2026-05-08 03:08:51,340 - mmdet - INFO - Epoch [32][50/101]	lr: 1.000e-04, eta: 4:48:39, time: 0.673, data_time: 0.065, memory: 7277, loss_rpn_cls: 0.0048, loss_rpn_bbox: 0.0024, loss_cls: 0.0872, acc: 96.2810, loss_bbox: 0.0598, loss: 0.1542
2026-05-08 03:09:22,199 - mmdet - INFO - Epoch [32][100/101]	lr: 1.000e-04, eta: 4:47:58, time: 0.617, data_time: 0.013, memory: 7277, loss_rpn_cls: 0.0046, loss_rpn_bbox: 0.0025, loss_cls: 0.0844, acc: 96.4603, loss_bbox: 0.0572, loss: 0.1488
2026-05-08 03:09:56,575 - mmdet - INFO - Epoch [33][50/101]	lr: 1.000e-04, eta: 4:47:34, time: 0.672, data_time: 0.065, memory: 7277, loss_rpn_cls: 0.0047, loss_rpn_bbox: 0.0029, loss_cls: 0.0866, acc: 96.3179, loss_bbox: 0.0638, loss: 0.1579
2026-05-08 03:10:27,357 - mmdet - INFO - Epoch [33][100/101]	lr: 1.000e-04, eta: 4:46:53, time: 0.616, data_time: 0.013, memory: 7277, loss_rpn_cls: 0.0041, loss_rpn_bbox: 0.0023, loss_cls: 0.0769, acc: 96.7533, loss_bbox: 0.0544, loss: 0.1377
2026-05-08 03:11:01,653 - mmdet - INFO - Epoch [34][50/101]	lr: 1.000e-04, eta: 4:46:28, time: 0.670, data_time: 0.065, memory: 7277, loss_rpn_cls: 0.0050, loss_rpn_bbox: 0.0024, loss_cls: 0.0873, acc: 96.2663, loss_bbox: 0.0608, loss: 0.1554
2026-05-08 03:11:32,393 - mmdet - INFO - Epoch [34][100/101]	lr: 1.000e-04, eta: 4:45:47, time: 0.615, data_time: 0.013, memory: 7277, loss_rpn_cls: 0.0047, loss_rpn_bbox: 0.0021, loss_cls: 0.0765, acc: 96.7413, loss_bbox: 0.0537, loss: 0.1371
2026-05-08 03:12:06,771 - mmdet - INFO - Epoch [35][50/101]	lr: 1.000e-04, eta: 4:45:22, time: 0.672, data_time: 0.066, memory: 7277, loss_rpn_cls: 0.0050, loss_rpn_bbox: 0.0026, loss_cls: 0.0901, acc: 96.1710, loss_bbox: 0.0580, loss: 0.1558
2026-05-08 03:12:37,502 - mmdet - INFO - Epoch [35][100/101]	lr: 1.000e-04, eta: 4:44:41, time: 0.615, data_time: 0.013, memory: 7277, loss_rpn_cls: 0.0034, loss_rpn_bbox: 0.0023, loss_cls: 0.0724, acc: 96.9209, loss_bbox: 0.0512, loss: 0.1292
2026-05-08 03:13:11,746 - mmdet - INFO - Epoch [36][50/101]	lr: 1.000e-04, eta: 4:44:15, time: 0.669, data_time: 0.065, memory: 7277, loss_rpn_cls: 0.0036, loss_rpn_bbox: 0.0023, loss_cls: 0.0753, acc: 96.7465, loss_bbox: 0.0532, loss: 0.1343
2026-05-08 03:13:42,543 - mmdet - INFO - Epoch [36][100/101]	lr: 1.000e-04, eta: 4:43:35, time: 0.616, data_time: 0.013, memory: 7277, loss_rpn_cls: 0.0037, loss_rpn_bbox: 0.0031, loss_cls: 0.0809, acc: 96.4715, loss_bbox: 0.0537, loss: 0.1414
2026-05-08 03:14:16,815 - mmdet - INFO - Epoch [37][50/101]	lr: 1.000e-04, eta: 4:43:09, time: 0.670, data_time: 0.066, memory: 7277, loss_rpn_cls: 0.0031, loss_rpn_bbox: 0.0023, loss_cls: 0.0696, acc: 97.0269, loss_bbox: 0.0459, loss: 0.1209
2026-05-08 03:14:47,631 - mmdet - INFO - Epoch [37][100/101]	lr: 1.000e-04, eta: 4:42:30, time: 0.616, data_time: 0.013, memory: 7277, loss_rpn_cls: 0.0043, loss_rpn_bbox: 0.0025, loss_cls: 0.0833, acc: 96.5076, loss_bbox: 0.0612, loss: 0.1512
2026-05-08 03:15:21,751 - mmdet - INFO - Epoch [38][50/101]	lr: 1.000e-04, eta: 4:42:03, time: 0.667, data_time: 0.065, memory: 7277, loss_rpn_cls: 0.0034, loss_rpn_bbox: 0.0021, loss_cls: 0.0715, acc: 96.9753, loss_bbox: 0.0465, loss: 0.1234
2026-05-08 03:15:52,670 - mmdet - INFO - Epoch [38][100/101]	lr: 1.000e-04, eta: 4:41:24, time: 0.618, data_time: 0.013, memory: 7277, loss_rpn_cls: 0.0065, loss_rpn_bbox: 0.0024, loss_cls: 0.0773, acc: 96.6979, loss_bbox: 0.0535, loss: 0.1398
2026-05-08 03:16:27,011 - mmdet - INFO - Epoch [39][50/101]	lr: 1.000e-04, eta: 4:40:58, time: 0.671, data_time: 0.065, memory: 7277, loss_rpn_cls: 0.0078, loss_rpn_bbox: 0.0025, loss_cls: 0.0786, acc: 96.6904, loss_bbox: 0.0530, loss: 0.1419
2026-05-08 03:16:57,931 - mmdet - INFO - Epoch [39][100/101]	lr: 1.000e-04, eta: 4:40:20, time: 0.618, data_time: 0.013, memory: 7277, loss_rpn_cls: 0.0081, loss_rpn_bbox: 0.0027, loss_cls: 0.0807, acc: 96.4912, loss_bbox: 0.0561, loss: 0.1475
2026-05-08 03:17:32,241 - mmdet - INFO - Epoch [40][50/101]	lr: 1.000e-04, eta: 4:39:54, time: 0.671, data_time: 0.065, memory: 7277, loss_rpn_cls: 0.0045, loss_rpn_bbox: 0.0024, loss_cls: 0.0759, acc: 96.7284, loss_bbox: 0.0513, loss: 0.1340
2026-05-08 03:18:03,076 - mmdet - INFO - Epoch [40][100/101]	lr: 1.000e-04, eta: 4:39:15, time: 0.617, data_time: 0.013, memory: 7277, loss_rpn_cls: 0.0042, loss_rpn_bbox: 0.0025, loss_cls: 0.0798, acc: 96.5662, loss_bbox: 0.0539, loss: 0.1404
2026-05-08 03:18:03,847 - mmdet - INFO - Saving checkpoint at 40 epochs
2026-05-08 03:18:43,188 - mmdet - INFO - Evaluating bbox...
2026-05-08 03:18:46,820 - mmdet - INFO - 
 Average Precision  (AP) @[ IoU=0.50:0.95 | area=   all | maxDets=100 ] = 0.318
 Average Precision  (AP) @[ IoU=0.50      | area=   all | maxDets=1000 ] = 0.706
 Average Precision  (AP) @[ IoU=0.75      | area=   all | maxDets=1000 ] = 0.246
 Average Precision  (AP) @[ IoU=0.50:0.95 | area= small | maxDets=1000 ] = 0.009
 Average Precision  (AP) @[ IoU=0.50:0.95 | area=medium | maxDets=1000 ] = 0.250
 Average Precision  (AP) @[ IoU=0.50:0.95 | area= large | maxDets=1000 ] = 0.389
 Average Recall     (AR) @[ IoU=0.50:0.95 | area=   all | maxDets=100 ] = 0.477
 Average Recall     (AR) @[ IoU=0.50:0.95 | area=   all | maxDets=300 ] = 0.477
 Average Recall     (AR) @[ IoU=0.50:0.95 | area=   all | maxDets=1000 ] = 0.477
 Average Recall     (AR) @[ IoU=0.50:0.95 | area= small | maxDets=1000 ] = 0.027
 Average Recall     (AR) @[ IoU=0.50:0.95 | area=medium | maxDets=1000 ] = 0.405
 Average Recall     (AR) @[ IoU=0.50:0.95 | area= large | maxDets=1000 ] = 0.554

2026-05-08 03:18:46,827 - mmdet - INFO - Exp name: fold_3_swin_t_3x_hbb.py
2026-05-08 03:18:46,827 - mmdet - INFO - Epoch(val) [40][370]	bbox_mAP: 0.3180, bbox_mAP_50: 0.7060, bbox_mAP_75: 0.2460, bbox_mAP_s: 0.0090, bbox_mAP_m: 0.2500, bbox_mAP_l: 0.3890, bbox_mAP_copypaste: 0.318 0.706 0.246 0.009 0.250 0.389
2026-05-08 03:19:20,173 - mmdet - INFO - Epoch [41][50/101]	lr: 1.000e-04, eta: 4:38:47, time: 0.667, data_time: 0.065, memory: 7277, loss_rpn_cls: 0.0055, loss_rpn_bbox: 0.0022, loss_cls: 0.0710, acc: 96.9115, loss_bbox: 0.0475, loss: 0.1262
2026-05-08 03:19:50,941 - mmdet - INFO - Epoch [41][100/101]	lr: 1.000e-04, eta: 4:38:08, time: 0.615, data_time: 0.013, memory: 7277, loss_rpn_cls: 0.0042, loss_rpn_bbox: 0.0022, loss_cls: 0.0734, acc: 96.8633, loss_bbox: 0.0488, loss: 0.1286
2026-05-08 03:20:25,312 - mmdet - INFO - Epoch [42][50/101]	lr: 1.000e-04, eta: 4:37:42, time: 0.672, data_time: 0.065, memory: 7277, loss_rpn_cls: 0.0045, loss_rpn_bbox: 0.0024, loss_cls: 0.0747, acc: 96.7778, loss_bbox: 0.0489, loss: 0.1306
2026-05-08 03:20:56,023 - mmdet - INFO - Epoch [42][100/101]	lr: 1.000e-04, eta: 4:37:03, time: 0.614, data_time: 0.013, memory: 7277, loss_rpn_cls: 0.0031, loss_rpn_bbox: 0.0020, loss_cls: 0.0614, acc: 97.3506, loss_bbox: 0.0435, loss: 0.1101
2026-05-08 03:21:30,357 - mmdet - INFO - Epoch [43][50/101]	lr: 1.000e-04, eta: 4:36:37, time: 0.671, data_time: 0.065, memory: 7277, loss_rpn_cls: 0.0038, loss_rpn_bbox: 0.0025, loss_cls: 0.0735, acc: 96.9008, loss_bbox: 0.0507, loss: 0.1305
2026-05-08 03:22:01,064 - mmdet - INFO - Epoch [43][100/101]	lr: 1.000e-04, eta: 4:35:58, time: 0.614, data_time: 0.013, memory: 7277, loss_rpn_cls: 0.0034, loss_rpn_bbox: 0.0018, loss_cls: 0.0588, acc: 97.4844, loss_bbox: 0.0379, loss: 0.1019
2026-05-08 03:22:35,389 - mmdet - INFO - Epoch [44][50/101]	lr: 1.000e-04, eta: 4:35:31, time: 0.671, data_time: 0.066, memory: 7277, loss_rpn_cls: 0.0031, loss_rpn_bbox: 0.0021, loss_cls: 0.0656, acc: 97.1842, loss_bbox: 0.0406, loss: 0.1114
2026-05-08 03:23:06,230 - mmdet - INFO - Epoch [44][100/101]	lr: 1.000e-04, eta: 4:34:53, time: 0.617, data_time: 0.013, memory: 7277, loss_rpn_cls: 0.0032, loss_rpn_bbox: 0.0022, loss_cls: 0.0655, acc: 97.1748, loss_bbox: 0.0440, loss: 0.1149
2026-05-08 03:23:40,584 - mmdet - INFO - Epoch [45][50/101]	lr: 1.000e-04, eta: 4:34:26, time: 0.671, data_time: 0.065, memory: 7277, loss_rpn_cls: 0.0044, loss_rpn_bbox: 0.0023, loss_cls: 0.0691, acc: 97.0126, loss_bbox: 0.0453, loss: 0.1212
2026-05-08 03:24:11,376 - mmdet - INFO - Epoch [45][100/101]	lr: 1.000e-04, eta: 4:33:48, time: 0.616, data_time: 0.013, memory: 7277, loss_rpn_cls: 0.0025, loss_rpn_bbox: 0.0016, loss_cls: 0.0609, acc: 97.4570, loss_bbox: 0.0369, loss: 0.1019
2026-05-08 03:24:45,712 - mmdet - INFO - Epoch [46][50/101]	lr: 1.000e-04, eta: 4:33:21, time: 0.671, data_time: 0.066, memory: 7277, loss_rpn_cls: 0.0029, loss_rpn_bbox: 0.0017, loss_cls: 0.0635, acc: 97.2715, loss_bbox: 0.0396, loss: 0.1076
2026-05-08 03:25:16,582 - mmdet - INFO - Epoch [46][100/101]	lr: 1.000e-04, eta: 4:32:44, time: 0.617, data_time: 0.013, memory: 7277, loss_rpn_cls: 0.0033, loss_rpn_bbox: 0.0021, loss_cls: 0.0637, acc: 97.2861, loss_bbox: 0.0410, loss: 0.1101
2026-05-08 03:25:50,922 - mmdet - INFO - Epoch [47][50/101]	lr: 1.000e-04, eta: 4:32:17, time: 0.671, data_time: 0.065, memory: 7277, loss_rpn_cls: 0.0035, loss_rpn_bbox: 0.0024, loss_cls: 0.0711, acc: 96.9625, loss_bbox: 0.0479, loss: 0.1249
2026-05-08 03:26:21,689 - mmdet - INFO - Epoch [47][100/101]	lr: 1.000e-04, eta: 4:31:39, time: 0.615, data_time: 0.013, memory: 7277, loss_rpn_cls: 0.0027, loss_rpn_bbox: 0.0019, loss_cls: 0.0589, acc: 97.4883, loss_bbox: 0.0366, loss: 0.1001
2026-05-08 03:26:55,987 - mmdet - INFO - Epoch [48][50/101]	lr: 1.000e-04, eta: 4:31:11, time: 0.670, data_time: 0.066, memory: 7277, loss_rpn_cls: 0.0035, loss_rpn_bbox: 0.0019, loss_cls: 0.0691, acc: 97.0711, loss_bbox: 0.0439, loss: 0.1183
2026-05-08 03:27:26,829 - mmdet - INFO - Epoch [48][100/101]	lr: 1.000e-04, eta: 4:30:34, time: 0.617, data_time: 0.013, memory: 7277, loss_rpn_cls: 0.0036, loss_rpn_bbox: 0.0018, loss_cls: 0.0634, acc: 97.2783, loss_bbox: 0.0396, loss: 0.1084
2026-05-08 03:28:01,199 - mmdet - INFO - Epoch [49][50/101]	lr: 1.000e-04, eta: 4:30:07, time: 0.672, data_time: 0.066, memory: 7277, loss_rpn_cls: 0.0032, loss_rpn_bbox: 0.0021, loss_cls: 0.0648, acc: 97.2794, loss_bbox: 0.0410, loss: 0.1111
2026-05-08 03:28:31,947 - mmdet - INFO - Epoch [49][100/101]	lr: 1.000e-04, eta: 4:29:29, time: 0.615, data_time: 0.013, memory: 7277, loss_rpn_cls: 0.0032, loss_rpn_bbox: 0.0017, loss_cls: 0.0611, acc: 97.3596, loss_bbox: 0.0364, loss: 0.1023
2026-05-08 03:29:06,293 - mmdet - INFO - Epoch [50][50/101]	lr: 1.000e-04, eta: 4:29:02, time: 0.672, data_time: 0.066, memory: 7277, loss_rpn_cls: 0.0035, loss_rpn_bbox: 0.0021, loss_cls: 0.0646, acc: 97.2531, loss_bbox: 0.0414, loss: 0.1116
2026-05-08 03:29:37,103 - mmdet - INFO - Epoch [50][100/101]	lr: 1.000e-04, eta: 4:28:25, time: 0.616, data_time: 0.013, memory: 7277, loss_rpn_cls: 0.0038, loss_rpn_bbox: 0.0022, loss_cls: 0.0604, acc: 97.4716, loss_bbox: 0.0379, loss: 0.1042
2026-05-08 03:29:37,866 - mmdet - INFO - Saving checkpoint at 50 epochs
2026-05-08 03:30:17,245 - mmdet - INFO - Evaluating bbox...
2026-05-08 03:30:20,682 - mmdet - INFO - 
 Average Precision  (AP) @[ IoU=0.50:0.95 | area=   all | maxDets=100 ] = 0.322
 Average Precision  (AP) @[ IoU=0.50      | area=   all | maxDets=1000 ] = 0.708
 Average Precision  (AP) @[ IoU=0.75      | area=   all | maxDets=1000 ] = 0.232
 Average Precision  (AP) @[ IoU=0.50:0.95 | area= small | maxDets=1000 ] = 0.002
 Average Precision  (AP) @[ IoU=0.50:0.95 | area=medium | maxDets=1000 ] = 0.248
 Average Precision  (AP) @[ IoU=0.50:0.95 | area= large | maxDets=1000 ] = 0.399
 Average Recall     (AR) @[ IoU=0.50:0.95 | area=   all | maxDets=100 ] = 0.466
 Average Recall     (AR) @[ IoU=0.50:0.95 | area=   all | maxDets=300 ] = 0.466
 Average Recall     (AR) @[ IoU=0.50:0.95 | area=   all | maxDets=1000 ] = 0.466
 Average Recall     (AR) @[ IoU=0.50:0.95 | area= small | maxDets=1000 ] = 0.007
 Average Recall     (AR) @[ IoU=0.50:0.95 | area=medium | maxDets=1000 ] = 0.382
 Average Recall     (AR) @[ IoU=0.50:0.95 | area= large | maxDets=1000 ] = 0.554

2026-05-08 03:30:20,688 - mmdet - INFO - Exp name: fold_3_swin_t_3x_hbb.py
2026-05-08 03:30:20,688 - mmdet - INFO - Epoch(val) [50][370]	bbox_mAP: 0.3220, bbox_mAP_50: 0.7080, bbox_mAP_75: 0.2320, bbox_mAP_s: 0.0020, bbox_mAP_m: 0.2480, bbox_mAP_l: 0.3990, bbox_mAP_copypaste: 0.322 0.708 0.232 0.002 0.248 0.399
2026-05-08 03:30:54,179 - mmdet - INFO - Epoch [51][50/101]	lr: 1.000e-04, eta: 4:27:57, time: 0.670, data_time: 0.066, memory: 7277, loss_rpn_cls: 0.0031, loss_rpn_bbox: 0.0021, loss_cls: 0.0638, acc: 97.2972, loss_bbox: 0.0380, loss: 0.1069
2026-05-08 03:31:24,889 - mmdet - INFO - Epoch [51][100/101]	lr: 1.000e-04, eta: 4:27:19, time: 0.614, data_time: 0.013, memory: 7277, loss_rpn_cls: 0.0020, loss_rpn_bbox: 0.0017, loss_cls: 0.0590, acc: 97.4746, loss_bbox: 0.0357, loss: 0.0983
2026-05-08 03:31:59,134 - mmdet - INFO - Epoch [52][50/101]	lr: 1.000e-04, eta: 4:26:51, time: 0.669, data_time: 0.065, memory: 7277, loss_rpn_cls: 0.0026, loss_rpn_bbox: 0.0022, loss_cls: 0.0603, acc: 97.4442, loss_bbox: 0.0365, loss: 0.1015
2026-05-08 03:32:30,041 - mmdet - INFO - Epoch [52][100/101]	lr: 1.000e-04, eta: 4:26:14, time: 0.618, data_time: 0.013, memory: 7277, loss_rpn_cls: 0.0038, loss_rpn_bbox: 0.0021, loss_cls: 0.0610, acc: 97.3728, loss_bbox: 0.0364, loss: 0.1033
2026-05-08 03:33:04,324 - mmdet - INFO - Epoch [53][50/101]	lr: 1.000e-04, eta: 4:25:46, time: 0.670, data_time: 0.066, memory: 7277, loss_rpn_cls: 0.0019, loss_rpn_bbox: 0.0023, loss_cls: 0.0608, acc: 97.4126, loss_bbox: 0.0370, loss: 0.1021
2026-05-08 03:33:35,171 - mmdet - INFO - Epoch [53][100/101]	lr: 1.000e-04, eta: 4:25:10, time: 0.617, data_time: 0.013, memory: 7277, loss_rpn_cls: 0.0028, loss_rpn_bbox: 0.0018, loss_cls: 0.0549, acc: 97.6289, loss_bbox: 0.0323, loss: 0.0918
2026-05-08 03:34:09,577 - mmdet - INFO - Epoch [54][50/101]	lr: 1.000e-04, eta: 4:24:42, time: 0.672, data_time: 0.066, memory: 7277, loss_rpn_cls: 0.0028, loss_rpn_bbox: 0.0019, loss_cls: 0.0607, acc: 97.4057, loss_bbox: 0.0374, loss: 0.1027
2026-05-08 03:34:40,388 - mmdet - INFO - Epoch [54][100/101]	lr: 1.000e-04, eta: 4:24:05, time: 0.616, data_time: 0.013, memory: 7277, loss_rpn_cls: 0.0044, loss_rpn_bbox: 0.0015, loss_cls: 0.0570, acc: 97.6012, loss_bbox: 0.0342, loss: 0.0972
2026-05-08 03:35:14,697 - mmdet - INFO - Epoch [55][50/101]	lr: 1.000e-04, eta: 4:23:37, time: 0.670, data_time: 0.065, memory: 7277, loss_rpn_cls: 0.0032, loss_rpn_bbox: 0.0017, loss_cls: 0.0599, acc: 97.4570, loss_bbox: 0.0344, loss: 0.0992
2026-05-08 03:35:45,557 - mmdet - INFO - Epoch [55][100/101]	lr: 1.000e-04, eta: 4:23:01, time: 0.617, data_time: 0.013, memory: 7277, loss_rpn_cls: 0.0030, loss_rpn_bbox: 0.0020, loss_cls: 0.0659, acc: 97.1782, loss_bbox: 0.0395, loss: 0.1104
2026-05-08 03:36:19,840 - mmdet - INFO - Epoch [56][50/101]	lr: 1.000e-04, eta: 4:22:33, time: 0.670, data_time: 0.066, memory: 7277, loss_rpn_cls: 0.0024, loss_rpn_bbox: 0.0018, loss_cls: 0.0614, acc: 97.2953, loss_bbox: 0.0407, loss: 0.1063
2026-05-08 03:36:50,715 - mmdet - INFO - Epoch [56][100/101]	lr: 1.000e-04, eta: 4:21:56, time: 0.617, data_time: 0.013, memory: 7277, loss_rpn_cls: 0.0023, loss_rpn_bbox: 0.0017, loss_cls: 0.0605, acc: 97.3828, loss_bbox: 0.0343, loss: 0.0988
2026-05-08 03:37:25,063 - mmdet - INFO - Epoch [57][50/101]	lr: 1.000e-04, eta: 4:21:28, time: 0.671, data_time: 0.065, memory: 7277, loss_rpn_cls: 0.0030, loss_rpn_bbox: 0.0018, loss_cls: 0.0569, acc: 97.5732, loss_bbox: 0.0342, loss: 0.0959
2026-05-08 03:37:55,932 - mmdet - INFO - Epoch [57][100/101]	lr: 1.000e-04, eta: 4:20:52, time: 0.617, data_time: 0.013, memory: 7277, loss_rpn_cls: 0.0021, loss_rpn_bbox: 0.0016, loss_cls: 0.0555, acc: 97.6227, loss_bbox: 0.0332, loss: 0.0923
2026-05-08 03:38:30,267 - mmdet - INFO - Epoch [58][50/101]	lr: 1.000e-04, eta: 4:20:24, time: 0.671, data_time: 0.065, memory: 7277, loss_rpn_cls: 0.0029, loss_rpn_bbox: 0.0016, loss_cls: 0.0539, acc: 97.7322, loss_bbox: 0.0326, loss: 0.0911
2026-05-08 03:39:01,041 - mmdet - INFO - Epoch [58][100/101]	lr: 1.000e-04, eta: 4:19:47, time: 0.615, data_time: 0.013, memory: 7277, loss_rpn_cls: 0.0023, loss_rpn_bbox: 0.0016, loss_cls: 0.0551, acc: 97.6288, loss_bbox: 0.0336, loss: 0.0927
2026-05-08 03:39:35,384 - mmdet - INFO - Epoch [59][50/101]	lr: 1.000e-04, eta: 4:19:19, time: 0.671, data_time: 0.066, memory: 7277, loss_rpn_cls: 0.0028, loss_rpn_bbox: 0.0018, loss_cls: 0.0597, acc: 97.5430, loss_bbox: 0.0362, loss: 0.1004
2026-05-08 03:40:06,270 - mmdet - INFO - Epoch [59][100/101]	lr: 1.000e-04, eta: 4:18:43, time: 0.618, data_time: 0.013, memory: 7277, loss_rpn_cls: 0.0029, loss_rpn_bbox: 0.0016, loss_cls: 0.0550, acc: 97.6379, loss_bbox: 0.0314, loss: 0.0910
2026-05-08 03:40:40,583 - mmdet - INFO - Epoch [60][50/101]	lr: 1.000e-04, eta: 4:18:14, time: 0.671, data_time: 0.066, memory: 7277, loss_rpn_cls: 0.0014, loss_rpn_bbox: 0.0015, loss_cls: 0.0499, acc: 97.8738, loss_bbox: 0.0284, loss: 0.0811
2026-05-08 03:41:11,466 - mmdet - INFO - Epoch [60][100/101]	lr: 1.000e-04, eta: 4:17:38, time: 0.618, data_time: 0.013, memory: 7277, loss_rpn_cls: 0.0039, loss_rpn_bbox: 0.0023, loss_cls: 0.0657, acc: 97.2373, loss_bbox: 0.0426, loss: 0.1145
2026-05-08 03:41:12,234 - mmdet - INFO - Saving checkpoint at 60 epochs
2026-05-08 03:41:51,672 - mmdet - INFO - Evaluating bbox...
2026-05-08 03:41:55,147 - mmdet - INFO - 
 Average Precision  (AP) @[ IoU=0.50:0.95 | area=   all | maxDets=100 ] = 0.328
 Average Precision  (AP) @[ IoU=0.50      | area=   all | maxDets=1000 ] = 0.724
 Average Precision  (AP) @[ IoU=0.75      | area=   all | maxDets=1000 ] = 0.246
 Average Precision  (AP) @[ IoU=0.50:0.95 | area= small | maxDets=1000 ] = 0.008
 Average Precision  (AP) @[ IoU=0.50:0.95 | area=medium | maxDets=1000 ] = 0.259
 Average Precision  (AP) @[ IoU=0.50:0.95 | area= large | maxDets=1000 ] = 0.396
 Average Recall     (AR) @[ IoU=0.50:0.95 | area=   all | maxDets=100 ] = 0.476
 Average Recall     (AR) @[ IoU=0.50:0.95 | area=   all | maxDets=300 ] = 0.476
 Average Recall     (AR) @[ IoU=0.50:0.95 | area=   all | maxDets=1000 ] = 0.476
 Average Recall     (AR) @[ IoU=0.50:0.95 | area= small | maxDets=1000 ] = 0.040
 Average Recall     (AR) @[ IoU=0.50:0.95 | area=medium | maxDets=1000 ] = 0.401
 Average Recall     (AR) @[ IoU=0.50:0.95 | area= large | maxDets=1000 ] = 0.555

2026-05-08 03:41:55,152 - mmdet - INFO - Exp name: fold_3_swin_t_3x_hbb.py
2026-05-08 03:41:55,153 - mmdet - INFO - Epoch(val) [60][370]	bbox_mAP: 0.3280, bbox_mAP_50: 0.7240, bbox_mAP_75: 0.2460, bbox_mAP_s: 0.0080, bbox_mAP_m: 0.2590, bbox_mAP_l: 0.3960, bbox_mAP_copypaste: 0.328 0.724 0.246 0.008 0.259 0.396
2026-05-08 03:42:28,606 - mmdet - INFO - Epoch [61][50/101]	lr: 1.000e-04, eta: 4:17:10, time: 0.669, data_time: 0.065, memory: 7277, loss_rpn_cls: 0.0033, loss_rpn_bbox: 0.0018, loss_cls: 0.0547, acc: 97.6777, loss_bbox: 0.0321, loss: 0.0920
2026-05-08 03:42:59,394 - mmdet - INFO - Epoch [61][100/101]	lr: 1.000e-04, eta: 4:16:33, time: 0.616, data_time: 0.013, memory: 7277, loss_rpn_cls: 0.0022, loss_rpn_bbox: 0.0017, loss_cls: 0.0520, acc: 97.7305, loss_bbox: 0.0308, loss: 0.0868
2026-05-08 03:43:33,655 - mmdet - INFO - Epoch [62][50/101]	lr: 1.000e-04, eta: 4:16:04, time: 0.669, data_time: 0.065, memory: 7277, loss_rpn_cls: 0.0023, loss_rpn_bbox: 0.0014, loss_cls: 0.0525, acc: 97.7742, loss_bbox: 0.0312, loss: 0.0874
2026-05-08 03:44:04,407 - mmdet - INFO - Epoch [62][100/101]	lr: 1.000e-04, eta: 4:15:28, time: 0.615, data_time: 0.013, memory: 7277, loss_rpn_cls: 0.0036, loss_rpn_bbox: 0.0018, loss_cls: 0.0575, acc: 97.5889, loss_bbox: 0.0356, loss: 0.0985
2026-05-08 03:44:38,538 - mmdet - INFO - Epoch [63][50/101]	lr: 1.000e-04, eta: 4:14:59, time: 0.667, data_time: 0.066, memory: 7277, loss_rpn_cls: 0.0022, loss_rpn_bbox: 0.0015, loss_cls: 0.0517, acc: 97.8379, loss_bbox: 0.0291, loss: 0.0845
2026-05-08 03:45:09,355 - mmdet - INFO - Epoch [63][100/101]	lr: 1.000e-04, eta: 4:14:23, time: 0.616, data_time: 0.013, memory: 7277, loss_rpn_cls: 0.0031, loss_rpn_bbox: 0.0022, loss_cls: 0.0555, acc: 97.6596, loss_bbox: 0.0359, loss: 0.0966
2026-05-08 03:45:43,494 - mmdet - INFO - Epoch [64][50/101]	lr: 1.000e-04, eta: 4:13:53, time: 0.667, data_time: 0.065, memory: 7277, loss_rpn_cls: 0.0028, loss_rpn_bbox: 0.0017, loss_cls: 0.0543, acc: 97.6821, loss_bbox: 0.0319, loss: 0.0907
2026-05-08 03:46:14,329 - mmdet - INFO - Epoch [64][100/101]	lr: 1.000e-04, eta: 4:13:18, time: 0.617, data_time: 0.013, memory: 7277, loss_rpn_cls: 0.0024, loss_rpn_bbox: 0.0017, loss_cls: 0.0586, acc: 97.5660, loss_bbox: 0.0339, loss: 0.0966
2026-05-08 03:46:48,541 - mmdet - INFO - Epoch [65][50/101]	lr: 1.000e-04, eta: 4:12:48, time: 0.668, data_time: 0.065, memory: 7277, loss_rpn_cls: 0.0025, loss_rpn_bbox: 0.0014, loss_cls: 0.0551, acc: 97.6498, loss_bbox: 0.0301, loss: 0.0891
2026-05-08 03:47:19,357 - mmdet - INFO - Epoch [65][100/101]	lr: 1.000e-04, eta: 4:12:13, time: 0.616, data_time: 0.013, memory: 7277, loss_rpn_cls: 0.0020, loss_rpn_bbox: 0.0018, loss_cls: 0.0556, acc: 97.6461, loss_bbox: 0.0329, loss: 0.0922
2026-05-08 03:47:53,539 - mmdet - INFO - Epoch [66][50/101]	lr: 1.000e-04, eta: 4:11:43, time: 0.668, data_time: 0.066, memory: 7277, loss_rpn_cls: 0.0026, loss_rpn_bbox: 0.0017, loss_cls: 0.0527, acc: 97.7510, loss_bbox: 0.0308, loss: 0.0877
2026-05-08 03:48:24,356 - mmdet - INFO - Epoch [66][100/101]	lr: 1.000e-04, eta: 4:11:08, time: 0.616, data_time: 0.013, memory: 7277, loss_rpn_cls: 0.0021, loss_rpn_bbox: 0.0017, loss_cls: 0.0520, acc: 97.8039, loss_bbox: 0.0317, loss: 0.0874
2026-05-08 03:48:58,571 - mmdet - INFO - Epoch [67][50/101]	lr: 1.000e-04, eta: 4:10:38, time: 0.669, data_time: 0.065, memory: 7277, loss_rpn_cls: 0.0021, loss_rpn_bbox: 0.0014, loss_cls: 0.0503, acc: 97.8072, loss_bbox: 0.0290, loss: 0.0828
2026-05-08 03:49:29,379 - mmdet - INFO - Epoch [67][100/101]	lr: 1.000e-04, eta: 4:10:03, time: 0.616, data_time: 0.013, memory: 7277, loss_rpn_cls: 0.0017, loss_rpn_bbox: 0.0016, loss_cls: 0.0494, acc: 97.8965, loss_bbox: 0.0293, loss: 0.0819
2026-05-08 03:50:03,635 - mmdet - INFO - Epoch [68][50/101]	lr: 1.000e-04, eta: 4:09:34, time: 0.669, data_time: 0.065, memory: 7277, loss_rpn_cls: 0.0023, loss_rpn_bbox: 0.0017, loss_cls: 0.0478, acc: 97.9756, loss_bbox: 0.0293, loss: 0.0810
2026-05-08 03:50:34,414 - mmdet - INFO - Epoch [68][100/101]	lr: 1.000e-04, eta: 4:08:58, time: 0.616, data_time: 0.013, memory: 7277, loss_rpn_cls: 0.0025, loss_rpn_bbox: 0.0016, loss_cls: 0.0538, acc: 97.7127, loss_bbox: 0.0338, loss: 0.0917
2026-05-08 03:51:08,720 - mmdet - INFO - Epoch [69][50/101]	lr: 1.000e-04, eta: 4:08:29, time: 0.670, data_time: 0.066, memory: 7277, loss_rpn_cls: 0.0015, loss_rpn_bbox: 0.0017, loss_cls: 0.0491, acc: 97.8989, loss_bbox: 0.0268, loss: 0.0791
2026-05-08 03:51:39,498 - mmdet - INFO - Epoch [69][100/101]	lr: 1.000e-04, eta: 4:07:53, time: 0.616, data_time: 0.013, memory: 7277, loss_rpn_cls: 0.0018, loss_rpn_bbox: 0.0017, loss_cls: 0.0483, acc: 97.9246, loss_bbox: 0.0272, loss: 0.0790
2026-05-08 03:52:13,776 - mmdet - INFO - Epoch [70][50/101]	lr: 1.000e-04, eta: 4:07:24, time: 0.670, data_time: 0.065, memory: 7277, loss_rpn_cls: 0.0023, loss_rpn_bbox: 0.0016, loss_cls: 0.0496, acc: 97.9258, loss_bbox: 0.0277, loss: 0.0813
2026-05-08 03:52:44,563 - mmdet - INFO - Epoch [70][100/101]	lr: 1.000e-04, eta: 4:06:49, time: 0.616, data_time: 0.013, memory: 7277, loss_rpn_cls: 0.0029, loss_rpn_bbox: 0.0014, loss_cls: 0.0508, acc: 97.8544, loss_bbox: 0.0286, loss: 0.0836
2026-05-08 03:52:45,331 - mmdet - INFO - Saving checkpoint at 70 epochs
2026-05-08 03:53:24,771 - mmdet - INFO - Evaluating bbox...
2026-05-08 03:53:28,158 - mmdet - INFO - 
 Average Precision  (AP) @[ IoU=0.50:0.95 | area=   all | maxDets=100 ] = 0.320
 Average Precision  (AP) @[ IoU=0.50      | area=   all | maxDets=1000 ] = 0.710
 Average Precision  (AP) @[ IoU=0.75      | area=   all | maxDets=1000 ] = 0.239
 Average Precision  (AP) @[ IoU=0.50:0.95 | area= small | maxDets=1000 ] = 0.007
 Average Precision  (AP) @[ IoU=0.50:0.95 | area=medium | maxDets=1000 ] = 0.250
 Average Precision  (AP) @[ IoU=0.50:0.95 | area= large | maxDets=1000 ] = 0.392
 Average Recall     (AR) @[ IoU=0.50:0.95 | area=   all | maxDets=100 ] = 0.463
 Average Recall     (AR) @[ IoU=0.50:0.95 | area=   all | maxDets=300 ] = 0.463
 Average Recall     (AR) @[ IoU=0.50:0.95 | area=   all | maxDets=1000 ] = 0.463
 Average Recall     (AR) @[ IoU=0.50:0.95 | area= small | maxDets=1000 ] = 0.033
 Average Recall     (AR) @[ IoU=0.50:0.95 | area=medium | maxDets=1000 ] = 0.387
 Average Recall     (AR) @[ IoU=0.50:0.95 | area= large | maxDets=1000 ] = 0.544

2026-05-08 03:53:28,163 - mmdet - INFO - Exp name: fold_3_swin_t_3x_hbb.py
2026-05-08 03:53:28,163 - mmdet - INFO - Epoch(val) [70][370]	bbox_mAP: 0.3200, bbox_mAP_50: 0.7100, bbox_mAP_75: 0.2390, bbox_mAP_s: 0.0070, bbox_mAP_m: 0.2500, bbox_mAP_l: 0.3920, bbox_mAP_copypaste: 0.320 0.710 0.239 0.007 0.250 0.392
2026-05-08 03:54:01,649 - mmdet - INFO - Epoch [71][50/101]	lr: 1.000e-04, eta: 4:06:19, time: 0.669, data_time: 0.066, memory: 7277, loss_rpn_cls: 0.0019, loss_rpn_bbox: 0.0014, loss_cls: 0.0479, acc: 97.9990, loss_bbox: 0.0257, loss: 0.0768
2026-05-08 03:54:32,480 - mmdet - INFO - Epoch [71][100/101]	lr: 1.000e-04, eta: 4:05:44, time: 0.617, data_time: 0.013, memory: 7277, loss_rpn_cls: 0.0026, loss_rpn_bbox: 0.0018, loss_cls: 0.0543, acc: 97.7265, loss_bbox: 0.0329, loss: 0.0916
2026-05-08 03:55:06,746 - mmdet - INFO - Epoch [72][50/101]	lr: 1.000e-04, eta: 4:05:14, time: 0.670, data_time: 0.066, memory: 7277, loss_rpn_cls: 0.0024, loss_rpn_bbox: 0.0018, loss_cls: 0.0550, acc: 97.5992, loss_bbox: 0.0314, loss: 0.0907
2026-05-08 03:55:37,416 - mmdet - INFO - Epoch [72][100/101]	lr: 1.000e-04, eta: 4:04:39, time: 0.613, data_time: 0.013, memory: 7277, loss_rpn_cls: 0.0018, loss_rpn_bbox: 0.0012, loss_cls: 0.0436, acc: 98.1915, loss_bbox: 0.0252, loss: 0.0718
2026-05-08 03:56:11,717 - mmdet - INFO - Epoch [73][50/101]	lr: 1.000e-04, eta: 4:04:09, time: 0.670, data_time: 0.067, memory: 7277, loss_rpn_cls: 0.0020, loss_rpn_bbox: 0.0015, loss_cls: 0.0516, acc: 97.7809, loss_bbox: 0.0299, loss: 0.0849
2026-05-08 03:56:42,543 - mmdet - INFO - Epoch [73][100/101]	lr: 1.000e-04, eta: 4:03:34, time: 0.617, data_time: 0.013, memory: 7277, loss_rpn_cls: 0.0024, loss_rpn_bbox: 0.0015, loss_cls: 0.0506, acc: 97.8057, loss_bbox: 0.0288, loss: 0.0833
2026-05-08 03:57:16,788 - mmdet - INFO - Epoch [74][50/101]	lr: 1.000e-04, eta: 4:03:05, time: 0.669, data_time: 0.066, memory: 7277, loss_rpn_cls: 0.0019, loss_rpn_bbox: 0.0019, loss_cls: 0.0569, acc: 97.5703, loss_bbox: 0.0369, loss: 0.0977
2026-05-08 03:57:47,610 - mmdet - INFO - Epoch [74][100/101]	lr: 1.000e-04, eta: 4:02:30, time: 0.616, data_time: 0.013, memory: 7277, loss_rpn_cls: 0.0027, loss_rpn_bbox: 0.0017, loss_cls: 0.0543, acc: 97.7337, loss_bbox: 0.0308, loss: 0.0895
2026-05-08 03:58:21,743 - mmdet - INFO - Epoch [75][50/101]	lr: 1.000e-04, eta: 4:02:00, time: 0.667, data_time: 0.065, memory: 7277, loss_rpn_cls: 0.0013, loss_rpn_bbox: 0.0012, loss_cls: 0.0419, acc: 98.1924, loss_bbox: 0.0221, loss: 0.0665
2026-05-08 03:58:52,606 - mmdet - INFO - Epoch [75][100/101]	lr: 1.000e-04, eta: 4:01:25, time: 0.617, data_time: 0.013, memory: 7277, loss_rpn_cls: 0.0029, loss_rpn_bbox: 0.0019, loss_cls: 0.0562, acc: 97.5838, loss_bbox: 0.0321, loss: 0.0930
2026-05-08 03:59:26,841 - mmdet - INFO - Epoch [76][50/101]	lr: 1.000e-04, eta: 4:00:55, time: 0.669, data_time: 0.066, memory: 7277, loss_rpn_cls: 0.0019, loss_rpn_bbox: 0.0015, loss_cls: 0.0450, acc: 98.0379, loss_bbox: 0.0269, loss: 0.0753
2026-05-08 03:59:57,636 - mmdet - INFO - Epoch [76][100/101]	lr: 1.000e-04, eta: 4:00:20, time: 0.616, data_time: 0.013, memory: 7277, loss_rpn_cls: 0.0019, loss_rpn_bbox: 0.0016, loss_cls: 0.0514, acc: 97.8086, loss_bbox: 0.0284, loss: 0.0832
2026-05-08 04:00:31,899 - mmdet - INFO - Epoch [77][50/101]	lr: 1.000e-04, eta: 3:59:50, time: 0.670, data_time: 0.065, memory: 7277, loss_rpn_cls: 0.0024, loss_rpn_bbox: 0.0014, loss_cls: 0.0480, acc: 97.9359, loss_bbox: 0.0255, loss: 0.0774
2026-05-08 04:01:02,698 - mmdet - INFO - Epoch [77][100/101]	lr: 1.000e-04, eta: 3:59:15, time: 0.616, data_time: 0.013, memory: 7277, loss_rpn_cls: 0.0033, loss_rpn_bbox: 0.0017, loss_cls: 0.0521, acc: 97.8174, loss_bbox: 0.0300, loss: 0.0870
2026-05-08 04:01:36,988 - mmdet - INFO - Epoch [78][50/101]	lr: 1.000e-04, eta: 3:58:46, time: 0.670, data_time: 0.066, memory: 7277, loss_rpn_cls: 0.0029, loss_rpn_bbox: 0.0016, loss_cls: 0.0511, acc: 97.8311, loss_bbox: 0.0287, loss: 0.0842
2026-05-08 04:02:07,676 - mmdet - INFO - Epoch [78][100/101]	lr: 1.000e-04, eta: 3:58:10, time: 0.614, data_time: 0.013, memory: 7277, loss_rpn_cls: 0.0012, loss_rpn_bbox: 0.0012, loss_cls: 0.0447, acc: 98.0605, loss_bbox: 0.0231, loss: 0.0702
2026-05-08 04:02:41,753 - mmdet - INFO - Epoch [79][50/101]	lr: 1.000e-04, eta: 3:57:40, time: 0.666, data_time: 0.065, memory: 7277, loss_rpn_cls: 0.0013, loss_rpn_bbox: 0.0012, loss_cls: 0.0406, acc: 98.2781, loss_bbox: 0.0231, loss: 0.0663
2026-05-08 04:03:12,590 - mmdet - INFO - Epoch [79][100/101]	lr: 1.000e-04, eta: 3:57:05, time: 0.617, data_time: 0.013, memory: 7277, loss_rpn_cls: 0.0024, loss_rpn_bbox: 0.0016, loss_cls: 0.0531, acc: 97.7381, loss_bbox: 0.0280, loss: 0.0851
2026-05-08 04:03:46,826 - mmdet - INFO - Epoch [80][50/101]	lr: 1.000e-04, eta: 3:56:35, time: 0.669, data_time: 0.065, memory: 7277, loss_rpn_cls: 0.0022, loss_rpn_bbox: 0.0015, loss_cls: 0.0496, acc: 97.8699, loss_bbox: 0.0281, loss: 0.0815
2026-05-08 04:04:17,592 - mmdet - INFO - Epoch [80][100/101]	lr: 1.000e-04, eta: 3:56:01, time: 0.615, data_time: 0.013, memory: 7277, loss_rpn_cls: 0.0023, loss_rpn_bbox: 0.0017, loss_cls: 0.0494, acc: 97.9170, loss_bbox: 0.0288, loss: 0.0823
2026-05-08 04:04:18,363 - mmdet - INFO - Saving checkpoint at 80 epochs
2026-05-08 04:04:57,838 - mmdet - INFO - Evaluating bbox...
2026-05-08 04:05:01,388 - mmdet - INFO - 
 Average Precision  (AP) @[ IoU=0.50:0.95 | area=   all | maxDets=100 ] = 0.313
 Average Precision  (AP) @[ IoU=0.50      | area=   all | maxDets=1000 ] = 0.706
 Average Precision  (AP) @[ IoU=0.75      | area=   all | maxDets=1000 ] = 0.241
 Average Precision  (AP) @[ IoU=0.50:0.95 | area= small | maxDets=1000 ] = 0.000
 Average Precision  (AP) @[ IoU=0.50:0.95 | area=medium | maxDets=1000 ] = 0.237
 Average Precision  (AP) @[ IoU=0.50:0.95 | area= large | maxDets=1000 ] = 0.400
 Average Recall     (AR) @[ IoU=0.50:0.95 | area=   all | maxDets=100 ] = 0.465
 Average Recall     (AR) @[ IoU=0.50:0.95 | area=   all | maxDets=300 ] = 0.465
 Average Recall     (AR) @[ IoU=0.50:0.95 | area=   all | maxDets=1000 ] = 0.465
 Average Recall     (AR) @[ IoU=0.50:0.95 | area= small | maxDets=1000 ] = 0.000
 Average Recall     (AR) @[ IoU=0.50:0.95 | area=medium | maxDets=1000 ] = 0.396
 Average Recall     (AR) @[ IoU=0.50:0.95 | area= large | maxDets=1000 ] = 0.540

2026-05-08 04:05:01,393 - mmdet - INFO - Exp name: fold_3_swin_t_3x_hbb.py
2026-05-08 04:05:01,394 - mmdet - INFO - Epoch(val) [80][370]	bbox_mAP: 0.3130, bbox_mAP_50: 0.7060, bbox_mAP_75: 0.2410, bbox_mAP_s: 0.0000, bbox_mAP_m: 0.2370, bbox_mAP_l: 0.4000, bbox_mAP_copypaste: 0.313 0.706 0.241 0.000 0.237 0.400
2026-05-08 04:05:34,822 - mmdet - INFO - Epoch [81][50/101]	lr: 1.000e-04, eta: 3:55:31, time: 0.668, data_time: 0.065, memory: 7277, loss_rpn_cls: 0.0032, loss_rpn_bbox: 0.0015, loss_cls: 0.0489, acc: 97.9405, loss_bbox: 0.0280, loss: 0.0816
2026-05-08 04:06:05,564 - mmdet - INFO - Epoch [81][100/101]	lr: 1.000e-04, eta: 3:54:56, time: 0.615, data_time: 0.013, memory: 7277, loss_rpn_cls: 0.0017, loss_rpn_bbox: 0.0015, loss_cls: 0.0490, acc: 97.8740, loss_bbox: 0.0244, loss: 0.0765
2026-05-08 04:06:39,779 - mmdet - INFO - Epoch [82][50/101]	lr: 1.000e-04, eta: 3:54:26, time: 0.669, data_time: 0.066, memory: 7277, loss_rpn_cls: 0.0019, loss_rpn_bbox: 0.0014, loss_cls: 0.0497, acc: 97.8496, loss_bbox: 0.0269, loss: 0.0799
2026-05-08 04:07:10,537 - mmdet - INFO - Epoch [82][100/101]	lr: 1.000e-04, eta: 3:53:51, time: 0.615, data_time: 0.013, memory: 7277, loss_rpn_cls: 0.0019, loss_rpn_bbox: 0.0017, loss_cls: 0.0511, acc: 97.8355, loss_bbox: 0.0272, loss: 0.0819
2026-05-08 04:07:44,910 - mmdet - INFO - Epoch [83][50/101]	lr: 1.000e-04, eta: 3:53:21, time: 0.672, data_time: 0.066, memory: 7277, loss_rpn_cls: 0.0033, loss_rpn_bbox: 0.0017, loss_cls: 0.0540, acc: 97.6897, loss_bbox: 0.0286, loss: 0.0876
2026-05-08 04:08:15,690 - mmdet - INFO - Epoch [83][100/101]	lr: 1.000e-04, eta: 3:52:47, time: 0.616, data_time: 0.013, memory: 7277, loss_rpn_cls: 0.0020, loss_rpn_bbox: 0.0012, loss_cls: 0.0429, acc: 98.1768, loss_bbox: 0.0217, loss: 0.0677
2026-05-08 04:08:50,055 - mmdet - INFO - Epoch [84][50/101]	lr: 1.000e-04, eta: 3:52:17, time: 0.671, data_time: 0.066, memory: 7277, loss_rpn_cls: 0.0019, loss_rpn_bbox: 0.0016, loss_cls: 0.0478, acc: 97.9620, loss_bbox: 0.0283, loss: 0.0796
2026-05-08 04:09:20,724 - mmdet - INFO - Epoch [84][100/101]	lr: 1.000e-04, eta: 3:51:42, time: 0.613, data_time: 0.013, memory: 7277, loss_rpn_cls: 0.0025, loss_rpn_bbox: 0.0011, loss_cls: 0.0440, acc: 98.1387, loss_bbox: 0.0233, loss: 0.0710
2026-05-08 04:09:54,962 - mmdet - INFO - Epoch [85][50/101]	lr: 1.000e-04, eta: 3:51:12, time: 0.669, data_time: 0.065, memory: 7277, loss_rpn_cls: 0.0021, loss_rpn_bbox: 0.0015, loss_cls: 0.0482, acc: 97.9744, loss_bbox: 0.0263, loss: 0.0780
2026-05-08 04:10:25,716 - mmdet - INFO - Epoch [85][100/101]	lr: 1.000e-04, eta: 3:50:37, time: 0.615, data_time: 0.013, memory: 7277, loss_rpn_cls: 0.0019, loss_rpn_bbox: 0.0015, loss_cls: 0.0440, acc: 98.1221, loss_bbox: 0.0238, loss: 0.0712
2026-05-08 04:10:59,928 - mmdet - INFO - Epoch [86][50/101]	lr: 1.000e-04, eta: 3:50:07, time: 0.669, data_time: 0.065, memory: 7277, loss_rpn_cls: 0.0029, loss_rpn_bbox: 0.0015, loss_cls: 0.0485, acc: 97.9639, loss_bbox: 0.0274, loss: 0.0803
2026-05-08 04:11:30,788 - mmdet - INFO - Epoch [86][100/101]	lr: 1.000e-04, eta: 3:49:33, time: 0.617, data_time: 0.013, memory: 7277, loss_rpn_cls: 0.0033, loss_rpn_bbox: 0.0018, loss_cls: 0.0537, acc: 97.7521, loss_bbox: 0.0291, loss: 0.0878
2026-05-08 04:12:05,005 - mmdet - INFO - Epoch [87][50/101]	lr: 1.000e-04, eta: 3:49:02, time: 0.669, data_time: 0.066, memory: 7277, loss_rpn_cls: 0.0017, loss_rpn_bbox: 0.0016, loss_cls: 0.0463, acc: 97.9877, loss_bbox: 0.0250, loss: 0.0746
2026-05-08 04:12:35,628 - mmdet - INFO - Epoch [87][100/101]	lr: 1.000e-04, eta: 3:48:27, time: 0.612, data_time: 0.013, memory: 7277, loss_rpn_cls: 0.0017, loss_rpn_bbox: 0.0014, loss_cls: 0.0440, acc: 98.1216, loss_bbox: 0.0247, loss: 0.0717
2026-05-08 04:13:09,834 - mmdet - INFO - Epoch [88][50/101]	lr: 1.000e-04, eta: 3:47:57, time: 0.669, data_time: 0.066, memory: 7277, loss_rpn_cls: 0.0015, loss_rpn_bbox: 0.0014, loss_cls: 0.0458, acc: 98.0511, loss_bbox: 0.0256, loss: 0.0743
2026-05-08 04:13:41,016 - mmdet - INFO - Epoch [88][100/101]	lr: 1.000e-04, eta: 3:47:24, time: 0.624, data_time: 0.013, memory: 7277, loss_rpn_cls: 0.0015, loss_rpn_bbox: 0.0012, loss_cls: 0.0433, acc: 98.1152, loss_bbox: 0.0228, loss: 0.0688
2026-05-08 04:14:15,706 - mmdet - INFO - Epoch [89][50/101]	lr: 1.000e-04, eta: 3:46:55, time: 0.678, data_time: 0.066, memory: 7277, loss_rpn_cls: 0.0023, loss_rpn_bbox: 0.0013, loss_cls: 0.0458, acc: 98.0339, loss_bbox: 0.0231, loss: 0.0725
2026-05-08 04:14:46,660 - mmdet - INFO - Epoch [89][100/101]	lr: 1.000e-04, eta: 3:46:21, time: 0.619, data_time: 0.013, memory: 7277, loss_rpn_cls: 0.0077, loss_rpn_bbox: 0.0019, loss_cls: 0.0571, acc: 97.6318, loss_bbox: 0.0292, loss: 0.0959
2026-05-08 04:15:20,994 - mmdet - INFO - Epoch [90][50/101]	lr: 1.000e-04, eta: 3:45:51, time: 0.671, data_time: 0.065, memory: 7277, loss_rpn_cls: 0.0030, loss_rpn_bbox: 0.0017, loss_cls: 0.0505, acc: 97.8252, loss_bbox: 0.0294, loss: 0.0847
2026-05-08 04:15:51,888 - mmdet - INFO - Epoch [90][100/101]	lr: 1.000e-04, eta: 3:45:16, time: 0.618, data_time: 0.013, memory: 7277, loss_rpn_cls: 0.0022, loss_rpn_bbox: 0.0015, loss_cls: 0.0514, acc: 97.8141, loss_bbox: 0.0275, loss: 0.0826
2026-05-08 04:15:52,665 - mmdet - INFO - Saving checkpoint at 90 epochs
2026-05-08 04:16:32,112 - mmdet - INFO - Evaluating bbox...
2026-05-08 04:16:35,728 - mmdet - INFO - 
 Average Precision  (AP) @[ IoU=0.50:0.95 | area=   all | maxDets=100 ] = 0.327
 Average Precision  (AP) @[ IoU=0.50      | area=   all | maxDets=1000 ] = 0.720
 Average Precision  (AP) @[ IoU=0.75      | area=   all | maxDets=1000 ] = 0.256
 Average Precision  (AP) @[ IoU=0.50:0.95 | area= small | maxDets=1000 ] = 0.004
 Average Precision  (AP) @[ IoU=0.50:0.95 | area=medium | maxDets=1000 ] = 0.263
 Average Precision  (AP) @[ IoU=0.50:0.95 | area= large | maxDets=1000 ] = 0.395
 Average Recall     (AR) @[ IoU=0.50:0.95 | area=   all | maxDets=100 ] = 0.477
 Average Recall     (AR) @[ IoU=0.50:0.95 | area=   all | maxDets=300 ] = 0.477
 Average Recall     (AR) @[ IoU=0.50:0.95 | area=   all | maxDets=1000 ] = 0.477
 Average Recall     (AR) @[ IoU=0.50:0.95 | area= small | maxDets=1000 ] = 0.013
 Average Recall     (AR) @[ IoU=0.50:0.95 | area=medium | maxDets=1000 ] = 0.412
 Average Recall     (AR) @[ IoU=0.50:0.95 | area= large | maxDets=1000 ] = 0.546

2026-05-08 04:16:35,734 - mmdet - INFO - Exp name: fold_3_swin_t_3x_hbb.py
2026-05-08 04:16:35,734 - mmdet - INFO - Epoch(val) [90][370]	bbox_mAP: 0.3270, bbox_mAP_50: 0.7200, bbox_mAP_75: 0.2560, bbox_mAP_s: 0.0040, bbox_mAP_m: 0.2630, bbox_mAP_l: 0.3950, bbox_mAP_copypaste: 0.327 0.720 0.256 0.004 0.263 0.395
2026-05-08 04:17:09,265 - mmdet - INFO - Epoch [91][50/101]	lr: 1.000e-04, eta: 3:44:46, time: 0.670, data_time: 0.065, memory: 7277, loss_rpn_cls: 0.0071, loss_rpn_bbox: 0.0014, loss_cls: 0.0612, acc: 97.4676, loss_bbox: 0.0267, loss: 0.0964
2026-05-08 04:17:40,069 - mmdet - INFO - Epoch [91][100/101]	lr: 1.000e-04, eta: 3:44:12, time: 0.616, data_time: 0.013, memory: 7277, loss_rpn_cls: 0.0052, loss_rpn_bbox: 0.0020, loss_cls: 0.0636, acc: 97.3408, loss_bbox: 0.0327, loss: 0.1035
2026-05-08 04:18:14,379 - mmdet - INFO - Epoch [92][50/101]	lr: 1.000e-04, eta: 3:43:42, time: 0.670, data_time: 0.066, memory: 7277, loss_rpn_cls: 0.0036, loss_rpn_bbox: 0.0014, loss_cls: 0.0456, acc: 98.0350, loss_bbox: 0.0256, loss: 0.0762
2026-05-08 04:18:45,270 - mmdet - INFO - Epoch [92][100/101]	lr: 1.000e-04, eta: 3:43:08, time: 0.618, data_time: 0.013, memory: 7277, loss_rpn_cls: 0.0041, loss_rpn_bbox: 0.0017, loss_cls: 0.0561, acc: 97.6582, loss_bbox: 0.0309, loss: 0.0929
2026-05-08 04:19:19,516 - mmdet - INFO - Epoch [93][50/101]	lr: 1.000e-04, eta: 3:42:37, time: 0.669, data_time: 0.066, memory: 7277, loss_rpn_cls: 0.0020, loss_rpn_bbox: 0.0014, loss_cls: 0.0419, acc: 98.1922, loss_bbox: 0.0229, loss: 0.0681
2026-05-08 04:19:50,305 - mmdet - INFO - Epoch [93][100/101]	lr: 1.000e-04, eta: 3:42:03, time: 0.616, data_time: 0.013, memory: 7277, loss_rpn_cls: 0.0033, loss_rpn_bbox: 0.0016, loss_cls: 0.0494, acc: 97.8984, loss_bbox: 0.0272, loss: 0.0816
2026-05-08 04:20:24,493 - mmdet - INFO - Epoch [94][50/101]	lr: 1.000e-04, eta: 3:41:33, time: 0.668, data_time: 0.065, memory: 7277, loss_rpn_cls: 0.0021, loss_rpn_bbox: 0.0014, loss_cls: 0.0440, acc: 98.1016, loss_bbox: 0.0231, loss: 0.0705
2026-05-08 04:20:55,352 - mmdet - INFO - Epoch [94][100/101]	lr: 1.000e-04, eta: 3:40:59, time: 0.617, data_time: 0.013, memory: 7277, loss_rpn_cls: 0.0029, loss_rpn_bbox: 0.0016, loss_cls: 0.0487, acc: 97.9471, loss_bbox: 0.0250, loss: 0.0782
2026-05-08 04:21:29,595 - mmdet - INFO - Epoch [95][50/101]	lr: 1.000e-04, eta: 3:40:28, time: 0.669, data_time: 0.065, memory: 7277, loss_rpn_cls: 0.0017, loss_rpn_bbox: 0.0013, loss_cls: 0.0417, acc: 98.2365, loss_bbox: 0.0213, loss: 0.0659
2026-05-08 04:22:00,399 - mmdet - INFO - Epoch [95][100/101]	lr: 1.000e-04, eta: 3:39:54, time: 0.616, data_time: 0.013, memory: 7277, loss_rpn_cls: 0.0018, loss_rpn_bbox: 0.0013, loss_cls: 0.0430, acc: 98.1780, loss_bbox: 0.0214, loss: 0.0676
2026-05-08 04:22:34,687 - mmdet - INFO - Epoch [96][50/101]	lr: 1.000e-04, eta: 3:39:24, time: 0.670, data_time: 0.066, memory: 7277, loss_rpn_cls: 0.0018, loss_rpn_bbox: 0.0013, loss_cls: 0.0439, acc: 98.1533, loss_bbox: 0.0237, loss: 0.0706
2026-05-08 04:23:05,469 - mmdet - INFO - Epoch [96][100/101]	lr: 1.000e-04, eta: 3:38:49, time: 0.616, data_time: 0.013, memory: 7277, loss_rpn_cls: 0.0023, loss_rpn_bbox: 0.0013, loss_cls: 0.0389, acc: 98.3540, loss_bbox: 0.0201, loss: 0.0626
2026-05-08 04:23:39,671 - mmdet - INFO - Epoch [97][50/101]	lr: 1.000e-04, eta: 3:38:19, time: 0.669, data_time: 0.065, memory: 7277, loss_rpn_cls: 0.0017, loss_rpn_bbox: 0.0012, loss_cls: 0.0362, acc: 98.4619, loss_bbox: 0.0176, loss: 0.0567
2026-05-08 04:24:10,570 - mmdet - INFO - Epoch [97][100/101]	lr: 1.000e-04, eta: 3:37:45, time: 0.618, data_time: 0.013, memory: 7277, loss_rpn_cls: 0.0023, loss_rpn_bbox: 0.0016, loss_cls: 0.0484, acc: 97.9225, loss_bbox: 0.0253, loss: 0.0776
2026-05-08 04:24:44,796 - mmdet - INFO - Epoch [98][50/101]	lr: 1.000e-04, eta: 3:37:14, time: 0.669, data_time: 0.066, memory: 7277, loss_rpn_cls: 0.0017, loss_rpn_bbox: 0.0014, loss_cls: 0.0435, acc: 98.1118, loss_bbox: 0.0230, loss: 0.0696
2026-05-08 04:25:15,524 - mmdet - INFO - Epoch [98][100/101]	lr: 1.000e-04, eta: 3:36:40, time: 0.615, data_time: 0.013, memory: 7277, loss_rpn_cls: 0.0015, loss_rpn_bbox: 0.0010, loss_cls: 0.0389, acc: 98.3558, loss_bbox: 0.0202, loss: 0.0616
2026-05-08 04:25:49,756 - mmdet - INFO - Epoch [99][50/101]	lr: 1.000e-04, eta: 3:36:10, time: 0.669, data_time: 0.065, memory: 7277, loss_rpn_cls: 0.0012, loss_rpn_bbox: 0.0011, loss_cls: 0.0401, acc: 98.2800, loss_bbox: 0.0205, loss: 0.0629
2026-05-08 04:26:20,601 - mmdet - INFO - Epoch [99][100/101]	lr: 1.000e-04, eta: 3:35:36, time: 0.617, data_time: 0.013, memory: 7277, loss_rpn_cls: 0.0016, loss_rpn_bbox: 0.0014, loss_cls: 0.0452, acc: 98.0799, loss_bbox: 0.0217, loss: 0.0698
2026-05-08 04:26:55,001 - mmdet - INFO - Epoch [100][50/101]	lr: 1.000e-04, eta: 3:35:06, time: 0.672, data_time: 0.066, memory: 7277, loss_rpn_cls: 0.0019, loss_rpn_bbox: 0.0014, loss_cls: 0.0475, acc: 97.9868, loss_bbox: 0.0230, loss: 0.0738
2026-05-08 04:27:25,759 - mmdet - INFO - Epoch [100][100/101]	lr: 1.000e-04, eta: 3:34:31, time: 0.615, data_time: 0.013, memory: 7277, loss_rpn_cls: 0.0010, loss_rpn_bbox: 0.0010, loss_cls: 0.0403, acc: 98.2757, loss_bbox: 0.0185, loss: 0.0608
2026-05-08 04:27:26,530 - mmdet - INFO - Saving checkpoint at 100 epochs
2026-05-08 04:28:05,613 - mmdet - INFO - Evaluating bbox...
2026-05-08 04:28:08,896 - mmdet - INFO - 
 Average Precision  (AP) @[ IoU=0.50:0.95 | area=   all | maxDets=100 ] = 0.326
 Average Precision  (AP) @[ IoU=0.50      | area=   all | maxDets=1000 ] = 0.716
 Average Precision  (AP) @[ IoU=0.75      | area=   all | maxDets=1000 ] = 0.249
 Average Precision  (AP) @[ IoU=0.50:0.95 | area= small | maxDets=1000 ] = 0.014
 Average Precision  (AP) @[ IoU=0.50:0.95 | area=medium | maxDets=1000 ] = 0.255
 Average Precision  (AP) @[ IoU=0.50:0.95 | area= large | maxDets=1000 ] = 0.399
 Average Recall     (AR) @[ IoU=0.50:0.95 | area=   all | maxDets=100 ] = 0.470
 Average Recall     (AR) @[ IoU=0.50:0.95 | area=   all | maxDets=300 ] = 0.470
 Average Recall     (AR) @[ IoU=0.50:0.95 | area=   all | maxDets=1000 ] = 0.470
 Average Recall     (AR) @[ IoU=0.50:0.95 | area= small | maxDets=1000 ] = 0.033
 Average Recall     (AR) @[ IoU=0.50:0.95 | area=medium | maxDets=1000 ] = 0.394
 Average Recall     (AR) @[ IoU=0.50:0.95 | area= large | maxDets=1000 ] = 0.552

2026-05-08 04:28:08,901 - mmdet - INFO - Exp name: fold_3_swin_t_3x_hbb.py
2026-05-08 04:28:08,901 - mmdet - INFO - Epoch(val) [100][370]	bbox_mAP: 0.3260, bbox_mAP_50: 0.7160, bbox_mAP_75: 0.2490, bbox_mAP_s: 0.0140, bbox_mAP_m: 0.2550, bbox_mAP_l: 0.3990, bbox_mAP_copypaste: 0.326 0.716 0.249 0.014 0.255 0.399
2026-05-08 04:28:42,430 - mmdet - INFO - Epoch [101][50/101]	lr: 1.000e-04, eta: 3:34:01, time: 0.670, data_time: 0.066, memory: 7277, loss_rpn_cls: 0.0015, loss_rpn_bbox: 0.0011, loss_cls: 0.0416, acc: 98.2252, loss_bbox: 0.0216, loss: 0.0658
2026-05-08 04:29:13,207 - mmdet - INFO - Epoch [101][100/101]	lr: 1.000e-04, eta: 3:33:27, time: 0.616, data_time: 0.013, memory: 7277, loss_rpn_cls: 0.0011, loss_rpn_bbox: 0.0012, loss_cls: 0.0403, acc: 98.2529, loss_bbox: 0.0204, loss: 0.0631
2026-05-08 04:29:47,502 - mmdet - INFO - Epoch [102][50/101]	lr: 1.000e-04, eta: 3:32:56, time: 0.670, data_time: 0.065, memory: 7277, loss_rpn_cls: 0.0022, loss_rpn_bbox: 0.0011, loss_cls: 0.0394, acc: 98.3119, loss_bbox: 0.0206, loss: 0.0633
2026-05-08 04:30:18,354 - mmdet - INFO - Epoch [102][100/101]	lr: 1.000e-04, eta: 3:32:23, time: 0.617, data_time: 0.013, memory: 7277, loss_rpn_cls: 0.0014, loss_rpn_bbox: 0.0013, loss_cls: 0.0425, acc: 98.1848, loss_bbox: 0.0212, loss: 0.0664
2026-05-08 04:30:52,630 - mmdet - INFO - Epoch [103][50/101]	lr: 1.000e-04, eta: 3:31:52, time: 0.670, data_time: 0.066, memory: 7277, loss_rpn_cls: 0.0018, loss_rpn_bbox: 0.0013, loss_cls: 0.0410, acc: 98.2549, loss_bbox: 0.0217, loss: 0.0658
2026-05-08 04:31:23,459 - mmdet - INFO - Epoch [103][100/101]	lr: 1.000e-04, eta: 3:31:18, time: 0.617, data_time: 0.013, memory: 7277, loss_rpn_cls: 0.0009, loss_rpn_bbox: 0.0011, loss_cls: 0.0402, acc: 98.2723, loss_bbox: 0.0195, loss: 0.0616
2026-05-08 04:31:57,710 - mmdet - INFO - Epoch [104][50/101]	lr: 1.000e-04, eta: 3:30:48, time: 0.670, data_time: 0.066, memory: 7277, loss_rpn_cls: 0.0010, loss_rpn_bbox: 0.0010, loss_cls: 0.0392, acc: 98.2922, loss_bbox: 0.0188, loss: 0.0601
2026-05-08 04:32:28,606 - mmdet - INFO - Epoch [104][100/101]	lr: 1.000e-04, eta: 3:30:14, time: 0.618, data_time: 0.013, memory: 7277, loss_rpn_cls: 0.0012, loss_rpn_bbox: 0.0013, loss_cls: 0.0470, acc: 97.9580, loss_bbox: 0.0243, loss: 0.0738
2026-05-08 04:33:02,901 - mmdet - INFO - Epoch [105][50/101]	lr: 1.000e-04, eta: 3:29:43, time: 0.670, data_time: 0.065, memory: 7277, loss_rpn_cls: 0.0018, loss_rpn_bbox: 0.0013, loss_cls: 0.0429, acc: 98.1803, loss_bbox: 0.0230, loss: 0.0690
2026-05-08 04:33:33,694 - mmdet - INFO - Epoch [105][100/101]	lr: 1.000e-04, eta: 3:29:09, time: 0.616, data_time: 0.013, memory: 7277, loss_rpn_cls: 0.0016, loss_rpn_bbox: 0.0013, loss_cls: 0.0394, acc: 98.3320, loss_bbox: 0.0203, loss: 0.0626
2026-05-08 04:34:07,935 - mmdet - INFO - Epoch [106][50/101]	lr: 1.000e-04, eta: 3:28:39, time: 0.669, data_time: 0.065, memory: 7277, loss_rpn_cls: 0.0011, loss_rpn_bbox: 0.0011, loss_cls: 0.0393, acc: 98.3512, loss_bbox: 0.0192, loss: 0.0607
2026-05-08 04:34:38,713 - mmdet - INFO - Epoch [106][100/101]	lr: 1.000e-04, eta: 3:28:05, time: 0.616, data_time: 0.013, memory: 7277, loss_rpn_cls: 0.0012, loss_rpn_bbox: 0.0011, loss_cls: 0.0391, acc: 98.3555, loss_bbox: 0.0190, loss: 0.0604
2026-05-08 04:35:12,961 - mmdet - INFO - Epoch [107][50/101]	lr: 1.000e-04, eta: 3:27:34, time: 0.669, data_time: 0.065, memory: 7277, loss_rpn_cls: 0.0014, loss_rpn_bbox: 0.0012, loss_cls: 0.0402, acc: 98.3262, loss_bbox: 0.0200, loss: 0.0629
2026-05-08 04:35:43,665 - mmdet - INFO - Epoch [107][100/101]	lr: 1.000e-04, eta: 3:27:00, time: 0.614, data_time: 0.013, memory: 7277, loss_rpn_cls: 0.0009, loss_rpn_bbox: 0.0010, loss_cls: 0.0383, acc: 98.3385, loss_bbox: 0.0190, loss: 0.0593
2026-05-08 04:36:17,931 - mmdet - INFO - Epoch [108][50/101]	lr: 1.000e-04, eta: 3:26:29, time: 0.669, data_time: 0.066, memory: 7277, loss_rpn_cls: 0.0020, loss_rpn_bbox: 0.0013, loss_cls: 0.0414, acc: 98.2441, loss_bbox: 0.0212, loss: 0.0659
2026-05-08 04:36:48,754 - mmdet - INFO - Epoch [108][100/101]	lr: 1.000e-04, eta: 3:25:56, time: 0.616, data_time: 0.013, memory: 7277, loss_rpn_cls: 0.0026, loss_rpn_bbox: 0.0013, loss_cls: 0.0462, acc: 98.0386, loss_bbox: 0.0249, loss: 0.0751
2026-05-08 04:37:23,095 - mmdet - INFO - Epoch [109][50/101]	lr: 1.000e-04, eta: 3:25:25, time: 0.671, data_time: 0.065, memory: 7277, loss_rpn_cls: 0.0021, loss_rpn_bbox: 0.0013, loss_cls: 0.0430, acc: 98.1810, loss_bbox: 0.0210, loss: 0.0674
2026-05-08 04:37:53,814 - mmdet - INFO - Epoch [109][100/101]	lr: 1.000e-04, eta: 3:24:51, time: 0.614, data_time: 0.013, memory: 7277, loss_rpn_cls: 0.0013, loss_rpn_bbox: 0.0013, loss_cls: 0.0379, acc: 98.3838, loss_bbox: 0.0203, loss: 0.0608
2026-05-08 04:38:28,047 - mmdet - INFO - Epoch [110][50/101]	lr: 1.000e-04, eta: 3:24:20, time: 0.669, data_time: 0.066, memory: 7277, loss_rpn_cls: 0.0010, loss_rpn_bbox: 0.0010, loss_cls: 0.0372, acc: 98.4151, loss_bbox: 0.0182, loss: 0.0575
2026-05-08 04:38:58,848 - mmdet - INFO - Epoch [110][100/101]	lr: 1.000e-04, eta: 3:23:47, time: 0.616, data_time: 0.013, memory: 7277, loss_rpn_cls: 0.0017, loss_rpn_bbox: 0.0014, loss_cls: 0.0427, acc: 98.1504, loss_bbox: 0.0221, loss: 0.0679
2026-05-08 04:38:59,615 - mmdet - INFO - Saving checkpoint at 110 epochs
2026-05-08 04:39:39,019 - mmdet - INFO - Evaluating bbox...
2026-05-08 04:39:42,263 - mmdet - INFO - 
 Average Precision  (AP) @[ IoU=0.50:0.95 | area=   all | maxDets=100 ] = 0.328
 Average Precision  (AP) @[ IoU=0.50      | area=   all | maxDets=1000 ] = 0.713
 Average Precision  (AP) @[ IoU=0.75      | area=   all | maxDets=1000 ] = 0.261
 Average Precision  (AP) @[ IoU=0.50:0.95 | area= small | maxDets=1000 ] = 0.011
 Average Precision  (AP) @[ IoU=0.50:0.95 | area=medium | maxDets=1000 ] = 0.253
 Average Precision  (AP) @[ IoU=0.50:0.95 | area= large | maxDets=1000 ] = 0.405
 Average Recall     (AR) @[ IoU=0.50:0.95 | area=   all | maxDets=100 ] = 0.468
 Average Recall     (AR) @[ IoU=0.50:0.95 | area=   all | maxDets=300 ] = 0.468
 Average Recall     (AR) @[ IoU=0.50:0.95 | area=   all | maxDets=1000 ] = 0.468
 Average Recall     (AR) @[ IoU=0.50:0.95 | area= small | maxDets=1000 ] = 0.047
 Average Recall     (AR) @[ IoU=0.50:0.95 | area=medium | maxDets=1000 ] = 0.396
 Average Recall     (AR) @[ IoU=0.50:0.95 | area= large | maxDets=1000 ] = 0.545

2026-05-08 04:39:42,268 - mmdet - INFO - Exp name: fold_3_swin_t_3x_hbb.py
2026-05-08 04:39:42,268 - mmdet - INFO - Epoch(val) [110][370]	bbox_mAP: 0.3280, bbox_mAP_50: 0.7130, bbox_mAP_75: 0.2610, bbox_mAP_s: 0.0110, bbox_mAP_m: 0.2530, bbox_mAP_l: 0.4050, bbox_mAP_copypaste: 0.328 0.713 0.261 0.011 0.253 0.405
2026-05-08 04:40:15,789 - mmdet - INFO - Epoch [111][50/101]	lr: 1.000e-04, eta: 3:23:16, time: 0.670, data_time: 0.066, memory: 7277, loss_rpn_cls: 0.0013, loss_rpn_bbox: 0.0015, loss_cls: 0.0401, acc: 98.3046, loss_bbox: 0.0206, loss: 0.0636
2026-05-08 04:40:46,489 - mmdet - INFO - Epoch [111][100/101]	lr: 1.000e-04, eta: 3:22:42, time: 0.614, data_time: 0.013, memory: 7277, loss_rpn_cls: 0.0012, loss_rpn_bbox: 0.0012, loss_cls: 0.0393, acc: 98.3428, loss_bbox: 0.0205, loss: 0.0622
2026-05-08 04:41:20,823 - mmdet - INFO - Epoch [112][50/101]	lr: 1.000e-04, eta: 3:22:11, time: 0.671, data_time: 0.066, memory: 7277, loss_rpn_cls: 0.0016, loss_rpn_bbox: 0.0011, loss_cls: 0.0422, acc: 98.2024, loss_bbox: 0.0225, loss: 0.0675
2026-05-08 04:41:51,595 - mmdet - INFO - Epoch [112][100/101]	lr: 1.000e-04, eta: 3:21:38, time: 0.615, data_time: 0.013, memory: 7277, loss_rpn_cls: 0.0018, loss_rpn_bbox: 0.0012, loss_cls: 0.0382, acc: 98.3301, loss_bbox: 0.0202, loss: 0.0614
2026-05-08 04:42:25,980 - mmdet - INFO - Epoch [113][50/101]	lr: 1.000e-04, eta: 3:21:07, time: 0.672, data_time: 0.066, memory: 7277, loss_rpn_cls: 0.0014, loss_rpn_bbox: 0.0011, loss_cls: 0.0438, acc: 98.1746, loss_bbox: 0.0223, loss: 0.0687
2026-05-08 04:42:56,788 - mmdet - INFO - Epoch [113][100/101]	lr: 1.000e-04, eta: 3:20:33, time: 0.616, data_time: 0.013, memory: 7277, loss_rpn_cls: 0.0013, loss_rpn_bbox: 0.0009, loss_cls: 0.0370, acc: 98.4180, loss_bbox: 0.0168, loss: 0.0560
2026-05-08 04:43:31,074 - mmdet - INFO - Epoch [114][50/101]	lr: 1.000e-04, eta: 3:20:03, time: 0.670, data_time: 0.066, memory: 7277, loss_rpn_cls: 0.0009, loss_rpn_bbox: 0.0010, loss_cls: 0.0379, acc: 98.3495, loss_bbox: 0.0194, loss: 0.0592
2026-05-08 04:44:01,949 - mmdet - INFO - Epoch [114][100/101]	lr: 1.000e-04, eta: 3:19:29, time: 0.618, data_time: 0.013, memory: 7277, loss_rpn_cls: 0.0014, loss_rpn_bbox: 0.0012, loss_cls: 0.0440, acc: 98.1050, loss_bbox: 0.0210, loss: 0.0677
2026-05-08 04:44:36,247 - mmdet - INFO - Epoch [115][50/101]	lr: 1.000e-04, eta: 3:18:58, time: 0.670, data_time: 0.066, memory: 7277, loss_rpn_cls: 0.0009, loss_rpn_bbox: 0.0009, loss_cls: 0.0372, acc: 98.4150, loss_bbox: 0.0189, loss: 0.0578
2026-05-08 04:45:07,152 - mmdet - INFO - Epoch [115][100/101]	lr: 1.000e-04, eta: 3:18:25, time: 0.618, data_time: 0.013, memory: 7277, loss_rpn_cls: 0.0019, loss_rpn_bbox: 0.0012, loss_cls: 0.0412, acc: 98.2132, loss_bbox: 0.0194, loss: 0.0636
2026-05-08 04:45:41,385 - mmdet - INFO - Epoch [116][50/101]	lr: 1.000e-04, eta: 3:17:54, time: 0.669, data_time: 0.066, memory: 7277, loss_rpn_cls: 0.0018, loss_rpn_bbox: 0.0010, loss_cls: 0.0354, acc: 98.5488, loss_bbox: 0.0177, loss: 0.0559
2026-05-08 04:46:12,248 - mmdet - INFO - Epoch [116][100/101]	lr: 1.000e-04, eta: 3:17:21, time: 0.617, data_time: 0.013, memory: 7277, loss_rpn_cls: 0.0010, loss_rpn_bbox: 0.0011, loss_cls: 0.0393, acc: 98.3114, loss_bbox: 0.0190, loss: 0.0604
2026-05-08 04:46:46,461 - mmdet - INFO - Epoch [117][50/101]	lr: 1.000e-04, eta: 3:16:50, time: 0.668, data_time: 0.066, memory: 7277, loss_rpn_cls: 0.0017, loss_rpn_bbox: 0.0013, loss_cls: 0.0407, acc: 98.2672, loss_bbox: 0.0190, loss: 0.0627
2026-05-08 04:47:17,253 - mmdet - INFO - Epoch [117][100/101]	lr: 1.000e-04, eta: 3:16:16, time: 0.616, data_time: 0.013, memory: 7277, loss_rpn_cls: 0.0015, loss_rpn_bbox: 0.0012, loss_cls: 0.0395, acc: 98.2857, loss_bbox: 0.0209, loss: 0.0631
2026-05-08 04:47:51,489 - mmdet - INFO - Epoch [118][50/101]	lr: 1.000e-04, eta: 3:15:45, time: 0.669, data_time: 0.065, memory: 7277, loss_rpn_cls: 0.0024, loss_rpn_bbox: 0.0012, loss_cls: 0.0393, acc: 98.3709, loss_bbox: 0.0193, loss: 0.0622
2026-05-08 04:48:22,331 - mmdet - INFO - Epoch [118][100/101]	lr: 1.000e-04, eta: 3:15:12, time: 0.617, data_time: 0.013, memory: 7277, loss_rpn_cls: 0.0032, loss_rpn_bbox: 0.0015, loss_cls: 0.0446, acc: 98.1377, loss_bbox: 0.0228, loss: 0.0722
2026-05-08 04:48:56,451 - mmdet - INFO - Epoch [119][50/101]	lr: 1.000e-04, eta: 3:14:40, time: 0.667, data_time: 0.066, memory: 7277, loss_rpn_cls: 0.0017, loss_rpn_bbox: 0.0011, loss_cls: 0.0357, acc: 98.4980, loss_bbox: 0.0175, loss: 0.0560
2026-05-08 04:49:27,354 - mmdet - INFO - Epoch [119][100/101]	lr: 1.000e-04, eta: 3:14:07, time: 0.618, data_time: 0.013, memory: 7277, loss_rpn_cls: 0.0022, loss_rpn_bbox: 0.0014, loss_cls: 0.0431, acc: 98.1761, loss_bbox: 0.0236, loss: 0.0703
2026-05-08 04:50:01,660 - mmdet - INFO - Epoch [120][50/101]	lr: 1.000e-04, eta: 3:13:36, time: 0.671, data_time: 0.065, memory: 7277, loss_rpn_cls: 0.0022, loss_rpn_bbox: 0.0013, loss_cls: 0.0412, acc: 98.3012, loss_bbox: 0.0200, loss: 0.0648
2026-05-08 04:50:32,465 - mmdet - INFO - Epoch [120][100/101]	lr: 1.000e-04, eta: 3:13:03, time: 0.616, data_time: 0.013, memory: 7277, loss_rpn_cls: 0.0011, loss_rpn_bbox: 0.0011, loss_cls: 0.0366, acc: 98.4326, loss_bbox: 0.0189, loss: 0.0576
2026-05-08 04:50:33,242 - mmdet - INFO - Saving checkpoint at 120 epochs
2026-05-08 04:51:12,680 - mmdet - INFO - Evaluating bbox...
2026-05-08 04:51:15,978 - mmdet - INFO - 
 Average Precision  (AP) @[ IoU=0.50:0.95 | area=   all | maxDets=100 ] = 0.330
 Average Precision  (AP) @[ IoU=0.50      | area=   all | maxDets=1000 ] = 0.725
 Average Precision  (AP) @[ IoU=0.75      | area=   all | maxDets=1000 ] = 0.260
 Average Precision  (AP) @[ IoU=0.50:0.95 | area= small | maxDets=1000 ] = 0.035
 Average Precision  (AP) @[ IoU=0.50:0.95 | area=medium | maxDets=1000 ] = 0.254
 Average Precision  (AP) @[ IoU=0.50:0.95 | area= large | maxDets=1000 ] = 0.410
 Average Recall     (AR) @[ IoU=0.50:0.95 | area=   all | maxDets=100 ] = 0.473
 Average Recall     (AR) @[ IoU=0.50:0.95 | area=   all | maxDets=300 ] = 0.473
 Average Recall     (AR) @[ IoU=0.50:0.95 | area=   all | maxDets=1000 ] = 0.473
 Average Recall     (AR) @[ IoU=0.50:0.95 | area= small | maxDets=1000 ] = 0.060
 Average Recall     (AR) @[ IoU=0.50:0.95 | area=medium | maxDets=1000 ] = 0.398
 Average Recall     (AR) @[ IoU=0.50:0.95 | area= large | maxDets=1000 ] = 0.551

2026-05-08 04:51:15,983 - mmdet - INFO - Exp name: fold_3_swin_t_3x_hbb.py
2026-05-08 04:51:15,984 - mmdet - INFO - Epoch(val) [120][370]	bbox_mAP: 0.3300, bbox_mAP_50: 0.7250, bbox_mAP_75: 0.2600, bbox_mAP_s: 0.0350, bbox_mAP_m: 0.2540, bbox_mAP_l: 0.4100, bbox_mAP_copypaste: 0.330 0.725 0.260 0.035 0.254 0.410
2026-05-08 04:51:49,466 - mmdet - INFO - Epoch [121][50/101]	lr: 1.000e-04, eta: 3:12:32, time: 0.669, data_time: 0.066, memory: 7277, loss_rpn_cls: 0.0018, loss_rpn_bbox: 0.0012, loss_cls: 0.0407, acc: 98.2414, loss_bbox: 0.0206, loss: 0.0643
2026-05-08 04:52:20,300 - mmdet - INFO - Epoch [121][100/101]	lr: 1.000e-04, eta: 3:11:58, time: 0.617, data_time: 0.013, memory: 7277, loss_rpn_cls: 0.0022, loss_rpn_bbox: 0.0011, loss_cls: 0.0410, acc: 98.2988, loss_bbox: 0.0200, loss: 0.0643
2026-05-08 04:52:54,563 - mmdet - INFO - Epoch [122][50/101]	lr: 1.000e-04, eta: 3:11:27, time: 0.670, data_time: 0.066, memory: 7277, loss_rpn_cls: 0.0013, loss_rpn_bbox: 0.0010, loss_cls: 0.0395, acc: 98.3007, loss_bbox: 0.0196, loss: 0.0615
2026-05-08 04:53:25,348 - mmdet - INFO - Epoch [122][100/101]	lr: 1.000e-04, eta: 3:10:54, time: 0.616, data_time: 0.013, memory: 7277, loss_rpn_cls: 0.0021, loss_rpn_bbox: 0.0012, loss_cls: 0.0401, acc: 98.2848, loss_bbox: 0.0196, loss: 0.0630
2026-05-08 04:53:59,628 - mmdet - INFO - Epoch [123][50/101]	lr: 1.000e-04, eta: 3:10:23, time: 0.670, data_time: 0.065, memory: 7277, loss_rpn_cls: 0.0031, loss_rpn_bbox: 0.0013, loss_cls: 0.0433, acc: 98.1774, loss_bbox: 0.0227, loss: 0.0704
2026-05-08 04:54:30,547 - mmdet - INFO - Epoch [123][100/101]	lr: 1.000e-04, eta: 3:09:50, time: 0.618, data_time: 0.013, memory: 7277, loss_rpn_cls: 0.0015, loss_rpn_bbox: 0.0013, loss_cls: 0.0427, acc: 98.1725, loss_bbox: 0.0206, loss: 0.0661
2026-05-08 04:55:04,836 - mmdet - INFO - Epoch [124][50/101]	lr: 1.000e-04, eta: 3:09:18, time: 0.670, data_time: 0.066, memory: 7277, loss_rpn_cls: 0.0015, loss_rpn_bbox: 0.0014, loss_cls: 0.0423, acc: 98.2097, loss_bbox: 0.0230, loss: 0.0682
2026-05-08 04:55:35,580 - mmdet - INFO - Epoch [124][100/101]	lr: 1.000e-04, eta: 3:08:45, time: 0.615, data_time: 0.013, memory: 7277, loss_rpn_cls: 0.0021, loss_rpn_bbox: 0.0011, loss_cls: 0.0381, acc: 98.3802, loss_bbox: 0.0195, loss: 0.0609
2026-05-08 04:56:09,820 - mmdet - INFO - Epoch [125][50/101]	lr: 1.000e-04, eta: 3:08:14, time: 0.669, data_time: 0.065, memory: 7277, loss_rpn_cls: 0.0019, loss_rpn_bbox: 0.0011, loss_cls: 0.0358, acc: 98.4882, loss_bbox: 0.0172, loss: 0.0561
2026-05-08 04:56:40,674 - mmdet - INFO - Epoch [125][100/101]	lr: 1.000e-04, eta: 3:07:41, time: 0.617, data_time: 0.013, memory: 7277, loss_rpn_cls: 0.0011, loss_rpn_bbox: 0.0013, loss_cls: 0.0376, acc: 98.3749, loss_bbox: 0.0194, loss: 0.0594
2026-05-08 04:57:14,924 - mmdet - INFO - Epoch [126][50/101]	lr: 1.000e-04, eta: 3:07:10, time: 0.669, data_time: 0.065, memory: 7277, loss_rpn_cls: 0.0016, loss_rpn_bbox: 0.0011, loss_cls: 0.0366, acc: 98.4413, loss_bbox: 0.0187, loss: 0.0579
2026-05-08 04:57:45,743 - mmdet - INFO - Epoch [126][100/101]	lr: 1.000e-04, eta: 3:06:36, time: 0.616, data_time: 0.013, memory: 7277, loss_rpn_cls: 0.0013, loss_rpn_bbox: 0.0011, loss_cls: 0.0379, acc: 98.3594, loss_bbox: 0.0186, loss: 0.0589
2026-05-08 04:58:19,930 - mmdet - INFO - Epoch [127][50/101]	lr: 1.000e-04, eta: 3:06:05, time: 0.668, data_time: 0.065, memory: 7277, loss_rpn_cls: 0.0013, loss_rpn_bbox: 0.0008, loss_cls: 0.0340, acc: 98.5283, loss_bbox: 0.0159, loss: 0.0520
2026-05-08 04:58:50,833 - mmdet - INFO - Epoch [127][100/101]	lr: 1.000e-04, eta: 3:05:32, time: 0.618, data_time: 0.013, memory: 7277, loss_rpn_cls: 0.0019, loss_rpn_bbox: 0.0013, loss_cls: 0.0411, acc: 98.2398, loss_bbox: 0.0205, loss: 0.0648
2026-05-08 04:59:25,151 - mmdet - INFO - Epoch [128][50/101]	lr: 1.000e-04, eta: 3:05:01, time: 0.671, data_time: 0.065, memory: 7277, loss_rpn_cls: 0.0014, loss_rpn_bbox: 0.0013, loss_cls: 0.0384, acc: 98.3409, loss_bbox: 0.0176, loss: 0.0586
2026-05-08 04:59:55,947 - mmdet - INFO - Epoch [128][100/101]	lr: 1.000e-04, eta: 3:04:27, time: 0.616, data_time: 0.013, memory: 7277, loss_rpn_cls: 0.0011, loss_rpn_bbox: 0.0010, loss_cls: 0.0338, acc: 98.5508, loss_bbox: 0.0167, loss: 0.0526
2026-05-08 05:00:30,317 - mmdet - INFO - Epoch [129][50/101]	lr: 1.000e-04, eta: 3:03:56, time: 0.672, data_time: 0.066, memory: 7277, loss_rpn_cls: 0.0020, loss_rpn_bbox: 0.0012, loss_cls: 0.0376, acc: 98.4276, loss_bbox: 0.0188, loss: 0.0597
2026-05-08 05:01:01,158 - mmdet - INFO - Epoch [129][100/101]	lr: 1.000e-04, eta: 3:03:23, time: 0.617, data_time: 0.013, memory: 7277, loss_rpn_cls: 0.0012, loss_rpn_bbox: 0.0010, loss_cls: 0.0378, acc: 98.4246, loss_bbox: 0.0183, loss: 0.0584
2026-05-08 05:01:35,553 - mmdet - INFO - Epoch [130][50/101]	lr: 1.000e-04, eta: 3:02:52, time: 0.672, data_time: 0.066, memory: 7277, loss_rpn_cls: 0.0016, loss_rpn_bbox: 0.0011, loss_cls: 0.0346, acc: 98.5016, loss_bbox: 0.0177, loss: 0.0551
2026-05-08 05:02:06,378 - mmdet - INFO - Epoch [130][100/101]	lr: 1.000e-04, eta: 3:02:19, time: 0.616, data_time: 0.013, memory: 7277, loss_rpn_cls: 0.0011, loss_rpn_bbox: 0.0010, loss_cls: 0.0390, acc: 98.3352, loss_bbox: 0.0171, loss: 0.0582
2026-05-08 05:02:07,148 - mmdet - INFO - Saving checkpoint at 130 epochs
2026-05-08 05:02:46,595 - mmdet - INFO - Evaluating bbox...
2026-05-08 05:02:49,717 - mmdet - INFO - 
 Average Precision  (AP) @[ IoU=0.50:0.95 | area=   all | maxDets=100 ] = 0.337
 Average Precision  (AP) @[ IoU=0.50      | area=   all | maxDets=1000 ] = 0.728
 Average Precision  (AP) @[ IoU=0.75      | area=   all | maxDets=1000 ] = 0.259
 Average Precision  (AP) @[ IoU=0.50:0.95 | area= small | maxDets=1000 ] = 0.033
 Average Precision  (AP) @[ IoU=0.50:0.95 | area=medium | maxDets=1000 ] = 0.260
 Average Precision  (AP) @[ IoU=0.50:0.95 | area= large | maxDets=1000 ] = 0.413
 Average Recall     (AR) @[ IoU=0.50:0.95 | area=   all | maxDets=100 ] = 0.469
 Average Recall     (AR) @[ IoU=0.50:0.95 | area=   all | maxDets=300 ] = 0.469
 Average Recall     (AR) @[ IoU=0.50:0.95 | area=   all | maxDets=1000 ] = 0.469
 Average Recall     (AR) @[ IoU=0.50:0.95 | area= small | maxDets=1000 ] = 0.047
 Average Recall     (AR) @[ IoU=0.50:0.95 | area=medium | maxDets=1000 ] = 0.394
 Average Recall     (AR) @[ IoU=0.50:0.95 | area= large | maxDets=1000 ] = 0.550

2026-05-08 05:02:49,721 - mmdet - INFO - Exp name: fold_3_swin_t_3x_hbb.py
2026-05-08 05:02:49,722 - mmdet - INFO - Epoch(val) [130][370]	bbox_mAP: 0.3370, bbox_mAP_50: 0.7280, bbox_mAP_75: 0.2590, bbox_mAP_s: 0.0330, bbox_mAP_m: 0.2600, bbox_mAP_l: 0.4130, bbox_mAP_copypaste: 0.337 0.728 0.259 0.033 0.260 0.413
2026-05-08 05:03:23,264 - mmdet - INFO - Epoch [131][50/101]	lr: 1.000e-04, eta: 3:01:48, time: 0.671, data_time: 0.066, memory: 7277, loss_rpn_cls: 0.0008, loss_rpn_bbox: 0.0010, loss_cls: 0.0366, acc: 98.4150, loss_bbox: 0.0170, loss: 0.0554
2026-05-08 05:03:54,096 - mmdet - INFO - Epoch [131][100/101]	lr: 1.000e-04, eta: 3:01:15, time: 0.617, data_time: 0.013, memory: 7277, loss_rpn_cls: 0.0011, loss_rpn_bbox: 0.0009, loss_cls: 0.0327, acc: 98.6375, loss_bbox: 0.0164, loss: 0.0511
2026-05-08 05:04:28,357 - mmdet - INFO - Epoch [132][50/101]	lr: 1.000e-04, eta: 3:00:43, time: 0.670, data_time: 0.066, memory: 7277, loss_rpn_cls: 0.0018, loss_rpn_bbox: 0.0011, loss_cls: 0.0420, acc: 98.3193, loss_bbox: 0.0193, loss: 0.0642
2026-05-08 05:04:59,154 - mmdet - INFO - Epoch [132][100/101]	lr: 1.000e-04, eta: 3:00:10, time: 0.616, data_time: 0.013, memory: 7277, loss_rpn_cls: 0.0007, loss_rpn_bbox: 0.0010, loss_cls: 0.0370, acc: 98.4332, loss_bbox: 0.0181, loss: 0.0568
2026-05-08 05:05:33,408 - mmdet - INFO - Epoch [133][50/101]	lr: 1.000e-04, eta: 2:59:39, time: 0.669, data_time: 0.066, memory: 7277, loss_rpn_cls: 0.0007, loss_rpn_bbox: 0.0010, loss_cls: 0.0347, acc: 98.5293, loss_bbox: 0.0174, loss: 0.0537
2026-05-08 05:06:04,297 - mmdet - INFO - Epoch [133][100/101]	lr: 1.000e-04, eta: 2:59:06, time: 0.618, data_time: 0.013, memory: 7277, loss_rpn_cls: 0.0015, loss_rpn_bbox: 0.0013, loss_cls: 0.0399, acc: 98.2731, loss_bbox: 0.0206, loss: 0.0634
2026-05-08 05:06:38,658 - mmdet - INFO - Epoch [134][50/101]	lr: 1.000e-04, eta: 2:58:35, time: 0.671, data_time: 0.066, memory: 7277, loss_rpn_cls: 0.0013, loss_rpn_bbox: 0.0011, loss_cls: 0.0350, acc: 98.5039, loss_bbox: 0.0162, loss: 0.0537
2026-05-08 05:07:09,509 - mmdet - INFO - Epoch [134][100/101]	lr: 1.000e-04, eta: 2:58:02, time: 0.617, data_time: 0.013, memory: 7277, loss_rpn_cls: 0.0013, loss_rpn_bbox: 0.0009, loss_cls: 0.0345, acc: 98.5010, loss_bbox: 0.0167, loss: 0.0535
2026-05-08 05:07:43,850 - mmdet - INFO - Epoch [135][50/101]	lr: 1.000e-04, eta: 2:57:30, time: 0.671, data_time: 0.066, memory: 7277, loss_rpn_cls: 0.0010, loss_rpn_bbox: 0.0010, loss_cls: 0.0359, acc: 98.4421, loss_bbox: 0.0176, loss: 0.0554
2026-05-08 05:08:14,680 - mmdet - INFO - Epoch [135][100/101]	lr: 1.000e-04, eta: 2:56:57, time: 0.617, data_time: 0.013, memory: 7277, loss_rpn_cls: 0.0010, loss_rpn_bbox: 0.0010, loss_cls: 0.0334, acc: 98.5674, loss_bbox: 0.0163, loss: 0.0518
2026-05-08 05:08:49,065 - mmdet - INFO - Epoch [136][50/101]	lr: 1.000e-04, eta: 2:56:26, time: 0.672, data_time: 0.066, memory: 7277, loss_rpn_cls: 0.0014, loss_rpn_bbox: 0.0012, loss_cls: 0.0391, acc: 98.3467, loss_bbox: 0.0201, loss: 0.0619
2026-05-08 05:09:19,900 - mmdet - INFO - Epoch [136][100/101]	lr: 1.000e-04, eta: 2:55:53, time: 0.617, data_time: 0.013, memory: 7277, loss_rpn_cls: 0.0010, loss_rpn_bbox: 0.0008, loss_cls: 0.0337, acc: 98.5715, loss_bbox: 0.0145, loss: 0.0501
2026-05-08 05:09:54,229 - mmdet - INFO - Epoch [137][50/101]	lr: 1.000e-04, eta: 2:55:22, time: 0.671, data_time: 0.066, memory: 7277, loss_rpn_cls: 0.0013, loss_rpn_bbox: 0.0011, loss_cls: 0.0376, acc: 98.4039, loss_bbox: 0.0184, loss: 0.0583
2026-05-08 05:10:25,089 - mmdet - INFO - Epoch [137][100/101]	lr: 1.000e-04, eta: 2:54:49, time: 0.617, data_time: 0.013, memory: 7277, loss_rpn_cls: 0.0014, loss_rpn_bbox: 0.0010, loss_cls: 0.0348, acc: 98.5137, loss_bbox: 0.0171, loss: 0.0543
2026-05-08 05:10:59,358 - mmdet - INFO - Epoch [138][50/101]	lr: 1.000e-04, eta: 2:54:17, time: 0.669, data_time: 0.066, memory: 7277, loss_rpn_cls: 0.0023, loss_rpn_bbox: 0.0011, loss_cls: 0.0367, acc: 98.4492, loss_bbox: 0.0181, loss: 0.0582
2026-05-08 05:11:30,132 - mmdet - INFO - Epoch [138][100/101]	lr: 1.000e-04, eta: 2:53:44, time: 0.615, data_time: 0.013, memory: 7277, loss_rpn_cls: 0.0009, loss_rpn_bbox: 0.0010, loss_cls: 0.0360, acc: 98.5054, loss_bbox: 0.0174, loss: 0.0554
2026-05-08 05:12:04,458 - mmdet - INFO - Epoch [139][50/101]	lr: 1.000e-04, eta: 2:53:13, time: 0.671, data_time: 0.066, memory: 7277, loss_rpn_cls: 0.0017, loss_rpn_bbox: 0.0011, loss_cls: 0.0375, acc: 98.4041, loss_bbox: 0.0170, loss: 0.0574
2026-05-08 05:12:35,192 - mmdet - INFO - Epoch [139][100/101]	lr: 1.000e-04, eta: 2:52:40, time: 0.615, data_time: 0.013, memory: 7277, loss_rpn_cls: 0.0017, loss_rpn_bbox: 0.0010, loss_cls: 0.0354, acc: 98.4516, loss_bbox: 0.0163, loss: 0.0544
2026-05-08 05:13:09,497 - mmdet - INFO - Epoch [140][50/101]	lr: 1.000e-04, eta: 2:52:09, time: 0.670, data_time: 0.065, memory: 7277, loss_rpn_cls: 0.0018, loss_rpn_bbox: 0.0011, loss_cls: 0.0360, acc: 98.4452, loss_bbox: 0.0175, loss: 0.0564
2026-05-08 05:13:40,278 - mmdet - INFO - Epoch [140][100/101]	lr: 1.000e-04, eta: 2:51:35, time: 0.616, data_time: 0.013, memory: 7277, loss_rpn_cls: 0.0008, loss_rpn_bbox: 0.0010, loss_cls: 0.0353, acc: 98.5369, loss_bbox: 0.0196, loss: 0.0568
2026-05-08 05:13:41,043 - mmdet - INFO - Saving checkpoint at 140 epochs
2026-05-08 05:14:20,483 - mmdet - INFO - Evaluating bbox...
2026-05-08 05:14:23,563 - mmdet - INFO - 
 Average Precision  (AP) @[ IoU=0.50:0.95 | area=   all | maxDets=100 ] = 0.324
 Average Precision  (AP) @[ IoU=0.50      | area=   all | maxDets=1000 ] = 0.704
 Average Precision  (AP) @[ IoU=0.75      | area=   all | maxDets=1000 ] = 0.253
 Average Precision  (AP) @[ IoU=0.50:0.95 | area= small | maxDets=1000 ] = 0.003
 Average Precision  (AP) @[ IoU=0.50:0.95 | area=medium | maxDets=1000 ] = 0.252
 Average Precision  (AP) @[ IoU=0.50:0.95 | area= large | maxDets=1000 ] = 0.400
 Average Recall     (AR) @[ IoU=0.50:0.95 | area=   all | maxDets=100 ] = 0.454
 Average Recall     (AR) @[ IoU=0.50:0.95 | area=   all | maxDets=300 ] = 0.454
 Average Recall     (AR) @[ IoU=0.50:0.95 | area=   all | maxDets=1000 ] = 0.454
 Average Recall     (AR) @[ IoU=0.50:0.95 | area= small | maxDets=1000 ] = 0.013
 Average Recall     (AR) @[ IoU=0.50:0.95 | area=medium | maxDets=1000 ] = 0.378
 Average Recall     (AR) @[ IoU=0.50:0.95 | area= large | maxDets=1000 ] = 0.535

2026-05-08 05:14:23,568 - mmdet - INFO - Exp name: fold_3_swin_t_3x_hbb.py
2026-05-08 05:14:23,568 - mmdet - INFO - Epoch(val) [140][370]	bbox_mAP: 0.3240, bbox_mAP_50: 0.7040, bbox_mAP_75: 0.2530, bbox_mAP_s: 0.0030, bbox_mAP_m: 0.2520, bbox_mAP_l: 0.4000, bbox_mAP_copypaste: 0.324 0.704 0.253 0.003 0.252 0.400
2026-05-08 05:14:57,056 - mmdet - INFO - Epoch [141][50/101]	lr: 1.000e-04, eta: 2:51:04, time: 0.669, data_time: 0.065, memory: 7277, loss_rpn_cls: 0.0019, loss_rpn_bbox: 0.0011, loss_cls: 0.0331, acc: 98.6083, loss_bbox: 0.0157, loss: 0.0518
2026-05-08 05:15:27,887 - mmdet - INFO - Epoch [141][100/101]	lr: 1.000e-04, eta: 2:50:31, time: 0.617, data_time: 0.013, memory: 7277, loss_rpn_cls: 0.0026, loss_rpn_bbox: 0.0015, loss_cls: 0.0405, acc: 98.2390, loss_bbox: 0.0201, loss: 0.0647
2026-05-08 05:16:02,077 - mmdet - INFO - Epoch [142][50/101]	lr: 1.000e-04, eta: 2:50:00, time: 0.668, data_time: 0.065, memory: 7277, loss_rpn_cls: 0.0016, loss_rpn_bbox: 0.0012, loss_cls: 0.0371, acc: 98.4230, loss_bbox: 0.0202, loss: 0.0601
2026-05-08 05:16:32,850 - mmdet - INFO - Epoch [142][100/101]	lr: 1.000e-04, eta: 2:49:27, time: 0.615, data_time: 0.013, memory: 7277, loss_rpn_cls: 0.0014, loss_rpn_bbox: 0.0012, loss_cls: 0.0409, acc: 98.2316, loss_bbox: 0.0199, loss: 0.0635
2026-05-08 05:17:07,070 - mmdet - INFO - Epoch [143][50/101]	lr: 1.000e-04, eta: 2:48:55, time: 0.669, data_time: 0.065, memory: 7277, loss_rpn_cls: 0.0012, loss_rpn_bbox: 0.0011, loss_cls: 0.0361, acc: 98.4710, loss_bbox: 0.0187, loss: 0.0571
2026-05-08 05:17:37,835 - mmdet - INFO - Epoch [143][100/101]	lr: 1.000e-04, eta: 2:48:22, time: 0.615, data_time: 0.013, memory: 7277, loss_rpn_cls: 0.0017, loss_rpn_bbox: 0.0013, loss_cls: 0.0358, acc: 98.4875, loss_bbox: 0.0171, loss: 0.0559
2026-05-08 05:18:12,164 - mmdet - INFO - Epoch [144][50/101]	lr: 1.000e-04, eta: 2:47:51, time: 0.671, data_time: 0.066, memory: 7277, loss_rpn_cls: 0.0012, loss_rpn_bbox: 0.0011, loss_cls: 0.0366, acc: 98.4566, loss_bbox: 0.0175, loss: 0.0564
2026-05-08 05:18:42,876 - mmdet - INFO - Epoch [144][100/101]	lr: 1.000e-04, eta: 2:47:18, time: 0.614, data_time: 0.013, memory: 7277, loss_rpn_cls: 0.0020, loss_rpn_bbox: 0.0010, loss_cls: 0.0323, acc: 98.5859, loss_bbox: 0.0156, loss: 0.0509
2026-05-08 05:19:17,138 - mmdet - INFO - Epoch [145][50/101]	lr: 1.000e-04, eta: 2:46:46, time: 0.670, data_time: 0.065, memory: 7277, loss_rpn_cls: 0.0008, loss_rpn_bbox: 0.0010, loss_cls: 0.0323, acc: 98.6249, loss_bbox: 0.0153, loss: 0.0495
2026-05-08 05:19:47,982 - mmdet - INFO - Epoch [145][100/101]	lr: 1.000e-04, eta: 2:46:13, time: 0.617, data_time: 0.013, memory: 7277, loss_rpn_cls: 0.0014, loss_rpn_bbox: 0.0010, loss_cls: 0.0341, acc: 98.5420, loss_bbox: 0.0164, loss: 0.0530
2026-05-08 05:20:22,317 - mmdet - INFO - Epoch [146][50/101]	lr: 1.000e-04, eta: 2:45:42, time: 0.671, data_time: 0.065, memory: 7277, loss_rpn_cls: 0.0012, loss_rpn_bbox: 0.0011, loss_cls: 0.0345, acc: 98.4954, loss_bbox: 0.0165, loss: 0.0533
2026-05-08 05:20:53,139 - mmdet - INFO - Epoch [146][100/101]	lr: 1.000e-04, eta: 2:45:09, time: 0.616, data_time: 0.013, memory: 7277, loss_rpn_cls: 0.0008, loss_rpn_bbox: 0.0010, loss_cls: 0.0341, acc: 98.5210, loss_bbox: 0.0157, loss: 0.0516
2026-05-08 05:21:27,436 - mmdet - INFO - Epoch [147][50/101]	lr: 1.000e-04, eta: 2:44:38, time: 0.670, data_time: 0.066, memory: 7277, loss_rpn_cls: 0.0008, loss_rpn_bbox: 0.0011, loss_cls: 0.0340, acc: 98.5275, loss_bbox: 0.0162, loss: 0.0521
2026-05-08 05:21:58,217 - mmdet - INFO - Epoch [147][100/101]	lr: 1.000e-04, eta: 2:44:05, time: 0.616, data_time: 0.013, memory: 7277, loss_rpn_cls: 0.0016, loss_rpn_bbox: 0.0009, loss_cls: 0.0342, acc: 98.5010, loss_bbox: 0.0163, loss: 0.0530
2026-05-08 05:22:32,513 - mmdet - INFO - Epoch [148][50/101]	lr: 1.000e-04, eta: 2:43:33, time: 0.670, data_time: 0.065, memory: 7277, loss_rpn_cls: 0.0016, loss_rpn_bbox: 0.0010, loss_cls: 0.0327, acc: 98.6263, loss_bbox: 0.0166, loss: 0.0520
2026-05-08 05:23:03,339 - mmdet - INFO - Epoch [148][100/101]	lr: 1.000e-04, eta: 2:43:00, time: 0.617, data_time: 0.013, memory: 7277, loss_rpn_cls: 0.0010, loss_rpn_bbox: 0.0011, loss_cls: 0.0326, acc: 98.5820, loss_bbox: 0.0154, loss: 0.0501
2026-05-08 05:23:37,613 - mmdet - INFO - Epoch [149][50/101]	lr: 1.000e-04, eta: 2:42:29, time: 0.670, data_time: 0.066, memory: 7277, loss_rpn_cls: 0.0014, loss_rpn_bbox: 0.0010, loss_cls: 0.0335, acc: 98.5905, loss_bbox: 0.0155, loss: 0.0514
2026-05-08 05:24:08,494 - mmdet - INFO - Epoch [149][100/101]	lr: 1.000e-04, eta: 2:41:56, time: 0.618, data_time: 0.013, memory: 7277, loss_rpn_cls: 0.0009, loss_rpn_bbox: 0.0010, loss_cls: 0.0358, acc: 98.4838, loss_bbox: 0.0174, loss: 0.0551
2026-05-08 05:24:42,809 - mmdet - INFO - Epoch [150][50/101]	lr: 1.000e-04, eta: 2:41:24, time: 0.671, data_time: 0.066, memory: 7277, loss_rpn_cls: 0.0013, loss_rpn_bbox: 0.0009, loss_cls: 0.0341, acc: 98.5039, loss_bbox: 0.0157, loss: 0.0520
2026-05-08 05:25:13,690 - mmdet - INFO - Epoch [150][100/101]	lr: 1.000e-04, eta: 2:40:52, time: 0.618, data_time: 0.013, memory: 7277, loss_rpn_cls: 0.0007, loss_rpn_bbox: 0.0010, loss_cls: 0.0353, acc: 98.4609, loss_bbox: 0.0167, loss: 0.0536
2026-05-08 05:25:14,450 - mmdet - INFO - Saving checkpoint at 150 epochs
2026-05-08 05:25:53,824 - mmdet - INFO - Evaluating bbox...
2026-05-08 05:25:56,944 - mmdet - INFO - 
 Average Precision  (AP) @[ IoU=0.50:0.95 | area=   all | maxDets=100 ] = 0.339
 Average Precision  (AP) @[ IoU=0.50      | area=   all | maxDets=1000 ] = 0.726
 Average Precision  (AP) @[ IoU=0.75      | area=   all | maxDets=1000 ] = 0.278
 Average Precision  (AP) @[ IoU=0.50:0.95 | area= small | maxDets=1000 ] = 0.028
 Average Precision  (AP) @[ IoU=0.50:0.95 | area=medium | maxDets=1000 ] = 0.261
 Average Precision  (AP) @[ IoU=0.50:0.95 | area= large | maxDets=1000 ] = 0.418
 Average Recall     (AR) @[ IoU=0.50:0.95 | area=   all | maxDets=100 ] = 0.468
 Average Recall     (AR) @[ IoU=0.50:0.95 | area=   all | maxDets=300 ] = 0.468
 Average Recall     (AR) @[ IoU=0.50:0.95 | area=   all | maxDets=1000 ] = 0.468
 Average Recall     (AR) @[ IoU=0.50:0.95 | area= small | maxDets=1000 ] = 0.027
 Average Recall     (AR) @[ IoU=0.50:0.95 | area=medium | maxDets=1000 ] = 0.384
 Average Recall     (AR) @[ IoU=0.50:0.95 | area= large | maxDets=1000 ] = 0.555

2026-05-08 05:25:56,949 - mmdet - INFO - Exp name: fold_3_swin_t_3x_hbb.py
2026-05-08 05:25:56,949 - mmdet - INFO - Epoch(val) [150][370]	bbox_mAP: 0.3390, bbox_mAP_50: 0.7260, bbox_mAP_75: 0.2780, bbox_mAP_s: 0.0280, bbox_mAP_m: 0.2610, bbox_mAP_l: 0.4180, bbox_mAP_copypaste: 0.339 0.726 0.278 0.028 0.261 0.418
2026-05-08 05:26:30,448 - mmdet - INFO - Epoch [151][50/101]	lr: 1.000e-04, eta: 2:40:20, time: 0.670, data_time: 0.066, memory: 7277, loss_rpn_cls: 0.0010, loss_rpn_bbox: 0.0010, loss_cls: 0.0342, acc: 98.5742, loss_bbox: 0.0160, loss: 0.0522
2026-05-08 05:27:01,348 - mmdet - INFO - Epoch [151][100/101]	lr: 1.000e-04, eta: 2:39:47, time: 0.618, data_time: 0.013, memory: 7277, loss_rpn_cls: 0.0010, loss_rpn_bbox: 0.0010, loss_cls: 0.0357, acc: 98.4815, loss_bbox: 0.0165, loss: 0.0542
2026-05-08 05:27:35,711 - mmdet - INFO - Epoch [152][50/101]	lr: 1.000e-04, eta: 2:39:16, time: 0.671, data_time: 0.065, memory: 7277, loss_rpn_cls: 0.0007, loss_rpn_bbox: 0.0009, loss_cls: 0.0349, acc: 98.5041, loss_bbox: 0.0146, loss: 0.0511
2026-05-08 05:28:06,528 - mmdet - INFO - Epoch [152][100/101]	lr: 1.000e-04, eta: 2:38:43, time: 0.616, data_time: 0.013, memory: 7277, loss_rpn_cls: 0.0008, loss_rpn_bbox: 0.0010, loss_cls: 0.0334, acc: 98.5464, loss_bbox: 0.0153, loss: 0.0505
2026-05-08 05:28:40,770 - mmdet - INFO - Epoch [153][50/101]	lr: 1.000e-04, eta: 2:38:11, time: 0.669, data_time: 0.066, memory: 7277, loss_rpn_cls: 0.0011, loss_rpn_bbox: 0.0010, loss_cls: 0.0316, acc: 98.6511, loss_bbox: 0.0139, loss: 0.0476
2026-05-08 05:29:11,518 - mmdet - INFO - Epoch [153][100/101]	lr: 1.000e-04, eta: 2:37:39, time: 0.615, data_time: 0.013, memory: 7277, loss_rpn_cls: 0.0009, loss_rpn_bbox: 0.0009, loss_cls: 0.0337, acc: 98.5429, loss_bbox: 0.0153, loss: 0.0509
2026-05-08 05:29:45,986 - mmdet - INFO - Epoch [154][50/101]	lr: 1.000e-04, eta: 2:37:07, time: 0.674, data_time: 0.067, memory: 7277, loss_rpn_cls: 0.0017, loss_rpn_bbox: 0.0012, loss_cls: 0.0413, acc: 98.2827, loss_bbox: 0.0181, loss: 0.0623
2026-05-08 05:30:16,743 - mmdet - INFO - Epoch [154][100/101]	lr: 1.000e-04, eta: 2:36:34, time: 0.615, data_time: 0.013, memory: 7277, loss_rpn_cls: 0.0021, loss_rpn_bbox: 0.0010, loss_cls: 0.0333, acc: 98.5667, loss_bbox: 0.0162, loss: 0.0526
2026-05-08 05:30:51,015 - mmdet - INFO - Epoch [155][50/101]	lr: 1.000e-04, eta: 2:36:03, time: 0.670, data_time: 0.066, memory: 7277, loss_rpn_cls: 0.0098, loss_rpn_bbox: 0.0017, loss_cls: 0.0456, acc: 98.1296, loss_bbox: 0.0217, loss: 0.0788
2026-05-08 05:31:21,685 - mmdet - INFO - Epoch [155][100/101]	lr: 1.000e-04, eta: 2:35:30, time: 0.613, data_time: 0.013, memory: 7277, loss_rpn_cls: 0.0031, loss_rpn_bbox: 0.0014, loss_cls: 0.0367, acc: 98.4620, loss_bbox: 0.0186, loss: 0.0597
2026-05-08 05:31:56,144 - mmdet - INFO - Epoch [156][50/101]	lr: 1.000e-04, eta: 2:34:58, time: 0.674, data_time: 0.065, memory: 7277, loss_rpn_cls: 0.0031, loss_rpn_bbox: 0.0013, loss_cls: 0.0409, acc: 98.2696, loss_bbox: 0.0199, loss: 0.0652
2026-05-08 05:32:27,049 - mmdet - INFO - Epoch [156][100/101]	lr: 1.000e-04, eta: 2:34:26, time: 0.618, data_time: 0.013, memory: 7277, loss_rpn_cls: 0.0028, loss_rpn_bbox: 0.0012, loss_cls: 0.0351, acc: 98.5280, loss_bbox: 0.0176, loss: 0.0568
2026-05-08 05:33:01,434 - mmdet - INFO - Epoch [157][50/101]	lr: 1.000e-04, eta: 2:33:54, time: 0.672, data_time: 0.066, memory: 7277, loss_rpn_cls: 0.0017, loss_rpn_bbox: 0.0015, loss_cls: 0.0369, acc: 98.4004, loss_bbox: 0.0178, loss: 0.0580
2026-05-08 05:33:32,286 - mmdet - INFO - Epoch [157][100/101]	lr: 1.000e-04, eta: 2:33:21, time: 0.617, data_time: 0.013, memory: 7277, loss_rpn_cls: 0.0011, loss_rpn_bbox: 0.0011, loss_cls: 0.0309, acc: 98.6924, loss_bbox: 0.0149, loss: 0.0480
2026-05-08 05:34:06,618 - mmdet - INFO - Epoch [158][50/101]	lr: 1.000e-04, eta: 2:32:50, time: 0.671, data_time: 0.066, memory: 7277, loss_rpn_cls: 0.0012, loss_rpn_bbox: 0.0010, loss_cls: 0.0307, acc: 98.6848, loss_bbox: 0.0156, loss: 0.0485
2026-05-08 05:34:37,469 - mmdet - INFO - Epoch [158][100/101]	lr: 1.000e-04, eta: 2:32:17, time: 0.617, data_time: 0.013, memory: 7277, loss_rpn_cls: 0.0017, loss_rpn_bbox: 0.0012, loss_cls: 0.0361, acc: 98.4604, loss_bbox: 0.0171, loss: 0.0561
2026-05-08 05:35:11,761 - mmdet - INFO - Epoch [159][50/101]	lr: 1.000e-04, eta: 2:31:46, time: 0.670, data_time: 0.066, memory: 7277, loss_rpn_cls: 0.0008, loss_rpn_bbox: 0.0009, loss_cls: 0.0338, acc: 98.5400, loss_bbox: 0.0166, loss: 0.0521
2026-05-08 05:35:42,607 - mmdet - INFO - Epoch [159][100/101]	lr: 1.000e-04, eta: 2:31:13, time: 0.617, data_time: 0.013, memory: 7277, loss_rpn_cls: 0.0014, loss_rpn_bbox: 0.0012, loss_cls: 0.0365, acc: 98.4239, loss_bbox: 0.0168, loss: 0.0559
2026-05-08 05:36:16,905 - mmdet - INFO - Epoch [160][50/101]	lr: 1.000e-04, eta: 2:30:41, time: 0.670, data_time: 0.065, memory: 7277, loss_rpn_cls: 0.0015, loss_rpn_bbox: 0.0011, loss_cls: 0.0338, acc: 98.5618, loss_bbox: 0.0171, loss: 0.0534
2026-05-08 05:36:47,750 - mmdet - INFO - Epoch [160][100/101]	lr: 1.000e-04, eta: 2:30:08, time: 0.617, data_time: 0.013, memory: 7277, loss_rpn_cls: 0.0009, loss_rpn_bbox: 0.0009, loss_cls: 0.0337, acc: 98.5708, loss_bbox: 0.0150, loss: 0.0506
2026-05-08 05:36:48,515 - mmdet - INFO - Saving checkpoint at 160 epochs
2026-05-08 05:37:28,056 - mmdet - INFO - Evaluating bbox...
2026-05-08 05:37:31,161 - mmdet - INFO - 
 Average Precision  (AP) @[ IoU=0.50:0.95 | area=   all | maxDets=100 ] = 0.341
 Average Precision  (AP) @[ IoU=0.50      | area=   all | maxDets=1000 ] = 0.730
 Average Precision  (AP) @[ IoU=0.75      | area=   all | maxDets=1000 ] = 0.275
 Average Precision  (AP) @[ IoU=0.50:0.95 | area= small | maxDets=1000 ] = 0.003
 Average Precision  (AP) @[ IoU=0.50:0.95 | area=medium | maxDets=1000 ] = 0.265
 Average Precision  (AP) @[ IoU=0.50:0.95 | area= large | maxDets=1000 ] = 0.418
 Average Recall     (AR) @[ IoU=0.50:0.95 | area=   all | maxDets=100 ] = 0.475
 Average Recall     (AR) @[ IoU=0.50:0.95 | area=   all | maxDets=300 ] = 0.475
 Average Recall     (AR) @[ IoU=0.50:0.95 | area=   all | maxDets=1000 ] = 0.475
 Average Recall     (AR) @[ IoU=0.50:0.95 | area= small | maxDets=1000 ] = 0.007
 Average Recall     (AR) @[ IoU=0.50:0.95 | area=medium | maxDets=1000 ] = 0.399
 Average Recall     (AR) @[ IoU=0.50:0.95 | area= large | maxDets=1000 ] = 0.557

2026-05-08 05:37:31,166 - mmdet - INFO - Exp name: fold_3_swin_t_3x_hbb.py
2026-05-08 05:37:31,166 - mmdet - INFO - Epoch(val) [160][370]	bbox_mAP: 0.3410, bbox_mAP_50: 0.7300, bbox_mAP_75: 0.2750, bbox_mAP_s: 0.0030, bbox_mAP_m: 0.2650, bbox_mAP_l: 0.4180, bbox_mAP_copypaste: 0.341 0.730 0.275 0.003 0.265 0.418
2026-05-08 05:38:04,631 - mmdet - INFO - Epoch [161][50/101]	lr: 1.000e-04, eta: 2:29:37, time: 0.669, data_time: 0.065, memory: 7277, loss_rpn_cls: 0.0017, loss_rpn_bbox: 0.0008, loss_cls: 0.0308, acc: 98.7196, loss_bbox: 0.0150, loss: 0.0483
2026-05-08 05:38:35,393 - mmdet - INFO - Epoch [161][100/101]	lr: 1.000e-04, eta: 2:29:04, time: 0.615, data_time: 0.013, memory: 7277, loss_rpn_cls: 0.0017, loss_rpn_bbox: 0.0010, loss_cls: 0.0336, acc: 98.5689, loss_bbox: 0.0164, loss: 0.0527
2026-05-08 05:39:09,757 - mmdet - INFO - Epoch [162][50/101]	lr: 1.000e-04, eta: 2:28:32, time: 0.671, data_time: 0.065, memory: 7277, loss_rpn_cls: 0.0012, loss_rpn_bbox: 0.0009, loss_cls: 0.0330, acc: 98.5655, loss_bbox: 0.0154, loss: 0.0506
2026-05-08 05:39:40,564 - mmdet - INFO - Epoch [162][100/101]	lr: 1.000e-04, eta: 2:28:00, time: 0.616, data_time: 0.013, memory: 7277, loss_rpn_cls: 0.0011, loss_rpn_bbox: 0.0009, loss_cls: 0.0332, acc: 98.6414, loss_bbox: 0.0147, loss: 0.0499
2026-05-08 05:40:14,849 - mmdet - INFO - Epoch [163][50/101]	lr: 1.000e-04, eta: 2:27:28, time: 0.670, data_time: 0.065, memory: 7277, loss_rpn_cls: 0.0006, loss_rpn_bbox: 0.0008, loss_cls: 0.0293, acc: 98.7751, loss_bbox: 0.0131, loss: 0.0438
2026-05-08 05:40:45,840 - mmdet - INFO - Epoch [163][100/101]	lr: 1.000e-04, eta: 2:26:55, time: 0.620, data_time: 0.013, memory: 7277, loss_rpn_cls: 0.0009, loss_rpn_bbox: 0.0010, loss_cls: 0.0343, acc: 98.5492, loss_bbox: 0.0171, loss: 0.0533
2026-05-08 05:41:20,042 - mmdet - INFO - Epoch [164][50/101]	lr: 1.000e-04, eta: 2:26:24, time: 0.668, data_time: 0.065, memory: 7277, loss_rpn_cls: 0.0006, loss_rpn_bbox: 0.0008, loss_cls: 0.0303, acc: 98.6963, loss_bbox: 0.0135, loss: 0.0451
2026-05-08 05:41:50,989 - mmdet - INFO - Epoch [164][100/101]	lr: 1.000e-04, eta: 2:25:51, time: 0.619, data_time: 0.013, memory: 7277, loss_rpn_cls: 0.0017, loss_rpn_bbox: 0.0010, loss_cls: 0.0331, acc: 98.5850, loss_bbox: 0.0166, loss: 0.0524
2026-05-08 05:42:25,316 - mmdet - INFO - Epoch [165][50/101]	lr: 1.000e-04, eta: 2:25:19, time: 0.670, data_time: 0.065, memory: 7277, loss_rpn_cls: 0.0009, loss_rpn_bbox: 0.0009, loss_cls: 0.0302, acc: 98.6966, loss_bbox: 0.0139, loss: 0.0459
2026-05-08 05:42:56,137 - mmdet - INFO - Epoch [165][100/101]	lr: 1.000e-04, eta: 2:24:47, time: 0.616, data_time: 0.013, memory: 7277, loss_rpn_cls: 0.0006, loss_rpn_bbox: 0.0009, loss_cls: 0.0329, acc: 98.5869, loss_bbox: 0.0146, loss: 0.0490
2026-05-08 05:43:30,450 - mmdet - INFO - Epoch [166][50/101]	lr: 1.000e-04, eta: 2:24:15, time: 0.670, data_time: 0.066, memory: 7277, loss_rpn_cls: 0.0007, loss_rpn_bbox: 0.0008, loss_cls: 0.0326, acc: 98.5932, loss_bbox: 0.0139, loss: 0.0480
2026-05-08 05:44:01,364 - mmdet - INFO - Epoch [166][100/101]	lr: 1.000e-04, eta: 2:23:42, time: 0.618, data_time: 0.013, memory: 7277, loss_rpn_cls: 0.0009, loss_rpn_bbox: 0.0009, loss_cls: 0.0329, acc: 98.5878, loss_bbox: 0.0146, loss: 0.0494
2026-05-08 05:44:35,677 - mmdet - INFO - Epoch [167][50/101]	lr: 1.000e-04, eta: 2:23:11, time: 0.671, data_time: 0.066, memory: 7277, loss_rpn_cls: 0.0007, loss_rpn_bbox: 0.0009, loss_cls: 0.0317, acc: 98.6385, loss_bbox: 0.0144, loss: 0.0477
2026-05-08 05:45:06,544 - mmdet - INFO - Epoch [167][100/101]	lr: 1.000e-04, eta: 2:22:38, time: 0.617, data_time: 0.013, memory: 7277, loss_rpn_cls: 0.0007, loss_rpn_bbox: 0.0009, loss_cls: 0.0319, acc: 98.6215, loss_bbox: 0.0136, loss: 0.0472
2026-05-08 05:45:40,853 - mmdet - INFO - Epoch [168][50/101]	lr: 1.000e-04, eta: 2:22:07, time: 0.670, data_time: 0.066, memory: 7277, loss_rpn_cls: 0.0009, loss_rpn_bbox: 0.0011, loss_cls: 0.0346, acc: 98.5392, loss_bbox: 0.0155, loss: 0.0521
2026-05-08 05:46:11,694 - mmdet - INFO - Epoch [168][100/101]	lr: 1.000e-04, eta: 2:21:34, time: 0.617, data_time: 0.013, memory: 7277, loss_rpn_cls: 0.0009, loss_rpn_bbox: 0.0011, loss_cls: 0.0320, acc: 98.6514, loss_bbox: 0.0138, loss: 0.0478
2026-05-08 05:46:46,045 - mmdet - INFO - Epoch [169][50/101]	lr: 1.000e-04, eta: 2:21:02, time: 0.672, data_time: 0.066, memory: 7277, loss_rpn_cls: 0.0007, loss_rpn_bbox: 0.0009, loss_cls: 0.0317, acc: 98.6148, loss_bbox: 0.0144, loss: 0.0478
2026-05-08 05:47:16,914 - mmdet - INFO - Epoch [169][100/101]	lr: 1.000e-04, eta: 2:20:30, time: 0.617, data_time: 0.013, memory: 7277, loss_rpn_cls: 0.0006, loss_rpn_bbox: 0.0008, loss_cls: 0.0290, acc: 98.7566, loss_bbox: 0.0135, loss: 0.0440
2026-05-08 05:47:51,491 - mmdet - INFO - Epoch [170][50/101]	lr: 1.000e-04, eta: 2:19:58, time: 0.676, data_time: 0.066, memory: 7277, loss_rpn_cls: 0.0008, loss_rpn_bbox: 0.0009, loss_cls: 0.0308, acc: 98.6682, loss_bbox: 0.0143, loss: 0.0468
2026-05-08 05:48:22,654 - mmdet - INFO - Epoch [170][100/101]	lr: 1.000e-04, eta: 2:19:26, time: 0.623, data_time: 0.013, memory: 7277, loss_rpn_cls: 0.0013, loss_rpn_bbox: 0.0009, loss_cls: 0.0341, acc: 98.5295, loss_bbox: 0.0142, loss: 0.0505
2026-05-08 05:48:23,420 - mmdet - INFO - Saving checkpoint at 170 epochs
2026-05-08 05:49:02,776 - mmdet - INFO - Evaluating bbox...
2026-05-08 05:49:05,936 - mmdet - INFO - 
 Average Precision  (AP) @[ IoU=0.50:0.95 | area=   all | maxDets=100 ] = 0.327
 Average Precision  (AP) @[ IoU=0.50      | area=   all | maxDets=1000 ] = 0.719
 Average Precision  (AP) @[ IoU=0.75      | area=   all | maxDets=1000 ] = 0.253
 Average Precision  (AP) @[ IoU=0.50:0.95 | area= small | maxDets=1000 ] = 0.000
 Average Precision  (AP) @[ IoU=0.50:0.95 | area=medium | maxDets=1000 ] = 0.257
 Average Precision  (AP) @[ IoU=0.50:0.95 | area= large | maxDets=1000 ] = 0.403
 Average Recall     (AR) @[ IoU=0.50:0.95 | area=   all | maxDets=100 ] = 0.465
 Average Recall     (AR) @[ IoU=0.50:0.95 | area=   all | maxDets=300 ] = 0.465
 Average Recall     (AR) @[ IoU=0.50:0.95 | area=   all | maxDets=1000 ] = 0.465
 Average Recall     (AR) @[ IoU=0.50:0.95 | area= small | maxDets=1000 ] = 0.000
 Average Recall     (AR) @[ IoU=0.50:0.95 | area=medium | maxDets=1000 ] = 0.388
 Average Recall     (AR) @[ IoU=0.50:0.95 | area= large | maxDets=1000 ] = 0.547

2026-05-08 05:49:05,941 - mmdet - INFO - Exp name: fold_3_swin_t_3x_hbb.py
2026-05-08 05:49:05,941 - mmdet - INFO - Epoch(val) [170][370]	bbox_mAP: 0.3270, bbox_mAP_50: 0.7190, bbox_mAP_75: 0.2530, bbox_mAP_s: 0.0000, bbox_mAP_m: 0.2570, bbox_mAP_l: 0.4030, bbox_mAP_copypaste: 0.327 0.719 0.253 0.000 0.257 0.403
2026-05-08 05:49:39,448 - mmdet - INFO - Epoch [171][50/101]	lr: 1.000e-04, eta: 2:18:54, time: 0.670, data_time: 0.065, memory: 7277, loss_rpn_cls: 0.0012, loss_rpn_bbox: 0.0009, loss_cls: 0.0358, acc: 98.4531, loss_bbox: 0.0168, loss: 0.0547
2026-05-08 05:50:10,273 - mmdet - INFO - Epoch [171][100/101]	lr: 1.000e-04, eta: 2:18:21, time: 0.616, data_time: 0.013, memory: 7277, loss_rpn_cls: 0.0008, loss_rpn_bbox: 0.0009, loss_cls: 0.0316, acc: 98.6572, loss_bbox: 0.0152, loss: 0.0485
2026-05-08 05:50:44,648 - mmdet - INFO - Epoch [172][50/101]	lr: 1.000e-04, eta: 2:17:50, time: 0.671, data_time: 0.065, memory: 7277, loss_rpn_cls: 0.0009, loss_rpn_bbox: 0.0009, loss_cls: 0.0341, acc: 98.5723, loss_bbox: 0.0161, loss: 0.0520
2026-05-08 05:51:15,422 - mmdet - INFO - Epoch [172][100/101]	lr: 1.000e-04, eta: 2:17:17, time: 0.615, data_time: 0.013, memory: 7277, loss_rpn_cls: 0.0011, loss_rpn_bbox: 0.0009, loss_cls: 0.0330, acc: 98.6091, loss_bbox: 0.0154, loss: 0.0505
2026-05-08 05:51:49,771 - mmdet - INFO - Epoch [173][50/101]	lr: 1.000e-04, eta: 2:16:45, time: 0.671, data_time: 0.066, memory: 7277, loss_rpn_cls: 0.0012, loss_rpn_bbox: 0.0010, loss_cls: 0.0345, acc: 98.5018, loss_bbox: 0.0166, loss: 0.0533
2026-05-08 05:52:20,607 - mmdet - INFO - Epoch [173][100/101]	lr: 1.000e-04, eta: 2:16:13, time: 0.617, data_time: 0.013, memory: 7277, loss_rpn_cls: 0.0008, loss_rpn_bbox: 0.0010, loss_cls: 0.0332, acc: 98.5706, loss_bbox: 0.0145, loss: 0.0495
2026-05-08 05:52:55,011 - mmdet - INFO - Epoch [174][50/101]	lr: 1.000e-04, eta: 2:15:41, time: 0.673, data_time: 0.066, memory: 7277, loss_rpn_cls: 0.0009, loss_rpn_bbox: 0.0009, loss_cls: 0.0311, acc: 98.6788, loss_bbox: 0.0142, loss: 0.0471
2026-05-08 05:53:25,914 - mmdet - INFO - Epoch [174][100/101]	lr: 1.000e-04, eta: 2:15:08, time: 0.618, data_time: 0.013, memory: 7277, loss_rpn_cls: 0.0005, loss_rpn_bbox: 0.0009, loss_cls: 0.0319, acc: 98.6191, loss_bbox: 0.0147, loss: 0.0480
2026-05-08 05:54:00,153 - mmdet - INFO - Epoch [175][50/101]	lr: 1.000e-04, eta: 2:14:37, time: 0.669, data_time: 0.065, memory: 7277, loss_rpn_cls: 0.0006, loss_rpn_bbox: 0.0007, loss_cls: 0.0316, acc: 98.6641, loss_bbox: 0.0132, loss: 0.0460
2026-05-08 05:54:30,967 - mmdet - INFO - Epoch [175][100/101]	lr: 1.000e-04, eta: 2:14:04, time: 0.616, data_time: 0.013, memory: 7277, loss_rpn_cls: 0.0011, loss_rpn_bbox: 0.0009, loss_cls: 0.0315, acc: 98.6587, loss_bbox: 0.0144, loss: 0.0480
2026-05-08 05:55:05,335 - mmdet - INFO - Epoch [176][50/101]	lr: 1.000e-04, eta: 2:13:32, time: 0.672, data_time: 0.066, memory: 7277, loss_rpn_cls: 0.0006, loss_rpn_bbox: 0.0010, loss_cls: 0.0358, acc: 98.4823, loss_bbox: 0.0161, loss: 0.0536
2026-05-08 05:55:36,132 - mmdet - INFO - Epoch [176][100/101]	lr: 1.000e-04, eta: 2:13:00, time: 0.616, data_time: 0.013, memory: 7277, loss_rpn_cls: 0.0006, loss_rpn_bbox: 0.0009, loss_cls: 0.0304, acc: 98.6832, loss_bbox: 0.0132, loss: 0.0451
2026-05-08 05:56:10,545 - mmdet - INFO - Epoch [177][50/101]	lr: 1.000e-04, eta: 2:12:28, time: 0.673, data_time: 0.066, memory: 7277, loss_rpn_cls: 0.0009, loss_rpn_bbox: 0.0010, loss_cls: 0.0358, acc: 98.4947, loss_bbox: 0.0165, loss: 0.0542
2026-05-08 05:56:41,311 - mmdet - INFO - Epoch [177][100/101]	lr: 1.000e-04, eta: 2:11:55, time: 0.615, data_time: 0.013, memory: 7277, loss_rpn_cls: 0.0011, loss_rpn_bbox: 0.0008, loss_cls: 0.0325, acc: 98.5859, loss_bbox: 0.0127, loss: 0.0471
2026-05-08 05:57:15,581 - mmdet - INFO - Epoch [178][50/101]	lr: 1.000e-04, eta: 2:11:24, time: 0.670, data_time: 0.065, memory: 7277, loss_rpn_cls: 0.0017, loss_rpn_bbox: 0.0009, loss_cls: 0.0336, acc: 98.5537, loss_bbox: 0.0160, loss: 0.0522
2026-05-08 05:57:46,450 - mmdet - INFO - Epoch [178][100/101]	lr: 1.000e-04, eta: 2:10:51, time: 0.617, data_time: 0.013, memory: 7277, loss_rpn_cls: 0.0013, loss_rpn_bbox: 0.0010, loss_cls: 0.0380, acc: 98.4058, loss_bbox: 0.0170, loss: 0.0574
2026-05-08 05:58:20,725 - mmdet - INFO - Epoch [179][50/101]	lr: 1.000e-04, eta: 2:10:19, time: 0.670, data_time: 0.065, memory: 7277, loss_rpn_cls: 0.0011, loss_rpn_bbox: 0.0009, loss_cls: 0.0305, acc: 98.7134, loss_bbox: 0.0137, loss: 0.0462
2026-05-08 05:58:51,604 - mmdet - INFO - Epoch [179][100/101]	lr: 1.000e-04, eta: 2:09:47, time: 0.618, data_time: 0.013, memory: 7277, loss_rpn_cls: 0.0014, loss_rpn_bbox: 0.0011, loss_cls: 0.0338, acc: 98.5595, loss_bbox: 0.0147, loss: 0.0510
2026-05-08 05:59:25,855 - mmdet - INFO - Epoch [180][50/101]	lr: 1.000e-04, eta: 2:09:15, time: 0.669, data_time: 0.066, memory: 7277, loss_rpn_cls: 0.0007, loss_rpn_bbox: 0.0009, loss_cls: 0.0297, acc: 98.7189, loss_bbox: 0.0135, loss: 0.0448
2026-05-08 05:59:56,768 - mmdet - INFO - Epoch [180][100/101]	lr: 1.000e-04, eta: 2:08:42, time: 0.618, data_time: 0.013, memory: 7277, loss_rpn_cls: 0.0007, loss_rpn_bbox: 0.0010, loss_cls: 0.0346, acc: 98.5029, loss_bbox: 0.0156, loss: 0.0519
2026-05-08 05:59:57,545 - mmdet - INFO - Saving checkpoint at 180 epochs
2026-05-08 06:00:36,686 - mmdet - INFO - Evaluating bbox...
2026-05-08 06:00:39,820 - mmdet - INFO - 
 Average Precision  (AP) @[ IoU=0.50:0.95 | area=   all | maxDets=100 ] = 0.327
 Average Precision  (AP) @[ IoU=0.50      | area=   all | maxDets=1000 ] = 0.713
 Average Precision  (AP) @[ IoU=0.75      | area=   all | maxDets=1000 ] = 0.262
 Average Precision  (AP) @[ IoU=0.50:0.95 | area= small | maxDets=1000 ] = 0.002
 Average Precision  (AP) @[ IoU=0.50:0.95 | area=medium | maxDets=1000 ] = 0.245
 Average Precision  (AP) @[ IoU=0.50:0.95 | area= large | maxDets=1000 ] = 0.409
 Average Recall     (AR) @[ IoU=0.50:0.95 | area=   all | maxDets=100 ] = 0.456
 Average Recall     (AR) @[ IoU=0.50:0.95 | area=   all | maxDets=300 ] = 0.456
 Average Recall     (AR) @[ IoU=0.50:0.95 | area=   all | maxDets=1000 ] = 0.456
 Average Recall     (AR) @[ IoU=0.50:0.95 | area= small | maxDets=1000 ] = 0.007
 Average Recall     (AR) @[ IoU=0.50:0.95 | area=medium | maxDets=1000 ] = 0.386
 Average Recall     (AR) @[ IoU=0.50:0.95 | area= large | maxDets=1000 ] = 0.531

2026-05-08 06:00:39,825 - mmdet - INFO - Exp name: fold_3_swin_t_3x_hbb.py
2026-05-08 06:00:39,825 - mmdet - INFO - Epoch(val) [180][370]	bbox_mAP: 0.3270, bbox_mAP_50: 0.7130, bbox_mAP_75: 0.2620, bbox_mAP_s: 0.0020, bbox_mAP_m: 0.2450, bbox_mAP_l: 0.4090, bbox_mAP_copypaste: 0.327 0.713 0.262 0.002 0.245 0.409
2026-05-08 06:01:13,300 - mmdet - INFO - Epoch [181][50/101]	lr: 1.000e-04, eta: 2:08:11, time: 0.669, data_time: 0.066, memory: 7277, loss_rpn_cls: 0.0011, loss_rpn_bbox: 0.0009, loss_cls: 0.0297, acc: 98.7518, loss_bbox: 0.0137, loss: 0.0454
2026-05-08 06:01:44,065 - mmdet - INFO - Epoch [181][100/101]	lr: 1.000e-04, eta: 2:07:38, time: 0.615, data_time: 0.013, memory: 7277, loss_rpn_cls: 0.0009, loss_rpn_bbox: 0.0010, loss_cls: 0.0347, acc: 98.5049, loss_bbox: 0.0142, loss: 0.0507
2026-05-08 06:02:18,410 - mmdet - INFO - Epoch [182][50/101]	lr: 1.000e-04, eta: 2:07:06, time: 0.671, data_time: 0.066, memory: 7277, loss_rpn_cls: 0.0006, loss_rpn_bbox: 0.0008, loss_cls: 0.0303, acc: 98.7218, loss_bbox: 0.0134, loss: 0.0451
2026-05-08 06:02:49,233 - mmdet - INFO - Epoch [182][100/101]	lr: 1.000e-04, eta: 2:06:34, time: 0.616, data_time: 0.013, memory: 7277, loss_rpn_cls: 0.0007, loss_rpn_bbox: 0.0011, loss_cls: 0.0342, acc: 98.5282, loss_bbox: 0.0158, loss: 0.0517
2026-05-08 06:03:23,512 - mmdet - INFO - Epoch [183][50/101]	lr: 1.000e-04, eta: 2:06:02, time: 0.670, data_time: 0.066, memory: 7277, loss_rpn_cls: 0.0008, loss_rpn_bbox: 0.0009, loss_cls: 0.0317, acc: 98.6558, loss_bbox: 0.0141, loss: 0.0475
2026-05-08 06:03:54,426 - mmdet - INFO - Epoch [183][100/101]	lr: 1.000e-04, eta: 2:05:29, time: 0.618, data_time: 0.013, memory: 7277, loss_rpn_cls: 0.0012, loss_rpn_bbox: 0.0009, loss_cls: 0.0316, acc: 98.6729, loss_bbox: 0.0132, loss: 0.0469
2026-05-08 06:04:28,806 - mmdet - INFO - Epoch [184][50/101]	lr: 1.000e-04, eta: 2:04:58, time: 0.672, data_time: 0.065, memory: 7277, loss_rpn_cls: 0.0014, loss_rpn_bbox: 0.0011, loss_cls: 0.0310, acc: 98.6902, loss_bbox: 0.0138, loss: 0.0472
2026-05-08 06:04:59,701 - mmdet - INFO - Epoch [184][100/101]	lr: 1.000e-04, eta: 2:04:25, time: 0.618, data_time: 0.013, memory: 7277, loss_rpn_cls: 0.0012, loss_rpn_bbox: 0.0010, loss_cls: 0.0311, acc: 98.6719, loss_bbox: 0.0158, loss: 0.0491
2026-05-08 06:05:34,142 - mmdet - INFO - Epoch [185][50/101]	lr: 1.000e-04, eta: 2:03:53, time: 0.673, data_time: 0.066, memory: 7277, loss_rpn_cls: 0.0009, loss_rpn_bbox: 0.0011, loss_cls: 0.0304, acc: 98.7121, loss_bbox: 0.0138, loss: 0.0462
2026-05-08 06:06:04,936 - mmdet - INFO - Epoch [185][100/101]	lr: 1.000e-04, eta: 2:03:21, time: 0.616, data_time: 0.013, memory: 7277, loss_rpn_cls: 0.0004, loss_rpn_bbox: 0.0008, loss_cls: 0.0307, acc: 98.6631, loss_bbox: 0.0130, loss: 0.0449
2026-05-08 06:06:39,337 - mmdet - INFO - Epoch [186][50/101]	lr: 1.000e-04, eta: 2:02:49, time: 0.672, data_time: 0.066, memory: 7277, loss_rpn_cls: 0.0009, loss_rpn_bbox: 0.0009, loss_cls: 0.0304, acc: 98.7155, loss_bbox: 0.0138, loss: 0.0460
2026-05-08 06:07:10,210 - mmdet - INFO - Epoch [186][100/101]	lr: 1.000e-04, eta: 2:02:16, time: 0.617, data_time: 0.013, memory: 7277, loss_rpn_cls: 0.0008, loss_rpn_bbox: 0.0009, loss_cls: 0.0308, acc: 98.6904, loss_bbox: 0.0127, loss: 0.0452
2026-05-08 06:07:44,656 - mmdet - INFO - Epoch [187][50/101]	lr: 1.000e-04, eta: 2:01:45, time: 0.673, data_time: 0.065, memory: 7277, loss_rpn_cls: 0.0008, loss_rpn_bbox: 0.0011, loss_cls: 0.0328, acc: 98.5721, loss_bbox: 0.0154, loss: 0.0500
2026-05-08 06:08:15,546 - mmdet - INFO - Epoch [187][100/101]	lr: 1.000e-04, eta: 2:01:12, time: 0.618, data_time: 0.013, memory: 7277, loss_rpn_cls: 0.0008, loss_rpn_bbox: 0.0007, loss_cls: 0.0291, acc: 98.7588, loss_bbox: 0.0123, loss: 0.0429
2026-05-08 06:08:49,980 - mmdet - INFO - Epoch [188][50/101]	lr: 1.000e-04, eta: 2:00:40, time: 0.673, data_time: 0.066, memory: 7277, loss_rpn_cls: 0.0017, loss_rpn_bbox: 0.0009, loss_cls: 0.0338, acc: 98.5819, loss_bbox: 0.0152, loss: 0.0516
2026-05-08 06:09:20,783 - mmdet - INFO - Epoch [188][100/101]	lr: 1.000e-04, eta: 2:00:08, time: 0.616, data_time: 0.013, memory: 7277, loss_rpn_cls: 0.0012, loss_rpn_bbox: 0.0009, loss_cls: 0.0288, acc: 98.7864, loss_bbox: 0.0128, loss: 0.0437
2026-05-08 06:09:55,252 - mmdet - INFO - Epoch [189][50/101]	lr: 1.000e-04, eta: 1:59:36, time: 0.674, data_time: 0.066, memory: 7277, loss_rpn_cls: 0.0013, loss_rpn_bbox: 0.0011, loss_cls: 0.0335, acc: 98.5781, loss_bbox: 0.0152, loss: 0.0511
2026-05-08 06:10:26,119 - mmdet - INFO - Epoch [189][100/101]	lr: 1.000e-04, eta: 1:59:04, time: 0.617, data_time: 0.013, memory: 7277, loss_rpn_cls: 0.0005, loss_rpn_bbox: 0.0008, loss_cls: 0.0322, acc: 98.6210, loss_bbox: 0.0145, loss: 0.0481
2026-05-08 06:11:00,391 - mmdet - INFO - Epoch [190][50/101]	lr: 1.000e-04, eta: 1:58:32, time: 0.670, data_time: 0.065, memory: 7277, loss_rpn_cls: 0.0006, loss_rpn_bbox: 0.0008, loss_cls: 0.0310, acc: 98.6612, loss_bbox: 0.0143, loss: 0.0467
2026-05-08 06:11:31,246 - mmdet - INFO - Epoch [190][100/101]	lr: 1.000e-04, eta: 1:57:59, time: 0.617, data_time: 0.013, memory: 7277, loss_rpn_cls: 0.0007, loss_rpn_bbox: 0.0009, loss_cls: 0.0300, acc: 98.7070, loss_bbox: 0.0129, loss: 0.0445
2026-05-08 06:11:32,015 - mmdet - INFO - Saving checkpoint at 190 epochs
2026-05-08 06:12:11,360 - mmdet - INFO - Evaluating bbox...
2026-05-08 06:12:14,415 - mmdet - INFO - 
 Average Precision  (AP) @[ IoU=0.50:0.95 | area=   all | maxDets=100 ] = 0.339
 Average Precision  (AP) @[ IoU=0.50      | area=   all | maxDets=1000 ] = 0.727
 Average Precision  (AP) @[ IoU=0.75      | area=   all | maxDets=1000 ] = 0.275
 Average Precision  (AP) @[ IoU=0.50:0.95 | area= small | maxDets=1000 ] = 0.007
 Average Precision  (AP) @[ IoU=0.50:0.95 | area=medium | maxDets=1000 ] = 0.255
 Average Precision  (AP) @[ IoU=0.50:0.95 | area= large | maxDets=1000 ] = 0.422
 Average Recall     (AR) @[ IoU=0.50:0.95 | area=   all | maxDets=100 ] = 0.468
 Average Recall     (AR) @[ IoU=0.50:0.95 | area=   all | maxDets=300 ] = 0.468
 Average Recall     (AR) @[ IoU=0.50:0.95 | area=   all | maxDets=1000 ] = 0.468
 Average Recall     (AR) @[ IoU=0.50:0.95 | area= small | maxDets=1000 ] = 0.007
 Average Recall     (AR) @[ IoU=0.50:0.95 | area=medium | maxDets=1000 ] = 0.388
 Average Recall     (AR) @[ IoU=0.50:0.95 | area= large | maxDets=1000 ] = 0.552

2026-05-08 06:12:14,419 - mmdet - INFO - Exp name: fold_3_swin_t_3x_hbb.py
2026-05-08 06:12:14,420 - mmdet - INFO - Epoch(val) [190][370]	bbox_mAP: 0.3390, bbox_mAP_50: 0.7270, bbox_mAP_75: 0.2750, bbox_mAP_s: 0.0070, bbox_mAP_m: 0.2550, bbox_mAP_l: 0.4220, bbox_mAP_copypaste: 0.339 0.727 0.275 0.007 0.255 0.422
2026-05-08 06:12:47,915 - mmdet - INFO - Epoch [191][50/101]	lr: 1.000e-04, eta: 1:57:27, time: 0.670, data_time: 0.065, memory: 7277, loss_rpn_cls: 0.0007, loss_rpn_bbox: 0.0010, loss_cls: 0.0303, acc: 98.6562, loss_bbox: 0.0129, loss: 0.0448
2026-05-08 06:13:18,789 - mmdet - INFO - Epoch [191][100/101]	lr: 1.000e-04, eta: 1:56:55, time: 0.617, data_time: 0.013, memory: 7277, loss_rpn_cls: 0.0009, loss_rpn_bbox: 0.0009, loss_cls: 0.0341, acc: 98.5537, loss_bbox: 0.0138, loss: 0.0498
2026-05-08 06:13:53,079 - mmdet - INFO - Epoch [192][50/101]	lr: 1.000e-04, eta: 1:56:23, time: 0.670, data_time: 0.066, memory: 7277, loss_rpn_cls: 0.0008, loss_rpn_bbox: 0.0009, loss_cls: 0.0298, acc: 98.7256, loss_bbox: 0.0137, loss: 0.0452
2026-05-08 06:14:23,957 - mmdet - INFO - Epoch [192][100/101]	lr: 1.000e-04, eta: 1:55:51, time: 0.618, data_time: 0.013, memory: 7277, loss_rpn_cls: 0.0007, loss_rpn_bbox: 0.0010, loss_cls: 0.0321, acc: 98.6136, loss_bbox: 0.0146, loss: 0.0484
2026-05-08 06:14:58,293 - mmdet - INFO - Epoch [193][50/101]	lr: 1.000e-04, eta: 1:55:19, time: 0.671, data_time: 0.066, memory: 7277, loss_rpn_cls: 0.0005, loss_rpn_bbox: 0.0010, loss_cls: 0.0321, acc: 98.6133, loss_bbox: 0.0142, loss: 0.0478
2026-05-08 06:15:29,094 - mmdet - INFO - Epoch [193][100/101]	lr: 1.000e-04, eta: 1:54:46, time: 0.616, data_time: 0.013, memory: 7277, loss_rpn_cls: 0.0007, loss_rpn_bbox: 0.0008, loss_cls: 0.0310, acc: 98.6800, loss_bbox: 0.0135, loss: 0.0461
2026-05-08 06:16:03,421 - mmdet - INFO - Epoch [194][50/101]	lr: 1.000e-04, eta: 1:54:14, time: 0.671, data_time: 0.065, memory: 7277, loss_rpn_cls: 0.0008, loss_rpn_bbox: 0.0009, loss_cls: 0.0318, acc: 98.6318, loss_bbox: 0.0133, loss: 0.0468
2026-05-08 06:16:34,262 - mmdet - INFO - Epoch [194][100/101]	lr: 1.000e-04, eta: 1:53:42, time: 0.617, data_time: 0.013, memory: 7277, loss_rpn_cls: 0.0007, loss_rpn_bbox: 0.0010, loss_cls: 0.0309, acc: 98.6750, loss_bbox: 0.0135, loss: 0.0461
2026-05-08 06:17:08,741 - mmdet - INFO - Epoch [195][50/101]	lr: 1.000e-04, eta: 1:53:10, time: 0.674, data_time: 0.066, memory: 7277, loss_rpn_cls: 0.0009, loss_rpn_bbox: 0.0010, loss_cls: 0.0338, acc: 98.5800, loss_bbox: 0.0148, loss: 0.0506
2026-05-08 06:17:39,634 - mmdet - INFO - Epoch [195][100/101]	lr: 1.000e-04, eta: 1:52:38, time: 0.618, data_time: 0.013, memory: 7277, loss_rpn_cls: 0.0011, loss_rpn_bbox: 0.0008, loss_cls: 0.0299, acc: 98.7450, loss_bbox: 0.0130, loss: 0.0449
2026-05-08 06:18:13,971 - mmdet - INFO - Epoch [196][50/101]	lr: 1.000e-04, eta: 1:52:06, time: 0.671, data_time: 0.065, memory: 7277, loss_rpn_cls: 0.0008, loss_rpn_bbox: 0.0009, loss_cls: 0.0306, acc: 98.7031, loss_bbox: 0.0125, loss: 0.0448
2026-05-08 06:18:44,822 - mmdet - INFO - Epoch [196][100/101]	lr: 1.000e-04, eta: 1:51:33, time: 0.617, data_time: 0.013, memory: 7277, loss_rpn_cls: 0.0008, loss_rpn_bbox: 0.0009, loss_cls: 0.0320, acc: 98.6538, loss_bbox: 0.0138, loss: 0.0474
2026-05-08 06:19:19,272 - mmdet - INFO - Epoch [197][50/101]	lr: 1.000e-04, eta: 1:51:01, time: 0.673, data_time: 0.066, memory: 7277, loss_rpn_cls: 0.0016, loss_rpn_bbox: 0.0010, loss_cls: 0.0335, acc: 98.5498, loss_bbox: 0.0145, loss: 0.0506
2026-05-08 06:19:50,158 - mmdet - INFO - Epoch [197][100/101]	lr: 1.000e-04, eta: 1:50:29, time: 0.618, data_time: 0.013, memory: 7277, loss_rpn_cls: 0.0013, loss_rpn_bbox: 0.0009, loss_cls: 0.0303, acc: 98.6921, loss_bbox: 0.0143, loss: 0.0468
2026-05-08 06:20:24,529 - mmdet - INFO - Epoch [198][50/101]	lr: 1.000e-04, eta: 1:49:57, time: 0.672, data_time: 0.066, memory: 7277, loss_rpn_cls: 0.0010, loss_rpn_bbox: 0.0009, loss_cls: 0.0319, acc: 98.6849, loss_bbox: 0.0145, loss: 0.0483
2026-05-08 06:20:55,395 - mmdet - INFO - Epoch [198][100/101]	lr: 1.000e-04, eta: 1:49:25, time: 0.617, data_time: 0.013, memory: 7277, loss_rpn_cls: 0.0007, loss_rpn_bbox: 0.0011, loss_cls: 0.0344, acc: 98.5295, loss_bbox: 0.0149, loss: 0.0511
2026-05-08 06:21:29,761 - mmdet - INFO - Epoch [199][50/101]	lr: 1.000e-04, eta: 1:48:53, time: 0.671, data_time: 0.066, memory: 7277, loss_rpn_cls: 0.0015, loss_rpn_bbox: 0.0010, loss_cls: 0.0342, acc: 98.5678, loss_bbox: 0.0141, loss: 0.0508
2026-05-08 06:22:00,632 - mmdet - INFO - Epoch [199][100/101]	lr: 1.000e-04, eta: 1:48:20, time: 0.617, data_time: 0.013, memory: 7277, loss_rpn_cls: 0.0009, loss_rpn_bbox: 0.0009, loss_cls: 0.0290, acc: 98.7422, loss_bbox: 0.0126, loss: 0.0433
2026-05-08 06:22:34,891 - mmdet - INFO - Epoch [200][50/101]	lr: 1.000e-04, eta: 1:47:48, time: 0.670, data_time: 0.066, memory: 7277, loss_rpn_cls: 0.0010, loss_rpn_bbox: 0.0008, loss_cls: 0.0311, acc: 98.6348, loss_bbox: 0.0134, loss: 0.0462
2026-05-08 06:23:05,846 - mmdet - INFO - Epoch [200][100/101]	lr: 1.000e-04, eta: 1:47:16, time: 0.619, data_time: 0.013, memory: 7277, loss_rpn_cls: 0.0018, loss_rpn_bbox: 0.0010, loss_cls: 0.0325, acc: 98.6071, loss_bbox: 0.0144, loss: 0.0497
2026-05-08 06:23:06,625 - mmdet - INFO - Saving checkpoint at 200 epochs
2026-05-08 06:23:46,150 - mmdet - INFO - Evaluating bbox...
2026-05-08 06:23:49,478 - mmdet - INFO - 
 Average Precision  (AP) @[ IoU=0.50:0.95 | area=   all | maxDets=100 ] = 0.340
 Average Precision  (AP) @[ IoU=0.50      | area=   all | maxDets=1000 ] = 0.723
 Average Precision  (AP) @[ IoU=0.75      | area=   all | maxDets=1000 ] = 0.274
 Average Precision  (AP) @[ IoU=0.50:0.95 | area= small | maxDets=1000 ] = 0.003
 Average Precision  (AP) @[ IoU=0.50:0.95 | area=medium | maxDets=1000 ] = 0.266
 Average Precision  (AP) @[ IoU=0.50:0.95 | area= large | maxDets=1000 ] = 0.417
 Average Recall     (AR) @[ IoU=0.50:0.95 | area=   all | maxDets=100 ] = 0.480
 Average Recall     (AR) @[ IoU=0.50:0.95 | area=   all | maxDets=300 ] = 0.480
 Average Recall     (AR) @[ IoU=0.50:0.95 | area=   all | maxDets=1000 ] = 0.480
 Average Recall     (AR) @[ IoU=0.50:0.95 | area= small | maxDets=1000 ] = 0.013
 Average Recall     (AR) @[ IoU=0.50:0.95 | area=medium | maxDets=1000 ] = 0.412
 Average Recall     (AR) @[ IoU=0.50:0.95 | area= large | maxDets=1000 ] = 0.553

2026-05-08 06:23:49,483 - mmdet - INFO - Exp name: fold_3_swin_t_3x_hbb.py
2026-05-08 06:23:49,484 - mmdet - INFO - Epoch(val) [200][370]	bbox_mAP: 0.3400, bbox_mAP_50: 0.7230, bbox_mAP_75: 0.2740, bbox_mAP_s: 0.0030, bbox_mAP_m: 0.2660, bbox_mAP_l: 0.4170, bbox_mAP_copypaste: 0.340 0.723 0.274 0.003 0.266 0.417
2026-05-08 06:24:23,027 - mmdet - INFO - Epoch [201][50/101]	lr: 1.000e-05, eta: 1:46:44, time: 0.671, data_time: 0.066, memory: 7277, loss_rpn_cls: 0.0016, loss_rpn_bbox: 0.0009, loss_cls: 0.0313, acc: 98.6784, loss_bbox: 0.0138, loss: 0.0476
2026-05-08 06:24:53,799 - mmdet - INFO - Epoch [201][100/101]	lr: 1.000e-05, eta: 1:46:12, time: 0.615, data_time: 0.013, memory: 7277, loss_rpn_cls: 0.0008, loss_rpn_bbox: 0.0006, loss_cls: 0.0266, acc: 98.8511, loss_bbox: 0.0109, loss: 0.0388
2026-05-08 06:25:28,148 - mmdet - INFO - Epoch [202][50/101]	lr: 1.000e-05, eta: 1:45:40, time: 0.671, data_time: 0.066, memory: 7277, loss_rpn_cls: 0.0005, loss_rpn_bbox: 0.0007, loss_cls: 0.0284, acc: 98.7949, loss_bbox: 0.0117, loss: 0.0412
2026-05-08 06:25:58,955 - mmdet - INFO - Epoch [202][100/101]	lr: 1.000e-05, eta: 1:45:07, time: 0.616, data_time: 0.013, memory: 7277, loss_rpn_cls: 0.0004, loss_rpn_bbox: 0.0006, loss_cls: 0.0240, acc: 98.9875, loss_bbox: 0.0091, loss: 0.0341
2026-05-08 06:26:33,275 - mmdet - INFO - Epoch [203][50/101]	lr: 1.000e-05, eta: 1:44:35, time: 0.671, data_time: 0.066, memory: 7277, loss_rpn_cls: 0.0007, loss_rpn_bbox: 0.0006, loss_cls: 0.0265, acc: 98.8613, loss_bbox: 0.0097, loss: 0.0375
2026-05-08 06:27:04,118 - mmdet - INFO - Epoch [203][100/101]	lr: 1.000e-05, eta: 1:44:03, time: 0.617, data_time: 0.013, memory: 7277, loss_rpn_cls: 0.0008, loss_rpn_bbox: 0.0007, loss_cls: 0.0255, acc: 98.9523, loss_bbox: 0.0103, loss: 0.0372
2026-05-08 06:27:38,428 - mmdet - INFO - Epoch [204][50/101]	lr: 1.000e-05, eta: 1:43:31, time: 0.670, data_time: 0.066, memory: 7277, loss_rpn_cls: 0.0006, loss_rpn_bbox: 0.0006, loss_cls: 0.0239, acc: 98.9618, loss_bbox: 0.0092, loss: 0.0343
2026-05-08 06:28:09,311 - mmdet - INFO - Epoch [204][100/101]	lr: 1.000e-05, eta: 1:42:59, time: 0.618, data_time: 0.013, memory: 7277, loss_rpn_cls: 0.0007, loss_rpn_bbox: 0.0006, loss_cls: 0.0253, acc: 98.9111, loss_bbox: 0.0095, loss: 0.0361
2026-05-08 06:28:43,673 - mmdet - INFO - Epoch [205][50/101]	lr: 1.000e-05, eta: 1:42:27, time: 0.672, data_time: 0.066, memory: 7277, loss_rpn_cls: 0.0007, loss_rpn_bbox: 0.0005, loss_cls: 0.0243, acc: 98.9862, loss_bbox: 0.0091, loss: 0.0346
2026-05-08 06:29:14,579 - mmdet - INFO - Epoch [205][100/101]	lr: 1.000e-05, eta: 1:41:54, time: 0.618, data_time: 0.013, memory: 7277, loss_rpn_cls: 0.0005, loss_rpn_bbox: 0.0006, loss_cls: 0.0236, acc: 98.9658, loss_bbox: 0.0092, loss: 0.0339
2026-05-08 06:29:48,981 - mmdet - INFO - Epoch [206][50/101]	lr: 1.000e-05, eta: 1:41:22, time: 0.672, data_time: 0.066, memory: 7277, loss_rpn_cls: 0.0009, loss_rpn_bbox: 0.0006, loss_cls: 0.0255, acc: 98.8945, loss_bbox: 0.0090, loss: 0.0360
2026-05-08 06:30:19,805 - mmdet - INFO - Epoch [206][100/101]	lr: 1.000e-05, eta: 1:40:50, time: 0.616, data_time: 0.013, memory: 7277, loss_rpn_cls: 0.0005, loss_rpn_bbox: 0.0005, loss_cls: 0.0219, acc: 99.0584, loss_bbox: 0.0084, loss: 0.0313
2026-05-08 06:30:54,068 - mmdet - INFO - Epoch [207][50/101]	lr: 1.000e-05, eta: 1:40:18, time: 0.670, data_time: 0.065, memory: 7277, loss_rpn_cls: 0.0006, loss_rpn_bbox: 0.0005, loss_cls: 0.0206, acc: 99.1328, loss_bbox: 0.0075, loss: 0.0293
2026-05-08 06:31:24,935 - mmdet - INFO - Epoch [207][100/101]	lr: 1.000e-05, eta: 1:39:46, time: 0.617, data_time: 0.013, memory: 7277, loss_rpn_cls: 0.0007, loss_rpn_bbox: 0.0006, loss_cls: 0.0243, acc: 98.9835, loss_bbox: 0.0093, loss: 0.0349
2026-05-08 06:31:59,146 - mmdet - INFO - Epoch [208][50/101]	lr: 1.000e-05, eta: 1:39:14, time: 0.668, data_time: 0.066, memory: 7277, loss_rpn_cls: 0.0008, loss_rpn_bbox: 0.0005, loss_cls: 0.0217, acc: 99.0882, loss_bbox: 0.0082, loss: 0.0312
2026-05-08 06:32:30,057 - mmdet - INFO - Epoch [208][100/101]	lr: 1.000e-05, eta: 1:38:41, time: 0.618, data_time: 0.013, memory: 7277, loss_rpn_cls: 0.0006, loss_rpn_bbox: 0.0006, loss_cls: 0.0235, acc: 99.0215, loss_bbox: 0.0090, loss: 0.0337
2026-05-08 06:33:04,379 - mmdet - INFO - Epoch [209][50/101]	lr: 1.000e-05, eta: 1:38:09, time: 0.671, data_time: 0.066, memory: 7277, loss_rpn_cls: 0.0003, loss_rpn_bbox: 0.0005, loss_cls: 0.0211, acc: 99.0774, loss_bbox: 0.0074, loss: 0.0292
2026-05-08 06:33:35,247 - mmdet - INFO - Epoch [209][100/101]	lr: 1.000e-05, eta: 1:37:37, time: 0.617, data_time: 0.013, memory: 7277, loss_rpn_cls: 0.0006, loss_rpn_bbox: 0.0006, loss_cls: 0.0227, acc: 99.0693, loss_bbox: 0.0085, loss: 0.0324
2026-05-08 06:34:09,624 - mmdet - INFO - Epoch [210][50/101]	lr: 1.000e-05, eta: 1:37:05, time: 0.672, data_time: 0.065, memory: 7277, loss_rpn_cls: 0.0005, loss_rpn_bbox: 0.0006, loss_cls: 0.0215, acc: 99.0724, loss_bbox: 0.0082, loss: 0.0308
2026-05-08 06:34:40,479 - mmdet - INFO - Epoch [210][100/101]	lr: 1.000e-05, eta: 1:36:33, time: 0.617, data_time: 0.013, memory: 7277, loss_rpn_cls: 0.0005, loss_rpn_bbox: 0.0005, loss_cls: 0.0218, acc: 99.1006, loss_bbox: 0.0081, loss: 0.0310
2026-05-08 06:34:41,248 - mmdet - INFO - Saving checkpoint at 210 epochs
2026-05-08 06:35:20,661 - mmdet - INFO - Evaluating bbox...
2026-05-08 06:35:23,674 - mmdet - INFO - 
 Average Precision  (AP) @[ IoU=0.50:0.95 | area=   all | maxDets=100 ] = 0.346
 Average Precision  (AP) @[ IoU=0.50      | area=   all | maxDets=1000 ] = 0.727
 Average Precision  (AP) @[ IoU=0.75      | area=   all | maxDets=1000 ] = 0.290
 Average Precision  (AP) @[ IoU=0.50:0.95 | area= small | maxDets=1000 ] = 0.003
 Average Precision  (AP) @[ IoU=0.50:0.95 | area=medium | maxDets=1000 ] = 0.268
 Average Precision  (AP) @[ IoU=0.50:0.95 | area= large | maxDets=1000 ] = 0.425
 Average Recall     (AR) @[ IoU=0.50:0.95 | area=   all | maxDets=100 ] = 0.472
 Average Recall     (AR) @[ IoU=0.50:0.95 | area=   all | maxDets=300 ] = 0.472
 Average Recall     (AR) @[ IoU=0.50:0.95 | area=   all | maxDets=1000 ] = 0.472
 Average Recall     (AR) @[ IoU=0.50:0.95 | area= small | maxDets=1000 ] = 0.007
 Average Recall     (AR) @[ IoU=0.50:0.95 | area=medium | maxDets=1000 ] = 0.398
 Average Recall     (AR) @[ IoU=0.50:0.95 | area= large | maxDets=1000 ] = 0.551

2026-05-08 06:35:23,678 - mmdet - INFO - Exp name: fold_3_swin_t_3x_hbb.py
2026-05-08 06:35:23,679 - mmdet - INFO - Epoch(val) [210][370]	bbox_mAP: 0.3460, bbox_mAP_50: 0.7270, bbox_mAP_75: 0.2900, bbox_mAP_s: 0.0030, bbox_mAP_m: 0.2680, bbox_mAP_l: 0.4250, bbox_mAP_copypaste: 0.346 0.727 0.290 0.003 0.268 0.425
2026-05-08 06:35:57,242 - mmdet - INFO - Epoch [211][50/101]	lr: 1.000e-05, eta: 1:36:01, time: 0.671, data_time: 0.065, memory: 7277, loss_rpn_cls: 0.0010, loss_rpn_bbox: 0.0007, loss_cls: 0.0226, acc: 99.0767, loss_bbox: 0.0092, loss: 0.0336
2026-05-08 06:36:28,152 - mmdet - INFO - Epoch [211][100/101]	lr: 1.000e-05, eta: 1:35:28, time: 0.618, data_time: 0.013, memory: 7277, loss_rpn_cls: 0.0003, loss_rpn_bbox: 0.0004, loss_cls: 0.0202, acc: 99.1230, loss_bbox: 0.0073, loss: 0.0283
2026-05-08 06:37:02,483 - mmdet - INFO - Epoch [212][50/101]	lr: 1.000e-05, eta: 1:34:56, time: 0.671, data_time: 0.065, memory: 7277, loss_rpn_cls: 0.0007, loss_rpn_bbox: 0.0005, loss_cls: 0.0235, acc: 98.9932, loss_bbox: 0.0084, loss: 0.0331
2026-05-08 06:37:33,308 - mmdet - INFO - Epoch [212][100/101]	lr: 1.000e-05, eta: 1:34:24, time: 0.616, data_time: 0.013, memory: 7277, loss_rpn_cls: 0.0005, loss_rpn_bbox: 0.0005, loss_cls: 0.0190, acc: 99.2253, loss_bbox: 0.0065, loss: 0.0264
2026-05-08 06:38:07,685 - mmdet - INFO - Epoch [213][50/101]	lr: 1.000e-05, eta: 1:33:52, time: 0.672, data_time: 0.066, memory: 7277, loss_rpn_cls: 0.0005, loss_rpn_bbox: 0.0006, loss_cls: 0.0228, acc: 99.0498, loss_bbox: 0.0088, loss: 0.0328
2026-05-08 06:38:38,488 - mmdet - INFO - Epoch [213][100/101]	lr: 1.000e-05, eta: 1:33:20, time: 0.616, data_time: 0.013, memory: 7277, loss_rpn_cls: 0.0003, loss_rpn_bbox: 0.0005, loss_cls: 0.0209, acc: 99.1292, loss_bbox: 0.0075, loss: 0.0292
2026-05-08 06:39:12,835 - mmdet - INFO - Epoch [214][50/101]	lr: 1.000e-05, eta: 1:32:48, time: 0.671, data_time: 0.066, memory: 7277, loss_rpn_cls: 0.0006, loss_rpn_bbox: 0.0005, loss_cls: 0.0201, acc: 99.1405, loss_bbox: 0.0079, loss: 0.0291
2026-05-08 06:39:43,661 - mmdet - INFO - Epoch [214][100/101]	lr: 1.000e-05, eta: 1:32:15, time: 0.617, data_time: 0.013, memory: 7277, loss_rpn_cls: 0.0004, loss_rpn_bbox: 0.0005, loss_cls: 0.0215, acc: 99.1066, loss_bbox: 0.0077, loss: 0.0302
2026-05-08 06:40:17,965 - mmdet - INFO - Epoch [215][50/101]	lr: 1.000e-05, eta: 1:31:43, time: 0.670, data_time: 0.066, memory: 7277, loss_rpn_cls: 0.0004, loss_rpn_bbox: 0.0005, loss_cls: 0.0189, acc: 99.2129, loss_bbox: 0.0067, loss: 0.0265
2026-05-08 06:40:48,815 - mmdet - INFO - Epoch [215][100/101]	lr: 1.000e-05, eta: 1:31:11, time: 0.617, data_time: 0.013, memory: 7277, loss_rpn_cls: 0.0007, loss_rpn_bbox: 0.0005, loss_cls: 0.0208, acc: 99.1313, loss_bbox: 0.0084, loss: 0.0304
2026-05-08 06:41:23,151 - mmdet - INFO - Epoch [216][50/101]	lr: 1.000e-05, eta: 1:30:39, time: 0.671, data_time: 0.066, memory: 7277, loss_rpn_cls: 0.0003, loss_rpn_bbox: 0.0005, loss_cls: 0.0205, acc: 99.1375, loss_bbox: 0.0073, loss: 0.0287
2026-05-08 06:41:53,993 - mmdet - INFO - Epoch [216][100/101]	lr: 1.000e-05, eta: 1:30:07, time: 0.617, data_time: 0.013, memory: 7277, loss_rpn_cls: 0.0005, loss_rpn_bbox: 0.0005, loss_cls: 0.0213, acc: 99.1133, loss_bbox: 0.0071, loss: 0.0294
2026-05-08 06:42:28,304 - mmdet - INFO - Epoch [217][50/101]	lr: 1.000e-05, eta: 1:29:34, time: 0.671, data_time: 0.065, memory: 7277, loss_rpn_cls: 0.0003, loss_rpn_bbox: 0.0005, loss_cls: 0.0208, acc: 99.1250, loss_bbox: 0.0073, loss: 0.0290
2026-05-08 06:42:59,091 - mmdet - INFO - Epoch [217][100/101]	lr: 1.000e-05, eta: 1:29:02, time: 0.616, data_time: 0.013, memory: 7277, loss_rpn_cls: 0.0003, loss_rpn_bbox: 0.0004, loss_cls: 0.0194, acc: 99.1606, loss_bbox: 0.0064, loss: 0.0266
2026-05-08 06:43:33,551 - mmdet - INFO - Epoch [218][50/101]	lr: 1.000e-05, eta: 1:28:30, time: 0.673, data_time: 0.066, memory: 7277, loss_rpn_cls: 0.0004, loss_rpn_bbox: 0.0006, loss_cls: 0.0224, acc: 99.0730, loss_bbox: 0.0082, loss: 0.0316
2026-05-08 06:44:04,233 - mmdet - INFO - Epoch [218][100/101]	lr: 1.000e-05, eta: 1:27:58, time: 0.614, data_time: 0.013, memory: 7277, loss_rpn_cls: 0.0008, loss_rpn_bbox: 0.0004, loss_cls: 0.0174, acc: 99.2744, loss_bbox: 0.0059, loss: 0.0245
2026-05-08 06:44:38,645 - mmdet - INFO - Epoch [219][50/101]	lr: 1.000e-05, eta: 1:27:26, time: 0.672, data_time: 0.065, memory: 7277, loss_rpn_cls: 0.0003, loss_rpn_bbox: 0.0006, loss_cls: 0.0207, acc: 99.1246, loss_bbox: 0.0079, loss: 0.0294
2026-05-08 06:45:09,428 - mmdet - INFO - Epoch [219][100/101]	lr: 1.000e-05, eta: 1:26:53, time: 0.616, data_time: 0.013, memory: 7277, loss_rpn_cls: 0.0003, loss_rpn_bbox: 0.0005, loss_cls: 0.0176, acc: 99.2539, loss_bbox: 0.0059, loss: 0.0242
2026-05-08 06:45:43,786 - mmdet - INFO - Epoch [220][50/101]	lr: 1.000e-05, eta: 1:26:21, time: 0.671, data_time: 0.066, memory: 7277, loss_rpn_cls: 0.0005, loss_rpn_bbox: 0.0005, loss_cls: 0.0200, acc: 99.1627, loss_bbox: 0.0077, loss: 0.0288
2026-05-08 06:46:14,615 - mmdet - INFO - Epoch [220][100/101]	lr: 1.000e-05, eta: 1:25:49, time: 0.617, data_time: 0.013, memory: 7277, loss_rpn_cls: 0.0008, loss_rpn_bbox: 0.0005, loss_cls: 0.0197, acc: 99.1484, loss_bbox: 0.0065, loss: 0.0275
2026-05-08 06:46:15,391 - mmdet - INFO - Saving checkpoint at 220 epochs
2026-05-08 06:46:54,783 - mmdet - INFO - Evaluating bbox...
2026-05-08 06:46:57,692 - mmdet - INFO - 
 Average Precision  (AP) @[ IoU=0.50:0.95 | area=   all | maxDets=100 ] = 0.345
 Average Precision  (AP) @[ IoU=0.50      | area=   all | maxDets=1000 ] = 0.727
 Average Precision  (AP) @[ IoU=0.75      | area=   all | maxDets=1000 ] = 0.294
 Average Precision  (AP) @[ IoU=0.50:0.95 | area= small | maxDets=1000 ] = 0.003
 Average Precision  (AP) @[ IoU=0.50:0.95 | area=medium | maxDets=1000 ] = 0.266
 Average Precision  (AP) @[ IoU=0.50:0.95 | area= large | maxDets=1000 ] = 0.426
 Average Recall     (AR) @[ IoU=0.50:0.95 | area=   all | maxDets=100 ] = 0.470
 Average Recall     (AR) @[ IoU=0.50:0.95 | area=   all | maxDets=300 ] = 0.470
 Average Recall     (AR) @[ IoU=0.50:0.95 | area=   all | maxDets=1000 ] = 0.470
 Average Recall     (AR) @[ IoU=0.50:0.95 | area= small | maxDets=1000 ] = 0.007
 Average Recall     (AR) @[ IoU=0.50:0.95 | area=medium | maxDets=1000 ] = 0.390
 Average Recall     (AR) @[ IoU=0.50:0.95 | area= large | maxDets=1000 ] = 0.555

2026-05-08 06:46:57,697 - mmdet - INFO - Exp name: fold_3_swin_t_3x_hbb.py
2026-05-08 06:46:57,697 - mmdet - INFO - Epoch(val) [220][370]	bbox_mAP: 0.3450, bbox_mAP_50: 0.7270, bbox_mAP_75: 0.2940, bbox_mAP_s: 0.0030, bbox_mAP_m: 0.2660, bbox_mAP_l: 0.4260, bbox_mAP_copypaste: 0.345 0.727 0.294 0.003 0.266 0.426
2026-05-08 06:47:31,304 - mmdet - INFO - Epoch [221][50/101]	lr: 1.000e-05, eta: 1:25:17, time: 0.672, data_time: 0.066, memory: 7277, loss_rpn_cls: 0.0003, loss_rpn_bbox: 0.0006, loss_cls: 0.0209, acc: 99.1494, loss_bbox: 0.0075, loss: 0.0293
2026-05-08 06:48:02,080 - mmdet - INFO - Epoch [221][100/101]	lr: 1.000e-05, eta: 1:24:45, time: 0.616, data_time: 0.013, memory: 7277, loss_rpn_cls: 0.0004, loss_rpn_bbox: 0.0004, loss_cls: 0.0175, acc: 99.2511, loss_bbox: 0.0061, loss: 0.0245
2026-05-08 06:48:36,363 - mmdet - INFO - Epoch [222][50/101]	lr: 1.000e-05, eta: 1:24:13, time: 0.670, data_time: 0.066, memory: 7277, loss_rpn_cls: 0.0003, loss_rpn_bbox: 0.0005, loss_cls: 0.0212, acc: 99.1097, loss_bbox: 0.0068, loss: 0.0288
2026-05-08 06:49:07,162 - mmdet - INFO - Epoch [222][100/101]	lr: 1.000e-05, eta: 1:23:40, time: 0.616, data_time: 0.013, memory: 7277, loss_rpn_cls: 0.0004, loss_rpn_bbox: 0.0005, loss_cls: 0.0190, acc: 99.2168, loss_bbox: 0.0068, loss: 0.0266
2026-05-08 06:49:41,481 - mmdet - INFO - Epoch [223][50/101]	lr: 1.000e-05, eta: 1:23:08, time: 0.671, data_time: 0.066, memory: 7277, loss_rpn_cls: 0.0002, loss_rpn_bbox: 0.0005, loss_cls: 0.0191, acc: 99.1962, loss_bbox: 0.0063, loss: 0.0261
2026-05-08 06:50:12,279 - mmdet - INFO - Epoch [223][100/101]	lr: 1.000e-05, eta: 1:22:36, time: 0.616, data_time: 0.013, memory: 7277, loss_rpn_cls: 0.0003, loss_rpn_bbox: 0.0004, loss_cls: 0.0196, acc: 99.1707, loss_bbox: 0.0066, loss: 0.0269
2026-05-08 06:50:46,590 - mmdet - INFO - Epoch [224][50/101]	lr: 1.000e-05, eta: 1:22:04, time: 0.671, data_time: 0.066, memory: 7277, loss_rpn_cls: 0.0006, loss_rpn_bbox: 0.0005, loss_cls: 0.0181, acc: 99.2400, loss_bbox: 0.0066, loss: 0.0257
2026-05-08 06:51:17,626 - mmdet - INFO - Epoch [224][100/101]	lr: 1.000e-05, eta: 1:21:32, time: 0.621, data_time: 0.013, memory: 7277, loss_rpn_cls: 0.0004, loss_rpn_bbox: 0.0005, loss_cls: 0.0193, acc: 99.2022, loss_bbox: 0.0067, loss: 0.0269
2026-05-08 06:51:52,134 - mmdet - INFO - Epoch [225][50/101]	lr: 1.000e-05, eta: 1:21:00, time: 0.674, data_time: 0.066, memory: 7277, loss_rpn_cls: 0.0003, loss_rpn_bbox: 0.0005, loss_cls: 0.0196, acc: 99.1879, loss_bbox: 0.0071, loss: 0.0274
2026-05-08 06:52:22,973 - mmdet - INFO - Epoch [225][100/101]	lr: 1.000e-05, eta: 1:20:27, time: 0.617, data_time: 0.013, memory: 7277, loss_rpn_cls: 0.0006, loss_rpn_bbox: 0.0005, loss_cls: 0.0175, acc: 99.2695, loss_bbox: 0.0065, loss: 0.0250
2026-05-08 06:52:57,361 - mmdet - INFO - Epoch [226][50/101]	lr: 1.000e-05, eta: 1:19:55, time: 0.672, data_time: 0.066, memory: 7277, loss_rpn_cls: 0.0002, loss_rpn_bbox: 0.0004, loss_cls: 0.0176, acc: 99.2549, loss_bbox: 0.0062, loss: 0.0244
2026-05-08 06:53:28,272 - mmdet - INFO - Epoch [226][100/101]	lr: 1.000e-05, eta: 1:19:23, time: 0.618, data_time: 0.013, memory: 7277, loss_rpn_cls: 0.0005, loss_rpn_bbox: 0.0005, loss_cls: 0.0189, acc: 99.2342, loss_bbox: 0.0069, loss: 0.0268
2026-05-08 06:54:02,599 - mmdet - INFO - Epoch [227][50/101]	lr: 1.000e-05, eta: 1:18:51, time: 0.671, data_time: 0.066, memory: 7277, loss_rpn_cls: 0.0004, loss_rpn_bbox: 0.0005, loss_cls: 0.0174, acc: 99.2828, loss_bbox: 0.0066, loss: 0.0248
2026-05-08 06:54:33,442 - mmdet - INFO - Epoch [227][100/101]	lr: 1.000e-05, eta: 1:18:19, time: 0.617, data_time: 0.013, memory: 7277, loss_rpn_cls: 0.0006, loss_rpn_bbox: 0.0005, loss_cls: 0.0199, acc: 99.1830, loss_bbox: 0.0074, loss: 0.0285
2026-05-08 06:55:07,751 - mmdet - INFO - Epoch [228][50/101]	lr: 1.000e-05, eta: 1:17:47, time: 0.671, data_time: 0.066, memory: 7277, loss_rpn_cls: 0.0001, loss_rpn_bbox: 0.0005, loss_cls: 0.0175, acc: 99.2627, loss_bbox: 0.0060, loss: 0.0240
2026-05-08 06:55:38,572 - mmdet - INFO - Epoch [228][100/101]	lr: 1.000e-05, eta: 1:17:14, time: 0.616, data_time: 0.013, memory: 7277, loss_rpn_cls: 0.0003, loss_rpn_bbox: 0.0005, loss_cls: 0.0178, acc: 99.2393, loss_bbox: 0.0064, loss: 0.0250
2026-05-08 06:56:12,865 - mmdet - INFO - Epoch [229][50/101]	lr: 1.000e-05, eta: 1:16:42, time: 0.670, data_time: 0.066, memory: 7277, loss_rpn_cls: 0.0003, loss_rpn_bbox: 0.0005, loss_cls: 0.0185, acc: 99.2232, loss_bbox: 0.0063, loss: 0.0255
2026-05-08 06:56:43,718 - mmdet - INFO - Epoch [229][100/101]	lr: 1.000e-05, eta: 1:16:10, time: 0.617, data_time: 0.013, memory: 7277, loss_rpn_cls: 0.0003, loss_rpn_bbox: 0.0005, loss_cls: 0.0198, acc: 99.1656, loss_bbox: 0.0071, loss: 0.0277
2026-05-08 06:57:18,014 - mmdet - INFO - Epoch [230][50/101]	lr: 1.000e-05, eta: 1:15:38, time: 0.670, data_time: 0.066, memory: 7277, loss_rpn_cls: 0.0002, loss_rpn_bbox: 0.0004, loss_cls: 0.0180, acc: 99.1875, loss_bbox: 0.0062, loss: 0.0248
2026-05-08 06:57:48,927 - mmdet - INFO - Epoch [230][100/101]	lr: 1.000e-05, eta: 1:15:06, time: 0.618, data_time: 0.013, memory: 7277, loss_rpn_cls: 0.0003, loss_rpn_bbox: 0.0005, loss_cls: 0.0192, acc: 99.1887, loss_bbox: 0.0064, loss: 0.0264
2026-05-08 06:57:49,718 - mmdet - INFO - Saving checkpoint at 230 epochs
2026-05-08 06:58:29,169 - mmdet - INFO - Evaluating bbox...
2026-05-08 06:58:32,079 - mmdet - INFO - 
 Average Precision  (AP) @[ IoU=0.50:0.95 | area=   all | maxDets=100 ] = 0.343
 Average Precision  (AP) @[ IoU=0.50      | area=   all | maxDets=1000 ] = 0.721
 Average Precision  (AP) @[ IoU=0.75      | area=   all | maxDets=1000 ] = 0.288
 Average Precision  (AP) @[ IoU=0.50:0.95 | area= small | maxDets=1000 ] = 0.000
 Average Precision  (AP) @[ IoU=0.50:0.95 | area=medium | maxDets=1000 ] = 0.267
 Average Precision  (AP) @[ IoU=0.50:0.95 | area= large | maxDets=1000 ] = 0.420
 Average Recall     (AR) @[ IoU=0.50:0.95 | area=   all | maxDets=100 ] = 0.464
 Average Recall     (AR) @[ IoU=0.50:0.95 | area=   all | maxDets=300 ] = 0.464
 Average Recall     (AR) @[ IoU=0.50:0.95 | area=   all | maxDets=1000 ] = 0.464
 Average Recall     (AR) @[ IoU=0.50:0.95 | area= small | maxDets=1000 ] = 0.000
 Average Recall     (AR) @[ IoU=0.50:0.95 | area=medium | maxDets=1000 ] = 0.388
 Average Recall     (AR) @[ IoU=0.50:0.95 | area= large | maxDets=1000 ] = 0.546

2026-05-08 06:58:32,084 - mmdet - INFO - Exp name: fold_3_swin_t_3x_hbb.py
2026-05-08 06:58:32,084 - mmdet - INFO - Epoch(val) [230][370]	bbox_mAP: 0.3430, bbox_mAP_50: 0.7210, bbox_mAP_75: 0.2880, bbox_mAP_s: 0.0000, bbox_mAP_m: 0.2670, bbox_mAP_l: 0.4200, bbox_mAP_copypaste: 0.343 0.721 0.288 0.000 0.267 0.420
2026-05-08 06:59:05,572 - mmdet - INFO - Epoch [231][50/101]	lr: 1.000e-05, eta: 1:14:33, time: 0.669, data_time: 0.066, memory: 7277, loss_rpn_cls: 0.0004, loss_rpn_bbox: 0.0004, loss_cls: 0.0167, acc: 99.2847, loss_bbox: 0.0057, loss: 0.0233
2026-05-08 06:59:36,447 - mmdet - INFO - Epoch [231][100/101]	lr: 1.000e-05, eta: 1:14:01, time: 0.618, data_time: 0.013, memory: 7277, loss_rpn_cls: 0.0005, loss_rpn_bbox: 0.0005, loss_cls: 0.0195, acc: 99.1893, loss_bbox: 0.0065, loss: 0.0270
2026-05-08 07:00:10,891 - mmdet - INFO - Epoch [232][50/101]	lr: 1.000e-05, eta: 1:13:29, time: 0.673, data_time: 0.066, memory: 7277, loss_rpn_cls: 0.0003, loss_rpn_bbox: 0.0005, loss_cls: 0.0177, acc: 99.2782, loss_bbox: 0.0068, loss: 0.0253
2026-05-08 07:00:41,694 - mmdet - INFO - Epoch [232][100/101]	lr: 1.000e-05, eta: 1:12:57, time: 0.616, data_time: 0.013, memory: 7277, loss_rpn_cls: 0.0004, loss_rpn_bbox: 0.0004, loss_cls: 0.0167, acc: 99.3047, loss_bbox: 0.0050, loss: 0.0226
2026-05-08 07:01:16,028 - mmdet - INFO - Epoch [233][50/101]	lr: 1.000e-05, eta: 1:12:25, time: 0.671, data_time: 0.065, memory: 7277, loss_rpn_cls: 0.0003, loss_rpn_bbox: 0.0005, loss_cls: 0.0169, acc: 99.2973, loss_bbox: 0.0059, loss: 0.0236
2026-05-08 07:01:46,741 - mmdet - INFO - Epoch [233][100/101]	lr: 1.000e-05, eta: 1:11:53, time: 0.614, data_time: 0.013, memory: 7277, loss_rpn_cls: 0.0003, loss_rpn_bbox: 0.0004, loss_cls: 0.0179, acc: 99.2250, loss_bbox: 0.0059, loss: 0.0245
2026-05-08 07:02:20,998 - mmdet - INFO - Epoch [234][50/101]	lr: 1.000e-05, eta: 1:11:20, time: 0.670, data_time: 0.066, memory: 7277, loss_rpn_cls: 0.0003, loss_rpn_bbox: 0.0004, loss_cls: 0.0177, acc: 99.2607, loss_bbox: 0.0058, loss: 0.0243
2026-05-08 07:02:51,923 - mmdet - INFO - Epoch [234][100/101]	lr: 1.000e-05, eta: 1:10:48, time: 0.618, data_time: 0.013, memory: 7277, loss_rpn_cls: 0.0004, loss_rpn_bbox: 0.0005, loss_cls: 0.0184, acc: 99.2120, loss_bbox: 0.0063, loss: 0.0256
2026-05-08 07:03:26,281 - mmdet - INFO - Epoch [235][50/101]	lr: 1.000e-05, eta: 1:10:16, time: 0.672, data_time: 0.066, memory: 7277, loss_rpn_cls: 0.0004, loss_rpn_bbox: 0.0005, loss_cls: 0.0176, acc: 99.2538, loss_bbox: 0.0062, loss: 0.0248
2026-05-08 07:03:57,088 - mmdet - INFO - Epoch [235][100/101]	lr: 1.000e-05, eta: 1:09:44, time: 0.616, data_time: 0.013, memory: 7277, loss_rpn_cls: 0.0004, loss_rpn_bbox: 0.0004, loss_cls: 0.0165, acc: 99.2926, loss_bbox: 0.0058, loss: 0.0231
2026-05-08 07:04:31,432 - mmdet - INFO - Epoch [236][50/101]	lr: 1.000e-05, eta: 1:09:12, time: 0.671, data_time: 0.066, memory: 7277, loss_rpn_cls: 0.0002, loss_rpn_bbox: 0.0004, loss_cls: 0.0182, acc: 99.2392, loss_bbox: 0.0063, loss: 0.0251
2026-05-08 07:05:02,273 - mmdet - INFO - Epoch [236][100/101]	lr: 1.000e-05, eta: 1:08:39, time: 0.617, data_time: 0.013, memory: 7277, loss_rpn_cls: 0.0005, loss_rpn_bbox: 0.0005, loss_cls: 0.0163, acc: 99.3125, loss_bbox: 0.0057, loss: 0.0229
2026-05-08 07:05:36,544 - mmdet - INFO - Epoch [237][50/101]	lr: 1.000e-05, eta: 1:08:07, time: 0.670, data_time: 0.066, memory: 7277, loss_rpn_cls: 0.0002, loss_rpn_bbox: 0.0004, loss_cls: 0.0172, acc: 99.2820, loss_bbox: 0.0061, loss: 0.0239
2026-05-08 07:06:07,424 - mmdet - INFO - Epoch [237][100/101]	lr: 1.000e-05, eta: 1:07:35, time: 0.618, data_time: 0.013, memory: 7277, loss_rpn_cls: 0.0004, loss_rpn_bbox: 0.0004, loss_cls: 0.0166, acc: 99.2984, loss_bbox: 0.0056, loss: 0.0231
2026-05-08 07:06:41,781 - mmdet - INFO - Epoch [238][50/101]	lr: 1.000e-05, eta: 1:07:03, time: 0.672, data_time: 0.066, memory: 7277, loss_rpn_cls: 0.0003, loss_rpn_bbox: 0.0005, loss_cls: 0.0188, acc: 99.2284, loss_bbox: 0.0066, loss: 0.0262
2026-05-08 07:07:12,596 - mmdet - INFO - Epoch [238][100/101]	lr: 1.000e-05, eta: 1:06:31, time: 0.616, data_time: 0.013, memory: 7277, loss_rpn_cls: 0.0003, loss_rpn_bbox: 0.0004, loss_cls: 0.0165, acc: 99.3037, loss_bbox: 0.0059, loss: 0.0232
2026-05-08 07:07:46,859 - mmdet - INFO - Epoch [239][50/101]	lr: 1.000e-05, eta: 1:05:59, time: 0.670, data_time: 0.065, memory: 7277, loss_rpn_cls: 0.0003, loss_rpn_bbox: 0.0004, loss_cls: 0.0173, acc: 99.3013, loss_bbox: 0.0063, loss: 0.0244
2026-05-08 07:08:17,750 - mmdet - INFO - Epoch [239][100/101]	lr: 1.000e-05, eta: 1:05:26, time: 0.618, data_time: 0.013, memory: 7277, loss_rpn_cls: 0.0006, loss_rpn_bbox: 0.0004, loss_cls: 0.0169, acc: 99.3146, loss_bbox: 0.0056, loss: 0.0235
2026-05-08 07:08:52,150 - mmdet - INFO - Epoch [240][50/101]	lr: 1.000e-05, eta: 1:04:54, time: 0.672, data_time: 0.066, memory: 7277, loss_rpn_cls: 0.0005, loss_rpn_bbox: 0.0004, loss_cls: 0.0171, acc: 99.2871, loss_bbox: 0.0060, loss: 0.0240
2026-05-08 07:09:22,964 - mmdet - INFO - Epoch [240][100/101]	lr: 1.000e-05, eta: 1:04:22, time: 0.616, data_time: 0.013, memory: 7277, loss_rpn_cls: 0.0001, loss_rpn_bbox: 0.0004, loss_cls: 0.0185, acc: 99.2319, loss_bbox: 0.0065, loss: 0.0255
2026-05-08 07:09:23,724 - mmdet - INFO - Saving checkpoint at 240 epochs
2026-05-08 07:10:03,270 - mmdet - INFO - Evaluating bbox...
2026-05-08 07:10:06,177 - mmdet - INFO - 
 Average Precision  (AP) @[ IoU=0.50:0.95 | area=   all | maxDets=100 ] = 0.341
 Average Precision  (AP) @[ IoU=0.50      | area=   all | maxDets=1000 ] = 0.722
 Average Precision  (AP) @[ IoU=0.75      | area=   all | maxDets=1000 ] = 0.291
 Average Precision  (AP) @[ IoU=0.50:0.95 | area= small | maxDets=1000 ] = 0.003
 Average Precision  (AP) @[ IoU=0.50:0.95 | area=medium | maxDets=1000 ] = 0.263
 Average Precision  (AP) @[ IoU=0.50:0.95 | area= large | maxDets=1000 ] = 0.421
 Average Recall     (AR) @[ IoU=0.50:0.95 | area=   all | maxDets=100 ] = 0.464
 Average Recall     (AR) @[ IoU=0.50:0.95 | area=   all | maxDets=300 ] = 0.464
 Average Recall     (AR) @[ IoU=0.50:0.95 | area=   all | maxDets=1000 ] = 0.464
 Average Recall     (AR) @[ IoU=0.50:0.95 | area= small | maxDets=1000 ] = 0.007
 Average Recall     (AR) @[ IoU=0.50:0.95 | area=medium | maxDets=1000 ] = 0.388
 Average Recall     (AR) @[ IoU=0.50:0.95 | area= large | maxDets=1000 ] = 0.545

2026-05-08 07:10:06,181 - mmdet - INFO - Exp name: fold_3_swin_t_3x_hbb.py
2026-05-08 07:10:06,181 - mmdet - INFO - Epoch(val) [240][370]	bbox_mAP: 0.3410, bbox_mAP_50: 0.7220, bbox_mAP_75: 0.2910, bbox_mAP_s: 0.0030, bbox_mAP_m: 0.2630, bbox_mAP_l: 0.4210, bbox_mAP_copypaste: 0.341 0.722 0.291 0.003 0.263 0.421
2026-05-08 07:10:39,649 - mmdet - INFO - Epoch [241][50/101]	lr: 1.000e-05, eta: 1:03:50, time: 0.669, data_time: 0.065, memory: 7277, loss_rpn_cls: 0.0003, loss_rpn_bbox: 0.0005, loss_cls: 0.0166, acc: 99.2938, loss_bbox: 0.0060, loss: 0.0234
2026-05-08 07:11:10,488 - mmdet - INFO - Epoch [241][100/101]	lr: 1.000e-05, eta: 1:03:18, time: 0.617, data_time: 0.013, memory: 7277, loss_rpn_cls: 0.0004, loss_rpn_bbox: 0.0005, loss_cls: 0.0186, acc: 99.2027, loss_bbox: 0.0068, loss: 0.0263
2026-05-08 07:11:44,779 - mmdet - INFO - Epoch [242][50/101]	lr: 1.000e-05, eta: 1:02:45, time: 0.670, data_time: 0.065, memory: 7277, loss_rpn_cls: 0.0007, loss_rpn_bbox: 0.0005, loss_cls: 0.0169, acc: 99.2861, loss_bbox: 0.0058, loss: 0.0239
2026-05-08 07:12:15,529 - mmdet - INFO - Epoch [242][100/101]	lr: 1.000e-05, eta: 1:02:13, time: 0.615, data_time: 0.013, memory: 7277, loss_rpn_cls: 0.0003, loss_rpn_bbox: 0.0004, loss_cls: 0.0165, acc: 99.3109, loss_bbox: 0.0060, loss: 0.0232
2026-05-08 07:12:49,841 - mmdet - INFO - Epoch [243][50/101]	lr: 1.000e-05, eta: 1:01:41, time: 0.670, data_time: 0.066, memory: 7277, loss_rpn_cls: 0.0004, loss_rpn_bbox: 0.0004, loss_cls: 0.0164, acc: 99.2846, loss_bbox: 0.0059, loss: 0.0232
2026-05-08 07:13:20,720 - mmdet - INFO - Epoch [243][100/101]	lr: 1.000e-05, eta: 1:01:09, time: 0.618, data_time: 0.013, memory: 7277, loss_rpn_cls: 0.0003, loss_rpn_bbox: 0.0004, loss_cls: 0.0166, acc: 99.3057, loss_bbox: 0.0059, loss: 0.0232
2026-05-08 07:13:55,129 - mmdet - INFO - Epoch [244][50/101]	lr: 1.000e-05, eta: 1:00:37, time: 0.673, data_time: 0.065, memory: 7277, loss_rpn_cls: 0.0004, loss_rpn_bbox: 0.0006, loss_cls: 0.0197, acc: 99.1734, loss_bbox: 0.0072, loss: 0.0279
2026-05-08 07:14:25,832 - mmdet - INFO - Epoch [244][100/101]	lr: 1.000e-05, eta: 1:00:05, time: 0.614, data_time: 0.013, memory: 7277, loss_rpn_cls: 0.0005, loss_rpn_bbox: 0.0003, loss_cls: 0.0145, acc: 99.3975, loss_bbox: 0.0048, loss: 0.0201
2026-05-08 07:15:00,062 - mmdet - INFO - Epoch [245][50/101]	lr: 1.000e-05, eta: 0:59:32, time: 0.669, data_time: 0.065, memory: 7277, loss_rpn_cls: 0.0004, loss_rpn_bbox: 0.0004, loss_cls: 0.0171, acc: 99.2979, loss_bbox: 0.0059, loss: 0.0238
2026-05-08 07:15:30,923 - mmdet - INFO - Epoch [245][100/101]	lr: 1.000e-05, eta: 0:59:00, time: 0.617, data_time: 0.013, memory: 7277, loss_rpn_cls: 0.0003, loss_rpn_bbox: 0.0004, loss_cls: 0.0173, acc: 99.2708, loss_bbox: 0.0052, loss: 0.0233
2026-05-08 07:16:05,152 - mmdet - INFO - Epoch [246][50/101]	lr: 1.000e-05, eta: 0:58:28, time: 0.669, data_time: 0.065, memory: 7277, loss_rpn_cls: 0.0004, loss_rpn_bbox: 0.0004, loss_cls: 0.0161, acc: 99.3350, loss_bbox: 0.0049, loss: 0.0218
2026-05-08 07:16:36,018 - mmdet - INFO - Epoch [246][100/101]	lr: 1.000e-05, eta: 0:57:56, time: 0.617, data_time: 0.013, memory: 7277, loss_rpn_cls: 0.0003, loss_rpn_bbox: 0.0005, loss_cls: 0.0163, acc: 99.3298, loss_bbox: 0.0062, loss: 0.0233
2026-05-08 07:17:10,370 - mmdet - INFO - Epoch [247][50/101]	lr: 1.000e-05, eta: 0:57:24, time: 0.671, data_time: 0.066, memory: 7277, loss_rpn_cls: 0.0004, loss_rpn_bbox: 0.0004, loss_cls: 0.0173, acc: 99.2646, loss_bbox: 0.0058, loss: 0.0240
2026-05-08 07:17:41,257 - mmdet - INFO - Epoch [247][100/101]	lr: 1.000e-05, eta: 0:56:51, time: 0.618, data_time: 0.013, memory: 7277, loss_rpn_cls: 0.0005, loss_rpn_bbox: 0.0004, loss_cls: 0.0168, acc: 99.3046, loss_bbox: 0.0059, loss: 0.0236
2026-05-08 07:18:15,629 - mmdet - INFO - Epoch [248][50/101]	lr: 1.000e-05, eta: 0:56:19, time: 0.672, data_time: 0.066, memory: 7277, loss_rpn_cls: 0.0003, loss_rpn_bbox: 0.0004, loss_cls: 0.0165, acc: 99.2983, loss_bbox: 0.0055, loss: 0.0227
2026-05-08 07:18:46,446 - mmdet - INFO - Epoch [248][100/101]	lr: 1.000e-05, eta: 0:55:47, time: 0.616, data_time: 0.013, memory: 7277, loss_rpn_cls: 0.0005, loss_rpn_bbox: 0.0004, loss_cls: 0.0166, acc: 99.3135, loss_bbox: 0.0058, loss: 0.0234
2026-05-08 07:19:20,832 - mmdet - INFO - Epoch [249][50/101]	lr: 1.000e-05, eta: 0:55:15, time: 0.672, data_time: 0.066, memory: 7277, loss_rpn_cls: 0.0005, loss_rpn_bbox: 0.0004, loss_cls: 0.0182, acc: 99.2108, loss_bbox: 0.0057, loss: 0.0248
2026-05-08 07:19:51,674 - mmdet - INFO - Epoch [249][100/101]	lr: 1.000e-05, eta: 0:54:43, time: 0.617, data_time: 0.013, memory: 7277, loss_rpn_cls: 0.0002, loss_rpn_bbox: 0.0004, loss_cls: 0.0161, acc: 99.2988, loss_bbox: 0.0054, loss: 0.0222
2026-05-08 07:20:25,938 - mmdet - INFO - Epoch [250][50/101]	lr: 1.000e-05, eta: 0:54:10, time: 0.670, data_time: 0.065, memory: 7277, loss_rpn_cls: 0.0006, loss_rpn_bbox: 0.0004, loss_cls: 0.0156, acc: 99.3408, loss_bbox: 0.0054, loss: 0.0221
2026-05-08 07:20:56,813 - mmdet - INFO - Epoch [250][100/101]	lr: 1.000e-05, eta: 0:53:38, time: 0.617, data_time: 0.013, memory: 7277, loss_rpn_cls: 0.0003, loss_rpn_bbox: 0.0004, loss_cls: 0.0170, acc: 99.3075, loss_bbox: 0.0055, loss: 0.0231
2026-05-08 07:20:57,586 - mmdet - INFO - Saving checkpoint at 250 epochs
2026-05-08 07:21:37,007 - mmdet - INFO - Evaluating bbox...
2026-05-08 07:21:39,903 - mmdet - INFO - 
 Average Precision  (AP) @[ IoU=0.50:0.95 | area=   all | maxDets=100 ] = 0.340
 Average Precision  (AP) @[ IoU=0.50      | area=   all | maxDets=1000 ] = 0.725
 Average Precision  (AP) @[ IoU=0.75      | area=   all | maxDets=1000 ] = 0.285
 Average Precision  (AP) @[ IoU=0.50:0.95 | area= small | maxDets=1000 ] = 0.001
 Average Precision  (AP) @[ IoU=0.50:0.95 | area=medium | maxDets=1000 ] = 0.266
 Average Precision  (AP) @[ IoU=0.50:0.95 | area= large | maxDets=1000 ] = 0.416
 Average Recall     (AR) @[ IoU=0.50:0.95 | area=   all | maxDets=100 ] = 0.467
 Average Recall     (AR) @[ IoU=0.50:0.95 | area=   all | maxDets=300 ] = 0.467
 Average Recall     (AR) @[ IoU=0.50:0.95 | area=   all | maxDets=1000 ] = 0.467
 Average Recall     (AR) @[ IoU=0.50:0.95 | area= small | maxDets=1000 ] = 0.007
 Average Recall     (AR) @[ IoU=0.50:0.95 | area=medium | maxDets=1000 ] = 0.392
 Average Recall     (AR) @[ IoU=0.50:0.95 | area= large | maxDets=1000 ] = 0.546

2026-05-08 07:21:39,907 - mmdet - INFO - Exp name: fold_3_swin_t_3x_hbb.py
2026-05-08 07:21:39,908 - mmdet - INFO - Epoch(val) [250][370]	bbox_mAP: 0.3400, bbox_mAP_50: 0.7250, bbox_mAP_75: 0.2850, bbox_mAP_s: 0.0010, bbox_mAP_m: 0.2660, bbox_mAP_l: 0.4160, bbox_mAP_copypaste: 0.340 0.725 0.285 0.001 0.266 0.416
2026-05-08 07:22:13,441 - mmdet - INFO - Epoch [251][50/101]	lr: 1.000e-06, eta: 0:53:06, time: 0.670, data_time: 0.065, memory: 7277, loss_rpn_cls: 0.0003, loss_rpn_bbox: 0.0004, loss_cls: 0.0168, acc: 99.2899, loss_bbox: 0.0057, loss: 0.0233
2026-05-08 07:22:44,277 - mmdet - INFO - Epoch [251][100/101]	lr: 1.000e-06, eta: 0:52:34, time: 0.617, data_time: 0.013, memory: 7277, loss_rpn_cls: 0.0002, loss_rpn_bbox: 0.0004, loss_cls: 0.0166, acc: 99.3006, loss_bbox: 0.0057, loss: 0.0229
2026-05-08 07:23:18,582 - mmdet - INFO - Epoch [252][50/101]	lr: 1.000e-06, eta: 0:52:02, time: 0.670, data_time: 0.066, memory: 7277, loss_rpn_cls: 0.0002, loss_rpn_bbox: 0.0004, loss_cls: 0.0170, acc: 99.2754, loss_bbox: 0.0052, loss: 0.0228
2026-05-08 07:23:49,349 - mmdet - INFO - Epoch [252][100/101]	lr: 1.000e-06, eta: 0:51:30, time: 0.615, data_time: 0.013, memory: 7277, loss_rpn_cls: 0.0002, loss_rpn_bbox: 0.0004, loss_cls: 0.0156, acc: 99.3535, loss_bbox: 0.0056, loss: 0.0218
2026-05-08 07:24:23,679 - mmdet - INFO - Epoch [253][50/101]	lr: 1.000e-06, eta: 0:50:57, time: 0.671, data_time: 0.066, memory: 7277, loss_rpn_cls: 0.0002, loss_rpn_bbox: 0.0004, loss_cls: 0.0162, acc: 99.3184, loss_bbox: 0.0057, loss: 0.0225
2026-05-08 07:24:54,525 - mmdet - INFO - Epoch [253][100/101]	lr: 1.000e-06, eta: 0:50:25, time: 0.617, data_time: 0.013, memory: 7277, loss_rpn_cls: 0.0003, loss_rpn_bbox: 0.0004, loss_cls: 0.0163, acc: 99.3184, loss_bbox: 0.0054, loss: 0.0224
2026-05-08 07:25:28,877 - mmdet - INFO - Epoch [254][50/101]	lr: 1.000e-06, eta: 0:49:53, time: 0.671, data_time: 0.065, memory: 7277, loss_rpn_cls: 0.0002, loss_rpn_bbox: 0.0004, loss_cls: 0.0161, acc: 99.3242, loss_bbox: 0.0050, loss: 0.0218
2026-05-08 07:25:59,759 - mmdet - INFO - Epoch [254][100/101]	lr: 1.000e-06, eta: 0:49:21, time: 0.618, data_time: 0.013, memory: 7277, loss_rpn_cls: 0.0002, loss_rpn_bbox: 0.0004, loss_cls: 0.0163, acc: 99.3312, loss_bbox: 0.0060, loss: 0.0229
2026-05-08 07:26:34,074 - mmdet - INFO - Epoch [255][50/101]	lr: 1.000e-06, eta: 0:48:49, time: 0.671, data_time: 0.066, memory: 7277, loss_rpn_cls: 0.0003, loss_rpn_bbox: 0.0004, loss_cls: 0.0161, acc: 99.3056, loss_bbox: 0.0055, loss: 0.0224
2026-05-08 07:27:04,908 - mmdet - INFO - Epoch [255][100/101]	lr: 1.000e-06, eta: 0:48:17, time: 0.617, data_time: 0.013, memory: 7277, loss_rpn_cls: 0.0003, loss_rpn_bbox: 0.0004, loss_cls: 0.0161, acc: 99.3344, loss_bbox: 0.0052, loss: 0.0220
2026-05-08 07:27:39,251 - mmdet - INFO - Epoch [256][50/101]	lr: 1.000e-06, eta: 0:47:44, time: 0.671, data_time: 0.066, memory: 7277, loss_rpn_cls: 0.0003, loss_rpn_bbox: 0.0004, loss_cls: 0.0149, acc: 99.3980, loss_bbox: 0.0052, loss: 0.0208
2026-05-08 07:28:10,161 - mmdet - INFO - Epoch [256][100/101]	lr: 1.000e-06, eta: 0:47:12, time: 0.618, data_time: 0.013, memory: 7277, loss_rpn_cls: 0.0004, loss_rpn_bbox: 0.0004, loss_cls: 0.0166, acc: 99.3317, loss_bbox: 0.0058, loss: 0.0232
2026-05-08 07:28:44,470 - mmdet - INFO - Epoch [257][50/101]	lr: 1.000e-06, eta: 0:46:40, time: 0.671, data_time: 0.066, memory: 7277, loss_rpn_cls: 0.0003, loss_rpn_bbox: 0.0004, loss_cls: 0.0168, acc: 99.2725, loss_bbox: 0.0055, loss: 0.0230
2026-05-08 07:29:15,361 - mmdet - INFO - Epoch [257][100/101]	lr: 1.000e-06, eta: 0:46:08, time: 0.618, data_time: 0.013, memory: 7277, loss_rpn_cls: 0.0004, loss_rpn_bbox: 0.0005, loss_cls: 0.0184, acc: 99.2441, loss_bbox: 0.0069, loss: 0.0262
2026-05-08 07:29:49,815 - mmdet - INFO - Epoch [258][50/101]	lr: 1.000e-06, eta: 0:45:36, time: 0.674, data_time: 0.066, memory: 7277, loss_rpn_cls: 0.0004, loss_rpn_bbox: 0.0005, loss_cls: 0.0183, acc: 99.2438, loss_bbox: 0.0065, loss: 0.0256
2026-05-08 07:30:20,625 - mmdet - INFO - Epoch [258][100/101]	lr: 1.000e-06, eta: 0:45:04, time: 0.616, data_time: 0.013, memory: 7277, loss_rpn_cls: 0.0003, loss_rpn_bbox: 0.0003, loss_cls: 0.0143, acc: 99.4219, loss_bbox: 0.0044, loss: 0.0193
2026-05-08 07:30:54,886 - mmdet - INFO - Epoch [259][50/101]	lr: 1.000e-06, eta: 0:44:31, time: 0.669, data_time: 0.065, memory: 7277, loss_rpn_cls: 0.0002, loss_rpn_bbox: 0.0003, loss_cls: 0.0145, acc: 99.4053, loss_bbox: 0.0051, loss: 0.0201
2026-05-08 07:31:25,781 - mmdet - INFO - Epoch [259][100/101]	lr: 1.000e-06, eta: 0:43:59, time: 0.618, data_time: 0.013, memory: 7277, loss_rpn_cls: 0.0003, loss_rpn_bbox: 0.0005, loss_cls: 0.0164, acc: 99.3203, loss_bbox: 0.0054, loss: 0.0225
2026-05-08 07:32:00,040 - mmdet - INFO - Epoch [260][50/101]	lr: 1.000e-06, eta: 0:43:27, time: 0.670, data_time: 0.065, memory: 7277, loss_rpn_cls: 0.0003, loss_rpn_bbox: 0.0003, loss_cls: 0.0145, acc: 99.4082, loss_bbox: 0.0047, loss: 0.0198
2026-05-08 07:32:30,942 - mmdet - INFO - Epoch [260][100/101]	lr: 1.000e-06, eta: 0:42:55, time: 0.618, data_time: 0.013, memory: 7277, loss_rpn_cls: 0.0001, loss_rpn_bbox: 0.0004, loss_cls: 0.0170, acc: 99.2956, loss_bbox: 0.0058, loss: 0.0234
2026-05-08 07:32:31,721 - mmdet - INFO - Saving checkpoint at 260 epochs
2026-05-08 07:33:11,228 - mmdet - INFO - Evaluating bbox...
2026-05-08 07:33:14,145 - mmdet - INFO - 
 Average Precision  (AP) @[ IoU=0.50:0.95 | area=   all | maxDets=100 ] = 0.340
 Average Precision  (AP) @[ IoU=0.50      | area=   all | maxDets=1000 ] = 0.725
 Average Precision  (AP) @[ IoU=0.75      | area=   all | maxDets=1000 ] = 0.284
 Average Precision  (AP) @[ IoU=0.50:0.95 | area= small | maxDets=1000 ] = 0.000
 Average Precision  (AP) @[ IoU=0.50:0.95 | area=medium | maxDets=1000 ] = 0.265
 Average Precision  (AP) @[ IoU=0.50:0.95 | area= large | maxDets=1000 ] = 0.417
 Average Recall     (AR) @[ IoU=0.50:0.95 | area=   all | maxDets=100 ] = 0.466
 Average Recall     (AR) @[ IoU=0.50:0.95 | area=   all | maxDets=300 ] = 0.466
 Average Recall     (AR) @[ IoU=0.50:0.95 | area=   all | maxDets=1000 ] = 0.466
 Average Recall     (AR) @[ IoU=0.50:0.95 | area= small | maxDets=1000 ] = 0.000
 Average Recall     (AR) @[ IoU=0.50:0.95 | area=medium | maxDets=1000 ] = 0.391
 Average Recall     (AR) @[ IoU=0.50:0.95 | area= large | maxDets=1000 ] = 0.545

2026-05-08 07:33:14,150 - mmdet - INFO - Exp name: fold_3_swin_t_3x_hbb.py
2026-05-08 07:33:14,150 - mmdet - INFO - Epoch(val) [260][370]	bbox_mAP: 0.3400, bbox_mAP_50: 0.7250, bbox_mAP_75: 0.2840, bbox_mAP_s: 0.0000, bbox_mAP_m: 0.2650, bbox_mAP_l: 0.4170, bbox_mAP_copypaste: 0.340 0.725 0.284 0.000 0.265 0.417
2026-05-08 07:33:47,652 - mmdet - INFO - Epoch [261][50/101]	lr: 1.000e-06, eta: 0:42:22, time: 0.670, data_time: 0.066, memory: 7277, loss_rpn_cls: 0.0002, loss_rpn_bbox: 0.0004, loss_cls: 0.0152, acc: 99.3748, loss_bbox: 0.0052, loss: 0.0210
2026-05-08 07:34:18,469 - mmdet - INFO - Epoch [261][100/101]	lr: 1.000e-06, eta: 0:41:50, time: 0.616, data_time: 0.013, memory: 7277, loss_rpn_cls: 0.0001, loss_rpn_bbox: 0.0005, loss_cls: 0.0171, acc: 99.2939, loss_bbox: 0.0060, loss: 0.0238
2026-05-08 07:34:52,688 - mmdet - INFO - Epoch [262][50/101]	lr: 1.000e-06, eta: 0:41:18, time: 0.669, data_time: 0.066, memory: 7277, loss_rpn_cls: 0.0002, loss_rpn_bbox: 0.0004, loss_cls: 0.0147, acc: 99.3652, loss_bbox: 0.0048, loss: 0.0201
2026-05-08 07:35:23,616 - mmdet - INFO - Epoch [262][100/101]	lr: 1.000e-06, eta: 0:40:46, time: 0.619, data_time: 0.013, memory: 7277, loss_rpn_cls: 0.0005, loss_rpn_bbox: 0.0005, loss_cls: 0.0159, acc: 99.3229, loss_bbox: 0.0054, loss: 0.0223
2026-05-08 07:35:57,916 - mmdet - INFO - Epoch [263][50/101]	lr: 1.000e-06, eta: 0:40:14, time: 0.670, data_time: 0.066, memory: 7277, loss_rpn_cls: 0.0002, loss_rpn_bbox: 0.0004, loss_cls: 0.0165, acc: 99.3339, loss_bbox: 0.0053, loss: 0.0224
2026-05-08 07:36:28,775 - mmdet - INFO - Epoch [263][100/101]	lr: 1.000e-06, eta: 0:39:42, time: 0.617, data_time: 0.013, memory: 7277, loss_rpn_cls: 0.0003, loss_rpn_bbox: 0.0004, loss_cls: 0.0159, acc: 99.3330, loss_bbox: 0.0057, loss: 0.0224
2026-05-08 07:37:03,050 - mmdet - INFO - Epoch [264][50/101]	lr: 1.000e-06, eta: 0:39:09, time: 0.670, data_time: 0.065, memory: 7277, loss_rpn_cls: 0.0002, loss_rpn_bbox: 0.0004, loss_cls: 0.0146, acc: 99.3994, loss_bbox: 0.0046, loss: 0.0198
2026-05-08 07:37:33,950 - mmdet - INFO - Epoch [264][100/101]	lr: 1.000e-06, eta: 0:38:37, time: 0.618, data_time: 0.013, memory: 7277, loss_rpn_cls: 0.0004, loss_rpn_bbox: 0.0004, loss_cls: 0.0172, acc: 99.2862, loss_bbox: 0.0063, loss: 0.0243
2026-05-08 07:38:08,307 - mmdet - INFO - Epoch [265][50/101]	lr: 1.000e-06, eta: 0:38:05, time: 0.671, data_time: 0.066, memory: 7277, loss_rpn_cls: 0.0002, loss_rpn_bbox: 0.0004, loss_cls: 0.0173, acc: 99.2970, loss_bbox: 0.0059, loss: 0.0239
2026-05-08 07:38:39,140 - mmdet - INFO - Epoch [265][100/101]	lr: 1.000e-06, eta: 0:37:33, time: 0.617, data_time: 0.013, memory: 7277, loss_rpn_cls: 0.0002, loss_rpn_bbox: 0.0004, loss_cls: 0.0143, acc: 99.3936, loss_bbox: 0.0048, loss: 0.0197
2026-05-08 07:39:13,567 - mmdet - INFO - Epoch [266][50/101]	lr: 1.000e-06, eta: 0:37:01, time: 0.673, data_time: 0.066, memory: 7277, loss_rpn_cls: 0.0004, loss_rpn_bbox: 0.0005, loss_cls: 0.0169, acc: 99.3195, loss_bbox: 0.0060, loss: 0.0237
2026-05-08 07:39:44,407 - mmdet - INFO - Epoch [266][100/101]	lr: 1.000e-06, eta: 0:36:29, time: 0.617, data_time: 0.013, memory: 7277, loss_rpn_cls: 0.0001, loss_rpn_bbox: 0.0004, loss_cls: 0.0147, acc: 99.3953, loss_bbox: 0.0048, loss: 0.0201
2026-05-08 07:40:18,784 - mmdet - INFO - Epoch [267][50/101]	lr: 1.000e-06, eta: 0:35:56, time: 0.672, data_time: 0.066, memory: 7277, loss_rpn_cls: 0.0002, loss_rpn_bbox: 0.0005, loss_cls: 0.0168, acc: 99.2998, loss_bbox: 0.0056, loss: 0.0231
2026-05-08 07:40:49,671 - mmdet - INFO - Epoch [267][100/101]	lr: 1.000e-06, eta: 0:35:24, time: 0.618, data_time: 0.013, memory: 7277, loss_rpn_cls: 0.0003, loss_rpn_bbox: 0.0004, loss_cls: 0.0155, acc: 99.3439, loss_bbox: 0.0054, loss: 0.0216
2026-05-08 07:41:24,084 - mmdet - INFO - Epoch [268][50/101]	lr: 1.000e-06, eta: 0:34:52, time: 0.673, data_time: 0.066, memory: 7277, loss_rpn_cls: 0.0005, loss_rpn_bbox: 0.0005, loss_cls: 0.0182, acc: 99.2668, loss_bbox: 0.0063, loss: 0.0253
2026-05-08 07:41:54,898 - mmdet - INFO - Epoch [268][100/101]	lr: 1.000e-06, eta: 0:34:20, time: 0.616, data_time: 0.013, memory: 7277, loss_rpn_cls: 0.0002, loss_rpn_bbox: 0.0003, loss_cls: 0.0131, acc: 99.4629, loss_bbox: 0.0042, loss: 0.0178
2026-05-08 07:42:29,249 - mmdet - INFO - Epoch [269][50/101]	lr: 1.000e-06, eta: 0:33:48, time: 0.671, data_time: 0.066, memory: 7277, loss_rpn_cls: 0.0008, loss_rpn_bbox: 0.0005, loss_cls: 0.0167, acc: 99.3066, loss_bbox: 0.0059, loss: 0.0238
2026-05-08 07:43:00,101 - mmdet - INFO - Epoch [269][100/101]	lr: 1.000e-06, eta: 0:33:16, time: 0.617, data_time: 0.013, memory: 7277, loss_rpn_cls: 0.0003, loss_rpn_bbox: 0.0004, loss_cls: 0.0155, acc: 99.3551, loss_bbox: 0.0051, loss: 0.0213
2026-05-08 07:43:34,407 - mmdet - INFO - Epoch [270][50/101]	lr: 1.000e-06, eta: 0:32:43, time: 0.670, data_time: 0.066, memory: 7277, loss_rpn_cls: 0.0002, loss_rpn_bbox: 0.0003, loss_cls: 0.0142, acc: 99.3850, loss_bbox: 0.0050, loss: 0.0197
2026-05-08 07:44:05,403 - mmdet - INFO - Epoch [270][100/101]	lr: 1.000e-06, eta: 0:32:11, time: 0.620, data_time: 0.013, memory: 7277, loss_rpn_cls: 0.0003, loss_rpn_bbox: 0.0005, loss_cls: 0.0169, acc: 99.3024, loss_bbox: 0.0057, loss: 0.0234
2026-05-08 07:44:06,178 - mmdet - INFO - Saving checkpoint at 270 epochs
2026-05-08 07:44:45,573 - mmdet - INFO - Evaluating bbox...
2026-05-08 07:44:48,464 - mmdet - INFO - 
 Average Precision  (AP) @[ IoU=0.50:0.95 | area=   all | maxDets=100 ] = 0.337
 Average Precision  (AP) @[ IoU=0.50      | area=   all | maxDets=1000 ] = 0.719
 Average Precision  (AP) @[ IoU=0.75      | area=   all | maxDets=1000 ] = 0.280
 Average Precision  (AP) @[ IoU=0.50:0.95 | area= small | maxDets=1000 ] = 0.000
 Average Precision  (AP) @[ IoU=0.50:0.95 | area=medium | maxDets=1000 ] = 0.262
 Average Precision  (AP) @[ IoU=0.50:0.95 | area= large | maxDets=1000 ] = 0.414
 Average Recall     (AR) @[ IoU=0.50:0.95 | area=   all | maxDets=100 ] = 0.461
 Average Recall     (AR) @[ IoU=0.50:0.95 | area=   all | maxDets=300 ] = 0.461
 Average Recall     (AR) @[ IoU=0.50:0.95 | area=   all | maxDets=1000 ] = 0.461
 Average Recall     (AR) @[ IoU=0.50:0.95 | area= small | maxDets=1000 ] = 0.000
 Average Recall     (AR) @[ IoU=0.50:0.95 | area=medium | maxDets=1000 ] = 0.386
 Average Recall     (AR) @[ IoU=0.50:0.95 | area= large | maxDets=1000 ] = 0.541

2026-05-08 07:44:48,468 - mmdet - INFO - Exp name: fold_3_swin_t_3x_hbb.py
2026-05-08 07:44:48,468 - mmdet - INFO - Epoch(val) [270][370]	bbox_mAP: 0.3370, bbox_mAP_50: 0.7190, bbox_mAP_75: 0.2800, bbox_mAP_s: 0.0000, bbox_mAP_m: 0.2620, bbox_mAP_l: 0.4140, bbox_mAP_copypaste: 0.337 0.719 0.280 0.000 0.262 0.414
2026-05-08 07:45:21,973 - mmdet - INFO - Epoch [271][50/101]	lr: 1.000e-06, eta: 0:31:39, time: 0.670, data_time: 0.065, memory: 7277, loss_rpn_cls: 0.0004, loss_rpn_bbox: 0.0004, loss_cls: 0.0152, acc: 99.3721, loss_bbox: 0.0056, loss: 0.0216
2026-05-08 07:45:52,779 - mmdet - INFO - Epoch [271][100/101]	lr: 1.000e-06, eta: 0:31:07, time: 0.616, data_time: 0.013, memory: 7277, loss_rpn_cls: 0.0004, loss_rpn_bbox: 0.0005, loss_cls: 0.0166, acc: 99.2969, loss_bbox: 0.0058, loss: 0.0233
2026-05-08 07:46:27,098 - mmdet - INFO - Epoch [272][50/101]	lr: 1.000e-06, eta: 0:30:34, time: 0.671, data_time: 0.066, memory: 7277, loss_rpn_cls: 0.0001, loss_rpn_bbox: 0.0004, loss_cls: 0.0157, acc: 99.3252, loss_bbox: 0.0052, loss: 0.0214
2026-05-08 07:46:57,970 - mmdet - INFO - Epoch [272][100/101]	lr: 1.000e-06, eta: 0:30:02, time: 0.617, data_time: 0.013, memory: 7277, loss_rpn_cls: 0.0005, loss_rpn_bbox: 0.0004, loss_cls: 0.0159, acc: 99.3453, loss_bbox: 0.0058, loss: 0.0226
2026-05-08 07:47:32,311 - mmdet - INFO - Epoch [273][50/101]	lr: 1.000e-06, eta: 0:29:30, time: 0.671, data_time: 0.066, memory: 7277, loss_rpn_cls: 0.0001, loss_rpn_bbox: 0.0004, loss_cls: 0.0168, acc: 99.3152, loss_bbox: 0.0059, loss: 0.0232
2026-05-08 07:48:03,109 - mmdet - INFO - Epoch [273][100/101]	lr: 1.000e-06, eta: 0:28:58, time: 0.616, data_time: 0.013, memory: 7277, loss_rpn_cls: 0.0005, loss_rpn_bbox: 0.0004, loss_cls: 0.0143, acc: 99.4229, loss_bbox: 0.0051, loss: 0.0202
2026-05-08 07:48:37,480 - mmdet - INFO - Epoch [274][50/101]	lr: 1.000e-06, eta: 0:28:26, time: 0.671, data_time: 0.066, memory: 7277, loss_rpn_cls: 0.0002, loss_rpn_bbox: 0.0004, loss_cls: 0.0168, acc: 99.2996, loss_bbox: 0.0052, loss: 0.0226
2026-05-08 07:49:08,378 - mmdet - INFO - Epoch [274][100/101]	lr: 1.000e-06, eta: 0:27:54, time: 0.618, data_time: 0.013, memory: 7277, loss_rpn_cls: 0.0007, loss_rpn_bbox: 0.0004, loss_cls: 0.0157, acc: 99.3330, loss_bbox: 0.0057, loss: 0.0225
2026-05-08 07:49:42,740 - mmdet - INFO - Epoch [275][50/101]	lr: 1.000e-06, eta: 0:27:21, time: 0.672, data_time: 0.066, memory: 7277, loss_rpn_cls: 0.0002, loss_rpn_bbox: 0.0004, loss_cls: 0.0162, acc: 99.3412, loss_bbox: 0.0058, loss: 0.0227
2026-05-08 07:50:13,498 - mmdet - INFO - Epoch [275][100/101]	lr: 1.000e-06, eta: 0:26:49, time: 0.615, data_time: 0.013, memory: 7277, loss_rpn_cls: 0.0003, loss_rpn_bbox: 0.0004, loss_cls: 0.0149, acc: 99.4043, loss_bbox: 0.0048, loss: 0.0204
2026-05-08 07:50:47,691 - mmdet - INFO - Epoch [276][50/101]	lr: 1.000e-06, eta: 0:26:17, time: 0.668, data_time: 0.066, memory: 7277, loss_rpn_cls: 0.0004, loss_rpn_bbox: 0.0003, loss_cls: 0.0123, acc: 99.5000, loss_bbox: 0.0038, loss: 0.0169
2026-05-08 07:51:18,608 - mmdet - INFO - Epoch [276][100/101]	lr: 1.000e-06, eta: 0:25:45, time: 0.618, data_time: 0.013, memory: 7277, loss_rpn_cls: 0.0004, loss_rpn_bbox: 0.0005, loss_cls: 0.0184, acc: 99.2564, loss_bbox: 0.0066, loss: 0.0259
2026-05-08 07:51:53,002 - mmdet - INFO - Epoch [277][50/101]	lr: 1.000e-06, eta: 0:25:13, time: 0.672, data_time: 0.066, memory: 7277, loss_rpn_cls: 0.0005, loss_rpn_bbox: 0.0004, loss_cls: 0.0156, acc: 99.3262, loss_bbox: 0.0056, loss: 0.0221
2026-05-08 07:52:23,809 - mmdet - INFO - Epoch [277][100/101]	lr: 1.000e-06, eta: 0:24:41, time: 0.616, data_time: 0.013, memory: 7277, loss_rpn_cls: 0.0001, loss_rpn_bbox: 0.0003, loss_cls: 0.0146, acc: 99.3855, loss_bbox: 0.0048, loss: 0.0198
2026-05-08 07:52:58,133 - mmdet - INFO - Epoch [278][50/101]	lr: 1.000e-06, eta: 0:24:08, time: 0.670, data_time: 0.066, memory: 7277, loss_rpn_cls: 0.0005, loss_rpn_bbox: 0.0004, loss_cls: 0.0153, acc: 99.3594, loss_bbox: 0.0050, loss: 0.0212
2026-05-08 07:53:29,028 - mmdet - INFO - Epoch [278][100/101]	lr: 1.000e-06, eta: 0:23:36, time: 0.618, data_time: 0.013, memory: 7277, loss_rpn_cls: 0.0003, loss_rpn_bbox: 0.0004, loss_cls: 0.0162, acc: 99.3421, loss_bbox: 0.0060, loss: 0.0229
2026-05-08 07:54:03,388 - mmdet - INFO - Epoch [279][50/101]	lr: 1.000e-06, eta: 0:23:04, time: 0.672, data_time: 0.066, memory: 7277, loss_rpn_cls: 0.0003, loss_rpn_bbox: 0.0004, loss_cls: 0.0160, acc: 99.2919, loss_bbox: 0.0053, loss: 0.0219
2026-05-08 07:54:34,240 - mmdet - INFO - Epoch [279][100/101]	lr: 1.000e-06, eta: 0:22:32, time: 0.617, data_time: 0.013, memory: 7277, loss_rpn_cls: 0.0003, loss_rpn_bbox: 0.0004, loss_cls: 0.0146, acc: 99.3778, loss_bbox: 0.0054, loss: 0.0207
2026-05-08 07:55:08,579 - mmdet - INFO - Epoch [280][50/101]	lr: 1.000e-06, eta: 0:21:59, time: 0.671, data_time: 0.065, memory: 7277, loss_rpn_cls: 0.0002, loss_rpn_bbox: 0.0004, loss_cls: 0.0157, acc: 99.3446, loss_bbox: 0.0049, loss: 0.0213
2026-05-08 07:55:39,428 - mmdet - INFO - Epoch [280][100/101]	lr: 1.000e-06, eta: 0:21:28, time: 0.617, data_time: 0.013, memory: 7277, loss_rpn_cls: 0.0004, loss_rpn_bbox: 0.0004, loss_cls: 0.0157, acc: 99.3545, loss_bbox: 0.0051, loss: 0.0215
2026-05-08 07:55:40,204 - mmdet - INFO - Saving checkpoint at 280 epochs
2026-05-08 07:56:19,732 - mmdet - INFO - Evaluating bbox...
2026-05-08 07:56:22,702 - mmdet - INFO - 
 Average Precision  (AP) @[ IoU=0.50:0.95 | area=   all | maxDets=100 ] = 0.337
 Average Precision  (AP) @[ IoU=0.50      | area=   all | maxDets=1000 ] = 0.719
 Average Precision  (AP) @[ IoU=0.75      | area=   all | maxDets=1000 ] = 0.283
 Average Precision  (AP) @[ IoU=0.50:0.95 | area= small | maxDets=1000 ] = 0.001
 Average Precision  (AP) @[ IoU=0.50:0.95 | area=medium | maxDets=1000 ] = 0.262
 Average Precision  (AP) @[ IoU=0.50:0.95 | area= large | maxDets=1000 ] = 0.414
 Average Recall     (AR) @[ IoU=0.50:0.95 | area=   all | maxDets=100 ] = 0.462
 Average Recall     (AR) @[ IoU=0.50:0.95 | area=   all | maxDets=300 ] = 0.462
 Average Recall     (AR) @[ IoU=0.50:0.95 | area=   all | maxDets=1000 ] = 0.462
 Average Recall     (AR) @[ IoU=0.50:0.95 | area= small | maxDets=1000 ] = 0.007
 Average Recall     (AR) @[ IoU=0.50:0.95 | area=medium | maxDets=1000 ] = 0.387
 Average Recall     (AR) @[ IoU=0.50:0.95 | area= large | maxDets=1000 ] = 0.542

2026-05-08 07:56:22,707 - mmdet - INFO - Exp name: fold_3_swin_t_3x_hbb.py
2026-05-08 07:56:22,707 - mmdet - INFO - Epoch(val) [280][370]	bbox_mAP: 0.3370, bbox_mAP_50: 0.7190, bbox_mAP_75: 0.2830, bbox_mAP_s: 0.0010, bbox_mAP_m: 0.2620, bbox_mAP_l: 0.4140, bbox_mAP_copypaste: 0.337 0.719 0.283 0.001 0.262 0.414
2026-05-08 07:56:56,199 - mmdet - INFO - Epoch [281][50/101]	lr: 1.000e-06, eta: 0:20:55, time: 0.670, data_time: 0.065, memory: 7277, loss_rpn_cls: 0.0002, loss_rpn_bbox: 0.0004, loss_cls: 0.0153, acc: 99.3504, loss_bbox: 0.0055, loss: 0.0214
2026-05-08 07:57:27,048 - mmdet - INFO - Epoch [281][100/101]	lr: 1.000e-06, eta: 0:20:23, time: 0.617, data_time: 0.013, memory: 7277, loss_rpn_cls: 0.0003, loss_rpn_bbox: 0.0004, loss_cls: 0.0158, acc: 99.3270, loss_bbox: 0.0049, loss: 0.0214
2026-05-08 07:58:01,382 - mmdet - INFO - Epoch [282][50/101]	lr: 1.000e-06, eta: 0:19:51, time: 0.671, data_time: 0.065, memory: 7277, loss_rpn_cls: 0.0003, loss_rpn_bbox: 0.0004, loss_cls: 0.0164, acc: 99.3365, loss_bbox: 0.0059, loss: 0.0231
2026-05-08 07:58:32,154 - mmdet - INFO - Epoch [282][100/101]	lr: 1.000e-06, eta: 0:19:19, time: 0.615, data_time: 0.013, memory: 7277, loss_rpn_cls: 0.0002, loss_rpn_bbox: 0.0004, loss_cls: 0.0160, acc: 99.3486, loss_bbox: 0.0054, loss: 0.0220
2026-05-08 07:59:06,523 - mmdet - INFO - Epoch [283][50/101]	lr: 1.000e-06, eta: 0:18:46, time: 0.672, data_time: 0.066, memory: 7277, loss_rpn_cls: 0.0003, loss_rpn_bbox: 0.0004, loss_cls: 0.0152, acc: 99.3704, loss_bbox: 0.0051, loss: 0.0210
2026-05-08 07:59:37,371 - mmdet - INFO - Epoch [283][100/101]	lr: 1.000e-06, eta: 0:18:14, time: 0.617, data_time: 0.013, memory: 7277, loss_rpn_cls: 0.0004, loss_rpn_bbox: 0.0004, loss_cls: 0.0148, acc: 99.3945, loss_bbox: 0.0056, loss: 0.0212
2026-05-08 08:00:11,709 - mmdet - INFO - Epoch [284][50/101]	lr: 1.000e-06, eta: 0:17:42, time: 0.671, data_time: 0.066, memory: 7277, loss_rpn_cls: 0.0003, loss_rpn_bbox: 0.0004, loss_cls: 0.0154, acc: 99.3594, loss_bbox: 0.0058, loss: 0.0219
2026-05-08 08:00:42,570 - mmdet - INFO - Epoch [284][100/101]	lr: 1.000e-06, eta: 0:17:10, time: 0.617, data_time: 0.013, memory: 7277, loss_rpn_cls: 0.0002, loss_rpn_bbox: 0.0004, loss_cls: 0.0161, acc: 99.3711, loss_bbox: 0.0049, loss: 0.0216
2026-05-08 08:01:16,921 - mmdet - INFO - Epoch [285][50/101]	lr: 1.000e-06, eta: 0:16:38, time: 0.671, data_time: 0.065, memory: 7277, loss_rpn_cls: 0.0002, loss_rpn_bbox: 0.0005, loss_cls: 0.0166, acc: 99.3060, loss_bbox: 0.0055, loss: 0.0227
2026-05-08 08:01:47,726 - mmdet - INFO - Epoch [285][100/101]	lr: 1.000e-06, eta: 0:16:06, time: 0.616, data_time: 0.013, memory: 7277, loss_rpn_cls: 0.0003, loss_rpn_bbox: 0.0004, loss_cls: 0.0151, acc: 99.3906, loss_bbox: 0.0052, loss: 0.0210
2026-05-08 08:02:21,994 - mmdet - INFO - Epoch [286][50/101]	lr: 1.000e-06, eta: 0:15:33, time: 0.669, data_time: 0.065, memory: 7277, loss_rpn_cls: 0.0002, loss_rpn_bbox: 0.0004, loss_cls: 0.0161, acc: 99.3212, loss_bbox: 0.0048, loss: 0.0214
2026-05-08 08:02:52,910 - mmdet - INFO - Epoch [286][100/101]	lr: 1.000e-06, eta: 0:15:01, time: 0.618, data_time: 0.013, memory: 7277, loss_rpn_cls: 0.0004, loss_rpn_bbox: 0.0004, loss_cls: 0.0154, acc: 99.3564, loss_bbox: 0.0050, loss: 0.0213
2026-05-08 08:03:27,360 - mmdet - INFO - Epoch [287][50/101]	lr: 1.000e-06, eta: 0:14:29, time: 0.673, data_time: 0.066, memory: 7277, loss_rpn_cls: 0.0004, loss_rpn_bbox: 0.0004, loss_cls: 0.0168, acc: 99.3008, loss_bbox: 0.0054, loss: 0.0230
2026-05-08 08:03:58,177 - mmdet - INFO - Epoch [287][100/101]	lr: 1.000e-06, eta: 0:13:57, time: 0.616, data_time: 0.013, memory: 7277, loss_rpn_cls: 0.0002, loss_rpn_bbox: 0.0004, loss_cls: 0.0147, acc: 99.4094, loss_bbox: 0.0052, loss: 0.0205
2026-05-08 08:04:32,440 - mmdet - INFO - Epoch [288][50/101]	lr: 1.000e-06, eta: 0:13:24, time: 0.670, data_time: 0.065, memory: 7277, loss_rpn_cls: 0.0003, loss_rpn_bbox: 0.0004, loss_cls: 0.0172, acc: 99.2949, loss_bbox: 0.0056, loss: 0.0234
2026-05-08 08:05:03,276 - mmdet - INFO - Epoch [288][100/101]	lr: 1.000e-06, eta: 0:12:53, time: 0.617, data_time: 0.013, memory: 7277, loss_rpn_cls: 0.0002, loss_rpn_bbox: 0.0004, loss_cls: 0.0143, acc: 99.4288, loss_bbox: 0.0051, loss: 0.0201
2026-05-08 08:05:37,549 - mmdet - INFO - Epoch [289][50/101]	lr: 1.000e-06, eta: 0:12:20, time: 0.670, data_time: 0.065, memory: 7277, loss_rpn_cls: 0.0005, loss_rpn_bbox: 0.0004, loss_cls: 0.0156, acc: 99.3436, loss_bbox: 0.0052, loss: 0.0217
2026-05-08 08:06:08,409 - mmdet - INFO - Epoch [289][100/101]	lr: 1.000e-06, eta: 0:11:48, time: 0.617, data_time: 0.013, memory: 7277, loss_rpn_cls: 0.0004, loss_rpn_bbox: 0.0004, loss_cls: 0.0163, acc: 99.3026, loss_bbox: 0.0060, loss: 0.0231
2026-05-08 08:06:42,758 - mmdet - INFO - Epoch [290][50/101]	lr: 1.000e-06, eta: 0:11:16, time: 0.672, data_time: 0.065, memory: 7277, loss_rpn_cls: 0.0002, loss_rpn_bbox: 0.0004, loss_cls: 0.0156, acc: 99.3717, loss_bbox: 0.0055, loss: 0.0218
2026-05-08 08:07:13,583 - mmdet - INFO - Epoch [290][100/101]	lr: 1.000e-06, eta: 0:10:44, time: 0.617, data_time: 0.013, memory: 7277, loss_rpn_cls: 0.0004, loss_rpn_bbox: 0.0004, loss_cls: 0.0142, acc: 99.4062, loss_bbox: 0.0054, loss: 0.0203
2026-05-08 08:07:14,370 - mmdet - INFO - Saving checkpoint at 290 epochs
2026-05-08 08:07:53,845 - mmdet - INFO - Evaluating bbox...
2026-05-08 08:07:56,745 - mmdet - INFO - 
 Average Precision  (AP) @[ IoU=0.50:0.95 | area=   all | maxDets=100 ] = 0.339
 Average Precision  (AP) @[ IoU=0.50      | area=   all | maxDets=1000 ] = 0.721
 Average Precision  (AP) @[ IoU=0.75      | area=   all | maxDets=1000 ] = 0.281
 Average Precision  (AP) @[ IoU=0.50:0.95 | area= small | maxDets=1000 ] = 0.000
 Average Precision  (AP) @[ IoU=0.50:0.95 | area=medium | maxDets=1000 ] = 0.263
 Average Precision  (AP) @[ IoU=0.50:0.95 | area= large | maxDets=1000 ] = 0.416
 Average Recall     (AR) @[ IoU=0.50:0.95 | area=   all | maxDets=100 ] = 0.462
 Average Recall     (AR) @[ IoU=0.50:0.95 | area=   all | maxDets=300 ] = 0.462
 Average Recall     (AR) @[ IoU=0.50:0.95 | area=   all | maxDets=1000 ] = 0.462
 Average Recall     (AR) @[ IoU=0.50:0.95 | area= small | maxDets=1000 ] = 0.000
 Average Recall     (AR) @[ IoU=0.50:0.95 | area=medium | maxDets=1000 ] = 0.387
 Average Recall     (AR) @[ IoU=0.50:0.95 | area= large | maxDets=1000 ] = 0.541

2026-05-08 08:07:56,750 - mmdet - INFO - Exp name: fold_3_swin_t_3x_hbb.py
2026-05-08 08:07:56,750 - mmdet - INFO - Epoch(val) [290][370]	bbox_mAP: 0.3390, bbox_mAP_50: 0.7210, bbox_mAP_75: 0.2810, bbox_mAP_s: 0.0000, bbox_mAP_m: 0.2630, bbox_mAP_l: 0.4160, bbox_mAP_copypaste: 0.339 0.721 0.281 0.000 0.263 0.416
2026-05-08 08:08:30,285 - mmdet - INFO - Epoch [291][50/101]	lr: 1.000e-06, eta: 0:10:11, time: 0.670, data_time: 0.066, memory: 7277, loss_rpn_cls: 0.0003, loss_rpn_bbox: 0.0004, loss_cls: 0.0170, acc: 99.3078, loss_bbox: 0.0059, loss: 0.0236
2026-05-08 08:09:01,142 - mmdet - INFO - Epoch [291][100/101]	lr: 1.000e-06, eta: 0:09:39, time: 0.617, data_time: 0.013, memory: 7277, loss_rpn_cls: 0.0002, loss_rpn_bbox: 0.0004, loss_cls: 0.0155, acc: 99.3708, loss_bbox: 0.0053, loss: 0.0214
2026-05-08 08:09:35,516 - mmdet - INFO - Epoch [292][50/101]	lr: 1.000e-06, eta: 0:09:07, time: 0.672, data_time: 0.066, memory: 7277, loss_rpn_cls: 0.0003, loss_rpn_bbox: 0.0004, loss_cls: 0.0137, acc: 99.4297, loss_bbox: 0.0046, loss: 0.0190
2026-05-08 08:10:06,364 - mmdet - INFO - Epoch [292][100/101]	lr: 1.000e-06, eta: 0:08:35, time: 0.617, data_time: 0.013, memory: 7277, loss_rpn_cls: 0.0004, loss_rpn_bbox: 0.0004, loss_cls: 0.0162, acc: 99.3690, loss_bbox: 0.0054, loss: 0.0224
2026-05-08 08:10:40,606 - mmdet - INFO - Epoch [293][50/101]	lr: 1.000e-06, eta: 0:08:03, time: 0.669, data_time: 0.065, memory: 7277, loss_rpn_cls: 0.0002, loss_rpn_bbox: 0.0004, loss_cls: 0.0145, acc: 99.3984, loss_bbox: 0.0044, loss: 0.0194
2026-05-08 08:11:11,470 - mmdet - INFO - Epoch [293][100/101]	lr: 1.000e-06, eta: 0:07:31, time: 0.617, data_time: 0.013, memory: 7277, loss_rpn_cls: 0.0003, loss_rpn_bbox: 0.0004, loss_cls: 0.0154, acc: 99.3702, loss_bbox: 0.0058, loss: 0.0219
2026-05-08 08:11:45,843 - mmdet - INFO - Epoch [294][50/101]	lr: 1.000e-06, eta: 0:06:58, time: 0.672, data_time: 0.066, memory: 7277, loss_rpn_cls: 0.0002, loss_rpn_bbox: 0.0004, loss_cls: 0.0152, acc: 99.3721, loss_bbox: 0.0050, loss: 0.0208
2026-05-08 08:12:16,706 - mmdet - INFO - Epoch [294][100/101]	lr: 1.000e-06, eta: 0:06:26, time: 0.617, data_time: 0.013, memory: 7277, loss_rpn_cls: 0.0003, loss_rpn_bbox: 0.0004, loss_cls: 0.0148, acc: 99.3632, loss_bbox: 0.0055, loss: 0.0210
2026-05-08 08:12:50,959 - mmdet - INFO - Epoch [295][50/101]	lr: 1.000e-06, eta: 0:05:54, time: 0.669, data_time: 0.065, memory: 7277, loss_rpn_cls: 0.0001, loss_rpn_bbox: 0.0003, loss_cls: 0.0133, acc: 99.4530, loss_bbox: 0.0043, loss: 0.0180
2026-05-08 08:13:21,875 - mmdet - INFO - Epoch [295][100/101]	lr: 1.000e-06, eta: 0:05:22, time: 0.618, data_time: 0.013, memory: 7277, loss_rpn_cls: 0.0005, loss_rpn_bbox: 0.0005, loss_cls: 0.0164, acc: 99.3320, loss_bbox: 0.0055, loss: 0.0229
2026-05-08 08:13:56,162 - mmdet - INFO - Epoch [296][50/101]	lr: 1.000e-06, eta: 0:04:49, time: 0.670, data_time: 0.065, memory: 7277, loss_rpn_cls: 0.0003, loss_rpn_bbox: 0.0005, loss_cls: 0.0160, acc: 99.3421, loss_bbox: 0.0053, loss: 0.0221
2026-05-08 08:14:26,999 - mmdet - INFO - Epoch [296][100/101]	lr: 1.000e-06, eta: 0:04:18, time: 0.617, data_time: 0.013, memory: 7277, loss_rpn_cls: 0.0004, loss_rpn_bbox: 0.0004, loss_cls: 0.0155, acc: 99.3542, loss_bbox: 0.0055, loss: 0.0218
2026-05-08 08:15:01,320 - mmdet - INFO - Epoch [297][50/101]	lr: 1.000e-06, eta: 0:03:45, time: 0.671, data_time: 0.066, memory: 7277, loss_rpn_cls: 0.0004, loss_rpn_bbox: 0.0004, loss_cls: 0.0152, acc: 99.3732, loss_bbox: 0.0049, loss: 0.0208
2026-05-08 08:15:32,143 - mmdet - INFO - Epoch [297][100/101]	lr: 1.000e-06, eta: 0:03:13, time: 0.616, data_time: 0.013, memory: 7277, loss_rpn_cls: 0.0002, loss_rpn_bbox: 0.0004, loss_cls: 0.0165, acc: 99.3086, loss_bbox: 0.0057, loss: 0.0228
2026-05-08 08:16:06,495 - mmdet - INFO - Epoch [298][50/101]	lr: 1.000e-06, eta: 0:02:41, time: 0.672, data_time: 0.066, memory: 7277, loss_rpn_cls: 0.0007, loss_rpn_bbox: 0.0005, loss_cls: 0.0170, acc: 99.3229, loss_bbox: 0.0064, loss: 0.0246
2026-05-08 08:16:37,266 - mmdet - INFO - Epoch [298][100/101]	lr: 1.000e-06, eta: 0:02:09, time: 0.615, data_time: 0.013, memory: 7277, loss_rpn_cls: 0.0002, loss_rpn_bbox: 0.0004, loss_cls: 0.0146, acc: 99.3884, loss_bbox: 0.0049, loss: 0.0200
2026-05-08 08:17:11,578 - mmdet - INFO - Epoch [299][50/101]	lr: 1.000e-06, eta: 0:01:36, time: 0.671, data_time: 0.066, memory: 7277, loss_rpn_cls: 0.0001, loss_rpn_bbox: 0.0004, loss_cls: 0.0163, acc: 99.3160, loss_bbox: 0.0055, loss: 0.0224
2026-05-08 08:17:42,433 - mmdet - INFO - Epoch [299][100/101]	lr: 1.000e-06, eta: 0:01:05, time: 0.617, data_time: 0.013, memory: 7277, loss_rpn_cls: 0.0002, loss_rpn_bbox: 0.0004, loss_cls: 0.0141, acc: 99.4072, loss_bbox: 0.0048, loss: 0.0195
2026-05-08 08:18:16,764 - mmdet - INFO - Epoch [300][50/101]	lr: 1.000e-06, eta: 0:00:32, time: 0.671, data_time: 0.066, memory: 7277, loss_rpn_cls: 0.0002, loss_rpn_bbox: 0.0003, loss_cls: 0.0134, acc: 99.4404, loss_bbox: 0.0043, loss: 0.0182
2026-05-08 08:18:47,678 - mmdet - INFO - Epoch [300][100/101]	lr: 1.000e-06, eta: 0:00:00, time: 0.618, data_time: 0.013, memory: 7277, loss_rpn_cls: 0.0002, loss_rpn_bbox: 0.0004, loss_cls: 0.0158, acc: 99.3576, loss_bbox: 0.0055, loss: 0.0220
2026-05-08 08:18:48,447 - mmdet - INFO - Saving checkpoint at 300 epochs
2026-05-08 08:19:27,782 - mmdet - INFO - Evaluating bbox...
2026-05-08 08:19:30,694 - mmdet - INFO - 
 Average Precision  (AP) @[ IoU=0.50:0.95 | area=   all | maxDets=100 ] = 0.339
 Average Precision  (AP) @[ IoU=0.50      | area=   all | maxDets=1000 ] = 0.720
 Average Precision  (AP) @[ IoU=0.75      | area=   all | maxDets=1000 ] = 0.279
 Average Precision  (AP) @[ IoU=0.50:0.95 | area= small | maxDets=1000 ] = 0.000
 Average Precision  (AP) @[ IoU=0.50:0.95 | area=medium | maxDets=1000 ] = 0.262
 Average Precision  (AP) @[ IoU=0.50:0.95 | area= large | maxDets=1000 ] = 0.416
 Average Recall     (AR) @[ IoU=0.50:0.95 | area=   all | maxDets=100 ] = 0.461
 Average Recall     (AR) @[ IoU=0.50:0.95 | area=   all | maxDets=300 ] = 0.461
 Average Recall     (AR) @[ IoU=0.50:0.95 | area=   all | maxDets=1000 ] = 0.461
 Average Recall     (AR) @[ IoU=0.50:0.95 | area= small | maxDets=1000 ] = 0.000
 Average Recall     (AR) @[ IoU=0.50:0.95 | area=medium | maxDets=1000 ] = 0.387
 Average Recall     (AR) @[ IoU=0.50:0.95 | area= large | maxDets=1000 ] = 0.541

2026-05-08 08:19:30,698 - mmdet - INFO - Exp name: fold_3_swin_t_3x_hbb.py
2026-05-08 08:19:30,698 - mmdet - INFO - Epoch(val) [300][370]	bbox_mAP: 0.3390, bbox_mAP_50: 0.7200, bbox_mAP_75: 0.2790, bbox_mAP_s: 0.0000, bbox_mAP_m: 0.2620, bbox_mAP_l: 0.4160, bbox_mAP_copypaste: 0.339 0.720 0.279 0.000 0.262 0.416
