2026-05-09 06:30:04,827 - mmdet - INFO - Environment info:
------------------------------------------------------------
sys.platform: linux
Python: 3.7.16 (default, Jan 17 2023, 22:20:44) [GCC 11.2.0]
CUDA available: True
GPU 0: NVIDIA GeForce RTX 2080 Ti
CUDA_HOME: /usr
NVCC: Build cuda_11.5.r11.5/compiler.30672275_0
GCC: gcc (Ubuntu 11.4.0-1ubuntu1~22.04.3) 11.4.0
PyTorch: 1.7.1+cu110
PyTorch compiling details: PyTorch built with:
  - GCC 7.3
  - C++ Version: 201402
  - Intel(R) Math Kernel Library Version 2020.0.0 Product Build 20191122 for Intel(R) 64 architecture applications
  - Intel(R) MKL-DNN v1.6.0 (Git Hash 5ef631a030a6f73131c77892041042805a06064f)
  - OpenMP 201511 (a.k.a. OpenMP 4.5)
  - NNPACK is enabled
  - CPU capability usage: AVX2
  - CUDA Runtime 11.0
  - NVCC architecture flags: -gencode;arch=compute_37,code=sm_37;-gencode;arch=compute_50,code=sm_50;-gencode;arch=compute_60,code=sm_60;-gencode;arch=compute_70,code=sm_70;-gencode;arch=compute_75,code=sm_75;-gencode;arch=compute_80,code=sm_80
  - CuDNN 8.0.5
  - Magma 2.5.2
  - Build settings: BLAS=MKL, BUILD_TYPE=Release, CXX_FLAGS= -Wno-deprecated -fvisibility-inlines-hidden -DUSE_PTHREADPOOL -fopenmp -DNDEBUG -DUSE_FBGEMM -DUSE_QNNPACK -DUSE_PYTORCH_QNNPACK -DUSE_XNNPACK -DUSE_VULKAN_WRAPPER -O2 -fPIC -Wno-narrowing -Wall -Wextra -Werror=return-type -Wno-missing-field-initializers -Wno-type-limits -Wno-array-bounds -Wno-unknown-pragmas -Wno-sign-compare -Wno-unused-parameter -Wno-unused-variable -Wno-unused-function -Wno-unused-result -Wno-unused-local-typedefs -Wno-strict-overflow -Wno-strict-aliasing -Wno-error=deprecated-declarations -Wno-stringop-overflow -Wno-psabi -Wno-error=pedantic -Wno-error=redundant-decls -Wno-error=old-style-cast -fdiagnostics-color=always -faligned-new -Wno-unused-but-set-variable -Wno-maybe-uninitialized -fno-math-errno -fno-trapping-math -Werror=format -Wno-stringop-overflow, PERF_WITH_AVX=1, PERF_WITH_AVX2=1, PERF_WITH_AVX512=1, USE_CUDA=ON, USE_EXCEPTION_PTR=1, USE_GFLAGS=OFF, USE_GLOG=OFF, USE_MKL=ON, USE_MKLDNN=ON, USE_MPI=OFF, USE_NCCL=ON, USE_NNPACK=ON, USE_OPENMP=ON, 

TorchVision: 0.8.2+cu110
OpenCV: 4.13.0
MMCV: 1.3.17
MMCV Compiler: GCC 7.3
MMCV CUDA Compiler: 11.0
MMDetection: 2.23.0+2544401
------------------------------------------------------------

2026-05-09 06:30:05,954 - mmdet - INFO - Distributed training: True
2026-05-09 06:30:07,050 - mmdet - INFO - Config:
norm_cfg = dict(type='GN', num_groups=32, requires_grad=True)
model = dict(
    type='FCOS',
    backbone=dict(
        type='SwinTransformer',
        embed_dims=96,
        depths=[2, 2, 6, 2],
        num_heads=[3, 6, 12, 24],
        window_size=7,
        mlp_ratio=4,
        qkv_bias=True,
        qk_scale=None,
        drop_rate=0.0,
        attn_drop_rate=0.0,
        drop_path_rate=0.2,
        patch_norm=True,
        out_indices=(0, 1, 2, 3),
        with_cp=False,
        convert_weights=True,
        init_cfg=dict(
            type='Pretrained', checkpoint='orcn-swin-t-dota-latest.pth')),
    neck=dict(
        type='FPN',
        in_channels=[96, 192, 384, 768],
        out_channels=256,
        start_level=0,
        add_extra_convs='on_output',
        num_outs=5,
        relu_before_extra_convs=True),
    bbox_head=dict(
        type='FCOSHead',
        num_classes=1,
        in_channels=256,
        stacked_convs=4,
        feat_channels=256,
        strides=[4, 8, 16, 32, 64],
        center_sampling=True,
        center_sample_radius=1.5,
        norm_on_bbox=True,
        centerness_on_reg=True,
        loss_cls=dict(
            type='FocalLoss',
            use_sigmoid=True,
            gamma=2.0,
            alpha=0.25,
            loss_weight=1.0),
        loss_bbox=dict(type='CIoULoss', loss_weight=1.0),
        loss_centerness=dict(
            type='CrossEntropyLoss', use_sigmoid=True, loss_weight=1.0)),
    train_cfg=dict(
        assigner=dict(
            type='MaxIoUAssigner',
            pos_iou_thr=0.5,
            neg_iou_thr=0.4,
            min_pos_iou=0,
            ignore_iof_thr=-1),
        allowed_border=-1,
        pos_weight=-1,
        debug=False),
    test_cfg=dict(
        nms_pre=1000,
        min_bbox_size=0,
        score_thr=0.05,
        nms=dict(type='nms', iou_threshold=0.5),
        max_per_img=100))
dataset_type = 'CocoDataset'
classes = ('ship', )
data_root = '/home/ahmadreza/Downloads/Research/M2SODAI/baseline_official/'
img_norm_cfg = dict(
    mean=[123.675, 116.28, 103.53], std=[58.395, 57.12, 57.375], to_rgb=True)
train_pipeline = [
    dict(type='LoadImageFromFile'),
    dict(type='LoadAnnotations', with_bbox=True),
    dict(type='Resize', img_scale=(640, 640), keep_ratio=True),
    dict(type='RandomFlip', flip_ratio=0.5),
    dict(type='PhotoMetricDistortion'),
    dict(
        type='Normalize',
        mean=[123.675, 116.28, 103.53],
        std=[58.395, 57.12, 57.375],
        to_rgb=True),
    dict(type='Pad', size_divisor=32),
    dict(
        type='CutOut',
        n_holes=(1, 5),
        cutout_shape=[(20, 20), (40, 40), (80, 80)],
        fill_in=(0, 0, 0)),
    dict(type='DefaultFormatBundle'),
    dict(type='Collect', keys=['img', 'gt_bboxes', 'gt_labels'])
]
test_pipeline = [
    dict(type='LoadImageFromFile'),
    dict(
        type='MultiScaleFlipAug',
        img_scale=(640, 640),
        flip=False,
        transforms=[
            dict(type='Resize', keep_ratio=True),
            dict(type='RandomFlip'),
            dict(
                type='Normalize',
                mean=[123.675, 116.28, 103.53],
                std=[58.395, 57.12, 57.375],
                to_rgb=True),
            dict(type='Pad', size_divisor=32),
            dict(type='ImageToTensor', keys=['img']),
            dict(type='Collect', keys=['img'])
        ])
]
data = dict(
    samples_per_gpu=4,
    workers_per_gpu=4,
    train=dict(
        type='CocoDataset',
        ann_file=
        '/home/ahmadreza/Downloads/Research/M2SODAI/baseline_official/fold_1/train/annotations.json',
        img_prefix=
        '/home/ahmadreza/Downloads/Research/M2SODAI/baseline_official/fold_1/train/images/',
        classes=('ship', ),
        filter_empty_gt=False,
        pipeline=[
            dict(type='LoadImageFromFile'),
            dict(type='LoadAnnotations', with_bbox=True),
            dict(type='Resize', img_scale=(640, 640), keep_ratio=True),
            dict(type='RandomFlip', flip_ratio=0.5),
            dict(type='PhotoMetricDistortion'),
            dict(
                type='Normalize',
                mean=[123.675, 116.28, 103.53],
                std=[58.395, 57.12, 57.375],
                to_rgb=True),
            dict(type='Pad', size_divisor=32),
            dict(
                type='CutOut',
                n_holes=(1, 5),
                cutout_shape=[(20, 20), (40, 40), (80, 80)],
                fill_in=(0, 0, 0)),
            dict(type='DefaultFormatBundle'),
            dict(type='Collect', keys=['img', 'gt_bboxes', 'gt_labels'])
        ]),
    val=dict(
        type='CocoDataset',
        ann_file=
        '/home/ahmadreza/Downloads/Research/M2SODAI/baseline_official/fold_1/val/annotations.json',
        img_prefix=
        '/home/ahmadreza/Downloads/Research/M2SODAI/baseline_official/fold_1/val/images/',
        classes=('ship', ),
        pipeline=[
            dict(type='LoadImageFromFile'),
            dict(
                type='MultiScaleFlipAug',
                img_scale=(640, 640),
                flip=False,
                transforms=[
                    dict(type='Resize', keep_ratio=True),
                    dict(type='RandomFlip'),
                    dict(
                        type='Normalize',
                        mean=[123.675, 116.28, 103.53],
                        std=[58.395, 57.12, 57.375],
                        to_rgb=True),
                    dict(type='Pad', size_divisor=32),
                    dict(type='ImageToTensor', keys=['img']),
                    dict(type='Collect', keys=['img'])
                ])
        ]),
    test=dict(
        type='CocoDataset',
        ann_file=
        '/home/ahmadreza/Downloads/Research/M2SODAI/baseline_official/fold_1/val/annotations.json',
        img_prefix=
        '/home/ahmadreza/Downloads/Research/M2SODAI/baseline_official/fold_1/val/images/',
        classes=('ship', ),
        pipeline=[
            dict(type='LoadImageFromFile'),
            dict(
                type='MultiScaleFlipAug',
                img_scale=(640, 640),
                flip=False,
                transforms=[
                    dict(type='Resize', keep_ratio=True),
                    dict(type='RandomFlip'),
                    dict(
                        type='Normalize',
                        mean=[123.675, 116.28, 103.53],
                        std=[58.395, 57.12, 57.375],
                        to_rgb=True),
                    dict(type='Pad', size_divisor=32),
                    dict(type='ImageToTensor', keys=['img']),
                    dict(type='Collect', keys=['img'])
                ])
        ]))
optimizer = dict(type='AdamW', lr=0.0001, weight_decay=0.05)
optimizer_config = dict(
    type='GradientCumulativeOptimizerHook',
    cumulative_iters=4,
    grad_clip=dict(max_norm=35, norm_type=2))
lr_config = dict(
    policy='CosineAnnealing',
    warmup='linear',
    warmup_iters=500,
    warmup_ratio=0.001,
    min_lr=1e-06)
runner = dict(type='EpochBasedRunner', max_epochs=300)
evaluation = dict(interval=5, metric='bbox', save_best='bbox_mAP')
checkpoint_config = dict(interval=10, max_keep_ckpts=3)
log_config = dict(
    interval=50,
    hooks=[dict(type='TextLoggerHook'),
           dict(type='TensorboardLoggerHook')])
custom_hooks = [
    dict(
        type='EarlyStoppingHook',
        monitor='bbox_mAP',
        patience=10,
        min_delta=0.001)
]
dist_params = dict(backend='nccl')
log_level = 'INFO'
load_from = None
resume_from = None
workflow = [('train', 1)]
work_dir = '/home/ahmadreza/Downloads/Research/M2SODAI/baseline_official/runs_swin_hbb/swin_t_hbb_fold_1_20260509'
seed = 0
deterministic = True
auto_resume = False
gpu_ids = range(0, 1)

2026-05-09 06:30:07,051 - mmdet - INFO - Set random seed to 42, deterministic: False
2026-05-09 06:30:07,593 - mmdet - INFO - load checkpoint from local path: orcn-swin-t-dota-latest.pth
2026-05-09 06:30:08,237 - mmdet - INFO - initialize FPN with init_cfg {'type': 'Xavier', 'layer': 'Conv2d', 'distribution': 'uniform'}
2026-05-09 06:30:08,266 - mmdet - INFO - initialize FCOSHead with init_cfg {'type': 'Normal', 'layer': 'Conv2d', 'std': 0.01, 'override': {'type': 'Normal', 'name': 'conv_cls', 'std': 0.01, 'bias_prob': 0.01}}
Name of parameter - Initialization information

backbone.patch_embed.projection.weight - torch.Size([96, 3, 4, 4]): 
Initialized by user-defined `init_weights` in SwinTransformer  

backbone.patch_embed.projection.bias - torch.Size([96]): 
Initialized by user-defined `init_weights` in SwinTransformer  

backbone.patch_embed.norm.weight - torch.Size([96]): 
Initialized by user-defined `init_weights` in SwinTransformer  

backbone.patch_embed.norm.bias - torch.Size([96]): 
Initialized by user-defined `init_weights` in SwinTransformer  

backbone.stages.0.blocks.0.norm1.weight - torch.Size([96]): 
Initialized by user-defined `init_weights` in SwinTransformer  

backbone.stages.0.blocks.0.norm1.bias - torch.Size([96]): 
Initialized by user-defined `init_weights` in SwinTransformer  

backbone.stages.0.blocks.0.attn.w_msa.relative_position_bias_table - torch.Size([169, 3]): 
Initialized by user-defined `init_weights` in SwinTransformer  

backbone.stages.0.blocks.0.attn.w_msa.qkv.weight - torch.Size([288, 96]): 
Initialized by user-defined `init_weights` in SwinTransformer  

backbone.stages.0.blocks.0.attn.w_msa.qkv.bias - torch.Size([288]): 
Initialized by user-defined `init_weights` in SwinTransformer  

backbone.stages.0.blocks.0.attn.w_msa.proj.weight - torch.Size([96, 96]): 
Initialized by user-defined `init_weights` in SwinTransformer  

backbone.stages.0.blocks.0.attn.w_msa.proj.bias - torch.Size([96]): 
Initialized by user-defined `init_weights` in SwinTransformer  

backbone.stages.0.blocks.0.norm2.weight - torch.Size([96]): 
Initialized by user-defined `init_weights` in SwinTransformer  

backbone.stages.0.blocks.0.norm2.bias - torch.Size([96]): 
Initialized by user-defined `init_weights` in SwinTransformer  

backbone.stages.0.blocks.0.ffn.layers.0.0.weight - torch.Size([384, 96]): 
Initialized by user-defined `init_weights` in SwinTransformer  

backbone.stages.0.blocks.0.ffn.layers.0.0.bias - torch.Size([384]): 
Initialized by user-defined `init_weights` in SwinTransformer  

backbone.stages.0.blocks.0.ffn.layers.1.weight - torch.Size([96, 384]): 
Initialized by user-defined `init_weights` in SwinTransformer  

backbone.stages.0.blocks.0.ffn.layers.1.bias - torch.Size([96]): 
Initialized by user-defined `init_weights` in SwinTransformer  

backbone.stages.0.blocks.1.norm1.weight - torch.Size([96]): 
Initialized by user-defined `init_weights` in SwinTransformer  

backbone.stages.0.blocks.1.norm1.bias - torch.Size([96]): 
Initialized by user-defined `init_weights` in SwinTransformer  

backbone.stages.0.blocks.1.attn.w_msa.relative_position_bias_table - torch.Size([169, 3]): 
Initialized by user-defined `init_weights` in SwinTransformer  

backbone.stages.0.blocks.1.attn.w_msa.qkv.weight - torch.Size([288, 96]): 
Initialized by user-defined `init_weights` in SwinTransformer  

backbone.stages.0.blocks.1.attn.w_msa.qkv.bias - torch.Size([288]): 
Initialized by user-defined `init_weights` in SwinTransformer  

backbone.stages.0.blocks.1.attn.w_msa.proj.weight - torch.Size([96, 96]): 
Initialized by user-defined `init_weights` in SwinTransformer  

backbone.stages.0.blocks.1.attn.w_msa.proj.bias - torch.Size([96]): 
Initialized by user-defined `init_weights` in SwinTransformer  

backbone.stages.0.blocks.1.norm2.weight - torch.Size([96]): 
Initialized by user-defined `init_weights` in SwinTransformer  

backbone.stages.0.blocks.1.norm2.bias - torch.Size([96]): 
Initialized by user-defined `init_weights` in SwinTransformer  

backbone.stages.0.blocks.1.ffn.layers.0.0.weight - torch.Size([384, 96]): 
Initialized by user-defined `init_weights` in SwinTransformer  

backbone.stages.0.blocks.1.ffn.layers.0.0.bias - torch.Size([384]): 
Initialized by user-defined `init_weights` in SwinTransformer  

backbone.stages.0.blocks.1.ffn.layers.1.weight - torch.Size([96, 384]): 
Initialized by user-defined `init_weights` in SwinTransformer  

backbone.stages.0.blocks.1.ffn.layers.1.bias - torch.Size([96]): 
Initialized by user-defined `init_weights` in SwinTransformer  

backbone.stages.0.downsample.norm.weight - torch.Size([384]): 
Initialized by user-defined `init_weights` in SwinTransformer  

backbone.stages.0.downsample.norm.bias - torch.Size([384]): 
Initialized by user-defined `init_weights` in SwinTransformer  

backbone.stages.0.downsample.reduction.weight - torch.Size([192, 384]): 
Initialized by user-defined `init_weights` in SwinTransformer  

backbone.stages.1.blocks.0.norm1.weight - torch.Size([192]): 
Initialized by user-defined `init_weights` in SwinTransformer  

backbone.stages.1.blocks.0.norm1.bias - torch.Size([192]): 
Initialized by user-defined `init_weights` in SwinTransformer  

backbone.stages.1.blocks.0.attn.w_msa.relative_position_bias_table - torch.Size([169, 6]): 
Initialized by user-defined `init_weights` in SwinTransformer  

backbone.stages.1.blocks.0.attn.w_msa.qkv.weight - torch.Size([576, 192]): 
Initialized by user-defined `init_weights` in SwinTransformer  

backbone.stages.1.blocks.0.attn.w_msa.qkv.bias - torch.Size([576]): 
Initialized by user-defined `init_weights` in SwinTransformer  

backbone.stages.1.blocks.0.attn.w_msa.proj.weight - torch.Size([192, 192]): 
Initialized by user-defined `init_weights` in SwinTransformer  

backbone.stages.1.blocks.0.attn.w_msa.proj.bias - torch.Size([192]): 
Initialized by user-defined `init_weights` in SwinTransformer  

backbone.stages.1.blocks.0.norm2.weight - torch.Size([192]): 
Initialized by user-defined `init_weights` in SwinTransformer  

backbone.stages.1.blocks.0.norm2.bias - torch.Size([192]): 
Initialized by user-defined `init_weights` in SwinTransformer  

backbone.stages.1.blocks.0.ffn.layers.0.0.weight - torch.Size([768, 192]): 
Initialized by user-defined `init_weights` in SwinTransformer  

backbone.stages.1.blocks.0.ffn.layers.0.0.bias - torch.Size([768]): 
Initialized by user-defined `init_weights` in SwinTransformer  

backbone.stages.1.blocks.0.ffn.layers.1.weight - torch.Size([192, 768]): 
Initialized by user-defined `init_weights` in SwinTransformer  

backbone.stages.1.blocks.0.ffn.layers.1.bias - torch.Size([192]): 
Initialized by user-defined `init_weights` in SwinTransformer  

backbone.stages.1.blocks.1.norm1.weight - torch.Size([192]): 
Initialized by user-defined `init_weights` in SwinTransformer  

backbone.stages.1.blocks.1.norm1.bias - torch.Size([192]): 
Initialized by user-defined `init_weights` in SwinTransformer  

backbone.stages.1.blocks.1.attn.w_msa.relative_position_bias_table - torch.Size([169, 6]): 
Initialized by user-defined `init_weights` in SwinTransformer  

backbone.stages.1.blocks.1.attn.w_msa.qkv.weight - torch.Size([576, 192]): 
Initialized by user-defined `init_weights` in SwinTransformer  

backbone.stages.1.blocks.1.attn.w_msa.qkv.bias - torch.Size([576]): 
Initialized by user-defined `init_weights` in SwinTransformer  

backbone.stages.1.blocks.1.attn.w_msa.proj.weight - torch.Size([192, 192]): 
Initialized by user-defined `init_weights` in SwinTransformer  

backbone.stages.1.blocks.1.attn.w_msa.proj.bias - torch.Size([192]): 
Initialized by user-defined `init_weights` in SwinTransformer  

backbone.stages.1.blocks.1.norm2.weight - torch.Size([192]): 
Initialized by user-defined `init_weights` in SwinTransformer  

backbone.stages.1.blocks.1.norm2.bias - torch.Size([192]): 
Initialized by user-defined `init_weights` in SwinTransformer  

backbone.stages.1.blocks.1.ffn.layers.0.0.weight - torch.Size([768, 192]): 
Initialized by user-defined `init_weights` in SwinTransformer  

backbone.stages.1.blocks.1.ffn.layers.0.0.bias - torch.Size([768]): 
Initialized by user-defined `init_weights` in SwinTransformer  

backbone.stages.1.blocks.1.ffn.layers.1.weight - torch.Size([192, 768]): 
Initialized by user-defined `init_weights` in SwinTransformer  

backbone.stages.1.blocks.1.ffn.layers.1.bias - torch.Size([192]): 
Initialized by user-defined `init_weights` in SwinTransformer  

backbone.stages.1.downsample.norm.weight - torch.Size([768]): 
Initialized by user-defined `init_weights` in SwinTransformer  

backbone.stages.1.downsample.norm.bias - torch.Size([768]): 
Initialized by user-defined `init_weights` in SwinTransformer  

backbone.stages.1.downsample.reduction.weight - torch.Size([384, 768]): 
Initialized by user-defined `init_weights` in SwinTransformer  

backbone.stages.2.blocks.0.norm1.weight - torch.Size([384]): 
Initialized by user-defined `init_weights` in SwinTransformer  

backbone.stages.2.blocks.0.norm1.bias - torch.Size([384]): 
Initialized by user-defined `init_weights` in SwinTransformer  

backbone.stages.2.blocks.0.attn.w_msa.relative_position_bias_table - torch.Size([169, 12]): 
Initialized by user-defined `init_weights` in SwinTransformer  

backbone.stages.2.blocks.0.attn.w_msa.qkv.weight - torch.Size([1152, 384]): 
Initialized by user-defined `init_weights` in SwinTransformer  

backbone.stages.2.blocks.0.attn.w_msa.qkv.bias - torch.Size([1152]): 
Initialized by user-defined `init_weights` in SwinTransformer  

backbone.stages.2.blocks.0.attn.w_msa.proj.weight - torch.Size([384, 384]): 
Initialized by user-defined `init_weights` in SwinTransformer  

backbone.stages.2.blocks.0.attn.w_msa.proj.bias - torch.Size([384]): 
Initialized by user-defined `init_weights` in SwinTransformer  

backbone.stages.2.blocks.0.norm2.weight - torch.Size([384]): 
Initialized by user-defined `init_weights` in SwinTransformer  

backbone.stages.2.blocks.0.norm2.bias - torch.Size([384]): 
Initialized by user-defined `init_weights` in SwinTransformer  

backbone.stages.2.blocks.0.ffn.layers.0.0.weight - torch.Size([1536, 384]): 
Initialized by user-defined `init_weights` in SwinTransformer  

backbone.stages.2.blocks.0.ffn.layers.0.0.bias - torch.Size([1536]): 
Initialized by user-defined `init_weights` in SwinTransformer  

backbone.stages.2.blocks.0.ffn.layers.1.weight - torch.Size([384, 1536]): 
Initialized by user-defined `init_weights` in SwinTransformer  

backbone.stages.2.blocks.0.ffn.layers.1.bias - torch.Size([384]): 
Initialized by user-defined `init_weights` in SwinTransformer  

backbone.stages.2.blocks.1.norm1.weight - torch.Size([384]): 
Initialized by user-defined `init_weights` in SwinTransformer  

backbone.stages.2.blocks.1.norm1.bias - torch.Size([384]): 
Initialized by user-defined `init_weights` in SwinTransformer  

backbone.stages.2.blocks.1.attn.w_msa.relative_position_bias_table - torch.Size([169, 12]): 
Initialized by user-defined `init_weights` in SwinTransformer  

backbone.stages.2.blocks.1.attn.w_msa.qkv.weight - torch.Size([1152, 384]): 
Initialized by user-defined `init_weights` in SwinTransformer  

backbone.stages.2.blocks.1.attn.w_msa.qkv.bias - torch.Size([1152]): 
Initialized by user-defined `init_weights` in SwinTransformer  

backbone.stages.2.blocks.1.attn.w_msa.proj.weight - torch.Size([384, 384]): 
Initialized by user-defined `init_weights` in SwinTransformer  

backbone.stages.2.blocks.1.attn.w_msa.proj.bias - torch.Size([384]): 
Initialized by user-defined `init_weights` in SwinTransformer  

backbone.stages.2.blocks.1.norm2.weight - torch.Size([384]): 
Initialized by user-defined `init_weights` in SwinTransformer  

backbone.stages.2.blocks.1.norm2.bias - torch.Size([384]): 
Initialized by user-defined `init_weights` in SwinTransformer  

backbone.stages.2.blocks.1.ffn.layers.0.0.weight - torch.Size([1536, 384]): 
Initialized by user-defined `init_weights` in SwinTransformer  

backbone.stages.2.blocks.1.ffn.layers.0.0.bias - torch.Size([1536]): 
Initialized by user-defined `init_weights` in SwinTransformer  

backbone.stages.2.blocks.1.ffn.layers.1.weight - torch.Size([384, 1536]): 
Initialized by user-defined `init_weights` in SwinTransformer  

backbone.stages.2.blocks.1.ffn.layers.1.bias - torch.Size([384]): 
Initialized by user-defined `init_weights` in SwinTransformer  

backbone.stages.2.blocks.2.norm1.weight - torch.Size([384]): 
Initialized by user-defined `init_weights` in SwinTransformer  

backbone.stages.2.blocks.2.norm1.bias - torch.Size([384]): 
Initialized by user-defined `init_weights` in SwinTransformer  

backbone.stages.2.blocks.2.attn.w_msa.relative_position_bias_table - torch.Size([169, 12]): 
Initialized by user-defined `init_weights` in SwinTransformer  

backbone.stages.2.blocks.2.attn.w_msa.qkv.weight - torch.Size([1152, 384]): 
Initialized by user-defined `init_weights` in SwinTransformer  

backbone.stages.2.blocks.2.attn.w_msa.qkv.bias - torch.Size([1152]): 
Initialized by user-defined `init_weights` in SwinTransformer  

backbone.stages.2.blocks.2.attn.w_msa.proj.weight - torch.Size([384, 384]): 
Initialized by user-defined `init_weights` in SwinTransformer  

backbone.stages.2.blocks.2.attn.w_msa.proj.bias - torch.Size([384]): 
Initialized by user-defined `init_weights` in SwinTransformer  

backbone.stages.2.blocks.2.norm2.weight - torch.Size([384]): 
Initialized by user-defined `init_weights` in SwinTransformer  

backbone.stages.2.blocks.2.norm2.bias - torch.Size([384]): 
Initialized by user-defined `init_weights` in SwinTransformer  

backbone.stages.2.blocks.2.ffn.layers.0.0.weight - torch.Size([1536, 384]): 
Initialized by user-defined `init_weights` in SwinTransformer  

backbone.stages.2.blocks.2.ffn.layers.0.0.bias - torch.Size([1536]): 
Initialized by user-defined `init_weights` in SwinTransformer  

backbone.stages.2.blocks.2.ffn.layers.1.weight - torch.Size([384, 1536]): 
Initialized by user-defined `init_weights` in SwinTransformer  

backbone.stages.2.blocks.2.ffn.layers.1.bias - torch.Size([384]): 
Initialized by user-defined `init_weights` in SwinTransformer  

backbone.stages.2.blocks.3.norm1.weight - torch.Size([384]): 
Initialized by user-defined `init_weights` in SwinTransformer  

backbone.stages.2.blocks.3.norm1.bias - torch.Size([384]): 
Initialized by user-defined `init_weights` in SwinTransformer  

backbone.stages.2.blocks.3.attn.w_msa.relative_position_bias_table - torch.Size([169, 12]): 
Initialized by user-defined `init_weights` in SwinTransformer  

backbone.stages.2.blocks.3.attn.w_msa.qkv.weight - torch.Size([1152, 384]): 
Initialized by user-defined `init_weights` in SwinTransformer  

backbone.stages.2.blocks.3.attn.w_msa.qkv.bias - torch.Size([1152]): 
Initialized by user-defined `init_weights` in SwinTransformer  

backbone.stages.2.blocks.3.attn.w_msa.proj.weight - torch.Size([384, 384]): 
Initialized by user-defined `init_weights` in SwinTransformer  

backbone.stages.2.blocks.3.attn.w_msa.proj.bias - torch.Size([384]): 
Initialized by user-defined `init_weights` in SwinTransformer  

backbone.stages.2.blocks.3.norm2.weight - torch.Size([384]): 
Initialized by user-defined `init_weights` in SwinTransformer  

backbone.stages.2.blocks.3.norm2.bias - torch.Size([384]): 
Initialized by user-defined `init_weights` in SwinTransformer  

backbone.stages.2.blocks.3.ffn.layers.0.0.weight - torch.Size([1536, 384]): 
Initialized by user-defined `init_weights` in SwinTransformer  

backbone.stages.2.blocks.3.ffn.layers.0.0.bias - torch.Size([1536]): 
Initialized by user-defined `init_weights` in SwinTransformer  

backbone.stages.2.blocks.3.ffn.layers.1.weight - torch.Size([384, 1536]): 
Initialized by user-defined `init_weights` in SwinTransformer  

backbone.stages.2.blocks.3.ffn.layers.1.bias - torch.Size([384]): 
Initialized by user-defined `init_weights` in SwinTransformer  

backbone.stages.2.blocks.4.norm1.weight - torch.Size([384]): 
Initialized by user-defined `init_weights` in SwinTransformer  

backbone.stages.2.blocks.4.norm1.bias - torch.Size([384]): 
Initialized by user-defined `init_weights` in SwinTransformer  

backbone.stages.2.blocks.4.attn.w_msa.relative_position_bias_table - torch.Size([169, 12]): 
Initialized by user-defined `init_weights` in SwinTransformer  

backbone.stages.2.blocks.4.attn.w_msa.qkv.weight - torch.Size([1152, 384]): 
Initialized by user-defined `init_weights` in SwinTransformer  

backbone.stages.2.blocks.4.attn.w_msa.qkv.bias - torch.Size([1152]): 
Initialized by user-defined `init_weights` in SwinTransformer  

backbone.stages.2.blocks.4.attn.w_msa.proj.weight - torch.Size([384, 384]): 
Initialized by user-defined `init_weights` in SwinTransformer  

backbone.stages.2.blocks.4.attn.w_msa.proj.bias - torch.Size([384]): 
Initialized by user-defined `init_weights` in SwinTransformer  

backbone.stages.2.blocks.4.norm2.weight - torch.Size([384]): 
Initialized by user-defined `init_weights` in SwinTransformer  

backbone.stages.2.blocks.4.norm2.bias - torch.Size([384]): 
Initialized by user-defined `init_weights` in SwinTransformer  

backbone.stages.2.blocks.4.ffn.layers.0.0.weight - torch.Size([1536, 384]): 
Initialized by user-defined `init_weights` in SwinTransformer  

backbone.stages.2.blocks.4.ffn.layers.0.0.bias - torch.Size([1536]): 
Initialized by user-defined `init_weights` in SwinTransformer  

backbone.stages.2.blocks.4.ffn.layers.1.weight - torch.Size([384, 1536]): 
Initialized by user-defined `init_weights` in SwinTransformer  

backbone.stages.2.blocks.4.ffn.layers.1.bias - torch.Size([384]): 
Initialized by user-defined `init_weights` in SwinTransformer  

backbone.stages.2.blocks.5.norm1.weight - torch.Size([384]): 
Initialized by user-defined `init_weights` in SwinTransformer  

backbone.stages.2.blocks.5.norm1.bias - torch.Size([384]): 
Initialized by user-defined `init_weights` in SwinTransformer  

backbone.stages.2.blocks.5.attn.w_msa.relative_position_bias_table - torch.Size([169, 12]): 
Initialized by user-defined `init_weights` in SwinTransformer  

backbone.stages.2.blocks.5.attn.w_msa.qkv.weight - torch.Size([1152, 384]): 
Initialized by user-defined `init_weights` in SwinTransformer  

backbone.stages.2.blocks.5.attn.w_msa.qkv.bias - torch.Size([1152]): 
Initialized by user-defined `init_weights` in SwinTransformer  

backbone.stages.2.blocks.5.attn.w_msa.proj.weight - torch.Size([384, 384]): 
Initialized by user-defined `init_weights` in SwinTransformer  

backbone.stages.2.blocks.5.attn.w_msa.proj.bias - torch.Size([384]): 
Initialized by user-defined `init_weights` in SwinTransformer  

backbone.stages.2.blocks.5.norm2.weight - torch.Size([384]): 
Initialized by user-defined `init_weights` in SwinTransformer  

backbone.stages.2.blocks.5.norm2.bias - torch.Size([384]): 
Initialized by user-defined `init_weights` in SwinTransformer  

backbone.stages.2.blocks.5.ffn.layers.0.0.weight - torch.Size([1536, 384]): 
Initialized by user-defined `init_weights` in SwinTransformer  

backbone.stages.2.blocks.5.ffn.layers.0.0.bias - torch.Size([1536]): 
Initialized by user-defined `init_weights` in SwinTransformer  

backbone.stages.2.blocks.5.ffn.layers.1.weight - torch.Size([384, 1536]): 
Initialized by user-defined `init_weights` in SwinTransformer  

backbone.stages.2.blocks.5.ffn.layers.1.bias - torch.Size([384]): 
Initialized by user-defined `init_weights` in SwinTransformer  

backbone.stages.2.downsample.norm.weight - torch.Size([1536]): 
Initialized by user-defined `init_weights` in SwinTransformer  

backbone.stages.2.downsample.norm.bias - torch.Size([1536]): 
Initialized by user-defined `init_weights` in SwinTransformer  

backbone.stages.2.downsample.reduction.weight - torch.Size([768, 1536]): 
Initialized by user-defined `init_weights` in SwinTransformer  

backbone.stages.3.blocks.0.norm1.weight - torch.Size([768]): 
Initialized by user-defined `init_weights` in SwinTransformer  

backbone.stages.3.blocks.0.norm1.bias - torch.Size([768]): 
Initialized by user-defined `init_weights` in SwinTransformer  

backbone.stages.3.blocks.0.attn.w_msa.relative_position_bias_table - torch.Size([169, 24]): 
Initialized by user-defined `init_weights` in SwinTransformer  

backbone.stages.3.blocks.0.attn.w_msa.qkv.weight - torch.Size([2304, 768]): 
Initialized by user-defined `init_weights` in SwinTransformer  

backbone.stages.3.blocks.0.attn.w_msa.qkv.bias - torch.Size([2304]): 
Initialized by user-defined `init_weights` in SwinTransformer  

backbone.stages.3.blocks.0.attn.w_msa.proj.weight - torch.Size([768, 768]): 
Initialized by user-defined `init_weights` in SwinTransformer  

backbone.stages.3.blocks.0.attn.w_msa.proj.bias - torch.Size([768]): 
Initialized by user-defined `init_weights` in SwinTransformer  

backbone.stages.3.blocks.0.norm2.weight - torch.Size([768]): 
Initialized by user-defined `init_weights` in SwinTransformer  

backbone.stages.3.blocks.0.norm2.bias - torch.Size([768]): 
Initialized by user-defined `init_weights` in SwinTransformer  

backbone.stages.3.blocks.0.ffn.layers.0.0.weight - torch.Size([3072, 768]): 
Initialized by user-defined `init_weights` in SwinTransformer  

backbone.stages.3.blocks.0.ffn.layers.0.0.bias - torch.Size([3072]): 
Initialized by user-defined `init_weights` in SwinTransformer  

backbone.stages.3.blocks.0.ffn.layers.1.weight - torch.Size([768, 3072]): 
Initialized by user-defined `init_weights` in SwinTransformer  

backbone.stages.3.blocks.0.ffn.layers.1.bias - torch.Size([768]): 
Initialized by user-defined `init_weights` in SwinTransformer  

backbone.stages.3.blocks.1.norm1.weight - torch.Size([768]): 
Initialized by user-defined `init_weights` in SwinTransformer  

backbone.stages.3.blocks.1.norm1.bias - torch.Size([768]): 
Initialized by user-defined `init_weights` in SwinTransformer  

backbone.stages.3.blocks.1.attn.w_msa.relative_position_bias_table - torch.Size([169, 24]): 
Initialized by user-defined `init_weights` in SwinTransformer  

backbone.stages.3.blocks.1.attn.w_msa.qkv.weight - torch.Size([2304, 768]): 
Initialized by user-defined `init_weights` in SwinTransformer  

backbone.stages.3.blocks.1.attn.w_msa.qkv.bias - torch.Size([2304]): 
Initialized by user-defined `init_weights` in SwinTransformer  

backbone.stages.3.blocks.1.attn.w_msa.proj.weight - torch.Size([768, 768]): 
Initialized by user-defined `init_weights` in SwinTransformer  

backbone.stages.3.blocks.1.attn.w_msa.proj.bias - torch.Size([768]): 
Initialized by user-defined `init_weights` in SwinTransformer  

backbone.stages.3.blocks.1.norm2.weight - torch.Size([768]): 
Initialized by user-defined `init_weights` in SwinTransformer  

backbone.stages.3.blocks.1.norm2.bias - torch.Size([768]): 
Initialized by user-defined `init_weights` in SwinTransformer  

backbone.stages.3.blocks.1.ffn.layers.0.0.weight - torch.Size([3072, 768]): 
Initialized by user-defined `init_weights` in SwinTransformer  

backbone.stages.3.blocks.1.ffn.layers.0.0.bias - torch.Size([3072]): 
Initialized by user-defined `init_weights` in SwinTransformer  

backbone.stages.3.blocks.1.ffn.layers.1.weight - torch.Size([768, 3072]): 
Initialized by user-defined `init_weights` in SwinTransformer  

backbone.stages.3.blocks.1.ffn.layers.1.bias - torch.Size([768]): 
Initialized by user-defined `init_weights` in SwinTransformer  

backbone.norm0.weight - torch.Size([96]): 
Initialized by user-defined `init_weights` in SwinTransformer  

backbone.norm0.bias - torch.Size([96]): 
Initialized by user-defined `init_weights` in SwinTransformer  

backbone.norm1.weight - torch.Size([192]): 
Initialized by user-defined `init_weights` in SwinTransformer  

backbone.norm1.bias - torch.Size([192]): 
Initialized by user-defined `init_weights` in SwinTransformer  

backbone.norm2.weight - torch.Size([384]): 
Initialized by user-defined `init_weights` in SwinTransformer  

backbone.norm2.bias - torch.Size([384]): 
Initialized by user-defined `init_weights` in SwinTransformer  

backbone.norm3.weight - torch.Size([768]): 
Initialized by user-defined `init_weights` in SwinTransformer  

backbone.norm3.bias - torch.Size([768]): 
Initialized by user-defined `init_weights` in SwinTransformer  

neck.lateral_convs.0.conv.weight - torch.Size([256, 96, 1, 1]): 
XavierInit: gain=1, distribution=uniform, bias=0 

neck.lateral_convs.0.conv.bias - torch.Size([256]): 
The value is the same before and after calling `init_weights` of FCOS  

neck.lateral_convs.1.conv.weight - torch.Size([256, 192, 1, 1]): 
XavierInit: gain=1, distribution=uniform, bias=0 

neck.lateral_convs.1.conv.bias - torch.Size([256]): 
The value is the same before and after calling `init_weights` of FCOS  

neck.lateral_convs.2.conv.weight - torch.Size([256, 384, 1, 1]): 
XavierInit: gain=1, distribution=uniform, bias=0 

neck.lateral_convs.2.conv.bias - torch.Size([256]): 
The value is the same before and after calling `init_weights` of FCOS  

neck.lateral_convs.3.conv.weight - torch.Size([256, 768, 1, 1]): 
XavierInit: gain=1, distribution=uniform, bias=0 

neck.lateral_convs.3.conv.bias - torch.Size([256]): 
The value is the same before and after calling `init_weights` of FCOS  

neck.fpn_convs.0.conv.weight - torch.Size([256, 256, 3, 3]): 
XavierInit: gain=1, distribution=uniform, bias=0 

neck.fpn_convs.0.conv.bias - torch.Size([256]): 
The value is the same before and after calling `init_weights` of FCOS  

neck.fpn_convs.1.conv.weight - torch.Size([256, 256, 3, 3]): 
XavierInit: gain=1, distribution=uniform, bias=0 

neck.fpn_convs.1.conv.bias - torch.Size([256]): 
The value is the same before and after calling `init_weights` of FCOS  

neck.fpn_convs.2.conv.weight - torch.Size([256, 256, 3, 3]): 
XavierInit: gain=1, distribution=uniform, bias=0 

neck.fpn_convs.2.conv.bias - torch.Size([256]): 
The value is the same before and after calling `init_weights` of FCOS  

neck.fpn_convs.3.conv.weight - torch.Size([256, 256, 3, 3]): 
XavierInit: gain=1, distribution=uniform, bias=0 

neck.fpn_convs.3.conv.bias - torch.Size([256]): 
The value is the same before and after calling `init_weights` of FCOS  

neck.fpn_convs.4.conv.weight - torch.Size([256, 256, 3, 3]): 
XavierInit: gain=1, distribution=uniform, bias=0 

neck.fpn_convs.4.conv.bias - torch.Size([256]): 
The value is the same before and after calling `init_weights` of FCOS  

bbox_head.cls_convs.0.conv.weight - torch.Size([256, 256, 3, 3]): 
NormalInit: mean=0, std=0.01, bias=0 

bbox_head.cls_convs.0.gn.weight - torch.Size([256]): 
The value is the same before and after calling `init_weights` of FCOS  

bbox_head.cls_convs.0.gn.bias - torch.Size([256]): 
The value is the same before and after calling `init_weights` of FCOS  

bbox_head.cls_convs.1.conv.weight - torch.Size([256, 256, 3, 3]): 
NormalInit: mean=0, std=0.01, bias=0 

bbox_head.cls_convs.1.gn.weight - torch.Size([256]): 
The value is the same before and after calling `init_weights` of FCOS  

bbox_head.cls_convs.1.gn.bias - torch.Size([256]): 
The value is the same before and after calling `init_weights` of FCOS  

bbox_head.cls_convs.2.conv.weight - torch.Size([256, 256, 3, 3]): 
NormalInit: mean=0, std=0.01, bias=0 

bbox_head.cls_convs.2.gn.weight - torch.Size([256]): 
The value is the same before and after calling `init_weights` of FCOS  

bbox_head.cls_convs.2.gn.bias - torch.Size([256]): 
The value is the same before and after calling `init_weights` of FCOS  

bbox_head.cls_convs.3.conv.weight - torch.Size([256, 256, 3, 3]): 
NormalInit: mean=0, std=0.01, bias=0 

bbox_head.cls_convs.3.gn.weight - torch.Size([256]): 
The value is the same before and after calling `init_weights` of FCOS  

bbox_head.cls_convs.3.gn.bias - torch.Size([256]): 
The value is the same before and after calling `init_weights` of FCOS  

bbox_head.reg_convs.0.conv.weight - torch.Size([256, 256, 3, 3]): 
NormalInit: mean=0, std=0.01, bias=0 

bbox_head.reg_convs.0.gn.weight - torch.Size([256]): 
The value is the same before and after calling `init_weights` of FCOS  

bbox_head.reg_convs.0.gn.bias - torch.Size([256]): 
The value is the same before and after calling `init_weights` of FCOS  

bbox_head.reg_convs.1.conv.weight - torch.Size([256, 256, 3, 3]): 
NormalInit: mean=0, std=0.01, bias=0 

bbox_head.reg_convs.1.gn.weight - torch.Size([256]): 
The value is the same before and after calling `init_weights` of FCOS  

bbox_head.reg_convs.1.gn.bias - torch.Size([256]): 
The value is the same before and after calling `init_weights` of FCOS  

bbox_head.reg_convs.2.conv.weight - torch.Size([256, 256, 3, 3]): 
NormalInit: mean=0, std=0.01, bias=0 

bbox_head.reg_convs.2.gn.weight - torch.Size([256]): 
The value is the same before and after calling `init_weights` of FCOS  

bbox_head.reg_convs.2.gn.bias - torch.Size([256]): 
The value is the same before and after calling `init_weights` of FCOS  

bbox_head.reg_convs.3.conv.weight - torch.Size([256, 256, 3, 3]): 
NormalInit: mean=0, std=0.01, bias=0 

bbox_head.reg_convs.3.gn.weight - torch.Size([256]): 
The value is the same before and after calling `init_weights` of FCOS  

bbox_head.reg_convs.3.gn.bias - torch.Size([256]): 
The value is the same before and after calling `init_weights` of FCOS  

bbox_head.conv_cls.weight - torch.Size([1, 256, 3, 3]): 
NormalInit: mean=0, std=0.01, bias=-4.59511985013459 

bbox_head.conv_cls.bias - torch.Size([1]): 
NormalInit: mean=0, std=0.01, bias=-4.59511985013459 

bbox_head.conv_reg.weight - torch.Size([4, 256, 3, 3]): 
NormalInit: mean=0, std=0.01, bias=0 

bbox_head.conv_reg.bias - torch.Size([4]): 
NormalInit: mean=0, std=0.01, bias=0 

bbox_head.conv_centerness.weight - torch.Size([1, 256, 3, 3]): 
NormalInit: mean=0, std=0.01, bias=0 

bbox_head.conv_centerness.bias - torch.Size([1]): 
NormalInit: mean=0, std=0.01, bias=0 

bbox_head.scales.0.scale - torch.Size([]): 
The value is the same before and after calling `init_weights` of FCOS  

bbox_head.scales.1.scale - torch.Size([]): 
The value is the same before and after calling `init_weights` of FCOS  

bbox_head.scales.2.scale - torch.Size([]): 
The value is the same before and after calling `init_weights` of FCOS  

bbox_head.scales.3.scale - torch.Size([]): 
The value is the same before and after calling `init_weights` of FCOS  

bbox_head.scales.4.scale - torch.Size([]): 
The value is the same before and after calling `init_weights` of FCOS  
2026-05-09 06:30:08,702 - mmdet - INFO - Start running, host: ahmadreza@quartz, work_dir: /home/ahmadreza/Downloads/Research/M2SODAI/baseline_official/runs_swin_hbb/swin_t_hbb_fold_1_20260509
2026-05-09 06:30:08,702 - mmdet - INFO - Hooks will be executed in the following order:
before_run:
(VERY_HIGH   ) CosineAnnealingLrUpdaterHook       
(NORMAL      ) CheckpointHook                     
(LOW         ) DistEvalHook                       
(VERY_LOW    ) TextLoggerHook                     
(VERY_LOW    ) TensorboardLoggerHook              
 -------------------- 
before_train_epoch:
(VERY_HIGH   ) CosineAnnealingLrUpdaterHook       
(NORMAL      ) DistSamplerSeedHook                
(LOW         ) IterTimerHook                      
(LOW         ) DistEvalHook                       
(VERY_LOW    ) TextLoggerHook                     
(VERY_LOW    ) TensorboardLoggerHook              
 -------------------- 
before_train_iter:
(VERY_HIGH   ) CosineAnnealingLrUpdaterHook       
(LOW         ) IterTimerHook                      
(LOW         ) DistEvalHook                       
 -------------------- 
after_train_iter:
(ABOVE_NORMAL) GradientCumulativeOptimizerHook    
(NORMAL      ) CheckpointHook                     
(LOW         ) IterTimerHook                      
(LOW         ) DistEvalHook                       
(VERY_LOW    ) TextLoggerHook                     
(VERY_LOW    ) TensorboardLoggerHook              
 -------------------- 
after_train_epoch:
(NORMAL      ) CheckpointHook                     
(NORMAL      ) EarlyStoppingHook                  
(LOW         ) DistEvalHook                       
(VERY_LOW    ) TextLoggerHook                     
(VERY_LOW    ) TensorboardLoggerHook              
 -------------------- 
before_val_epoch:
(NORMAL      ) DistSamplerSeedHook                
(LOW         ) IterTimerHook                      
(VERY_LOW    ) TextLoggerHook                     
(VERY_LOW    ) TensorboardLoggerHook              
 -------------------- 
before_val_iter:
(LOW         ) IterTimerHook                      
 -------------------- 
after_val_iter:
(LOW         ) IterTimerHook                      
 -------------------- 
after_val_epoch:
(VERY_LOW    ) TextLoggerHook                     
(VERY_LOW    ) TensorboardLoggerHook              
 -------------------- 
after_run:
(VERY_LOW    ) TextLoggerHook                     
(VERY_LOW    ) TensorboardLoggerHook              
 -------------------- 
2026-05-09 06:30:08,703 - mmdet - INFO - workflow: [('train', 1)], max: 300 epochs
2026-05-09 06:30:08,703 - mmdet - INFO - Checkpoints will be saved to /home/ahmadreza/Downloads/Research/M2SODAI/baseline_official/runs_swin_hbb/swin_t_hbb_fold_1_20260509 by HardDiskBackend.
2026-05-09 06:30:41,305 - mmdet - INFO - Epoch [1][50/186]	lr: 9.890e-06, eta: 10:04:12, time: 0.650, data_time: 0.066, memory: 7429, loss_cls: 1.0455, loss_bbox: 0.9839, loss_centerness: 0.6305, loss: 2.6598, grad_norm: 30.2698
2026-05-09 06:31:11,253 - mmdet - INFO - Epoch [1][100/186]	lr: 1.988e-05, eta: 9:39:55, time: 0.599, data_time: 0.011, memory: 7429, loss_cls: 0.6686, loss_bbox: 0.9442, loss_centerness: 0.5890, loss: 2.2019, grad_norm: 28.8940
2026-05-09 06:31:41,363 - mmdet - INFO - Epoch [1][150/186]	lr: 2.987e-05, eta: 9:32:23, time: 0.602, data_time: 0.011, memory: 7429, loss_cls: 0.4512, loss_bbox: 0.7196, loss_centerness: 0.5793, loss: 1.7501, grad_norm: 24.0623
2026-05-09 06:32:36,688 - mmdet - INFO - Epoch [2][50/186]	lr: 4.705e-05, eta: 8:13:40, time: 0.665, data_time: 0.066, memory: 7446, loss_cls: 0.5018, loss_bbox: 0.4863, loss_centerness: 0.5732, loss: 1.5614, grad_norm: 27.7289
2026-05-09 06:33:07,176 - mmdet - INFO - Epoch [2][100/186]	lr: 5.704e-05, eta: 8:25:36, time: 0.610, data_time: 0.011, memory: 7446, loss_cls: 0.4193, loss_bbox: 0.4451, loss_centerness: 0.5694, loss: 1.4337, grad_norm: 21.6938
2026-05-09 06:33:37,745 - mmdet - INFO - Epoch [2][150/186]	lr: 6.703e-05, eta: 8:34:06, time: 0.612, data_time: 0.012, memory: 7555, loss_cls: 0.4115, loss_bbox: 0.4495, loss_centerness: 0.5599, loss: 1.4209, grad_norm: 19.2741
2026-05-09 06:34:33,326 - mmdet - INFO - Epoch [3][50/186]	lr: 8.421e-05, eta: 8:01:45, time: 0.668, data_time: 0.066, memory: 7555, loss_cls: 0.4043, loss_bbox: 0.4306, loss_centerness: 0.5674, loss: 1.4023, grad_norm: 12.6342
2026-05-09 06:35:04,019 - mmdet - INFO - Epoch [3][100/186]	lr: 9.420e-05, eta: 8:10:19, time: 0.614, data_time: 0.011, memory: 7555, loss_cls: 0.4126, loss_bbox: 0.4154, loss_centerness: 0.5769, loss: 1.4049, grad_norm: 13.7635
2026-05-09 06:35:34,495 - mmdet - INFO - Epoch [3][150/186]	lr: 9.999e-05, eta: 8:16:43, time: 0.609, data_time: 0.011, memory: 7555, loss_cls: 0.4340, loss_bbox: 0.4214, loss_centerness: 0.5419, loss: 1.3973, grad_norm: 12.2527
2026-05-09 06:36:30,091 - mmdet - INFO - Epoch [4][50/186]	lr: 9.998e-05, eta: 7:56:21, time: 0.668, data_time: 0.066, memory: 7556, loss_cls: 0.3971, loss_bbox: 0.3899, loss_centerness: 0.5573, loss: 1.3443, grad_norm: 11.1103
2026-05-09 06:37:00,731 - mmdet - INFO - Epoch [4][100/186]	lr: 9.998e-05, eta: 8:02:32, time: 0.613, data_time: 0.011, memory: 7556, loss_cls: 0.3236, loss_bbox: 0.3749, loss_centerness: 0.5539, loss: 1.2524, grad_norm: 9.1286
2026-05-09 06:37:31,519 - mmdet - INFO - Epoch [4][150/186]	lr: 9.998e-05, eta: 8:07:59, time: 0.616, data_time: 0.012, memory: 7556, loss_cls: 0.3737, loss_bbox: 0.3917, loss_centerness: 0.5467, loss: 1.3121, grad_norm: 9.3018
2026-05-09 06:38:27,308 - mmdet - INFO - Epoch [5][50/186]	lr: 9.996e-05, eta: 7:53:14, time: 0.672, data_time: 0.066, memory: 7556, loss_cls: 0.3592, loss_bbox: 0.3679, loss_centerness: 0.5647, loss: 1.2919, grad_norm: 7.3647
2026-05-09 06:38:58,108 - mmdet - INFO - Epoch [5][100/186]	lr: 9.996e-05, eta: 7:58:13, time: 0.616, data_time: 0.012, memory: 7556, loss_cls: 0.3228, loss_bbox: 0.3721, loss_centerness: 0.5560, loss: 1.2509, grad_norm: 6.2529
2026-05-09 06:39:28,628 - mmdet - INFO - Epoch [5][150/186]	lr: 9.996e-05, eta: 8:02:18, time: 0.610, data_time: 0.011, memory: 7556, loss_cls: 0.3296, loss_bbox: 0.3400, loss_centerness: 0.5239, loss: 1.1935, grad_norm: 6.4815
2026-05-09 06:40:18,595 - mmdet - INFO - Evaluating bbox...
2026-05-09 06:40:24,040 - mmdet - INFO - 
 Average Precision  (AP) @[ IoU=0.50:0.95 | area=   all | maxDets=100 ] = 0.122
 Average Precision  (AP) @[ IoU=0.50      | area=   all | maxDets=1000 ] = 0.413
 Average Precision  (AP) @[ IoU=0.75      | area=   all | maxDets=1000 ] = 0.031
 Average Precision  (AP) @[ IoU=0.50:0.95 | area= small | maxDets=1000 ] = 0.000
 Average Precision  (AP) @[ IoU=0.50:0.95 | area=medium | maxDets=1000 ] = 0.089
 Average Precision  (AP) @[ IoU=0.50:0.95 | area= large | maxDets=1000 ] = 0.173
 Average Recall     (AR) @[ IoU=0.50:0.95 | area=   all | maxDets=100 ] = 0.299
 Average Recall     (AR) @[ IoU=0.50:0.95 | area=   all | maxDets=300 ] = 0.299
 Average Recall     (AR) @[ IoU=0.50:0.95 | area=   all | maxDets=1000 ] = 0.299
 Average Recall     (AR) @[ IoU=0.50:0.95 | area= small | maxDets=1000 ] = 0.000
 Average Recall     (AR) @[ IoU=0.50:0.95 | area=medium | maxDets=1000 ] = 0.223
 Average Recall     (AR) @[ IoU=0.50:0.95 | area= large | maxDets=1000 ] = 0.402

2026-05-09 06:40:25,771 - mmdet - INFO - Now best checkpoint is saved as best_bbox_mAP_epoch_5.pth.
2026-05-09 06:40:25,771 - mmdet - INFO - Best bbox_mAP is 0.1220 at 5 epoch.
2026-05-09 06:40:25,771 - mmdet - INFO - Exp name: fold_1_swin_t_3x_hbb.py
2026-05-09 06:40:25,772 - mmdet - INFO - Epoch(val) [5][371]	bbox_mAP: 0.1220, bbox_mAP_50: 0.4130, bbox_mAP_75: 0.0310, bbox_mAP_s: 0.0000, bbox_mAP_m: 0.0890, bbox_mAP_l: 0.1730, bbox_mAP_copypaste: 0.122 0.413 0.031 0.000 0.089 0.173
2026-05-09 06:40:58,862 - mmdet - INFO - Epoch [6][50/186]	lr: 9.993e-05, eta: 7:50:07, time: 0.662, data_time: 0.066, memory: 7556, loss_cls: 0.3230, loss_bbox: 0.3365, loss_centerness: 0.5308, loss: 1.1904, grad_norm: 6.5075
2026-05-09 06:41:29,464 - mmdet - INFO - Epoch [6][100/186]	lr: 9.993e-05, eta: 7:54:00, time: 0.612, data_time: 0.012, memory: 7556, loss_cls: 0.3296, loss_bbox: 0.3629, loss_centerness: 0.5672, loss: 1.2597, grad_norm: 5.5545
2026-05-09 06:42:00,112 - mmdet - INFO - Epoch [6][150/186]	lr: 9.993e-05, eta: 7:57:32, time: 0.613, data_time: 0.012, memory: 7556, loss_cls: 0.3056, loss_bbox: 0.3468, loss_centerness: 0.5668, loss: 1.2192, grad_norm: 5.1448
2026-05-09 06:42:55,448 - mmdet - INFO - Epoch [7][50/186]	lr: 9.990e-05, eta: 7:47:31, time: 0.663, data_time: 0.066, memory: 7556, loss_cls: 0.3150, loss_bbox: 0.3367, loss_centerness: 0.5601, loss: 1.2118, grad_norm: 8.0062
2026-05-09 06:43:26,037 - mmdet - INFO - Epoch [7][100/186]	lr: 9.990e-05, eta: 7:50:46, time: 0.612, data_time: 0.012, memory: 7556, loss_cls: 0.3706, loss_bbox: 0.3354, loss_centerness: 0.5350, loss: 1.2410, grad_norm: 10.8420
2026-05-09 06:43:56,783 - mmdet - INFO - Epoch [7][150/186]	lr: 9.990e-05, eta: 7:53:50, time: 0.615, data_time: 0.012, memory: 7556, loss_cls: 0.3607, loss_bbox: 0.3453, loss_centerness: 0.5521, loss: 1.2581, grad_norm: 10.0357
2026-05-09 06:44:52,508 - mmdet - INFO - Epoch [8][50/186]	lr: 9.987e-05, eta: 7:45:27, time: 0.670, data_time: 0.067, memory: 7556, loss_cls: 0.3271, loss_bbox: 0.3337, loss_centerness: 0.5463, loss: 1.2071, grad_norm: 6.3019
2026-05-09 06:45:23,022 - mmdet - INFO - Epoch [8][100/186]	lr: 9.987e-05, eta: 7:48:10, time: 0.610, data_time: 0.012, memory: 7556, loss_cls: 0.3609, loss_bbox: 0.3322, loss_centerness: 0.5708, loss: 1.2640, grad_norm: 7.8279
2026-05-09 06:45:53,798 - mmdet - INFO - Epoch [8][150/186]	lr: 9.987e-05, eta: 7:50:50, time: 0.616, data_time: 0.012, memory: 7556, loss_cls: 0.3097, loss_bbox: 0.3326, loss_centerness: 0.5686, loss: 1.2108, grad_norm: 7.5001
2026-05-09 06:46:49,329 - mmdet - INFO - Epoch [9][50/186]	lr: 9.983e-05, eta: 7:43:26, time: 0.668, data_time: 0.067, memory: 7556, loss_cls: 0.3342, loss_bbox: 0.3259, loss_centerness: 0.5536, loss: 1.2136, grad_norm: 8.2801
2026-05-09 06:47:19,864 - mmdet - INFO - Epoch [9][100/186]	lr: 9.983e-05, eta: 7:45:48, time: 0.611, data_time: 0.012, memory: 7556, loss_cls: 0.3065, loss_bbox: 0.3074, loss_centerness: 0.5155, loss: 1.1294, grad_norm: 8.2799
2026-05-09 06:47:50,566 - mmdet - INFO - Epoch [9][150/186]	lr: 9.983e-05, eta: 7:48:05, time: 0.614, data_time: 0.012, memory: 7556, loss_cls: 0.3543, loss_bbox: 0.3284, loss_centerness: 0.5595, loss: 1.2422, grad_norm: 8.7970
2026-05-09 06:48:46,026 - mmdet - INFO - Epoch [10][50/186]	lr: 9.978e-05, eta: 7:41:27, time: 0.667, data_time: 0.067, memory: 7556, loss_cls: 0.3126, loss_bbox: 0.3340, loss_centerness: 0.5464, loss: 1.1930, grad_norm: 5.2932
2026-05-09 06:49:16,669 - mmdet - INFO - Epoch [10][100/186]	lr: 9.978e-05, eta: 7:43:35, time: 0.613, data_time: 0.012, memory: 7556, loss_cls: 0.2952, loss_bbox: 0.3279, loss_centerness: 0.5717, loss: 1.1947, grad_norm: 5.4561
2026-05-09 06:49:47,289 - mmdet - INFO - Epoch [10][150/186]	lr: 9.978e-05, eta: 7:45:34, time: 0.613, data_time: 0.012, memory: 7556, loss_cls: 0.2766, loss_bbox: 0.2960, loss_centerness: 0.5451, loss: 1.1177, grad_norm: 4.9291
2026-05-09 06:50:09,523 - mmdet - INFO - Saving checkpoint at 10 epochs
2026-05-09 06:50:38,949 - mmdet - INFO - Evaluating bbox...
2026-05-09 06:50:44,048 - mmdet - INFO - 
 Average Precision  (AP) @[ IoU=0.50:0.95 | area=   all | maxDets=100 ] = 0.175
 Average Precision  (AP) @[ IoU=0.50      | area=   all | maxDets=1000 ] = 0.562
 Average Precision  (AP) @[ IoU=0.75      | area=   all | maxDets=1000 ] = 0.053
 Average Precision  (AP) @[ IoU=0.50:0.95 | area= small | maxDets=1000 ] = 0.012
 Average Precision  (AP) @[ IoU=0.50:0.95 | area=medium | maxDets=1000 ] = 0.150
 Average Precision  (AP) @[ IoU=0.50:0.95 | area= large | maxDets=1000 ] = 0.215
 Average Recall     (AR) @[ IoU=0.50:0.95 | area=   all | maxDets=100 ] = 0.337
 Average Recall     (AR) @[ IoU=0.50:0.95 | area=   all | maxDets=300 ] = 0.337
 Average Recall     (AR) @[ IoU=0.50:0.95 | area=   all | maxDets=1000 ] = 0.337
 Average Recall     (AR) @[ IoU=0.50:0.95 | area= small | maxDets=1000 ] = 0.010
 Average Recall     (AR) @[ IoU=0.50:0.95 | area=medium | maxDets=1000 ] = 0.302
 Average Recall     (AR) @[ IoU=0.50:0.95 | area= large | maxDets=1000 ] = 0.392

2026-05-09 06:50:44,212 - mmdet - INFO - The previous best checkpoint /home/ahmadreza/Downloads/Research/M2SODAI/baseline_official/runs_swin_hbb/swin_t_hbb_fold_1_20260509/best_bbox_mAP_epoch_5.pth was removed
2026-05-09 06:50:45,953 - mmdet - INFO - Now best checkpoint is saved as best_bbox_mAP_epoch_10.pth.
2026-05-09 06:50:45,954 - mmdet - INFO - Best bbox_mAP is 0.1750 at 10 epoch.
2026-05-09 06:50:45,954 - mmdet - INFO - Exp name: fold_1_swin_t_3x_hbb.py
2026-05-09 06:50:45,954 - mmdet - INFO - Epoch(val) [10][371]	bbox_mAP: 0.1750, bbox_mAP_50: 0.5620, bbox_mAP_75: 0.0530, bbox_mAP_s: 0.0120, bbox_mAP_m: 0.1500, bbox_mAP_l: 0.2150, bbox_mAP_copypaste: 0.175 0.562 0.053 0.012 0.150 0.215
2026-05-09 06:51:19,229 - mmdet - INFO - Epoch [11][50/186]	lr: 9.973e-05, eta: 7:39:31, time: 0.665, data_time: 0.067, memory: 7556, loss_cls: 0.2918, loss_bbox: 0.3062, loss_centerness: 0.5671, loss: 1.1652, grad_norm: 5.6890
2026-05-09 06:51:49,829 - mmdet - INFO - Epoch [11][100/186]	lr: 9.973e-05, eta: 7:41:24, time: 0.612, data_time: 0.012, memory: 7556, loss_cls: 0.2813, loss_bbox: 0.3217, loss_centerness: 0.5667, loss: 1.1697, grad_norm: 5.1507
2026-05-09 06:52:20,434 - mmdet - INFO - Epoch [11][150/186]	lr: 9.973e-05, eta: 7:43:09, time: 0.612, data_time: 0.012, memory: 7556, loss_cls: 0.2793, loss_bbox: 0.3171, loss_centerness: 0.5672, loss: 1.1636, grad_norm: 5.1751
2026-05-09 06:53:16,097 - mmdet - INFO - Epoch [12][50/186]	lr: 9.967e-05, eta: 7:37:45, time: 0.670, data_time: 0.067, memory: 7556, loss_cls: 0.2687, loss_bbox: 0.3111, loss_centerness: 0.5720, loss: 1.1518, grad_norm: 4.3202
2026-05-09 06:53:46,549 - mmdet - INFO - Epoch [12][100/186]	lr: 9.967e-05, eta: 7:39:21, time: 0.609, data_time: 0.011, memory: 7556, loss_cls: 0.2582, loss_bbox: 0.2893, loss_centerness: 0.5400, loss: 1.0875, grad_norm: 4.7970
2026-05-09 06:54:17,294 - mmdet - INFO - Epoch [12][150/186]	lr: 9.967e-05, eta: 7:40:59, time: 0.615, data_time: 0.012, memory: 7556, loss_cls: 0.2832, loss_bbox: 0.2936, loss_centerness: 0.5453, loss: 1.1221, grad_norm: 5.0332
2026-05-09 06:55:13,106 - mmdet - INFO - Epoch [13][50/186]	lr: 9.961e-05, eta: 7:36:00, time: 0.670, data_time: 0.067, memory: 7556, loss_cls: 0.2661, loss_bbox: 0.2832, loss_centerness: 0.5616, loss: 1.1108, grad_norm: 4.5460
2026-05-09 06:55:43,623 - mmdet - INFO - Epoch [13][100/186]	lr: 9.961e-05, eta: 7:37:28, time: 0.611, data_time: 0.012, memory: 7556, loss_cls: 0.2414, loss_bbox: 0.2876, loss_centerness: 0.5387, loss: 1.0677, grad_norm: 4.3457
2026-05-09 06:56:14,297 - mmdet - INFO - Epoch [13][150/186]	lr: 9.961e-05, eta: 7:38:55, time: 0.613, data_time: 0.012, memory: 7556, loss_cls: 0.2517, loss_bbox: 0.2752, loss_centerness: 0.5374, loss: 1.0642, grad_norm: 4.4175
2026-05-09 06:57:10,024 - mmdet - INFO - Epoch [14][50/186]	lr: 9.954e-05, eta: 7:34:16, time: 0.670, data_time: 0.067, memory: 7556, loss_cls: 0.2789, loss_bbox: 0.2911, loss_centerness: 0.5380, loss: 1.1080, grad_norm: 5.7910
2026-05-09 06:57:40,712 - mmdet - INFO - Epoch [14][100/186]	lr: 9.954e-05, eta: 7:35:39, time: 0.614, data_time: 0.011, memory: 7556, loss_cls: 0.2643, loss_bbox: 0.3012, loss_centerness: 0.5759, loss: 1.1414, grad_norm: 4.9926
2026-05-09 06:58:11,307 - mmdet - INFO - Epoch [14][150/186]	lr: 9.954e-05, eta: 7:36:56, time: 0.612, data_time: 0.011, memory: 7556, loss_cls: 0.2413, loss_bbox: 0.2689, loss_centerness: 0.5152, loss: 1.0254, grad_norm: 4.7756
2026-05-09 06:59:06,939 - mmdet - INFO - Epoch [15][50/186]	lr: 9.947e-05, eta: 7:32:32, time: 0.666, data_time: 0.067, memory: 7556, loss_cls: 0.2839, loss_bbox: 0.2944, loss_centerness: 0.5640, loss: 1.1423, grad_norm: 6.2704
2026-05-09 06:59:37,658 - mmdet - INFO - Epoch [15][100/186]	lr: 9.947e-05, eta: 7:33:48, time: 0.615, data_time: 0.012, memory: 7556, loss_cls: 0.2347, loss_bbox: 0.2836, loss_centerness: 0.5537, loss: 1.0719, grad_norm: 4.8886
2026-05-09 07:00:08,499 - mmdet - INFO - Epoch [15][150/186]	lr: 9.947e-05, eta: 7:35:02, time: 0.617, data_time: 0.012, memory: 7556, loss_cls: 0.2604, loss_bbox: 0.3049, loss_centerness: 0.5810, loss: 1.1463, grad_norm: 4.5116
2026-05-09 07:00:58,166 - mmdet - INFO - Evaluating bbox...
2026-05-09 07:01:03,000 - mmdet - INFO - 
 Average Precision  (AP) @[ IoU=0.50:0.95 | area=   all | maxDets=100 ] = 0.195
 Average Precision  (AP) @[ IoU=0.50      | area=   all | maxDets=1000 ] = 0.597
 Average Precision  (AP) @[ IoU=0.75      | area=   all | maxDets=1000 ] = 0.052
 Average Precision  (AP) @[ IoU=0.50:0.95 | area= small | maxDets=1000 ] = 0.008
 Average Precision  (AP) @[ IoU=0.50:0.95 | area=medium | maxDets=1000 ] = 0.153
 Average Precision  (AP) @[ IoU=0.50:0.95 | area= large | maxDets=1000 ] = 0.255
 Average Recall     (AR) @[ IoU=0.50:0.95 | area=   all | maxDets=100 ] = 0.359
 Average Recall     (AR) @[ IoU=0.50:0.95 | area=   all | maxDets=300 ] = 0.359
 Average Recall     (AR) @[ IoU=0.50:0.95 | area=   all | maxDets=1000 ] = 0.359
 Average Recall     (AR) @[ IoU=0.50:0.95 | area= small | maxDets=1000 ] = 0.024
 Average Recall     (AR) @[ IoU=0.50:0.95 | area=medium | maxDets=1000 ] = 0.317
 Average Recall     (AR) @[ IoU=0.50:0.95 | area= large | maxDets=1000 ] = 0.423

2026-05-09 07:01:03,162 - mmdet - INFO - The previous best checkpoint /home/ahmadreza/Downloads/Research/M2SODAI/baseline_official/runs_swin_hbb/swin_t_hbb_fold_1_20260509/best_bbox_mAP_epoch_10.pth was removed
2026-05-09 07:01:04,886 - mmdet - INFO - Now best checkpoint is saved as best_bbox_mAP_epoch_15.pth.
2026-05-09 07:01:04,886 - mmdet - INFO - Best bbox_mAP is 0.1950 at 15 epoch.
2026-05-09 07:01:04,887 - mmdet - INFO - Exp name: fold_1_swin_t_3x_hbb.py
2026-05-09 07:01:04,887 - mmdet - INFO - Epoch(val) [15][371]	bbox_mAP: 0.1950, bbox_mAP_50: 0.5970, bbox_mAP_75: 0.0520, bbox_mAP_s: 0.0080, bbox_mAP_m: 0.1530, bbox_mAP_l: 0.2550, bbox_mAP_copypaste: 0.195 0.597 0.052 0.008 0.153 0.255
2026-05-09 07:01:38,246 - mmdet - INFO - Epoch [16][50/186]	lr: 9.939e-05, eta: 7:30:54, time: 0.667, data_time: 0.067, memory: 7556, loss_cls: 0.2439, loss_bbox: 0.2911, loss_centerness: 0.5424, loss: 1.0774, grad_norm: 4.5608
2026-05-09 07:02:08,641 - mmdet - INFO - Epoch [16][100/186]	lr: 9.939e-05, eta: 7:31:57, time: 0.608, data_time: 0.011, memory: 7556, loss_cls: 0.2800, loss_bbox: 0.2832, loss_centerness: 0.5531, loss: 1.1163, grad_norm: 5.6601
2026-05-09 07:02:39,288 - mmdet - INFO - Epoch [16][150/186]	lr: 9.939e-05, eta: 7:33:02, time: 0.613, data_time: 0.012, memory: 7556, loss_cls: 0.2477, loss_bbox: 0.2953, loss_centerness: 0.5621, loss: 1.1052, grad_norm: 5.7570
2026-05-09 07:03:34,882 - mmdet - INFO - Epoch [17][50/186]	lr: 9.931e-05, eta: 7:29:08, time: 0.667, data_time: 0.067, memory: 7556, loss_cls: 0.2635, loss_bbox: 0.2895, loss_centerness: 0.5617, loss: 1.1147, grad_norm: 5.7488
2026-05-09 07:04:05,562 - mmdet - INFO - Epoch [17][100/186]	lr: 9.931e-05, eta: 7:30:11, time: 0.614, data_time: 0.012, memory: 7556, loss_cls: 0.2591, loss_bbox: 0.2534, loss_centerness: 0.5045, loss: 1.0170, grad_norm: 6.8286
2026-05-09 07:04:36,255 - mmdet - INFO - Epoch [17][150/186]	lr: 9.931e-05, eta: 7:31:11, time: 0.614, data_time: 0.012, memory: 7556, loss_cls: 0.2346, loss_bbox: 0.2770, loss_centerness: 0.5274, loss: 1.0390, grad_norm: 5.9791
2026-05-09 07:05:31,728 - mmdet - INFO - Epoch [18][50/186]	lr: 9.922e-05, eta: 7:27:30, time: 0.668, data_time: 0.067, memory: 7556, loss_cls: 0.2402, loss_bbox: 0.2554, loss_centerness: 0.5125, loss: 1.0082, grad_norm: 4.8835
2026-05-09 07:06:02,440 - mmdet - INFO - Epoch [18][100/186]	lr: 9.922e-05, eta: 7:28:28, time: 0.614, data_time: 0.012, memory: 7556, loss_cls: 0.2496, loss_bbox: 0.2841, loss_centerness: 0.5658, loss: 1.0995, grad_norm: 4.4955
2026-05-09 07:06:33,177 - mmdet - INFO - Epoch [18][150/186]	lr: 9.922e-05, eta: 7:29:23, time: 0.615, data_time: 0.012, memory: 7556, loss_cls: 0.2473, loss_bbox: 0.2777, loss_centerness: 0.5550, loss: 1.0799, grad_norm: 4.4996
2026-05-09 07:07:28,861 - mmdet - INFO - Epoch [19][50/186]	lr: 9.912e-05, eta: 7:25:54, time: 0.669, data_time: 0.067, memory: 7556, loss_cls: 0.2347, loss_bbox: 0.2832, loss_centerness: 0.5759, loss: 1.0938, grad_norm: 4.3103
2026-05-09 07:07:59,485 - mmdet - INFO - Epoch [19][100/186]	lr: 9.912e-05, eta: 7:26:46, time: 0.613, data_time: 0.012, memory: 7556, loss_cls: 0.2197, loss_bbox: 0.2803, loss_centerness: 0.5424, loss: 1.0424, grad_norm: 4.2815
2026-05-09 07:08:30,146 - mmdet - INFO - Epoch [19][150/186]	lr: 9.912e-05, eta: 7:27:36, time: 0.613, data_time: 0.012, memory: 7556, loss_cls: 0.2730, loss_bbox: 0.2827, loss_centerness: 0.5455, loss: 1.1012, grad_norm: 6.0154
2026-05-09 07:09:25,803 - mmdet - INFO - Epoch [20][50/186]	lr: 9.902e-05, eta: 7:24:15, time: 0.669, data_time: 0.067, memory: 7556, loss_cls: 0.2488, loss_bbox: 0.2753, loss_centerness: 0.5528, loss: 1.0770, grad_norm: 4.3143
2026-05-09 07:09:56,412 - mmdet - INFO - Epoch [20][100/186]	lr: 9.902e-05, eta: 7:25:02, time: 0.612, data_time: 0.012, memory: 7556, loss_cls: 0.2168, loss_bbox: 0.2735, loss_centerness: 0.5563, loss: 1.0466, grad_norm: 4.1433
2026-05-09 07:10:27,110 - mmdet - INFO - Epoch [20][150/186]	lr: 9.902e-05, eta: 7:25:49, time: 0.614, data_time: 0.012, memory: 7556, loss_cls: 0.2125, loss_bbox: 0.2663, loss_centerness: 0.5428, loss: 1.0216, grad_norm: 4.1579
2026-05-09 07:10:49,360 - mmdet - INFO - Saving checkpoint at 20 epochs
2026-05-09 07:11:18,687 - mmdet - INFO - Evaluating bbox...
2026-05-09 07:11:23,285 - mmdet - INFO - 
 Average Precision  (AP) @[ IoU=0.50:0.95 | area=   all | maxDets=100 ] = 0.208
 Average Precision  (AP) @[ IoU=0.50      | area=   all | maxDets=1000 ] = 0.616
 Average Precision  (AP) @[ IoU=0.75      | area=   all | maxDets=1000 ] = 0.071
 Average Precision  (AP) @[ IoU=0.50:0.95 | area= small | maxDets=1000 ] = 0.032
 Average Precision  (AP) @[ IoU=0.50:0.95 | area=medium | maxDets=1000 ] = 0.163
 Average Precision  (AP) @[ IoU=0.50:0.95 | area= large | maxDets=1000 ] = 0.269
 Average Recall     (AR) @[ IoU=0.50:0.95 | area=   all | maxDets=100 ] = 0.363
 Average Recall     (AR) @[ IoU=0.50:0.95 | area=   all | maxDets=300 ] = 0.363
 Average Recall     (AR) @[ IoU=0.50:0.95 | area=   all | maxDets=1000 ] = 0.363
 Average Recall     (AR) @[ IoU=0.50:0.95 | area= small | maxDets=1000 ] = 0.031
 Average Recall     (AR) @[ IoU=0.50:0.95 | area=medium | maxDets=1000 ] = 0.318
 Average Recall     (AR) @[ IoU=0.50:0.95 | area= large | maxDets=1000 ] = 0.428

2026-05-09 07:11:23,447 - mmdet - INFO - The previous best checkpoint /home/ahmadreza/Downloads/Research/M2SODAI/baseline_official/runs_swin_hbb/swin_t_hbb_fold_1_20260509/best_bbox_mAP_epoch_15.pth was removed
2026-05-09 07:11:25,156 - mmdet - INFO - Now best checkpoint is saved as best_bbox_mAP_epoch_20.pth.
2026-05-09 07:11:25,156 - mmdet - INFO - Best bbox_mAP is 0.2080 at 20 epoch.
2026-05-09 07:11:25,156 - mmdet - INFO - Exp name: fold_1_swin_t_3x_hbb.py
2026-05-09 07:11:25,157 - mmdet - INFO - Epoch(val) [20][371]	bbox_mAP: 0.2080, bbox_mAP_50: 0.6160, bbox_mAP_75: 0.0710, bbox_mAP_s: 0.0320, bbox_mAP_m: 0.1630, bbox_mAP_l: 0.2690, bbox_mAP_copypaste: 0.208 0.616 0.071 0.032 0.163 0.269
2026-05-09 07:11:58,449 - mmdet - INFO - Epoch [21][50/186]	lr: 9.892e-05, eta: 7:22:35, time: 0.665, data_time: 0.067, memory: 7556, loss_cls: 0.1941, loss_bbox: 0.2629, loss_centerness: 0.5515, loss: 1.0086, grad_norm: 3.6396
2026-05-09 07:12:29,009 - mmdet - INFO - Epoch [21][100/186]	lr: 9.892e-05, eta: 7:23:18, time: 0.611, data_time: 0.012, memory: 7556, loss_cls: 0.2276, loss_bbox: 0.2683, loss_centerness: 0.5343, loss: 1.0302, grad_norm: 4.5826
2026-05-09 07:12:59,512 - mmdet - INFO - Epoch [21][150/186]	lr: 9.892e-05, eta: 7:23:58, time: 0.610, data_time: 0.011, memory: 7556, loss_cls: 0.2662, loss_bbox: 0.2824, loss_centerness: 0.5553, loss: 1.1038, grad_norm: 5.4615
2026-05-09 07:13:55,162 - mmdet - INFO - Epoch [22][50/186]	lr: 9.881e-05, eta: 7:20:53, time: 0.667, data_time: 0.067, memory: 7556, loss_cls: 0.2256, loss_bbox: 0.2614, loss_centerness: 0.5364, loss: 1.0233, grad_norm: 4.2965
2026-05-09 07:14:25,767 - mmdet - INFO - Epoch [22][100/186]	lr: 9.881e-05, eta: 7:21:33, time: 0.612, data_time: 0.012, memory: 7556, loss_cls: 0.2139, loss_bbox: 0.2438, loss_centerness: 0.5090, loss: 0.9667, grad_norm: 4.6133
2026-05-09 07:14:56,560 - mmdet - INFO - Epoch [22][150/186]	lr: 9.881e-05, eta: 7:22:15, time: 0.616, data_time: 0.012, memory: 7556, loss_cls: 0.2248, loss_bbox: 0.2538, loss_centerness: 0.5510, loss: 1.0296, grad_norm: 4.9504
2026-05-09 07:15:52,252 - mmdet - INFO - Epoch [23][50/186]	lr: 9.869e-05, eta: 7:19:17, time: 0.668, data_time: 0.067, memory: 7556, loss_cls: 0.2216, loss_bbox: 0.2810, loss_centerness: 0.5699, loss: 1.0724, grad_norm: 4.6375
2026-05-09 07:16:22,829 - mmdet - INFO - Epoch [23][100/186]	lr: 9.869e-05, eta: 7:19:54, time: 0.612, data_time: 0.012, memory: 7556, loss_cls: 0.2333, loss_bbox: 0.2567, loss_centerness: 0.5261, loss: 1.0161, grad_norm: 4.7266
2026-05-09 07:16:53,468 - mmdet - INFO - Epoch [23][150/186]	lr: 9.869e-05, eta: 7:20:30, time: 0.613, data_time: 0.011, memory: 7556, loss_cls: 0.2394, loss_bbox: 0.2585, loss_centerness: 0.5144, loss: 1.0123, grad_norm: 4.8301
2026-05-09 07:17:49,213 - mmdet - INFO - Epoch [24][50/186]	lr: 9.857e-05, eta: 7:17:39, time: 0.669, data_time: 0.067, memory: 7556, loss_cls: 0.1981, loss_bbox: 0.2491, loss_centerness: 0.5277, loss: 0.9749, grad_norm: 4.7243
2026-05-09 07:18:19,828 - mmdet - INFO - Epoch [24][100/186]	lr: 9.857e-05, eta: 7:18:13, time: 0.612, data_time: 0.012, memory: 7556, loss_cls: 0.2089, loss_bbox: 0.2721, loss_centerness: 0.5664, loss: 1.0475, grad_norm: 4.4616
2026-05-09 07:18:50,692 - mmdet - INFO - Epoch [24][150/186]	lr: 9.857e-05, eta: 7:18:49, time: 0.617, data_time: 0.012, memory: 7556, loss_cls: 0.2146, loss_bbox: 0.2722, loss_centerness: 0.5473, loss: 1.0340, grad_norm: 4.3578
2026-05-09 07:19:46,290 - mmdet - INFO - Epoch [25][50/186]	lr: 9.844e-05, eta: 7:16:04, time: 0.668, data_time: 0.066, memory: 7556, loss_cls: 0.1967, loss_bbox: 0.2665, loss_centerness: 0.5702, loss: 1.0334, grad_norm: 3.7552
2026-05-09 07:20:16,941 - mmdet - INFO - Epoch [25][100/186]	lr: 9.844e-05, eta: 7:16:36, time: 0.613, data_time: 0.012, memory: 7556, loss_cls: 0.2026, loss_bbox: 0.2496, loss_centerness: 0.5468, loss: 0.9991, grad_norm: 3.7099
2026-05-09 07:20:47,540 - mmdet - INFO - Epoch [25][150/186]	lr: 9.844e-05, eta: 7:17:07, time: 0.612, data_time: 0.011, memory: 7556, loss_cls: 0.1905, loss_bbox: 0.2466, loss_centerness: 0.5283, loss: 0.9654, grad_norm: 3.7791
2026-05-09 07:21:37,449 - mmdet - INFO - Evaluating bbox...
2026-05-09 07:21:41,787 - mmdet - INFO - 
 Average Precision  (AP) @[ IoU=0.50:0.95 | area=   all | maxDets=100 ] = 0.224
 Average Precision  (AP) @[ IoU=0.50      | area=   all | maxDets=1000 ] = 0.639
 Average Precision  (AP) @[ IoU=0.75      | area=   all | maxDets=1000 ] = 0.088
 Average Precision  (AP) @[ IoU=0.50:0.95 | area= small | maxDets=1000 ] = 0.018
 Average Precision  (AP) @[ IoU=0.50:0.95 | area=medium | maxDets=1000 ] = 0.176
 Average Precision  (AP) @[ IoU=0.50:0.95 | area= large | maxDets=1000 ] = 0.290
 Average Recall     (AR) @[ IoU=0.50:0.95 | area=   all | maxDets=100 ] = 0.381
 Average Recall     (AR) @[ IoU=0.50:0.95 | area=   all | maxDets=300 ] = 0.381
 Average Recall     (AR) @[ IoU=0.50:0.95 | area=   all | maxDets=1000 ] = 0.381
 Average Recall     (AR) @[ IoU=0.50:0.95 | area= small | maxDets=1000 ] = 0.041
 Average Recall     (AR) @[ IoU=0.50:0.95 | area=medium | maxDets=1000 ] = 0.334
 Average Recall     (AR) @[ IoU=0.50:0.95 | area= large | maxDets=1000 ] = 0.450

2026-05-09 07:21:41,948 - mmdet - INFO - The previous best checkpoint /home/ahmadreza/Downloads/Research/M2SODAI/baseline_official/runs_swin_hbb/swin_t_hbb_fold_1_20260509/best_bbox_mAP_epoch_20.pth was removed
2026-05-09 07:21:43,622 - mmdet - INFO - Now best checkpoint is saved as best_bbox_mAP_epoch_25.pth.
2026-05-09 07:21:43,622 - mmdet - INFO - Best bbox_mAP is 0.2240 at 25 epoch.
2026-05-09 07:21:43,622 - mmdet - INFO - Exp name: fold_1_swin_t_3x_hbb.py
2026-05-09 07:21:43,622 - mmdet - INFO - Epoch(val) [25][371]	bbox_mAP: 0.2240, bbox_mAP_50: 0.6390, bbox_mAP_75: 0.0880, bbox_mAP_s: 0.0180, bbox_mAP_m: 0.1760, bbox_mAP_l: 0.2900, bbox_mAP_copypaste: 0.224 0.639 0.088 0.018 0.176 0.290
2026-05-09 07:22:17,058 - mmdet - INFO - Epoch [26][50/186]	lr: 9.831e-05, eta: 7:14:27, time: 0.668, data_time: 0.068, memory: 7556, loss_cls: 0.1899, loss_bbox: 0.2455, loss_centerness: 0.5648, loss: 1.0002, grad_norm: 4.6113
2026-05-09 07:22:47,676 - mmdet - INFO - Epoch [26][100/186]	lr: 9.831e-05, eta: 7:14:56, time: 0.612, data_time: 0.012, memory: 7556, loss_cls: 0.1982, loss_bbox: 0.2731, loss_centerness: 0.5561, loss: 1.0274, grad_norm: 4.3338
2026-05-09 07:23:18,355 - mmdet - INFO - Epoch [26][150/186]	lr: 9.831e-05, eta: 7:15:25, time: 0.614, data_time: 0.012, memory: 7556, loss_cls: 0.2050, loss_bbox: 0.2681, loss_centerness: 0.5758, loss: 1.0489, grad_norm: 4.2765
2026-05-09 07:24:13,879 - mmdet - INFO - Epoch [27][50/186]	lr: 9.818e-05, eta: 7:12:49, time: 0.666, data_time: 0.067, memory: 7556, loss_cls: 0.2258, loss_bbox: 0.2482, loss_centerness: 0.5359, loss: 1.0099, grad_norm: 7.0681
2026-05-09 07:24:44,668 - mmdet - INFO - Epoch [27][100/186]	lr: 9.818e-05, eta: 7:13:18, time: 0.616, data_time: 0.012, memory: 7556, loss_cls: 0.1941, loss_bbox: 0.2542, loss_centerness: 0.5397, loss: 0.9879, grad_norm: 5.3074
2026-05-09 07:25:15,245 - mmdet - INFO - Epoch [27][150/186]	lr: 9.818e-05, eta: 7:13:43, time: 0.611, data_time: 0.011, memory: 7556, loss_cls: 0.1814, loss_bbox: 0.2341, loss_centerness: 0.5127, loss: 0.9282, grad_norm: 5.1356
2026-05-09 07:26:11,161 - mmdet - INFO - Epoch [28][50/186]	lr: 9.803e-05, eta: 7:11:14, time: 0.670, data_time: 0.067, memory: 7556, loss_cls: 0.2240, loss_bbox: 0.2686, loss_centerness: 0.5480, loss: 1.0406, grad_norm: 5.2452
2026-05-09 07:26:41,661 - mmdet - INFO - Epoch [28][100/186]	lr: 9.803e-05, eta: 7:11:38, time: 0.610, data_time: 0.011, memory: 7556, loss_cls: 0.1715, loss_bbox: 0.2277, loss_centerness: 0.5095, loss: 0.9086, grad_norm: 4.5965
2026-05-09 07:27:12,406 - mmdet - INFO - Epoch [28][150/186]	lr: 9.803e-05, eta: 7:12:03, time: 0.615, data_time: 0.012, memory: 7556, loss_cls: 0.1761, loss_bbox: 0.2518, loss_centerness: 0.5459, loss: 0.9737, grad_norm: 4.3577
2026-05-09 07:28:08,044 - mmdet - INFO - Epoch [29][50/186]	lr: 9.789e-05, eta: 7:09:36, time: 0.666, data_time: 0.066, memory: 7556, loss_cls: 0.1836, loss_bbox: 0.2633, loss_centerness: 0.5610, loss: 1.0080, grad_norm: 3.8320
2026-05-09 07:28:38,742 - mmdet - INFO - Epoch [29][100/186]	lr: 9.789e-05, eta: 7:10:00, time: 0.614, data_time: 0.012, memory: 7556, loss_cls: 0.1627, loss_bbox: 0.2289, loss_centerness: 0.4963, loss: 0.8879, grad_norm: 4.0498
2026-05-09 07:29:09,339 - mmdet - INFO - Epoch [29][150/186]	lr: 9.789e-05, eta: 7:10:22, time: 0.612, data_time: 0.012, memory: 7556, loss_cls: 0.1613, loss_bbox: 0.2083, loss_centerness: 0.4915, loss: 0.8612, grad_norm: 3.8490
2026-05-09 07:30:05,298 - mmdet - INFO - Epoch [30][50/186]	lr: 9.773e-05, eta: 7:08:01, time: 0.671, data_time: 0.067, memory: 7556, loss_cls: 0.1698, loss_bbox: 0.2716, loss_centerness: 0.5728, loss: 1.0142, grad_norm: 3.7300
2026-05-09 07:30:35,893 - mmdet - INFO - Epoch [30][100/186]	lr: 9.773e-05, eta: 7:08:22, time: 0.612, data_time: 0.012, memory: 7556, loss_cls: 0.1772, loss_bbox: 0.2503, loss_centerness: 0.5574, loss: 0.9849, grad_norm: 3.8926
2026-05-09 07:31:06,726 - mmdet - INFO - Epoch [30][150/186]	lr: 9.773e-05, eta: 7:08:45, time: 0.617, data_time: 0.012, memory: 7556, loss_cls: 0.1852, loss_bbox: 0.2401, loss_centerness: 0.5521, loss: 0.9774, grad_norm: 4.1699
2026-05-09 07:31:28,896 - mmdet - INFO - Saving checkpoint at 30 epochs
2026-05-09 07:31:58,253 - mmdet - INFO - Evaluating bbox...
2026-05-09 07:32:02,617 - mmdet - INFO - 
 Average Precision  (AP) @[ IoU=0.50:0.95 | area=   all | maxDets=100 ] = 0.192
 Average Precision  (AP) @[ IoU=0.50      | area=   all | maxDets=1000 ] = 0.608
 Average Precision  (AP) @[ IoU=0.75      | area=   all | maxDets=1000 ] = 0.043
 Average Precision  (AP) @[ IoU=0.50:0.95 | area= small | maxDets=1000 ] = 0.028
 Average Precision  (AP) @[ IoU=0.50:0.95 | area=medium | maxDets=1000 ] = 0.168
 Average Precision  (AP) @[ IoU=0.50:0.95 | area= large | maxDets=1000 ] = 0.229
 Average Recall     (AR) @[ IoU=0.50:0.95 | area=   all | maxDets=100 ] = 0.345
 Average Recall     (AR) @[ IoU=0.50:0.95 | area=   all | maxDets=300 ] = 0.345
 Average Recall     (AR) @[ IoU=0.50:0.95 | area=   all | maxDets=1000 ] = 0.345
 Average Recall     (AR) @[ IoU=0.50:0.95 | area= small | maxDets=1000 ] = 0.055
 Average Recall     (AR) @[ IoU=0.50:0.95 | area=medium | maxDets=1000 ] = 0.334
 Average Recall     (AR) @[ IoU=0.50:0.95 | area= large | maxDets=1000 ] = 0.370

2026-05-09 07:32:02,625 - mmdet - INFO - Exp name: fold_1_swin_t_3x_hbb.py
2026-05-09 07:32:02,626 - mmdet - INFO - Epoch(val) [30][371]	bbox_mAP: 0.1920, bbox_mAP_50: 0.6080, bbox_mAP_75: 0.0430, bbox_mAP_s: 0.0280, bbox_mAP_m: 0.1680, bbox_mAP_l: 0.2290, bbox_mAP_copypaste: 0.192 0.608 0.043 0.028 0.168 0.229
2026-05-09 07:32:36,026 - mmdet - INFO - Epoch [31][50/186]	lr: 9.758e-05, eta: 7:06:26, time: 0.668, data_time: 0.067, memory: 7556, loss_cls: 0.1538, loss_bbox: 0.2247, loss_centerness: 0.5302, loss: 0.9087, grad_norm: 3.9247
2026-05-09 07:33:06,665 - mmdet - INFO - Epoch [31][100/186]	lr: 9.758e-05, eta: 7:06:46, time: 0.613, data_time: 0.012, memory: 7556, loss_cls: 0.1680, loss_bbox: 0.2464, loss_centerness: 0.5308, loss: 0.9452, grad_norm: 4.1471
2026-05-09 07:33:37,199 - mmdet - INFO - Epoch [31][150/186]	lr: 9.758e-05, eta: 7:07:04, time: 0.610, data_time: 0.011, memory: 7556, loss_cls: 0.1896, loss_bbox: 0.2414, loss_centerness: 0.5192, loss: 0.9501, grad_norm: 4.3816
2026-05-09 07:34:32,773 - mmdet - INFO - Epoch [32][50/186]	lr: 9.741e-05, eta: 7:04:48, time: 0.667, data_time: 0.066, memory: 7556, loss_cls: 0.1538, loss_bbox: 0.2255, loss_centerness: 0.5207, loss: 0.8999, grad_norm: 3.1744
2026-05-09 07:35:03,422 - mmdet - INFO - Epoch [32][100/186]	lr: 9.741e-05, eta: 7:05:06, time: 0.613, data_time: 0.012, memory: 7556, loss_cls: 0.1616, loss_bbox: 0.2273, loss_centerness: 0.5475, loss: 0.9365, grad_norm: 3.5556
2026-05-09 07:35:34,212 - mmdet - INFO - Epoch [32][150/186]	lr: 9.741e-05, eta: 7:05:25, time: 0.616, data_time: 0.012, memory: 7556, loss_cls: 0.1704, loss_bbox: 0.2320, loss_centerness: 0.5380, loss: 0.9404, grad_norm: 3.6592
2026-05-09 07:36:29,943 - mmdet - INFO - Epoch [33][50/186]	lr: 9.725e-05, eta: 7:03:13, time: 0.667, data_time: 0.067, memory: 7556, loss_cls: 0.1552, loss_bbox: 0.2332, loss_centerness: 0.5539, loss: 0.9423, grad_norm: 4.4327
2026-05-09 07:37:00,724 - mmdet - INFO - Epoch [33][100/186]	lr: 9.725e-05, eta: 7:03:31, time: 0.616, data_time: 0.012, memory: 7556, loss_cls: 0.1596, loss_bbox: 0.2353, loss_centerness: 0.5514, loss: 0.9463, grad_norm: 3.8681
2026-05-09 07:37:31,455 - mmdet - INFO - Epoch [33][150/186]	lr: 9.725e-05, eta: 7:03:48, time: 0.614, data_time: 0.012, memory: 7556, loss_cls: 0.1718, loss_bbox: 0.2442, loss_centerness: 0.5327, loss: 0.9487, grad_norm: 3.9311
2026-05-09 07:38:27,305 - mmdet - INFO - Epoch [34][50/186]	lr: 9.707e-05, eta: 7:01:41, time: 0.673, data_time: 0.067, memory: 7556, loss_cls: 0.1670, loss_bbox: 0.2444, loss_centerness: 0.5446, loss: 0.9560, grad_norm: 4.4971
2026-05-09 07:38:58,048 - mmdet - INFO - Epoch [34][100/186]	lr: 9.707e-05, eta: 7:01:57, time: 0.615, data_time: 0.012, memory: 7556, loss_cls: 0.1662, loss_bbox: 0.2459, loss_centerness: 0.5728, loss: 0.9849, grad_norm: 4.0832
2026-05-09 07:39:28,739 - mmdet - INFO - Epoch [34][150/186]	lr: 9.707e-05, eta: 7:02:12, time: 0.614, data_time: 0.012, memory: 7556, loss_cls: 0.1503, loss_bbox: 0.2323, loss_centerness: 0.5510, loss: 0.9335, grad_norm: 4.2293
2026-05-09 07:40:24,195 - mmdet - INFO - Epoch [35][50/186]	lr: 9.690e-05, eta: 7:00:04, time: 0.665, data_time: 0.067, memory: 7556, loss_cls: 0.1589, loss_bbox: 0.2171, loss_centerness: 0.5090, loss: 0.8850, grad_norm: 4.1651
2026-05-09 07:40:55,041 - mmdet - INFO - Epoch [35][100/186]	lr: 9.690e-05, eta: 7:00:20, time: 0.617, data_time: 0.012, memory: 7556, loss_cls: 0.1454, loss_bbox: 0.2304, loss_centerness: 0.5597, loss: 0.9356, grad_norm: 3.9225
2026-05-09 07:41:25,763 - mmdet - INFO - Epoch [35][150/186]	lr: 9.690e-05, eta: 7:00:34, time: 0.614, data_time: 0.011, memory: 7556, loss_cls: 0.1783, loss_bbox: 0.2389, loss_centerness: 0.5518, loss: 0.9690, grad_norm: 6.9658
2026-05-09 07:42:15,490 - mmdet - INFO - Evaluating bbox...
2026-05-09 07:42:19,885 - mmdet - INFO - 
 Average Precision  (AP) @[ IoU=0.50:0.95 | area=   all | maxDets=100 ] = 0.182
 Average Precision  (AP) @[ IoU=0.50      | area=   all | maxDets=1000 ] = 0.581
 Average Precision  (AP) @[ IoU=0.75      | area=   all | maxDets=1000 ] = 0.046
 Average Precision  (AP) @[ IoU=0.50:0.95 | area= small | maxDets=1000 ] = 0.015
 Average Precision  (AP) @[ IoU=0.50:0.95 | area=medium | maxDets=1000 ] = 0.164
 Average Precision  (AP) @[ IoU=0.50:0.95 | area= large | maxDets=1000 ] = 0.216
 Average Recall     (AR) @[ IoU=0.50:0.95 | area=   all | maxDets=100 ] = 0.334
 Average Recall     (AR) @[ IoU=0.50:0.95 | area=   all | maxDets=300 ] = 0.334
 Average Recall     (AR) @[ IoU=0.50:0.95 | area=   all | maxDets=1000 ] = 0.334
 Average Recall     (AR) @[ IoU=0.50:0.95 | area= small | maxDets=1000 ] = 0.014
 Average Recall     (AR) @[ IoU=0.50:0.95 | area=medium | maxDets=1000 ] = 0.310
 Average Recall     (AR) @[ IoU=0.50:0.95 | area= large | maxDets=1000 ] = 0.376

2026-05-09 07:42:19,893 - mmdet - INFO - Exp name: fold_1_swin_t_3x_hbb.py
2026-05-09 07:42:19,893 - mmdet - INFO - Epoch(val) [35][371]	bbox_mAP: 0.1820, bbox_mAP_50: 0.5810, bbox_mAP_75: 0.0460, bbox_mAP_s: 0.0150, bbox_mAP_m: 0.1640, bbox_mAP_l: 0.2160, bbox_mAP_copypaste: 0.182 0.581 0.046 0.015 0.164 0.216
2026-05-09 07:42:53,289 - mmdet - INFO - Epoch [36][50/186]	lr: 9.671e-05, eta: 6:58:30, time: 0.668, data_time: 0.067, memory: 7556, loss_cls: 0.1924, loss_bbox: 0.2602, loss_centerness: 0.5265, loss: 0.9792, grad_norm: 4.9219
2026-05-09 07:43:23,914 - mmdet - INFO - Epoch [36][100/186]	lr: 9.671e-05, eta: 6:58:43, time: 0.612, data_time: 0.012, memory: 7556, loss_cls: 0.1517, loss_bbox: 0.2261, loss_centerness: 0.5428, loss: 0.9206, grad_norm: 4.3662
2026-05-09 07:43:54,593 - mmdet - INFO - Epoch [36][150/186]	lr: 9.671e-05, eta: 6:58:55, time: 0.614, data_time: 0.012, memory: 7556, loss_cls: 0.1507, loss_bbox: 0.2109, loss_centerness: 0.5279, loss: 0.8895, grad_norm: 4.2151
2026-05-09 07:44:50,183 - mmdet - INFO - Epoch [37][50/186]	lr: 9.652e-05, eta: 6:56:54, time: 0.668, data_time: 0.067, memory: 7556, loss_cls: 0.1403, loss_bbox: 0.2240, loss_centerness: 0.5422, loss: 0.9065, grad_norm: 4.5480
2026-05-09 07:45:20,908 - mmdet - INFO - Epoch [37][100/186]	lr: 9.652e-05, eta: 6:57:06, time: 0.615, data_time: 0.012, memory: 7556, loss_cls: 0.1420, loss_bbox: 0.2189, loss_centerness: 0.5266, loss: 0.8876, grad_norm: 4.3097
2026-05-09 07:45:51,494 - mmdet - INFO - Epoch [37][150/186]	lr: 9.652e-05, eta: 6:57:17, time: 0.612, data_time: 0.012, memory: 7556, loss_cls: 0.1682, loss_bbox: 0.2415, loss_centerness: 0.5350, loss: 0.9447, grad_norm: 4.5472
2026-05-09 07:46:47,371 - mmdet - INFO - Epoch [38][50/186]	lr: 9.633e-05, eta: 6:55:20, time: 0.671, data_time: 0.067, memory: 7556, loss_cls: 0.1834, loss_bbox: 0.2360, loss_centerness: 0.5623, loss: 0.9817, grad_norm: 4.8351
2026-05-09 07:47:17,995 - mmdet - INFO - Epoch [38][100/186]	lr: 9.633e-05, eta: 6:55:30, time: 0.612, data_time: 0.011, memory: 7556, loss_cls: 0.1728, loss_bbox: 0.2217, loss_centerness: 0.5327, loss: 0.9272, grad_norm: 4.5336
2026-05-09 07:47:48,711 - mmdet - INFO - Epoch [38][150/186]	lr: 9.633e-05, eta: 6:55:40, time: 0.614, data_time: 0.012, memory: 7556, loss_cls: 0.1606, loss_bbox: 0.2182, loss_centerness: 0.5265, loss: 0.9053, grad_norm: 4.3941
2026-05-09 07:48:44,371 - mmdet - INFO - Epoch [39][50/186]	lr: 9.613e-05, eta: 6:53:44, time: 0.669, data_time: 0.067, memory: 7556, loss_cls: 0.1535, loss_bbox: 0.2287, loss_centerness: 0.5498, loss: 0.9319, grad_norm: 4.7745
2026-05-09 07:49:15,042 - mmdet - INFO - Epoch [39][100/186]	lr: 9.613e-05, eta: 6:53:54, time: 0.614, data_time: 0.012, memory: 7556, loss_cls: 0.1294, loss_bbox: 0.2146, loss_centerness: 0.5111, loss: 0.8552, grad_norm: 4.4066
2026-05-09 07:49:45,752 - mmdet - INFO - Epoch [39][150/186]	lr: 9.613e-05, eta: 6:54:03, time: 0.614, data_time: 0.012, memory: 7556, loss_cls: 0.1667, loss_bbox: 0.2508, loss_centerness: 0.5541, loss: 0.9717, grad_norm: 4.2411
2026-05-09 07:50:41,709 - mmdet - INFO - Epoch [40][50/186]	lr: 9.593e-05, eta: 6:52:11, time: 0.673, data_time: 0.067, memory: 7556, loss_cls: 0.1494, loss_bbox: 0.2381, loss_centerness: 0.5762, loss: 0.9637, grad_norm: 3.9773
2026-05-09 07:51:12,310 - mmdet - INFO - Epoch [40][100/186]	lr: 9.593e-05, eta: 6:52:19, time: 0.612, data_time: 0.012, memory: 7556, loss_cls: 0.1362, loss_bbox: 0.2130, loss_centerness: 0.5295, loss: 0.8788, grad_norm: 4.0552
2026-05-09 07:51:43,057 - mmdet - INFO - Epoch [40][150/186]	lr: 9.593e-05, eta: 6:52:27, time: 0.615, data_time: 0.012, memory: 7556, loss_cls: 0.1595, loss_bbox: 0.2407, loss_centerness: 0.5699, loss: 0.9701, grad_norm: 4.0084
2026-05-09 07:52:05,172 - mmdet - INFO - Saving checkpoint at 40 epochs
2026-05-09 07:52:34,412 - mmdet - INFO - Evaluating bbox...
2026-05-09 07:52:38,605 - mmdet - INFO - 
 Average Precision  (AP) @[ IoU=0.50:0.95 | area=   all | maxDets=100 ] = 0.225
 Average Precision  (AP) @[ IoU=0.50      | area=   all | maxDets=1000 ] = 0.642
 Average Precision  (AP) @[ IoU=0.75      | area=   all | maxDets=1000 ] = 0.081
 Average Precision  (AP) @[ IoU=0.50:0.95 | area= small | maxDets=1000 ] = 0.021
 Average Precision  (AP) @[ IoU=0.50:0.95 | area=medium | maxDets=1000 ] = 0.190
 Average Precision  (AP) @[ IoU=0.50:0.95 | area= large | maxDets=1000 ] = 0.278
 Average Recall     (AR) @[ IoU=0.50:0.95 | area=   all | maxDets=100 ] = 0.376
 Average Recall     (AR) @[ IoU=0.50:0.95 | area=   all | maxDets=300 ] = 0.376
 Average Recall     (AR) @[ IoU=0.50:0.95 | area=   all | maxDets=1000 ] = 0.376
 Average Recall     (AR) @[ IoU=0.50:0.95 | area= small | maxDets=1000 ] = 0.059
 Average Recall     (AR) @[ IoU=0.50:0.95 | area=medium | maxDets=1000 ] = 0.337
 Average Recall     (AR) @[ IoU=0.50:0.95 | area= large | maxDets=1000 ] = 0.435

2026-05-09 07:52:38,671 - mmdet - INFO - The previous best checkpoint /home/ahmadreza/Downloads/Research/M2SODAI/baseline_official/runs_swin_hbb/swin_t_hbb_fold_1_20260509/best_bbox_mAP_epoch_25.pth was removed
2026-05-09 07:52:40,359 - mmdet - INFO - Now best checkpoint is saved as best_bbox_mAP_epoch_40.pth.
2026-05-09 07:52:40,360 - mmdet - INFO - Best bbox_mAP is 0.2250 at 40 epoch.
2026-05-09 07:52:40,360 - mmdet - INFO - Exp name: fold_1_swin_t_3x_hbb.py
2026-05-09 07:52:40,360 - mmdet - INFO - Epoch(val) [40][371]	bbox_mAP: 0.2250, bbox_mAP_50: 0.6420, bbox_mAP_75: 0.0810, bbox_mAP_s: 0.0210, bbox_mAP_m: 0.1900, bbox_mAP_l: 0.2780, bbox_mAP_copypaste: 0.225 0.642 0.081 0.021 0.190 0.278
2026-05-09 07:53:13,864 - mmdet - INFO - Epoch [41][50/186]	lr: 9.572e-05, eta: 6:50:36, time: 0.670, data_time: 0.067, memory: 7556, loss_cls: 0.1230, loss_bbox: 0.2089, loss_centerness: 0.5375, loss: 0.8693, grad_norm: 3.7631
2026-05-09 07:53:44,516 - mmdet - INFO - Epoch [41][100/186]	lr: 9.572e-05, eta: 6:50:43, time: 0.613, data_time: 0.012, memory: 7556, loss_cls: 0.1880, loss_bbox: 0.2304, loss_centerness: 0.5523, loss: 0.9707, grad_norm: 4.7164
2026-05-09 07:54:15,124 - mmdet - INFO - Epoch [41][150/186]	lr: 9.572e-05, eta: 6:50:50, time: 0.612, data_time: 0.012, memory: 7556, loss_cls: 0.1762, loss_bbox: 0.2303, loss_centerness: 0.5492, loss: 0.9557, grad_norm: 5.1453
2026-05-09 07:55:10,935 - mmdet - INFO - Epoch [42][50/186]	lr: 9.551e-05, eta: 6:49:00, time: 0.671, data_time: 0.067, memory: 7556, loss_cls: 0.1469, loss_bbox: 0.2136, loss_centerness: 0.5466, loss: 0.9071, grad_norm: 3.8889
2026-05-09 07:55:41,534 - mmdet - INFO - Epoch [42][100/186]	lr: 9.551e-05, eta: 6:49:07, time: 0.612, data_time: 0.012, memory: 7556, loss_cls: 0.1473, loss_bbox: 0.2303, loss_centerness: 0.5522, loss: 0.9299, grad_norm: 3.8667
2026-05-09 07:56:12,408 - mmdet - INFO - Epoch [42][150/186]	lr: 9.551e-05, eta: 6:49:14, time: 0.618, data_time: 0.012, memory: 7556, loss_cls: 0.1412, loss_bbox: 0.2221, loss_centerness: 0.5423, loss: 0.9056, grad_norm: 3.8144
2026-05-09 07:57:08,082 - mmdet - INFO - Epoch [43][50/186]	lr: 9.529e-05, eta: 6:47:26, time: 0.668, data_time: 0.067, memory: 7556, loss_cls: 0.1136, loss_bbox: 0.2025, loss_centerness: 0.5347, loss: 0.8507, grad_norm: 4.1991
2026-05-09 07:57:38,858 - mmdet - INFO - Epoch [43][100/186]	lr: 9.529e-05, eta: 6:47:32, time: 0.616, data_time: 0.012, memory: 7556, loss_cls: 0.1400, loss_bbox: 0.2308, loss_centerness: 0.5505, loss: 0.9214, grad_norm: 4.5223
2026-05-09 07:58:09,534 - mmdet - INFO - Epoch [43][150/186]	lr: 9.529e-05, eta: 6:47:38, time: 0.613, data_time: 0.012, memory: 7556, loss_cls: 0.1446, loss_bbox: 0.2167, loss_centerness: 0.5237, loss: 0.8849, grad_norm: 4.4147
2026-05-09 07:59:05,335 - mmdet - INFO - Epoch [44][50/186]	lr: 9.507e-05, eta: 6:45:52, time: 0.670, data_time: 0.067, memory: 7556, loss_cls: 0.1742, loss_bbox: 0.2059, loss_centerness: 0.5421, loss: 0.9221, grad_norm: 6.9105
2026-05-09 07:59:35,955 - mmdet - INFO - Epoch [44][100/186]	lr: 9.507e-05, eta: 6:45:56, time: 0.612, data_time: 0.012, memory: 7556, loss_cls: 0.1291, loss_bbox: 0.1968, loss_centerness: 0.5207, loss: 0.8466, grad_norm: 5.6661
2026-05-09 08:00:06,751 - mmdet - INFO - Epoch [44][150/186]	lr: 9.507e-05, eta: 6:46:01, time: 0.616, data_time: 0.012, memory: 7556, loss_cls: 0.1369, loss_bbox: 0.2080, loss_centerness: 0.5378, loss: 0.8828, grad_norm: 5.1281
2026-05-09 08:01:02,513 - mmdet - INFO - Epoch [45][50/186]	lr: 9.484e-05, eta: 6:44:17, time: 0.670, data_time: 0.067, memory: 7556, loss_cls: 0.1172, loss_bbox: 0.2101, loss_centerness: 0.5078, loss: 0.8351, grad_norm: 3.3510
2026-05-09 08:01:33,209 - mmdet - INFO - Epoch [45][100/186]	lr: 9.484e-05, eta: 6:44:21, time: 0.614, data_time: 0.012, memory: 7556, loss_cls: 0.1397, loss_bbox: 0.2190, loss_centerness: 0.5596, loss: 0.9184, grad_norm: 3.9071
2026-05-09 08:02:03,843 - mmdet - INFO - Epoch [45][150/186]	lr: 9.484e-05, eta: 6:44:25, time: 0.612, data_time: 0.012, memory: 7556, loss_cls: 0.1272, loss_bbox: 0.2105, loss_centerness: 0.5403, loss: 0.8780, grad_norm: 4.0281
2026-05-09 08:02:53,626 - mmdet - INFO - Evaluating bbox...
2026-05-09 08:02:57,556 - mmdet - INFO - 
 Average Precision  (AP) @[ IoU=0.50:0.95 | area=   all | maxDets=100 ] = 0.216
 Average Precision  (AP) @[ IoU=0.50      | area=   all | maxDets=1000 ] = 0.619
 Average Precision  (AP) @[ IoU=0.75      | area=   all | maxDets=1000 ] = 0.071
 Average Precision  (AP) @[ IoU=0.50:0.95 | area= small | maxDets=1000 ] = 0.045
 Average Precision  (AP) @[ IoU=0.50:0.95 | area=medium | maxDets=1000 ] = 0.181
 Average Precision  (AP) @[ IoU=0.50:0.95 | area= large | maxDets=1000 ] = 0.267
 Average Recall     (AR) @[ IoU=0.50:0.95 | area=   all | maxDets=100 ] = 0.359
 Average Recall     (AR) @[ IoU=0.50:0.95 | area=   all | maxDets=300 ] = 0.359
 Average Recall     (AR) @[ IoU=0.50:0.95 | area=   all | maxDets=1000 ] = 0.359
 Average Recall     (AR) @[ IoU=0.50:0.95 | area= small | maxDets=1000 ] = 0.059
 Average Recall     (AR) @[ IoU=0.50:0.95 | area=medium | maxDets=1000 ] = 0.314
 Average Recall     (AR) @[ IoU=0.50:0.95 | area= large | maxDets=1000 ] = 0.424

2026-05-09 08:02:57,563 - mmdet - INFO - Exp name: fold_1_swin_t_3x_hbb.py
2026-05-09 08:02:57,563 - mmdet - INFO - Epoch(val) [45][371]	bbox_mAP: 0.2160, bbox_mAP_50: 0.6190, bbox_mAP_75: 0.0710, bbox_mAP_s: 0.0450, bbox_mAP_m: 0.1810, bbox_mAP_l: 0.2670, bbox_mAP_copypaste: 0.216 0.619 0.071 0.045 0.181 0.267
2026-05-09 08:03:30,971 - mmdet - INFO - Epoch [46][50/186]	lr: 9.460e-05, eta: 6:42:41, time: 0.668, data_time: 0.067, memory: 7556, loss_cls: 0.1319, loss_bbox: 0.2136, loss_centerness: 0.5459, loss: 0.8914, grad_norm: 3.9284
2026-05-09 08:04:01,531 - mmdet - INFO - Epoch [46][100/186]	lr: 9.460e-05, eta: 6:42:44, time: 0.611, data_time: 0.012, memory: 7556, loss_cls: 0.1243, loss_bbox: 0.2200, loss_centerness: 0.5295, loss: 0.8738, grad_norm: 3.7335
2026-05-09 08:04:32,252 - mmdet - INFO - Epoch [46][150/186]	lr: 9.460e-05, eta: 6:42:47, time: 0.615, data_time: 0.012, memory: 7556, loss_cls: 0.1180, loss_bbox: 0.2037, loss_centerness: 0.5427, loss: 0.8643, grad_norm: 4.0023
2026-05-09 08:05:28,044 - mmdet - INFO - Epoch [47][50/186]	lr: 9.437e-05, eta: 6:41:06, time: 0.670, data_time: 0.067, memory: 7556, loss_cls: 0.1230, loss_bbox: 0.1988, loss_centerness: 0.5257, loss: 0.8475, grad_norm: 3.6453
2026-05-09 08:05:58,726 - mmdet - INFO - Epoch [47][100/186]	lr: 9.437e-05, eta: 6:41:09, time: 0.614, data_time: 0.012, memory: 7556, loss_cls: 0.1188, loss_bbox: 0.1950, loss_centerness: 0.5379, loss: 0.8518, grad_norm: 3.6525
2026-05-09 08:06:29,435 - mmdet - INFO - Epoch [47][150/186]	lr: 9.437e-05, eta: 6:41:11, time: 0.614, data_time: 0.012, memory: 7556, loss_cls: 0.1151, loss_bbox: 0.2040, loss_centerness: 0.5543, loss: 0.8734, grad_norm: 3.7163
2026-05-09 08:07:25,125 - mmdet - INFO - Epoch [48][50/186]	lr: 9.412e-05, eta: 6:39:31, time: 0.669, data_time: 0.067, memory: 7556, loss_cls: 0.1208, loss_bbox: 0.2146, loss_centerness: 0.5478, loss: 0.8832, grad_norm: 3.3935
2026-05-09 08:07:55,747 - mmdet - INFO - Epoch [48][100/186]	lr: 9.412e-05, eta: 6:39:33, time: 0.612, data_time: 0.012, memory: 7556, loss_cls: 0.1256, loss_bbox: 0.1992, loss_centerness: 0.5149, loss: 0.8397, grad_norm: 3.4900
2026-05-09 08:08:26,544 - mmdet - INFO - Epoch [48][150/186]	lr: 9.412e-05, eta: 6:39:35, time: 0.616, data_time: 0.012, memory: 7556, loss_cls: 0.1178, loss_bbox: 0.2140, loss_centerness: 0.5597, loss: 0.8915, grad_norm: 3.5893
2026-05-09 08:09:22,380 - mmdet - INFO - Epoch [49][50/186]	lr: 9.388e-05, eta: 6:37:57, time: 0.670, data_time: 0.067, memory: 7556, loss_cls: 0.0954, loss_bbox: 0.1949, loss_centerness: 0.5514, loss: 0.8416, grad_norm: 4.2564
2026-05-09 08:09:53,033 - mmdet - INFO - Epoch [49][100/186]	lr: 9.388e-05, eta: 6:37:58, time: 0.613, data_time: 0.012, memory: 7556, loss_cls: 0.1105, loss_bbox: 0.1860, loss_centerness: 0.5151, loss: 0.8116, grad_norm: 4.5244
2026-05-09 08:10:23,737 - mmdet - INFO - Epoch [49][150/186]	lr: 9.388e-05, eta: 6:37:59, time: 0.614, data_time: 0.012, memory: 7556, loss_cls: 0.1315, loss_bbox: 0.2094, loss_centerness: 0.5573, loss: 0.8982, grad_norm: 4.4675
2026-05-09 08:11:19,528 - mmdet - INFO - Epoch [50][50/186]	lr: 9.363e-05, eta: 6:36:22, time: 0.670, data_time: 0.067, memory: 7556, loss_cls: 0.1239, loss_bbox: 0.2120, loss_centerness: 0.5524, loss: 0.8882, grad_norm: 5.2351
2026-05-09 08:11:50,125 - mmdet - INFO - Epoch [50][100/186]	lr: 9.363e-05, eta: 6:36:22, time: 0.612, data_time: 0.012, memory: 7556, loss_cls: 0.1159, loss_bbox: 0.1976, loss_centerness: 0.4842, loss: 0.7977, grad_norm: 5.0722
2026-05-09 08:12:20,909 - mmdet - INFO - Epoch [50][150/186]	lr: 9.363e-05, eta: 6:36:23, time: 0.616, data_time: 0.012, memory: 7556, loss_cls: 0.1413, loss_bbox: 0.2119, loss_centerness: 0.5235, loss: 0.8767, grad_norm: 4.6818
2026-05-09 08:12:43,167 - mmdet - INFO - Saving checkpoint at 50 epochs
2026-05-09 08:13:12,542 - mmdet - INFO - Evaluating bbox...
2026-05-09 08:13:16,991 - mmdet - INFO - 
 Average Precision  (AP) @[ IoU=0.50:0.95 | area=   all | maxDets=100 ] = 0.217
 Average Precision  (AP) @[ IoU=0.50      | area=   all | maxDets=1000 ] = 0.612
 Average Precision  (AP) @[ IoU=0.75      | area=   all | maxDets=1000 ] = 0.086
 Average Precision  (AP) @[ IoU=0.50:0.95 | area= small | maxDets=1000 ] = 0.039
 Average Precision  (AP) @[ IoU=0.50:0.95 | area=medium | maxDets=1000 ] = 0.176
 Average Precision  (AP) @[ IoU=0.50:0.95 | area= large | maxDets=1000 ] = 0.276
 Average Recall     (AR) @[ IoU=0.50:0.95 | area=   all | maxDets=100 ] = 0.374
 Average Recall     (AR) @[ IoU=0.50:0.95 | area=   all | maxDets=300 ] = 0.374
 Average Recall     (AR) @[ IoU=0.50:0.95 | area=   all | maxDets=1000 ] = 0.374
 Average Recall     (AR) @[ IoU=0.50:0.95 | area= small | maxDets=1000 ] = 0.066
 Average Recall     (AR) @[ IoU=0.50:0.95 | area=medium | maxDets=1000 ] = 0.331
 Average Recall     (AR) @[ IoU=0.50:0.95 | area= large | maxDets=1000 ] = 0.437

2026-05-09 08:13:16,999 - mmdet - INFO - Exp name: fold_1_swin_t_3x_hbb.py
2026-05-09 08:13:16,999 - mmdet - INFO - Epoch(val) [50][371]	bbox_mAP: 0.2170, bbox_mAP_50: 0.6120, bbox_mAP_75: 0.0860, bbox_mAP_s: 0.0390, bbox_mAP_m: 0.1760, bbox_mAP_l: 0.2760, bbox_mAP_copypaste: 0.217 0.612 0.086 0.039 0.176 0.276
2026-05-09 08:13:50,289 - mmdet - INFO - Epoch [51][50/186]	lr: 9.337e-05, eta: 6:34:46, time: 0.665, data_time: 0.067, memory: 7556, loss_cls: 0.1086, loss_bbox: 0.2120, loss_centerness: 0.5518, loss: 0.8723, grad_norm: 3.8051
2026-05-09 08:14:21,058 - mmdet - INFO - Epoch [51][100/186]	lr: 9.337e-05, eta: 6:34:47, time: 0.616, data_time: 0.012, memory: 7556, loss_cls: 0.1157, loss_bbox: 0.2003, loss_centerness: 0.5329, loss: 0.8489, grad_norm: 3.7128
2026-05-09 08:14:51,680 - mmdet - INFO - Epoch [51][150/186]	lr: 9.337e-05, eta: 6:34:46, time: 0.612, data_time: 0.012, memory: 7556, loss_cls: 0.1010, loss_bbox: 0.1941, loss_centerness: 0.5388, loss: 0.8339, grad_norm: 3.8511
2026-05-09 08:15:47,445 - mmdet - INFO - Epoch [52][50/186]	lr: 9.311e-05, eta: 6:33:12, time: 0.671, data_time: 0.067, memory: 7556, loss_cls: 0.1056, loss_bbox: 0.1906, loss_centerness: 0.5259, loss: 0.8221, grad_norm: 3.4172
2026-05-09 08:16:18,187 - mmdet - INFO - Epoch [52][100/186]	lr: 9.311e-05, eta: 6:33:11, time: 0.615, data_time: 0.012, memory: 7556, loss_cls: 0.0989, loss_bbox: 0.1967, loss_centerness: 0.5510, loss: 0.8465, grad_norm: 3.4898
2026-05-09 08:16:48,948 - mmdet - INFO - Epoch [52][150/186]	lr: 9.311e-05, eta: 6:33:11, time: 0.615, data_time: 0.012, memory: 7556, loss_cls: 0.0911, loss_bbox: 0.1783, loss_centerness: 0.5267, loss: 0.7961, grad_norm: 3.6719
2026-05-09 08:17:44,616 - mmdet - INFO - Epoch [53][50/186]	lr: 9.284e-05, eta: 6:31:37, time: 0.669, data_time: 0.067, memory: 7556, loss_cls: 0.0972, loss_bbox: 0.1886, loss_centerness: 0.5306, loss: 0.8164, grad_norm: 3.4497
2026-05-09 08:18:15,353 - mmdet - INFO - Epoch [53][100/186]	lr: 9.284e-05, eta: 6:31:37, time: 0.615, data_time: 0.012, memory: 7556, loss_cls: 0.0962, loss_bbox: 0.1808, loss_centerness: 0.5077, loss: 0.7848, grad_norm: 3.4635
2026-05-09 08:18:46,165 - mmdet - INFO - Epoch [53][150/186]	lr: 9.284e-05, eta: 6:31:36, time: 0.616, data_time: 0.012, memory: 7556, loss_cls: 0.1076, loss_bbox: 0.1987, loss_centerness: 0.5449, loss: 0.8512, grad_norm: 3.4857
2026-05-09 08:19:42,005 - mmdet - INFO - Epoch [54][50/186]	lr: 9.257e-05, eta: 6:30:04, time: 0.674, data_time: 0.067, memory: 7556, loss_cls: 0.1045, loss_bbox: 0.2039, loss_centerness: 0.5513, loss: 0.8597, grad_norm: 3.1972
2026-05-09 08:20:12,658 - mmdet - INFO - Epoch [54][100/186]	lr: 9.257e-05, eta: 6:30:02, time: 0.613, data_time: 0.012, memory: 7556, loss_cls: 0.0971, loss_bbox: 0.1811, loss_centerness: 0.5363, loss: 0.8145, grad_norm: 3.4586
2026-05-09 08:20:43,257 - mmdet - INFO - Epoch [54][150/186]	lr: 9.257e-05, eta: 6:30:00, time: 0.612, data_time: 0.012, memory: 7556, loss_cls: 0.1065, loss_bbox: 0.1881, loss_centerness: 0.5152, loss: 0.8098, grad_norm: 3.6297
2026-05-09 08:21:39,094 - mmdet - INFO - Epoch [55][50/186]	lr: 9.229e-05, eta: 6:28:29, time: 0.671, data_time: 0.067, memory: 7556, loss_cls: 0.0961, loss_bbox: 0.1856, loss_centerness: 0.5256, loss: 0.8074, grad_norm: 4.2634
2026-05-09 08:22:09,766 - mmdet - INFO - Epoch [55][100/186]	lr: 9.229e-05, eta: 6:28:27, time: 0.614, data_time: 0.012, memory: 7556, loss_cls: 0.0958, loss_bbox: 0.1879, loss_centerness: 0.5195, loss: 0.8032, grad_norm: 3.9451
2026-05-09 08:22:40,398 - mmdet - INFO - Epoch [55][150/186]	lr: 9.229e-05, eta: 6:28:24, time: 0.612, data_time: 0.011, memory: 7556, loss_cls: 0.1042, loss_bbox: 0.1985, loss_centerness: 0.5311, loss: 0.8339, grad_norm: 3.8465
2026-05-09 08:23:30,257 - mmdet - INFO - Evaluating bbox...
2026-05-09 08:23:33,778 - mmdet - INFO - 
 Average Precision  (AP) @[ IoU=0.50:0.95 | area=   all | maxDets=100 ] = 0.225
 Average Precision  (AP) @[ IoU=0.50      | area=   all | maxDets=1000 ] = 0.624
 Average Precision  (AP) @[ IoU=0.75      | area=   all | maxDets=1000 ] = 0.083
 Average Precision  (AP) @[ IoU=0.50:0.95 | area= small | maxDets=1000 ] = 0.041
 Average Precision  (AP) @[ IoU=0.50:0.95 | area=medium | maxDets=1000 ] = 0.194
 Average Precision  (AP) @[ IoU=0.50:0.95 | area= large | maxDets=1000 ] = 0.274
 Average Recall     (AR) @[ IoU=0.50:0.95 | area=   all | maxDets=100 ] = 0.373
 Average Recall     (AR) @[ IoU=0.50:0.95 | area=   all | maxDets=300 ] = 0.373
 Average Recall     (AR) @[ IoU=0.50:0.95 | area=   all | maxDets=1000 ] = 0.373
 Average Recall     (AR) @[ IoU=0.50:0.95 | area= small | maxDets=1000 ] = 0.069
 Average Recall     (AR) @[ IoU=0.50:0.95 | area=medium | maxDets=1000 ] = 0.342
 Average Recall     (AR) @[ IoU=0.50:0.95 | area= large | maxDets=1000 ] = 0.423

2026-05-09 08:23:33,784 - mmdet - INFO - Exp name: fold_1_swin_t_3x_hbb.py
2026-05-09 08:23:33,784 - mmdet - INFO - Epoch(val) [55][371]	bbox_mAP: 0.2250, bbox_mAP_50: 0.6240, bbox_mAP_75: 0.0830, bbox_mAP_s: 0.0410, bbox_mAP_m: 0.1940, bbox_mAP_l: 0.2740, bbox_mAP_copypaste: 0.225 0.624 0.083 0.041 0.194 0.274
2026-05-09 08:24:07,314 - mmdet - INFO - Epoch [56][50/186]	lr: 9.201e-05, eta: 6:26:54, time: 0.670, data_time: 0.067, memory: 7556, loss_cls: 0.1355, loss_bbox: 0.2004, loss_centerness: 0.5382, loss: 0.8741, grad_norm: 5.3834
2026-05-09 08:24:38,007 - mmdet - INFO - Epoch [56][100/186]	lr: 9.201e-05, eta: 6:26:51, time: 0.614, data_time: 0.012, memory: 7556, loss_cls: 0.1211, loss_bbox: 0.1966, loss_centerness: 0.5409, loss: 0.8586, grad_norm: 4.5226
2026-05-09 08:25:08,670 - mmdet - INFO - Epoch [56][150/186]	lr: 9.201e-05, eta: 6:26:48, time: 0.613, data_time: 0.012, memory: 7556, loss_cls: 0.0984, loss_bbox: 0.1870, loss_centerness: 0.5279, loss: 0.8133, grad_norm: 4.1847
2026-05-09 08:26:04,472 - mmdet - INFO - Epoch [57][50/186]	lr: 9.173e-05, eta: 6:25:19, time: 0.670, data_time: 0.067, memory: 7556, loss_cls: 0.0932, loss_bbox: 0.1812, loss_centerness: 0.5145, loss: 0.7889, grad_norm: 4.2606
2026-05-09 08:26:35,187 - mmdet - INFO - Epoch [57][100/186]	lr: 9.173e-05, eta: 6:25:16, time: 0.614, data_time: 0.012, memory: 7556, loss_cls: 0.0999, loss_bbox: 0.2016, loss_centerness: 0.5551, loss: 0.8567, grad_norm: 4.0215
2026-05-09 08:27:05,755 - mmdet - INFO - Epoch [57][150/186]	lr: 9.173e-05, eta: 6:25:12, time: 0.611, data_time: 0.011, memory: 7556, loss_cls: 0.1029, loss_bbox: 0.1856, loss_centerness: 0.4978, loss: 0.7864, grad_norm: 3.8406
2026-05-09 08:28:01,671 - mmdet - INFO - Epoch [58][50/186]	lr: 9.144e-05, eta: 6:23:45, time: 0.673, data_time: 0.067, memory: 7556, loss_cls: 0.1130, loss_bbox: 0.1848, loss_centerness: 0.5519, loss: 0.8497, grad_norm: 3.8921
2026-05-09 08:28:32,498 - mmdet - INFO - Epoch [58][100/186]	lr: 9.144e-05, eta: 6:23:41, time: 0.616, data_time: 0.012, memory: 7556, loss_cls: 0.0918, loss_bbox: 0.1815, loss_centerness: 0.5383, loss: 0.8115, grad_norm: 3.5429
2026-05-09 08:29:03,146 - mmdet - INFO - Epoch [58][150/186]	lr: 9.144e-05, eta: 6:23:37, time: 0.613, data_time: 0.012, memory: 7556, loss_cls: 0.0972, loss_bbox: 0.1917, loss_centerness: 0.5389, loss: 0.8278, grad_norm: 3.6136
2026-05-09 08:29:59,015 - mmdet - INFO - Epoch [59][50/186]	lr: 9.115e-05, eta: 6:22:11, time: 0.672, data_time: 0.067, memory: 7556, loss_cls: 0.0845, loss_bbox: 0.1997, loss_centerness: 0.5620, loss: 0.8461, grad_norm: 3.9211
2026-05-09 08:30:29,794 - mmdet - INFO - Epoch [59][100/186]	lr: 9.115e-05, eta: 6:22:07, time: 0.616, data_time: 0.012, memory: 7556, loss_cls: 0.0882, loss_bbox: 0.1903, loss_centerness: 0.5401, loss: 0.8185, grad_norm: 3.7176
2026-05-09 08:31:00,564 - mmdet - INFO - Epoch [59][150/186]	lr: 9.115e-05, eta: 6:22:03, time: 0.615, data_time: 0.012, memory: 7556, loss_cls: 0.0918, loss_bbox: 0.2010, loss_centerness: 0.5658, loss: 0.8585, grad_norm: 3.5588
2026-05-09 08:31:56,107 - mmdet - INFO - Epoch [60][50/186]	lr: 9.085e-05, eta: 6:20:36, time: 0.670, data_time: 0.067, memory: 7556, loss_cls: 0.0828, loss_bbox: 0.1911, loss_centerness: 0.5334, loss: 0.8074, grad_norm: 3.9545
2026-05-09 08:32:26,948 - mmdet - INFO - Epoch [60][100/186]	lr: 9.085e-05, eta: 6:20:32, time: 0.617, data_time: 0.012, memory: 7556, loss_cls: 0.1006, loss_bbox: 0.2086, loss_centerness: 0.5699, loss: 0.8791, grad_norm: 3.6294
2026-05-09 08:32:57,613 - mmdet - INFO - Epoch [60][150/186]	lr: 9.085e-05, eta: 6:20:28, time: 0.613, data_time: 0.011, memory: 7556, loss_cls: 0.0739, loss_bbox: 0.1786, loss_centerness: 0.5510, loss: 0.8035, grad_norm: 3.6210
2026-05-09 08:33:19,870 - mmdet - INFO - Saving checkpoint at 60 epochs
2026-05-09 08:33:49,143 - mmdet - INFO - Evaluating bbox...
2026-05-09 08:33:53,050 - mmdet - INFO - 
 Average Precision  (AP) @[ IoU=0.50:0.95 | area=   all | maxDets=100 ] = 0.228
 Average Precision  (AP) @[ IoU=0.50      | area=   all | maxDets=1000 ] = 0.629
 Average Precision  (AP) @[ IoU=0.75      | area=   all | maxDets=1000 ] = 0.090
 Average Precision  (AP) @[ IoU=0.50:0.95 | area= small | maxDets=1000 ] = 0.026
 Average Precision  (AP) @[ IoU=0.50:0.95 | area=medium | maxDets=1000 ] = 0.191
 Average Precision  (AP) @[ IoU=0.50:0.95 | area= large | maxDets=1000 ] = 0.281
 Average Recall     (AR) @[ IoU=0.50:0.95 | area=   all | maxDets=100 ] = 0.378
 Average Recall     (AR) @[ IoU=0.50:0.95 | area=   all | maxDets=300 ] = 0.378
 Average Recall     (AR) @[ IoU=0.50:0.95 | area=   all | maxDets=1000 ] = 0.378
 Average Recall     (AR) @[ IoU=0.50:0.95 | area= small | maxDets=1000 ] = 0.062
 Average Recall     (AR) @[ IoU=0.50:0.95 | area=medium | maxDets=1000 ] = 0.334
 Average Recall     (AR) @[ IoU=0.50:0.95 | area= large | maxDets=1000 ] = 0.443

2026-05-09 08:33:53,152 - mmdet - INFO - The previous best checkpoint /home/ahmadreza/Downloads/Research/M2SODAI/baseline_official/runs_swin_hbb/swin_t_hbb_fold_1_20260509/best_bbox_mAP_epoch_40.pth was removed
2026-05-09 08:33:54,820 - mmdet - INFO - Now best checkpoint is saved as best_bbox_mAP_epoch_60.pth.
2026-05-09 08:33:54,821 - mmdet - INFO - Best bbox_mAP is 0.2280 at 60 epoch.
2026-05-09 08:33:54,821 - mmdet - INFO - Exp name: fold_1_swin_t_3x_hbb.py
2026-05-09 08:33:54,822 - mmdet - INFO - Epoch(val) [60][371]	bbox_mAP: 0.2280, bbox_mAP_50: 0.6290, bbox_mAP_75: 0.0900, bbox_mAP_s: 0.0260, bbox_mAP_m: 0.1910, bbox_mAP_l: 0.2810, bbox_mAP_copypaste: 0.228 0.629 0.090 0.026 0.191 0.281
2026-05-09 08:34:28,196 - mmdet - INFO - Epoch [61][50/186]	lr: 9.055e-05, eta: 6:19:01, time: 0.667, data_time: 0.067, memory: 7556, loss_cls: 0.0974, loss_bbox: 0.2028, loss_centerness: 0.5300, loss: 0.8302, grad_norm: 3.6854
2026-05-09 08:34:58,752 - mmdet - INFO - Epoch [61][100/186]	lr: 9.055e-05, eta: 6:18:56, time: 0.611, data_time: 0.012, memory: 7556, loss_cls: 0.0795, loss_bbox: 0.1756, loss_centerness: 0.5051, loss: 0.7602, grad_norm: 4.1431
2026-05-09 08:35:29,618 - mmdet - INFO - Epoch [61][150/186]	lr: 9.055e-05, eta: 6:18:51, time: 0.617, data_time: 0.012, memory: 7556, loss_cls: 0.0853, loss_bbox: 0.1861, loss_centerness: 0.5276, loss: 0.7990, grad_norm: 3.7920
2026-05-09 08:36:25,290 - mmdet - INFO - Epoch [62][50/186]	lr: 9.024e-05, eta: 6:17:27, time: 0.671, data_time: 0.067, memory: 7556, loss_cls: 0.0792, loss_bbox: 0.1649, loss_centerness: 0.4977, loss: 0.7417, grad_norm: 3.5422
2026-05-09 08:36:55,996 - mmdet - INFO - Epoch [62][100/186]	lr: 9.024e-05, eta: 6:17:22, time: 0.614, data_time: 0.012, memory: 7556, loss_cls: 0.0835, loss_bbox: 0.1819, loss_centerness: 0.5186, loss: 0.7840, grad_norm: 3.4548
2026-05-09 08:37:26,831 - mmdet - INFO - Epoch [62][150/186]	lr: 9.024e-05, eta: 6:17:17, time: 0.617, data_time: 0.012, memory: 7556, loss_cls: 0.0969, loss_bbox: 0.1768, loss_centerness: 0.5364, loss: 0.8101, grad_norm: 3.5848
2026-05-09 08:38:22,614 - mmdet - INFO - Epoch [63][50/186]	lr: 8.993e-05, eta: 6:15:53, time: 0.670, data_time: 0.066, memory: 7556, loss_cls: 0.1050, loss_bbox: 0.2001, loss_centerness: 0.5356, loss: 0.8407, grad_norm: 3.4345
2026-05-09 08:38:53,303 - mmdet - INFO - Epoch [63][100/186]	lr: 8.993e-05, eta: 6:15:47, time: 0.614, data_time: 0.012, memory: 7556, loss_cls: 0.0819, loss_bbox: 0.1797, loss_centerness: 0.5270, loss: 0.7885, grad_norm: 3.5388
2026-05-09 08:39:24,172 - mmdet - INFO - Epoch [63][150/186]	lr: 8.993e-05, eta: 6:15:42, time: 0.617, data_time: 0.012, memory: 7556, loss_cls: 0.0765, loss_bbox: 0.1754, loss_centerness: 0.5227, loss: 0.7745, grad_norm: 3.5992
2026-05-09 08:40:20,062 - mmdet - INFO - Epoch [64][50/186]	lr: 8.961e-05, eta: 6:14:19, time: 0.672, data_time: 0.067, memory: 7556, loss_cls: 0.0826, loss_bbox: 0.1768, loss_centerness: 0.5349, loss: 0.7943, grad_norm: 3.4424
2026-05-09 08:40:50,820 - mmdet - INFO - Epoch [64][100/186]	lr: 8.961e-05, eta: 6:14:13, time: 0.615, data_time: 0.012, memory: 7556, loss_cls: 0.0771, loss_bbox: 0.1835, loss_centerness: 0.5440, loss: 0.8046, grad_norm: 3.8352
2026-05-09 08:41:21,567 - mmdet - INFO - Epoch [64][150/186]	lr: 8.961e-05, eta: 6:14:07, time: 0.615, data_time: 0.012, memory: 7556, loss_cls: 0.1005, loss_bbox: 0.1751, loss_centerness: 0.5155, loss: 0.7911, grad_norm: 3.8383
2026-05-09 08:42:17,292 - mmdet - INFO - Epoch [65][50/186]	lr: 8.929e-05, eta: 6:12:44, time: 0.668, data_time: 0.067, memory: 7556, loss_cls: 0.0907, loss_bbox: 0.1804, loss_centerness: 0.5165, loss: 0.7876, grad_norm: 3.6655
2026-05-09 08:42:48,123 - mmdet - INFO - Epoch [65][100/186]	lr: 8.929e-05, eta: 6:12:38, time: 0.617, data_time: 0.012, memory: 7556, loss_cls: 0.0865, loss_bbox: 0.1884, loss_centerness: 0.5682, loss: 0.8432, grad_norm: 3.6042
2026-05-09 08:43:18,934 - mmdet - INFO - Epoch [65][150/186]	lr: 8.929e-05, eta: 6:12:32, time: 0.616, data_time: 0.012, memory: 7556, loss_cls: 0.0805, loss_bbox: 0.1725, loss_centerness: 0.5409, loss: 0.7939, grad_norm: 3.5521
2026-05-09 08:44:08,776 - mmdet - INFO - Evaluating bbox...
2026-05-09 08:44:12,374 - mmdet - INFO - 
 Average Precision  (AP) @[ IoU=0.50:0.95 | area=   all | maxDets=100 ] = 0.221
 Average Precision  (AP) @[ IoU=0.50      | area=   all | maxDets=1000 ] = 0.624
 Average Precision  (AP) @[ IoU=0.75      | area=   all | maxDets=1000 ] = 0.079
 Average Precision  (AP) @[ IoU=0.50:0.95 | area= small | maxDets=1000 ] = 0.074
 Average Precision  (AP) @[ IoU=0.50:0.95 | area=medium | maxDets=1000 ] = 0.191
 Average Precision  (AP) @[ IoU=0.50:0.95 | area= large | maxDets=1000 ] = 0.270
 Average Recall     (AR) @[ IoU=0.50:0.95 | area=   all | maxDets=100 ] = 0.362
 Average Recall     (AR) @[ IoU=0.50:0.95 | area=   all | maxDets=300 ] = 0.362
 Average Recall     (AR) @[ IoU=0.50:0.95 | area=   all | maxDets=1000 ] = 0.362
 Average Recall     (AR) @[ IoU=0.50:0.95 | area= small | maxDets=1000 ] = 0.100
 Average Recall     (AR) @[ IoU=0.50:0.95 | area=medium | maxDets=1000 ] = 0.322
 Average Recall     (AR) @[ IoU=0.50:0.95 | area= large | maxDets=1000 ] = 0.420

2026-05-09 08:44:12,380 - mmdet - INFO - Exp name: fold_1_swin_t_3x_hbb.py
2026-05-09 08:44:12,380 - mmdet - INFO - Epoch(val) [65][371]	bbox_mAP: 0.2210, bbox_mAP_50: 0.6240, bbox_mAP_75: 0.0790, bbox_mAP_s: 0.0740, bbox_mAP_m: 0.1910, bbox_mAP_l: 0.2700, bbox_mAP_copypaste: 0.221 0.624 0.079 0.074 0.191 0.270
2026-05-09 08:44:45,948 - mmdet - INFO - Epoch [66][50/186]	lr: 8.897e-05, eta: 6:11:11, time: 0.671, data_time: 0.067, memory: 7556, loss_cls: 0.0742, loss_bbox: 0.1689, loss_centerness: 0.5454, loss: 0.7885, grad_norm: 3.4822
2026-05-09 08:45:16,618 - mmdet - INFO - Epoch [66][100/186]	lr: 8.897e-05, eta: 6:11:04, time: 0.613, data_time: 0.012, memory: 7556, loss_cls: 0.0717, loss_bbox: 0.1680, loss_centerness: 0.5248, loss: 0.7645, grad_norm: 3.4723
2026-05-09 08:45:47,223 - mmdet - INFO - Epoch [66][150/186]	lr: 8.897e-05, eta: 6:10:56, time: 0.612, data_time: 0.012, memory: 7556, loss_cls: 0.0679, loss_bbox: 0.1518, loss_centerness: 0.4778, loss: 0.6975, grad_norm: 3.2802
2026-05-09 08:46:43,081 - mmdet - INFO - Epoch [67][50/186]	lr: 8.864e-05, eta: 6:09:35, time: 0.670, data_time: 0.067, memory: 7556, loss_cls: 0.0809, loss_bbox: 0.1724, loss_centerness: 0.5296, loss: 0.7830, grad_norm: 3.8731
2026-05-09 08:47:13,796 - mmdet - INFO - Epoch [67][100/186]	lr: 8.864e-05, eta: 6:09:28, time: 0.614, data_time: 0.012, memory: 7556, loss_cls: 0.0811, loss_bbox: 0.1823, loss_centerness: 0.5529, loss: 0.8163, grad_norm: 3.8662
2026-05-09 08:47:44,451 - mmdet - INFO - Epoch [67][150/186]	lr: 8.864e-05, eta: 6:09:20, time: 0.613, data_time: 0.012, memory: 7556, loss_cls: 0.1406, loss_bbox: 0.1626, loss_centerness: 0.4959, loss: 0.7992, grad_norm: 4.8761
2026-05-09 08:48:40,348 - mmdet - INFO - Epoch [68][50/186]	lr: 8.831e-05, eta: 6:08:00, time: 0.670, data_time: 0.067, memory: 7556, loss_cls: 0.1290, loss_bbox: 0.1798, loss_centerness: 0.5088, loss: 0.8176, grad_norm: 4.8350
2026-05-09 08:49:11,077 - mmdet - INFO - Epoch [68][100/186]	lr: 8.831e-05, eta: 6:07:53, time: 0.614, data_time: 0.012, memory: 7556, loss_cls: 0.1101, loss_bbox: 0.1729, loss_centerness: 0.5133, loss: 0.7962, grad_norm: 4.2766
2026-05-09 08:49:41,808 - mmdet - INFO - Epoch [68][150/186]	lr: 8.831e-05, eta: 6:07:45, time: 0.615, data_time: 0.012, memory: 7556, loss_cls: 0.0797, loss_bbox: 0.1678, loss_centerness: 0.5162, loss: 0.7636, grad_norm: 3.8857
2026-05-09 08:50:37,495 - mmdet - INFO - Epoch [69][50/186]	lr: 8.797e-05, eta: 6:06:25, time: 0.668, data_time: 0.067, memory: 7556, loss_cls: 0.0953, loss_bbox: 0.1721, loss_centerness: 0.5472, loss: 0.8146, grad_norm: 4.2460
2026-05-09 08:51:08,212 - mmdet - INFO - Epoch [69][100/186]	lr: 8.797e-05, eta: 6:06:18, time: 0.615, data_time: 0.012, memory: 7556, loss_cls: 0.0785, loss_bbox: 0.1754, loss_centerness: 0.5341, loss: 0.7880, grad_norm: 3.9333
2026-05-09 08:51:38,910 - mmdet - INFO - Epoch [69][150/186]	lr: 8.797e-05, eta: 6:06:09, time: 0.614, data_time: 0.011, memory: 7556, loss_cls: 0.0853, loss_bbox: 0.1605, loss_centerness: 0.5259, loss: 0.7717, grad_norm: 3.9561
2026-05-09 08:52:34,784 - mmdet - INFO - Epoch [70][50/186]	lr: 8.763e-05, eta: 6:04:51, time: 0.670, data_time: 0.066, memory: 7556, loss_cls: 0.0912, loss_bbox: 0.1646, loss_centerness: 0.5139, loss: 0.7696, grad_norm: 3.5588
2026-05-09 08:53:05,542 - mmdet - INFO - Epoch [70][100/186]	lr: 8.763e-05, eta: 6:04:43, time: 0.615, data_time: 0.012, memory: 7556, loss_cls: 0.0717, loss_bbox: 0.1590, loss_centerness: 0.5198, loss: 0.7504, grad_norm: 3.4132
2026-05-09 08:53:36,361 - mmdet - INFO - Epoch [70][150/186]	lr: 8.763e-05, eta: 6:04:35, time: 0.616, data_time: 0.012, memory: 7556, loss_cls: 0.0902, loss_bbox: 0.1845, loss_centerness: 0.5665, loss: 0.8412, grad_norm: 3.5102
2026-05-09 08:53:58,515 - mmdet - INFO - Saving checkpoint at 70 epochs
2026-05-09 08:54:27,774 - mmdet - INFO - Evaluating bbox...
2026-05-09 08:54:31,134 - mmdet - INFO - 
 Average Precision  (AP) @[ IoU=0.50:0.95 | area=   all | maxDets=100 ] = 0.226
 Average Precision  (AP) @[ IoU=0.50      | area=   all | maxDets=1000 ] = 0.631
 Average Precision  (AP) @[ IoU=0.75      | area=   all | maxDets=1000 ] = 0.088
 Average Precision  (AP) @[ IoU=0.50:0.95 | area= small | maxDets=1000 ] = 0.063
 Average Precision  (AP) @[ IoU=0.50:0.95 | area=medium | maxDets=1000 ] = 0.189
 Average Precision  (AP) @[ IoU=0.50:0.95 | area= large | maxDets=1000 ] = 0.279
 Average Recall     (AR) @[ IoU=0.50:0.95 | area=   all | maxDets=100 ] = 0.369
 Average Recall     (AR) @[ IoU=0.50:0.95 | area=   all | maxDets=300 ] = 0.369
 Average Recall     (AR) @[ IoU=0.50:0.95 | area=   all | maxDets=1000 ] = 0.369
 Average Recall     (AR) @[ IoU=0.50:0.95 | area= small | maxDets=1000 ] = 0.086
 Average Recall     (AR) @[ IoU=0.50:0.95 | area=medium | maxDets=1000 ] = 0.333
 Average Recall     (AR) @[ IoU=0.50:0.95 | area= large | maxDets=1000 ] = 0.423

2026-05-09 08:54:31,139 - mmdet - INFO - Exp name: fold_1_swin_t_3x_hbb.py
2026-05-09 08:54:31,139 - mmdet - INFO - Epoch(val) [70][371]	bbox_mAP: 0.2260, bbox_mAP_50: 0.6310, bbox_mAP_75: 0.0880, bbox_mAP_s: 0.0630, bbox_mAP_m: 0.1890, bbox_mAP_l: 0.2790, bbox_mAP_copypaste: 0.226 0.631 0.088 0.063 0.189 0.279
2026-05-09 08:55:04,546 - mmdet - INFO - Epoch [71][50/186]	lr: 8.729e-05, eta: 6:03:16, time: 0.668, data_time: 0.066, memory: 7556, loss_cls: 0.0806, loss_bbox: 0.1814, loss_centerness: 0.5539, loss: 0.8159, grad_norm: 4.6180
2026-05-09 08:55:35,256 - mmdet - INFO - Epoch [71][100/186]	lr: 8.729e-05, eta: 6:03:08, time: 0.614, data_time: 0.012, memory: 7556, loss_cls: 0.0638, loss_bbox: 0.1729, loss_centerness: 0.5344, loss: 0.7711, grad_norm: 3.9567
2026-05-09 08:56:06,022 - mmdet - INFO - Epoch [71][150/186]	lr: 8.729e-05, eta: 6:02:59, time: 0.615, data_time: 0.012, memory: 7556, loss_cls: 0.0861, loss_bbox: 0.1743, loss_centerness: 0.5430, loss: 0.8034, grad_norm: 3.7916
2026-05-09 08:57:01,692 - mmdet - INFO - Epoch [72][50/186]	lr: 8.694e-05, eta: 6:01:41, time: 0.668, data_time: 0.067, memory: 7556, loss_cls: 0.0655, loss_bbox: 0.1516, loss_centerness: 0.5243, loss: 0.7414, grad_norm: 3.5986
2026-05-09 08:57:32,412 - mmdet - INFO - Epoch [72][100/186]	lr: 8.694e-05, eta: 6:01:32, time: 0.614, data_time: 0.012, memory: 7556, loss_cls: 0.0693, loss_bbox: 0.1645, loss_centerness: 0.5223, loss: 0.7561, grad_norm: 3.3661
2026-05-09 08:58:03,275 - mmdet - INFO - Epoch [72][150/186]	lr: 8.694e-05, eta: 6:01:24, time: 0.617, data_time: 0.012, memory: 7556, loss_cls: 0.0698, loss_bbox: 0.1566, loss_centerness: 0.5366, loss: 0.7630, grad_norm: 3.3545
2026-05-09 08:58:59,180 - mmdet - INFO - Epoch [73][50/186]	lr: 8.658e-05, eta: 6:00:07, time: 0.671, data_time: 0.067, memory: 7556, loss_cls: 0.0707, loss_bbox: 0.1750, loss_centerness: 0.5440, loss: 0.7897, grad_norm: 4.0012
2026-05-09 08:59:29,956 - mmdet - INFO - Epoch [73][100/186]	lr: 8.658e-05, eta: 5:59:58, time: 0.616, data_time: 0.012, memory: 7556, loss_cls: 0.0627, loss_bbox: 0.1636, loss_centerness: 0.5466, loss: 0.7729, grad_norm: 4.0495
2026-05-09 09:00:00,743 - mmdet - INFO - Epoch [73][150/186]	lr: 8.658e-05, eta: 5:59:49, time: 0.616, data_time: 0.012, memory: 7556, loss_cls: 0.0753, loss_bbox: 0.1780, loss_centerness: 0.5371, loss: 0.7904, grad_norm: 3.6749
2026-05-09 09:00:56,727 - mmdet - INFO - Epoch [74][50/186]	lr: 8.623e-05, eta: 5:58:33, time: 0.674, data_time: 0.067, memory: 7556, loss_cls: 0.0796, loss_bbox: 0.1618, loss_centerness: 0.5355, loss: 0.7770, grad_norm: 3.5628
2026-05-09 09:01:27,430 - mmdet - INFO - Epoch [74][100/186]	lr: 8.623e-05, eta: 5:58:24, time: 0.614, data_time: 0.012, memory: 7556, loss_cls: 0.1253, loss_bbox: 0.1673, loss_centerness: 0.5245, loss: 0.8171, grad_norm: 4.3609
2026-05-09 09:01:58,207 - mmdet - INFO - Epoch [74][150/186]	lr: 8.623e-05, eta: 5:58:14, time: 0.616, data_time: 0.012, memory: 7556, loss_cls: 0.0953, loss_bbox: 0.1724, loss_centerness: 0.5481, loss: 0.8158, grad_norm: 4.3845
2026-05-09 09:02:54,010 - mmdet - INFO - Epoch [75][50/186]	lr: 8.587e-05, eta: 5:56:59, time: 0.672, data_time: 0.067, memory: 7556, loss_cls: 0.1023, loss_bbox: 0.1860, loss_centerness: 0.5611, loss: 0.8494, grad_norm: 3.7014
2026-05-09 09:03:24,792 - mmdet - INFO - Epoch [75][100/186]	lr: 8.587e-05, eta: 5:56:50, time: 0.616, data_time: 0.012, memory: 7556, loss_cls: 0.0695, loss_bbox: 0.1610, loss_centerness: 0.5331, loss: 0.7635, grad_norm: 3.5214
2026-05-09 09:03:55,306 - mmdet - INFO - Epoch [75][150/186]	lr: 8.587e-05, eta: 5:56:39, time: 0.610, data_time: 0.011, memory: 7556, loss_cls: 0.0586, loss_bbox: 0.1440, loss_centerness: 0.5207, loss: 0.7234, grad_norm: 3.4791
2026-05-09 09:04:45,092 - mmdet - INFO - Evaluating bbox...
2026-05-09 09:04:48,159 - mmdet - INFO - 
 Average Precision  (AP) @[ IoU=0.50:0.95 | area=   all | maxDets=100 ] = 0.226
 Average Precision  (AP) @[ IoU=0.50      | area=   all | maxDets=1000 ] = 0.632
 Average Precision  (AP) @[ IoU=0.75      | area=   all | maxDets=1000 ] = 0.083
 Average Precision  (AP) @[ IoU=0.50:0.95 | area= small | maxDets=1000 ] = 0.039
 Average Precision  (AP) @[ IoU=0.50:0.95 | area=medium | maxDets=1000 ] = 0.187
 Average Precision  (AP) @[ IoU=0.50:0.95 | area= large | maxDets=1000 ] = 0.288
 Average Recall     (AR) @[ IoU=0.50:0.95 | area=   all | maxDets=100 ] = 0.363
 Average Recall     (AR) @[ IoU=0.50:0.95 | area=   all | maxDets=300 ] = 0.363
 Average Recall     (AR) @[ IoU=0.50:0.95 | area=   all | maxDets=1000 ] = 0.363
 Average Recall     (AR) @[ IoU=0.50:0.95 | area= small | maxDets=1000 ] = 0.072
 Average Recall     (AR) @[ IoU=0.50:0.95 | area=medium | maxDets=1000 ] = 0.322
 Average Recall     (AR) @[ IoU=0.50:0.95 | area= large | maxDets=1000 ] = 0.422

2026-05-09 09:04:48,164 - mmdet - INFO - Exp name: fold_1_swin_t_3x_hbb.py
2026-05-09 09:04:48,164 - mmdet - INFO - Epoch(val) [75][371]	bbox_mAP: 0.2260, bbox_mAP_50: 0.6320, bbox_mAP_75: 0.0830, bbox_mAP_s: 0.0390, bbox_mAP_m: 0.1870, bbox_mAP_l: 0.2880, bbox_mAP_copypaste: 0.226 0.632 0.083 0.039 0.187 0.288
2026-05-09 09:05:21,608 - mmdet - INFO - Exp name: fold_1_swin_t_3x_hbb.py
2026-05-09 09:05:21,608 - mmdet - INFO - Epoch [76][50/186]	lr: 8.550e-05, eta: 5:55:24, time: 0.669, data_time: 0.066, memory: 7556, loss_cls: 0.0645, loss_bbox: 0.1454, loss_centerness: 0.5094, loss: 0.7193, grad_norm: 3.0912
2026-05-09 09:05:52,269 - mmdet - INFO - Epoch [76][100/186]	lr: 8.550e-05, eta: 5:55:13, time: 0.613, data_time: 0.012, memory: 7556, loss_cls: 0.0698, loss_bbox: 0.1702, loss_centerness: 0.5589, loss: 0.7988, grad_norm: 3.2453
2026-05-09 09:06:22,982 - mmdet - INFO - Epoch [76][150/186]	lr: 8.550e-05, eta: 5:55:03, time: 0.614, data_time: 0.012, memory: 7556, loss_cls: 0.0584, loss_bbox: 0.1685, loss_centerness: 0.5445, loss: 0.7714, grad_norm: 3.3565
2026-05-09 09:07:18,878 - mmdet - INFO - Epoch [77][50/186]	lr: 8.513e-05, eta: 5:53:49, time: 0.670, data_time: 0.067, memory: 7556, loss_cls: 0.0600, loss_bbox: 0.1454, loss_centerness: 0.5075, loss: 0.7128, grad_norm: 3.2861
2026-05-09 09:07:49,704 - mmdet - INFO - Epoch [77][100/186]	lr: 8.513e-05, eta: 5:53:39, time: 0.617, data_time: 0.012, memory: 7556, loss_cls: 0.0683, loss_bbox: 0.1696, loss_centerness: 0.5288, loss: 0.7667, grad_norm: 3.5460
2026-05-09 09:08:20,272 - mmdet - INFO - Epoch [77][150/186]	lr: 8.513e-05, eta: 5:53:28, time: 0.611, data_time: 0.011, memory: 7556, loss_cls: 0.0688, loss_bbox: 0.1402, loss_centerness: 0.4912, loss: 0.7002, grad_norm: 3.6046
2026-05-09 09:09:16,129 - mmdet - INFO - Epoch [78][50/186]	lr: 8.476e-05, eta: 5:52:14, time: 0.672, data_time: 0.067, memory: 7556, loss_cls: 0.0638, loss_bbox: 0.1702, loss_centerness: 0.5531, loss: 0.7871, grad_norm: 3.1363
2026-05-09 09:09:46,687 - mmdet - INFO - Epoch [78][100/186]	lr: 8.476e-05, eta: 5:52:03, time: 0.611, data_time: 0.011, memory: 7556, loss_cls: 0.0840, loss_bbox: 0.1549, loss_centerness: 0.5362, loss: 0.7752, grad_norm: 3.8721
2026-05-09 09:10:17,593 - mmdet - INFO - Epoch [78][150/186]	lr: 8.476e-05, eta: 5:51:53, time: 0.618, data_time: 0.012, memory: 7556, loss_cls: 0.0731, loss_bbox: 0.1583, loss_centerness: 0.5113, loss: 0.7427, grad_norm: 3.7209
2026-05-09 09:11:13,178 - mmdet - INFO - Epoch [79][50/186]	lr: 8.439e-05, eta: 5:50:39, time: 0.667, data_time: 0.066, memory: 7556, loss_cls: 0.0598, loss_bbox: 0.1622, loss_centerness: 0.5087, loss: 0.7308, grad_norm: 3.4480
2026-05-09 09:11:44,022 - mmdet - INFO - Epoch [79][100/186]	lr: 8.439e-05, eta: 5:50:29, time: 0.617, data_time: 0.012, memory: 7556, loss_cls: 0.0618, loss_bbox: 0.1555, loss_centerness: 0.5576, loss: 0.7749, grad_norm: 3.1137
2026-05-09 09:12:14,737 - mmdet - INFO - Epoch [79][150/186]	lr: 8.439e-05, eta: 5:50:18, time: 0.614, data_time: 0.011, memory: 7556, loss_cls: 0.0674, loss_bbox: 0.1873, loss_centerness: 0.5413, loss: 0.7961, grad_norm: 3.3458
2026-05-09 09:13:10,515 - mmdet - INFO - Epoch [80][50/186]	lr: 8.401e-05, eta: 5:49:05, time: 0.669, data_time: 0.067, memory: 7556, loss_cls: 0.0644, loss_bbox: 0.1560, loss_centerness: 0.5318, loss: 0.7522, grad_norm: 4.0899
2026-05-09 09:13:41,258 - mmdet - INFO - Epoch [80][100/186]	lr: 8.401e-05, eta: 5:48:54, time: 0.615, data_time: 0.011, memory: 7556, loss_cls: 0.0594, loss_bbox: 0.1561, loss_centerness: 0.5408, loss: 0.7564, grad_norm: 3.6173
2026-05-09 09:14:12,072 - mmdet - INFO - Epoch [80][150/186]	lr: 8.401e-05, eta: 5:48:43, time: 0.616, data_time: 0.012, memory: 7556, loss_cls: 0.0569, loss_bbox: 0.1644, loss_centerness: 0.5550, loss: 0.7763, grad_norm: 3.4527
2026-05-09 09:14:34,400 - mmdet - INFO - Saving checkpoint at 80 epochs
2026-05-09 09:15:03,518 - mmdet - INFO - Evaluating bbox...
2026-05-09 09:15:06,789 - mmdet - INFO - 
 Average Precision  (AP) @[ IoU=0.50:0.95 | area=   all | maxDets=100 ] = 0.225
 Average Precision  (AP) @[ IoU=0.50      | area=   all | maxDets=1000 ] = 0.639
 Average Precision  (AP) @[ IoU=0.75      | area=   all | maxDets=1000 ] = 0.091
 Average Precision  (AP) @[ IoU=0.50:0.95 | area= small | maxDets=1000 ] = 0.047
 Average Precision  (AP) @[ IoU=0.50:0.95 | area=medium | maxDets=1000 ] = 0.185
 Average Precision  (AP) @[ IoU=0.50:0.95 | area= large | maxDets=1000 ] = 0.285
 Average Recall     (AR) @[ IoU=0.50:0.95 | area=   all | maxDets=100 ] = 0.356
 Average Recall     (AR) @[ IoU=0.50:0.95 | area=   all | maxDets=300 ] = 0.356
 Average Recall     (AR) @[ IoU=0.50:0.95 | area=   all | maxDets=1000 ] = 0.356
 Average Recall     (AR) @[ IoU=0.50:0.95 | area= small | maxDets=1000 ] = 0.069
 Average Recall     (AR) @[ IoU=0.50:0.95 | area=medium | maxDets=1000 ] = 0.309
 Average Recall     (AR) @[ IoU=0.50:0.95 | area= large | maxDets=1000 ] = 0.424

2026-05-09 09:15:06,794 - mmdet - INFO - Exp name: fold_1_swin_t_3x_hbb.py
2026-05-09 09:15:06,794 - mmdet - INFO - Epoch(val) [80][371]	bbox_mAP: 0.2250, bbox_mAP_50: 0.6390, bbox_mAP_75: 0.0910, bbox_mAP_s: 0.0470, bbox_mAP_m: 0.1850, bbox_mAP_l: 0.2850, bbox_mAP_copypaste: 0.225 0.639 0.091 0.047 0.185 0.285
2026-05-09 09:15:40,152 - mmdet - INFO - Epoch [81][50/186]	lr: 8.362e-05, eta: 5:47:30, time: 0.667, data_time: 0.067, memory: 7556, loss_cls: 0.0693, loss_bbox: 0.1553, loss_centerness: 0.5182, loss: 0.7427, grad_norm: 3.8775
2026-05-09 09:16:10,840 - mmdet - INFO - Epoch [81][100/186]	lr: 8.362e-05, eta: 5:47:18, time: 0.614, data_time: 0.012, memory: 7556, loss_cls: 0.0586, loss_bbox: 0.1536, loss_centerness: 0.5403, loss: 0.7526, grad_norm: 3.6595
2026-05-09 09:16:41,506 - mmdet - INFO - Epoch [81][150/186]	lr: 8.362e-05, eta: 5:47:07, time: 0.613, data_time: 0.012, memory: 7556, loss_cls: 0.0573, loss_bbox: 0.1554, loss_centerness: 0.5244, loss: 0.7372, grad_norm: 3.6333
2026-05-09 09:17:37,471 - mmdet - INFO - Epoch [82][50/186]	lr: 8.323e-05, eta: 5:45:55, time: 0.671, data_time: 0.067, memory: 7556, loss_cls: 0.0658, loss_bbox: 0.1510, loss_centerness: 0.5123, loss: 0.7290, grad_norm: 3.4849
2026-05-09 09:18:08,192 - mmdet - INFO - Epoch [82][100/186]	lr: 8.323e-05, eta: 5:45:43, time: 0.614, data_time: 0.012, memory: 7556, loss_cls: 0.1180, loss_bbox: 0.1670, loss_centerness: 0.5245, loss: 0.8096, grad_norm: 4.2973
2026-05-09 09:18:38,993 - mmdet - INFO - Epoch [82][150/186]	lr: 8.323e-05, eta: 5:45:32, time: 0.616, data_time: 0.012, memory: 7556, loss_cls: 0.0841, loss_bbox: 0.1464, loss_centerness: 0.5268, loss: 0.7572, grad_norm: 4.0209
2026-05-09 09:19:34,685 - mmdet - INFO - Epoch [83][50/186]	lr: 8.284e-05, eta: 5:44:20, time: 0.669, data_time: 0.066, memory: 7556, loss_cls: 0.0625, loss_bbox: 0.1647, loss_centerness: 0.5367, loss: 0.7640, grad_norm: 3.6095
2026-05-09 09:20:05,584 - mmdet - INFO - Epoch [83][100/186]	lr: 8.284e-05, eta: 5:44:09, time: 0.618, data_time: 0.012, memory: 7556, loss_cls: 0.0675, loss_bbox: 0.1531, loss_centerness: 0.5357, loss: 0.7563, grad_norm: 3.8296
2026-05-09 09:20:36,214 - mmdet - INFO - Epoch [83][150/186]	lr: 8.284e-05, eta: 5:43:57, time: 0.612, data_time: 0.011, memory: 7556, loss_cls: 0.0641, loss_bbox: 0.1493, loss_centerness: 0.5074, loss: 0.7208, grad_norm: 3.8464
2026-05-09 09:21:32,033 - mmdet - INFO - Epoch [84][50/186]	lr: 8.245e-05, eta: 5:42:46, time: 0.670, data_time: 0.067, memory: 7556, loss_cls: 0.0642, loss_bbox: 0.1523, loss_centerness: 0.5261, loss: 0.7426, grad_norm: 3.7240
2026-05-09 09:22:02,757 - mmdet - INFO - Epoch [84][100/186]	lr: 8.245e-05, eta: 5:42:34, time: 0.614, data_time: 0.012, memory: 7556, loss_cls: 0.0774, loss_bbox: 0.1617, loss_centerness: 0.5411, loss: 0.7802, grad_norm: 3.7129
2026-05-09 09:22:33,478 - mmdet - INFO - Epoch [84][150/186]	lr: 8.245e-05, eta: 5:42:21, time: 0.615, data_time: 0.012, memory: 7556, loss_cls: 0.0742, loss_bbox: 0.1539, loss_centerness: 0.5263, loss: 0.7544, grad_norm: 3.6861
2026-05-09 09:23:29,336 - mmdet - INFO - Epoch [85][50/186]	lr: 8.205e-05, eta: 5:41:11, time: 0.670, data_time: 0.067, memory: 7556, loss_cls: 0.0625, loss_bbox: 0.1559, loss_centerness: 0.5344, loss: 0.7528, grad_norm: 3.1015
2026-05-09 09:24:00,034 - mmdet - INFO - Epoch [85][100/186]	lr: 8.205e-05, eta: 5:40:59, time: 0.614, data_time: 0.012, memory: 7556, loss_cls: 0.0513, loss_bbox: 0.1366, loss_centerness: 0.5151, loss: 0.7030, grad_norm: 3.4009
2026-05-09 09:24:30,738 - mmdet - INFO - Epoch [85][150/186]	lr: 8.205e-05, eta: 5:40:46, time: 0.614, data_time: 0.012, memory: 7556, loss_cls: 0.0647, loss_bbox: 0.1613, loss_centerness: 0.5312, loss: 0.7572, grad_norm: 3.4001
2026-05-09 09:25:20,635 - mmdet - INFO - Evaluating bbox...
2026-05-09 09:25:23,788 - mmdet - INFO - 
 Average Precision  (AP) @[ IoU=0.50:0.95 | area=   all | maxDets=100 ] = 0.227
 Average Precision  (AP) @[ IoU=0.50      | area=   all | maxDets=1000 ] = 0.639
 Average Precision  (AP) @[ IoU=0.75      | area=   all | maxDets=1000 ] = 0.093
 Average Precision  (AP) @[ IoU=0.50:0.95 | area= small | maxDets=1000 ] = 0.050
 Average Precision  (AP) @[ IoU=0.50:0.95 | area=medium | maxDets=1000 ] = 0.194
 Average Precision  (AP) @[ IoU=0.50:0.95 | area= large | maxDets=1000 ] = 0.279
 Average Recall     (AR) @[ IoU=0.50:0.95 | area=   all | maxDets=100 ] = 0.358
 Average Recall     (AR) @[ IoU=0.50:0.95 | area=   all | maxDets=300 ] = 0.358
 Average Recall     (AR) @[ IoU=0.50:0.95 | area=   all | maxDets=1000 ] = 0.358
 Average Recall     (AR) @[ IoU=0.50:0.95 | area= small | maxDets=1000 ] = 0.079
 Average Recall     (AR) @[ IoU=0.50:0.95 | area=medium | maxDets=1000 ] = 0.321
 Average Recall     (AR) @[ IoU=0.50:0.95 | area= large | maxDets=1000 ] = 0.413

2026-05-09 09:25:23,793 - mmdet - INFO - Exp name: fold_1_swin_t_3x_hbb.py
2026-05-09 09:25:23,793 - mmdet - INFO - Epoch(val) [85][371]	bbox_mAP: 0.2270, bbox_mAP_50: 0.6390, bbox_mAP_75: 0.0930, bbox_mAP_s: 0.0500, bbox_mAP_m: 0.1940, bbox_mAP_l: 0.2790, bbox_mAP_copypaste: 0.227 0.639 0.093 0.050 0.194 0.279
2026-05-09 09:25:57,214 - mmdet - INFO - Epoch [86][50/186]	lr: 8.165e-05, eta: 5:39:36, time: 0.668, data_time: 0.067, memory: 7556, loss_cls: 0.0620, loss_bbox: 0.1458, loss_centerness: 0.4993, loss: 0.7070, grad_norm: 3.2672
2026-05-09 09:26:27,938 - mmdet - INFO - Epoch [86][100/186]	lr: 8.165e-05, eta: 5:39:23, time: 0.614, data_time: 0.012, memory: 7556, loss_cls: 0.0573, loss_bbox: 0.1510, loss_centerness: 0.5288, loss: 0.7372, grad_norm: 3.2162
2026-05-09 09:26:58,602 - mmdet - INFO - Epoch [86][150/186]	lr: 8.165e-05, eta: 5:39:11, time: 0.613, data_time: 0.012, memory: 7556, loss_cls: 0.0723, loss_bbox: 0.1607, loss_centerness: 0.5355, loss: 0.7686, grad_norm: 3.9235
2026-05-09 09:27:54,426 - mmdet - INFO - Epoch [87][50/186]	lr: 8.125e-05, eta: 5:38:01, time: 0.669, data_time: 0.067, memory: 7556, loss_cls: 0.0693, loss_bbox: 0.1647, loss_centerness: 0.5406, loss: 0.7746, grad_norm: 3.5060
2026-05-09 09:28:25,190 - mmdet - INFO - Epoch [87][100/186]	lr: 8.125e-05, eta: 5:37:48, time: 0.615, data_time: 0.012, memory: 7556, loss_cls: 0.0567, loss_bbox: 0.1430, loss_centerness: 0.5069, loss: 0.7065, grad_norm: 3.6165
2026-05-09 09:28:55,828 - mmdet - INFO - Epoch [87][150/186]	lr: 8.125e-05, eta: 5:37:35, time: 0.613, data_time: 0.011, memory: 7556, loss_cls: 0.0611, loss_bbox: 0.1484, loss_centerness: 0.5432, loss: 0.7528, grad_norm: 3.6310
2026-05-09 09:29:51,568 - mmdet - INFO - Epoch [88][50/186]	lr: 8.084e-05, eta: 5:36:26, time: 0.669, data_time: 0.066, memory: 7556, loss_cls: 0.0511, loss_bbox: 0.1526, loss_centerness: 0.5615, loss: 0.7652, grad_norm: 3.7550
2026-05-09 09:30:22,341 - mmdet - INFO - Epoch [88][100/186]	lr: 8.084e-05, eta: 5:36:13, time: 0.615, data_time: 0.012, memory: 7556, loss_cls: 0.0580, loss_bbox: 0.1533, loss_centerness: 0.5267, loss: 0.7380, grad_norm: 3.6350
2026-05-09 09:30:53,153 - mmdet - INFO - Epoch [88][150/186]	lr: 8.084e-05, eta: 5:36:00, time: 0.616, data_time: 0.012, memory: 7556, loss_cls: 0.0722, loss_bbox: 0.1499, loss_centerness: 0.5254, loss: 0.7476, grad_norm: 3.6310
2026-05-09 09:31:49,054 - mmdet - INFO - Epoch [89][50/186]	lr: 8.043e-05, eta: 5:34:51, time: 0.671, data_time: 0.067, memory: 7556, loss_cls: 0.0677, loss_bbox: 0.1700, loss_centerness: 0.5396, loss: 0.7773, grad_norm: 3.3492
2026-05-09 09:32:19,858 - mmdet - INFO - Epoch [89][100/186]	lr: 8.043e-05, eta: 5:34:39, time: 0.616, data_time: 0.012, memory: 7556, loss_cls: 0.0430, loss_bbox: 0.1563, loss_centerness: 0.5368, loss: 0.7361, grad_norm: 3.5672
2026-05-09 09:32:50,517 - mmdet - INFO - Epoch [89][150/186]	lr: 8.043e-05, eta: 5:34:25, time: 0.613, data_time: 0.011, memory: 7556, loss_cls: 0.0760, loss_bbox: 0.1476, loss_centerness: 0.5050, loss: 0.7286, grad_norm: 3.6852
2026-05-09 09:33:46,385 - mmdet - INFO - Epoch [90][50/186]	lr: 8.001e-05, eta: 5:33:17, time: 0.672, data_time: 0.067, memory: 7556, loss_cls: 0.0605, loss_bbox: 0.1503, loss_centerness: 0.5221, loss: 0.7329, grad_norm: 2.8764
2026-05-09 09:34:17,116 - mmdet - INFO - Epoch [90][100/186]	lr: 8.001e-05, eta: 5:33:04, time: 0.614, data_time: 0.011, memory: 7556, loss_cls: 0.0527, loss_bbox: 0.1442, loss_centerness: 0.5273, loss: 0.7242, grad_norm: 2.9344
2026-05-09 09:34:47,916 - mmdet - INFO - Epoch [90][150/186]	lr: 8.001e-05, eta: 5:32:51, time: 0.616, data_time: 0.012, memory: 7556, loss_cls: 0.0509, loss_bbox: 0.1509, loss_centerness: 0.5468, loss: 0.7486, grad_norm: 3.2000
2026-05-09 09:35:10,094 - mmdet - INFO - Saving checkpoint at 90 epochs
2026-05-09 09:35:39,320 - mmdet - INFO - Evaluating bbox...
2026-05-09 09:35:42,462 - mmdet - INFO - 
 Average Precision  (AP) @[ IoU=0.50:0.95 | area=   all | maxDets=100 ] = 0.217
 Average Precision  (AP) @[ IoU=0.50      | area=   all | maxDets=1000 ] = 0.631
 Average Precision  (AP) @[ IoU=0.75      | area=   all | maxDets=1000 ] = 0.076
 Average Precision  (AP) @[ IoU=0.50:0.95 | area= small | maxDets=1000 ] = 0.033
 Average Precision  (AP) @[ IoU=0.50:0.95 | area=medium | maxDets=1000 ] = 0.186
 Average Precision  (AP) @[ IoU=0.50:0.95 | area= large | maxDets=1000 ] = 0.270
 Average Recall     (AR) @[ IoU=0.50:0.95 | area=   all | maxDets=100 ] = 0.356
 Average Recall     (AR) @[ IoU=0.50:0.95 | area=   all | maxDets=300 ] = 0.356
 Average Recall     (AR) @[ IoU=0.50:0.95 | area=   all | maxDets=1000 ] = 0.356
 Average Recall     (AR) @[ IoU=0.50:0.95 | area= small | maxDets=1000 ] = 0.072
 Average Recall     (AR) @[ IoU=0.50:0.95 | area=medium | maxDets=1000 ] = 0.331
 Average Recall     (AR) @[ IoU=0.50:0.95 | area= large | maxDets=1000 ] = 0.397

2026-05-09 09:35:42,468 - mmdet - INFO - Exp name: fold_1_swin_t_3x_hbb.py
2026-05-09 09:35:42,468 - mmdet - INFO - Epoch(val) [90][371]	bbox_mAP: 0.2170, bbox_mAP_50: 0.6310, bbox_mAP_75: 0.0760, bbox_mAP_s: 0.0330, bbox_mAP_m: 0.1860, bbox_mAP_l: 0.2700, bbox_mAP_copypaste: 0.217 0.631 0.076 0.033 0.186 0.270
2026-05-09 09:36:15,904 - mmdet - INFO - Epoch [91][50/186]	lr: 7.960e-05, eta: 5:31:42, time: 0.668, data_time: 0.067, memory: 7556, loss_cls: 0.0434, loss_bbox: 0.1434, loss_centerness: 0.5156, loss: 0.7023, grad_norm: 3.1137
2026-05-09 09:36:46,581 - mmdet - INFO - Epoch [91][100/186]	lr: 7.960e-05, eta: 5:31:29, time: 0.614, data_time: 0.012, memory: 7556, loss_cls: 0.0469, loss_bbox: 0.1471, loss_centerness: 0.5291, loss: 0.7231, grad_norm: 3.2615
2026-05-09 09:37:17,306 - mmdet - INFO - Epoch [91][150/186]	lr: 7.960e-05, eta: 5:31:15, time: 0.614, data_time: 0.012, memory: 7556, loss_cls: 0.0499, loss_bbox: 0.1455, loss_centerness: 0.5205, loss: 0.7159, grad_norm: 3.2436
2026-05-09 09:38:13,041 - mmdet - INFO - Epoch [92][50/186]	lr: 7.917e-05, eta: 5:30:07, time: 0.670, data_time: 0.066, memory: 7556, loss_cls: 0.0368, loss_bbox: 0.1564, loss_centerness: 0.5468, loss: 0.7400, grad_norm: 3.4343
2026-05-09 09:38:43,723 - mmdet - INFO - Epoch [92][100/186]	lr: 7.917e-05, eta: 5:29:54, time: 0.613, data_time: 0.011, memory: 7556, loss_cls: 0.0405, loss_bbox: 0.1430, loss_centerness: 0.5284, loss: 0.7120, grad_norm: 3.3135
2026-05-09 09:39:14,542 - mmdet - INFO - Epoch [92][150/186]	lr: 7.917e-05, eta: 5:29:40, time: 0.617, data_time: 0.012, memory: 7556, loss_cls: 0.0571, loss_bbox: 0.1584, loss_centerness: 0.5492, loss: 0.7647, grad_norm: 3.3523
2026-05-09 09:40:10,185 - mmdet - INFO - Epoch [93][50/186]	lr: 7.875e-05, eta: 5:28:33, time: 0.669, data_time: 0.067, memory: 7556, loss_cls: 0.0403, loss_bbox: 0.1403, loss_centerness: 0.5165, loss: 0.6971, grad_norm: 2.8501
2026-05-09 09:40:40,906 - mmdet - INFO - Epoch [93][100/186]	lr: 7.875e-05, eta: 5:28:19, time: 0.615, data_time: 0.012, memory: 7556, loss_cls: 0.0336, loss_bbox: 0.1432, loss_centerness: 0.5247, loss: 0.7015, grad_norm: 3.3837
2026-05-09 09:41:11,636 - mmdet - INFO - Epoch [93][150/186]	lr: 7.875e-05, eta: 5:28:05, time: 0.614, data_time: 0.011, memory: 7556, loss_cls: 0.0497, loss_bbox: 0.1600, loss_centerness: 0.5526, loss: 0.7622, grad_norm: 3.2335
2026-05-09 09:42:07,474 - mmdet - INFO - Epoch [94][50/186]	lr: 7.832e-05, eta: 5:26:58, time: 0.670, data_time: 0.066, memory: 7556, loss_cls: 0.0437, loss_bbox: 0.1417, loss_centerness: 0.5233, loss: 0.7086, grad_norm: 3.0812
2026-05-09 09:42:38,240 - mmdet - INFO - Epoch [94][100/186]	lr: 7.832e-05, eta: 5:26:44, time: 0.615, data_time: 0.012, memory: 7556, loss_cls: 0.0471, loss_bbox: 0.1408, loss_centerness: 0.5454, loss: 0.7333, grad_norm: 3.5265
2026-05-09 09:43:08,991 - mmdet - INFO - Epoch [94][150/186]	lr: 7.832e-05, eta: 5:26:30, time: 0.615, data_time: 0.012, memory: 7556, loss_cls: 0.0497, loss_bbox: 0.1380, loss_centerness: 0.4934, loss: 0.6811, grad_norm: 3.4687
2026-05-09 09:44:04,758 - mmdet - INFO - Epoch [95][50/186]	lr: 7.789e-05, eta: 5:25:23, time: 0.669, data_time: 0.067, memory: 7556, loss_cls: 0.0534, loss_bbox: 0.1409, loss_centerness: 0.5183, loss: 0.7126, grad_norm: 3.5087
2026-05-09 09:44:35,532 - mmdet - INFO - Epoch [95][100/186]	lr: 7.789e-05, eta: 5:25:09, time: 0.616, data_time: 0.012, memory: 7556, loss_cls: 0.0431, loss_bbox: 0.1489, loss_centerness: 0.5215, loss: 0.7136, grad_norm: 3.4606
2026-05-09 09:45:06,165 - mmdet - INFO - Epoch [95][150/186]	lr: 7.789e-05, eta: 5:24:55, time: 0.612, data_time: 0.011, memory: 7556, loss_cls: 0.0547, loss_bbox: 0.1370, loss_centerness: 0.5064, loss: 0.6981, grad_norm: 3.4559
2026-05-09 09:45:55,880 - mmdet - INFO - Evaluating bbox...
2026-05-09 09:45:58,961 - mmdet - INFO - 
 Average Precision  (AP) @[ IoU=0.50:0.95 | area=   all | maxDets=100 ] = 0.223
 Average Precision  (AP) @[ IoU=0.50      | area=   all | maxDets=1000 ] = 0.630
 Average Precision  (AP) @[ IoU=0.75      | area=   all | maxDets=1000 ] = 0.085
 Average Precision  (AP) @[ IoU=0.50:0.95 | area= small | maxDets=1000 ] = 0.017
 Average Precision  (AP) @[ IoU=0.50:0.95 | area=medium | maxDets=1000 ] = 0.186
 Average Precision  (AP) @[ IoU=0.50:0.95 | area= large | maxDets=1000 ] = 0.282
 Average Recall     (AR) @[ IoU=0.50:0.95 | area=   all | maxDets=100 ] = 0.362
 Average Recall     (AR) @[ IoU=0.50:0.95 | area=   all | maxDets=300 ] = 0.362
 Average Recall     (AR) @[ IoU=0.50:0.95 | area=   all | maxDets=1000 ] = 0.362
 Average Recall     (AR) @[ IoU=0.50:0.95 | area= small | maxDets=1000 ] = 0.059
 Average Recall     (AR) @[ IoU=0.50:0.95 | area=medium | maxDets=1000 ] = 0.313
 Average Recall     (AR) @[ IoU=0.50:0.95 | area= large | maxDets=1000 ] = 0.433

2026-05-09 09:45:58,966 - mmdet - INFO - Exp name: fold_1_swin_t_3x_hbb.py
2026-05-09 09:45:58,966 - mmdet - INFO - Epoch(val) [95][371]	bbox_mAP: 0.2230, bbox_mAP_50: 0.6300, bbox_mAP_75: 0.0850, bbox_mAP_s: 0.0170, bbox_mAP_m: 0.1860, bbox_mAP_l: 0.2820, bbox_mAP_copypaste: 0.223 0.630 0.085 0.017 0.186 0.282
2026-05-09 09:46:32,345 - mmdet - INFO - Epoch [96][50/186]	lr: 7.746e-05, eta: 5:23:48, time: 0.667, data_time: 0.066, memory: 7556, loss_cls: 0.0448, loss_bbox: 0.1337, loss_centerness: 0.5003, loss: 0.6789, grad_norm: 3.3832
2026-05-09 09:47:03,033 - mmdet - INFO - Epoch [96][100/186]	lr: 7.746e-05, eta: 5:23:33, time: 0.614, data_time: 0.012, memory: 7556, loss_cls: 0.0567, loss_bbox: 0.1469, loss_centerness: 0.5422, loss: 0.7459, grad_norm: 3.4791
2026-05-09 09:47:33,837 - mmdet - INFO - Epoch [96][150/186]	lr: 7.746e-05, eta: 5:23:19, time: 0.616, data_time: 0.012, memory: 7556, loss_cls: 0.0452, loss_bbox: 0.1408, loss_centerness: 0.5222, loss: 0.7082, grad_norm: 3.3501
2026-05-09 09:48:29,550 - mmdet - INFO - Epoch [97][50/186]	lr: 7.702e-05, eta: 5:22:13, time: 0.669, data_time: 0.067, memory: 7556, loss_cls: 0.0351, loss_bbox: 0.1474, loss_centerness: 0.5461, loss: 0.7286, grad_norm: 3.9046
2026-05-09 09:49:00,262 - mmdet - INFO - Epoch [97][100/186]	lr: 7.702e-05, eta: 5:21:59, time: 0.614, data_time: 0.012, memory: 7556, loss_cls: 0.0454, loss_bbox: 0.1493, loss_centerness: 0.5525, loss: 0.7472, grad_norm: 3.6655
2026-05-09 09:49:31,045 - mmdet - INFO - Epoch [97][150/186]	lr: 7.702e-05, eta: 5:21:44, time: 0.615, data_time: 0.012, memory: 7556, loss_cls: 0.0473, loss_bbox: 0.1429, loss_centerness: 0.5438, loss: 0.7340, grad_norm: 3.3294
2026-05-09 09:50:26,772 - mmdet - INFO - Epoch [98][50/186]	lr: 7.658e-05, eta: 5:20:38, time: 0.669, data_time: 0.066, memory: 7556, loss_cls: 0.0489, loss_bbox: 0.1378, loss_centerness: 0.5397, loss: 0.7264, grad_norm: 3.1450
2026-05-09 09:50:57,607 - mmdet - INFO - Epoch [98][100/186]	lr: 7.658e-05, eta: 5:20:24, time: 0.617, data_time: 0.012, memory: 7556, loss_cls: 0.0731, loss_bbox: 0.1486, loss_centerness: 0.5323, loss: 0.7539, grad_norm: 3.3165
2026-05-09 09:51:28,342 - mmdet - INFO - Epoch [98][150/186]	lr: 7.658e-05, eta: 5:20:09, time: 0.615, data_time: 0.012, memory: 7556, loss_cls: 0.0434, loss_bbox: 0.1454, loss_centerness: 0.5475, loss: 0.7363, grad_norm: 3.2171
2026-05-09 09:52:24,087 - mmdet - INFO - Epoch [99][50/186]	lr: 7.614e-05, eta: 5:19:04, time: 0.669, data_time: 0.067, memory: 7556, loss_cls: 0.0452, loss_bbox: 0.1311, loss_centerness: 0.5459, loss: 0.7222, grad_norm: 3.2425
2026-05-09 09:52:54,693 - mmdet - INFO - Epoch [99][100/186]	lr: 7.614e-05, eta: 5:18:49, time: 0.612, data_time: 0.011, memory: 7556, loss_cls: 0.0299, loss_bbox: 0.1343, loss_centerness: 0.5170, loss: 0.6812, grad_norm: 3.2258
2026-05-09 09:53:25,494 - mmdet - INFO - Epoch [99][150/186]	lr: 7.614e-05, eta: 5:18:34, time: 0.616, data_time: 0.012, memory: 7556, loss_cls: 0.0379, loss_bbox: 0.1414, loss_centerness: 0.5350, loss: 0.7143, grad_norm: 3.3410
2026-05-09 09:54:21,368 - mmdet - INFO - Epoch [100][50/186]	lr: 7.570e-05, eta: 5:17:29, time: 0.672, data_time: 0.067, memory: 7556, loss_cls: 0.0368, loss_bbox: 0.1328, loss_centerness: 0.5389, loss: 0.7085, grad_norm: 2.7139
2026-05-09 09:54:52,035 - mmdet - INFO - Epoch [100][100/186]	lr: 7.570e-05, eta: 5:17:14, time: 0.613, data_time: 0.012, memory: 7556, loss_cls: 0.0423, loss_bbox: 0.1475, loss_centerness: 0.5195, loss: 0.7093, grad_norm: 2.9278
2026-05-09 09:55:22,835 - mmdet - INFO - Epoch [100][150/186]	lr: 7.570e-05, eta: 5:16:59, time: 0.616, data_time: 0.012, memory: 7556, loss_cls: 0.0417, loss_bbox: 0.1373, loss_centerness: 0.5347, loss: 0.7137, grad_norm: 3.0266
2026-05-09 09:55:45,061 - mmdet - INFO - Saving checkpoint at 100 epochs
2026-05-09 09:56:14,360 - mmdet - INFO - Evaluating bbox...
2026-05-09 09:56:17,059 - mmdet - INFO - 
 Average Precision  (AP) @[ IoU=0.50:0.95 | area=   all | maxDets=100 ] = 0.235
 Average Precision  (AP) @[ IoU=0.50      | area=   all | maxDets=1000 ] = 0.644
 Average Precision  (AP) @[ IoU=0.75      | area=   all | maxDets=1000 ] = 0.101
 Average Precision  (AP) @[ IoU=0.50:0.95 | area= small | maxDets=1000 ] = 0.025
 Average Precision  (AP) @[ IoU=0.50:0.95 | area=medium | maxDets=1000 ] = 0.196
 Average Precision  (AP) @[ IoU=0.50:0.95 | area= large | maxDets=1000 ] = 0.292
 Average Recall     (AR) @[ IoU=0.50:0.95 | area=   all | maxDets=100 ] = 0.358
 Average Recall     (AR) @[ IoU=0.50:0.95 | area=   all | maxDets=300 ] = 0.358
 Average Recall     (AR) @[ IoU=0.50:0.95 | area=   all | maxDets=1000 ] = 0.358
 Average Recall     (AR) @[ IoU=0.50:0.95 | area= small | maxDets=1000 ] = 0.048
 Average Recall     (AR) @[ IoU=0.50:0.95 | area=medium | maxDets=1000 ] = 0.311
 Average Recall     (AR) @[ IoU=0.50:0.95 | area= large | maxDets=1000 ] = 0.426

2026-05-09 09:56:17,176 - mmdet - INFO - The previous best checkpoint /home/ahmadreza/Downloads/Research/M2SODAI/baseline_official/runs_swin_hbb/swin_t_hbb_fold_1_20260509/best_bbox_mAP_epoch_60.pth was removed
2026-05-09 09:56:18,914 - mmdet - INFO - Now best checkpoint is saved as best_bbox_mAP_epoch_100.pth.
2026-05-09 09:56:18,915 - mmdet - INFO - Best bbox_mAP is 0.2350 at 100 epoch.
2026-05-09 09:56:18,915 - mmdet - INFO - Exp name: fold_1_swin_t_3x_hbb.py
2026-05-09 09:56:18,915 - mmdet - INFO - Epoch(val) [100][371]	bbox_mAP: 0.2350, bbox_mAP_50: 0.6440, bbox_mAP_75: 0.1010, bbox_mAP_s: 0.0250, bbox_mAP_m: 0.1960, bbox_mAP_l: 0.2920, bbox_mAP_copypaste: 0.235 0.644 0.101 0.025 0.196 0.292
2026-05-09 09:56:52,350 - mmdet - INFO - Epoch [101][50/186]	lr: 7.525e-05, eta: 5:15:54, time: 0.668, data_time: 0.067, memory: 7556, loss_cls: 0.0495, loss_bbox: 0.1343, loss_centerness: 0.5137, loss: 0.6975, grad_norm: 3.1304
2026-05-09 09:57:23,031 - mmdet - INFO - Epoch [101][100/186]	lr: 7.525e-05, eta: 5:15:39, time: 0.614, data_time: 0.012, memory: 7556, loss_cls: 0.0534, loss_bbox: 0.1320, loss_centerness: 0.5299, loss: 0.7152, grad_norm: 3.1583
2026-05-09 09:57:53,670 - mmdet - INFO - Epoch [101][150/186]	lr: 7.525e-05, eta: 5:15:23, time: 0.613, data_time: 0.012, memory: 7556, loss_cls: 0.0450, loss_bbox: 0.1420, loss_centerness: 0.5366, loss: 0.7236, grad_norm: 3.2914
2026-05-09 09:58:49,603 - mmdet - INFO - Epoch [102][50/186]	lr: 7.480e-05, eta: 5:14:19, time: 0.672, data_time: 0.067, memory: 7556, loss_cls: 0.0413, loss_bbox: 0.1392, loss_centerness: 0.5353, loss: 0.7158, grad_norm: 3.2654
2026-05-09 09:59:20,366 - mmdet - INFO - Epoch [102][100/186]	lr: 7.480e-05, eta: 5:14:04, time: 0.615, data_time: 0.012, memory: 7556, loss_cls: 0.0559, loss_bbox: 0.1447, loss_centerness: 0.5454, loss: 0.7459, grad_norm: 3.5050
2026-05-09 09:59:51,086 - mmdet - INFO - Epoch [102][150/186]	lr: 7.480e-05, eta: 5:13:48, time: 0.615, data_time: 0.012, memory: 7556, loss_cls: 0.0450, loss_bbox: 0.1411, loss_centerness: 0.5446, loss: 0.7307, grad_norm: 3.4001
2026-05-09 10:00:46,897 - mmdet - INFO - Epoch [103][50/186]	lr: 7.435e-05, eta: 5:12:44, time: 0.671, data_time: 0.067, memory: 7556, loss_cls: 0.0366, loss_bbox: 0.1405, loss_centerness: 0.5417, loss: 0.7188, grad_norm: 2.8695
2026-05-09 10:01:17,711 - mmdet - INFO - Epoch [103][100/186]	lr: 7.435e-05, eta: 5:12:29, time: 0.616, data_time: 0.012, memory: 7556, loss_cls: 0.0317, loss_bbox: 0.1219, loss_centerness: 0.5233, loss: 0.6770, grad_norm: 2.9298
2026-05-09 10:01:48,424 - mmdet - INFO - Epoch [103][150/186]	lr: 7.435e-05, eta: 5:12:14, time: 0.614, data_time: 0.012, memory: 7556, loss_cls: 0.0320, loss_bbox: 0.1310, loss_centerness: 0.5272, loss: 0.6902, grad_norm: 3.0522
2026-05-09 10:02:44,017 - mmdet - INFO - Epoch [104][50/186]	lr: 7.389e-05, eta: 5:11:10, time: 0.668, data_time: 0.067, memory: 7556, loss_cls: 0.0354, loss_bbox: 0.1395, loss_centerness: 0.5410, loss: 0.7159, grad_norm: 3.4216
2026-05-09 10:03:14,763 - mmdet - INFO - Epoch [104][100/186]	lr: 7.389e-05, eta: 5:10:54, time: 0.615, data_time: 0.012, memory: 7556, loss_cls: 0.0475, loss_bbox: 0.1458, loss_centerness: 0.5293, loss: 0.7226, grad_norm: 3.4592
2026-05-09 10:03:45,493 - mmdet - INFO - Epoch [104][150/186]	lr: 7.389e-05, eta: 5:10:38, time: 0.615, data_time: 0.012, memory: 7556, loss_cls: 0.0509, loss_bbox: 0.1546, loss_centerness: 0.5457, loss: 0.7513, grad_norm: 3.5646
2026-05-09 10:04:41,221 - mmdet - INFO - Epoch [105][50/186]	lr: 7.343e-05, eta: 5:09:35, time: 0.668, data_time: 0.067, memory: 7556, loss_cls: 0.0440, loss_bbox: 0.1359, loss_centerness: 0.5097, loss: 0.6896, grad_norm: 2.9801
2026-05-09 10:05:12,036 - mmdet - INFO - Epoch [105][100/186]	lr: 7.343e-05, eta: 5:09:19, time: 0.616, data_time: 0.012, memory: 7556, loss_cls: 0.0303, loss_bbox: 0.1301, loss_centerness: 0.5239, loss: 0.6843, grad_norm: 3.1178
2026-05-09 10:05:42,732 - mmdet - INFO - Epoch [105][150/186]	lr: 7.343e-05, eta: 5:09:03, time: 0.614, data_time: 0.012, memory: 7556, loss_cls: 0.0431, loss_bbox: 0.1451, loss_centerness: 0.5444, loss: 0.7326, grad_norm: 2.9829
2026-05-09 10:06:32,577 - mmdet - INFO - Evaluating bbox...
2026-05-09 10:06:35,594 - mmdet - INFO - 
 Average Precision  (AP) @[ IoU=0.50:0.95 | area=   all | maxDets=100 ] = 0.235
 Average Precision  (AP) @[ IoU=0.50      | area=   all | maxDets=1000 ] = 0.644
 Average Precision  (AP) @[ IoU=0.75      | area=   all | maxDets=1000 ] = 0.099
 Average Precision  (AP) @[ IoU=0.50:0.95 | area= small | maxDets=1000 ] = 0.057
 Average Precision  (AP) @[ IoU=0.50:0.95 | area=medium | maxDets=1000 ] = 0.202
 Average Precision  (AP) @[ IoU=0.50:0.95 | area= large | maxDets=1000 ] = 0.290
 Average Recall     (AR) @[ IoU=0.50:0.95 | area=   all | maxDets=100 ] = 0.364
 Average Recall     (AR) @[ IoU=0.50:0.95 | area=   all | maxDets=300 ] = 0.364
 Average Recall     (AR) @[ IoU=0.50:0.95 | area=   all | maxDets=1000 ] = 0.364
 Average Recall     (AR) @[ IoU=0.50:0.95 | area= small | maxDets=1000 ] = 0.090
 Average Recall     (AR) @[ IoU=0.50:0.95 | area=medium | maxDets=1000 ] = 0.314
 Average Recall     (AR) @[ IoU=0.50:0.95 | area= large | maxDets=1000 ] = 0.434

2026-05-09 10:06:35,599 - mmdet - INFO - Exp name: fold_1_swin_t_3x_hbb.py
2026-05-09 10:06:35,599 - mmdet - INFO - Epoch(val) [105][371]	bbox_mAP: 0.2350, bbox_mAP_50: 0.6440, bbox_mAP_75: 0.0990, bbox_mAP_s: 0.0570, bbox_mAP_m: 0.2020, bbox_mAP_l: 0.2900, bbox_mAP_copypaste: 0.235 0.644 0.099 0.057 0.202 0.290
2026-05-09 10:07:09,146 - mmdet - INFO - Epoch [106][50/186]	lr: 7.297e-05, eta: 5:08:00, time: 0.671, data_time: 0.067, memory: 7556, loss_cls: 0.0357, loss_bbox: 0.1410, loss_centerness: 0.5427, loss: 0.7194, grad_norm: 3.4069
2026-05-09 10:07:39,865 - mmdet - INFO - Epoch [106][100/186]	lr: 7.297e-05, eta: 5:07:44, time: 0.614, data_time: 0.012, memory: 7556, loss_cls: 0.0432, loss_bbox: 0.1375, loss_centerness: 0.5442, loss: 0.7250, grad_norm: 3.3557
2026-05-09 10:08:10,485 - mmdet - INFO - Epoch [106][150/186]	lr: 7.297e-05, eta: 5:07:28, time: 0.613, data_time: 0.012, memory: 7556, loss_cls: 0.0314, loss_bbox: 0.1282, loss_centerness: 0.5271, loss: 0.6867, grad_norm: 3.2448
2026-05-09 10:09:06,290 - mmdet - INFO - Epoch [107][50/186]	lr: 7.251e-05, eta: 5:06:25, time: 0.670, data_time: 0.067, memory: 7556, loss_cls: 0.0459, loss_bbox: 0.1493, loss_centerness: 0.5505, loss: 0.7457, grad_norm: 3.6595
2026-05-09 10:09:36,982 - mmdet - INFO - Epoch [107][100/186]	lr: 7.251e-05, eta: 5:06:09, time: 0.614, data_time: 0.012, memory: 7556, loss_cls: 0.0333, loss_bbox: 0.1271, loss_centerness: 0.5236, loss: 0.6840, grad_norm: 3.3405
2026-05-09 10:10:07,703 - mmdet - INFO - Epoch [107][150/186]	lr: 7.251e-05, eta: 5:05:53, time: 0.614, data_time: 0.011, memory: 7556, loss_cls: 0.0449, loss_bbox: 0.1466, loss_centerness: 0.5358, loss: 0.7272, grad_norm: 3.3453
2026-05-09 10:11:03,485 - mmdet - INFO - Epoch [108][50/186]	lr: 7.204e-05, eta: 5:04:50, time: 0.671, data_time: 0.067, memory: 7556, loss_cls: 0.0334, loss_bbox: 0.1284, loss_centerness: 0.5079, loss: 0.6696, grad_norm: 3.2784
2026-05-09 10:11:34,250 - mmdet - INFO - Epoch [108][100/186]	lr: 7.204e-05, eta: 5:04:34, time: 0.615, data_time: 0.012, memory: 7556, loss_cls: 0.0376, loss_bbox: 0.1458, loss_centerness: 0.5580, loss: 0.7414, grad_norm: 3.2478
2026-05-09 10:12:04,935 - mmdet - INFO - Epoch [108][150/186]	lr: 7.204e-05, eta: 5:04:18, time: 0.614, data_time: 0.012, memory: 7556, loss_cls: 0.0391, loss_bbox: 0.1386, loss_centerness: 0.5506, loss: 0.7283, grad_norm: 3.3395
2026-05-09 10:13:00,765 - mmdet - INFO - Epoch [109][50/186]	lr: 7.158e-05, eta: 5:03:15, time: 0.669, data_time: 0.066, memory: 7556, loss_cls: 0.0356, loss_bbox: 0.1186, loss_centerness: 0.4934, loss: 0.6476, grad_norm: 2.9393
2026-05-09 10:13:31,494 - mmdet - INFO - Epoch [109][100/186]	lr: 7.158e-05, eta: 5:02:59, time: 0.615, data_time: 0.012, memory: 7556, loss_cls: 0.0400, loss_bbox: 0.1271, loss_centerness: 0.5077, loss: 0.6748, grad_norm: 3.0704
2026-05-09 10:14:02,135 - mmdet - INFO - Epoch [109][150/186]	lr: 7.158e-05, eta: 5:02:43, time: 0.613, data_time: 0.011, memory: 7556, loss_cls: 0.0440, loss_bbox: 0.1310, loss_centerness: 0.5174, loss: 0.6925, grad_norm: 3.0813
2026-05-09 10:14:58,108 - mmdet - INFO - Epoch [110][50/186]	lr: 7.111e-05, eta: 5:01:41, time: 0.673, data_time: 0.067, memory: 7556, loss_cls: 0.0382, loss_bbox: 0.1192, loss_centerness: 0.5220, loss: 0.6795, grad_norm: 2.9902
2026-05-09 10:15:28,708 - mmdet - INFO - Epoch [110][100/186]	lr: 7.111e-05, eta: 5:01:24, time: 0.612, data_time: 0.011, memory: 7556, loss_cls: 0.0321, loss_bbox: 0.1182, loss_centerness: 0.5137, loss: 0.6640, grad_norm: 2.8980
2026-05-09 10:15:59,462 - mmdet - INFO - Epoch [110][150/186]	lr: 7.111e-05, eta: 5:01:08, time: 0.615, data_time: 0.012, memory: 7556, loss_cls: 0.0527, loss_bbox: 0.1306, loss_centerness: 0.5217, loss: 0.7050, grad_norm: 2.9459
2026-05-09 10:16:21,759 - mmdet - INFO - Saving checkpoint at 110 epochs
2026-05-09 10:16:51,064 - mmdet - INFO - Evaluating bbox...
2026-05-09 10:16:53,571 - mmdet - INFO - 
 Average Precision  (AP) @[ IoU=0.50:0.95 | area=   all | maxDets=100 ] = 0.233
 Average Precision  (AP) @[ IoU=0.50      | area=   all | maxDets=1000 ] = 0.645
 Average Precision  (AP) @[ IoU=0.75      | area=   all | maxDets=1000 ] = 0.096
 Average Precision  (AP) @[ IoU=0.50:0.95 | area= small | maxDets=1000 ] = 0.051
 Average Precision  (AP) @[ IoU=0.50:0.95 | area=medium | maxDets=1000 ] = 0.205
 Average Precision  (AP) @[ IoU=0.50:0.95 | area= large | maxDets=1000 ] = 0.275
 Average Recall     (AR) @[ IoU=0.50:0.95 | area=   all | maxDets=100 ] = 0.352
 Average Recall     (AR) @[ IoU=0.50:0.95 | area=   all | maxDets=300 ] = 0.352
 Average Recall     (AR) @[ IoU=0.50:0.95 | area=   all | maxDets=1000 ] = 0.352
 Average Recall     (AR) @[ IoU=0.50:0.95 | area= small | maxDets=1000 ] = 0.093
 Average Recall     (AR) @[ IoU=0.50:0.95 | area=medium | maxDets=1000 ] = 0.313
 Average Recall     (AR) @[ IoU=0.50:0.95 | area= large | maxDets=1000 ] = 0.409

2026-05-09 10:16:53,575 - mmdet - INFO - Exp name: fold_1_swin_t_3x_hbb.py
2026-05-09 10:16:53,575 - mmdet - INFO - Epoch(val) [110][371]	bbox_mAP: 0.2330, bbox_mAP_50: 0.6450, bbox_mAP_75: 0.0960, bbox_mAP_s: 0.0510, bbox_mAP_m: 0.2050, bbox_mAP_l: 0.2750, bbox_mAP_copypaste: 0.233 0.645 0.096 0.051 0.205 0.275
2026-05-09 10:17:27,205 - mmdet - INFO - Epoch [111][50/186]	lr: 7.063e-05, eta: 5:00:06, time: 0.672, data_time: 0.067, memory: 7556, loss_cls: 0.0431, loss_bbox: 0.1359, loss_centerness: 0.5334, loss: 0.7124, grad_norm: 3.3961
2026-05-09 10:17:57,842 - mmdet - INFO - Epoch [111][100/186]	lr: 7.063e-05, eta: 4:59:49, time: 0.613, data_time: 0.012, memory: 7556, loss_cls: 0.0339, loss_bbox: 0.1294, loss_centerness: 0.5088, loss: 0.6721, grad_norm: 3.2095
2026-05-09 10:18:28,561 - mmdet - INFO - Epoch [111][150/186]	lr: 7.063e-05, eta: 4:59:32, time: 0.614, data_time: 0.012, memory: 7556, loss_cls: 0.0349, loss_bbox: 0.1337, loss_centerness: 0.5359, loss: 0.7046, grad_norm: 3.2583
2026-05-09 10:19:24,384 - mmdet - INFO - Epoch [112][50/186]	lr: 7.016e-05, eta: 4:58:31, time: 0.672, data_time: 0.067, memory: 7556, loss_cls: 0.0249, loss_bbox: 0.1217, loss_centerness: 0.5063, loss: 0.6529, grad_norm: 3.1370
2026-05-09 10:19:54,996 - mmdet - INFO - Epoch [112][100/186]	lr: 7.016e-05, eta: 4:58:14, time: 0.612, data_time: 0.011, memory: 7556, loss_cls: 0.0382, loss_bbox: 0.1297, loss_centerness: 0.5110, loss: 0.6789, grad_norm: 2.9713
2026-05-09 10:20:25,743 - mmdet - INFO - Epoch [112][150/186]	lr: 7.016e-05, eta: 4:57:57, time: 0.615, data_time: 0.012, memory: 7556, loss_cls: 0.0247, loss_bbox: 0.1152, loss_centerness: 0.4891, loss: 0.6290, grad_norm: 2.8587
2026-05-09 10:21:21,567 - mmdet - INFO - Epoch [113][50/186]	lr: 6.968e-05, eta: 4:56:56, time: 0.669, data_time: 0.067, memory: 7556, loss_cls: 0.0238, loss_bbox: 0.1162, loss_centerness: 0.5120, loss: 0.6520, grad_norm: 2.7291
2026-05-09 10:21:52,342 - mmdet - INFO - Epoch [113][100/186]	lr: 6.968e-05, eta: 4:56:39, time: 0.616, data_time: 0.012, memory: 7556, loss_cls: 0.0466, loss_bbox: 0.1275, loss_centerness: 0.5365, loss: 0.7106, grad_norm: 2.9968
2026-05-09 10:22:23,033 - mmdet - INFO - Epoch [113][150/186]	lr: 6.968e-05, eta: 4:56:22, time: 0.614, data_time: 0.011, memory: 7556, loss_cls: 0.0326, loss_bbox: 0.1261, loss_centerness: 0.5361, loss: 0.6949, grad_norm: 3.0221
2026-05-09 10:23:19,058 - mmdet - INFO - Epoch [114][50/186]	lr: 6.920e-05, eta: 4:55:21, time: 0.672, data_time: 0.067, memory: 7556, loss_cls: 0.0351, loss_bbox: 0.1263, loss_centerness: 0.5383, loss: 0.6996, grad_norm: 2.9591
2026-05-09 10:23:49,807 - mmdet - INFO - Epoch [114][100/186]	lr: 6.920e-05, eta: 4:55:04, time: 0.615, data_time: 0.012, memory: 7556, loss_cls: 0.0417, loss_bbox: 0.1276, loss_centerness: 0.5106, loss: 0.6799, grad_norm: 2.9244
2026-05-09 10:24:20,542 - mmdet - INFO - Epoch [114][150/186]	lr: 6.920e-05, eta: 4:54:47, time: 0.615, data_time: 0.012, memory: 7556, loss_cls: 0.0386, loss_bbox: 0.1199, loss_centerness: 0.4929, loss: 0.6514, grad_norm: 3.0018
2026-05-09 10:25:16,415 - mmdet - INFO - Epoch [115][50/186]	lr: 6.872e-05, eta: 4:53:47, time: 0.671, data_time: 0.067, memory: 7556, loss_cls: 0.0344, loss_bbox: 0.1346, loss_centerness: 0.5542, loss: 0.7231, grad_norm: 3.7859
2026-05-09 10:25:47,151 - mmdet - INFO - Epoch [115][100/186]	lr: 6.872e-05, eta: 4:53:30, time: 0.615, data_time: 0.012, memory: 7556, loss_cls: 0.0334, loss_bbox: 0.1147, loss_centerness: 0.5066, loss: 0.6548, grad_norm: 3.4850
2026-05-09 10:26:17,981 - mmdet - INFO - Epoch [115][150/186]	lr: 6.872e-05, eta: 4:53:13, time: 0.616, data_time: 0.012, memory: 7556, loss_cls: 0.0330, loss_bbox: 0.1327, loss_centerness: 0.5554, loss: 0.7211, grad_norm: 3.2449
2026-05-09 10:27:07,655 - mmdet - INFO - Evaluating bbox...
2026-05-09 10:27:10,362 - mmdet - INFO - 
 Average Precision  (AP) @[ IoU=0.50:0.95 | area=   all | maxDets=100 ] = 0.241
 Average Precision  (AP) @[ IoU=0.50      | area=   all | maxDets=1000 ] = 0.643
 Average Precision  (AP) @[ IoU=0.75      | area=   all | maxDets=1000 ] = 0.107
 Average Precision  (AP) @[ IoU=0.50:0.95 | area= small | maxDets=1000 ] = 0.038
 Average Precision  (AP) @[ IoU=0.50:0.95 | area=medium | maxDets=1000 ] = 0.204
 Average Precision  (AP) @[ IoU=0.50:0.95 | area= large | maxDets=1000 ] = 0.294
 Average Recall     (AR) @[ IoU=0.50:0.95 | area=   all | maxDets=100 ] = 0.365
 Average Recall     (AR) @[ IoU=0.50:0.95 | area=   all | maxDets=300 ] = 0.365
 Average Recall     (AR) @[ IoU=0.50:0.95 | area=   all | maxDets=1000 ] = 0.365
 Average Recall     (AR) @[ IoU=0.50:0.95 | area= small | maxDets=1000 ] = 0.083
 Average Recall     (AR) @[ IoU=0.50:0.95 | area=medium | maxDets=1000 ] = 0.325
 Average Recall     (AR) @[ IoU=0.50:0.95 | area= large | maxDets=1000 ] = 0.423

2026-05-09 10:27:10,513 - mmdet - INFO - The previous best checkpoint /home/ahmadreza/Downloads/Research/M2SODAI/baseline_official/runs_swin_hbb/swin_t_hbb_fold_1_20260509/best_bbox_mAP_epoch_100.pth was removed
2026-05-09 10:27:12,190 - mmdet - INFO - Now best checkpoint is saved as best_bbox_mAP_epoch_115.pth.
2026-05-09 10:27:12,190 - mmdet - INFO - Best bbox_mAP is 0.2410 at 115 epoch.
2026-05-09 10:27:12,191 - mmdet - INFO - Exp name: fold_1_swin_t_3x_hbb.py
2026-05-09 10:27:12,191 - mmdet - INFO - Epoch(val) [115][371]	bbox_mAP: 0.2410, bbox_mAP_50: 0.6430, bbox_mAP_75: 0.1070, bbox_mAP_s: 0.0380, bbox_mAP_m: 0.2040, bbox_mAP_l: 0.2940, bbox_mAP_copypaste: 0.241 0.643 0.107 0.038 0.204 0.294
2026-05-09 10:27:45,668 - mmdet - INFO - Epoch [116][50/186]	lr: 6.824e-05, eta: 4:52:12, time: 0.669, data_time: 0.067, memory: 7556, loss_cls: 0.0288, loss_bbox: 0.1116, loss_centerness: 0.5060, loss: 0.6463, grad_norm: 2.8306
2026-05-09 10:28:16,388 - mmdet - INFO - Epoch [116][100/186]	lr: 6.824e-05, eta: 4:51:55, time: 0.614, data_time: 0.012, memory: 7556, loss_cls: 0.0334, loss_bbox: 0.1219, loss_centerness: 0.5247, loss: 0.6799, grad_norm: 2.8069
2026-05-09 10:28:47,336 - mmdet - INFO - Epoch [116][150/186]	lr: 6.824e-05, eta: 4:51:38, time: 0.619, data_time: 0.012, memory: 7556, loss_cls: 0.0284, loss_bbox: 0.1227, loss_centerness: 0.5358, loss: 0.6870, grad_norm: 2.8448
2026-05-09 10:29:43,085 - mmdet - INFO - Epoch [117][50/186]	lr: 6.775e-05, eta: 4:50:38, time: 0.671, data_time: 0.067, memory: 7556, loss_cls: 0.0387, loss_bbox: 0.1200, loss_centerness: 0.5329, loss: 0.6916, grad_norm: 3.1937
2026-05-09 10:30:13,841 - mmdet - INFO - Epoch [117][100/186]	lr: 6.775e-05, eta: 4:50:20, time: 0.615, data_time: 0.012, memory: 7556, loss_cls: 0.0307, loss_bbox: 0.1126, loss_centerness: 0.4999, loss: 0.6431, grad_norm: 3.2256
2026-05-09 10:30:44,581 - mmdet - INFO - Epoch [117][150/186]	lr: 6.775e-05, eta: 4:50:03, time: 0.615, data_time: 0.012, memory: 7556, loss_cls: 0.0386, loss_bbox: 0.1335, loss_centerness: 0.5140, loss: 0.6861, grad_norm: 3.2737
2026-05-09 10:31:40,632 - mmdet - INFO - Epoch [118][50/186]	lr: 6.727e-05, eta: 4:49:03, time: 0.672, data_time: 0.067, memory: 7556, loss_cls: 0.0285, loss_bbox: 0.1144, loss_centerness: 0.5096, loss: 0.6525, grad_norm: 3.2149
2026-05-09 10:32:11,362 - mmdet - INFO - Epoch [118][100/186]	lr: 6.727e-05, eta: 4:48:45, time: 0.614, data_time: 0.012, memory: 7556, loss_cls: 0.0342, loss_bbox: 0.1167, loss_centerness: 0.5249, loss: 0.6757, grad_norm: 3.0183
2026-05-09 10:32:42,336 - mmdet - INFO - Epoch [118][150/186]	lr: 6.727e-05, eta: 4:48:28, time: 0.620, data_time: 0.012, memory: 7556, loss_cls: 0.0346, loss_bbox: 0.1215, loss_centerness: 0.5096, loss: 0.6657, grad_norm: 3.1432
2026-05-09 10:33:38,528 - mmdet - INFO - Epoch [119][50/186]	lr: 6.678e-05, eta: 4:47:29, time: 0.675, data_time: 0.067, memory: 7556, loss_cls: 0.0310, loss_bbox: 0.1222, loss_centerness: 0.5226, loss: 0.6758, grad_norm: 2.5993
2026-05-09 10:34:09,419 - mmdet - INFO - Epoch [119][100/186]	lr: 6.678e-05, eta: 4:47:12, time: 0.618, data_time: 0.012, memory: 7556, loss_cls: 0.0417, loss_bbox: 0.1240, loss_centerness: 0.5233, loss: 0.6891, grad_norm: 3.3159
2026-05-09 10:34:40,328 - mmdet - INFO - Epoch [119][150/186]	lr: 6.678e-05, eta: 4:46:54, time: 0.618, data_time: 0.012, memory: 7556, loss_cls: 0.0341, loss_bbox: 0.1316, loss_centerness: 0.5368, loss: 0.7025, grad_norm: 3.4291
2026-05-09 10:35:36,419 - mmdet - INFO - Epoch [120][50/186]	lr: 6.629e-05, eta: 4:45:55, time: 0.675, data_time: 0.067, memory: 7556, loss_cls: 0.0398, loss_bbox: 0.1224, loss_centerness: 0.5262, loss: 0.6884, grad_norm: 3.2715
2026-05-09 10:36:07,232 - mmdet - INFO - Epoch [120][100/186]	lr: 6.629e-05, eta: 4:45:37, time: 0.616, data_time: 0.012, memory: 7556, loss_cls: 0.0278, loss_bbox: 0.1095, loss_centerness: 0.4764, loss: 0.6137, grad_norm: 3.1574
2026-05-09 10:36:38,286 - mmdet - INFO - Epoch [120][150/186]	lr: 6.629e-05, eta: 4:45:20, time: 0.621, data_time: 0.012, memory: 7556, loss_cls: 0.0350, loss_bbox: 0.1265, loss_centerness: 0.5590, loss: 0.7205, grad_norm: 3.1104
2026-05-09 10:37:00,732 - mmdet - INFO - Saving checkpoint at 120 epochs
2026-05-09 10:37:30,116 - mmdet - INFO - Evaluating bbox...
2026-05-09 10:37:32,691 - mmdet - INFO - 
 Average Precision  (AP) @[ IoU=0.50:0.95 | area=   all | maxDets=100 ] = 0.234
 Average Precision  (AP) @[ IoU=0.50      | area=   all | maxDets=1000 ] = 0.647
 Average Precision  (AP) @[ IoU=0.75      | area=   all | maxDets=1000 ] = 0.104
 Average Precision  (AP) @[ IoU=0.50:0.95 | area= small | maxDets=1000 ] = 0.033
 Average Precision  (AP) @[ IoU=0.50:0.95 | area=medium | maxDets=1000 ] = 0.200
 Average Precision  (AP) @[ IoU=0.50:0.95 | area= large | maxDets=1000 ] = 0.286
 Average Recall     (AR) @[ IoU=0.50:0.95 | area=   all | maxDets=100 ] = 0.355
 Average Recall     (AR) @[ IoU=0.50:0.95 | area=   all | maxDets=300 ] = 0.355
 Average Recall     (AR) @[ IoU=0.50:0.95 | area=   all | maxDets=1000 ] = 0.355
 Average Recall     (AR) @[ IoU=0.50:0.95 | area= small | maxDets=1000 ] = 0.083
 Average Recall     (AR) @[ IoU=0.50:0.95 | area=medium | maxDets=1000 ] = 0.312
 Average Recall     (AR) @[ IoU=0.50:0.95 | area= large | maxDets=1000 ] = 0.416

2026-05-09 10:37:32,695 - mmdet - INFO - Exp name: fold_1_swin_t_3x_hbb.py
2026-05-09 10:37:32,695 - mmdet - INFO - Epoch(val) [120][371]	bbox_mAP: 0.2340, bbox_mAP_50: 0.6470, bbox_mAP_75: 0.1040, bbox_mAP_s: 0.0330, bbox_mAP_m: 0.2000, bbox_mAP_l: 0.2860, bbox_mAP_copypaste: 0.234 0.647 0.104 0.033 0.200 0.286
2026-05-09 10:38:06,294 - mmdet - INFO - Epoch [121][50/186]	lr: 6.580e-05, eta: 4:44:21, time: 0.672, data_time: 0.067, memory: 7556, loss_cls: 0.0301, loss_bbox: 0.1335, loss_centerness: 0.5407, loss: 0.7043, grad_norm: 3.7102
2026-05-09 10:38:37,128 - mmdet - INFO - Epoch [121][100/186]	lr: 6.580e-05, eta: 4:44:03, time: 0.617, data_time: 0.012, memory: 7556, loss_cls: 0.0345, loss_bbox: 0.1220, loss_centerness: 0.5162, loss: 0.6727, grad_norm: 3.3986
2026-05-09 10:39:08,020 - mmdet - INFO - Epoch [121][150/186]	lr: 6.580e-05, eta: 4:43:45, time: 0.618, data_time: 0.012, memory: 7556, loss_cls: 0.0289, loss_bbox: 0.1226, loss_centerness: 0.5356, loss: 0.6871, grad_norm: 3.3839
2026-05-09 10:40:04,285 - mmdet - INFO - Epoch [122][50/186]	lr: 6.530e-05, eta: 4:42:47, time: 0.676, data_time: 0.067, memory: 7556, loss_cls: 0.0348, loss_bbox: 0.1274, loss_centerness: 0.5292, loss: 0.6914, grad_norm: 3.3479
2026-05-09 10:40:35,069 - mmdet - INFO - Epoch [122][100/186]	lr: 6.530e-05, eta: 4:42:29, time: 0.615, data_time: 0.011, memory: 7556, loss_cls: 0.0259, loss_bbox: 0.1075, loss_centerness: 0.5076, loss: 0.6410, grad_norm: 3.1333
2026-05-09 10:41:06,117 - mmdet - INFO - Epoch [122][150/186]	lr: 6.530e-05, eta: 4:42:11, time: 0.621, data_time: 0.012, memory: 7556, loss_cls: 0.0359, loss_bbox: 0.1265, loss_centerness: 0.5282, loss: 0.6905, grad_norm: 3.1044
2026-05-09 10:42:02,261 - mmdet - INFO - Epoch [123][50/186]	lr: 6.481e-05, eta: 4:41:12, time: 0.673, data_time: 0.066, memory: 7556, loss_cls: 0.0280, loss_bbox: 0.1251, loss_centerness: 0.5415, loss: 0.6946, grad_norm: 3.6782
2026-05-09 10:42:33,237 - mmdet - INFO - Epoch [123][100/186]	lr: 6.481e-05, eta: 4:40:55, time: 0.620, data_time: 0.012, memory: 7556, loss_cls: 0.0308, loss_bbox: 0.1242, loss_centerness: 0.5191, loss: 0.6742, grad_norm: 3.2977
2026-05-09 10:43:04,086 - mmdet - INFO - Epoch [123][150/186]	lr: 6.481e-05, eta: 4:40:37, time: 0.617, data_time: 0.012, memory: 7556, loss_cls: 0.0321, loss_bbox: 0.1187, loss_centerness: 0.5229, loss: 0.6737, grad_norm: 3.4581
2026-05-09 10:44:00,286 - mmdet - INFO - Epoch [124][50/186]	lr: 6.431e-05, eta: 4:39:38, time: 0.674, data_time: 0.067, memory: 7556, loss_cls: 0.0322, loss_bbox: 0.1120, loss_centerness: 0.5064, loss: 0.6505, grad_norm: 3.5544
2026-05-09 10:44:31,084 - mmdet - INFO - Epoch [124][100/186]	lr: 6.431e-05, eta: 4:39:20, time: 0.616, data_time: 0.012, memory: 7556, loss_cls: 0.0476, loss_bbox: 0.1391, loss_centerness: 0.5314, loss: 0.7182, grad_norm: 3.4571
2026-05-09 10:45:02,200 - mmdet - INFO - Epoch [124][150/186]	lr: 6.431e-05, eta: 4:39:03, time: 0.622, data_time: 0.012, memory: 7556, loss_cls: 0.0413, loss_bbox: 0.1178, loss_centerness: 0.5368, loss: 0.6959, grad_norm: 3.4390
2026-05-09 10:45:58,199 - mmdet - INFO - Epoch [125][50/186]	lr: 6.381e-05, eta: 4:38:04, time: 0.672, data_time: 0.067, memory: 7556, loss_cls: 0.0247, loss_bbox: 0.1119, loss_centerness: 0.5366, loss: 0.6732, grad_norm: 3.2774
2026-05-09 10:46:29,247 - mmdet - INFO - Epoch [125][100/186]	lr: 6.381e-05, eta: 4:37:47, time: 0.621, data_time: 0.012, memory: 7556, loss_cls: 0.0409, loss_bbox: 0.1191, loss_centerness: 0.5259, loss: 0.6859, grad_norm: 2.9228
2026-05-09 10:46:59,995 - mmdet - INFO - Epoch [125][150/186]	lr: 6.381e-05, eta: 4:37:28, time: 0.615, data_time: 0.011, memory: 7556, loss_cls: 0.0509, loss_bbox: 0.1154, loss_centerness: 0.5174, loss: 0.6838, grad_norm: 3.2971
2026-05-09 10:47:50,006 - mmdet - INFO - Evaluating bbox...
2026-05-09 10:47:52,422 - mmdet - INFO - 
 Average Precision  (AP) @[ IoU=0.50:0.95 | area=   all | maxDets=100 ] = 0.228
 Average Precision  (AP) @[ IoU=0.50      | area=   all | maxDets=1000 ] = 0.628
 Average Precision  (AP) @[ IoU=0.75      | area=   all | maxDets=1000 ] = 0.092
 Average Precision  (AP) @[ IoU=0.50:0.95 | area= small | maxDets=1000 ] = 0.021
 Average Precision  (AP) @[ IoU=0.50:0.95 | area=medium | maxDets=1000 ] = 0.195
 Average Precision  (AP) @[ IoU=0.50:0.95 | area= large | maxDets=1000 ] = 0.283
 Average Recall     (AR) @[ IoU=0.50:0.95 | area=   all | maxDets=100 ] = 0.350
 Average Recall     (AR) @[ IoU=0.50:0.95 | area=   all | maxDets=300 ] = 0.350
 Average Recall     (AR) @[ IoU=0.50:0.95 | area=   all | maxDets=1000 ] = 0.350
 Average Recall     (AR) @[ IoU=0.50:0.95 | area= small | maxDets=1000 ] = 0.045
 Average Recall     (AR) @[ IoU=0.50:0.95 | area=medium | maxDets=1000 ] = 0.303
 Average Recall     (AR) @[ IoU=0.50:0.95 | area= large | maxDets=1000 ] = 0.416

2026-05-09 10:47:52,427 - mmdet - INFO - Exp name: fold_1_swin_t_3x_hbb.py
2026-05-09 10:47:52,427 - mmdet - INFO - Epoch(val) [125][371]	bbox_mAP: 0.2280, bbox_mAP_50: 0.6280, bbox_mAP_75: 0.0920, bbox_mAP_s: 0.0210, bbox_mAP_m: 0.1950, bbox_mAP_l: 0.2830, bbox_mAP_copypaste: 0.228 0.628 0.092 0.021 0.195 0.283
2026-05-09 10:48:26,034 - mmdet - INFO - Epoch [126][50/186]	lr: 6.331e-05, eta: 4:36:30, time: 0.672, data_time: 0.067, memory: 7556, loss_cls: 0.0320, loss_bbox: 0.1141, loss_centerness: 0.5221, loss: 0.6683, grad_norm: 3.1450
2026-05-09 10:48:56,955 - mmdet - INFO - Epoch [126][100/186]	lr: 6.331e-05, eta: 4:36:12, time: 0.618, data_time: 0.012, memory: 7556, loss_cls: 0.0441, loss_bbox: 0.1201, loss_centerness: 0.5388, loss: 0.7029, grad_norm: 3.2283
2026-05-09 10:49:27,829 - mmdet - INFO - Epoch [126][150/186]	lr: 6.331e-05, eta: 4:35:54, time: 0.618, data_time: 0.012, memory: 7556, loss_cls: 0.0460, loss_bbox: 0.1218, loss_centerness: 0.5302, loss: 0.6980, grad_norm: 3.3813
2026-05-09 10:50:23,935 - mmdet - INFO - Epoch [127][50/186]	lr: 6.281e-05, eta: 4:34:56, time: 0.674, data_time: 0.067, memory: 7556, loss_cls: 0.0370, loss_bbox: 0.1143, loss_centerness: 0.5525, loss: 0.7039, grad_norm: 3.1192
2026-05-09 10:50:54,773 - mmdet - INFO - Epoch [127][100/186]	lr: 6.281e-05, eta: 4:34:37, time: 0.617, data_time: 0.012, memory: 7556, loss_cls: 0.0618, loss_bbox: 0.1186, loss_centerness: 0.5044, loss: 0.6849, grad_norm: 4.0595
2026-05-09 10:51:25,607 - mmdet - INFO - Epoch [127][150/186]	lr: 6.281e-05, eta: 4:34:19, time: 0.616, data_time: 0.012, memory: 7556, loss_cls: 0.0391, loss_bbox: 0.1088, loss_centerness: 0.4930, loss: 0.6409, grad_norm: 3.7612
2026-05-09 10:52:21,748 - mmdet - INFO - Epoch [128][50/186]	lr: 6.231e-05, eta: 4:33:21, time: 0.674, data_time: 0.067, memory: 7556, loss_cls: 0.0519, loss_bbox: 0.1341, loss_centerness: 0.5458, loss: 0.7318, grad_norm: 4.7853
2026-05-09 10:52:52,481 - mmdet - INFO - Epoch [128][100/186]	lr: 6.231e-05, eta: 4:33:03, time: 0.614, data_time: 0.012, memory: 7556, loss_cls: 0.0322, loss_bbox: 0.1272, loss_centerness: 0.5033, loss: 0.6627, grad_norm: 4.4651
2026-05-09 10:53:23,338 - mmdet - INFO - Epoch [128][150/186]	lr: 6.231e-05, eta: 4:32:44, time: 0.617, data_time: 0.012, memory: 7556, loss_cls: 0.0292, loss_bbox: 0.1176, loss_centerness: 0.5261, loss: 0.6728, grad_norm: 4.1442
2026-05-09 10:54:19,555 - mmdet - INFO - Epoch [129][50/186]	lr: 6.180e-05, eta: 4:31:47, time: 0.675, data_time: 0.068, memory: 7556, loss_cls: 0.0377, loss_bbox: 0.1251, loss_centerness: 0.5191, loss: 0.6820, grad_norm: 3.1329
2026-05-09 10:54:50,402 - mmdet - INFO - Epoch [129][100/186]	lr: 6.180e-05, eta: 4:31:28, time: 0.617, data_time: 0.012, memory: 7556, loss_cls: 0.0349, loss_bbox: 0.1215, loss_centerness: 0.5235, loss: 0.6798, grad_norm: 3.1818
2026-05-09 10:55:21,072 - mmdet - INFO - Epoch [129][150/186]	lr: 6.180e-05, eta: 4:31:10, time: 0.613, data_time: 0.011, memory: 7556, loss_cls: 0.0242, loss_bbox: 0.1069, loss_centerness: 0.5048, loss: 0.6359, grad_norm: 3.1571
2026-05-09 10:56:17,124 - mmdet - INFO - Epoch [130][50/186]	lr: 6.130e-05, eta: 4:30:12, time: 0.673, data_time: 0.067, memory: 7556, loss_cls: 0.0321, loss_bbox: 0.1274, loss_centerness: 0.5426, loss: 0.7022, grad_norm: 3.0811
2026-05-09 10:56:47,884 - mmdet - INFO - Epoch [130][100/186]	lr: 6.130e-05, eta: 4:29:54, time: 0.615, data_time: 0.012, memory: 7556, loss_cls: 0.0198, loss_bbox: 0.1144, loss_centerness: 0.5265, loss: 0.6607, grad_norm: 3.1939
2026-05-09 10:57:18,819 - mmdet - INFO - Epoch [130][150/186]	lr: 6.130e-05, eta: 4:29:35, time: 0.619, data_time: 0.012, memory: 7556, loss_cls: 0.0399, loss_bbox: 0.1353, loss_centerness: 0.5469, loss: 0.7221, grad_norm: 3.4065
2026-05-09 10:57:41,143 - mmdet - INFO - Saving checkpoint at 130 epochs
2026-05-09 10:58:10,500 - mmdet - INFO - Evaluating bbox...
2026-05-09 10:58:13,562 - mmdet - INFO - 
 Average Precision  (AP) @[ IoU=0.50:0.95 | area=   all | maxDets=100 ] = 0.237
 Average Precision  (AP) @[ IoU=0.50      | area=   all | maxDets=1000 ] = 0.643
 Average Precision  (AP) @[ IoU=0.75      | area=   all | maxDets=1000 ] = 0.110
 Average Precision  (AP) @[ IoU=0.50:0.95 | area= small | maxDets=1000 ] = 0.024
 Average Precision  (AP) @[ IoU=0.50:0.95 | area=medium | maxDets=1000 ] = 0.203
 Average Precision  (AP) @[ IoU=0.50:0.95 | area= large | maxDets=1000 ] = 0.288
 Average Recall     (AR) @[ IoU=0.50:0.95 | area=   all | maxDets=100 ] = 0.362
 Average Recall     (AR) @[ IoU=0.50:0.95 | area=   all | maxDets=300 ] = 0.362
 Average Recall     (AR) @[ IoU=0.50:0.95 | area=   all | maxDets=1000 ] = 0.362
 Average Recall     (AR) @[ IoU=0.50:0.95 | area= small | maxDets=1000 ] = 0.059
 Average Recall     (AR) @[ IoU=0.50:0.95 | area=medium | maxDets=1000 ] = 0.323
 Average Recall     (AR) @[ IoU=0.50:0.95 | area= large | maxDets=1000 ] = 0.421

2026-05-09 10:58:13,567 - mmdet - INFO - Exp name: fold_1_swin_t_3x_hbb.py
2026-05-09 10:58:13,567 - mmdet - INFO - Epoch(val) [130][371]	bbox_mAP: 0.2370, bbox_mAP_50: 0.6430, bbox_mAP_75: 0.1100, bbox_mAP_s: 0.0240, bbox_mAP_m: 0.2030, bbox_mAP_l: 0.2880, bbox_mAP_copypaste: 0.237 0.643 0.110 0.024 0.203 0.288
2026-05-09 10:58:47,095 - mmdet - INFO - Epoch [131][50/186]	lr: 6.079e-05, eta: 4:28:38, time: 0.670, data_time: 0.067, memory: 7556, loss_cls: 0.0479, loss_bbox: 0.1297, loss_centerness: 0.5426, loss: 0.7203, grad_norm: 3.4502
2026-05-09 10:59:17,898 - mmdet - INFO - Epoch [131][100/186]	lr: 6.079e-05, eta: 4:28:19, time: 0.616, data_time: 0.012, memory: 7556, loss_cls: 0.0283, loss_bbox: 0.1224, loss_centerness: 0.5514, loss: 0.7021, grad_norm: 3.1176
2026-05-09 10:59:48,700 - mmdet - INFO - Epoch [131][150/186]	lr: 6.079e-05, eta: 4:28:00, time: 0.616, data_time: 0.012, memory: 7556, loss_cls: 0.0274, loss_bbox: 0.1104, loss_centerness: 0.5276, loss: 0.6654, grad_norm: 3.0458
2026-05-09 11:00:44,637 - mmdet - INFO - Epoch [132][50/186]	lr: 6.028e-05, eta: 4:27:03, time: 0.673, data_time: 0.067, memory: 7556, loss_cls: 0.0293, loss_bbox: 0.1206, loss_centerness: 0.5478, loss: 0.6977, grad_norm: 2.8983
2026-05-09 11:01:15,480 - mmdet - INFO - Epoch [132][100/186]	lr: 6.028e-05, eta: 4:26:44, time: 0.617, data_time: 0.012, memory: 7556, loss_cls: 0.0239, loss_bbox: 0.1103, loss_centerness: 0.4980, loss: 0.6322, grad_norm: 3.0065
2026-05-09 11:01:46,249 - mmdet - INFO - Epoch [132][150/186]	lr: 6.028e-05, eta: 4:26:25, time: 0.616, data_time: 0.012, memory: 7556, loss_cls: 0.0317, loss_bbox: 0.1172, loss_centerness: 0.5145, loss: 0.6634, grad_norm: 3.1667
2026-05-09 11:02:42,199 - mmdet - INFO - Epoch [133][50/186]	lr: 5.978e-05, eta: 4:25:28, time: 0.673, data_time: 0.067, memory: 7556, loss_cls: 0.0283, loss_bbox: 0.1153, loss_centerness: 0.5315, loss: 0.6750, grad_norm: 3.0060
2026-05-09 11:03:13,037 - mmdet - INFO - Epoch [133][100/186]	lr: 5.978e-05, eta: 4:25:10, time: 0.617, data_time: 0.012, memory: 7556, loss_cls: 0.0337, loss_bbox: 0.1218, loss_centerness: 0.5528, loss: 0.7084, grad_norm: 2.6946
2026-05-09 11:03:43,872 - mmdet - INFO - Epoch [133][150/186]	lr: 5.978e-05, eta: 4:24:51, time: 0.616, data_time: 0.012, memory: 7556, loss_cls: 0.0230, loss_bbox: 0.1081, loss_centerness: 0.5374, loss: 0.6685, grad_norm: 2.7832
2026-05-09 11:04:39,881 - mmdet - INFO - Epoch [134][50/186]	lr: 5.927e-05, eta: 4:23:54, time: 0.675, data_time: 0.067, memory: 7556, loss_cls: 0.0267, loss_bbox: 0.1071, loss_centerness: 0.5142, loss: 0.6480, grad_norm: 2.6497
2026-05-09 11:05:10,520 - mmdet - INFO - Epoch [134][100/186]	lr: 5.927e-05, eta: 4:23:35, time: 0.613, data_time: 0.011, memory: 7556, loss_cls: 0.0160, loss_bbox: 0.0969, loss_centerness: 0.5040, loss: 0.6169, grad_norm: 2.7953
2026-05-09 11:05:41,358 - mmdet - INFO - Epoch [134][150/186]	lr: 5.927e-05, eta: 4:23:16, time: 0.617, data_time: 0.012, memory: 7556, loss_cls: 0.0279, loss_bbox: 0.1177, loss_centerness: 0.5319, loss: 0.6774, grad_norm: 2.8410
2026-05-09 11:06:37,130 - mmdet - INFO - Epoch [135][50/186]	lr: 5.876e-05, eta: 4:22:19, time: 0.669, data_time: 0.067, memory: 7556, loss_cls: 0.0281, loss_bbox: 0.1086, loss_centerness: 0.5025, loss: 0.6391, grad_norm: 2.9241
2026-05-09 11:07:07,946 - mmdet - INFO - Epoch [135][100/186]	lr: 5.876e-05, eta: 4:22:00, time: 0.616, data_time: 0.012, memory: 7556, loss_cls: 0.0390, loss_bbox: 0.1134, loss_centerness: 0.5158, loss: 0.6682, grad_norm: 3.2725
2026-05-09 11:07:38,832 - mmdet - INFO - Epoch [135][150/186]	lr: 5.876e-05, eta: 4:21:41, time: 0.618, data_time: 0.012, memory: 7556, loss_cls: 0.0616, loss_bbox: 0.1134, loss_centerness: 0.5321, loss: 0.7071, grad_norm: 3.1950
2026-05-09 11:08:28,742 - mmdet - INFO - Evaluating bbox...
2026-05-09 11:08:31,027 - mmdet - INFO - 
 Average Precision  (AP) @[ IoU=0.50:0.95 | area=   all | maxDets=100 ] = 0.234
 Average Precision  (AP) @[ IoU=0.50      | area=   all | maxDets=1000 ] = 0.635
 Average Precision  (AP) @[ IoU=0.75      | area=   all | maxDets=1000 ] = 0.119
 Average Precision  (AP) @[ IoU=0.50:0.95 | area= small | maxDets=1000 ] = 0.030
 Average Precision  (AP) @[ IoU=0.50:0.95 | area=medium | maxDets=1000 ] = 0.206
 Average Precision  (AP) @[ IoU=0.50:0.95 | area= large | maxDets=1000 ] = 0.280
 Average Recall     (AR) @[ IoU=0.50:0.95 | area=   all | maxDets=100 ] = 0.354
 Average Recall     (AR) @[ IoU=0.50:0.95 | area=   all | maxDets=300 ] = 0.354
 Average Recall     (AR) @[ IoU=0.50:0.95 | area=   all | maxDets=1000 ] = 0.354
 Average Recall     (AR) @[ IoU=0.50:0.95 | area= small | maxDets=1000 ] = 0.090
 Average Recall     (AR) @[ IoU=0.50:0.95 | area=medium | maxDets=1000 ] = 0.316
 Average Recall     (AR) @[ IoU=0.50:0.95 | area= large | maxDets=1000 ] = 0.409

2026-05-09 11:08:31,031 - mmdet - INFO - Exp name: fold_1_swin_t_3x_hbb.py
2026-05-09 11:08:31,031 - mmdet - INFO - Epoch(val) [135][371]	bbox_mAP: 0.2340, bbox_mAP_50: 0.6350, bbox_mAP_75: 0.1190, bbox_mAP_s: 0.0300, bbox_mAP_m: 0.2060, bbox_mAP_l: 0.2800, bbox_mAP_copypaste: 0.234 0.635 0.119 0.030 0.206 0.280
2026-05-09 11:09:04,531 - mmdet - INFO - Epoch [136][50/186]	lr: 5.824e-05, eta: 4:20:44, time: 0.670, data_time: 0.067, memory: 7556, loss_cls: 0.0336, loss_bbox: 0.1206, loss_centerness: 0.5371, loss: 0.6914, grad_norm: 3.4530
2026-05-09 11:09:35,329 - mmdet - INFO - Epoch [136][100/186]	lr: 5.824e-05, eta: 4:20:25, time: 0.616, data_time: 0.012, memory: 7556, loss_cls: 0.0277, loss_bbox: 0.1136, loss_centerness: 0.5377, loss: 0.6789, grad_norm: 3.5167
2026-05-09 11:10:06,126 - mmdet - INFO - Epoch [136][150/186]	lr: 5.824e-05, eta: 4:20:06, time: 0.616, data_time: 0.012, memory: 7556, loss_cls: 0.0308, loss_bbox: 0.1225, loss_centerness: 0.5359, loss: 0.6891, grad_norm: 3.4906
2026-05-09 11:11:02,077 - mmdet - INFO - Epoch [137][50/186]	lr: 5.773e-05, eta: 4:19:09, time: 0.671, data_time: 0.067, memory: 7556, loss_cls: 0.0201, loss_bbox: 0.1126, loss_centerness: 0.5211, loss: 0.6538, grad_norm: 3.2240
2026-05-09 11:11:33,036 - mmdet - INFO - Epoch [137][100/186]	lr: 5.773e-05, eta: 4:18:50, time: 0.619, data_time: 0.012, memory: 7556, loss_cls: 0.0327, loss_bbox: 0.1195, loss_centerness: 0.5524, loss: 0.7045, grad_norm: 3.3836
2026-05-09 11:12:03,751 - mmdet - INFO - Epoch [137][150/186]	lr: 5.773e-05, eta: 4:18:31, time: 0.614, data_time: 0.011, memory: 7556, loss_cls: 0.0239, loss_bbox: 0.1086, loss_centerness: 0.5359, loss: 0.6684, grad_norm: 3.2035
2026-05-09 11:12:59,751 - mmdet - INFO - Epoch [138][50/186]	lr: 5.722e-05, eta: 4:17:35, time: 0.675, data_time: 0.067, memory: 7556, loss_cls: 0.0286, loss_bbox: 0.1081, loss_centerness: 0.5325, loss: 0.6692, grad_norm: 3.4341
2026-05-09 11:13:30,543 - mmdet - INFO - Epoch [138][100/186]	lr: 5.722e-05, eta: 4:17:16, time: 0.616, data_time: 0.012, memory: 7556, loss_cls: 0.0481, loss_bbox: 0.1223, loss_centerness: 0.5390, loss: 0.7094, grad_norm: 3.4575
2026-05-09 11:14:01,215 - mmdet - INFO - Epoch [138][150/186]	lr: 5.722e-05, eta: 4:16:56, time: 0.614, data_time: 0.011, memory: 7556, loss_cls: 0.0238, loss_bbox: 0.0980, loss_centerness: 0.4840, loss: 0.6058, grad_norm: 3.1362
2026-05-09 11:14:57,150 - mmdet - INFO - Epoch [139][50/186]	lr: 5.670e-05, eta: 4:16:00, time: 0.671, data_time: 0.067, memory: 7556, loss_cls: 0.0313, loss_bbox: 0.1181, loss_centerness: 0.5377, loss: 0.6870, grad_norm: 3.5254
2026-05-09 11:15:27,932 - mmdet - INFO - Epoch [139][100/186]	lr: 5.670e-05, eta: 4:15:41, time: 0.616, data_time: 0.012, memory: 7556, loss_cls: 0.0238, loss_bbox: 0.1138, loss_centerness: 0.5243, loss: 0.6619, grad_norm: 3.2473
2026-05-09 11:15:58,700 - mmdet - INFO - Epoch [139][150/186]	lr: 5.670e-05, eta: 4:15:21, time: 0.615, data_time: 0.012, memory: 7556, loss_cls: 0.0332, loss_bbox: 0.1255, loss_centerness: 0.5500, loss: 0.7087, grad_norm: 3.1686
2026-05-09 11:16:54,658 - mmdet - INFO - Epoch [140][50/186]	lr: 5.619e-05, eta: 4:14:25, time: 0.670, data_time: 0.067, memory: 7556, loss_cls: 0.0503, loss_bbox: 0.1190, loss_centerness: 0.4985, loss: 0.6677, grad_norm: 3.3741
2026-05-09 11:17:25,491 - mmdet - INFO - Epoch [140][100/186]	lr: 5.619e-05, eta: 4:14:06, time: 0.616, data_time: 0.012, memory: 7556, loss_cls: 0.0401, loss_bbox: 0.1121, loss_centerness: 0.5119, loss: 0.6642, grad_norm: 3.1698
2026-05-09 11:17:56,277 - mmdet - INFO - Epoch [140][150/186]	lr: 5.619e-05, eta: 4:13:46, time: 0.616, data_time: 0.012, memory: 7556, loss_cls: 0.0336, loss_bbox: 0.1139, loss_centerness: 0.5262, loss: 0.6737, grad_norm: 3.0203
2026-05-09 11:18:18,661 - mmdet - INFO - Saving checkpoint at 140 epochs
2026-05-09 11:18:47,940 - mmdet - INFO - Evaluating bbox...
2026-05-09 11:18:50,656 - mmdet - INFO - 
 Average Precision  (AP) @[ IoU=0.50:0.95 | area=   all | maxDets=100 ] = 0.239
 Average Precision  (AP) @[ IoU=0.50      | area=   all | maxDets=1000 ] = 0.649
 Average Precision  (AP) @[ IoU=0.75      | area=   all | maxDets=1000 ] = 0.114
 Average Precision  (AP) @[ IoU=0.50:0.95 | area= small | maxDets=1000 ] = 0.049
 Average Precision  (AP) @[ IoU=0.50:0.95 | area=medium | maxDets=1000 ] = 0.206
 Average Precision  (AP) @[ IoU=0.50:0.95 | area= large | maxDets=1000 ] = 0.292
 Average Recall     (AR) @[ IoU=0.50:0.95 | area=   all | maxDets=100 ] = 0.364
 Average Recall     (AR) @[ IoU=0.50:0.95 | area=   all | maxDets=300 ] = 0.364
 Average Recall     (AR) @[ IoU=0.50:0.95 | area=   all | maxDets=1000 ] = 0.364
 Average Recall     (AR) @[ IoU=0.50:0.95 | area= small | maxDets=1000 ] = 0.097
 Average Recall     (AR) @[ IoU=0.50:0.95 | area=medium | maxDets=1000 ] = 0.320
 Average Recall     (AR) @[ IoU=0.50:0.95 | area= large | maxDets=1000 ] = 0.426

2026-05-09 11:18:50,661 - mmdet - INFO - Exp name: fold_1_swin_t_3x_hbb.py
2026-05-09 11:18:50,661 - mmdet - INFO - Epoch(val) [140][371]	bbox_mAP: 0.2390, bbox_mAP_50: 0.6490, bbox_mAP_75: 0.1140, bbox_mAP_s: 0.0490, bbox_mAP_m: 0.2060, bbox_mAP_l: 0.2920, bbox_mAP_copypaste: 0.239 0.649 0.114 0.049 0.206 0.292
2026-05-09 11:19:24,210 - mmdet - INFO - Epoch [141][50/186]	lr: 5.567e-05, eta: 4:12:50, time: 0.671, data_time: 0.067, memory: 7556, loss_cls: 0.0241, loss_bbox: 0.1025, loss_centerness: 0.5390, loss: 0.6657, grad_norm: 2.8708
2026-05-09 11:19:54,862 - mmdet - INFO - Epoch [141][100/186]	lr: 5.567e-05, eta: 4:12:31, time: 0.613, data_time: 0.012, memory: 7556, loss_cls: 0.0319, loss_bbox: 0.1140, loss_centerness: 0.5332, loss: 0.6791, grad_norm: 3.0790
2026-05-09 11:20:25,569 - mmdet - INFO - Epoch [141][150/186]	lr: 5.567e-05, eta: 4:12:11, time: 0.614, data_time: 0.012, memory: 7556, loss_cls: 0.0238, loss_bbox: 0.1027, loss_centerness: 0.5142, loss: 0.6407, grad_norm: 2.9834
2026-05-09 11:21:21,708 - mmdet - INFO - Epoch [142][50/186]	lr: 5.516e-05, eta: 4:11:16, time: 0.674, data_time: 0.067, memory: 7556, loss_cls: 0.0243, loss_bbox: 0.1060, loss_centerness: 0.5396, loss: 0.6699, grad_norm: 2.7326
2026-05-09 11:21:52,551 - mmdet - INFO - Epoch [142][100/186]	lr: 5.516e-05, eta: 4:10:56, time: 0.617, data_time: 0.012, memory: 7556, loss_cls: 0.0303, loss_bbox: 0.1125, loss_centerness: 0.5361, loss: 0.6788, grad_norm: 2.8972
2026-05-09 11:22:23,296 - mmdet - INFO - Epoch [142][150/186]	lr: 5.516e-05, eta: 4:10:36, time: 0.615, data_time: 0.012, memory: 7556, loss_cls: 0.0252, loss_bbox: 0.1041, loss_centerness: 0.5513, loss: 0.6806, grad_norm: 2.9167
2026-05-09 11:23:19,155 - mmdet - INFO - Epoch [143][50/186]	lr: 5.464e-05, eta: 4:09:41, time: 0.671, data_time: 0.066, memory: 7556, loss_cls: 0.0270, loss_bbox: 0.1112, loss_centerness: 0.5235, loss: 0.6616, grad_norm: 3.0744
2026-05-09 11:23:49,999 - mmdet - INFO - Epoch [143][100/186]	lr: 5.464e-05, eta: 4:09:21, time: 0.617, data_time: 0.012, memory: 7556, loss_cls: 0.0210, loss_bbox: 0.1081, loss_centerness: 0.5298, loss: 0.6589, grad_norm: 3.1548
2026-05-09 11:24:20,707 - mmdet - INFO - Epoch [143][150/186]	lr: 5.464e-05, eta: 4:09:01, time: 0.614, data_time: 0.012, memory: 7556, loss_cls: 0.0224, loss_bbox: 0.1000, loss_centerness: 0.4859, loss: 0.6083, grad_norm: 3.0104
2026-05-09 11:25:16,680 - mmdet - INFO - Epoch [144][50/186]	lr: 5.413e-05, eta: 4:08:06, time: 0.673, data_time: 0.067, memory: 7556, loss_cls: 0.0284, loss_bbox: 0.1103, loss_centerness: 0.5338, loss: 0.6726, grad_norm: 2.8719
2026-05-09 11:25:47,302 - mmdet - INFO - Epoch [144][100/186]	lr: 5.413e-05, eta: 4:07:46, time: 0.612, data_time: 0.011, memory: 7556, loss_cls: 0.0161, loss_bbox: 0.0905, loss_centerness: 0.4896, loss: 0.5962, grad_norm: 2.8933
2026-05-09 11:26:18,244 - mmdet - INFO - Epoch [144][150/186]	lr: 5.413e-05, eta: 4:07:26, time: 0.619, data_time: 0.012, memory: 7556, loss_cls: 0.0207, loss_bbox: 0.1024, loss_centerness: 0.5210, loss: 0.6441, grad_norm: 2.8071
2026-05-09 11:27:14,216 - mmdet - INFO - Epoch [145][50/186]	lr: 5.361e-05, eta: 4:06:31, time: 0.671, data_time: 0.066, memory: 7556, loss_cls: 0.0223, loss_bbox: 0.1025, loss_centerness: 0.5496, loss: 0.6744, grad_norm: 2.7955
2026-05-09 11:27:44,972 - mmdet - INFO - Epoch [145][100/186]	lr: 5.361e-05, eta: 4:06:11, time: 0.615, data_time: 0.012, memory: 7556, loss_cls: 0.0172, loss_bbox: 0.0966, loss_centerness: 0.5105, loss: 0.6242, grad_norm: 2.7564
2026-05-09 11:28:15,759 - mmdet - INFO - Epoch [145][150/186]	lr: 5.361e-05, eta: 4:05:51, time: 0.616, data_time: 0.012, memory: 7556, loss_cls: 0.0271, loss_bbox: 0.1164, loss_centerness: 0.5388, loss: 0.6822, grad_norm: 3.0036
2026-05-09 11:29:05,488 - mmdet - INFO - Evaluating bbox...
2026-05-09 11:29:07,819 - mmdet - INFO - 
 Average Precision  (AP) @[ IoU=0.50:0.95 | area=   all | maxDets=100 ] = 0.243
 Average Precision  (AP) @[ IoU=0.50      | area=   all | maxDets=1000 ] = 0.658
 Average Precision  (AP) @[ IoU=0.75      | area=   all | maxDets=1000 ] = 0.123
 Average Precision  (AP) @[ IoU=0.50:0.95 | area= small | maxDets=1000 ] = 0.045
 Average Precision  (AP) @[ IoU=0.50:0.95 | area=medium | maxDets=1000 ] = 0.206
 Average Precision  (AP) @[ IoU=0.50:0.95 | area= large | maxDets=1000 ] = 0.298
 Average Recall     (AR) @[ IoU=0.50:0.95 | area=   all | maxDets=100 ] = 0.360
 Average Recall     (AR) @[ IoU=0.50:0.95 | area=   all | maxDets=300 ] = 0.360
 Average Recall     (AR) @[ IoU=0.50:0.95 | area=   all | maxDets=1000 ] = 0.360
 Average Recall     (AR) @[ IoU=0.50:0.95 | area= small | maxDets=1000 ] = 0.069
 Average Recall     (AR) @[ IoU=0.50:0.95 | area=medium | maxDets=1000 ] = 0.315
 Average Recall     (AR) @[ IoU=0.50:0.95 | area= large | maxDets=1000 ] = 0.424

2026-05-09 11:29:07,911 - mmdet - INFO - The previous best checkpoint /home/ahmadreza/Downloads/Research/M2SODAI/baseline_official/runs_swin_hbb/swin_t_hbb_fold_1_20260509/best_bbox_mAP_epoch_115.pth was removed
2026-05-09 11:29:09,608 - mmdet - INFO - Now best checkpoint is saved as best_bbox_mAP_epoch_145.pth.
2026-05-09 11:29:09,608 - mmdet - INFO - Best bbox_mAP is 0.2430 at 145 epoch.
2026-05-09 11:29:09,608 - mmdet - INFO - Exp name: fold_1_swin_t_3x_hbb.py
2026-05-09 11:29:09,609 - mmdet - INFO - Epoch(val) [145][371]	bbox_mAP: 0.2430, bbox_mAP_50: 0.6580, bbox_mAP_75: 0.1230, bbox_mAP_s: 0.0450, bbox_mAP_m: 0.2060, bbox_mAP_l: 0.2980, bbox_mAP_copypaste: 0.243 0.658 0.123 0.045 0.206 0.298
2026-05-09 11:29:43,122 - mmdet - INFO - Epoch [146][50/186]	lr: 5.309e-05, eta: 4:04:56, time: 0.670, data_time: 0.067, memory: 7556, loss_cls: 0.0185, loss_bbox: 0.1059, loss_centerness: 0.5206, loss: 0.6450, grad_norm: 3.2220
2026-05-09 11:30:13,902 - mmdet - INFO - Epoch [146][100/186]	lr: 5.309e-05, eta: 4:04:36, time: 0.615, data_time: 0.012, memory: 7556, loss_cls: 0.0204, loss_bbox: 0.1054, loss_centerness: 0.5509, loss: 0.6768, grad_norm: 2.8536
2026-05-09 11:30:44,728 - mmdet - INFO - Epoch [146][150/186]	lr: 5.309e-05, eta: 4:04:16, time: 0.617, data_time: 0.012, memory: 7556, loss_cls: 0.0256, loss_bbox: 0.1018, loss_centerness: 0.5162, loss: 0.6437, grad_norm: 2.8380
2026-05-09 11:31:40,673 - mmdet - INFO - Epoch [147][50/186]	lr: 5.257e-05, eta: 4:03:21, time: 0.672, data_time: 0.067, memory: 7556, loss_cls: 0.0207, loss_bbox: 0.0994, loss_centerness: 0.5131, loss: 0.6331, grad_norm: 3.1478
2026-05-09 11:32:11,378 - mmdet - INFO - Epoch [147][100/186]	lr: 5.257e-05, eta: 4:03:01, time: 0.614, data_time: 0.012, memory: 7556, loss_cls: 0.0398, loss_bbox: 0.1013, loss_centerness: 0.5124, loss: 0.6535, grad_norm: 3.0060
2026-05-09 11:32:42,252 - mmdet - INFO - Epoch [147][150/186]	lr: 5.257e-05, eta: 4:02:41, time: 0.617, data_time: 0.012, memory: 7556, loss_cls: 0.0265, loss_bbox: 0.1103, loss_centerness: 0.5282, loss: 0.6650, grad_norm: 3.0212
2026-05-09 11:33:38,086 - mmdet - INFO - Epoch [148][50/186]	lr: 5.205e-05, eta: 4:01:46, time: 0.669, data_time: 0.067, memory: 7556, loss_cls: 0.0259, loss_bbox: 0.0910, loss_centerness: 0.4598, loss: 0.5767, grad_norm: 2.5387
2026-05-09 11:34:09,001 - mmdet - INFO - Epoch [148][100/186]	lr: 5.205e-05, eta: 4:01:26, time: 0.618, data_time: 0.012, memory: 7556, loss_cls: 0.0192, loss_bbox: 0.1045, loss_centerness: 0.5338, loss: 0.6575, grad_norm: 2.6400
2026-05-09 11:34:39,913 - mmdet - INFO - Epoch [148][150/186]	lr: 5.205e-05, eta: 4:01:06, time: 0.618, data_time: 0.012, memory: 7556, loss_cls: 0.0205, loss_bbox: 0.0989, loss_centerness: 0.5268, loss: 0.6461, grad_norm: 2.6696
2026-05-09 11:35:35,720 - mmdet - INFO - Epoch [149][50/186]	lr: 5.154e-05, eta: 4:00:12, time: 0.671, data_time: 0.067, memory: 7556, loss_cls: 0.0152, loss_bbox: 0.0962, loss_centerness: 0.5098, loss: 0.6212, grad_norm: 3.2306
2026-05-09 11:36:06,537 - mmdet - INFO - Epoch [149][100/186]	lr: 5.154e-05, eta: 3:59:52, time: 0.617, data_time: 0.012, memory: 7556, loss_cls: 0.0233, loss_bbox: 0.1097, loss_centerness: 0.5237, loss: 0.6567, grad_norm: 3.5661
2026-05-09 11:36:37,358 - mmdet - INFO - Epoch [149][150/186]	lr: 5.154e-05, eta: 3:59:32, time: 0.616, data_time: 0.012, memory: 7556, loss_cls: 0.0220, loss_bbox: 0.1035, loss_centerness: 0.5205, loss: 0.6460, grad_norm: 3.2909
2026-05-09 11:37:33,311 - mmdet - INFO - Epoch [150][50/186]	lr: 5.102e-05, eta: 3:58:37, time: 0.672, data_time: 0.067, memory: 7556, loss_cls: 0.0176, loss_bbox: 0.0907, loss_centerness: 0.5077, loss: 0.6160, grad_norm: 2.7874
2026-05-09 11:38:04,216 - mmdet - INFO - Epoch [150][100/186]	lr: 5.102e-05, eta: 3:58:17, time: 0.618, data_time: 0.012, memory: 7556, loss_cls: 0.0175, loss_bbox: 0.1004, loss_centerness: 0.5498, loss: 0.6677, grad_norm: 2.5925
2026-05-09 11:38:35,148 - mmdet - INFO - Epoch [150][150/186]	lr: 5.102e-05, eta: 3:57:57, time: 0.619, data_time: 0.012, memory: 7556, loss_cls: 0.0342, loss_bbox: 0.1138, loss_centerness: 0.5434, loss: 0.6913, grad_norm: 2.7435
2026-05-09 11:38:57,290 - mmdet - INFO - Saving checkpoint at 150 epochs
2026-05-09 11:39:25,991 - mmdet - INFO - Evaluating bbox...
2026-05-09 11:39:28,685 - mmdet - INFO - 
 Average Precision  (AP) @[ IoU=0.50:0.95 | area=   all | maxDets=100 ] = 0.241
 Average Precision  (AP) @[ IoU=0.50      | area=   all | maxDets=1000 ] = 0.650
 Average Precision  (AP) @[ IoU=0.75      | area=   all | maxDets=1000 ] = 0.114
 Average Precision  (AP) @[ IoU=0.50:0.95 | area= small | maxDets=1000 ] = 0.055
 Average Precision  (AP) @[ IoU=0.50:0.95 | area=medium | maxDets=1000 ] = 0.210
 Average Precision  (AP) @[ IoU=0.50:0.95 | area= large | maxDets=1000 ] = 0.292
 Average Recall     (AR) @[ IoU=0.50:0.95 | area=   all | maxDets=100 ] = 0.363
 Average Recall     (AR) @[ IoU=0.50:0.95 | area=   all | maxDets=300 ] = 0.363
 Average Recall     (AR) @[ IoU=0.50:0.95 | area=   all | maxDets=1000 ] = 0.363
 Average Recall     (AR) @[ IoU=0.50:0.95 | area= small | maxDets=1000 ] = 0.097
 Average Recall     (AR) @[ IoU=0.50:0.95 | area=medium | maxDets=1000 ] = 0.324
 Average Recall     (AR) @[ IoU=0.50:0.95 | area= large | maxDets=1000 ] = 0.420

2026-05-09 11:39:28,689 - mmdet - INFO - Exp name: fold_1_swin_t_3x_hbb.py
2026-05-09 11:39:28,689 - mmdet - INFO - Epoch(val) [150][371]	bbox_mAP: 0.2410, bbox_mAP_50: 0.6500, bbox_mAP_75: 0.1140, bbox_mAP_s: 0.0550, bbox_mAP_m: 0.2100, bbox_mAP_l: 0.2920, bbox_mAP_copypaste: 0.241 0.650 0.114 0.055 0.210 0.292
2026-05-09 11:40:02,394 - mmdet - INFO - Epoch [151][50/186]	lr: 5.050e-05, eta: 3:57:03, time: 0.674, data_time: 0.067, memory: 7556, loss_cls: 0.0246, loss_bbox: 0.1059, loss_centerness: 0.5523, loss: 0.6827, grad_norm: 2.8350
2026-05-09 11:40:33,009 - mmdet - INFO - Exp name: fold_1_swin_t_3x_hbb.py
2026-05-09 11:40:33,009 - mmdet - INFO - Epoch [151][100/186]	lr: 5.050e-05, eta: 3:56:42, time: 0.612, data_time: 0.012, memory: 7556, loss_cls: 0.0170, loss_bbox: 0.0942, loss_centerness: 0.4822, loss: 0.5934, grad_norm: 2.9394
2026-05-09 11:41:03,743 - mmdet - INFO - Epoch [151][150/186]	lr: 5.050e-05, eta: 3:56:22, time: 0.614, data_time: 0.011, memory: 7556, loss_cls: 0.0234, loss_bbox: 0.1045, loss_centerness: 0.5133, loss: 0.6412, grad_norm: 2.9434
2026-05-09 11:41:59,662 - mmdet - INFO - Epoch [152][50/186]	lr: 4.998e-05, eta: 3:55:28, time: 0.672, data_time: 0.067, memory: 7556, loss_cls: 0.0168, loss_bbox: 0.0998, loss_centerness: 0.5181, loss: 0.6348, grad_norm: 3.1277
2026-05-09 11:42:30,347 - mmdet - INFO - Epoch [152][100/186]	lr: 4.998e-05, eta: 3:55:07, time: 0.614, data_time: 0.011, memory: 7556, loss_cls: 0.0182, loss_bbox: 0.1041, loss_centerness: 0.5161, loss: 0.6384, grad_norm: 2.8453
2026-05-09 11:43:01,321 - mmdet - INFO - Epoch [152][150/186]	lr: 4.998e-05, eta: 3:54:47, time: 0.620, data_time: 0.012, memory: 7556, loss_cls: 0.0243, loss_bbox: 0.1006, loss_centerness: 0.5466, loss: 0.6715, grad_norm: 2.9466
2026-05-09 11:43:57,213 - mmdet - INFO - Epoch [153][50/186]	lr: 4.946e-05, eta: 3:53:53, time: 0.671, data_time: 0.067, memory: 7556, loss_cls: 0.0183, loss_bbox: 0.0932, loss_centerness: 0.5177, loss: 0.6292, grad_norm: 2.4700
2026-05-09 11:44:28,010 - mmdet - INFO - Epoch [153][100/186]	lr: 4.946e-05, eta: 3:53:32, time: 0.616, data_time: 0.012, memory: 7556, loss_cls: 0.0172, loss_bbox: 0.1035, loss_centerness: 0.5389, loss: 0.6596, grad_norm: 2.9710
2026-05-09 11:44:58,775 - mmdet - INFO - Epoch [153][150/186]	lr: 4.946e-05, eta: 3:53:12, time: 0.615, data_time: 0.011, memory: 7556, loss_cls: 0.0201, loss_bbox: 0.1070, loss_centerness: 0.5215, loss: 0.6485, grad_norm: 2.8543
2026-05-09 11:45:54,749 - mmdet - INFO - Epoch [154][50/186]	lr: 4.895e-05, eta: 3:52:18, time: 0.673, data_time: 0.067, memory: 7556, loss_cls: 0.0221, loss_bbox: 0.1039, loss_centerness: 0.5161, loss: 0.6421, grad_norm: 2.8278
2026-05-09 11:46:25,496 - mmdet - INFO - Epoch [154][100/186]	lr: 4.895e-05, eta: 3:51:57, time: 0.615, data_time: 0.011, memory: 7556, loss_cls: 0.0180, loss_bbox: 0.0969, loss_centerness: 0.5295, loss: 0.6445, grad_norm: 2.7925
2026-05-09 11:46:56,350 - mmdet - INFO - Epoch [154][150/186]	lr: 4.895e-05, eta: 3:51:37, time: 0.617, data_time: 0.012, memory: 7556, loss_cls: 0.0282, loss_bbox: 0.0988, loss_centerness: 0.5295, loss: 0.6565, grad_norm: 2.8288
2026-05-09 11:47:52,205 - mmdet - INFO - Epoch [155][50/186]	lr: 4.843e-05, eta: 3:50:43, time: 0.671, data_time: 0.067, memory: 7556, loss_cls: 0.0208, loss_bbox: 0.0895, loss_centerness: 0.5069, loss: 0.6172, grad_norm: 2.4527
2026-05-09 11:48:23,032 - mmdet - INFO - Epoch [155][100/186]	lr: 4.843e-05, eta: 3:50:23, time: 0.617, data_time: 0.012, memory: 7556, loss_cls: 0.0179, loss_bbox: 0.0949, loss_centerness: 0.5270, loss: 0.6398, grad_norm: 2.5578
2026-05-09 11:48:53,836 - mmdet - INFO - Epoch [155][150/186]	lr: 4.843e-05, eta: 3:50:02, time: 0.616, data_time: 0.011, memory: 7556, loss_cls: 0.0129, loss_bbox: 0.0911, loss_centerness: 0.5394, loss: 0.6435, grad_norm: 2.7772
2026-05-09 11:49:43,635 - mmdet - INFO - Evaluating bbox...
2026-05-09 11:49:46,054 - mmdet - INFO - 
 Average Precision  (AP) @[ IoU=0.50:0.95 | area=   all | maxDets=100 ] = 0.238
 Average Precision  (AP) @[ IoU=0.50      | area=   all | maxDets=1000 ] = 0.645
 Average Precision  (AP) @[ IoU=0.75      | area=   all | maxDets=1000 ] = 0.103
 Average Precision  (AP) @[ IoU=0.50:0.95 | area= small | maxDets=1000 ] = 0.043
 Average Precision  (AP) @[ IoU=0.50:0.95 | area=medium | maxDets=1000 ] = 0.201
 Average Precision  (AP) @[ IoU=0.50:0.95 | area= large | maxDets=1000 ] = 0.294
 Average Recall     (AR) @[ IoU=0.50:0.95 | area=   all | maxDets=100 ] = 0.353
 Average Recall     (AR) @[ IoU=0.50:0.95 | area=   all | maxDets=300 ] = 0.353
 Average Recall     (AR) @[ IoU=0.50:0.95 | area=   all | maxDets=1000 ] = 0.353
 Average Recall     (AR) @[ IoU=0.50:0.95 | area= small | maxDets=1000 ] = 0.079
 Average Recall     (AR) @[ IoU=0.50:0.95 | area=medium | maxDets=1000 ] = 0.304
 Average Recall     (AR) @[ IoU=0.50:0.95 | area= large | maxDets=1000 ] = 0.422

2026-05-09 11:49:46,058 - mmdet - INFO - Exp name: fold_1_swin_t_3x_hbb.py
2026-05-09 11:49:46,058 - mmdet - INFO - Epoch(val) [155][371]	bbox_mAP: 0.2380, bbox_mAP_50: 0.6450, bbox_mAP_75: 0.1030, bbox_mAP_s: 0.0430, bbox_mAP_m: 0.2010, bbox_mAP_l: 0.2940, bbox_mAP_copypaste: 0.238 0.645 0.103 0.043 0.201 0.294
2026-05-09 11:50:19,514 - mmdet - INFO - Epoch [156][50/186]	lr: 4.791e-05, eta: 3:49:08, time: 0.669, data_time: 0.066, memory: 7556, loss_cls: 0.0123, loss_bbox: 0.0837, loss_centerness: 0.5105, loss: 0.6065, grad_norm: 2.9701
2026-05-09 11:50:50,297 - mmdet - INFO - Epoch [156][100/186]	lr: 4.791e-05, eta: 3:48:48, time: 0.615, data_time: 0.012, memory: 7556, loss_cls: 0.0250, loss_bbox: 0.0914, loss_centerness: 0.5242, loss: 0.6406, grad_norm: 2.8615
2026-05-09 11:51:21,065 - mmdet - INFO - Epoch [156][150/186]	lr: 4.791e-05, eta: 3:48:27, time: 0.616, data_time: 0.012, memory: 7556, loss_cls: 0.0180, loss_bbox: 0.0998, loss_centerness: 0.5386, loss: 0.6564, grad_norm: 2.8113
2026-05-09 11:52:17,067 - mmdet - INFO - Epoch [157][50/186]	lr: 4.739e-05, eta: 3:47:33, time: 0.672, data_time: 0.067, memory: 7556, loss_cls: 0.0210, loss_bbox: 0.0936, loss_centerness: 0.5356, loss: 0.6502, grad_norm: 3.2171
2026-05-09 11:52:47,882 - mmdet - INFO - Epoch [157][100/186]	lr: 4.739e-05, eta: 3:47:13, time: 0.616, data_time: 0.012, memory: 7556, loss_cls: 0.0180, loss_bbox: 0.0947, loss_centerness: 0.5159, loss: 0.6286, grad_norm: 3.0601
2026-05-09 11:53:18,595 - mmdet - INFO - Epoch [157][150/186]	lr: 4.739e-05, eta: 3:46:52, time: 0.614, data_time: 0.011, memory: 7556, loss_cls: 0.0123, loss_bbox: 0.0882, loss_centerness: 0.5174, loss: 0.6179, grad_norm: 2.9481
2026-05-09 11:54:14,521 - mmdet - INFO - Epoch [158][50/186]	lr: 4.687e-05, eta: 3:45:59, time: 0.672, data_time: 0.066, memory: 7556, loss_cls: 0.0197, loss_bbox: 0.0967, loss_centerness: 0.5266, loss: 0.6431, grad_norm: 2.8957
2026-05-09 11:54:45,243 - mmdet - INFO - Epoch [158][100/186]	lr: 4.687e-05, eta: 3:45:38, time: 0.614, data_time: 0.011, memory: 7556, loss_cls: 0.0183, loss_bbox: 0.0910, loss_centerness: 0.5260, loss: 0.6353, grad_norm: 2.9011
2026-05-09 11:55:16,150 - mmdet - INFO - Epoch [158][150/186]	lr: 4.687e-05, eta: 3:45:17, time: 0.618, data_time: 0.012, memory: 7556, loss_cls: 0.0206, loss_bbox: 0.1026, loss_centerness: 0.5288, loss: 0.6520, grad_norm: 2.8708
2026-05-09 11:56:12,116 - mmdet - INFO - Epoch [159][50/186]	lr: 4.636e-05, eta: 3:44:24, time: 0.672, data_time: 0.067, memory: 7556, loss_cls: 0.0149, loss_bbox: 0.0898, loss_centerness: 0.5241, loss: 0.6289, grad_norm: 2.8061
2026-05-09 11:56:42,911 - mmdet - INFO - Epoch [159][100/186]	lr: 4.636e-05, eta: 3:44:03, time: 0.616, data_time: 0.012, memory: 7556, loss_cls: 0.0199, loss_bbox: 0.0936, loss_centerness: 0.5228, loss: 0.6362, grad_norm: 3.0221
2026-05-09 11:57:13,745 - mmdet - INFO - Epoch [159][150/186]	lr: 4.636e-05, eta: 3:43:42, time: 0.616, data_time: 0.012, memory: 7556, loss_cls: 0.0242, loss_bbox: 0.0981, loss_centerness: 0.5225, loss: 0.6448, grad_norm: 2.9250
2026-05-09 11:58:09,651 - mmdet - INFO - Epoch [160][50/186]	lr: 4.584e-05, eta: 3:42:49, time: 0.672, data_time: 0.067, memory: 7556, loss_cls: 0.0335, loss_bbox: 0.1033, loss_centerness: 0.5184, loss: 0.6552, grad_norm: 2.9257
2026-05-09 11:58:40,419 - mmdet - INFO - Epoch [160][100/186]	lr: 4.584e-05, eta: 3:42:28, time: 0.615, data_time: 0.011, memory: 7556, loss_cls: 0.0176, loss_bbox: 0.0942, loss_centerness: 0.5258, loss: 0.6375, grad_norm: 2.9996
2026-05-09 11:59:11,310 - mmdet - INFO - Epoch [160][150/186]	lr: 4.584e-05, eta: 3:42:07, time: 0.618, data_time: 0.012, memory: 7556, loss_cls: 0.0215, loss_bbox: 0.1061, loss_centerness: 0.5281, loss: 0.6557, grad_norm: 3.0365
2026-05-09 11:59:33,633 - mmdet - INFO - Saving checkpoint at 160 epochs
2026-05-09 12:00:02,555 - mmdet - INFO - Evaluating bbox...
2026-05-09 12:00:04,854 - mmdet - INFO - 
 Average Precision  (AP) @[ IoU=0.50:0.95 | area=   all | maxDets=100 ] = 0.241
 Average Precision  (AP) @[ IoU=0.50      | area=   all | maxDets=1000 ] = 0.645
 Average Precision  (AP) @[ IoU=0.75      | area=   all | maxDets=1000 ] = 0.112
 Average Precision  (AP) @[ IoU=0.50:0.95 | area= small | maxDets=1000 ] = 0.045
 Average Precision  (AP) @[ IoU=0.50:0.95 | area=medium | maxDets=1000 ] = 0.208
 Average Precision  (AP) @[ IoU=0.50:0.95 | area= large | maxDets=1000 ] = 0.291
 Average Recall     (AR) @[ IoU=0.50:0.95 | area=   all | maxDets=100 ] = 0.359
 Average Recall     (AR) @[ IoU=0.50:0.95 | area=   all | maxDets=300 ] = 0.359
 Average Recall     (AR) @[ IoU=0.50:0.95 | area=   all | maxDets=1000 ] = 0.359
 Average Recall     (AR) @[ IoU=0.50:0.95 | area= small | maxDets=1000 ] = 0.083
 Average Recall     (AR) @[ IoU=0.50:0.95 | area=medium | maxDets=1000 ] = 0.315
 Average Recall     (AR) @[ IoU=0.50:0.95 | area= large | maxDets=1000 ] = 0.421

2026-05-09 12:00:04,858 - mmdet - INFO - Exp name: fold_1_swin_t_3x_hbb.py
2026-05-09 12:00:04,858 - mmdet - INFO - Epoch(val) [160][371]	bbox_mAP: 0.2410, bbox_mAP_50: 0.6450, bbox_mAP_75: 0.1120, bbox_mAP_s: 0.0450, bbox_mAP_m: 0.2080, bbox_mAP_l: 0.2910, bbox_mAP_copypaste: 0.241 0.645 0.112 0.045 0.208 0.291
2026-05-09 12:00:38,342 - mmdet - INFO - Epoch [161][50/186]	lr: 4.533e-05, eta: 3:41:14, time: 0.669, data_time: 0.066, memory: 7556, loss_cls: 0.0204, loss_bbox: 0.0943, loss_centerness: 0.5321, loss: 0.6468, grad_norm: 2.6391
2026-05-09 12:01:09,011 - mmdet - INFO - Epoch [161][100/186]	lr: 4.533e-05, eta: 3:40:53, time: 0.614, data_time: 0.012, memory: 7556, loss_cls: 0.0400, loss_bbox: 0.0955, loss_centerness: 0.5082, loss: 0.6437, grad_norm: 3.6253
2026-05-09 12:01:39,845 - mmdet - INFO - Epoch [161][150/186]	lr: 4.533e-05, eta: 3:40:32, time: 0.616, data_time: 0.012, memory: 7556, loss_cls: 0.0486, loss_bbox: 0.0959, loss_centerness: 0.5224, loss: 0.6669, grad_norm: 3.5388
2026-05-09 12:02:35,872 - mmdet - INFO - Epoch [162][50/186]	lr: 4.481e-05, eta: 3:39:39, time: 0.674, data_time: 0.067, memory: 7556, loss_cls: 0.0231, loss_bbox: 0.0941, loss_centerness: 0.5337, loss: 0.6509, grad_norm: 3.0910
2026-05-09 12:03:06,605 - mmdet - INFO - Epoch [162][100/186]	lr: 4.481e-05, eta: 3:39:18, time: 0.614, data_time: 0.012, memory: 7556, loss_cls: 0.0265, loss_bbox: 0.0997, loss_centerness: 0.5166, loss: 0.6428, grad_norm: 3.0850
2026-05-09 12:03:37,332 - mmdet - INFO - Epoch [162][150/186]	lr: 4.481e-05, eta: 3:38:57, time: 0.615, data_time: 0.012, memory: 7556, loss_cls: 0.0237, loss_bbox: 0.0951, loss_centerness: 0.5088, loss: 0.6276, grad_norm: 3.1631
2026-05-09 12:04:33,170 - mmdet - INFO - Epoch [163][50/186]	lr: 4.430e-05, eta: 3:38:04, time: 0.668, data_time: 0.066, memory: 7556, loss_cls: 0.0446, loss_bbox: 0.0962, loss_centerness: 0.4829, loss: 0.6237, grad_norm: 3.1817
2026-05-09 12:05:04,142 - mmdet - INFO - Epoch [163][100/186]	lr: 4.430e-05, eta: 3:37:43, time: 0.620, data_time: 0.012, memory: 7556, loss_cls: 0.0209, loss_bbox: 0.0995, loss_centerness: 0.5462, loss: 0.6666, grad_norm: 3.1042
2026-05-09 12:05:34,883 - mmdet - INFO - Epoch [163][150/186]	lr: 4.430e-05, eta: 3:37:22, time: 0.615, data_time: 0.011, memory: 7556, loss_cls: 0.0180, loss_bbox: 0.0903, loss_centerness: 0.5026, loss: 0.6109, grad_norm: 2.9708
2026-05-09 12:06:30,837 - mmdet - INFO - Epoch [164][50/186]	lr: 4.378e-05, eta: 3:36:29, time: 0.673, data_time: 0.067, memory: 7556, loss_cls: 0.0140, loss_bbox: 0.0923, loss_centerness: 0.5456, loss: 0.6519, grad_norm: 2.8714
2026-05-09 12:07:01,588 - mmdet - INFO - Epoch [164][100/186]	lr: 4.378e-05, eta: 3:36:08, time: 0.615, data_time: 0.012, memory: 7556, loss_cls: 0.0317, loss_bbox: 0.0960, loss_centerness: 0.5285, loss: 0.6562, grad_norm: 2.7533
2026-05-09 12:07:32,500 - mmdet - INFO - Epoch [164][150/186]	lr: 4.378e-05, eta: 3:35:47, time: 0.618, data_time: 0.012, memory: 7556, loss_cls: 0.0241, loss_bbox: 0.0963, loss_centerness: 0.5361, loss: 0.6565, grad_norm: 2.6306
2026-05-09 12:08:28,360 - mmdet - INFO - Epoch [165][50/186]	lr: 4.327e-05, eta: 3:34:55, time: 0.672, data_time: 0.067, memory: 7556, loss_cls: 0.0146, loss_bbox: 0.0875, loss_centerness: 0.5306, loss: 0.6326, grad_norm: 2.6690
2026-05-09 12:08:59,222 - mmdet - INFO - Epoch [165][100/186]	lr: 4.327e-05, eta: 3:34:33, time: 0.617, data_time: 0.012, memory: 7556, loss_cls: 0.0130, loss_bbox: 0.0916, loss_centerness: 0.5209, loss: 0.6255, grad_norm: 3.0168
2026-05-09 12:09:30,010 - mmdet - INFO - Epoch [165][150/186]	lr: 4.327e-05, eta: 3:34:12, time: 0.616, data_time: 0.012, memory: 7556, loss_cls: 0.0157, loss_bbox: 0.0952, loss_centerness: 0.5324, loss: 0.6433, grad_norm: 3.1724
2026-05-09 12:10:19,721 - mmdet - INFO - Evaluating bbox...
2026-05-09 12:10:21,894 - mmdet - INFO - 
 Average Precision  (AP) @[ IoU=0.50:0.95 | area=   all | maxDets=100 ] = 0.238
 Average Precision  (AP) @[ IoU=0.50      | area=   all | maxDets=1000 ] = 0.636
 Average Precision  (AP) @[ IoU=0.75      | area=   all | maxDets=1000 ] = 0.115
 Average Precision  (AP) @[ IoU=0.50:0.95 | area= small | maxDets=1000 ] = 0.043
 Average Precision  (AP) @[ IoU=0.50:0.95 | area=medium | maxDets=1000 ] = 0.201
 Average Precision  (AP) @[ IoU=0.50:0.95 | area= large | maxDets=1000 ] = 0.293
 Average Recall     (AR) @[ IoU=0.50:0.95 | area=   all | maxDets=100 ] = 0.355
 Average Recall     (AR) @[ IoU=0.50:0.95 | area=   all | maxDets=300 ] = 0.355
 Average Recall     (AR) @[ IoU=0.50:0.95 | area=   all | maxDets=1000 ] = 0.355
 Average Recall     (AR) @[ IoU=0.50:0.95 | area= small | maxDets=1000 ] = 0.079
 Average Recall     (AR) @[ IoU=0.50:0.95 | area=medium | maxDets=1000 ] = 0.307
 Average Recall     (AR) @[ IoU=0.50:0.95 | area= large | maxDets=1000 ] = 0.424

2026-05-09 12:10:21,898 - mmdet - INFO - Exp name: fold_1_swin_t_3x_hbb.py
2026-05-09 12:10:21,899 - mmdet - INFO - Epoch(val) [165][371]	bbox_mAP: 0.2380, bbox_mAP_50: 0.6360, bbox_mAP_75: 0.1150, bbox_mAP_s: 0.0430, bbox_mAP_m: 0.2010, bbox_mAP_l: 0.2930, bbox_mAP_copypaste: 0.238 0.636 0.115 0.043 0.201 0.293
2026-05-09 12:10:55,481 - mmdet - INFO - Epoch [166][50/186]	lr: 4.276e-05, eta: 3:33:20, time: 0.671, data_time: 0.067, memory: 7556, loss_cls: 0.0158, loss_bbox: 0.0901, loss_centerness: 0.5257, loss: 0.6315, grad_norm: 2.8122
2026-05-09 12:11:26,251 - mmdet - INFO - Epoch [166][100/186]	lr: 4.276e-05, eta: 3:32:58, time: 0.615, data_time: 0.012, memory: 7556, loss_cls: 0.0247, loss_bbox: 0.1026, loss_centerness: 0.5319, loss: 0.6593, grad_norm: 2.9636
2026-05-09 12:11:57,051 - mmdet - INFO - Epoch [166][150/186]	lr: 4.276e-05, eta: 3:32:37, time: 0.616, data_time: 0.012, memory: 7556, loss_cls: 0.0360, loss_bbox: 0.0927, loss_centerness: 0.5035, loss: 0.6323, grad_norm: 3.0247
2026-05-09 12:12:52,819 - mmdet - INFO - Epoch [167][50/186]	lr: 4.224e-05, eta: 3:31:45, time: 0.669, data_time: 0.066, memory: 7556, loss_cls: 0.0183, loss_bbox: 0.0895, loss_centerness: 0.5122, loss: 0.6200, grad_norm: 2.5646
2026-05-09 12:13:23,643 - mmdet - INFO - Epoch [167][100/186]	lr: 4.224e-05, eta: 3:31:23, time: 0.617, data_time: 0.012, memory: 7556, loss_cls: 0.0171, loss_bbox: 0.0887, loss_centerness: 0.5304, loss: 0.6362, grad_norm: 2.7678
2026-05-09 12:13:54,440 - mmdet - INFO - Epoch [167][150/186]	lr: 4.224e-05, eta: 3:31:02, time: 0.616, data_time: 0.012, memory: 7556, loss_cls: 0.0182, loss_bbox: 0.0945, loss_centerness: 0.5531, loss: 0.6658, grad_norm: 2.8155
2026-05-09 12:14:50,552 - mmdet - INFO - Epoch [168][50/186]	lr: 4.173e-05, eta: 3:30:10, time: 0.673, data_time: 0.066, memory: 7556, loss_cls: 0.0243, loss_bbox: 0.0942, loss_centerness: 0.5311, loss: 0.6496, grad_norm: 2.6564
2026-05-09 12:15:21,309 - mmdet - INFO - Epoch [168][100/186]	lr: 4.173e-05, eta: 3:29:49, time: 0.615, data_time: 0.012, memory: 7556, loss_cls: 0.0204, loss_bbox: 0.0804, loss_centerness: 0.4972, loss: 0.5980, grad_norm: 2.6279
2026-05-09 12:15:52,105 - mmdet - INFO - Epoch [168][150/186]	lr: 4.173e-05, eta: 3:29:27, time: 0.616, data_time: 0.012, memory: 7556, loss_cls: 0.0433, loss_bbox: 0.0995, loss_centerness: 0.5061, loss: 0.6490, grad_norm: 2.8124
2026-05-09 12:16:47,924 - mmdet - INFO - Epoch [169][50/186]	lr: 4.122e-05, eta: 3:28:35, time: 0.669, data_time: 0.066, memory: 7556, loss_cls: 0.0160, loss_bbox: 0.0843, loss_centerness: 0.5108, loss: 0.6111, grad_norm: 3.1692
2026-05-09 12:17:18,882 - mmdet - INFO - Epoch [169][100/186]	lr: 4.122e-05, eta: 3:28:14, time: 0.619, data_time: 0.012, memory: 7556, loss_cls: 0.0333, loss_bbox: 0.0979, loss_centerness: 0.5212, loss: 0.6523, grad_norm: 3.3417
2026-05-09 12:17:49,686 - mmdet - INFO - Epoch [169][150/186]	lr: 4.122e-05, eta: 3:27:52, time: 0.616, data_time: 0.012, memory: 7556, loss_cls: 0.0171, loss_bbox: 0.0888, loss_centerness: 0.5205, loss: 0.6264, grad_norm: 3.5357
2026-05-09 12:18:45,632 - mmdet - INFO - Epoch [170][50/186]	lr: 4.072e-05, eta: 3:27:00, time: 0.672, data_time: 0.067, memory: 7556, loss_cls: 0.0147, loss_bbox: 0.1060, loss_centerness: 0.5460, loss: 0.6666, grad_norm: 3.0870
2026-05-09 12:19:16,381 - mmdet - INFO - Epoch [170][100/186]	lr: 4.072e-05, eta: 3:26:39, time: 0.615, data_time: 0.012, memory: 7556, loss_cls: 0.0106, loss_bbox: 0.0961, loss_centerness: 0.5368, loss: 0.6436, grad_norm: 3.4049
2026-05-09 12:19:47,328 - mmdet - INFO - Epoch [170][150/186]	lr: 4.072e-05, eta: 3:26:17, time: 0.619, data_time: 0.012, memory: 7556, loss_cls: 0.0138, loss_bbox: 0.0916, loss_centerness: 0.5270, loss: 0.6324, grad_norm: 3.0105
2026-05-09 12:20:09,636 - mmdet - INFO - Saving checkpoint at 170 epochs
2026-05-09 12:20:38,981 - mmdet - INFO - Evaluating bbox...
2026-05-09 12:20:41,258 - mmdet - INFO - 
 Average Precision  (AP) @[ IoU=0.50:0.95 | area=   all | maxDets=100 ] = 0.234
 Average Precision  (AP) @[ IoU=0.50      | area=   all | maxDets=1000 ] = 0.627
 Average Precision  (AP) @[ IoU=0.75      | area=   all | maxDets=1000 ] = 0.107
 Average Precision  (AP) @[ IoU=0.50:0.95 | area= small | maxDets=1000 ] = 0.041
 Average Precision  (AP) @[ IoU=0.50:0.95 | area=medium | maxDets=1000 ] = 0.198
 Average Precision  (AP) @[ IoU=0.50:0.95 | area= large | maxDets=1000 ] = 0.287
 Average Recall     (AR) @[ IoU=0.50:0.95 | area=   all | maxDets=100 ] = 0.350
 Average Recall     (AR) @[ IoU=0.50:0.95 | area=   all | maxDets=300 ] = 0.350
 Average Recall     (AR) @[ IoU=0.50:0.95 | area=   all | maxDets=1000 ] = 0.350
 Average Recall     (AR) @[ IoU=0.50:0.95 | area= small | maxDets=1000 ] = 0.093
 Average Recall     (AR) @[ IoU=0.50:0.95 | area=medium | maxDets=1000 ] = 0.312
 Average Recall     (AR) @[ IoU=0.50:0.95 | area= large | maxDets=1000 ] = 0.405

2026-05-09 12:20:41,262 - mmdet - INFO - Exp name: fold_1_swin_t_3x_hbb.py
2026-05-09 12:20:41,262 - mmdet - INFO - Epoch(val) [170][371]	bbox_mAP: 0.2340, bbox_mAP_50: 0.6270, bbox_mAP_75: 0.1070, bbox_mAP_s: 0.0410, bbox_mAP_m: 0.1980, bbox_mAP_l: 0.2870, bbox_mAP_copypaste: 0.234 0.627 0.107 0.041 0.198 0.287
2026-05-09 12:21:14,527 - mmdet - INFO - Epoch [171][50/186]	lr: 4.021e-05, eta: 3:25:25, time: 0.665, data_time: 0.066, memory: 7556, loss_cls: 0.0122, loss_bbox: 0.0757, loss_centerness: 0.5155, loss: 0.6034, grad_norm: 2.7348
2026-05-09 12:21:45,365 - mmdet - INFO - Epoch [171][100/186]	lr: 4.021e-05, eta: 3:25:04, time: 0.617, data_time: 0.012, memory: 7556, loss_cls: 0.0202, loss_bbox: 0.0967, loss_centerness: 0.5347, loss: 0.6516, grad_norm: 2.8563
2026-05-09 12:22:16,184 - mmdet - INFO - Epoch [171][150/186]	lr: 4.021e-05, eta: 3:24:42, time: 0.616, data_time: 0.012, memory: 7556, loss_cls: 0.0431, loss_bbox: 0.0975, loss_centerness: 0.5189, loss: 0.6595, grad_norm: 3.1863
2026-05-09 12:23:12,245 - mmdet - INFO - Epoch [172][50/186]	lr: 3.970e-05, eta: 3:23:50, time: 0.673, data_time: 0.067, memory: 7556, loss_cls: 0.0334, loss_bbox: 0.0950, loss_centerness: 0.5327, loss: 0.6611, grad_norm: 3.2129
2026-05-09 12:23:42,943 - mmdet - INFO - Epoch [172][100/186]	lr: 3.970e-05, eta: 3:23:29, time: 0.614, data_time: 0.011, memory: 7556, loss_cls: 0.0266, loss_bbox: 0.0964, loss_centerness: 0.5434, loss: 0.6664, grad_norm: 3.0443
2026-05-09 12:24:13,699 - mmdet - INFO - Epoch [172][150/186]	lr: 3.970e-05, eta: 3:23:07, time: 0.615, data_time: 0.012, memory: 7556, loss_cls: 0.0291, loss_bbox: 0.0884, loss_centerness: 0.5062, loss: 0.6238, grad_norm: 2.9927
2026-05-09 12:25:09,805 - mmdet - INFO - Epoch [173][50/186]	lr: 3.920e-05, eta: 3:22:15, time: 0.673, data_time: 0.067, memory: 7556, loss_cls: 0.0145, loss_bbox: 0.0871, loss_centerness: 0.5470, loss: 0.6486, grad_norm: 2.9004
2026-05-09 12:25:40,489 - mmdet - INFO - Epoch [173][100/186]	lr: 3.920e-05, eta: 3:21:54, time: 0.614, data_time: 0.011, memory: 7556, loss_cls: 0.0222, loss_bbox: 0.0824, loss_centerness: 0.4860, loss: 0.5907, grad_norm: 3.2302
2026-05-09 12:26:11,454 - mmdet - INFO - Epoch [173][150/186]	lr: 3.920e-05, eta: 3:21:32, time: 0.619, data_time: 0.012, memory: 7556, loss_cls: 0.0202, loss_bbox: 0.0929, loss_centerness: 0.5235, loss: 0.6366, grad_norm: 3.1288
2026-05-09 12:27:07,260 - mmdet - INFO - Epoch [174][50/186]	lr: 3.869e-05, eta: 3:20:41, time: 0.671, data_time: 0.067, memory: 7556, loss_cls: 0.0156, loss_bbox: 0.0960, loss_centerness: 0.4988, loss: 0.6103, grad_norm: 3.2860
2026-05-09 12:27:38,084 - mmdet - INFO - Epoch [174][100/186]	lr: 3.869e-05, eta: 3:20:19, time: 0.616, data_time: 0.012, memory: 7556, loss_cls: 0.0134, loss_bbox: 0.0962, loss_centerness: 0.5520, loss: 0.6616, grad_norm: 3.1636
2026-05-09 12:28:08,961 - mmdet - INFO - Epoch [174][150/186]	lr: 3.869e-05, eta: 3:19:57, time: 0.618, data_time: 0.012, memory: 7556, loss_cls: 0.0154, loss_bbox: 0.0851, loss_centerness: 0.5250, loss: 0.6255, grad_norm: 3.0875
2026-05-09 12:29:04,996 - mmdet - INFO - Epoch [175][50/186]	lr: 3.819e-05, eta: 3:19:06, time: 0.672, data_time: 0.067, memory: 7556, loss_cls: 0.0185, loss_bbox: 0.0961, loss_centerness: 0.5508, loss: 0.6653, grad_norm: 2.7415
2026-05-09 12:29:35,927 - mmdet - INFO - Epoch [175][100/186]	lr: 3.819e-05, eta: 3:18:44, time: 0.619, data_time: 0.012, memory: 7556, loss_cls: 0.0170, loss_bbox: 0.0857, loss_centerness: 0.5386, loss: 0.6413, grad_norm: 2.7780
2026-05-09 12:30:06,566 - mmdet - INFO - Epoch [175][150/186]	lr: 3.819e-05, eta: 3:18:22, time: 0.613, data_time: 0.011, memory: 7556, loss_cls: 0.0174, loss_bbox: 0.0908, loss_centerness: 0.4968, loss: 0.6049, grad_norm: 2.9811
2026-05-09 12:30:56,355 - mmdet - INFO - Evaluating bbox...
2026-05-09 12:30:58,724 - mmdet - INFO - 
 Average Precision  (AP) @[ IoU=0.50:0.95 | area=   all | maxDets=100 ] = 0.236
 Average Precision  (AP) @[ IoU=0.50      | area=   all | maxDets=1000 ] = 0.625
 Average Precision  (AP) @[ IoU=0.75      | area=   all | maxDets=1000 ] = 0.119
 Average Precision  (AP) @[ IoU=0.50:0.95 | area= small | maxDets=1000 ] = 0.032
 Average Precision  (AP) @[ IoU=0.50:0.95 | area=medium | maxDets=1000 ] = 0.202
 Average Precision  (AP) @[ IoU=0.50:0.95 | area= large | maxDets=1000 ] = 0.289
 Average Recall     (AR) @[ IoU=0.50:0.95 | area=   all | maxDets=100 ] = 0.354
 Average Recall     (AR) @[ IoU=0.50:0.95 | area=   all | maxDets=300 ] = 0.354
 Average Recall     (AR) @[ IoU=0.50:0.95 | area=   all | maxDets=1000 ] = 0.354
 Average Recall     (AR) @[ IoU=0.50:0.95 | area= small | maxDets=1000 ] = 0.069
 Average Recall     (AR) @[ IoU=0.50:0.95 | area=medium | maxDets=1000 ] = 0.312
 Average Recall     (AR) @[ IoU=0.50:0.95 | area= large | maxDets=1000 ] = 0.415

2026-05-09 12:30:58,728 - mmdet - INFO - Exp name: fold_1_swin_t_3x_hbb.py
2026-05-09 12:30:58,728 - mmdet - INFO - Epoch(val) [175][371]	bbox_mAP: 0.2360, bbox_mAP_50: 0.6250, bbox_mAP_75: 0.1190, bbox_mAP_s: 0.0320, bbox_mAP_m: 0.2020, bbox_mAP_l: 0.2890, bbox_mAP_copypaste: 0.236 0.625 0.119 0.032 0.202 0.289
2026-05-09 12:31:32,253 - mmdet - INFO - Epoch [176][50/186]	lr: 3.769e-05, eta: 3:17:31, time: 0.670, data_time: 0.067, memory: 7556, loss_cls: 0.0142, loss_bbox: 0.0905, loss_centerness: 0.5475, loss: 0.6523, grad_norm: 2.7818
2026-05-09 12:32:03,137 - mmdet - INFO - Epoch [176][100/186]	lr: 3.769e-05, eta: 3:17:09, time: 0.617, data_time: 0.012, memory: 7556, loss_cls: 0.0199, loss_bbox: 0.0936, loss_centerness: 0.5601, loss: 0.6736, grad_norm: 2.5625
2026-05-09 12:32:33,982 - mmdet - INFO - Epoch [176][150/186]	lr: 3.769e-05, eta: 3:16:47, time: 0.617, data_time: 0.012, memory: 7556, loss_cls: 0.0154, loss_bbox: 0.0852, loss_centerness: 0.5298, loss: 0.6304, grad_norm: 2.5259
2026-05-09 12:33:29,973 - mmdet - INFO - Epoch [177][50/186]	lr: 3.719e-05, eta: 3:15:56, time: 0.672, data_time: 0.067, memory: 7556, loss_cls: 0.0162, loss_bbox: 0.0879, loss_centerness: 0.5252, loss: 0.6292, grad_norm: 3.2905
2026-05-09 12:34:00,734 - mmdet - INFO - Epoch [177][100/186]	lr: 3.719e-05, eta: 3:15:34, time: 0.615, data_time: 0.011, memory: 7556, loss_cls: 0.0214, loss_bbox: 0.0885, loss_centerness: 0.5281, loss: 0.6380, grad_norm: 3.1050
2026-05-09 12:34:31,546 - mmdet - INFO - Epoch [177][150/186]	lr: 3.719e-05, eta: 3:15:12, time: 0.616, data_time: 0.012, memory: 7556, loss_cls: 0.0345, loss_bbox: 0.0985, loss_centerness: 0.5140, loss: 0.6470, grad_norm: 2.9517
2026-05-09 12:35:27,564 - mmdet - INFO - Epoch [178][50/186]	lr: 3.669e-05, eta: 3:14:21, time: 0.673, data_time: 0.066, memory: 7556, loss_cls: 0.0219, loss_bbox: 0.0851, loss_centerness: 0.5291, loss: 0.6361, grad_norm: 2.4493
2026-05-09 12:35:58,429 - mmdet - INFO - Epoch [178][100/186]	lr: 3.669e-05, eta: 3:13:59, time: 0.617, data_time: 0.012, memory: 7556, loss_cls: 0.0093, loss_bbox: 0.0816, loss_centerness: 0.5383, loss: 0.6292, grad_norm: 2.4895
2026-05-09 12:36:29,134 - mmdet - INFO - Epoch [178][150/186]	lr: 3.669e-05, eta: 3:13:37, time: 0.614, data_time: 0.012, memory: 7556, loss_cls: 0.0135, loss_bbox: 0.0873, loss_centerness: 0.5099, loss: 0.6107, grad_norm: 2.5645
2026-05-09 12:37:25,162 - mmdet - INFO - Epoch [179][50/186]	lr: 3.619e-05, eta: 3:12:46, time: 0.672, data_time: 0.067, memory: 7556, loss_cls: 0.0112, loss_bbox: 0.0851, loss_centerness: 0.5172, loss: 0.6135, grad_norm: 2.6906
2026-05-09 12:37:56,000 - mmdet - INFO - Epoch [179][100/186]	lr: 3.619e-05, eta: 3:12:24, time: 0.617, data_time: 0.012, memory: 7556, loss_cls: 0.0152, loss_bbox: 0.0855, loss_centerness: 0.5490, loss: 0.6497, grad_norm: 2.7947
2026-05-09 12:38:26,751 - mmdet - INFO - Epoch [179][150/186]	lr: 3.619e-05, eta: 3:12:02, time: 0.615, data_time: 0.011, memory: 7556, loss_cls: 0.0137, loss_bbox: 0.0795, loss_centerness: 0.5048, loss: 0.5981, grad_norm: 2.8165
2026-05-09 12:39:22,727 - mmdet - INFO - Epoch [180][50/186]	lr: 3.570e-05, eta: 3:11:11, time: 0.673, data_time: 0.067, memory: 7556, loss_cls: 0.0127, loss_bbox: 0.0763, loss_centerness: 0.4956, loss: 0.5845, grad_norm: 2.8370
2026-05-09 12:39:53,472 - mmdet - INFO - Epoch [180][100/186]	lr: 3.570e-05, eta: 3:10:49, time: 0.615, data_time: 0.011, memory: 7556, loss_cls: 0.0181, loss_bbox: 0.0874, loss_centerness: 0.5248, loss: 0.6302, grad_norm: 2.5966
2026-05-09 12:40:24,315 - mmdet - INFO - Epoch [180][150/186]	lr: 3.570e-05, eta: 3:10:27, time: 0.617, data_time: 0.012, memory: 7556, loss_cls: 0.0130, loss_bbox: 0.0757, loss_centerness: 0.5031, loss: 0.5918, grad_norm: 2.6098
2026-05-09 12:40:46,678 - mmdet - INFO - Saving checkpoint at 180 epochs
2026-05-09 12:41:15,961 - mmdet - INFO - Evaluating bbox...
2026-05-09 12:41:18,117 - mmdet - INFO - 
 Average Precision  (AP) @[ IoU=0.50:0.95 | area=   all | maxDets=100 ] = 0.240
 Average Precision  (AP) @[ IoU=0.50      | area=   all | maxDets=1000 ] = 0.641
 Average Precision  (AP) @[ IoU=0.75      | area=   all | maxDets=1000 ] = 0.113
 Average Precision  (AP) @[ IoU=0.50:0.95 | area= small | maxDets=1000 ] = 0.036
 Average Precision  (AP) @[ IoU=0.50:0.95 | area=medium | maxDets=1000 ] = 0.202
 Average Precision  (AP) @[ IoU=0.50:0.95 | area= large | maxDets=1000 ] = 0.297
 Average Recall     (AR) @[ IoU=0.50:0.95 | area=   all | maxDets=100 ] = 0.355
 Average Recall     (AR) @[ IoU=0.50:0.95 | area=   all | maxDets=300 ] = 0.355
 Average Recall     (AR) @[ IoU=0.50:0.95 | area=   all | maxDets=1000 ] = 0.355
 Average Recall     (AR) @[ IoU=0.50:0.95 | area= small | maxDets=1000 ] = 0.079
 Average Recall     (AR) @[ IoU=0.50:0.95 | area=medium | maxDets=1000 ] = 0.308
 Average Recall     (AR) @[ IoU=0.50:0.95 | area= large | maxDets=1000 ] = 0.421

2026-05-09 12:41:18,120 - mmdet - INFO - Exp name: fold_1_swin_t_3x_hbb.py
2026-05-09 12:41:18,121 - mmdet - INFO - Epoch(val) [180][371]	bbox_mAP: 0.2400, bbox_mAP_50: 0.6410, bbox_mAP_75: 0.1130, bbox_mAP_s: 0.0360, bbox_mAP_m: 0.2020, bbox_mAP_l: 0.2970, bbox_mAP_copypaste: 0.240 0.641 0.113 0.036 0.202 0.297
2026-05-09 12:41:51,687 - mmdet - INFO - Epoch [181][50/186]	lr: 3.520e-05, eta: 3:09:36, time: 0.671, data_time: 0.066, memory: 7556, loss_cls: 0.0115, loss_bbox: 0.0783, loss_centerness: 0.5361, loss: 0.6259, grad_norm: 2.9435
2026-05-09 12:42:22,440 - mmdet - INFO - Epoch [181][100/186]	lr: 3.520e-05, eta: 3:09:14, time: 0.615, data_time: 0.012, memory: 7556, loss_cls: 0.0123, loss_bbox: 0.0850, loss_centerness: 0.5249, loss: 0.6223, grad_norm: 2.9189
2026-05-09 12:42:53,272 - mmdet - INFO - Epoch [181][150/186]	lr: 3.520e-05, eta: 3:08:52, time: 0.616, data_time: 0.012, memory: 7556, loss_cls: 0.0146, loss_bbox: 0.0853, loss_centerness: 0.5199, loss: 0.6197, grad_norm: 2.8005
2026-05-09 12:43:49,242 - mmdet - INFO - Epoch [182][50/186]	lr: 3.471e-05, eta: 3:08:02, time: 0.675, data_time: 0.067, memory: 7556, loss_cls: 0.0273, loss_bbox: 0.0900, loss_centerness: 0.5538, loss: 0.6711, grad_norm: 3.2966
2026-05-09 12:44:20,127 - mmdet - INFO - Epoch [182][100/186]	lr: 3.471e-05, eta: 3:07:39, time: 0.618, data_time: 0.012, memory: 7556, loss_cls: 0.0219, loss_bbox: 0.0940, loss_centerness: 0.5386, loss: 0.6545, grad_norm: 2.9955
2026-05-09 12:44:50,872 - mmdet - INFO - Epoch [182][150/186]	lr: 3.471e-05, eta: 3:07:17, time: 0.615, data_time: 0.012, memory: 7556, loss_cls: 0.0168, loss_bbox: 0.0783, loss_centerness: 0.5358, loss: 0.6309, grad_norm: 3.3585
2026-05-09 12:45:46,617 - mmdet - INFO - Epoch [183][50/186]	lr: 3.422e-05, eta: 3:06:27, time: 0.671, data_time: 0.067, memory: 7556, loss_cls: 0.0220, loss_bbox: 0.0812, loss_centerness: 0.4974, loss: 0.6006, grad_norm: 3.4109
2026-05-09 12:46:17,379 - mmdet - INFO - Epoch [183][100/186]	lr: 3.422e-05, eta: 3:06:04, time: 0.615, data_time: 0.012, memory: 7556, loss_cls: 0.0234, loss_bbox: 0.0979, loss_centerness: 0.5290, loss: 0.6504, grad_norm: 3.0975
2026-05-09 12:46:48,256 - mmdet - INFO - Epoch [183][150/186]	lr: 3.422e-05, eta: 3:05:42, time: 0.617, data_time: 0.012, memory: 7556, loss_cls: 0.0176, loss_bbox: 0.0858, loss_centerness: 0.5407, loss: 0.6441, grad_norm: 2.9587
2026-05-09 12:47:44,183 - mmdet - INFO - Epoch [184][50/186]	lr: 3.373e-05, eta: 3:04:52, time: 0.671, data_time: 0.067, memory: 7556, loss_cls: 0.0185, loss_bbox: 0.0953, loss_centerness: 0.5325, loss: 0.6463, grad_norm: 2.5856
2026-05-09 12:48:14,910 - mmdet - INFO - Epoch [184][100/186]	lr: 3.373e-05, eta: 3:04:29, time: 0.614, data_time: 0.011, memory: 7556, loss_cls: 0.0138, loss_bbox: 0.0808, loss_centerness: 0.5160, loss: 0.6106, grad_norm: 2.6216
2026-05-09 12:48:45,812 - mmdet - INFO - Epoch [184][150/186]	lr: 3.373e-05, eta: 3:04:07, time: 0.618, data_time: 0.012, memory: 7556, loss_cls: 0.0150, loss_bbox: 0.0843, loss_centerness: 0.5419, loss: 0.6412, grad_norm: 2.6068
2026-05-09 12:49:41,598 - mmdet - INFO - Epoch [185][50/186]	lr: 3.325e-05, eta: 3:03:17, time: 0.669, data_time: 0.067, memory: 7556, loss_cls: 0.0100, loss_bbox: 0.0738, loss_centerness: 0.4983, loss: 0.5821, grad_norm: 3.0175
2026-05-09 12:50:12,486 - mmdet - INFO - Epoch [185][100/186]	lr: 3.325e-05, eta: 3:02:55, time: 0.618, data_time: 0.012, memory: 7556, loss_cls: 0.0144, loss_bbox: 0.0819, loss_centerness: 0.4994, loss: 0.5957, grad_norm: 2.6990
2026-05-09 12:50:43,234 - mmdet - INFO - Epoch [185][150/186]	lr: 3.325e-05, eta: 3:02:32, time: 0.615, data_time: 0.012, memory: 7556, loss_cls: 0.0217, loss_bbox: 0.0844, loss_centerness: 0.5125, loss: 0.6187, grad_norm: 3.1168
2026-05-09 12:51:33,037 - mmdet - INFO - Evaluating bbox...
2026-05-09 12:51:35,519 - mmdet - INFO - 
 Average Precision  (AP) @[ IoU=0.50:0.95 | area=   all | maxDets=100 ] = 0.232
 Average Precision  (AP) @[ IoU=0.50      | area=   all | maxDets=1000 ] = 0.625
 Average Precision  (AP) @[ IoU=0.75      | area=   all | maxDets=1000 ] = 0.110
 Average Precision  (AP) @[ IoU=0.50:0.95 | area= small | maxDets=1000 ] = 0.039
 Average Precision  (AP) @[ IoU=0.50:0.95 | area=medium | maxDets=1000 ] = 0.194
 Average Precision  (AP) @[ IoU=0.50:0.95 | area= large | maxDets=1000 ] = 0.288
 Average Recall     (AR) @[ IoU=0.50:0.95 | area=   all | maxDets=100 ] = 0.352
 Average Recall     (AR) @[ IoU=0.50:0.95 | area=   all | maxDets=300 ] = 0.352
 Average Recall     (AR) @[ IoU=0.50:0.95 | area=   all | maxDets=1000 ] = 0.352
 Average Recall     (AR) @[ IoU=0.50:0.95 | area= small | maxDets=1000 ] = 0.093
 Average Recall     (AR) @[ IoU=0.50:0.95 | area=medium | maxDets=1000 ] = 0.304
 Average Recall     (AR) @[ IoU=0.50:0.95 | area= large | maxDets=1000 ] = 0.418

2026-05-09 12:51:35,524 - mmdet - INFO - Exp name: fold_1_swin_t_3x_hbb.py
2026-05-09 12:51:35,524 - mmdet - INFO - Epoch(val) [185][371]	bbox_mAP: 0.2320, bbox_mAP_50: 0.6250, bbox_mAP_75: 0.1100, bbox_mAP_s: 0.0390, bbox_mAP_m: 0.1940, bbox_mAP_l: 0.2880, bbox_mAP_copypaste: 0.232 0.625 0.110 0.039 0.194 0.288
2026-05-09 12:52:09,048 - mmdet - INFO - Epoch [186][50/186]	lr: 3.276e-05, eta: 3:01:42, time: 0.670, data_time: 0.067, memory: 7556, loss_cls: 0.0183, loss_bbox: 0.0875, loss_centerness: 0.5254, loss: 0.6313, grad_norm: 2.8664
2026-05-09 12:52:39,751 - mmdet - INFO - Epoch [186][100/186]	lr: 3.276e-05, eta: 3:01:19, time: 0.614, data_time: 0.012, memory: 7556, loss_cls: 0.0173, loss_bbox: 0.0738, loss_centerness: 0.4926, loss: 0.5838, grad_norm: 2.7492
2026-05-09 12:53:10,582 - mmdet - INFO - Epoch [186][150/186]	lr: 3.276e-05, eta: 3:00:57, time: 0.617, data_time: 0.012, memory: 7556, loss_cls: 0.0204, loss_bbox: 0.0925, loss_centerness: 0.5450, loss: 0.6579, grad_norm: 2.6064
2026-05-09 12:54:06,536 - mmdet - INFO - Epoch [187][50/186]	lr: 3.228e-05, eta: 3:00:07, time: 0.671, data_time: 0.067, memory: 7556, loss_cls: 0.0219, loss_bbox: 0.0864, loss_centerness: 0.5312, loss: 0.6396, grad_norm: 2.9202
2026-05-09 12:54:37,424 - mmdet - INFO - Epoch [187][100/186]	lr: 3.228e-05, eta: 2:59:45, time: 0.618, data_time: 0.012, memory: 7556, loss_cls: 0.0196, loss_bbox: 0.0837, loss_centerness: 0.5156, loss: 0.6189, grad_norm: 2.8040
2026-05-09 12:55:08,180 - mmdet - INFO - Epoch [187][150/186]	lr: 3.228e-05, eta: 2:59:22, time: 0.615, data_time: 0.012, memory: 7556, loss_cls: 0.0201, loss_bbox: 0.0825, loss_centerness: 0.5087, loss: 0.6113, grad_norm: 2.7535
2026-05-09 12:56:04,094 - mmdet - INFO - Epoch [188][50/186]	lr: 3.180e-05, eta: 2:58:32, time: 0.672, data_time: 0.067, memory: 7556, loss_cls: 0.0224, loss_bbox: 0.0803, loss_centerness: 0.5330, loss: 0.6357, grad_norm: 2.9785
2026-05-09 12:56:34,672 - mmdet - INFO - Epoch [188][100/186]	lr: 3.180e-05, eta: 2:58:09, time: 0.611, data_time: 0.011, memory: 7556, loss_cls: 0.0177, loss_bbox: 0.0809, loss_centerness: 0.4916, loss: 0.5901, grad_norm: 2.9141
2026-05-09 12:57:05,630 - mmdet - INFO - Epoch [188][150/186]	lr: 3.180e-05, eta: 2:57:47, time: 0.619, data_time: 0.012, memory: 7556, loss_cls: 0.0162, loss_bbox: 0.0820, loss_centerness: 0.5350, loss: 0.6333, grad_norm: 2.8342
2026-05-09 12:58:01,649 - mmdet - INFO - Epoch [189][50/186]	lr: 3.132e-05, eta: 2:56:57, time: 0.673, data_time: 0.067, memory: 7556, loss_cls: 0.0202, loss_bbox: 0.0857, loss_centerness: 0.5364, loss: 0.6422, grad_norm: 2.1573
2026-05-09 12:58:32,408 - mmdet - INFO - Epoch [189][100/186]	lr: 3.132e-05, eta: 2:56:35, time: 0.615, data_time: 0.012, memory: 7556, loss_cls: 0.0107, loss_bbox: 0.0758, loss_centerness: 0.5306, loss: 0.6172, grad_norm: 2.5474
2026-05-09 12:59:03,255 - mmdet - INFO - Epoch [189][150/186]	lr: 3.132e-05, eta: 2:56:12, time: 0.617, data_time: 0.012, memory: 7556, loss_cls: 0.0254, loss_bbox: 0.0845, loss_centerness: 0.5370, loss: 0.6469, grad_norm: 2.6207
2026-05-09 12:59:59,112 - mmdet - INFO - Epoch [190][50/186]	lr: 3.084e-05, eta: 2:55:22, time: 0.671, data_time: 0.067, memory: 7556, loss_cls: 0.0135, loss_bbox: 0.0784, loss_centerness: 0.5181, loss: 0.6100, grad_norm: 3.0796
2026-05-09 13:00:29,814 - mmdet - INFO - Epoch [190][100/186]	lr: 3.084e-05, eta: 2:55:00, time: 0.614, data_time: 0.011, memory: 7556, loss_cls: 0.0143, loss_bbox: 0.0827, loss_centerness: 0.5160, loss: 0.6130, grad_norm: 3.2093
2026-05-09 13:01:00,695 - mmdet - INFO - Epoch [190][150/186]	lr: 3.084e-05, eta: 2:54:37, time: 0.618, data_time: 0.012, memory: 7556, loss_cls: 0.0120, loss_bbox: 0.0762, loss_centerness: 0.5095, loss: 0.5978, grad_norm: 3.1334
2026-05-09 13:01:23,108 - mmdet - INFO - Saving checkpoint at 190 epochs
2026-05-09 13:01:52,138 - mmdet - INFO - Evaluating bbox...
2026-05-09 13:01:54,263 - mmdet - INFO - 
 Average Precision  (AP) @[ IoU=0.50:0.95 | area=   all | maxDets=100 ] = 0.234
 Average Precision  (AP) @[ IoU=0.50      | area=   all | maxDets=1000 ] = 0.630
 Average Precision  (AP) @[ IoU=0.75      | area=   all | maxDets=1000 ] = 0.113
 Average Precision  (AP) @[ IoU=0.50:0.95 | area= small | maxDets=1000 ] = 0.047
 Average Precision  (AP) @[ IoU=0.50:0.95 | area=medium | maxDets=1000 ] = 0.198
 Average Precision  (AP) @[ IoU=0.50:0.95 | area= large | maxDets=1000 ] = 0.287
 Average Recall     (AR) @[ IoU=0.50:0.95 | area=   all | maxDets=100 ] = 0.348
 Average Recall     (AR) @[ IoU=0.50:0.95 | area=   all | maxDets=300 ] = 0.348
 Average Recall     (AR) @[ IoU=0.50:0.95 | area=   all | maxDets=1000 ] = 0.348
 Average Recall     (AR) @[ IoU=0.50:0.95 | area= small | maxDets=1000 ] = 0.090
 Average Recall     (AR) @[ IoU=0.50:0.95 | area=medium | maxDets=1000 ] = 0.306
 Average Recall     (AR) @[ IoU=0.50:0.95 | area= large | maxDets=1000 ] = 0.408

2026-05-09 13:01:54,267 - mmdet - INFO - Exp name: fold_1_swin_t_3x_hbb.py
2026-05-09 13:01:54,268 - mmdet - INFO - Epoch(val) [190][371]	bbox_mAP: 0.2340, bbox_mAP_50: 0.6300, bbox_mAP_75: 0.1130, bbox_mAP_s: 0.0470, bbox_mAP_m: 0.1980, bbox_mAP_l: 0.2870, bbox_mAP_copypaste: 0.234 0.630 0.113 0.047 0.198 0.287
2026-05-09 13:02:27,733 - mmdet - INFO - Epoch [191][50/186]	lr: 3.037e-05, eta: 2:53:47, time: 0.669, data_time: 0.067, memory: 7556, loss_cls: 0.0099, loss_bbox: 0.0805, loss_centerness: 0.5118, loss: 0.6022, grad_norm: 2.9707
2026-05-09 13:02:58,474 - mmdet - INFO - Epoch [191][100/186]	lr: 3.037e-05, eta: 2:53:24, time: 0.615, data_time: 0.012, memory: 7556, loss_cls: 0.0103, loss_bbox: 0.0765, loss_centerness: 0.4993, loss: 0.5862, grad_norm: 2.9794
2026-05-09 13:03:29,292 - mmdet - INFO - Epoch [191][150/186]	lr: 3.037e-05, eta: 2:53:02, time: 0.616, data_time: 0.011, memory: 7556, loss_cls: 0.0100, loss_bbox: 0.0833, loss_centerness: 0.5233, loss: 0.6167, grad_norm: 2.9066
2026-05-09 13:04:25,307 - mmdet - INFO - Epoch [192][50/186]	lr: 2.989e-05, eta: 2:52:12, time: 0.672, data_time: 0.067, memory: 7556, loss_cls: 0.0140, loss_bbox: 0.0821, loss_centerness: 0.5388, loss: 0.6349, grad_norm: 3.3367
2026-05-09 13:04:56,046 - mmdet - INFO - Epoch [192][100/186]	lr: 2.989e-05, eta: 2:51:49, time: 0.615, data_time: 0.011, memory: 7556, loss_cls: 0.0168, loss_bbox: 0.0874, loss_centerness: 0.5334, loss: 0.6375, grad_norm: 3.1090
2026-05-09 13:05:26,929 - mmdet - INFO - Epoch [192][150/186]	lr: 2.989e-05, eta: 2:51:27, time: 0.618, data_time: 0.012, memory: 7556, loss_cls: 0.0149, loss_bbox: 0.0778, loss_centerness: 0.5161, loss: 0.6088, grad_norm: 2.9076
2026-05-09 13:06:22,642 - mmdet - INFO - Epoch [193][50/186]	lr: 2.942e-05, eta: 2:50:37, time: 0.669, data_time: 0.067, memory: 7556, loss_cls: 0.0182, loss_bbox: 0.0775, loss_centerness: 0.5196, loss: 0.6152, grad_norm: 3.1763
2026-05-09 13:06:53,519 - mmdet - INFO - Epoch [193][100/186]	lr: 2.942e-05, eta: 2:50:14, time: 0.618, data_time: 0.012, memory: 7556, loss_cls: 0.0134, loss_bbox: 0.0834, loss_centerness: 0.5182, loss: 0.6150, grad_norm: 2.8710
2026-05-09 13:07:24,309 - mmdet - INFO - Epoch [193][150/186]	lr: 2.942e-05, eta: 2:49:52, time: 0.616, data_time: 0.011, memory: 7556, loss_cls: 0.0164, loss_bbox: 0.0902, loss_centerness: 0.5164, loss: 0.6231, grad_norm: 3.0222
2026-05-09 13:08:20,292 - mmdet - INFO - Epoch [194][50/186]	lr: 2.896e-05, eta: 2:49:02, time: 0.674, data_time: 0.067, memory: 7556, loss_cls: 0.0148, loss_bbox: 0.0875, loss_centerness: 0.5259, loss: 0.6282, grad_norm: 3.9208
2026-05-09 13:08:51,060 - mmdet - INFO - Epoch [194][100/186]	lr: 2.896e-05, eta: 2:48:40, time: 0.615, data_time: 0.012, memory: 7556, loss_cls: 0.0095, loss_bbox: 0.0767, loss_centerness: 0.5106, loss: 0.5968, grad_norm: 3.4133
2026-05-09 13:09:21,923 - mmdet - INFO - Epoch [194][150/186]	lr: 2.896e-05, eta: 2:48:17, time: 0.617, data_time: 0.012, memory: 7556, loss_cls: 0.0118, loss_bbox: 0.0833, loss_centerness: 0.5168, loss: 0.6119, grad_norm: 3.3880
2026-05-09 13:10:17,930 - mmdet - INFO - Epoch [195][50/186]	lr: 2.849e-05, eta: 2:47:27, time: 0.673, data_time: 0.067, memory: 7556, loss_cls: 0.0162, loss_bbox: 0.0919, loss_centerness: 0.5206, loss: 0.6287, grad_norm: 1.9951
2026-05-09 13:10:48,765 - mmdet - INFO - Epoch [195][100/186]	lr: 2.849e-05, eta: 2:47:05, time: 0.617, data_time: 0.012, memory: 7556, loss_cls: 0.0108, loss_bbox: 0.0765, loss_centerness: 0.4985, loss: 0.5857, grad_norm: 2.4305
2026-05-09 13:11:19,522 - mmdet - INFO - Epoch [195][150/186]	lr: 2.849e-05, eta: 2:46:42, time: 0.615, data_time: 0.011, memory: 7556, loss_cls: 0.0125, loss_bbox: 0.0789, loss_centerness: 0.5298, loss: 0.6211, grad_norm: 2.5326
2026-05-09 13:12:09,099 - mmdet - INFO - Evaluating bbox...
2026-05-09 13:12:11,223 - mmdet - INFO - 
 Average Precision  (AP) @[ IoU=0.50:0.95 | area=   all | maxDets=100 ] = 0.240
 Average Precision  (AP) @[ IoU=0.50      | area=   all | maxDets=1000 ] = 0.640
 Average Precision  (AP) @[ IoU=0.75      | area=   all | maxDets=1000 ] = 0.117
 Average Precision  (AP) @[ IoU=0.50:0.95 | area= small | maxDets=1000 ] = 0.037
 Average Precision  (AP) @[ IoU=0.50:0.95 | area=medium | maxDets=1000 ] = 0.203
 Average Precision  (AP) @[ IoU=0.50:0.95 | area= large | maxDets=1000 ] = 0.293
 Average Recall     (AR) @[ IoU=0.50:0.95 | area=   all | maxDets=100 ] = 0.353
 Average Recall     (AR) @[ IoU=0.50:0.95 | area=   all | maxDets=300 ] = 0.353
 Average Recall     (AR) @[ IoU=0.50:0.95 | area=   all | maxDets=1000 ] = 0.353
 Average Recall     (AR) @[ IoU=0.50:0.95 | area= small | maxDets=1000 ] = 0.079
 Average Recall     (AR) @[ IoU=0.50:0.95 | area=medium | maxDets=1000 ] = 0.308
 Average Recall     (AR) @[ IoU=0.50:0.95 | area= large | maxDets=1000 ] = 0.416

2026-05-09 13:12:11,227 - mmdet - INFO - Exp name: fold_1_swin_t_3x_hbb.py
2026-05-09 13:12:11,228 - mmdet - INFO - Epoch(val) [195][371]	bbox_mAP: 0.2400, bbox_mAP_50: 0.6400, bbox_mAP_75: 0.1170, bbox_mAP_s: 0.0370, bbox_mAP_m: 0.2030, bbox_mAP_l: 0.2930, bbox_mAP_copypaste: 0.240 0.640 0.117 0.037 0.203 0.293
2026-05-09 13:12:44,812 - mmdet - INFO - Epoch [196][50/186]	lr: 2.803e-05, eta: 2:45:52, time: 0.671, data_time: 0.067, memory: 7556, loss_cls: 0.0141, loss_bbox: 0.0733, loss_centerness: 0.5231, loss: 0.6104, grad_norm: 2.7115
2026-05-09 13:13:15,517 - mmdet - INFO - Epoch [196][100/186]	lr: 2.803e-05, eta: 2:45:30, time: 0.614, data_time: 0.012, memory: 7556, loss_cls: 0.0129, loss_bbox: 0.0785, loss_centerness: 0.5280, loss: 0.6194, grad_norm: 2.7848
2026-05-09 13:13:46,277 - mmdet - INFO - Epoch [196][150/186]	lr: 2.803e-05, eta: 2:45:07, time: 0.615, data_time: 0.012, memory: 7556, loss_cls: 0.0110, loss_bbox: 0.0747, loss_centerness: 0.5322, loss: 0.6179, grad_norm: 2.6430
2026-05-09 13:14:42,223 - mmdet - INFO - Epoch [197][50/186]	lr: 2.757e-05, eta: 2:44:17, time: 0.671, data_time: 0.067, memory: 7556, loss_cls: 0.0098, loss_bbox: 0.0746, loss_centerness: 0.5308, loss: 0.6151, grad_norm: 2.8834
2026-05-09 13:15:13,101 - mmdet - INFO - Epoch [197][100/186]	lr: 2.757e-05, eta: 2:43:55, time: 0.618, data_time: 0.012, memory: 7556, loss_cls: 0.0180, loss_bbox: 0.0855, loss_centerness: 0.5238, loss: 0.6272, grad_norm: 2.7095
2026-05-09 13:15:43,968 - mmdet - INFO - Epoch [197][150/186]	lr: 2.757e-05, eta: 2:43:32, time: 0.617, data_time: 0.012, memory: 7556, loss_cls: 0.0144, loss_bbox: 0.0739, loss_centerness: 0.5140, loss: 0.6023, grad_norm: 2.5641
2026-05-09 13:16:39,878 - mmdet - INFO - Epoch [198][50/186]	lr: 2.711e-05, eta: 2:42:43, time: 0.674, data_time: 0.067, memory: 7556, loss_cls: 0.0156, loss_bbox: 0.0773, loss_centerness: 0.5411, loss: 0.6340, grad_norm: 2.6880
2026-05-09 13:17:10,608 - mmdet - INFO - Epoch [198][100/186]	lr: 2.711e-05, eta: 2:42:20, time: 0.614, data_time: 0.011, memory: 7556, loss_cls: 0.0095, loss_bbox: 0.0738, loss_centerness: 0.5226, loss: 0.6059, grad_norm: 2.5059
2026-05-09 13:17:41,261 - mmdet - INFO - Epoch [198][150/186]	lr: 2.711e-05, eta: 2:41:57, time: 0.613, data_time: 0.011, memory: 7556, loss_cls: 0.0070, loss_bbox: 0.0630, loss_centerness: 0.4900, loss: 0.5600, grad_norm: 2.5098
2026-05-09 13:18:37,269 - mmdet - INFO - Epoch [199][50/186]	lr: 2.665e-05, eta: 2:41:07, time: 0.671, data_time: 0.067, memory: 7556, loss_cls: 0.0113, loss_bbox: 0.0748, loss_centerness: 0.5038, loss: 0.5899, grad_norm: 2.4177
2026-05-09 13:19:07,976 - mmdet - INFO - Epoch [199][100/186]	lr: 2.665e-05, eta: 2:40:45, time: 0.614, data_time: 0.011, memory: 7556, loss_cls: 0.0180, loss_bbox: 0.0804, loss_centerness: 0.4945, loss: 0.5929, grad_norm: 2.5608
2026-05-09 13:19:38,821 - mmdet - INFO - Epoch [199][150/186]	lr: 2.665e-05, eta: 2:40:22, time: 0.617, data_time: 0.012, memory: 7556, loss_cls: 0.0084, loss_bbox: 0.0714, loss_centerness: 0.5492, loss: 0.6291, grad_norm: 2.6607
2026-05-09 13:20:34,654 - mmdet - INFO - Epoch [200][50/186]	lr: 2.620e-05, eta: 2:39:32, time: 0.669, data_time: 0.067, memory: 7556, loss_cls: 0.0095, loss_bbox: 0.0725, loss_centerness: 0.5131, loss: 0.5951, grad_norm: 2.4043
2026-05-09 13:21:05,489 - mmdet - INFO - Epoch [200][100/186]	lr: 2.620e-05, eta: 2:39:09, time: 0.617, data_time: 0.012, memory: 7556, loss_cls: 0.0131, loss_bbox: 0.0741, loss_centerness: 0.5205, loss: 0.6077, grad_norm: 2.7818
2026-05-09 13:21:36,356 - mmdet - INFO - Epoch [200][150/186]	lr: 2.620e-05, eta: 2:38:47, time: 0.617, data_time: 0.012, memory: 7556, loss_cls: 0.0155, loss_bbox: 0.0747, loss_centerness: 0.5338, loss: 0.6240, grad_norm: 2.7557
2026-05-09 13:21:58,734 - mmdet - INFO - Saving checkpoint at 200 epochs
2026-05-09 13:22:28,023 - mmdet - INFO - Evaluating bbox...
2026-05-09 13:22:30,169 - mmdet - INFO - 
 Average Precision  (AP) @[ IoU=0.50:0.95 | area=   all | maxDets=100 ] = 0.239
 Average Precision  (AP) @[ IoU=0.50      | area=   all | maxDets=1000 ] = 0.633
 Average Precision  (AP) @[ IoU=0.75      | area=   all | maxDets=1000 ] = 0.112
 Average Precision  (AP) @[ IoU=0.50:0.95 | area= small | maxDets=1000 ] = 0.053
 Average Precision  (AP) @[ IoU=0.50:0.95 | area=medium | maxDets=1000 ] = 0.202
 Average Precision  (AP) @[ IoU=0.50:0.95 | area= large | maxDets=1000 ] = 0.295
 Average Recall     (AR) @[ IoU=0.50:0.95 | area=   all | maxDets=100 ] = 0.355
 Average Recall     (AR) @[ IoU=0.50:0.95 | area=   all | maxDets=300 ] = 0.355
 Average Recall     (AR) @[ IoU=0.50:0.95 | area=   all | maxDets=1000 ] = 0.355
 Average Recall     (AR) @[ IoU=0.50:0.95 | area= small | maxDets=1000 ] = 0.086
 Average Recall     (AR) @[ IoU=0.50:0.95 | area=medium | maxDets=1000 ] = 0.304
 Average Recall     (AR) @[ IoU=0.50:0.95 | area= large | maxDets=1000 ] = 0.425

2026-05-09 13:22:30,173 - mmdet - INFO - Exp name: fold_1_swin_t_3x_hbb.py
2026-05-09 13:22:30,173 - mmdet - INFO - Epoch(val) [200][371]	bbox_mAP: 0.2390, bbox_mAP_50: 0.6330, bbox_mAP_75: 0.1120, bbox_mAP_s: 0.0530, bbox_mAP_m: 0.2020, bbox_mAP_l: 0.2950, bbox_mAP_copypaste: 0.239 0.633 0.112 0.053 0.202 0.295
2026-05-09 13:23:03,588 - mmdet - INFO - Epoch [201][50/186]	lr: 2.575e-05, eta: 2:37:57, time: 0.668, data_time: 0.066, memory: 7556, loss_cls: 0.0089, loss_bbox: 0.0739, loss_centerness: 0.5089, loss: 0.5916, grad_norm: 2.4575
2026-05-09 13:23:34,478 - mmdet - INFO - Epoch [201][100/186]	lr: 2.575e-05, eta: 2:37:34, time: 0.618, data_time: 0.012, memory: 7556, loss_cls: 0.0154, loss_bbox: 0.0834, loss_centerness: 0.5462, loss: 0.6450, grad_norm: 2.4339
2026-05-09 13:24:05,114 - mmdet - INFO - Epoch [201][150/186]	lr: 2.575e-05, eta: 2:37:11, time: 0.612, data_time: 0.011, memory: 7556, loss_cls: 0.0186, loss_bbox: 0.0771, loss_centerness: 0.5005, loss: 0.5963, grad_norm: 2.4958
2026-05-09 13:25:01,267 - mmdet - INFO - Epoch [202][50/186]	lr: 2.530e-05, eta: 2:36:22, time: 0.676, data_time: 0.067, memory: 7556, loss_cls: 0.0179, loss_bbox: 0.0785, loss_centerness: 0.5504, loss: 0.6468, grad_norm: 3.1128
2026-05-09 13:25:31,949 - mmdet - INFO - Epoch [202][100/186]	lr: 2.530e-05, eta: 2:35:59, time: 0.613, data_time: 0.012, memory: 7556, loss_cls: 0.0123, loss_bbox: 0.0801, loss_centerness: 0.5069, loss: 0.5994, grad_norm: 2.7966
2026-05-09 13:26:02,745 - mmdet - INFO - Epoch [202][150/186]	lr: 2.530e-05, eta: 2:35:36, time: 0.616, data_time: 0.012, memory: 7556, loss_cls: 0.0116, loss_bbox: 0.0687, loss_centerness: 0.5159, loss: 0.5962, grad_norm: 2.6937
2026-05-09 13:26:58,511 - mmdet - INFO - Epoch [203][50/186]	lr: 2.486e-05, eta: 2:34:47, time: 0.671, data_time: 0.066, memory: 7556, loss_cls: 0.0126, loss_bbox: 0.0748, loss_centerness: 0.5125, loss: 0.5999, grad_norm: 2.1356
2026-05-09 13:27:29,408 - mmdet - INFO - Epoch [203][100/186]	lr: 2.486e-05, eta: 2:34:24, time: 0.618, data_time: 0.012, memory: 7556, loss_cls: 0.0148, loss_bbox: 0.0722, loss_centerness: 0.5158, loss: 0.6028, grad_norm: 2.4303
2026-05-09 13:28:00,129 - mmdet - INFO - Epoch [203][150/186]	lr: 2.486e-05, eta: 2:34:01, time: 0.614, data_time: 0.011, memory: 7556, loss_cls: 0.0082, loss_bbox: 0.0735, loss_centerness: 0.5240, loss: 0.6057, grad_norm: 2.3706
2026-05-09 13:28:56,019 - mmdet - INFO - Epoch [204][50/186]	lr: 2.442e-05, eta: 2:33:12, time: 0.673, data_time: 0.067, memory: 7556, loss_cls: 0.0132, loss_bbox: 0.0746, loss_centerness: 0.5504, loss: 0.6383, grad_norm: 2.8234
2026-05-09 13:29:26,788 - mmdet - INFO - Epoch [204][100/186]	lr: 2.442e-05, eta: 2:32:49, time: 0.615, data_time: 0.012, memory: 7556, loss_cls: 0.0109, loss_bbox: 0.0753, loss_centerness: 0.5140, loss: 0.6002, grad_norm: 2.8044
2026-05-09 13:29:57,479 - mmdet - INFO - Epoch [204][150/186]	lr: 2.442e-05, eta: 2:32:26, time: 0.614, data_time: 0.011, memory: 7556, loss_cls: 0.0168, loss_bbox: 0.0759, loss_centerness: 0.5078, loss: 0.6005, grad_norm: 2.8299
2026-05-09 13:30:53,475 - mmdet - INFO - Epoch [205][50/186]	lr: 2.398e-05, eta: 2:31:37, time: 0.672, data_time: 0.067, memory: 7556, loss_cls: 0.0170, loss_bbox: 0.0757, loss_centerness: 0.5140, loss: 0.6066, grad_norm: 2.2010
2026-05-09 13:31:24,276 - mmdet - INFO - Epoch [205][100/186]	lr: 2.398e-05, eta: 2:31:14, time: 0.616, data_time: 0.012, memory: 7556, loss_cls: 0.0066, loss_bbox: 0.0663, loss_centerness: 0.5062, loss: 0.5791, grad_norm: 2.2613
2026-05-09 13:31:55,020 - mmdet - INFO - Epoch [205][150/186]	lr: 2.398e-05, eta: 2:30:51, time: 0.615, data_time: 0.011, memory: 7556, loss_cls: 0.0092, loss_bbox: 0.0684, loss_centerness: 0.4980, loss: 0.5757, grad_norm: 2.2676
2026-05-09 13:32:44,776 - mmdet - INFO - Evaluating bbox...
2026-05-09 13:32:46,826 - mmdet - INFO - 
 Average Precision  (AP) @[ IoU=0.50:0.95 | area=   all | maxDets=100 ] = 0.242
 Average Precision  (AP) @[ IoU=0.50      | area=   all | maxDets=1000 ] = 0.641
 Average Precision  (AP) @[ IoU=0.75      | area=   all | maxDets=1000 ] = 0.121
 Average Precision  (AP) @[ IoU=0.50:0.95 | area= small | maxDets=1000 ] = 0.036
 Average Precision  (AP) @[ IoU=0.50:0.95 | area=medium | maxDets=1000 ] = 0.200
 Average Precision  (AP) @[ IoU=0.50:0.95 | area= large | maxDets=1000 ] = 0.303
 Average Recall     (AR) @[ IoU=0.50:0.95 | area=   all | maxDets=100 ] = 0.354
 Average Recall     (AR) @[ IoU=0.50:0.95 | area=   all | maxDets=300 ] = 0.354
 Average Recall     (AR) @[ IoU=0.50:0.95 | area=   all | maxDets=1000 ] = 0.354
 Average Recall     (AR) @[ IoU=0.50:0.95 | area= small | maxDets=1000 ] = 0.079
 Average Recall     (AR) @[ IoU=0.50:0.95 | area=medium | maxDets=1000 ] = 0.305
 Average Recall     (AR) @[ IoU=0.50:0.95 | area= large | maxDets=1000 ] = 0.422

2026-05-09 13:32:46,830 - mmdet - INFO - Exp name: fold_1_swin_t_3x_hbb.py
2026-05-09 13:32:46,830 - mmdet - INFO - Epoch(val) [205][371]	bbox_mAP: 0.2420, bbox_mAP_50: 0.6410, bbox_mAP_75: 0.1210, bbox_mAP_s: 0.0360, bbox_mAP_m: 0.2000, bbox_mAP_l: 0.3030, bbox_mAP_copypaste: 0.242 0.641 0.121 0.036 0.200 0.303
2026-05-09 13:33:20,386 - mmdet - INFO - Epoch [206][50/186]	lr: 2.354e-05, eta: 2:30:02, time: 0.671, data_time: 0.067, memory: 7556, loss_cls: 0.0104, loss_bbox: 0.0718, loss_centerness: 0.5084, loss: 0.5906, grad_norm: 2.7607
2026-05-09 13:33:51,058 - mmdet - INFO - Epoch [206][100/186]	lr: 2.354e-05, eta: 2:29:39, time: 0.613, data_time: 0.012, memory: 7556, loss_cls: 0.0089, loss_bbox: 0.0707, loss_centerness: 0.5096, loss: 0.5892, grad_norm: 3.0407
2026-05-09 13:34:21,925 - mmdet - INFO - Epoch [206][150/186]	lr: 2.354e-05, eta: 2:29:16, time: 0.617, data_time: 0.012, memory: 7556, loss_cls: 0.0114, loss_bbox: 0.0828, loss_centerness: 0.5366, loss: 0.6308, grad_norm: 3.0420
2026-05-09 13:35:17,837 - mmdet - INFO - Epoch [207][50/186]	lr: 2.311e-05, eta: 2:28:27, time: 0.670, data_time: 0.067, memory: 7556, loss_cls: 0.0067, loss_bbox: 0.0692, loss_centerness: 0.5256, loss: 0.6015, grad_norm: 2.5461
2026-05-09 13:35:48,536 - mmdet - INFO - Epoch [207][100/186]	lr: 2.311e-05, eta: 2:28:04, time: 0.614, data_time: 0.011, memory: 7556, loss_cls: 0.0069, loss_bbox: 0.0596, loss_centerness: 0.4728, loss: 0.5393, grad_norm: 2.4478
2026-05-09 13:36:19,452 - mmdet - INFO - Epoch [207][150/186]	lr: 2.311e-05, eta: 2:27:41, time: 0.618, data_time: 0.012, memory: 7556, loss_cls: 0.0118, loss_bbox: 0.0782, loss_centerness: 0.5444, loss: 0.6343, grad_norm: 2.4310
2026-05-09 13:37:15,472 - mmdet - INFO - Epoch [208][50/186]	lr: 2.268e-05, eta: 2:26:52, time: 0.673, data_time: 0.067, memory: 7556, loss_cls: 0.0083, loss_bbox: 0.0615, loss_centerness: 0.5239, loss: 0.5938, grad_norm: 2.7544
2026-05-09 13:37:46,221 - mmdet - INFO - Epoch [208][100/186]	lr: 2.268e-05, eta: 2:26:29, time: 0.615, data_time: 0.011, memory: 7556, loss_cls: 0.0065, loss_bbox: 0.0725, loss_centerness: 0.5093, loss: 0.5883, grad_norm: 2.4910
2026-05-09 13:38:16,911 - mmdet - INFO - Epoch [208][150/186]	lr: 2.268e-05, eta: 2:26:06, time: 0.614, data_time: 0.012, memory: 7556, loss_cls: 0.0162, loss_bbox: 0.0685, loss_centerness: 0.4682, loss: 0.5530, grad_norm: 2.5319
2026-05-09 13:39:12,937 - mmdet - INFO - Epoch [209][50/186]	lr: 2.225e-05, eta: 2:25:17, time: 0.673, data_time: 0.067, memory: 7556, loss_cls: 0.0190, loss_bbox: 0.0740, loss_centerness: 0.5328, loss: 0.6259, grad_norm: 2.3803
2026-05-09 13:39:43,733 - mmdet - INFO - Epoch [209][100/186]	lr: 2.225e-05, eta: 2:24:54, time: 0.616, data_time: 0.012, memory: 7556, loss_cls: 0.0131, loss_bbox: 0.0749, loss_centerness: 0.5439, loss: 0.6318, grad_norm: 2.4425
2026-05-09 13:40:14,515 - mmdet - INFO - Epoch [209][150/186]	lr: 2.225e-05, eta: 2:24:31, time: 0.615, data_time: 0.012, memory: 7556, loss_cls: 0.0125, loss_bbox: 0.0867, loss_centerness: 0.5227, loss: 0.6219, grad_norm: 2.5162
2026-05-09 13:41:10,441 - mmdet - INFO - Epoch [210][50/186]	lr: 2.183e-05, eta: 2:23:43, time: 0.674, data_time: 0.067, memory: 7556, loss_cls: 0.0164, loss_bbox: 0.0769, loss_centerness: 0.5407, loss: 0.6340, grad_norm: 3.0037
2026-05-09 13:41:41,278 - mmdet - INFO - Epoch [210][100/186]	lr: 2.183e-05, eta: 2:23:19, time: 0.617, data_time: 0.012, memory: 7556, loss_cls: 0.0117, loss_bbox: 0.0791, loss_centerness: 0.5412, loss: 0.6320, grad_norm: 2.8704
2026-05-09 13:42:12,146 - mmdet - INFO - Epoch [210][150/186]	lr: 2.183e-05, eta: 2:22:56, time: 0.618, data_time: 0.012, memory: 7556, loss_cls: 0.0164, loss_bbox: 0.0737, loss_centerness: 0.5228, loss: 0.6129, grad_norm: 2.7238
2026-05-09 13:42:34,262 - mmdet - INFO - Saving checkpoint at 210 epochs
2026-05-09 13:43:03,483 - mmdet - INFO - Evaluating bbox...
2026-05-09 13:43:05,677 - mmdet - INFO - 
 Average Precision  (AP) @[ IoU=0.50:0.95 | area=   all | maxDets=100 ] = 0.241
 Average Precision  (AP) @[ IoU=0.50      | area=   all | maxDets=1000 ] = 0.645
 Average Precision  (AP) @[ IoU=0.75      | area=   all | maxDets=1000 ] = 0.118
 Average Precision  (AP) @[ IoU=0.50:0.95 | area= small | maxDets=1000 ] = 0.036
 Average Precision  (AP) @[ IoU=0.50:0.95 | area=medium | maxDets=1000 ] = 0.202
 Average Precision  (AP) @[ IoU=0.50:0.95 | area= large | maxDets=1000 ] = 0.297
 Average Recall     (AR) @[ IoU=0.50:0.95 | area=   all | maxDets=100 ] = 0.355
 Average Recall     (AR) @[ IoU=0.50:0.95 | area=   all | maxDets=300 ] = 0.355
 Average Recall     (AR) @[ IoU=0.50:0.95 | area=   all | maxDets=1000 ] = 0.355
 Average Recall     (AR) @[ IoU=0.50:0.95 | area= small | maxDets=1000 ] = 0.079
 Average Recall     (AR) @[ IoU=0.50:0.95 | area=medium | maxDets=1000 ] = 0.309
 Average Recall     (AR) @[ IoU=0.50:0.95 | area= large | maxDets=1000 ] = 0.419

2026-05-09 13:43:05,681 - mmdet - INFO - Exp name: fold_1_swin_t_3x_hbb.py
2026-05-09 13:43:05,681 - mmdet - INFO - Epoch(val) [210][371]	bbox_mAP: 0.2410, bbox_mAP_50: 0.6450, bbox_mAP_75: 0.1180, bbox_mAP_s: 0.0360, bbox_mAP_m: 0.2020, bbox_mAP_l: 0.2970, bbox_mAP_copypaste: 0.241 0.645 0.118 0.036 0.202 0.297
2026-05-09 13:43:39,282 - mmdet - INFO - Epoch [211][50/186]	lr: 2.140e-05, eta: 2:22:08, time: 0.672, data_time: 0.067, memory: 7556, loss_cls: 0.0152, loss_bbox: 0.0779, loss_centerness: 0.5479, loss: 0.6409, grad_norm: 2.6123
2026-05-09 13:44:09,941 - mmdet - INFO - Epoch [211][100/186]	lr: 2.140e-05, eta: 2:21:44, time: 0.613, data_time: 0.011, memory: 7556, loss_cls: 0.0134, loss_bbox: 0.0677, loss_centerness: 0.4991, loss: 0.5802, grad_norm: 2.6419
2026-05-09 13:44:40,615 - mmdet - INFO - Epoch [211][150/186]	lr: 2.140e-05, eta: 2:21:21, time: 0.613, data_time: 0.011, memory: 7556, loss_cls: 0.0160, loss_bbox: 0.0733, loss_centerness: 0.5155, loss: 0.6048, grad_norm: 2.6159
2026-05-09 13:45:36,598 - mmdet - INFO - Epoch [212][50/186]	lr: 2.099e-05, eta: 2:20:33, time: 0.672, data_time: 0.067, memory: 7556, loss_cls: 0.0089, loss_bbox: 0.0716, loss_centerness: 0.5359, loss: 0.6164, grad_norm: 2.9415
2026-05-09 13:46:07,323 - mmdet - INFO - Epoch [212][100/186]	lr: 2.099e-05, eta: 2:20:09, time: 0.614, data_time: 0.011, memory: 7556, loss_cls: 0.0111, loss_bbox: 0.0704, loss_centerness: 0.5235, loss: 0.6050, grad_norm: 2.7312
2026-05-09 13:46:38,222 - mmdet - INFO - Epoch [212][150/186]	lr: 2.099e-05, eta: 2:19:46, time: 0.618, data_time: 0.012, memory: 7556, loss_cls: 0.0107, loss_bbox: 0.0753, loss_centerness: 0.5172, loss: 0.6032, grad_norm: 2.4762
2026-05-09 13:47:33,999 - mmdet - INFO - Epoch [213][50/186]	lr: 2.057e-05, eta: 2:18:58, time: 0.671, data_time: 0.067, memory: 7556, loss_cls: 0.0075, loss_bbox: 0.0636, loss_centerness: 0.5237, loss: 0.5948, grad_norm: 2.4944
2026-05-09 13:48:04,816 - mmdet - INFO - Epoch [213][100/186]	lr: 2.057e-05, eta: 2:18:34, time: 0.617, data_time: 0.012, memory: 7556, loss_cls: 0.0109, loss_bbox: 0.0753, loss_centerness: 0.5263, loss: 0.6125, grad_norm: 2.7608
2026-05-09 13:48:35,677 - mmdet - INFO - Epoch [213][150/186]	lr: 2.057e-05, eta: 2:18:11, time: 0.617, data_time: 0.012, memory: 7556, loss_cls: 0.0110, loss_bbox: 0.0691, loss_centerness: 0.5086, loss: 0.5887, grad_norm: 2.5518
2026-05-09 13:49:31,650 - mmdet - INFO - Epoch [214][50/186]	lr: 2.016e-05, eta: 2:17:23, time: 0.673, data_time: 0.067, memory: 7556, loss_cls: 0.0163, loss_bbox: 0.0739, loss_centerness: 0.5210, loss: 0.6111, grad_norm: 2.4293
2026-05-09 13:50:02,412 - mmdet - INFO - Epoch [214][100/186]	lr: 2.016e-05, eta: 2:16:59, time: 0.615, data_time: 0.011, memory: 7556, loss_cls: 0.0113, loss_bbox: 0.0708, loss_centerness: 0.5256, loss: 0.6078, grad_norm: 2.6559
2026-05-09 13:50:33,171 - mmdet - INFO - Epoch [214][150/186]	lr: 2.016e-05, eta: 2:16:36, time: 0.615, data_time: 0.012, memory: 7556, loss_cls: 0.0107, loss_bbox: 0.0682, loss_centerness: 0.5269, loss: 0.6057, grad_norm: 2.8737
2026-05-09 13:51:29,024 - mmdet - INFO - Epoch [215][50/186]	lr: 1.975e-05, eta: 2:15:48, time: 0.670, data_time: 0.067, memory: 7556, loss_cls: 0.0143, loss_bbox: 0.0726, loss_centerness: 0.5422, loss: 0.6291, grad_norm: 3.0420
2026-05-09 13:51:59,776 - mmdet - INFO - Epoch [215][100/186]	lr: 1.975e-05, eta: 2:15:24, time: 0.615, data_time: 0.012, memory: 7556, loss_cls: 0.0084, loss_bbox: 0.0682, loss_centerness: 0.5339, loss: 0.6105, grad_norm: 2.9935
2026-05-09 13:52:30,733 - mmdet - INFO - Epoch [215][150/186]	lr: 1.975e-05, eta: 2:15:01, time: 0.619, data_time: 0.012, memory: 7556, loss_cls: 0.0103, loss_bbox: 0.0730, loss_centerness: 0.5428, loss: 0.6261, grad_norm: 2.7998
2026-05-09 13:53:20,486 - mmdet - INFO - Evaluating bbox...
2026-05-09 13:53:22,987 - mmdet - INFO - 
 Average Precision  (AP) @[ IoU=0.50:0.95 | area=   all | maxDets=100 ] = 0.242
 Average Precision  (AP) @[ IoU=0.50      | area=   all | maxDets=1000 ] = 0.640
 Average Precision  (AP) @[ IoU=0.75      | area=   all | maxDets=1000 ] = 0.117
 Average Precision  (AP) @[ IoU=0.50:0.95 | area= small | maxDets=1000 ] = 0.036
 Average Precision  (AP) @[ IoU=0.50:0.95 | area=medium | maxDets=1000 ] = 0.202
 Average Precision  (AP) @[ IoU=0.50:0.95 | area= large | maxDets=1000 ] = 0.299
 Average Recall     (AR) @[ IoU=0.50:0.95 | area=   all | maxDets=100 ] = 0.356
 Average Recall     (AR) @[ IoU=0.50:0.95 | area=   all | maxDets=300 ] = 0.356
 Average Recall     (AR) @[ IoU=0.50:0.95 | area=   all | maxDets=1000 ] = 0.356
 Average Recall     (AR) @[ IoU=0.50:0.95 | area= small | maxDets=1000 ] = 0.083
 Average Recall     (AR) @[ IoU=0.50:0.95 | area=medium | maxDets=1000 ] = 0.310
 Average Recall     (AR) @[ IoU=0.50:0.95 | area= large | maxDets=1000 ] = 0.422

2026-05-09 13:53:22,991 - mmdet - INFO - Exp name: fold_1_swin_t_3x_hbb.py
2026-05-09 13:53:22,991 - mmdet - INFO - Epoch(val) [215][371]	bbox_mAP: 0.2420, bbox_mAP_50: 0.6400, bbox_mAP_75: 0.1170, bbox_mAP_s: 0.0360, bbox_mAP_m: 0.2020, bbox_mAP_l: 0.2990, bbox_mAP_copypaste: 0.242 0.640 0.117 0.036 0.202 0.299
2026-05-09 13:53:56,526 - mmdet - INFO - Epoch [216][50/186]	lr: 1.935e-05, eta: 2:14:13, time: 0.670, data_time: 0.067, memory: 7556, loss_cls: 0.0054, loss_bbox: 0.0599, loss_centerness: 0.5114, loss: 0.5767, grad_norm: 2.5541
2026-05-09 13:54:27,204 - mmdet - INFO - Epoch [216][100/186]	lr: 1.935e-05, eta: 2:13:49, time: 0.613, data_time: 0.011, memory: 7556, loss_cls: 0.0134, loss_bbox: 0.0641, loss_centerness: 0.5298, loss: 0.6073, grad_norm: 2.5731
2026-05-09 13:54:58,082 - mmdet - INFO - Epoch [216][150/186]	lr: 1.935e-05, eta: 2:13:26, time: 0.618, data_time: 0.012, memory: 7556, loss_cls: 0.0226, loss_bbox: 0.0760, loss_centerness: 0.5120, loss: 0.6107, grad_norm: 2.4089
2026-05-09 13:55:53,983 - mmdet - INFO - Epoch [217][50/186]	lr: 1.895e-05, eta: 2:12:38, time: 0.671, data_time: 0.067, memory: 7556, loss_cls: 0.0134, loss_bbox: 0.0725, loss_centerness: 0.5165, loss: 0.6025, grad_norm: 2.7945
2026-05-09 13:56:24,838 - mmdet - INFO - Epoch [217][100/186]	lr: 1.895e-05, eta: 2:12:14, time: 0.617, data_time: 0.012, memory: 7556, loss_cls: 0.0183, loss_bbox: 0.0640, loss_centerness: 0.5014, loss: 0.5837, grad_norm: 2.5880
2026-05-09 13:56:55,596 - mmdet - INFO - Epoch [217][150/186]	lr: 1.895e-05, eta: 2:11:50, time: 0.615, data_time: 0.011, memory: 7556, loss_cls: 0.0154, loss_bbox: 0.0623, loss_centerness: 0.5060, loss: 0.5837, grad_norm: 2.5472
2026-05-09 13:57:51,530 - mmdet - INFO - Epoch [218][50/186]	lr: 1.855e-05, eta: 2:11:03, time: 0.672, data_time: 0.067, memory: 7556, loss_cls: 0.0094, loss_bbox: 0.0608, loss_centerness: 0.5123, loss: 0.5825, grad_norm: 2.2403
2026-05-09 13:58:22,300 - mmdet - INFO - Epoch [218][100/186]	lr: 1.855e-05, eta: 2:10:39, time: 0.615, data_time: 0.011, memory: 7556, loss_cls: 0.0090, loss_bbox: 0.0711, loss_centerness: 0.5228, loss: 0.6028, grad_norm: 2.5900
2026-05-09 13:58:53,112 - mmdet - INFO - Epoch [218][150/186]	lr: 1.855e-05, eta: 2:10:15, time: 0.616, data_time: 0.012, memory: 7556, loss_cls: 0.0107, loss_bbox: 0.0658, loss_centerness: 0.5334, loss: 0.6100, grad_norm: 2.5902
2026-05-09 13:59:48,920 - mmdet - INFO - Epoch [219][50/186]	lr: 1.816e-05, eta: 2:09:28, time: 0.669, data_time: 0.066, memory: 7556, loss_cls: 0.0232, loss_bbox: 0.0716, loss_centerness: 0.5300, loss: 0.6248, grad_norm: 2.8739
2026-05-09 14:00:19,861 - mmdet - INFO - Epoch [219][100/186]	lr: 1.816e-05, eta: 2:09:04, time: 0.619, data_time: 0.012, memory: 7556, loss_cls: 0.0163, loss_bbox: 0.0752, loss_centerness: 0.5376, loss: 0.6290, grad_norm: 2.7552
2026-05-09 14:00:50,544 - mmdet - INFO - Epoch [219][150/186]	lr: 1.816e-05, eta: 2:08:40, time: 0.613, data_time: 0.011, memory: 7556, loss_cls: 0.0092, loss_bbox: 0.0620, loss_centerness: 0.5195, loss: 0.5907, grad_norm: 2.6767
2026-05-09 14:01:46,528 - mmdet - INFO - Epoch [220][50/186]	lr: 1.777e-05, eta: 2:07:53, time: 0.672, data_time: 0.067, memory: 7556, loss_cls: 0.0119, loss_bbox: 0.0637, loss_centerness: 0.5182, loss: 0.5938, grad_norm: 3.0206
2026-05-09 14:02:17,229 - mmdet - INFO - Epoch [220][100/186]	lr: 1.777e-05, eta: 2:07:29, time: 0.614, data_time: 0.011, memory: 7556, loss_cls: 0.0082, loss_bbox: 0.0678, loss_centerness: 0.5031, loss: 0.5791, grad_norm: 2.6447
2026-05-09 14:02:48,082 - mmdet - INFO - Epoch [220][150/186]	lr: 1.777e-05, eta: 2:07:05, time: 0.617, data_time: 0.012, memory: 7556, loss_cls: 0.0122, loss_bbox: 0.0682, loss_centerness: 0.5190, loss: 0.5994, grad_norm: 2.5469
2026-05-09 14:03:10,467 - mmdet - INFO - Saving checkpoint at 220 epochs
2026-05-09 14:03:39,599 - mmdet - INFO - Evaluating bbox...
2026-05-09 14:03:41,640 - mmdet - INFO - 
 Average Precision  (AP) @[ IoU=0.50:0.95 | area=   all | maxDets=100 ] = 0.240
 Average Precision  (AP) @[ IoU=0.50      | area=   all | maxDets=1000 ] = 0.636
 Average Precision  (AP) @[ IoU=0.75      | area=   all | maxDets=1000 ] = 0.119
 Average Precision  (AP) @[ IoU=0.50:0.95 | area= small | maxDets=1000 ] = 0.026
 Average Precision  (AP) @[ IoU=0.50:0.95 | area=medium | maxDets=1000 ] = 0.205
 Average Precision  (AP) @[ IoU=0.50:0.95 | area= large | maxDets=1000 ] = 0.292
 Average Recall     (AR) @[ IoU=0.50:0.95 | area=   all | maxDets=100 ] = 0.348
 Average Recall     (AR) @[ IoU=0.50:0.95 | area=   all | maxDets=300 ] = 0.348
 Average Recall     (AR) @[ IoU=0.50:0.95 | area=   all | maxDets=1000 ] = 0.348
 Average Recall     (AR) @[ IoU=0.50:0.95 | area= small | maxDets=1000 ] = 0.062
 Average Recall     (AR) @[ IoU=0.50:0.95 | area=medium | maxDets=1000 ] = 0.304
 Average Recall     (AR) @[ IoU=0.50:0.95 | area= large | maxDets=1000 ] = 0.412

2026-05-09 14:03:41,644 - mmdet - INFO - Exp name: fold_1_swin_t_3x_hbb.py
2026-05-09 14:03:41,644 - mmdet - INFO - Epoch(val) [220][371]	bbox_mAP: 0.2400, bbox_mAP_50: 0.6360, bbox_mAP_75: 0.1190, bbox_mAP_s: 0.0260, bbox_mAP_m: 0.2050, bbox_mAP_l: 0.2920, bbox_mAP_copypaste: 0.240 0.636 0.119 0.026 0.205 0.292
2026-05-09 14:04:15,244 - mmdet - INFO - Epoch [221][50/186]	lr: 1.738e-05, eta: 2:06:18, time: 0.672, data_time: 0.067, memory: 7556, loss_cls: 0.0273, loss_bbox: 0.0803, loss_centerness: 0.5438, loss: 0.6514, grad_norm: 2.4479
2026-05-09 14:04:46,188 - mmdet - INFO - Epoch [221][100/186]	lr: 1.738e-05, eta: 2:05:54, time: 0.619, data_time: 0.012, memory: 7556, loss_cls: 0.0126, loss_bbox: 0.0741, loss_centerness: 0.5301, loss: 0.6169, grad_norm: 2.3975
2026-05-09 14:05:16,738 - mmdet - INFO - Epoch [221][150/186]	lr: 1.738e-05, eta: 2:05:30, time: 0.611, data_time: 0.011, memory: 7556, loss_cls: 0.0146, loss_bbox: 0.0621, loss_centerness: 0.4876, loss: 0.5644, grad_norm: 2.6804
2026-05-09 14:06:12,464 - mmdet - INFO - Epoch [222][50/186]	lr: 1.699e-05, eta: 2:04:42, time: 0.672, data_time: 0.067, memory: 7556, loss_cls: 0.0154, loss_bbox: 0.0729, loss_centerness: 0.5212, loss: 0.6094, grad_norm: 2.4715
2026-05-09 14:06:43,184 - mmdet - INFO - Epoch [222][100/186]	lr: 1.699e-05, eta: 2:04:19, time: 0.614, data_time: 0.012, memory: 7556, loss_cls: 0.0104, loss_bbox: 0.0643, loss_centerness: 0.5321, loss: 0.6068, grad_norm: 2.4539
2026-05-09 14:07:13,937 - mmdet - INFO - Epoch [222][150/186]	lr: 1.699e-05, eta: 2:03:55, time: 0.615, data_time: 0.012, memory: 7556, loss_cls: 0.0131, loss_bbox: 0.0705, loss_centerness: 0.5164, loss: 0.6001, grad_norm: 2.4260
2026-05-09 14:08:09,936 - mmdet - INFO - Epoch [223][50/186]	lr: 1.661e-05, eta: 2:03:07, time: 0.671, data_time: 0.067, memory: 7556, loss_cls: 0.0110, loss_bbox: 0.0743, loss_centerness: 0.5125, loss: 0.5978, grad_norm: 3.1413
2026-05-09 14:08:40,693 - mmdet - INFO - Epoch [223][100/186]	lr: 1.661e-05, eta: 2:02:44, time: 0.615, data_time: 0.012, memory: 7556, loss_cls: 0.0045, loss_bbox: 0.0568, loss_centerness: 0.4923, loss: 0.5537, grad_norm: 2.7518
2026-05-09 14:09:11,564 - mmdet - INFO - Epoch [223][150/186]	lr: 1.661e-05, eta: 2:02:20, time: 0.617, data_time: 0.012, memory: 7556, loss_cls: 0.0155, loss_bbox: 0.0725, loss_centerness: 0.5283, loss: 0.6163, grad_norm: 2.7306
2026-05-09 14:10:07,605 - mmdet - INFO - Epoch [224][50/186]	lr: 1.624e-05, eta: 2:01:32, time: 0.673, data_time: 0.066, memory: 7556, loss_cls: 0.0064, loss_bbox: 0.0647, loss_centerness: 0.5418, loss: 0.6129, grad_norm: 2.1574
2026-05-09 14:10:38,486 - mmdet - INFO - Epoch [224][100/186]	lr: 1.624e-05, eta: 2:01:09, time: 0.617, data_time: 0.012, memory: 7556, loss_cls: 0.0052, loss_bbox: 0.0635, loss_centerness: 0.5317, loss: 0.6005, grad_norm: 2.3190
2026-05-09 14:11:09,367 - mmdet - INFO - Epoch [224][150/186]	lr: 1.624e-05, eta: 2:00:45, time: 0.618, data_time: 0.012, memory: 7556, loss_cls: 0.0082, loss_bbox: 0.0661, loss_centerness: 0.5172, loss: 0.5916, grad_norm: 2.3485
2026-05-09 14:12:05,142 - mmdet - INFO - Epoch [225][50/186]	lr: 1.587e-05, eta: 1:59:58, time: 0.671, data_time: 0.067, memory: 7556, loss_cls: 0.0102, loss_bbox: 0.0738, loss_centerness: 0.5271, loss: 0.6111, grad_norm: 4.2051
2026-05-09 14:12:36,023 - mmdet - INFO - Epoch [225][100/186]	lr: 1.587e-05, eta: 1:59:34, time: 0.618, data_time: 0.012, memory: 7556, loss_cls: 0.0063, loss_bbox: 0.0619, loss_centerness: 0.5152, loss: 0.5834, grad_norm: 3.5087
2026-05-09 14:13:06,824 - mmdet - INFO - Epoch [225][150/186]	lr: 1.587e-05, eta: 1:59:10, time: 0.616, data_time: 0.011, memory: 7556, loss_cls: 0.0118, loss_bbox: 0.0718, loss_centerness: 0.5353, loss: 0.6190, grad_norm: 3.2293
2026-05-09 14:13:56,520 - mmdet - INFO - Evaluating bbox...
2026-05-09 14:13:58,425 - mmdet - INFO - 
 Average Precision  (AP) @[ IoU=0.50:0.95 | area=   all | maxDets=100 ] = 0.240
 Average Precision  (AP) @[ IoU=0.50      | area=   all | maxDets=1000 ] = 0.632
 Average Precision  (AP) @[ IoU=0.75      | area=   all | maxDets=1000 ] = 0.117
 Average Precision  (AP) @[ IoU=0.50:0.95 | area= small | maxDets=1000 ] = 0.032
 Average Precision  (AP) @[ IoU=0.50:0.95 | area=medium | maxDets=1000 ] = 0.203
 Average Precision  (AP) @[ IoU=0.50:0.95 | area= large | maxDets=1000 ] = 0.293
 Average Recall     (AR) @[ IoU=0.50:0.95 | area=   all | maxDets=100 ] = 0.344
 Average Recall     (AR) @[ IoU=0.50:0.95 | area=   all | maxDets=300 ] = 0.344
 Average Recall     (AR) @[ IoU=0.50:0.95 | area=   all | maxDets=1000 ] = 0.344
 Average Recall     (AR) @[ IoU=0.50:0.95 | area= small | maxDets=1000 ] = 0.079
 Average Recall     (AR) @[ IoU=0.50:0.95 | area=medium | maxDets=1000 ] = 0.296
 Average Recall     (AR) @[ IoU=0.50:0.95 | area= large | maxDets=1000 ] = 0.411

2026-05-09 14:13:58,429 - mmdet - INFO - Exp name: fold_1_swin_t_3x_hbb.py
2026-05-09 14:13:58,429 - mmdet - INFO - Epoch(val) [225][371]	bbox_mAP: 0.2400, bbox_mAP_50: 0.6320, bbox_mAP_75: 0.1170, bbox_mAP_s: 0.0320, bbox_mAP_m: 0.2030, bbox_mAP_l: 0.2930, bbox_mAP_copypaste: 0.240 0.632 0.117 0.032 0.203 0.293
2026-05-09 14:14:32,099 - mmdet - INFO - Epoch [226][50/186]	lr: 1.550e-05, eta: 1:58:23, time: 0.673, data_time: 0.067, memory: 7556, loss_cls: 0.0145, loss_bbox: 0.0706, loss_centerness: 0.5333, loss: 0.6184, grad_norm: 2.3400
2026-05-09 14:15:02,866 - mmdet - INFO - Epoch [226][100/186]	lr: 1.550e-05, eta: 1:57:59, time: 0.615, data_time: 0.012, memory: 7556, loss_cls: 0.0140, loss_bbox: 0.0654, loss_centerness: 0.5221, loss: 0.6015, grad_norm: 2.3732
2026-05-09 14:15:33,594 - mmdet - INFO - Exp name: fold_1_swin_t_3x_hbb.py
2026-05-09 14:15:33,595 - mmdet - INFO - Epoch [226][150/186]	lr: 1.550e-05, eta: 1:57:35, time: 0.615, data_time: 0.012, memory: 7556, loss_cls: 0.0125, loss_bbox: 0.0624, loss_centerness: 0.5076, loss: 0.5825, grad_norm: 2.4009
2026-05-09 14:16:29,564 - mmdet - INFO - Epoch [227][50/186]	lr: 1.513e-05, eta: 1:56:48, time: 0.673, data_time: 0.067, memory: 7556, loss_cls: 0.0147, loss_bbox: 0.0669, loss_centerness: 0.5395, loss: 0.6211, grad_norm: 2.6834
2026-05-09 14:17:00,359 - mmdet - INFO - Epoch [227][100/186]	lr: 1.513e-05, eta: 1:56:24, time: 0.616, data_time: 0.012, memory: 7556, loss_cls: 0.0054, loss_bbox: 0.0555, loss_centerness: 0.5040, loss: 0.5649, grad_norm: 2.3701
2026-05-09 14:17:31,083 - mmdet - INFO - Epoch [227][150/186]	lr: 1.513e-05, eta: 1:56:00, time: 0.614, data_time: 0.012, memory: 7556, loss_cls: 0.0125, loss_bbox: 0.0701, loss_centerness: 0.5108, loss: 0.5933, grad_norm: 2.4380
2026-05-09 14:18:27,081 - mmdet - INFO - Epoch [228][50/186]	lr: 1.477e-05, eta: 1:55:13, time: 0.673, data_time: 0.067, memory: 7556, loss_cls: 0.0106, loss_bbox: 0.0652, loss_centerness: 0.5240, loss: 0.5998, grad_norm: 2.4215
2026-05-09 14:18:57,840 - mmdet - INFO - Epoch [228][100/186]	lr: 1.477e-05, eta: 1:54:49, time: 0.615, data_time: 0.012, memory: 7556, loss_cls: 0.0077, loss_bbox: 0.0639, loss_centerness: 0.5315, loss: 0.6031, grad_norm: 2.5115
2026-05-09 14:19:28,624 - mmdet - INFO - Epoch [228][150/186]	lr: 1.477e-05, eta: 1:54:25, time: 0.616, data_time: 0.012, memory: 7556, loss_cls: 0.0083, loss_bbox: 0.0610, loss_centerness: 0.5069, loss: 0.5762, grad_norm: 2.5168
2026-05-09 14:20:24,577 - mmdet - INFO - Epoch [229][50/186]	lr: 1.442e-05, eta: 1:53:38, time: 0.672, data_time: 0.067, memory: 7556, loss_cls: 0.0062, loss_bbox: 0.0589, loss_centerness: 0.5112, loss: 0.5762, grad_norm: 2.5299
2026-05-09 14:20:55,453 - mmdet - INFO - Epoch [229][100/186]	lr: 1.442e-05, eta: 1:53:14, time: 0.618, data_time: 0.012, memory: 7556, loss_cls: 0.0047, loss_bbox: 0.0548, loss_centerness: 0.5462, loss: 0.6057, grad_norm: 2.4671
2026-05-09 14:21:26,074 - mmdet - INFO - Epoch [229][150/186]	lr: 1.442e-05, eta: 1:52:50, time: 0.612, data_time: 0.011, memory: 7556, loss_cls: 0.0098, loss_bbox: 0.0673, loss_centerness: 0.5188, loss: 0.5960, grad_norm: 2.4941
2026-05-09 14:22:22,076 - mmdet - INFO - Epoch [230][50/186]	lr: 1.406e-05, eta: 1:52:02, time: 0.671, data_time: 0.067, memory: 7556, loss_cls: 0.0363, loss_bbox: 0.0706, loss_centerness: 0.5295, loss: 0.6364, grad_norm: 2.8629
2026-05-09 14:22:52,790 - mmdet - INFO - Epoch [230][100/186]	lr: 1.406e-05, eta: 1:51:38, time: 0.614, data_time: 0.011, memory: 7556, loss_cls: 0.0119, loss_bbox: 0.0685, loss_centerness: 0.5134, loss: 0.5939, grad_norm: 2.5338
2026-05-09 14:23:23,572 - mmdet - INFO - Epoch [230][150/186]	lr: 1.406e-05, eta: 1:51:15, time: 0.616, data_time: 0.012, memory: 7556, loss_cls: 0.0124, loss_bbox: 0.0608, loss_centerness: 0.5186, loss: 0.5917, grad_norm: 2.6181
2026-05-09 14:23:45,992 - mmdet - INFO - Saving checkpoint at 230 epochs
2026-05-09 14:24:15,086 - mmdet - INFO - Evaluating bbox...
2026-05-09 14:24:16,996 - mmdet - INFO - 
 Average Precision  (AP) @[ IoU=0.50:0.95 | area=   all | maxDets=100 ] = 0.238
 Average Precision  (AP) @[ IoU=0.50      | area=   all | maxDets=1000 ] = 0.626
 Average Precision  (AP) @[ IoU=0.75      | area=   all | maxDets=1000 ] = 0.117
 Average Precision  (AP) @[ IoU=0.50:0.95 | area= small | maxDets=1000 ] = 0.035
 Average Precision  (AP) @[ IoU=0.50:0.95 | area=medium | maxDets=1000 ] = 0.196
 Average Precision  (AP) @[ IoU=0.50:0.95 | area= large | maxDets=1000 ] = 0.297
 Average Recall     (AR) @[ IoU=0.50:0.95 | area=   all | maxDets=100 ] = 0.344
 Average Recall     (AR) @[ IoU=0.50:0.95 | area=   all | maxDets=300 ] = 0.344
 Average Recall     (AR) @[ IoU=0.50:0.95 | area=   all | maxDets=1000 ] = 0.344
 Average Recall     (AR) @[ IoU=0.50:0.95 | area= small | maxDets=1000 ] = 0.076
 Average Recall     (AR) @[ IoU=0.50:0.95 | area=medium | maxDets=1000 ] = 0.295
 Average Recall     (AR) @[ IoU=0.50:0.95 | area= large | maxDets=1000 ] = 0.413

2026-05-09 14:24:17,000 - mmdet - INFO - Exp name: fold_1_swin_t_3x_hbb.py
2026-05-09 14:24:17,000 - mmdet - INFO - Epoch(val) [230][371]	bbox_mAP: 0.2380, bbox_mAP_50: 0.6260, bbox_mAP_75: 0.1170, bbox_mAP_s: 0.0350, bbox_mAP_m: 0.1960, bbox_mAP_l: 0.2970, bbox_mAP_copypaste: 0.238 0.626 0.117 0.035 0.196 0.297
2026-05-09 14:24:50,480 - mmdet - INFO - Epoch [231][50/186]	lr: 1.371e-05, eta: 1:50:27, time: 0.669, data_time: 0.066, memory: 7556, loss_cls: 0.0125, loss_bbox: 0.0706, loss_centerness: 0.5124, loss: 0.5955, grad_norm: 2.2292
2026-05-09 14:25:21,248 - mmdet - INFO - Epoch [231][100/186]	lr: 1.371e-05, eta: 1:50:03, time: 0.616, data_time: 0.012, memory: 7556, loss_cls: 0.0066, loss_bbox: 0.0610, loss_centerness: 0.5300, loss: 0.5976, grad_norm: 2.4077
2026-05-09 14:25:52,003 - mmdet - INFO - Epoch [231][150/186]	lr: 1.371e-05, eta: 1:49:39, time: 0.615, data_time: 0.011, memory: 7556, loss_cls: 0.0119, loss_bbox: 0.0715, loss_centerness: 0.5223, loss: 0.6057, grad_norm: 2.2714
2026-05-09 14:26:47,993 - mmdet - INFO - Epoch [232][50/186]	lr: 1.337e-05, eta: 1:48:52, time: 0.672, data_time: 0.067, memory: 7556, loss_cls: 0.0059, loss_bbox: 0.0611, loss_centerness: 0.5007, loss: 0.5676, grad_norm: 2.2482
2026-05-09 14:27:18,836 - mmdet - INFO - Epoch [232][100/186]	lr: 1.337e-05, eta: 1:48:28, time: 0.617, data_time: 0.012, memory: 7556, loss_cls: 0.0099, loss_bbox: 0.0661, loss_centerness: 0.5552, loss: 0.6313, grad_norm: 2.3052
2026-05-09 14:27:49,521 - mmdet - INFO - Epoch [232][150/186]	lr: 1.337e-05, eta: 1:48:04, time: 0.614, data_time: 0.012, memory: 7556, loss_cls: 0.0085, loss_bbox: 0.0667, loss_centerness: 0.4938, loss: 0.5690, grad_norm: 2.4991
2026-05-09 14:28:45,531 - mmdet - INFO - Epoch [233][50/186]	lr: 1.303e-05, eta: 1:47:17, time: 0.673, data_time: 0.067, memory: 7556, loss_cls: 0.0209, loss_bbox: 0.0692, loss_centerness: 0.5249, loss: 0.6150, grad_norm: 2.4747
2026-05-09 14:29:16,271 - mmdet - INFO - Epoch [233][100/186]	lr: 1.303e-05, eta: 1:46:53, time: 0.615, data_time: 0.012, memory: 7556, loss_cls: 0.0118, loss_bbox: 0.0623, loss_centerness: 0.5440, loss: 0.6181, grad_norm: 2.6114
2026-05-09 14:29:46,994 - mmdet - INFO - Epoch [233][150/186]	lr: 1.303e-05, eta: 1:46:29, time: 0.614, data_time: 0.011, memory: 7556, loss_cls: 0.0155, loss_bbox: 0.0671, loss_centerness: 0.5076, loss: 0.5902, grad_norm: 2.6026
2026-05-09 14:30:42,874 - mmdet - INFO - Epoch [234][50/186]	lr: 1.269e-05, eta: 1:45:42, time: 0.671, data_time: 0.067, memory: 7556, loss_cls: 0.0070, loss_bbox: 0.0603, loss_centerness: 0.5106, loss: 0.5778, grad_norm: 2.4598
2026-05-09 14:31:13,731 - mmdet - INFO - Epoch [234][100/186]	lr: 1.269e-05, eta: 1:45:18, time: 0.617, data_time: 0.012, memory: 7556, loss_cls: 0.0081, loss_bbox: 0.0628, loss_centerness: 0.5280, loss: 0.5990, grad_norm: 2.3883
2026-05-09 14:31:44,492 - mmdet - INFO - Epoch [234][150/186]	lr: 1.269e-05, eta: 1:44:54, time: 0.615, data_time: 0.011, memory: 7556, loss_cls: 0.0166, loss_bbox: 0.0643, loss_centerness: 0.5329, loss: 0.6138, grad_norm: 2.8018
2026-05-09 14:32:40,324 - mmdet - INFO - Epoch [235][50/186]	lr: 1.236e-05, eta: 1:44:07, time: 0.670, data_time: 0.067, memory: 7556, loss_cls: 0.0124, loss_bbox: 0.0648, loss_centerness: 0.5186, loss: 0.5958, grad_norm: 2.7172
2026-05-09 14:33:11,113 - mmdet - INFO - Epoch [235][100/186]	lr: 1.236e-05, eta: 1:43:43, time: 0.616, data_time: 0.012, memory: 7556, loss_cls: 0.0097, loss_bbox: 0.0598, loss_centerness: 0.5298, loss: 0.5992, grad_norm: 2.4643
2026-05-09 14:33:41,917 - mmdet - INFO - Epoch [235][150/186]	lr: 1.236e-05, eta: 1:43:19, time: 0.616, data_time: 0.012, memory: 7556, loss_cls: 0.0094, loss_bbox: 0.0626, loss_centerness: 0.5127, loss: 0.5847, grad_norm: 2.3958
2026-05-09 14:34:31,745 - mmdet - INFO - Evaluating bbox...
2026-05-09 14:34:33,889 - mmdet - INFO - 
 Average Precision  (AP) @[ IoU=0.50:0.95 | area=   all | maxDets=100 ] = 0.242
 Average Precision  (AP) @[ IoU=0.50      | area=   all | maxDets=1000 ] = 0.635
 Average Precision  (AP) @[ IoU=0.75      | area=   all | maxDets=1000 ] = 0.117
 Average Precision  (AP) @[ IoU=0.50:0.95 | area= small | maxDets=1000 ] = 0.035
 Average Precision  (AP) @[ IoU=0.50:0.95 | area=medium | maxDets=1000 ] = 0.204
 Average Precision  (AP) @[ IoU=0.50:0.95 | area= large | maxDets=1000 ] = 0.298
 Average Recall     (AR) @[ IoU=0.50:0.95 | area=   all | maxDets=100 ] = 0.354
 Average Recall     (AR) @[ IoU=0.50:0.95 | area=   all | maxDets=300 ] = 0.354
 Average Recall     (AR) @[ IoU=0.50:0.95 | area=   all | maxDets=1000 ] = 0.354
 Average Recall     (AR) @[ IoU=0.50:0.95 | area= small | maxDets=1000 ] = 0.076
 Average Recall     (AR) @[ IoU=0.50:0.95 | area=medium | maxDets=1000 ] = 0.303
 Average Recall     (AR) @[ IoU=0.50:0.95 | area= large | maxDets=1000 ] = 0.425

2026-05-09 14:34:33,893 - mmdet - INFO - Exp name: fold_1_swin_t_3x_hbb.py
2026-05-09 14:34:33,893 - mmdet - INFO - Epoch(val) [235][371]	bbox_mAP: 0.2420, bbox_mAP_50: 0.6350, bbox_mAP_75: 0.1170, bbox_mAP_s: 0.0350, bbox_mAP_m: 0.2040, bbox_mAP_l: 0.2980, bbox_mAP_copypaste: 0.242 0.635 0.117 0.035 0.204 0.298
2026-05-09 14:35:07,477 - mmdet - INFO - Epoch [236][50/186]	lr: 1.203e-05, eta: 1:42:32, time: 0.671, data_time: 0.067, memory: 7556, loss_cls: 0.0076, loss_bbox: 0.0648, loss_centerness: 0.5281, loss: 0.6005, grad_norm: 2.2580
2026-05-09 14:35:38,194 - mmdet - INFO - Epoch [236][100/186]	lr: 1.203e-05, eta: 1:42:08, time: 0.614, data_time: 0.012, memory: 7556, loss_cls: 0.0070, loss_bbox: 0.0586, loss_centerness: 0.5265, loss: 0.5921, grad_norm: 2.2236
2026-05-09 14:36:09,040 - mmdet - INFO - Epoch [236][150/186]	lr: 1.203e-05, eta: 1:41:44, time: 0.617, data_time: 0.012, memory: 7556, loss_cls: 0.0094, loss_bbox: 0.0605, loss_centerness: 0.5187, loss: 0.5886, grad_norm: 2.1850
2026-05-09 14:37:04,849 - mmdet - INFO - Epoch [237][50/186]	lr: 1.171e-05, eta: 1:40:57, time: 0.669, data_time: 0.067, memory: 7556, loss_cls: 0.0114, loss_bbox: 0.0653, loss_centerness: 0.5295, loss: 0.6062, grad_norm: 2.0204
2026-05-09 14:37:35,688 - mmdet - INFO - Epoch [237][100/186]	lr: 1.171e-05, eta: 1:40:33, time: 0.617, data_time: 0.012, memory: 7556, loss_cls: 0.0061, loss_bbox: 0.0564, loss_centerness: 0.5251, loss: 0.5876, grad_norm: 2.0301
2026-05-09 14:38:06,470 - mmdet - INFO - Epoch [237][150/186]	lr: 1.171e-05, eta: 1:40:09, time: 0.615, data_time: 0.011, memory: 7556, loss_cls: 0.0208, loss_bbox: 0.0683, loss_centerness: 0.5226, loss: 0.6117, grad_norm: 2.1881
2026-05-09 14:39:02,482 - mmdet - INFO - Epoch [238][50/186]	lr: 1.139e-05, eta: 1:39:22, time: 0.674, data_time: 0.067, memory: 7556, loss_cls: 0.0105, loss_bbox: 0.0617, loss_centerness: 0.5210, loss: 0.5933, grad_norm: 1.9482
2026-05-09 14:39:32,959 - mmdet - INFO - Epoch [238][100/186]	lr: 1.139e-05, eta: 1:38:58, time: 0.609, data_time: 0.011, memory: 7556, loss_cls: 0.0119, loss_bbox: 0.0627, loss_centerness: 0.5085, loss: 0.5831, grad_norm: 2.1041
2026-05-09 14:40:03,828 - mmdet - INFO - Epoch [238][150/186]	lr: 1.139e-05, eta: 1:38:34, time: 0.618, data_time: 0.012, memory: 7556, loss_cls: 0.0208, loss_bbox: 0.0716, loss_centerness: 0.5571, loss: 0.6495, grad_norm: 2.1733
2026-05-09 14:40:59,815 - mmdet - INFO - Epoch [239][50/186]	lr: 1.107e-05, eta: 1:37:47, time: 0.670, data_time: 0.066, memory: 7556, loss_cls: 0.0111, loss_bbox: 0.0640, loss_centerness: 0.5250, loss: 0.6001, grad_norm: 2.3307
2026-05-09 14:41:30,704 - mmdet - INFO - Epoch [239][100/186]	lr: 1.107e-05, eta: 1:37:23, time: 0.618, data_time: 0.012, memory: 7556, loss_cls: 0.0046, loss_bbox: 0.0562, loss_centerness: 0.5247, loss: 0.5856, grad_norm: 2.3405
2026-05-09 14:42:01,545 - mmdet - INFO - Epoch [239][150/186]	lr: 1.107e-05, eta: 1:36:59, time: 0.617, data_time: 0.012, memory: 7556, loss_cls: 0.0142, loss_bbox: 0.0612, loss_centerness: 0.5245, loss: 0.6000, grad_norm: 2.5006
2026-05-09 14:42:57,271 - mmdet - INFO - Epoch [240][50/186]	lr: 1.076e-05, eta: 1:36:12, time: 0.670, data_time: 0.066, memory: 7556, loss_cls: 0.0063, loss_bbox: 0.0538, loss_centerness: 0.5134, loss: 0.5735, grad_norm: 2.0987
2026-05-09 14:43:28,124 - mmdet - INFO - Epoch [240][100/186]	lr: 1.076e-05, eta: 1:35:48, time: 0.617, data_time: 0.012, memory: 7556, loss_cls: 0.0221, loss_bbox: 0.0734, loss_centerness: 0.5433, loss: 0.6388, grad_norm: 2.0099
2026-05-09 14:43:58,961 - mmdet - INFO - Epoch [240][150/186]	lr: 1.076e-05, eta: 1:35:24, time: 0.617, data_time: 0.012, memory: 7556, loss_cls: 0.0069, loss_bbox: 0.0497, loss_centerness: 0.5048, loss: 0.5614, grad_norm: 2.1706
2026-05-09 14:44:21,306 - mmdet - INFO - Saving checkpoint at 240 epochs
2026-05-09 14:44:50,510 - mmdet - INFO - Evaluating bbox...
2026-05-09 14:44:52,518 - mmdet - INFO - 
 Average Precision  (AP) @[ IoU=0.50:0.95 | area=   all | maxDets=100 ] = 0.241
 Average Precision  (AP) @[ IoU=0.50      | area=   all | maxDets=1000 ] = 0.634
 Average Precision  (AP) @[ IoU=0.75      | area=   all | maxDets=1000 ] = 0.120
 Average Precision  (AP) @[ IoU=0.50:0.95 | area= small | maxDets=1000 ] = 0.037
 Average Precision  (AP) @[ IoU=0.50:0.95 | area=medium | maxDets=1000 ] = 0.201
 Average Precision  (AP) @[ IoU=0.50:0.95 | area= large | maxDets=1000 ] = 0.299
 Average Recall     (AR) @[ IoU=0.50:0.95 | area=   all | maxDets=100 ] = 0.349
 Average Recall     (AR) @[ IoU=0.50:0.95 | area=   all | maxDets=300 ] = 0.349
 Average Recall     (AR) @[ IoU=0.50:0.95 | area=   all | maxDets=1000 ] = 0.349
 Average Recall     (AR) @[ IoU=0.50:0.95 | area= small | maxDets=1000 ] = 0.079
 Average Recall     (AR) @[ IoU=0.50:0.95 | area=medium | maxDets=1000 ] = 0.299
 Average Recall     (AR) @[ IoU=0.50:0.95 | area= large | maxDets=1000 ] = 0.419

2026-05-09 14:44:52,522 - mmdet - INFO - Exp name: fold_1_swin_t_3x_hbb.py
2026-05-09 14:44:52,522 - mmdet - INFO - Epoch(val) [240][371]	bbox_mAP: 0.2410, bbox_mAP_50: 0.6340, bbox_mAP_75: 0.1200, bbox_mAP_s: 0.0370, bbox_mAP_m: 0.2010, bbox_mAP_l: 0.2990, bbox_mAP_copypaste: 0.241 0.634 0.120 0.037 0.201 0.299
2026-05-09 14:45:26,017 - mmdet - INFO - Epoch [241][50/186]	lr: 1.045e-05, eta: 1:34:37, time: 0.669, data_time: 0.067, memory: 7556, loss_cls: 0.0126, loss_bbox: 0.0651, loss_centerness: 0.5274, loss: 0.6051, grad_norm: 2.6054
2026-05-09 14:45:56,694 - mmdet - INFO - Epoch [241][100/186]	lr: 1.045e-05, eta: 1:34:13, time: 0.614, data_time: 0.011, memory: 7556, loss_cls: 0.0071, loss_bbox: 0.0630, loss_centerness: 0.5310, loss: 0.6011, grad_norm: 2.4759
2026-05-09 14:46:27,405 - mmdet - INFO - Epoch [241][150/186]	lr: 1.045e-05, eta: 1:33:48, time: 0.614, data_time: 0.011, memory: 7556, loss_cls: 0.0145, loss_bbox: 0.0590, loss_centerness: 0.5240, loss: 0.5975, grad_norm: 2.5017
2026-05-09 14:47:23,469 - mmdet - INFO - Epoch [242][50/186]	lr: 1.015e-05, eta: 1:33:02, time: 0.672, data_time: 0.067, memory: 7556, loss_cls: 0.0111, loss_bbox: 0.0590, loss_centerness: 0.5086, loss: 0.5787, grad_norm: 2.7239
2026-05-09 14:47:54,303 - mmdet - INFO - Epoch [242][100/186]	lr: 1.015e-05, eta: 1:32:38, time: 0.617, data_time: 0.012, memory: 7556, loss_cls: 0.0077, loss_bbox: 0.0629, loss_centerness: 0.5235, loss: 0.5942, grad_norm: 2.4374
2026-05-09 14:48:25,168 - mmdet - INFO - Epoch [242][150/186]	lr: 1.015e-05, eta: 1:32:13, time: 0.617, data_time: 0.012, memory: 7556, loss_cls: 0.0130, loss_bbox: 0.0632, loss_centerness: 0.5119, loss: 0.5881, grad_norm: 2.3565
2026-05-09 14:49:21,151 - mmdet - INFO - Epoch [243][50/186]	lr: 9.853e-06, eta: 1:31:27, time: 0.673, data_time: 0.067, memory: 7556, loss_cls: 0.0106, loss_bbox: 0.0677, loss_centerness: 0.5442, loss: 0.6226, grad_norm: 2.0063
2026-05-09 14:49:52,069 - mmdet - INFO - Epoch [243][100/186]	lr: 9.853e-06, eta: 1:31:03, time: 0.619, data_time: 0.012, memory: 7556, loss_cls: 0.0081, loss_bbox: 0.0580, loss_centerness: 0.5388, loss: 0.6050, grad_norm: 2.1908
2026-05-09 14:50:22,730 - mmdet - INFO - Epoch [243][150/186]	lr: 9.853e-06, eta: 1:30:38, time: 0.613, data_time: 0.011, memory: 7556, loss_cls: 0.0054, loss_bbox: 0.0560, loss_centerness: 0.4986, loss: 0.5600, grad_norm: 2.1616
2026-05-09 14:51:18,626 - mmdet - INFO - Epoch [244][50/186]	lr: 9.560e-06, eta: 1:29:52, time: 0.672, data_time: 0.067, memory: 7556, loss_cls: 0.0133, loss_bbox: 0.0656, loss_centerness: 0.5268, loss: 0.6057, grad_norm: 2.2257
2026-05-09 14:51:49,438 - mmdet - INFO - Epoch [244][100/186]	lr: 9.560e-06, eta: 1:29:28, time: 0.616, data_time: 0.012, memory: 7556, loss_cls: 0.0112, loss_bbox: 0.0581, loss_centerness: 0.5198, loss: 0.5891, grad_norm: 2.2141
2026-05-09 14:52:20,215 - mmdet - INFO - Epoch [244][150/186]	lr: 9.560e-06, eta: 1:29:03, time: 0.616, data_time: 0.012, memory: 7556, loss_cls: 0.0114, loss_bbox: 0.0625, loss_centerness: 0.5159, loss: 0.5899, grad_norm: 2.3273
2026-05-09 14:53:16,173 - mmdet - INFO - Epoch [245][50/186]	lr: 9.270e-06, eta: 1:28:17, time: 0.671, data_time: 0.067, memory: 7556, loss_cls: 0.0094, loss_bbox: 0.0546, loss_centerness: 0.5128, loss: 0.5768, grad_norm: 2.9391
2026-05-09 14:53:46,923 - mmdet - INFO - Epoch [245][100/186]	lr: 9.270e-06, eta: 1:27:53, time: 0.615, data_time: 0.012, memory: 7556, loss_cls: 0.0088, loss_bbox: 0.0570, loss_centerness: 0.4855, loss: 0.5513, grad_norm: 2.7234
2026-05-09 14:54:17,766 - mmdet - INFO - Epoch [245][150/186]	lr: 9.270e-06, eta: 1:27:28, time: 0.617, data_time: 0.012, memory: 7556, loss_cls: 0.0123, loss_bbox: 0.0606, loss_centerness: 0.5159, loss: 0.5887, grad_norm: 2.4621
2026-05-09 14:55:07,455 - mmdet - INFO - Evaluating bbox...
2026-05-09 14:55:09,385 - mmdet - INFO - 
 Average Precision  (AP) @[ IoU=0.50:0.95 | area=   all | maxDets=100 ] = 0.238
 Average Precision  (AP) @[ IoU=0.50      | area=   all | maxDets=1000 ] = 0.626
 Average Precision  (AP) @[ IoU=0.75      | area=   all | maxDets=1000 ] = 0.117
 Average Precision  (AP) @[ IoU=0.50:0.95 | area= small | maxDets=1000 ] = 0.037
 Average Precision  (AP) @[ IoU=0.50:0.95 | area=medium | maxDets=1000 ] = 0.202
 Average Precision  (AP) @[ IoU=0.50:0.95 | area= large | maxDets=1000 ] = 0.291
 Average Recall     (AR) @[ IoU=0.50:0.95 | area=   all | maxDets=100 ] = 0.346
 Average Recall     (AR) @[ IoU=0.50:0.95 | area=   all | maxDets=300 ] = 0.346
 Average Recall     (AR) @[ IoU=0.50:0.95 | area=   all | maxDets=1000 ] = 0.346
 Average Recall     (AR) @[ IoU=0.50:0.95 | area= small | maxDets=1000 ] = 0.069
 Average Recall     (AR) @[ IoU=0.50:0.95 | area=medium | maxDets=1000 ] = 0.299
 Average Recall     (AR) @[ IoU=0.50:0.95 | area= large | maxDets=1000 ] = 0.412

2026-05-09 14:55:09,389 - mmdet - INFO - Exp name: fold_1_swin_t_3x_hbb.py
2026-05-09 14:55:09,389 - mmdet - INFO - Epoch(val) [245][371]	bbox_mAP: 0.2380, bbox_mAP_50: 0.6260, bbox_mAP_75: 0.1170, bbox_mAP_s: 0.0370, bbox_mAP_m: 0.2020, bbox_mAP_l: 0.2910, bbox_mAP_copypaste: 0.238 0.626 0.117 0.037 0.202 0.291
2026-05-09 14:55:42,961 - mmdet - INFO - Epoch [246][50/186]	lr: 8.986e-06, eta: 1:26:42, time: 0.671, data_time: 0.067, memory: 7556, loss_cls: 0.0058, loss_bbox: 0.0546, loss_centerness: 0.5366, loss: 0.5969, grad_norm: 2.4849
2026-05-09 14:56:13,601 - mmdet - INFO - Epoch [246][100/186]	lr: 8.986e-06, eta: 1:26:18, time: 0.613, data_time: 0.011, memory: 7556, loss_cls: 0.0237, loss_bbox: 0.0579, loss_centerness: 0.5037, loss: 0.5853, grad_norm: 3.1900
2026-05-09 14:56:44,389 - mmdet - INFO - Epoch [246][150/186]	lr: 8.986e-06, eta: 1:25:53, time: 0.616, data_time: 0.012, memory: 7556, loss_cls: 0.0125, loss_bbox: 0.0617, loss_centerness: 0.5170, loss: 0.5912, grad_norm: 2.7785
2026-05-09 14:57:40,192 - mmdet - INFO - Epoch [247][50/186]	lr: 8.706e-06, eta: 1:25:07, time: 0.668, data_time: 0.066, memory: 7556, loss_cls: 0.0124, loss_bbox: 0.0599, loss_centerness: 0.5122, loss: 0.5845, grad_norm: 2.2751
2026-05-09 14:58:11,173 - mmdet - INFO - Epoch [247][100/186]	lr: 8.706e-06, eta: 1:24:42, time: 0.620, data_time: 0.012, memory: 7556, loss_cls: 0.0083, loss_bbox: 0.0631, loss_centerness: 0.5360, loss: 0.6074, grad_norm: 2.1957
2026-05-09 14:58:41,855 - mmdet - INFO - Epoch [247][150/186]	lr: 8.706e-06, eta: 1:24:18, time: 0.613, data_time: 0.011, memory: 7556, loss_cls: 0.0097, loss_bbox: 0.0588, loss_centerness: 0.5221, loss: 0.5906, grad_norm: 2.3376
2026-05-09 14:59:37,932 - mmdet - INFO - Epoch [248][50/186]	lr: 8.430e-06, eta: 1:23:32, time: 0.675, data_time: 0.067, memory: 7556, loss_cls: 0.0068, loss_bbox: 0.0576, loss_centerness: 0.5298, loss: 0.5942, grad_norm: 2.0264
2026-05-09 15:00:08,765 - mmdet - INFO - Epoch [248][100/186]	lr: 8.430e-06, eta: 1:23:07, time: 0.616, data_time: 0.012, memory: 7556, loss_cls: 0.0174, loss_bbox: 0.0627, loss_centerness: 0.5251, loss: 0.6052, grad_norm: 2.2654
2026-05-09 15:00:39,555 - mmdet - INFO - Epoch [248][150/186]	lr: 8.430e-06, eta: 1:22:43, time: 0.616, data_time: 0.012, memory: 7556, loss_cls: 0.0124, loss_bbox: 0.0615, loss_centerness: 0.5088, loss: 0.5827, grad_norm: 2.3337
2026-05-09 15:01:35,339 - mmdet - INFO - Epoch [249][50/186]	lr: 8.159e-06, eta: 1:21:57, time: 0.670, data_time: 0.067, memory: 7556, loss_cls: 0.0071, loss_bbox: 0.0594, loss_centerness: 0.5336, loss: 0.6000, grad_norm: 2.2807
2026-05-09 15:02:06,050 - mmdet - INFO - Epoch [249][100/186]	lr: 8.159e-06, eta: 1:21:32, time: 0.614, data_time: 0.011, memory: 7556, loss_cls: 0.0097, loss_bbox: 0.0581, loss_centerness: 0.5165, loss: 0.5843, grad_norm: 2.3262
2026-05-09 15:02:36,862 - mmdet - INFO - Epoch [249][150/186]	lr: 8.159e-06, eta: 1:21:08, time: 0.616, data_time: 0.012, memory: 7556, loss_cls: 0.0253, loss_bbox: 0.0735, loss_centerness: 0.5288, loss: 0.6277, grad_norm: 2.3727
2026-05-09 15:03:32,977 - mmdet - INFO - Epoch [250][50/186]	lr: 7.893e-06, eta: 1:20:22, time: 0.674, data_time: 0.067, memory: 7556, loss_cls: 0.0110, loss_bbox: 0.0652, loss_centerness: 0.5271, loss: 0.6034, grad_norm: 2.1091
2026-05-09 15:04:03,829 - mmdet - INFO - Epoch [250][100/186]	lr: 7.893e-06, eta: 1:19:57, time: 0.617, data_time: 0.012, memory: 7556, loss_cls: 0.0083, loss_bbox: 0.0549, loss_centerness: 0.5457, loss: 0.6088, grad_norm: 2.4471
2026-05-09 15:04:34,632 - mmdet - INFO - Epoch [250][150/186]	lr: 7.893e-06, eta: 1:19:33, time: 0.616, data_time: 0.012, memory: 7556, loss_cls: 0.0204, loss_bbox: 0.0723, loss_centerness: 0.5459, loss: 0.6386, grad_norm: 2.4837
2026-05-09 15:04:56,865 - mmdet - INFO - Saving checkpoint at 250 epochs
2026-05-09 15:05:25,934 - mmdet - INFO - Evaluating bbox...
2026-05-09 15:05:28,019 - mmdet - INFO - 
 Average Precision  (AP) @[ IoU=0.50:0.95 | area=   all | maxDets=100 ] = 0.242
 Average Precision  (AP) @[ IoU=0.50      | area=   all | maxDets=1000 ] = 0.635
 Average Precision  (AP) @[ IoU=0.75      | area=   all | maxDets=1000 ] = 0.119
 Average Precision  (AP) @[ IoU=0.50:0.95 | area= small | maxDets=1000 ] = 0.034
 Average Precision  (AP) @[ IoU=0.50:0.95 | area=medium | maxDets=1000 ] = 0.201
 Average Precision  (AP) @[ IoU=0.50:0.95 | area= large | maxDets=1000 ] = 0.300
 Average Recall     (AR) @[ IoU=0.50:0.95 | area=   all | maxDets=100 ] = 0.354
 Average Recall     (AR) @[ IoU=0.50:0.95 | area=   all | maxDets=300 ] = 0.354
 Average Recall     (AR) @[ IoU=0.50:0.95 | area=   all | maxDets=1000 ] = 0.354
 Average Recall     (AR) @[ IoU=0.50:0.95 | area= small | maxDets=1000 ] = 0.076
 Average Recall     (AR) @[ IoU=0.50:0.95 | area=medium | maxDets=1000 ] = 0.302
 Average Recall     (AR) @[ IoU=0.50:0.95 | area= large | maxDets=1000 ] = 0.425

2026-05-09 15:05:28,022 - mmdet - INFO - Exp name: fold_1_swin_t_3x_hbb.py
2026-05-09 15:05:28,023 - mmdet - INFO - Epoch(val) [250][371]	bbox_mAP: 0.2420, bbox_mAP_50: 0.6350, bbox_mAP_75: 0.1190, bbox_mAP_s: 0.0340, bbox_mAP_m: 0.2010, bbox_mAP_l: 0.3000, bbox_mAP_copypaste: 0.242 0.635 0.119 0.034 0.201 0.300
2026-05-09 15:06:01,518 - mmdet - INFO - Epoch [251][50/186]	lr: 7.632e-06, eta: 1:18:47, time: 0.669, data_time: 0.067, memory: 7556, loss_cls: 0.0126, loss_bbox: 0.0657, loss_centerness: 0.5192, loss: 0.5974, grad_norm: 2.3233
2026-05-09 15:06:32,236 - mmdet - INFO - Epoch [251][100/186]	lr: 7.632e-06, eta: 1:18:22, time: 0.615, data_time: 0.012, memory: 7556, loss_cls: 0.0050, loss_bbox: 0.0531, loss_centerness: 0.5380, loss: 0.5961, grad_norm: 2.4520
2026-05-09 15:07:03,005 - mmdet - INFO - Epoch [251][150/186]	lr: 7.632e-06, eta: 1:17:58, time: 0.615, data_time: 0.012, memory: 7556, loss_cls: 0.0137, loss_bbox: 0.0649, loss_centerness: 0.5434, loss: 0.6220, grad_norm: 2.4734
2026-05-09 15:07:58,992 - mmdet - INFO - Epoch [252][50/186]	lr: 7.375e-06, eta: 1:17:12, time: 0.671, data_time: 0.067, memory: 7556, loss_cls: 0.0088, loss_bbox: 0.0543, loss_centerness: 0.5076, loss: 0.5707, grad_norm: 2.3033
2026-05-09 15:08:29,675 - mmdet - INFO - Epoch [252][100/186]	lr: 7.375e-06, eta: 1:16:47, time: 0.613, data_time: 0.011, memory: 7556, loss_cls: 0.0066, loss_bbox: 0.0563, loss_centerness: 0.5137, loss: 0.5766, grad_norm: 2.4103
2026-05-09 15:09:00,573 - mmdet - INFO - Epoch [252][150/186]	lr: 7.375e-06, eta: 1:16:23, time: 0.618, data_time: 0.012, memory: 7556, loss_cls: 0.0087, loss_bbox: 0.0642, loss_centerness: 0.5386, loss: 0.6115, grad_norm: 2.4181
2026-05-09 15:09:56,441 - mmdet - INFO - Epoch [253][50/186]	lr: 7.123e-06, eta: 1:15:37, time: 0.670, data_time: 0.067, memory: 7556, loss_cls: 0.0102, loss_bbox: 0.0615, loss_centerness: 0.5454, loss: 0.6172, grad_norm: 2.3987
2026-05-09 15:10:27,391 - mmdet - INFO - Epoch [253][100/186]	lr: 7.123e-06, eta: 1:15:12, time: 0.619, data_time: 0.012, memory: 7556, loss_cls: 0.0112, loss_bbox: 0.0654, loss_centerness: 0.5444, loss: 0.6210, grad_norm: 2.3740
2026-05-09 15:10:58,336 - mmdet - INFO - Epoch [253][150/186]	lr: 7.123e-06, eta: 1:14:48, time: 0.619, data_time: 0.012, memory: 7556, loss_cls: 0.0082, loss_bbox: 0.0655, loss_centerness: 0.5323, loss: 0.6059, grad_norm: 2.3053
2026-05-09 15:11:54,186 - mmdet - INFO - Epoch [254][50/186]	lr: 6.875e-06, eta: 1:14:02, time: 0.672, data_time: 0.067, memory: 7556, loss_cls: 0.0085, loss_bbox: 0.0553, loss_centerness: 0.5212, loss: 0.5850, grad_norm: 2.3039
2026-05-09 15:12:25,066 - mmdet - INFO - Epoch [254][100/186]	lr: 6.875e-06, eta: 1:13:37, time: 0.617, data_time: 0.012, memory: 7556, loss_cls: 0.0129, loss_bbox: 0.0665, loss_centerness: 0.5373, loss: 0.6167, grad_norm: 2.2646
2026-05-09 15:12:55,821 - mmdet - INFO - Epoch [254][150/186]	lr: 6.875e-06, eta: 1:13:12, time: 0.615, data_time: 0.012, memory: 7556, loss_cls: 0.0072, loss_bbox: 0.0633, loss_centerness: 0.5016, loss: 0.5721, grad_norm: 2.3106
2026-05-09 15:13:51,739 - mmdet - INFO - Epoch [255][50/186]	lr: 6.633e-06, eta: 1:12:27, time: 0.671, data_time: 0.067, memory: 7556, loss_cls: 0.0129, loss_bbox: 0.0605, loss_centerness: 0.5447, loss: 0.6181, grad_norm: 2.7145
2026-05-09 15:14:22,730 - mmdet - INFO - Epoch [255][100/186]	lr: 6.633e-06, eta: 1:12:02, time: 0.620, data_time: 0.012, memory: 7556, loss_cls: 0.0113, loss_bbox: 0.0631, loss_centerness: 0.5451, loss: 0.6195, grad_norm: 2.5282
2026-05-09 15:14:53,431 - mmdet - INFO - Epoch [255][150/186]	lr: 6.633e-06, eta: 1:11:37, time: 0.614, data_time: 0.012, memory: 7556, loss_cls: 0.0270, loss_bbox: 0.0635, loss_centerness: 0.5176, loss: 0.6080, grad_norm: 2.8466
2026-05-09 15:15:43,162 - mmdet - INFO - Evaluating bbox...
2026-05-09 15:15:45,047 - mmdet - INFO - 
 Average Precision  (AP) @[ IoU=0.50:0.95 | area=   all | maxDets=100 ] = 0.238
 Average Precision  (AP) @[ IoU=0.50      | area=   all | maxDets=1000 ] = 0.618
 Average Precision  (AP) @[ IoU=0.75      | area=   all | maxDets=1000 ] = 0.130
 Average Precision  (AP) @[ IoU=0.50:0.95 | area= small | maxDets=1000 ] = 0.037
 Average Precision  (AP) @[ IoU=0.50:0.95 | area=medium | maxDets=1000 ] = 0.198
 Average Precision  (AP) @[ IoU=0.50:0.95 | area= large | maxDets=1000 ] = 0.299
 Average Recall     (AR) @[ IoU=0.50:0.95 | area=   all | maxDets=100 ] = 0.344
 Average Recall     (AR) @[ IoU=0.50:0.95 | area=   all | maxDets=300 ] = 0.344
 Average Recall     (AR) @[ IoU=0.50:0.95 | area=   all | maxDets=1000 ] = 0.344
 Average Recall     (AR) @[ IoU=0.50:0.95 | area= small | maxDets=1000 ] = 0.076
 Average Recall     (AR) @[ IoU=0.50:0.95 | area=medium | maxDets=1000 ] = 0.294
 Average Recall     (AR) @[ IoU=0.50:0.95 | area= large | maxDets=1000 ] = 0.414

2026-05-09 15:15:45,051 - mmdet - INFO - Exp name: fold_1_swin_t_3x_hbb.py
2026-05-09 15:15:45,051 - mmdet - INFO - Epoch(val) [255][371]	bbox_mAP: 0.2380, bbox_mAP_50: 0.6180, bbox_mAP_75: 0.1300, bbox_mAP_s: 0.0370, bbox_mAP_m: 0.1980, bbox_mAP_l: 0.2990, bbox_mAP_copypaste: 0.238 0.618 0.130 0.037 0.198 0.299
2026-05-09 15:16:18,735 - mmdet - INFO - Epoch [256][50/186]	lr: 6.395e-06, eta: 1:10:52, time: 0.673, data_time: 0.067, memory: 7556, loss_cls: 0.0130, loss_bbox: 0.0615, loss_centerness: 0.5360, loss: 0.6106, grad_norm: 2.5838
2026-05-09 15:16:49,407 - mmdet - INFO - Epoch [256][100/186]	lr: 6.395e-06, eta: 1:10:27, time: 0.613, data_time: 0.012, memory: 7556, loss_cls: 0.0122, loss_bbox: 0.0653, loss_centerness: 0.5300, loss: 0.6076, grad_norm: 2.5240
2026-05-09 15:17:20,214 - mmdet - INFO - Epoch [256][150/186]	lr: 6.395e-06, eta: 1:10:02, time: 0.616, data_time: 0.012, memory: 7556, loss_cls: 0.0083, loss_bbox: 0.0578, loss_centerness: 0.5063, loss: 0.5725, grad_norm: 2.3413
2026-05-09 15:18:16,138 - mmdet - INFO - Epoch [257][50/186]	lr: 6.162e-06, eta: 1:09:17, time: 0.671, data_time: 0.067, memory: 7556, loss_cls: 0.0140, loss_bbox: 0.0619, loss_centerness: 0.5272, loss: 0.6031, grad_norm: 2.2177
2026-05-09 15:18:47,002 - mmdet - INFO - Epoch [257][100/186]	lr: 6.162e-06, eta: 1:08:52, time: 0.617, data_time: 0.012, memory: 7556, loss_cls: 0.0114, loss_bbox: 0.0649, loss_centerness: 0.5286, loss: 0.6049, grad_norm: 2.3862
2026-05-09 15:19:17,657 - mmdet - INFO - Epoch [257][150/186]	lr: 6.162e-06, eta: 1:08:27, time: 0.613, data_time: 0.011, memory: 7556, loss_cls: 0.0133, loss_bbox: 0.0531, loss_centerness: 0.4913, loss: 0.5577, grad_norm: 2.3743
2026-05-09 15:20:13,672 - mmdet - INFO - Epoch [258][50/186]	lr: 5.934e-06, eta: 1:07:42, time: 0.673, data_time: 0.067, memory: 7556, loss_cls: 0.0111, loss_bbox: 0.0602, loss_centerness: 0.5227, loss: 0.5941, grad_norm: 2.6517
2026-05-09 15:20:44,496 - mmdet - INFO - Epoch [258][100/186]	lr: 5.934e-06, eta: 1:07:17, time: 0.616, data_time: 0.012, memory: 7556, loss_cls: 0.0100, loss_bbox: 0.0644, loss_centerness: 0.5299, loss: 0.6043, grad_norm: 2.3340
2026-05-09 15:21:15,229 - mmdet - INFO - Epoch [258][150/186]	lr: 5.934e-06, eta: 1:06:52, time: 0.615, data_time: 0.012, memory: 7556, loss_cls: 0.0039, loss_bbox: 0.0506, loss_centerness: 0.5052, loss: 0.5597, grad_norm: 2.2984
2026-05-09 15:22:11,072 - mmdet - INFO - Epoch [259][50/186]	lr: 5.711e-06, eta: 1:06:06, time: 0.669, data_time: 0.067, memory: 7556, loss_cls: 0.0084, loss_bbox: 0.0624, loss_centerness: 0.5189, loss: 0.5897, grad_norm: 2.0639
2026-05-09 15:22:41,890 - mmdet - INFO - Epoch [259][100/186]	lr: 5.711e-06, eta: 1:05:42, time: 0.617, data_time: 0.012, memory: 7556, loss_cls: 0.0100, loss_bbox: 0.0562, loss_centerness: 0.5196, loss: 0.5858, grad_norm: 2.1130
2026-05-09 15:23:12,636 - mmdet - INFO - Epoch [259][150/186]	lr: 5.711e-06, eta: 1:05:17, time: 0.615, data_time: 0.012, memory: 7556, loss_cls: 0.0077, loss_bbox: 0.0549, loss_centerness: 0.4681, loss: 0.5307, grad_norm: 2.2519
2026-05-09 15:24:08,778 - mmdet - INFO - Epoch [260][50/186]	lr: 5.493e-06, eta: 1:04:31, time: 0.674, data_time: 0.067, memory: 7556, loss_cls: 0.0082, loss_bbox: 0.0645, loss_centerness: 0.5219, loss: 0.5946, grad_norm: 2.1730
2026-05-09 15:24:39,508 - mmdet - INFO - Epoch [260][100/186]	lr: 5.493e-06, eta: 1:04:07, time: 0.614, data_time: 0.011, memory: 7556, loss_cls: 0.0062, loss_bbox: 0.0536, loss_centerness: 0.5165, loss: 0.5763, grad_norm: 2.1063
2026-05-09 15:25:10,346 - mmdet - INFO - Epoch [260][150/186]	lr: 5.493e-06, eta: 1:03:42, time: 0.617, data_time: 0.012, memory: 7556, loss_cls: 0.0054, loss_bbox: 0.0548, loss_centerness: 0.5364, loss: 0.5966, grad_norm: 2.2456
2026-05-09 15:25:32,685 - mmdet - INFO - Saving checkpoint at 260 epochs
2026-05-09 15:26:01,886 - mmdet - INFO - Evaluating bbox...
2026-05-09 15:26:03,797 - mmdet - INFO - 
 Average Precision  (AP) @[ IoU=0.50:0.95 | area=   all | maxDets=100 ] = 0.243
 Average Precision  (AP) @[ IoU=0.50      | area=   all | maxDets=1000 ] = 0.635
 Average Precision  (AP) @[ IoU=0.75      | area=   all | maxDets=1000 ] = 0.121
 Average Precision  (AP) @[ IoU=0.50:0.95 | area= small | maxDets=1000 ] = 0.044
 Average Precision  (AP) @[ IoU=0.50:0.95 | area=medium | maxDets=1000 ] = 0.202
 Average Precision  (AP) @[ IoU=0.50:0.95 | area= large | maxDets=1000 ] = 0.299
 Average Recall     (AR) @[ IoU=0.50:0.95 | area=   all | maxDets=100 ] = 0.350
 Average Recall     (AR) @[ IoU=0.50:0.95 | area=   all | maxDets=300 ] = 0.350
 Average Recall     (AR) @[ IoU=0.50:0.95 | area=   all | maxDets=1000 ] = 0.350
 Average Recall     (AR) @[ IoU=0.50:0.95 | area= small | maxDets=1000 ] = 0.079
 Average Recall     (AR) @[ IoU=0.50:0.95 | area=medium | maxDets=1000 ] = 0.300
 Average Recall     (AR) @[ IoU=0.50:0.95 | area= large | maxDets=1000 ] = 0.419

2026-05-09 15:26:03,801 - mmdet - INFO - Exp name: fold_1_swin_t_3x_hbb.py
2026-05-09 15:26:03,801 - mmdet - INFO - Epoch(val) [260][371]	bbox_mAP: 0.2430, bbox_mAP_50: 0.6350, bbox_mAP_75: 0.1210, bbox_mAP_s: 0.0440, bbox_mAP_m: 0.2020, bbox_mAP_l: 0.2990, bbox_mAP_copypaste: 0.243 0.635 0.121 0.044 0.202 0.299
2026-05-09 15:26:37,294 - mmdet - INFO - Epoch [261][50/186]	lr: 5.279e-06, eta: 1:02:56, time: 0.669, data_time: 0.067, memory: 7556, loss_cls: 0.0093, loss_bbox: 0.0633, loss_centerness: 0.5344, loss: 0.6071, grad_norm: 2.4449
2026-05-09 15:27:08,194 - mmdet - INFO - Epoch [261][100/186]	lr: 5.279e-06, eta: 1:02:32, time: 0.618, data_time: 0.012, memory: 7556, loss_cls: 0.0117, loss_bbox: 0.0669, loss_centerness: 0.5399, loss: 0.6185, grad_norm: 2.4082
2026-05-09 15:27:38,956 - mmdet - INFO - Epoch [261][150/186]	lr: 5.279e-06, eta: 1:02:07, time: 0.615, data_time: 0.012, memory: 7556, loss_cls: 0.0141, loss_bbox: 0.0580, loss_centerness: 0.5162, loss: 0.5883, grad_norm: 2.3877
2026-05-09 15:28:34,800 - mmdet - INFO - Epoch [262][50/186]	lr: 5.071e-06, eta: 1:01:21, time: 0.672, data_time: 0.067, memory: 7556, loss_cls: 0.0129, loss_bbox: 0.0617, loss_centerness: 0.5399, loss: 0.6145, grad_norm: 2.7363
2026-05-09 15:29:05,427 - mmdet - INFO - Epoch [262][100/186]	lr: 5.071e-06, eta: 1:00:57, time: 0.612, data_time: 0.011, memory: 7556, loss_cls: 0.0149, loss_bbox: 0.0626, loss_centerness: 0.5242, loss: 0.6017, grad_norm: 2.6976
2026-05-09 15:29:36,412 - mmdet - INFO - Epoch [262][150/186]	lr: 5.071e-06, eta: 1:00:32, time: 0.620, data_time: 0.012, memory: 7556, loss_cls: 0.0061, loss_bbox: 0.0590, loss_centerness: 0.5393, loss: 0.6044, grad_norm: 2.6095
2026-05-09 15:30:32,496 - mmdet - INFO - Epoch [263][50/186]	lr: 4.868e-06, eta: 0:59:46, time: 0.674, data_time: 0.067, memory: 7556, loss_cls: 0.0166, loss_bbox: 0.0662, loss_centerness: 0.5340, loss: 0.6169, grad_norm: 2.3915
2026-05-09 15:31:03,199 - mmdet - INFO - Epoch [263][100/186]	lr: 4.868e-06, eta: 0:59:21, time: 0.614, data_time: 0.012, memory: 7556, loss_cls: 0.0113, loss_bbox: 0.0559, loss_centerness: 0.4978, loss: 0.5650, grad_norm: 2.2267
2026-05-09 15:31:33,975 - mmdet - INFO - Epoch [263][150/186]	lr: 4.868e-06, eta: 0:58:57, time: 0.615, data_time: 0.012, memory: 7556, loss_cls: 0.0077, loss_bbox: 0.0554, loss_centerness: 0.5017, loss: 0.5647, grad_norm: 2.2113
2026-05-09 15:32:29,999 - mmdet - INFO - Epoch [264][50/186]	lr: 4.669e-06, eta: 0:58:11, time: 0.673, data_time: 0.067, memory: 7556, loss_cls: 0.0117, loss_bbox: 0.0676, loss_centerness: 0.5291, loss: 0.6084, grad_norm: 1.9062
2026-05-09 15:33:00,726 - mmdet - INFO - Epoch [264][100/186]	lr: 4.669e-06, eta: 0:57:46, time: 0.614, data_time: 0.012, memory: 7556, loss_cls: 0.0077, loss_bbox: 0.0582, loss_centerness: 0.5237, loss: 0.5896, grad_norm: 1.9716
2026-05-09 15:33:31,606 - mmdet - INFO - Epoch [264][150/186]	lr: 4.669e-06, eta: 0:57:22, time: 0.618, data_time: 0.012, memory: 7556, loss_cls: 0.0093, loss_bbox: 0.0520, loss_centerness: 0.5285, loss: 0.5899, grad_norm: 2.1812
2026-05-09 15:34:27,610 - mmdet - INFO - Epoch [265][50/186]	lr: 4.476e-06, eta: 0:56:36, time: 0.672, data_time: 0.067, memory: 7556, loss_cls: 0.0104, loss_bbox: 0.0609, loss_centerness: 0.5296, loss: 0.6010, grad_norm: 2.1937
2026-05-09 15:34:58,339 - mmdet - INFO - Epoch [265][100/186]	lr: 4.476e-06, eta: 0:56:11, time: 0.615, data_time: 0.012, memory: 7556, loss_cls: 0.0114, loss_bbox: 0.0612, loss_centerness: 0.5056, loss: 0.5783, grad_norm: 2.1716
2026-05-09 15:35:29,274 - mmdet - INFO - Epoch [265][150/186]	lr: 4.476e-06, eta: 0:55:46, time: 0.618, data_time: 0.012, memory: 7556, loss_cls: 0.0143, loss_bbox: 0.0638, loss_centerness: 0.5490, loss: 0.6271, grad_norm: 2.1780
2026-05-09 15:36:19,072 - mmdet - INFO - Evaluating bbox...
2026-05-09 15:36:21,062 - mmdet - INFO - 
 Average Precision  (AP) @[ IoU=0.50:0.95 | area=   all | maxDets=100 ] = 0.244
 Average Precision  (AP) @[ IoU=0.50      | area=   all | maxDets=1000 ] = 0.640
 Average Precision  (AP) @[ IoU=0.75      | area=   all | maxDets=1000 ] = 0.124
 Average Precision  (AP) @[ IoU=0.50:0.95 | area= small | maxDets=1000 ] = 0.040
 Average Precision  (AP) @[ IoU=0.50:0.95 | area=medium | maxDets=1000 ] = 0.202
 Average Precision  (AP) @[ IoU=0.50:0.95 | area= large | maxDets=1000 ] = 0.301
 Average Recall     (AR) @[ IoU=0.50:0.95 | area=   all | maxDets=100 ] = 0.353
 Average Recall     (AR) @[ IoU=0.50:0.95 | area=   all | maxDets=300 ] = 0.353
 Average Recall     (AR) @[ IoU=0.50:0.95 | area=   all | maxDets=1000 ] = 0.353
 Average Recall     (AR) @[ IoU=0.50:0.95 | area= small | maxDets=1000 ] = 0.076
 Average Recall     (AR) @[ IoU=0.50:0.95 | area=medium | maxDets=1000 ] = 0.304
 Average Recall     (AR) @[ IoU=0.50:0.95 | area= large | maxDets=1000 ] = 0.422

2026-05-09 15:36:21,150 - mmdet - INFO - The previous best checkpoint /home/ahmadreza/Downloads/Research/M2SODAI/baseline_official/runs_swin_hbb/swin_t_hbb_fold_1_20260509/best_bbox_mAP_epoch_145.pth was removed
2026-05-09 15:36:22,832 - mmdet - INFO - Now best checkpoint is saved as best_bbox_mAP_epoch_265.pth.
2026-05-09 15:36:22,832 - mmdet - INFO - Best bbox_mAP is 0.2440 at 265 epoch.
2026-05-09 15:36:22,832 - mmdet - INFO - Exp name: fold_1_swin_t_3x_hbb.py
2026-05-09 15:36:22,832 - mmdet - INFO - Epoch(val) [265][371]	bbox_mAP: 0.2440, bbox_mAP_50: 0.6400, bbox_mAP_75: 0.1240, bbox_mAP_s: 0.0400, bbox_mAP_m: 0.2020, bbox_mAP_l: 0.3010, bbox_mAP_copypaste: 0.244 0.640 0.124 0.040 0.202 0.301
2026-05-09 15:36:56,420 - mmdet - INFO - Epoch [266][50/186]	lr: 4.288e-06, eta: 0:55:01, time: 0.671, data_time: 0.067, memory: 7556, loss_cls: 0.0095, loss_bbox: 0.0607, loss_centerness: 0.5276, loss: 0.5978, grad_norm: 1.9664
2026-05-09 15:37:27,114 - mmdet - INFO - Epoch [266][100/186]	lr: 4.288e-06, eta: 0:54:36, time: 0.614, data_time: 0.012, memory: 7556, loss_cls: 0.0084, loss_bbox: 0.0563, loss_centerness: 0.5095, loss: 0.5742, grad_norm: 1.9829
2026-05-09 15:37:57,976 - mmdet - INFO - Epoch [266][150/186]	lr: 4.288e-06, eta: 0:54:11, time: 0.617, data_time: 0.012, memory: 7556, loss_cls: 0.0097, loss_bbox: 0.0584, loss_centerness: 0.5196, loss: 0.5877, grad_norm: 1.9789
2026-05-09 15:38:53,763 - mmdet - INFO - Epoch [267][50/186]	lr: 4.105e-06, eta: 0:53:26, time: 0.671, data_time: 0.066, memory: 7556, loss_cls: 0.0075, loss_bbox: 0.0526, loss_centerness: 0.5096, loss: 0.5697, grad_norm: 2.0063
2026-05-09 15:39:24,549 - mmdet - INFO - Epoch [267][100/186]	lr: 4.105e-06, eta: 0:53:01, time: 0.616, data_time: 0.012, memory: 7556, loss_cls: 0.0131, loss_bbox: 0.0581, loss_centerness: 0.5075, loss: 0.5786, grad_norm: 2.7978
2026-05-09 15:39:55,339 - mmdet - INFO - Epoch [267][150/186]	lr: 4.105e-06, eta: 0:52:36, time: 0.616, data_time: 0.011, memory: 7556, loss_cls: 0.0077, loss_bbox: 0.0587, loss_centerness: 0.5428, loss: 0.6092, grad_norm: 2.6806
2026-05-09 15:40:51,406 - mmdet - INFO - Epoch [268][50/186]	lr: 3.926e-06, eta: 0:51:51, time: 0.673, data_time: 0.067, memory: 7556, loss_cls: 0.0093, loss_bbox: 0.0611, loss_centerness: 0.5139, loss: 0.5843, grad_norm: 1.8783
2026-05-09 15:41:22,160 - mmdet - INFO - Epoch [268][100/186]	lr: 3.926e-06, eta: 0:51:26, time: 0.615, data_time: 0.012, memory: 7556, loss_cls: 0.0093, loss_bbox: 0.0559, loss_centerness: 0.5273, loss: 0.5925, grad_norm: 1.9920
2026-05-09 15:41:52,933 - mmdet - INFO - Epoch [268][150/186]	lr: 3.926e-06, eta: 0:51:01, time: 0.616, data_time: 0.012, memory: 7556, loss_cls: 0.0095, loss_bbox: 0.0616, loss_centerness: 0.5315, loss: 0.6026, grad_norm: 2.2120
2026-05-09 15:42:48,836 - mmdet - INFO - Epoch [269][50/186]	lr: 3.753e-06, eta: 0:50:16, time: 0.670, data_time: 0.067, memory: 7556, loss_cls: 0.0100, loss_bbox: 0.0574, loss_centerness: 0.5307, loss: 0.5981, grad_norm: 2.1271
2026-05-09 15:43:19,750 - mmdet - INFO - Epoch [269][100/186]	lr: 3.753e-06, eta: 0:49:51, time: 0.618, data_time: 0.012, memory: 7556, loss_cls: 0.0107, loss_bbox: 0.0584, loss_centerness: 0.5561, loss: 0.6252, grad_norm: 2.3263
2026-05-09 15:43:50,503 - mmdet - INFO - Epoch [269][150/186]	lr: 3.753e-06, eta: 0:49:26, time: 0.615, data_time: 0.012, memory: 7556, loss_cls: 0.0145, loss_bbox: 0.0575, loss_centerness: 0.5130, loss: 0.5849, grad_norm: 2.1867
2026-05-09 15:44:46,355 - mmdet - INFO - Epoch [270][50/186]	lr: 3.585e-06, eta: 0:48:41, time: 0.671, data_time: 0.067, memory: 7556, loss_cls: 0.0083, loss_bbox: 0.0594, loss_centerness: 0.5213, loss: 0.5891, grad_norm: 1.9611
2026-05-09 15:45:17,103 - mmdet - INFO - Epoch [270][100/186]	lr: 3.585e-06, eta: 0:48:16, time: 0.615, data_time: 0.012, memory: 7556, loss_cls: 0.0075, loss_bbox: 0.0551, loss_centerness: 0.5369, loss: 0.5995, grad_norm: 2.2499
2026-05-09 15:45:48,150 - mmdet - INFO - Epoch [270][150/186]	lr: 3.585e-06, eta: 0:47:51, time: 0.621, data_time: 0.012, memory: 7556, loss_cls: 0.0108, loss_bbox: 0.0666, loss_centerness: 0.5325, loss: 0.6100, grad_norm: 2.1029
2026-05-09 15:46:10,450 - mmdet - INFO - Saving checkpoint at 270 epochs
2026-05-09 15:46:39,841 - mmdet - INFO - Evaluating bbox...
2026-05-09 15:46:41,811 - mmdet - INFO - 
 Average Precision  (AP) @[ IoU=0.50:0.95 | area=   all | maxDets=100 ] = 0.243
 Average Precision  (AP) @[ IoU=0.50      | area=   all | maxDets=1000 ] = 0.642
 Average Precision  (AP) @[ IoU=0.75      | area=   all | maxDets=1000 ] = 0.120
 Average Precision  (AP) @[ IoU=0.50:0.95 | area= small | maxDets=1000 ] = 0.042
 Average Precision  (AP) @[ IoU=0.50:0.95 | area=medium | maxDets=1000 ] = 0.203
 Average Precision  (AP) @[ IoU=0.50:0.95 | area= large | maxDets=1000 ] = 0.298
 Average Recall     (AR) @[ IoU=0.50:0.95 | area=   all | maxDets=100 ] = 0.352
 Average Recall     (AR) @[ IoU=0.50:0.95 | area=   all | maxDets=300 ] = 0.352
 Average Recall     (AR) @[ IoU=0.50:0.95 | area=   all | maxDets=1000 ] = 0.352
 Average Recall     (AR) @[ IoU=0.50:0.95 | area= small | maxDets=1000 ] = 0.076
 Average Recall     (AR) @[ IoU=0.50:0.95 | area=medium | maxDets=1000 ] = 0.304
 Average Recall     (AR) @[ IoU=0.50:0.95 | area= large | maxDets=1000 ] = 0.419

2026-05-09 15:46:41,815 - mmdet - INFO - Exp name: fold_1_swin_t_3x_hbb.py
2026-05-09 15:46:41,815 - mmdet - INFO - Epoch(val) [270][371]	bbox_mAP: 0.2430, bbox_mAP_50: 0.6420, bbox_mAP_75: 0.1200, bbox_mAP_s: 0.0420, bbox_mAP_m: 0.2030, bbox_mAP_l: 0.2980, bbox_mAP_copypaste: 0.243 0.642 0.120 0.042 0.203 0.298
2026-05-09 15:47:15,288 - mmdet - INFO - Epoch [271][50/186]	lr: 3.423e-06, eta: 0:47:06, time: 0.669, data_time: 0.066, memory: 7556, loss_cls: 0.0300, loss_bbox: 0.0707, loss_centerness: 0.5357, loss: 0.6364, grad_norm: 2.6972
2026-05-09 15:47:46,155 - mmdet - INFO - Epoch [271][100/186]	lr: 3.423e-06, eta: 0:46:41, time: 0.618, data_time: 0.012, memory: 7556, loss_cls: 0.0092, loss_bbox: 0.0566, loss_centerness: 0.5046, loss: 0.5704, grad_norm: 2.3173
2026-05-09 15:48:16,859 - mmdet - INFO - Epoch [271][150/186]	lr: 3.423e-06, eta: 0:46:16, time: 0.614, data_time: 0.011, memory: 7556, loss_cls: 0.0090, loss_bbox: 0.0562, loss_centerness: 0.5209, loss: 0.5861, grad_norm: 2.3942
2026-05-09 15:49:12,847 - mmdet - INFO - Epoch [272][50/186]	lr: 3.265e-06, eta: 0:45:31, time: 0.674, data_time: 0.067, memory: 7556, loss_cls: 0.0077, loss_bbox: 0.0552, loss_centerness: 0.5336, loss: 0.5964, grad_norm: 2.0414
2026-05-09 15:49:43,642 - mmdet - INFO - Epoch [272][100/186]	lr: 3.265e-06, eta: 0:45:06, time: 0.616, data_time: 0.012, memory: 7556, loss_cls: 0.0127, loss_bbox: 0.0607, loss_centerness: 0.5249, loss: 0.5983, grad_norm: 2.2838
2026-05-09 15:50:14,394 - mmdet - INFO - Epoch [272][150/186]	lr: 3.265e-06, eta: 0:44:41, time: 0.615, data_time: 0.012, memory: 7556, loss_cls: 0.0126, loss_bbox: 0.0551, loss_centerness: 0.5199, loss: 0.5877, grad_norm: 2.2394
2026-05-09 15:51:10,592 - mmdet - INFO - Epoch [273][50/186]	lr: 3.113e-06, eta: 0:43:56, time: 0.676, data_time: 0.067, memory: 7556, loss_cls: 0.0076, loss_bbox: 0.0595, loss_centerness: 0.5179, loss: 0.5851, grad_norm: 1.9192
2026-05-09 15:51:41,468 - mmdet - INFO - Epoch [273][100/186]	lr: 3.113e-06, eta: 0:43:31, time: 0.618, data_time: 0.012, memory: 7556, loss_cls: 0.0088, loss_bbox: 0.0555, loss_centerness: 0.5227, loss: 0.5870, grad_norm: 2.0266
2026-05-09 15:52:12,198 - mmdet - INFO - Epoch [273][150/186]	lr: 3.113e-06, eta: 0:43:06, time: 0.614, data_time: 0.011, memory: 7556, loss_cls: 0.0121, loss_bbox: 0.0564, loss_centerness: 0.5170, loss: 0.5855, grad_norm: 1.9496
2026-05-09 15:53:08,119 - mmdet - INFO - Epoch [274][50/186]	lr: 2.965e-06, eta: 0:42:21, time: 0.673, data_time: 0.067, memory: 7556, loss_cls: 0.0074, loss_bbox: 0.0599, loss_centerness: 0.5228, loss: 0.5902, grad_norm: 1.8465
2026-05-09 15:53:38,868 - mmdet - INFO - Epoch [274][100/186]	lr: 2.965e-06, eta: 0:41:56, time: 0.615, data_time: 0.012, memory: 7556, loss_cls: 0.0065, loss_bbox: 0.0544, loss_centerness: 0.5123, loss: 0.5732, grad_norm: 1.8600
2026-05-09 15:54:09,636 - mmdet - INFO - Epoch [274][150/186]	lr: 2.965e-06, eta: 0:41:31, time: 0.615, data_time: 0.012, memory: 7556, loss_cls: 0.0141, loss_bbox: 0.0601, loss_centerness: 0.5291, loss: 0.6033, grad_norm: 2.0138
2026-05-09 15:55:05,733 - mmdet - INFO - Epoch [275][50/186]	lr: 2.823e-06, eta: 0:40:46, time: 0.673, data_time: 0.068, memory: 7556, loss_cls: 0.0068, loss_bbox: 0.0569, loss_centerness: 0.5155, loss: 0.5791, grad_norm: 1.7839
2026-05-09 15:55:36,634 - mmdet - INFO - Epoch [275][100/186]	lr: 2.823e-06, eta: 0:40:21, time: 0.618, data_time: 0.012, memory: 7556, loss_cls: 0.0108, loss_bbox: 0.0597, loss_centerness: 0.5242, loss: 0.5947, grad_norm: 2.3111
2026-05-09 15:56:07,549 - mmdet - INFO - Epoch [275][150/186]	lr: 2.823e-06, eta: 0:39:56, time: 0.618, data_time: 0.012, memory: 7556, loss_cls: 0.0062, loss_bbox: 0.0615, loss_centerness: 0.5212, loss: 0.5889, grad_norm: 2.1332
2026-05-09 15:56:56,976 - mmdet - INFO - Evaluating bbox...
2026-05-09 15:56:58,862 - mmdet - INFO - 
 Average Precision  (AP) @[ IoU=0.50:0.95 | area=   all | maxDets=100 ] = 0.242
 Average Precision  (AP) @[ IoU=0.50      | area=   all | maxDets=1000 ] = 0.630
 Average Precision  (AP) @[ IoU=0.75      | area=   all | maxDets=1000 ] = 0.122
 Average Precision  (AP) @[ IoU=0.50:0.95 | area= small | maxDets=1000 ] = 0.039
 Average Precision  (AP) @[ IoU=0.50:0.95 | area=medium | maxDets=1000 ] = 0.202
 Average Precision  (AP) @[ IoU=0.50:0.95 | area= large | maxDets=1000 ] = 0.298
 Average Recall     (AR) @[ IoU=0.50:0.95 | area=   all | maxDets=100 ] = 0.348
 Average Recall     (AR) @[ IoU=0.50:0.95 | area=   all | maxDets=300 ] = 0.348
 Average Recall     (AR) @[ IoU=0.50:0.95 | area=   all | maxDets=1000 ] = 0.348
 Average Recall     (AR) @[ IoU=0.50:0.95 | area= small | maxDets=1000 ] = 0.079
 Average Recall     (AR) @[ IoU=0.50:0.95 | area=medium | maxDets=1000 ] = 0.301
 Average Recall     (AR) @[ IoU=0.50:0.95 | area= large | maxDets=1000 ] = 0.414

2026-05-09 15:56:58,865 - mmdet - INFO - Exp name: fold_1_swin_t_3x_hbb.py
2026-05-09 15:56:58,866 - mmdet - INFO - Epoch(val) [275][371]	bbox_mAP: 0.2420, bbox_mAP_50: 0.6300, bbox_mAP_75: 0.1220, bbox_mAP_s: 0.0390, bbox_mAP_m: 0.2020, bbox_mAP_l: 0.2980, bbox_mAP_copypaste: 0.242 0.630 0.122 0.039 0.202 0.298
2026-05-09 15:57:32,468 - mmdet - INFO - Epoch [276][50/186]	lr: 2.687e-06, eta: 0:39:11, time: 0.672, data_time: 0.066, memory: 7556, loss_cls: 0.0079, loss_bbox: 0.0605, loss_centerness: 0.5181, loss: 0.5865, grad_norm: 1.8293
2026-05-09 15:58:03,086 - mmdet - INFO - Epoch [276][100/186]	lr: 2.687e-06, eta: 0:38:46, time: 0.612, data_time: 0.011, memory: 7556, loss_cls: 0.0037, loss_bbox: 0.0452, loss_centerness: 0.5086, loss: 0.5574, grad_norm: 2.0467
2026-05-09 15:58:33,915 - mmdet - INFO - Epoch [276][150/186]	lr: 2.687e-06, eta: 0:38:20, time: 0.617, data_time: 0.012, memory: 7556, loss_cls: 0.0082, loss_bbox: 0.0595, loss_centerness: 0.5321, loss: 0.5997, grad_norm: 2.0567
2026-05-09 15:59:29,874 - mmdet - INFO - Epoch [277][50/186]	lr: 2.555e-06, eta: 0:37:36, time: 0.672, data_time: 0.067, memory: 7556, loss_cls: 0.0070, loss_bbox: 0.0508, loss_centerness: 0.5056, loss: 0.5634, grad_norm: 1.9786
2026-05-09 16:00:00,776 - mmdet - INFO - Epoch [277][100/186]	lr: 2.555e-06, eta: 0:37:10, time: 0.618, data_time: 0.012, memory: 7556, loss_cls: 0.0129, loss_bbox: 0.0542, loss_centerness: 0.5142, loss: 0.5813, grad_norm: 2.1033
2026-05-09 16:00:31,420 - mmdet - INFO - Epoch [277][150/186]	lr: 2.555e-06, eta: 0:36:45, time: 0.613, data_time: 0.011, memory: 7556, loss_cls: 0.0077, loss_bbox: 0.0510, loss_centerness: 0.4887, loss: 0.5474, grad_norm: 2.1072
2026-05-09 16:01:27,415 - mmdet - INFO - Epoch [278][50/186]	lr: 2.429e-06, eta: 0:36:01, time: 0.672, data_time: 0.067, memory: 7556, loss_cls: 0.0164, loss_bbox: 0.0600, loss_centerness: 0.4854, loss: 0.5618, grad_norm: 1.6964
2026-05-09 16:01:58,249 - mmdet - INFO - Epoch [278][100/186]	lr: 2.429e-06, eta: 0:35:35, time: 0.616, data_time: 0.012, memory: 7556, loss_cls: 0.0103, loss_bbox: 0.0575, loss_centerness: 0.5303, loss: 0.5981, grad_norm: 1.8210
2026-05-09 16:02:29,202 - mmdet - INFO - Epoch [278][150/186]	lr: 2.429e-06, eta: 0:35:10, time: 0.619, data_time: 0.012, memory: 7556, loss_cls: 0.0103, loss_bbox: 0.0623, loss_centerness: 0.5473, loss: 0.6199, grad_norm: 1.9783
2026-05-09 16:03:25,281 - mmdet - INFO - Epoch [279][50/186]	lr: 2.308e-06, eta: 0:34:26, time: 0.675, data_time: 0.067, memory: 7556, loss_cls: 0.0073, loss_bbox: 0.0498, loss_centerness: 0.5265, loss: 0.5836, grad_norm: 1.7623
2026-05-09 16:03:56,064 - mmdet - INFO - Epoch [279][100/186]	lr: 2.308e-06, eta: 0:34:00, time: 0.616, data_time: 0.012, memory: 7556, loss_cls: 0.0048, loss_bbox: 0.0513, loss_centerness: 0.5144, loss: 0.5705, grad_norm: 2.0291
2026-05-09 16:04:26,800 - mmdet - INFO - Epoch [279][150/186]	lr: 2.308e-06, eta: 0:33:35, time: 0.615, data_time: 0.012, memory: 7556, loss_cls: 0.0070, loss_bbox: 0.0540, loss_centerness: 0.5355, loss: 0.5965, grad_norm: 2.1755
2026-05-09 16:05:22,808 - mmdet - INFO - Epoch [280][50/186]	lr: 2.192e-06, eta: 0:32:50, time: 0.673, data_time: 0.067, memory: 7556, loss_cls: 0.0118, loss_bbox: 0.0602, loss_centerness: 0.5292, loss: 0.6011, grad_norm: 2.8809
2026-05-09 16:05:53,775 - mmdet - INFO - Epoch [280][100/186]	lr: 2.192e-06, eta: 0:32:25, time: 0.619, data_time: 0.012, memory: 7556, loss_cls: 0.0083, loss_bbox: 0.0558, loss_centerness: 0.5432, loss: 0.6073, grad_norm: 2.7288
2026-05-09 16:06:24,609 - mmdet - INFO - Epoch [280][150/186]	lr: 2.192e-06, eta: 0:32:00, time: 0.617, data_time: 0.012, memory: 7556, loss_cls: 0.0079, loss_bbox: 0.0511, loss_centerness: 0.5063, loss: 0.5653, grad_norm: 2.4623
2026-05-09 16:06:46,891 - mmdet - INFO - Saving checkpoint at 280 epochs
2026-05-09 16:07:16,074 - mmdet - INFO - Evaluating bbox...
2026-05-09 16:07:17,973 - mmdet - INFO - 
 Average Precision  (AP) @[ IoU=0.50:0.95 | area=   all | maxDets=100 ] = 0.241
 Average Precision  (AP) @[ IoU=0.50      | area=   all | maxDets=1000 ] = 0.628
 Average Precision  (AP) @[ IoU=0.75      | area=   all | maxDets=1000 ] = 0.121
 Average Precision  (AP) @[ IoU=0.50:0.95 | area= small | maxDets=1000 ] = 0.037
 Average Precision  (AP) @[ IoU=0.50:0.95 | area=medium | maxDets=1000 ] = 0.201
 Average Precision  (AP) @[ IoU=0.50:0.95 | area= large | maxDets=1000 ] = 0.297
 Average Recall     (AR) @[ IoU=0.50:0.95 | area=   all | maxDets=100 ] = 0.348
 Average Recall     (AR) @[ IoU=0.50:0.95 | area=   all | maxDets=300 ] = 0.348
 Average Recall     (AR) @[ IoU=0.50:0.95 | area=   all | maxDets=1000 ] = 0.348
 Average Recall     (AR) @[ IoU=0.50:0.95 | area= small | maxDets=1000 ] = 0.072
 Average Recall     (AR) @[ IoU=0.50:0.95 | area=medium | maxDets=1000 ] = 0.300
 Average Recall     (AR) @[ IoU=0.50:0.95 | area= large | maxDets=1000 ] = 0.415

2026-05-09 16:07:17,976 - mmdet - INFO - Exp name: fold_1_swin_t_3x_hbb.py
2026-05-09 16:07:17,977 - mmdet - INFO - Epoch(val) [280][371]	bbox_mAP: 0.2410, bbox_mAP_50: 0.6280, bbox_mAP_75: 0.1210, bbox_mAP_s: 0.0370, bbox_mAP_m: 0.2010, bbox_mAP_l: 0.2970, bbox_mAP_copypaste: 0.241 0.628 0.121 0.037 0.201 0.297
2026-05-09 16:07:51,584 - mmdet - INFO - Epoch [281][50/186]	lr: 2.082e-06, eta: 0:31:15, time: 0.672, data_time: 0.067, memory: 7556, loss_cls: 0.0209, loss_bbox: 0.0568, loss_centerness: 0.5460, loss: 0.6236, grad_norm: 2.3242
2026-05-09 16:08:22,346 - mmdet - INFO - Epoch [281][100/186]	lr: 2.082e-06, eta: 0:30:50, time: 0.615, data_time: 0.012, memory: 7556, loss_cls: 0.0088, loss_bbox: 0.0616, loss_centerness: 0.5208, loss: 0.5913, grad_norm: 2.5643
2026-05-09 16:08:53,031 - mmdet - INFO - Epoch [281][150/186]	lr: 2.082e-06, eta: 0:30:25, time: 0.613, data_time: 0.011, memory: 7556, loss_cls: 0.0060, loss_bbox: 0.0497, loss_centerness: 0.5013, loss: 0.5570, grad_norm: 2.4499
2026-05-09 16:09:49,114 - mmdet - INFO - Epoch [282][50/186]	lr: 1.977e-06, eta: 0:29:40, time: 0.672, data_time: 0.067, memory: 7556, loss_cls: 0.0081, loss_bbox: 0.0568, loss_centerness: 0.5317, loss: 0.5965, grad_norm: 1.9190
2026-05-09 16:10:19,840 - mmdet - INFO - Epoch [282][100/186]	lr: 1.977e-06, eta: 0:29:15, time: 0.614, data_time: 0.011, memory: 7556, loss_cls: 0.0079, loss_bbox: 0.0581, loss_centerness: 0.5416, loss: 0.6075, grad_norm: 2.1776
2026-05-09 16:10:50,596 - mmdet - INFO - Epoch [282][150/186]	lr: 1.977e-06, eta: 0:28:50, time: 0.615, data_time: 0.012, memory: 7556, loss_cls: 0.0035, loss_bbox: 0.0434, loss_centerness: 0.4792, loss: 0.5261, grad_norm: 2.0129
2026-05-09 16:11:46,609 - mmdet - INFO - Epoch [283][50/186]	lr: 1.877e-06, eta: 0:28:05, time: 0.670, data_time: 0.066, memory: 7556, loss_cls: 0.0091, loss_bbox: 0.0571, loss_centerness: 0.5090, loss: 0.5752, grad_norm: 1.8419
2026-05-09 16:12:17,520 - mmdet - INFO - Epoch [283][100/186]	lr: 1.877e-06, eta: 0:27:40, time: 0.618, data_time: 0.012, memory: 7556, loss_cls: 0.0107, loss_bbox: 0.0613, loss_centerness: 0.5277, loss: 0.5997, grad_norm: 2.0908
2026-05-09 16:12:48,237 - mmdet - INFO - Epoch [283][150/186]	lr: 1.877e-06, eta: 0:27:15, time: 0.614, data_time: 0.011, memory: 7556, loss_cls: 0.0115, loss_bbox: 0.0525, loss_centerness: 0.5005, loss: 0.5645, grad_norm: 2.3093
2026-05-09 16:13:44,279 - mmdet - INFO - Epoch [284][50/186]	lr: 1.782e-06, eta: 0:26:30, time: 0.673, data_time: 0.067, memory: 7556, loss_cls: 0.0116, loss_bbox: 0.0574, loss_centerness: 0.5106, loss: 0.5796, grad_norm: 2.0561
2026-05-09 16:14:14,977 - mmdet - INFO - Epoch [284][100/186]	lr: 1.782e-06, eta: 0:26:05, time: 0.614, data_time: 0.011, memory: 7556, loss_cls: 0.0061, loss_bbox: 0.0507, loss_centerness: 0.5130, loss: 0.5698, grad_norm: 1.9538
2026-05-09 16:14:45,779 - mmdet - INFO - Epoch [284][150/186]	lr: 1.782e-06, eta: 0:25:40, time: 0.616, data_time: 0.012, memory: 7556, loss_cls: 0.0131, loss_bbox: 0.0596, loss_centerness: 0.4787, loss: 0.5514, grad_norm: 2.0852
2026-05-09 16:15:41,880 - mmdet - INFO - Epoch [285][50/186]	lr: 1.693e-06, eta: 0:24:55, time: 0.673, data_time: 0.067, memory: 7556, loss_cls: 0.0118, loss_bbox: 0.0555, loss_centerness: 0.5400, loss: 0.6072, grad_norm: 2.1888
2026-05-09 16:16:12,677 - mmdet - INFO - Epoch [285][100/186]	lr: 1.693e-06, eta: 0:24:30, time: 0.616, data_time: 0.012, memory: 7556, loss_cls: 0.0058, loss_bbox: 0.0517, loss_centerness: 0.5410, loss: 0.5984, grad_norm: 2.2387
2026-05-09 16:16:43,473 - mmdet - INFO - Epoch [285][150/186]	lr: 1.693e-06, eta: 0:24:05, time: 0.616, data_time: 0.011, memory: 7556, loss_cls: 0.0176, loss_bbox: 0.0612, loss_centerness: 0.5351, loss: 0.6139, grad_norm: 2.1366
2026-05-09 16:17:33,299 - mmdet - INFO - Evaluating bbox...
2026-05-09 16:17:35,205 - mmdet - INFO - 
 Average Precision  (AP) @[ IoU=0.50:0.95 | area=   all | maxDets=100 ] = 0.241
 Average Precision  (AP) @[ IoU=0.50      | area=   all | maxDets=1000 ] = 0.633
 Average Precision  (AP) @[ IoU=0.75      | area=   all | maxDets=1000 ] = 0.121
 Average Precision  (AP) @[ IoU=0.50:0.95 | area= small | maxDets=1000 ] = 0.036
 Average Precision  (AP) @[ IoU=0.50:0.95 | area=medium | maxDets=1000 ] = 0.203
 Average Precision  (AP) @[ IoU=0.50:0.95 | area= large | maxDets=1000 ] = 0.295
 Average Recall     (AR) @[ IoU=0.50:0.95 | area=   all | maxDets=100 ] = 0.349
 Average Recall     (AR) @[ IoU=0.50:0.95 | area=   all | maxDets=300 ] = 0.349
 Average Recall     (AR) @[ IoU=0.50:0.95 | area=   all | maxDets=1000 ] = 0.349
 Average Recall     (AR) @[ IoU=0.50:0.95 | area= small | maxDets=1000 ] = 0.069
 Average Recall     (AR) @[ IoU=0.50:0.95 | area=medium | maxDets=1000 ] = 0.303
 Average Recall     (AR) @[ IoU=0.50:0.95 | area= large | maxDets=1000 ] = 0.415

2026-05-09 16:17:35,209 - mmdet - INFO - Exp name: fold_1_swin_t_3x_hbb.py
2026-05-09 16:17:35,209 - mmdet - INFO - Epoch(val) [285][371]	bbox_mAP: 0.2410, bbox_mAP_50: 0.6330, bbox_mAP_75: 0.1210, bbox_mAP_s: 0.0360, bbox_mAP_m: 0.2030, bbox_mAP_l: 0.2950, bbox_mAP_copypaste: 0.241 0.633 0.121 0.036 0.203 0.295
2026-05-09 16:18:08,936 - mmdet - INFO - Epoch [286][50/186]	lr: 1.609e-06, eta: 0:23:20, time: 0.674, data_time: 0.067, memory: 7556, loss_cls: 0.0216, loss_bbox: 0.0599, loss_centerness: 0.5468, loss: 0.6284, grad_norm: 1.9300
2026-05-09 16:18:39,405 - mmdet - INFO - Epoch [286][100/186]	lr: 1.609e-06, eta: 0:22:55, time: 0.609, data_time: 0.011, memory: 7556, loss_cls: 0.0084, loss_bbox: 0.0494, loss_centerness: 0.4645, loss: 0.5223, grad_norm: 2.0974
2026-05-09 16:19:10,279 - mmdet - INFO - Epoch [286][150/186]	lr: 1.609e-06, eta: 0:22:29, time: 0.618, data_time: 0.012, memory: 7556, loss_cls: 0.0073, loss_bbox: 0.0617, loss_centerness: 0.5240, loss: 0.5930, grad_norm: 2.1258
2026-05-09 16:20:06,346 - mmdet - INFO - Epoch [287][50/186]	lr: 1.531e-06, eta: 0:21:45, time: 0.672, data_time: 0.067, memory: 7556, loss_cls: 0.0073, loss_bbox: 0.0544, loss_centerness: 0.5217, loss: 0.5834, grad_norm: 2.0388
2026-05-09 16:20:37,245 - mmdet - INFO - Epoch [287][100/186]	lr: 1.531e-06, eta: 0:21:20, time: 0.618, data_time: 0.012, memory: 7556, loss_cls: 0.0080, loss_bbox: 0.0555, loss_centerness: 0.5360, loss: 0.5995, grad_norm: 2.0914
2026-05-09 16:21:07,983 - mmdet - INFO - Epoch [287][150/186]	lr: 1.531e-06, eta: 0:20:54, time: 0.615, data_time: 0.011, memory: 7556, loss_cls: 0.0094, loss_bbox: 0.0564, loss_centerness: 0.5189, loss: 0.5847, grad_norm: 2.0849
2026-05-09 16:22:03,906 - mmdet - INFO - Epoch [288][50/186]	lr: 1.458e-06, eta: 0:20:10, time: 0.672, data_time: 0.067, memory: 7556, loss_cls: 0.0073, loss_bbox: 0.0538, loss_centerness: 0.5218, loss: 0.5829, grad_norm: 1.7876
2026-05-09 16:22:34,641 - mmdet - INFO - Epoch [288][100/186]	lr: 1.458e-06, eta: 0:19:45, time: 0.615, data_time: 0.011, memory: 7556, loss_cls: 0.0046, loss_bbox: 0.0513, loss_centerness: 0.5151, loss: 0.5711, grad_norm: 1.7027
2026-05-09 16:23:05,504 - mmdet - INFO - Epoch [288][150/186]	lr: 1.458e-06, eta: 0:19:19, time: 0.617, data_time: 0.012, memory: 7556, loss_cls: 0.0082, loss_bbox: 0.0541, loss_centerness: 0.5115, loss: 0.5738, grad_norm: 1.8473
2026-05-09 16:24:01,588 - mmdet - INFO - Epoch [289][50/186]	lr: 1.390e-06, eta: 0:18:35, time: 0.672, data_time: 0.068, memory: 7556, loss_cls: 0.0108, loss_bbox: 0.0569, loss_centerness: 0.5125, loss: 0.5803, grad_norm: 2.0635
2026-05-09 16:24:32,542 - mmdet - INFO - Epoch [289][100/186]	lr: 1.390e-06, eta: 0:18:09, time: 0.619, data_time: 0.012, memory: 7556, loss_cls: 0.0096, loss_bbox: 0.0623, loss_centerness: 0.5524, loss: 0.6243, grad_norm: 2.0209
2026-05-09 16:25:03,265 - mmdet - INFO - Epoch [289][150/186]	lr: 1.390e-06, eta: 0:17:44, time: 0.614, data_time: 0.011, memory: 7556, loss_cls: 0.0099, loss_bbox: 0.0506, loss_centerness: 0.4956, loss: 0.5561, grad_norm: 2.1187
2026-05-09 16:25:59,311 - mmdet - INFO - Epoch [290][50/186]	lr: 1.328e-06, eta: 0:17:00, time: 0.675, data_time: 0.067, memory: 7556, loss_cls: 0.0059, loss_bbox: 0.0545, loss_centerness: 0.5241, loss: 0.5845, grad_norm: 1.7891
2026-05-09 16:26:29,963 - mmdet - INFO - Epoch [290][100/186]	lr: 1.328e-06, eta: 0:16:34, time: 0.613, data_time: 0.011, memory: 7556, loss_cls: 0.0132, loss_bbox: 0.0598, loss_centerness: 0.5228, loss: 0.5957, grad_norm: 2.0181
2026-05-09 16:27:00,805 - mmdet - INFO - Epoch [290][150/186]	lr: 1.328e-06, eta: 0:16:09, time: 0.617, data_time: 0.012, memory: 7556, loss_cls: 0.0147, loss_bbox: 0.0548, loss_centerness: 0.5064, loss: 0.5759, grad_norm: 2.0180
2026-05-09 16:27:23,152 - mmdet - INFO - Saving checkpoint at 290 epochs
2026-05-09 16:27:52,332 - mmdet - INFO - Evaluating bbox...
2026-05-09 16:27:54,228 - mmdet - INFO - 
 Average Precision  (AP) @[ IoU=0.50:0.95 | area=   all | maxDets=100 ] = 0.242
 Average Precision  (AP) @[ IoU=0.50      | area=   all | maxDets=1000 ] = 0.628
 Average Precision  (AP) @[ IoU=0.75      | area=   all | maxDets=1000 ] = 0.123
 Average Precision  (AP) @[ IoU=0.50:0.95 | area= small | maxDets=1000 ] = 0.035
 Average Precision  (AP) @[ IoU=0.50:0.95 | area=medium | maxDets=1000 ] = 0.204
 Average Precision  (AP) @[ IoU=0.50:0.95 | area= large | maxDets=1000 ] = 0.295
 Average Recall     (AR) @[ IoU=0.50:0.95 | area=   all | maxDets=100 ] = 0.349
 Average Recall     (AR) @[ IoU=0.50:0.95 | area=   all | maxDets=300 ] = 0.349
 Average Recall     (AR) @[ IoU=0.50:0.95 | area=   all | maxDets=1000 ] = 0.349
 Average Recall     (AR) @[ IoU=0.50:0.95 | area= small | maxDets=1000 ] = 0.066
 Average Recall     (AR) @[ IoU=0.50:0.95 | area=medium | maxDets=1000 ] = 0.303
 Average Recall     (AR) @[ IoU=0.50:0.95 | area= large | maxDets=1000 ] = 0.414

2026-05-09 16:27:54,232 - mmdet - INFO - Exp name: fold_1_swin_t_3x_hbb.py
2026-05-09 16:27:54,232 - mmdet - INFO - Epoch(val) [290][371]	bbox_mAP: 0.2420, bbox_mAP_50: 0.6280, bbox_mAP_75: 0.1230, bbox_mAP_s: 0.0350, bbox_mAP_m: 0.2040, bbox_mAP_l: 0.2950, bbox_mAP_copypaste: 0.242 0.628 0.123 0.035 0.204 0.295
2026-05-09 16:28:27,605 - mmdet - INFO - Epoch [291][50/186]	lr: 1.271e-06, eta: 0:15:25, time: 0.667, data_time: 0.067, memory: 7556, loss_cls: 0.0160, loss_bbox: 0.0514, loss_centerness: 0.5129, loss: 0.5803, grad_norm: 2.2751
2026-05-09 16:28:58,462 - mmdet - INFO - Epoch [291][100/186]	lr: 1.271e-06, eta: 0:14:59, time: 0.617, data_time: 0.012, memory: 7556, loss_cls: 0.0174, loss_bbox: 0.0629, loss_centerness: 0.5253, loss: 0.6057, grad_norm: 2.1577
2026-05-09 16:29:29,307 - mmdet - INFO - Epoch [291][150/186]	lr: 1.271e-06, eta: 0:14:34, time: 0.617, data_time: 0.012, memory: 7556, loss_cls: 0.0091, loss_bbox: 0.0589, loss_centerness: 0.5377, loss: 0.6057, grad_norm: 2.1603
2026-05-09 16:30:25,355 - mmdet - INFO - Epoch [292][50/186]	lr: 1.220e-06, eta: 0:13:50, time: 0.676, data_time: 0.067, memory: 7556, loss_cls: 0.0084, loss_bbox: 0.0629, loss_centerness: 0.5514, loss: 0.6227, grad_norm: 1.9236
2026-05-09 16:30:56,152 - mmdet - INFO - Epoch [292][100/186]	lr: 1.220e-06, eta: 0:13:24, time: 0.616, data_time: 0.012, memory: 7556, loss_cls: 0.0134, loss_bbox: 0.0587, loss_centerness: 0.5251, loss: 0.5972, grad_norm: 2.3313
2026-05-09 16:31:27,058 - mmdet - INFO - Epoch [292][150/186]	lr: 1.220e-06, eta: 0:12:59, time: 0.618, data_time: 0.012, memory: 7556, loss_cls: 0.0121, loss_bbox: 0.0521, loss_centerness: 0.5056, loss: 0.5697, grad_norm: 2.2735
2026-05-09 16:32:22,717 - mmdet - INFO - Epoch [293][50/186]	lr: 1.174e-06, eta: 0:12:15, time: 0.670, data_time: 0.067, memory: 7556, loss_cls: 0.0065, loss_bbox: 0.0523, loss_centerness: 0.5154, loss: 0.5742, grad_norm: 1.9921
2026-05-09 16:32:53,666 - mmdet - INFO - Epoch [293][100/186]	lr: 1.174e-06, eta: 0:11:49, time: 0.619, data_time: 0.012, memory: 7556, loss_cls: 0.0061, loss_bbox: 0.0517, loss_centerness: 0.5195, loss: 0.5773, grad_norm: 1.9348
2026-05-09 16:33:24,380 - mmdet - INFO - Epoch [293][150/186]	lr: 1.174e-06, eta: 0:11:24, time: 0.614, data_time: 0.011, memory: 7556, loss_cls: 0.0087, loss_bbox: 0.0543, loss_centerness: 0.5269, loss: 0.5900, grad_norm: 1.9170
2026-05-09 16:34:20,352 - mmdet - INFO - Epoch [294][50/186]	lr: 1.133e-06, eta: 0:10:39, time: 0.673, data_time: 0.067, memory: 7556, loss_cls: 0.0094, loss_bbox: 0.0530, loss_centerness: 0.5451, loss: 0.6075, grad_norm: 2.1421
2026-05-09 16:34:51,136 - mmdet - INFO - Epoch [294][100/186]	lr: 1.133e-06, eta: 0:10:14, time: 0.615, data_time: 0.011, memory: 7556, loss_cls: 0.0106, loss_bbox: 0.0507, loss_centerness: 0.5113, loss: 0.5726, grad_norm: 2.0103
2026-05-09 16:35:21,940 - mmdet - INFO - Epoch [294][150/186]	lr: 1.133e-06, eta: 0:09:49, time: 0.616, data_time: 0.012, memory: 7556, loss_cls: 0.0098, loss_bbox: 0.0526, loss_centerness: 0.5366, loss: 0.5991, grad_norm: 2.0156
2026-05-09 16:36:17,794 - mmdet - INFO - Epoch [295][50/186]	lr: 1.098e-06, eta: 0:09:04, time: 0.671, data_time: 0.067, memory: 7556, loss_cls: 0.0052, loss_bbox: 0.0503, loss_centerness: 0.5196, loss: 0.5751, grad_norm: 3.1357
2026-05-09 16:36:48,722 - mmdet - INFO - Epoch [295][100/186]	lr: 1.098e-06, eta: 0:08:39, time: 0.619, data_time: 0.012, memory: 7556, loss_cls: 0.0070, loss_bbox: 0.0583, loss_centerness: 0.5276, loss: 0.5929, grad_norm: 2.6884
2026-05-09 16:37:19,424 - mmdet - INFO - Epoch [295][150/186]	lr: 1.098e-06, eta: 0:08:13, time: 0.614, data_time: 0.011, memory: 7556, loss_cls: 0.0090, loss_bbox: 0.0584, loss_centerness: 0.5161, loss: 0.5835, grad_norm: 2.4487
2026-05-09 16:38:09,230 - mmdet - INFO - Evaluating bbox...
2026-05-09 16:38:11,139 - mmdet - INFO - 
 Average Precision  (AP) @[ IoU=0.50:0.95 | area=   all | maxDets=100 ] = 0.242
 Average Precision  (AP) @[ IoU=0.50      | area=   all | maxDets=1000 ] = 0.629
 Average Precision  (AP) @[ IoU=0.75      | area=   all | maxDets=1000 ] = 0.129
 Average Precision  (AP) @[ IoU=0.50:0.95 | area= small | maxDets=1000 ] = 0.036
 Average Precision  (AP) @[ IoU=0.50:0.95 | area=medium | maxDets=1000 ] = 0.203
 Average Precision  (AP) @[ IoU=0.50:0.95 | area= large | maxDets=1000 ] = 0.296
 Average Recall     (AR) @[ IoU=0.50:0.95 | area=   all | maxDets=100 ] = 0.349
 Average Recall     (AR) @[ IoU=0.50:0.95 | area=   all | maxDets=300 ] = 0.349
 Average Recall     (AR) @[ IoU=0.50:0.95 | area=   all | maxDets=1000 ] = 0.349
 Average Recall     (AR) @[ IoU=0.50:0.95 | area= small | maxDets=1000 ] = 0.072
 Average Recall     (AR) @[ IoU=0.50:0.95 | area=medium | maxDets=1000 ] = 0.302
 Average Recall     (AR) @[ IoU=0.50:0.95 | area= large | maxDets=1000 ] = 0.415

2026-05-09 16:38:11,144 - mmdet - INFO - Exp name: fold_1_swin_t_3x_hbb.py
2026-05-09 16:38:11,144 - mmdet - INFO - Epoch(val) [295][371]	bbox_mAP: 0.2420, bbox_mAP_50: 0.6290, bbox_mAP_75: 0.1290, bbox_mAP_s: 0.0360, bbox_mAP_m: 0.2030, bbox_mAP_l: 0.2960, bbox_mAP_copypaste: 0.242 0.629 0.129 0.036 0.203 0.296
2026-05-09 16:38:44,788 - mmdet - INFO - Epoch [296][50/186]	lr: 1.068e-06, eta: 0:07:29, time: 0.673, data_time: 0.067, memory: 7556, loss_cls: 0.0095, loss_bbox: 0.0545, loss_centerness: 0.5260, loss: 0.5900, grad_norm: 1.9826
2026-05-09 16:39:15,499 - mmdet - INFO - Epoch [296][100/186]	lr: 1.068e-06, eta: 0:07:04, time: 0.614, data_time: 0.012, memory: 7556, loss_cls: 0.0096, loss_bbox: 0.0631, loss_centerness: 0.5519, loss: 0.6246, grad_norm: 2.0861
2026-05-09 16:39:46,308 - mmdet - INFO - Epoch [296][150/186]	lr: 1.068e-06, eta: 0:06:38, time: 0.616, data_time: 0.012, memory: 7556, loss_cls: 0.0066, loss_bbox: 0.0533, loss_centerness: 0.5075, loss: 0.5673, grad_norm: 2.1043
2026-05-09 16:40:42,197 - mmdet - INFO - Epoch [297][50/186]	lr: 1.043e-06, eta: 0:05:54, time: 0.671, data_time: 0.067, memory: 7556, loss_cls: 0.0096, loss_bbox: 0.0568, loss_centerness: 0.5111, loss: 0.5775, grad_norm: 2.0477
2026-05-09 16:41:12,926 - mmdet - INFO - Epoch [297][100/186]	lr: 1.043e-06, eta: 0:05:29, time: 0.615, data_time: 0.012, memory: 7556, loss_cls: 0.0091, loss_bbox: 0.0553, loss_centerness: 0.4881, loss: 0.5525, grad_norm: 2.0780
2026-05-09 16:41:43,722 - mmdet - INFO - Epoch [297][150/186]	lr: 1.043e-06, eta: 0:05:03, time: 0.616, data_time: 0.011, memory: 7556, loss_cls: 0.0094, loss_bbox: 0.0560, loss_centerness: 0.4993, loss: 0.5647, grad_norm: 2.1150
2026-05-09 16:42:39,819 - mmdet - INFO - Epoch [298][50/186]	lr: 1.024e-06, eta: 0:04:19, time: 0.672, data_time: 0.067, memory: 7556, loss_cls: 0.0152, loss_bbox: 0.0636, loss_centerness: 0.5430, loss: 0.6219, grad_norm: 2.1356
2026-05-09 16:43:10,604 - mmdet - INFO - Epoch [298][100/186]	lr: 1.024e-06, eta: 0:03:54, time: 0.616, data_time: 0.012, memory: 7556, loss_cls: 0.0208, loss_bbox: 0.0623, loss_centerness: 0.5077, loss: 0.5908, grad_norm: 2.1621
2026-05-09 16:43:41,510 - mmdet - INFO - Epoch [298][150/186]	lr: 1.024e-06, eta: 0:03:28, time: 0.618, data_time: 0.012, memory: 7556, loss_cls: 0.0055, loss_bbox: 0.0527, loss_centerness: 0.5347, loss: 0.5929, grad_norm: 2.1158
2026-05-09 16:44:37,282 - mmdet - INFO - Epoch [299][50/186]	lr: 1.011e-06, eta: 0:02:44, time: 0.669, data_time: 0.067, memory: 7556, loss_cls: 0.0143, loss_bbox: 0.0614, loss_centerness: 0.5383, loss: 0.6140, grad_norm: 2.1667
2026-05-09 16:45:08,307 - mmdet - INFO - Epoch [299][100/186]	lr: 1.011e-06, eta: 0:02:19, time: 0.621, data_time: 0.012, memory: 7556, loss_cls: 0.0094, loss_bbox: 0.0577, loss_centerness: 0.5361, loss: 0.6031, grad_norm: 2.0269
2026-05-09 16:45:39,052 - mmdet - INFO - Epoch [299][150/186]	lr: 1.011e-06, eta: 0:01:53, time: 0.615, data_time: 0.011, memory: 7556, loss_cls: 0.0164, loss_bbox: 0.0565, loss_centerness: 0.4990, loss: 0.5719, grad_norm: 2.0897
2026-05-09 16:46:35,090 - mmdet - INFO - Epoch [300][50/186]	lr: 1.003e-06, eta: 0:01:09, time: 0.673, data_time: 0.067, memory: 7556, loss_cls: 0.0077, loss_bbox: 0.0540, loss_centerness: 0.5174, loss: 0.5791, grad_norm: 1.9483
2026-05-09 16:47:05,917 - mmdet - INFO - Epoch [300][100/186]	lr: 1.003e-06, eta: 0:00:43, time: 0.616, data_time: 0.011, memory: 7556, loss_cls: 0.0075, loss_bbox: 0.0561, loss_centerness: 0.5336, loss: 0.5972, grad_norm: 1.9083
2026-05-09 16:47:36,739 - mmdet - INFO - Epoch [300][150/186]	lr: 1.003e-06, eta: 0:00:18, time: 0.617, data_time: 0.012, memory: 7556, loss_cls: 0.0058, loss_bbox: 0.0544, loss_centerness: 0.5198, loss: 0.5800, grad_norm: 2.0527
2026-05-09 16:47:58,986 - mmdet - INFO - Saving checkpoint at 300 epochs
2026-05-09 16:48:28,021 - mmdet - INFO - Evaluating bbox...
2026-05-09 16:48:30,022 - mmdet - INFO - 
 Average Precision  (AP) @[ IoU=0.50:0.95 | area=   all | maxDets=100 ] = 0.242
 Average Precision  (AP) @[ IoU=0.50      | area=   all | maxDets=1000 ] = 0.635
 Average Precision  (AP) @[ IoU=0.75      | area=   all | maxDets=1000 ] = 0.125
 Average Precision  (AP) @[ IoU=0.50:0.95 | area= small | maxDets=1000 ] = 0.037
 Average Precision  (AP) @[ IoU=0.50:0.95 | area=medium | maxDets=1000 ] = 0.202
 Average Precision  (AP) @[ IoU=0.50:0.95 | area= large | maxDets=1000 ] = 0.297
 Average Recall     (AR) @[ IoU=0.50:0.95 | area=   all | maxDets=100 ] = 0.350
 Average Recall     (AR) @[ IoU=0.50:0.95 | area=   all | maxDets=300 ] = 0.350
 Average Recall     (AR) @[ IoU=0.50:0.95 | area=   all | maxDets=1000 ] = 0.350
 Average Recall     (AR) @[ IoU=0.50:0.95 | area= small | maxDets=1000 ] = 0.072
 Average Recall     (AR) @[ IoU=0.50:0.95 | area=medium | maxDets=1000 ] = 0.301
 Average Recall     (AR) @[ IoU=0.50:0.95 | area= large | maxDets=1000 ] = 0.418

2026-05-09 16:48:30,026 - mmdet - INFO - Exp name: fold_1_swin_t_3x_hbb.py
2026-05-09 16:48:30,026 - mmdet - INFO - Epoch(val) [300][371]	bbox_mAP: 0.2420, bbox_mAP_50: 0.6350, bbox_mAP_75: 0.1250, bbox_mAP_s: 0.0370, bbox_mAP_m: 0.2020, bbox_mAP_l: 0.2970, bbox_mAP_copypaste: 0.242 0.635 0.125 0.037 0.202 0.297
