/home/ahmadreza/Downloads/Research/M2SODAI/mmdet/utils/setup_env.py:33: UserWarning: Setting OMP_NUM_THREADS environment variable for each process to be 1 in default, to avoid your system being overloaded, please further tune the variable for optimal performance in your application as needed.
  f'Setting OMP_NUM_THREADS environment variable for each process '
/home/ahmadreza/Downloads/Research/M2SODAI/mmdet/utils/setup_env.py:43: UserWarning: Setting MKL_NUM_THREADS environment variable for each process to be 1 in default, to avoid your system being overloaded, please further tune the variable for optimal performance in your application as needed.
  f'Setting MKL_NUM_THREADS environment variable for each process '
Config (path: configs/faster_rcnn/fold_1_r50_300e_hbb.py): {'norm_cfg': {'type': 'GN', 'num_groups': 32, 'requires_grad': True}, 'model': {'type': 'FasterRCNN', 'backbone': {'type': 'ResNet', 'depth': 50, 'num_stages': 4, 'out_indices': (0, 1, 2, 3), 'frozen_stages': -1, 'norm_cfg': {'type': 'GN', 'num_groups': 32, 'requires_grad': True}, 'norm_eval': True, 'style': 'pytorch', 'init_cfg': {'type': 'Pretrained', 'checkpoint': 'torchvision://resnet50'}}, 'neck': {'type': 'FPN', 'in_channels': [256, 512, 1024, 2048], 'out_channels': 256, 'num_outs': 5, 'norm_cfg': {'type': 'GN', 'num_groups': 32, 'requires_grad': True}}, 'rpn_head': {'type': 'RPNHead', 'in_channels': 256, 'feat_channels': 256, 'anchor_generator': {'type': 'AnchorGenerator', 'scales': [8], 'ratios': [0.5, 1.0, 2.0], 'strides': [4, 8, 16, 32, 64]}, 'bbox_coder': {'type': 'DeltaXYWHBBoxCoder', 'target_means': [0.0, 0.0, 0.0, 0.0], 'target_stds': [1.0, 1.0, 1.0, 1.0]}, 'loss_cls': {'type': 'CrossEntropyLoss', 'use_sigmoid': True, 'loss_weight': 1.0}, 'loss_bbox': {'type': 'SmoothL1Loss', 'loss_weight': 1.0}}, 'roi_head': {'type': 'StandardRoIHead', 'bbox_roi_extractor': {'type': 'SingleRoIExtractor', 'roi_layer': {'type': 'RoIAlign', 'output_size': 7, 'sampling_ratio': 0}, 'out_channels': 256, 'featmap_strides': [4, 8, 16, 32]}, 'bbox_head': {'type': 'Shared4Conv1FCBBoxHead', 'in_channels': 256, 'conv_out_channels': 256, 'fc_out_channels': 1024, 'roi_feat_size': 7, 'num_classes': 1, 'norm_cfg': {'type': 'GN', 'num_groups': 32, 'requires_grad': True}, 'bbox_coder': {'type': 'DeltaXYWHBBoxCoder', 'target_means': [0.0, 0.0, 0.0, 0.0], 'target_stds': [0.1, 0.1, 0.2, 0.2]}, 'reg_class_agnostic': False, 'loss_cls': {'type': 'CrossEntropyLoss', 'use_sigmoid': False, 'loss_weight': 1.0}, 'loss_bbox': {'type': 'SmoothL1Loss', 'loss_weight': 1.0}}}, 'train_cfg': {'rpn': {'assigner': {'type': 'MaxIoUAssigner', 'pos_iou_thr': 0.7, 'neg_iou_thr': 0.3, 'min_pos_iou': 0.3, 'match_low_quality': True, 'ignore_iof_thr': -1}, 'sampler': {'type': 'RandomSampler', 'num': 256, 'pos_fraction': 0.5, 'neg_pos_ub': -1, 'add_gt_as_proposals': False}, 'allowed_border': -1, 'pos_weight': -1, 'debug': False}, 'rpn_proposal': {'nms_pre': 2000, 'max_per_img': 1000, 'nms': {'type': 'nms', 'iou_threshold': 0.7}, 'min_bbox_size': 0}, 'rcnn': {'assigner': {'type': 'MaxIoUAssigner', 'pos_iou_thr': 0.5, 'neg_iou_thr': 0.5, 'min_pos_iou': 0.5, 'match_low_quality': False, 'ignore_iof_thr': -1}, 'sampler': {'type': 'RandomSampler', 'num': 512, 'pos_fraction': 0.25, 'neg_pos_ub': -1, 'add_gt_as_proposals': True}, 'pos_weight': -1, 'debug': False}}, 'test_cfg': {'rpn': {'nms_pre': 1000, 'max_per_img': 1000, 'nms': {'type': 'nms', 'iou_threshold': 0.7}, 'min_bbox_size': 0}, 'rcnn': {'score_thr': 0.05, 'nms': {'type': 'nms', 'iou_threshold': 0.5}, 'max_per_img': 100}}}, 'dataset_type': 'CocoDataset', 'classes': ('ship',), 'data_root': '/home/ahmadreza/Downloads/Research/M2SODAI/baseline_official/', 'img_norm_cfg': {'mean': [123.675, 116.28, 103.53], 'std': [58.395, 57.12, 57.375], 'to_rgb': True}, 'train_pipeline': [{'type': 'Mosaic', 'img_scale': (640, 640), 'pad_val': 114.0}, {'type': 'RandomAffine', 'scaling_ratio_range': (0.1, 2), 'border': (-320, -320)}, {'type': 'MixUp', 'img_scale': (640, 640), 'ratio_range': (0.8, 1.6), 'pad_val': 114.0}, {'type': 'PhotoMetricDistortion'}, {'type': 'RandomFlip', 'flip_ratio': 0.5}, {'type': 'Normalize', 'mean': [123.675, 116.28, 103.53], 'std': [58.395, 57.12, 57.375], 'to_rgb': True}, {'type': 'Pad', 'size_divisor': 32}, {'type': 'DefaultFormatBundle'}, {'type': 'Collect', 'keys': ['img', 'gt_bboxes', 'gt_labels']}], 'inner_pipeline': [{'type': 'LoadImageFromFile'}, {'type': 'LoadAnnotations', 'with_bbox': True}], 'test_pipeline': [{'type': 'LoadImageFromFile'}, {'type': 'MultiScaleFlipAug', 'img_scale': (640, 640), 'flip': False, 'transforms': [{'type': 'Resize', 'keep_ratio': True}, {'type': 'RandomFlip'}, {'type': 'Normalize', 'mean': [123.675, 116.28, 103.53], 'std': [58.395, 57.12, 57.375], 'to_rgb': True}, {'type': 'Pad', 'size_divisor': 32}, {'type': 'ImageToTensor', 'keys': ['img']}, {'type': 'Collect', 'keys': ['img']}]}], 'data': {'samples_per_gpu': 4, 'workers_per_gpu': 4, 'train': {'type': 'MultiImageMixDataset', 'dataset': {'type': 'CocoDataset', 'ann_file': '/home/ahmadreza/Downloads/Research/M2SODAI/baseline_official/fold_1/train/annotations.json', 'img_prefix': '/home/ahmadreza/Downloads/Research/M2SODAI/baseline_official/fold_1/train/images/', 'classes': ('ship',), 'filter_empty_gt': False, 'pipeline': [{'type': 'LoadImageFromFile'}, {'type': 'LoadAnnotations', 'with_bbox': True}]}, 'pipeline': [{'type': 'Mosaic', 'img_scale': (640, 640), 'pad_val': 114.0}, {'type': 'RandomAffine', 'scaling_ratio_range': (0.1, 2), 'border': (-320, -320)}, {'type': 'MixUp', 'img_scale': (640, 640), 'ratio_range': (0.8, 1.6), 'pad_val': 114.0}, {'type': 'PhotoMetricDistortion'}, {'type': 'RandomFlip', 'flip_ratio': 0.5}, {'type': 'Normalize', 'mean': [123.675, 116.28, 103.53], 'std': [58.395, 57.12, 57.375], 'to_rgb': True}, {'type': 'Pad', 'size_divisor': 32}, {'type': 'DefaultFormatBundle'}, {'type': 'Collect', 'keys': ['img', 'gt_bboxes', 'gt_labels']}]}, 'val': {'type': 'CocoDataset', 'ann_file': '/home/ahmadreza/Downloads/Research/M2SODAI/baseline_official/fold_1/val/annotations.json', 'img_prefix': '/home/ahmadreza/Downloads/Research/M2SODAI/baseline_official/fold_1/val/images/', 'classes': ('ship',), 'pipeline': [{'type': 'LoadImageFromFile'}, {'type': 'MultiScaleFlipAug', 'img_scale': (640, 640), 'flip': False, 'transforms': [{'type': 'Resize', 'keep_ratio': True}, {'type': 'RandomFlip'}, {'type': 'Normalize', 'mean': [123.675, 116.28, 103.53], 'std': [58.395, 57.12, 57.375], 'to_rgb': True}, {'type': 'Pad', 'size_divisor': 32}, {'type': 'ImageToTensor', 'keys': ['img']}, {'type': 'Collect', 'keys': ['img']}]}]}, 'test': {'type': 'CocoDataset', 'ann_file': '/home/ahmadreza/Downloads/Research/M2SODAI/baseline_official/fold_1/val/annotations.json', 'img_prefix': '/home/ahmadreza/Downloads/Research/M2SODAI/baseline_official/fold_1/val/images/', 'classes': ('ship',), 'pipeline': [{'type': 'LoadImageFromFile'}, {'type': 'MultiScaleFlipAug', 'img_scale': (640, 640), 'flip': False, 'transforms': [{'type': 'Resize', 'keep_ratio': True}, {'type': 'RandomFlip'}, {'type': 'Normalize', 'mean': [123.675, 116.28, 103.53], 'std': [58.395, 57.12, 57.375], 'to_rgb': True}, {'type': 'Pad', 'size_divisor': 32}, {'type': 'ImageToTensor', 'keys': ['img']}, {'type': 'Collect', 'keys': ['img']}]}]}}, 'optimizer': {'type': 'SGD', 'lr': 0.02, 'momentum': 0.9, 'weight_decay': 0.0001, 'paramwise_cfg': {'norm_decay_mult': 0}}, 'optimizer_config': {'type': 'GradientCumulativeOptimizerHook', 'cumulative_iters': 4, 'grad_clip': {'max_norm': 35, 'norm_type': 2}}, 'lr_config': {'policy': 'CosineAnnealing', 'warmup': 'linear', 'warmup_iters': 500, 'warmup_ratio': 0.001, 'min_lr': 1e-06}, 'runner': {'type': 'EpochBasedRunner', 'max_epochs': 300}, 'evaluation': {'interval': 10, 'metric': 'bbox', 'save_best': 'bbox_mAP'}, 'checkpoint_config': {'interval': 10, 'max_keep_ckpts': 3}, 'log_config': {'interval': 50, 'hooks': [{'type': 'TextLoggerHook'}, {'type': 'TensorboardLoggerHook'}]}, 'custom_hooks': [{'type': 'EarlyStoppingHook', 'monitor': 'bbox_mAP', 'patience': 5, 'min_delta': 0.001}], 'dist_params': {'backend': 'nccl'}, 'log_level': 'INFO', 'load_from': None, 'resume_from': None, 'workflow': [('train', 1)], 'seed': 0, 'deterministic': True, 'work_dir': '/home/ahmadreza/Downloads/Research/M2SODAI/baseline_official/runs_r50_hbb/r50_hbb_fold_1_20260512', 'auto_resume': False, 'gpu_ids': range(0, 1)}
2026-05-12 03:27:15,652 - mmdet - INFO - Environment info:
------------------------------------------------------------
sys.platform: linux
Python: 3.7.16 (default, Jan 17 2023, 22:20:44) [GCC 11.2.0]
CUDA available: True
GPU 0: NVIDIA GeForce RTX 2080 Ti
CUDA_HOME: /usr
NVCC: Build cuda_11.5.r11.5/compiler.30672275_0
GCC: gcc (Ubuntu 11.4.0-1ubuntu1~22.04.3) 11.4.0
PyTorch: 1.7.1+cu110
PyTorch compiling details: PyTorch built with:
  - GCC 7.3
  - C++ Version: 201402
  - Intel(R) Math Kernel Library Version 2020.0.0 Product Build 20191122 for Intel(R) 64 architecture applications
  - Intel(R) MKL-DNN v1.6.0 (Git Hash 5ef631a030a6f73131c77892041042805a06064f)
  - OpenMP 201511 (a.k.a. OpenMP 4.5)
  - NNPACK is enabled
  - CPU capability usage: AVX2
  - CUDA Runtime 11.0
  - NVCC architecture flags: -gencode;arch=compute_37,code=sm_37;-gencode;arch=compute_50,code=sm_50;-gencode;arch=compute_60,code=sm_60;-gencode;arch=compute_70,code=sm_70;-gencode;arch=compute_75,code=sm_75;-gencode;arch=compute_80,code=sm_80
  - CuDNN 8.0.5
  - Magma 2.5.2
  - Build settings: BLAS=MKL, BUILD_TYPE=Release, CXX_FLAGS= -Wno-deprecated -fvisibility-inlines-hidden -DUSE_PTHREADPOOL -fopenmp -DNDEBUG -DUSE_FBGEMM -DUSE_QNNPACK -DUSE_PYTORCH_QNNPACK -DUSE_XNNPACK -DUSE_VULKAN_WRAPPER -O2 -fPIC -Wno-narrowing -Wall -Wextra -Werror=return-type -Wno-missing-field-initializers -Wno-type-limits -Wno-array-bounds -Wno-unknown-pragmas -Wno-sign-compare -Wno-unused-parameter -Wno-unused-variable -Wno-unused-function -Wno-unused-result -Wno-unused-local-typedefs -Wno-strict-overflow -Wno-strict-aliasing -Wno-error=deprecated-declarations -Wno-stringop-overflow -Wno-psabi -Wno-error=pedantic -Wno-error=redundant-decls -Wno-error=old-style-cast -fdiagnostics-color=always -faligned-new -Wno-unused-but-set-variable -Wno-maybe-uninitialized -fno-math-errno -fno-trapping-math -Werror=format -Wno-stringop-overflow, PERF_WITH_AVX=1, PERF_WITH_AVX2=1, PERF_WITH_AVX512=1, USE_CUDA=ON, USE_EXCEPTION_PTR=1, USE_GFLAGS=OFF, USE_GLOG=OFF, USE_MKL=ON, USE_MKLDNN=ON, USE_MPI=OFF, USE_NCCL=ON, USE_NNPACK=ON, USE_OPENMP=ON, 

TorchVision: 0.8.2+cu110
OpenCV: 4.13.0
MMCV: 1.3.17
MMCV Compiler: GCC 7.3
MMCV CUDA Compiler: 11.0
MMDetection: 2.23.0+2544401
------------------------------------------------------------

2026-05-12 03:27:17,432 - mmdet - INFO - Distributed training: True
2026-05-12 03:27:19,209 - mmdet - INFO - Config:
norm_cfg = dict(type='GN', num_groups=32, requires_grad=True)
model = dict(
    type='FasterRCNN',
    backbone=dict(
        type='ResNet',
        depth=50,
        num_stages=4,
        out_indices=(0, 1, 2, 3),
        frozen_stages=-1,
        norm_cfg=dict(type='GN', num_groups=32, requires_grad=True),
        norm_eval=True,
        style='pytorch',
        init_cfg=dict(type='Pretrained', checkpoint='torchvision://resnet50')),
    neck=dict(
        type='FPN',
        in_channels=[256, 512, 1024, 2048],
        out_channels=256,
        num_outs=5,
        norm_cfg=dict(type='GN', num_groups=32, requires_grad=True)),
    rpn_head=dict(
        type='RPNHead',
        in_channels=256,
        feat_channels=256,
        anchor_generator=dict(
            type='AnchorGenerator',
            scales=[8],
            ratios=[0.5, 1.0, 2.0],
            strides=[4, 8, 16, 32, 64]),
        bbox_coder=dict(
            type='DeltaXYWHBBoxCoder',
            target_means=[0.0, 0.0, 0.0, 0.0],
            target_stds=[1.0, 1.0, 1.0, 1.0]),
        loss_cls=dict(
            type='CrossEntropyLoss', use_sigmoid=True, loss_weight=1.0),
        loss_bbox=dict(type='SmoothL1Loss', loss_weight=1.0)),
    roi_head=dict(
        type='StandardRoIHead',
        bbox_roi_extractor=dict(
            type='SingleRoIExtractor',
            roi_layer=dict(type='RoIAlign', output_size=7, sampling_ratio=0),
            out_channels=256,
            featmap_strides=[4, 8, 16, 32]),
        bbox_head=dict(
            type='Shared4Conv1FCBBoxHead',
            in_channels=256,
            conv_out_channels=256,
            fc_out_channels=1024,
            roi_feat_size=7,
            num_classes=1,
            norm_cfg=dict(type='GN', num_groups=32, requires_grad=True),
            bbox_coder=dict(
                type='DeltaXYWHBBoxCoder',
                target_means=[0.0, 0.0, 0.0, 0.0],
                target_stds=[0.1, 0.1, 0.2, 0.2]),
            reg_class_agnostic=False,
            loss_cls=dict(
                type='CrossEntropyLoss', use_sigmoid=False, loss_weight=1.0),
            loss_bbox=dict(type='SmoothL1Loss', loss_weight=1.0))),
    train_cfg=dict(
        rpn=dict(
            assigner=dict(
                type='MaxIoUAssigner',
                pos_iou_thr=0.7,
                neg_iou_thr=0.3,
                min_pos_iou=0.3,
                match_low_quality=True,
                ignore_iof_thr=-1),
            sampler=dict(
                type='RandomSampler',
                num=256,
                pos_fraction=0.5,
                neg_pos_ub=-1,
                add_gt_as_proposals=False),
            allowed_border=-1,
            pos_weight=-1,
            debug=False),
        rpn_proposal=dict(
            nms_pre=2000,
            max_per_img=1000,
            nms=dict(type='nms', iou_threshold=0.7),
            min_bbox_size=0),
        rcnn=dict(
            assigner=dict(
                type='MaxIoUAssigner',
                pos_iou_thr=0.5,
                neg_iou_thr=0.5,
                min_pos_iou=0.5,
                match_low_quality=False,
                ignore_iof_thr=-1),
            sampler=dict(
                type='RandomSampler',
                num=512,
                pos_fraction=0.25,
                neg_pos_ub=-1,
                add_gt_as_proposals=True),
            pos_weight=-1,
            debug=False)),
    test_cfg=dict(
        rpn=dict(
            nms_pre=1000,
            max_per_img=1000,
            nms=dict(type='nms', iou_threshold=0.7),
            min_bbox_size=0),
        rcnn=dict(
            score_thr=0.05,
            nms=dict(type='nms', iou_threshold=0.5),
            max_per_img=100)))
dataset_type = 'CocoDataset'
classes = ('ship', )
data_root = '/home/ahmadreza/Downloads/Research/M2SODAI/baseline_official/'
img_norm_cfg = dict(
    mean=[123.675, 116.28, 103.53], std=[58.395, 57.12, 57.375], to_rgb=True)
train_pipeline = [
    dict(type='Mosaic', img_scale=(640, 640), pad_val=114.0),
    dict(
        type='RandomAffine', scaling_ratio_range=(0.1, 2),
        border=(-320, -320)),
    dict(
        type='MixUp',
        img_scale=(640, 640),
        ratio_range=(0.8, 1.6),
        pad_val=114.0),
    dict(type='PhotoMetricDistortion'),
    dict(type='RandomFlip', flip_ratio=0.5),
    dict(
        type='Normalize',
        mean=[123.675, 116.28, 103.53],
        std=[58.395, 57.12, 57.375],
        to_rgb=True),
    dict(type='Pad', size_divisor=32),
    dict(type='DefaultFormatBundle'),
    dict(type='Collect', keys=['img', 'gt_bboxes', 'gt_labels'])
]
inner_pipeline = [
    dict(type='LoadImageFromFile'),
    dict(type='LoadAnnotations', with_bbox=True)
]
test_pipeline = [
    dict(type='LoadImageFromFile'),
    dict(
        type='MultiScaleFlipAug',
        img_scale=(640, 640),
        flip=False,
        transforms=[
            dict(type='Resize', keep_ratio=True),
            dict(type='RandomFlip'),
            dict(
                type='Normalize',
                mean=[123.675, 116.28, 103.53],
                std=[58.395, 57.12, 57.375],
                to_rgb=True),
            dict(type='Pad', size_divisor=32),
            dict(type='ImageToTensor', keys=['img']),
            dict(type='Collect', keys=['img'])
        ])
]
data = dict(
    samples_per_gpu=4,
    workers_per_gpu=4,
    train=dict(
        type='MultiImageMixDataset',
        dataset=dict(
            type='CocoDataset',
            ann_file=
            '/home/ahmadreza/Downloads/Research/M2SODAI/baseline_official/fold_1/train/annotations.json',
            img_prefix=
            '/home/ahmadreza/Downloads/Research/M2SODAI/baseline_official/fold_1/train/images/',
            classes=('ship', ),
            filter_empty_gt=False,
            pipeline=[
                dict(type='LoadImageFromFile'),
                dict(type='LoadAnnotations', with_bbox=True)
            ]),
        pipeline=[
            dict(type='Mosaic', img_scale=(640, 640), pad_val=114.0),
            dict(
                type='RandomAffine',
                scaling_ratio_range=(0.1, 2),
                border=(-320, -320)),
            dict(
                type='MixUp',
                img_scale=(640, 640),
                ratio_range=(0.8, 1.6),
                pad_val=114.0),
            dict(type='PhotoMetricDistortion'),
            dict(type='RandomFlip', flip_ratio=0.5),
            dict(
                type='Normalize',
                mean=[123.675, 116.28, 103.53],
                std=[58.395, 57.12, 57.375],
                to_rgb=True),
            dict(type='Pad', size_divisor=32),
            dict(type='DefaultFormatBundle'),
            dict(type='Collect', keys=['img', 'gt_bboxes', 'gt_labels'])
        ]),
    val=dict(
        type='CocoDataset',
        ann_file=
        '/home/ahmadreza/Downloads/Research/M2SODAI/baseline_official/fold_1/val/annotations.json',
        img_prefix=
        '/home/ahmadreza/Downloads/Research/M2SODAI/baseline_official/fold_1/val/images/',
        classes=('ship', ),
        pipeline=[
            dict(type='LoadImageFromFile'),
            dict(
                type='MultiScaleFlipAug',
                img_scale=(640, 640),
                flip=False,
                transforms=[
                    dict(type='Resize', keep_ratio=True),
                    dict(type='RandomFlip'),
                    dict(
                        type='Normalize',
                        mean=[123.675, 116.28, 103.53],
                        std=[58.395, 57.12, 57.375],
                        to_rgb=True),
                    dict(type='Pad', size_divisor=32),
                    dict(type='ImageToTensor', keys=['img']),
                    dict(type='Collect', keys=['img'])
                ])
        ]),
    test=dict(
        type='CocoDataset',
        ann_file=
        '/home/ahmadreza/Downloads/Research/M2SODAI/baseline_official/fold_1/val/annotations.json',
        img_prefix=
        '/home/ahmadreza/Downloads/Research/M2SODAI/baseline_official/fold_1/val/images/',
        classes=('ship', ),
        pipeline=[
            dict(type='LoadImageFromFile'),
            dict(
                type='MultiScaleFlipAug',
                img_scale=(640, 640),
                flip=False,
                transforms=[
                    dict(type='Resize', keep_ratio=True),
                    dict(type='RandomFlip'),
                    dict(
                        type='Normalize',
                        mean=[123.675, 116.28, 103.53],
                        std=[58.395, 57.12, 57.375],
                        to_rgb=True),
                    dict(type='Pad', size_divisor=32),
                    dict(type='ImageToTensor', keys=['img']),
                    dict(type='Collect', keys=['img'])
                ])
        ]))
optimizer = dict(
    type='SGD',
    lr=0.02,
    momentum=0.9,
    weight_decay=0.0001,
    paramwise_cfg=dict(norm_decay_mult=0))
optimizer_config = dict(
    type='GradientCumulativeOptimizerHook',
    cumulative_iters=4,
    grad_clip=dict(max_norm=35, norm_type=2))
lr_config = dict(
    policy='CosineAnnealing',
    warmup='linear',
    warmup_iters=500,
    warmup_ratio=0.001,
    min_lr=1e-06)
runner = dict(type='EpochBasedRunner', max_epochs=300)
evaluation = dict(interval=10, metric='bbox', save_best='bbox_mAP')
checkpoint_config = dict(interval=10, max_keep_ckpts=3)
log_config = dict(
    interval=50,
    hooks=[dict(type='TextLoggerHook'),
           dict(type='TensorboardLoggerHook')])
custom_hooks = [
    dict(
        type='EarlyStoppingHook',
        monitor='bbox_mAP',
        patience=5,
        min_delta=0.001)
]
dist_params = dict(backend='nccl')
log_level = 'INFO'
load_from = None
resume_from = None
workflow = [('train', 1)]
seed = 0
deterministic = True
work_dir = '/home/ahmadreza/Downloads/Research/M2SODAI/baseline_official/runs_r50_hbb/r50_hbb_fold_1_20260512'
auto_resume = False
gpu_ids = range(0, 1)

2026-05-12 03:27:19,209 - mmdet - INFO - Set random seed to 42, deterministic: False
2026-05-12 03:27:19,790 - mmdet - INFO - initialize ResNet with init_cfg {'type': 'Pretrained', 'checkpoint': 'torchvision://resnet50'}
2026-05-12 03:27:19,791 - mmcv - INFO - load model from: torchvision://resnet50
2026-05-12 03:27:19,791 - mmcv - INFO - load checkpoint from torchvision path: torchvision://resnet50
2026-05-12 03:27:20,310 - mmcv - WARNING - The model and loaded state dict do not match exactly

unexpected key in source state_dict: bn1.running_mean, bn1.running_var, bn1.weight, bn1.bias, fc.weight, fc.bias, layer1.0.bn1.running_mean, layer1.0.bn1.running_var, layer1.0.bn1.weight, layer1.0.bn1.bias, layer1.0.bn2.running_mean, layer1.0.bn2.running_var, layer1.0.bn2.weight, layer1.0.bn2.bias, layer1.0.bn3.running_mean, layer1.0.bn3.running_var, layer1.0.bn3.weight, layer1.0.bn3.bias, layer1.0.downsample.1.running_mean, layer1.0.downsample.1.running_var, layer1.1.bn1.running_mean, layer1.1.bn1.running_var, layer1.1.bn1.weight, layer1.1.bn1.bias, layer1.1.bn2.running_mean, layer1.1.bn2.running_var, layer1.1.bn2.weight, layer1.1.bn2.bias, layer1.1.bn3.running_mean, layer1.1.bn3.running_var, layer1.1.bn3.weight, layer1.1.bn3.bias, layer1.2.bn1.running_mean, layer1.2.bn1.running_var, layer1.2.bn1.weight, layer1.2.bn1.bias, layer1.2.bn2.running_mean, layer1.2.bn2.running_var, layer1.2.bn2.weight, layer1.2.bn2.bias, layer1.2.bn3.running_mean, layer1.2.bn3.running_var, layer1.2.bn3.weight, layer1.2.bn3.bias, layer2.0.bn1.running_mean, layer2.0.bn1.running_var, layer2.0.bn1.weight, layer2.0.bn1.bias, layer2.0.bn2.running_mean, layer2.0.bn2.running_var, layer2.0.bn2.weight, layer2.0.bn2.bias, layer2.0.bn3.running_mean, layer2.0.bn3.running_var, layer2.0.bn3.weight, layer2.0.bn3.bias, layer2.0.downsample.1.running_mean, layer2.0.downsample.1.running_var, layer2.1.bn1.running_mean, layer2.1.bn1.running_var, layer2.1.bn1.weight, layer2.1.bn1.bias, layer2.1.bn2.running_mean, layer2.1.bn2.running_var, layer2.1.bn2.weight, layer2.1.bn2.bias, layer2.1.bn3.running_mean, layer2.1.bn3.running_var, layer2.1.bn3.weight, layer2.1.bn3.bias, layer2.2.bn1.running_mean, layer2.2.bn1.running_var, layer2.2.bn1.weight, layer2.2.bn1.bias, layer2.2.bn2.running_mean, layer2.2.bn2.running_var, layer2.2.bn2.weight, layer2.2.bn2.bias, layer2.2.bn3.running_mean, layer2.2.bn3.running_var, layer2.2.bn3.weight, layer2.2.bn3.bias, layer2.3.bn1.running_mean, layer2.3.bn1.running_var, layer2.3.bn1.weight, layer2.3.bn1.bias, layer2.3.bn2.running_mean, layer2.3.bn2.running_var, layer2.3.bn2.weight, layer2.3.bn2.bias, layer2.3.bn3.running_mean, layer2.3.bn3.running_var, layer2.3.bn3.weight, layer2.3.bn3.bias, layer3.0.bn1.running_mean, layer3.0.bn1.running_var, layer3.0.bn1.weight, layer3.0.bn1.bias, layer3.0.bn2.running_mean, layer3.0.bn2.running_var, layer3.0.bn2.weight, layer3.0.bn2.bias, layer3.0.bn3.running_mean, layer3.0.bn3.running_var, layer3.0.bn3.weight, layer3.0.bn3.bias, layer3.0.downsample.1.running_mean, layer3.0.downsample.1.running_var, layer3.1.bn1.running_mean, layer3.1.bn1.running_var, layer3.1.bn1.weight, layer3.1.bn1.bias, layer3.1.bn2.running_mean, layer3.1.bn2.running_var, layer3.1.bn2.weight, layer3.1.bn2.bias, layer3.1.bn3.running_mean, layer3.1.bn3.running_var, layer3.1.bn3.weight, layer3.1.bn3.bias, layer3.2.bn1.running_mean, layer3.2.bn1.running_var, layer3.2.bn1.weight, layer3.2.bn1.bias, layer3.2.bn2.running_mean, layer3.2.bn2.running_var, layer3.2.bn2.weight, layer3.2.bn2.bias, layer3.2.bn3.running_mean, layer3.2.bn3.running_var, layer3.2.bn3.weight, layer3.2.bn3.bias, layer3.3.bn1.running_mean, layer3.3.bn1.running_var, layer3.3.bn1.weight, layer3.3.bn1.bias, layer3.3.bn2.running_mean, layer3.3.bn2.running_var, layer3.3.bn2.weight, layer3.3.bn2.bias, layer3.3.bn3.running_mean, layer3.3.bn3.running_var, layer3.3.bn3.weight, layer3.3.bn3.bias, layer3.4.bn1.running_mean, layer3.4.bn1.running_var, layer3.4.bn1.weight, layer3.4.bn1.bias, layer3.4.bn2.running_mean, layer3.4.bn2.running_var, layer3.4.bn2.weight, layer3.4.bn2.bias, layer3.4.bn3.running_mean, layer3.4.bn3.running_var, layer3.4.bn3.weight, layer3.4.bn3.bias, layer3.5.bn1.running_mean, layer3.5.bn1.running_var, layer3.5.bn1.weight, layer3.5.bn1.bias, layer3.5.bn2.running_mean, layer3.5.bn2.running_var, layer3.5.bn2.weight, layer3.5.bn2.bias, layer3.5.bn3.running_mean, layer3.5.bn3.running_var, layer3.5.bn3.weight, layer3.5.bn3.bias, layer4.0.bn1.running_mean, layer4.0.bn1.running_var, layer4.0.bn1.weight, layer4.0.bn1.bias, layer4.0.bn2.running_mean, layer4.0.bn2.running_var, layer4.0.bn2.weight, layer4.0.bn2.bias, layer4.0.bn3.running_mean, layer4.0.bn3.running_var, layer4.0.bn3.weight, layer4.0.bn3.bias, layer4.0.downsample.1.running_mean, layer4.0.downsample.1.running_var, layer4.1.bn1.running_mean, layer4.1.bn1.running_var, layer4.1.bn1.weight, layer4.1.bn1.bias, layer4.1.bn2.running_mean, layer4.1.bn2.running_var, layer4.1.bn2.weight, layer4.1.bn2.bias, layer4.1.bn3.running_mean, layer4.1.bn3.running_var, layer4.1.bn3.weight, layer4.1.bn3.bias, layer4.2.bn1.running_mean, layer4.2.bn1.running_var, layer4.2.bn1.weight, layer4.2.bn1.bias, layer4.2.bn2.running_mean, layer4.2.bn2.running_var, layer4.2.bn2.weight, layer4.2.bn2.bias, layer4.2.bn3.running_mean, layer4.2.bn3.running_var, layer4.2.bn3.weight, layer4.2.bn3.bias

missing keys in source state_dict: gn1.weight, gn1.bias, layer1.0.gn1.weight, layer1.0.gn1.bias, layer1.0.gn2.weight, layer1.0.gn2.bias, layer1.0.gn3.weight, layer1.0.gn3.bias, layer1.1.gn1.weight, layer1.1.gn1.bias, layer1.1.gn2.weight, layer1.1.gn2.bias, layer1.1.gn3.weight, layer1.1.gn3.bias, layer1.2.gn1.weight, layer1.2.gn1.bias, layer1.2.gn2.weight, layer1.2.gn2.bias, layer1.2.gn3.weight, layer1.2.gn3.bias, layer2.0.gn1.weight, layer2.0.gn1.bias, layer2.0.gn2.weight, layer2.0.gn2.bias, layer2.0.gn3.weight, layer2.0.gn3.bias, layer2.1.gn1.weight, layer2.1.gn1.bias, layer2.1.gn2.weight, layer2.1.gn2.bias, layer2.1.gn3.weight, layer2.1.gn3.bias, layer2.2.gn1.weight, layer2.2.gn1.bias, layer2.2.gn2.weight, layer2.2.gn2.bias, layer2.2.gn3.weight, layer2.2.gn3.bias, layer2.3.gn1.weight, layer2.3.gn1.bias, layer2.3.gn2.weight, layer2.3.gn2.bias, layer2.3.gn3.weight, layer2.3.gn3.bias, layer3.0.gn1.weight, layer3.0.gn1.bias, layer3.0.gn2.weight, layer3.0.gn2.bias, layer3.0.gn3.weight, layer3.0.gn3.bias, layer3.1.gn1.weight, layer3.1.gn1.bias, layer3.1.gn2.weight, layer3.1.gn2.bias, layer3.1.gn3.weight, layer3.1.gn3.bias, layer3.2.gn1.weight, layer3.2.gn1.bias, layer3.2.gn2.weight, layer3.2.gn2.bias, layer3.2.gn3.weight, layer3.2.gn3.bias, layer3.3.gn1.weight, layer3.3.gn1.bias, layer3.3.gn2.weight, layer3.3.gn2.bias, layer3.3.gn3.weight, layer3.3.gn3.bias, layer3.4.gn1.weight, layer3.4.gn1.bias, layer3.4.gn2.weight, layer3.4.gn2.bias, layer3.4.gn3.weight, layer3.4.gn3.bias, layer3.5.gn1.weight, layer3.5.gn1.bias, layer3.5.gn2.weight, layer3.5.gn2.bias, layer3.5.gn3.weight, layer3.5.gn3.bias, layer4.0.gn1.weight, layer4.0.gn1.bias, layer4.0.gn2.weight, layer4.0.gn2.bias, layer4.0.gn3.weight, layer4.0.gn3.bias, layer4.1.gn1.weight, layer4.1.gn1.bias, layer4.1.gn2.weight, layer4.1.gn2.bias, layer4.1.gn3.weight, layer4.1.gn3.bias, layer4.2.gn1.weight, layer4.2.gn1.bias, layer4.2.gn2.weight, layer4.2.gn2.bias, layer4.2.gn3.weight, layer4.2.gn3.bias

2026-05-12 03:27:20,348 - mmdet - INFO - initialize FPN with init_cfg {'type': 'Xavier', 'layer': 'Conv2d', 'distribution': 'uniform'}
2026-05-12 03:27:20,378 - mmdet - INFO - initialize RPNHead with init_cfg {'type': 'Normal', 'layer': 'Conv2d', 'std': 0.01}
2026-05-12 03:27:20,389 - mmdet - INFO - initialize Shared4Conv1FCBBoxHead with init_cfg [{'type': 'Normal', 'std': 0.01, 'override': {'name': 'fc_cls'}}, {'type': 'Normal', 'std': 0.001, 'override': {'name': 'fc_reg'}}, {'type': 'Xavier', 'distribution': 'uniform', 'override': [{'name': 'shared_fcs'}, {'name': 'cls_fcs'}, {'name': 'reg_fcs'}]}]
loading annotations into memory...
Done (t=0.02s)
creating index...
index created!
loading annotations into memory...
Done (t=0.01s)
creating index...
index created!
2026-05-12 03:27:20,945 - mmdet - INFO - Start running, host: ahmadreza@quartz, work_dir: /home/ahmadreza/Downloads/Research/M2SODAI/baseline_official/runs_r50_hbb/r50_hbb_fold_1_20260512
2026-05-12 03:27:20,945 - mmdet - INFO - Hooks will be executed in the following order:
before_run:
(VERY_HIGH   ) CosineAnnealingLrUpdaterHook       
(NORMAL      ) CheckpointHook                     
(LOW         ) DistEvalHook                       
(VERY_LOW    ) TextLoggerHook                     
(VERY_LOW    ) TensorboardLoggerHook              
 -------------------- 
before_train_epoch:
(VERY_HIGH   ) CosineAnnealingLrUpdaterHook       
(NORMAL      ) DistSamplerSeedHook                
(LOW         ) IterTimerHook                      
(LOW         ) DistEvalHook                       
(VERY_LOW    ) TextLoggerHook                     
(VERY_LOW    ) TensorboardLoggerHook              
 -------------------- 
before_train_iter:
(VERY_HIGH   ) CosineAnnealingLrUpdaterHook       
(LOW         ) IterTimerHook                      
(LOW         ) DistEvalHook                       
 -------------------- 
after_train_iter:
(ABOVE_NORMAL) GradientCumulativeOptimizerHook    
(NORMAL      ) CheckpointHook                     
(LOW         ) IterTimerHook                      
(LOW         ) DistEvalHook                       
(VERY_LOW    ) TextLoggerHook                     
(VERY_LOW    ) TensorboardLoggerHook              
 -------------------- 
after_train_epoch:
(NORMAL      ) CheckpointHook                     
(NORMAL      ) EarlyStoppingHook                  
(LOW         ) DistEvalHook                       
(VERY_LOW    ) TextLoggerHook                     
(VERY_LOW    ) TensorboardLoggerHook              
 -------------------- 
before_val_epoch:
(NORMAL      ) DistSamplerSeedHook                
(LOW         ) IterTimerHook                      
(VERY_LOW    ) TextLoggerHook                     
(VERY_LOW    ) TensorboardLoggerHook              
 -------------------- 
before_val_iter:
(LOW         ) IterTimerHook                      
 -------------------- 
after_val_iter:
(LOW         ) IterTimerHook                      
 -------------------- 
after_val_epoch:
(VERY_LOW    ) TextLoggerHook                     
(VERY_LOW    ) TensorboardLoggerHook              
 -------------------- 
after_run:
(VERY_LOW    ) TextLoggerHook                     
(VERY_LOW    ) TensorboardLoggerHook              
 -------------------- 
2026-05-12 03:27:20,946 - mmdet - INFO - workflow: [('train', 1)], max: 300 epochs
2026-05-12 03:27:20,946 - mmdet - INFO - Checkpoints will be saved to /home/ahmadreza/Downloads/Research/M2SODAI/baseline_official/runs_r50_hbb/r50_hbb_fold_1_20260512 by HardDiskBackend.
2026-05-12 03:27:50,342 - mmdet - INFO - Epoch [1][50/186]	lr: 1.978e-03, eta: 9:02:38, time: 0.584, data_time: 0.085, memory: 6155, loss_rpn_cls: 0.6709, loss_rpn_bbox: 0.0177, loss_cls: 0.2899, acc: 95.0879, loss_bbox: 0.0173, loss: 0.9958, grad_norm: 5.5889
2026-05-12 03:28:15,994 - mmdet - INFO - Epoch [1][100/186]	lr: 3.976e-03, eta: 8:30:03, time: 0.515, data_time: 0.015, memory: 6155, loss_rpn_cls: 0.4722, loss_rpn_bbox: 0.0144, loss_cls: 0.2041, acc: 97.6396, loss_bbox: 0.0149, loss: 0.7057, grad_norm: 3.5209
2026-05-12 03:28:41,863 - mmdet - INFO - Epoch [1][150/186]	lr: 5.974e-03, eta: 8:19:06, time: 0.516, data_time: 0.013, memory: 6155, loss_rpn_cls: 0.3847, loss_rpn_bbox: 0.0139, loss_cls: 0.1286, acc: 97.1221, loss_bbox: 0.0230, loss: 0.5501, grad_norm: 2.7884
2026-05-12 03:29:29,729 - mmdet - INFO - Epoch [2][50/186]	lr: 9.410e-03, eta: 7:11:50, time: 0.587, data_time: 0.083, memory: 6155, loss_rpn_cls: 0.2770, loss_rpn_bbox: 0.0158, loss_cls: 0.1838, acc: 95.3525, loss_bbox: 0.0645, loss: 0.5411, grad_norm: 1.1133
2026-05-12 03:29:55,209 - mmdet - INFO - Epoch [2][100/186]	lr: 1.141e-02, eta: 7:18:09, time: 0.508, data_time: 0.013, memory: 6155, loss_rpn_cls: 0.2238, loss_rpn_bbox: 0.0144, loss_cls: 0.1897, acc: 95.3320, loss_bbox: 0.0773, loss: 0.5051, grad_norm: 1.1836
2026-05-12 03:30:21,080 - mmdet - INFO - Epoch [2][150/186]	lr: 1.341e-02, eta: 7:24:03, time: 0.519, data_time: 0.015, memory: 6155, loss_rpn_cls: 0.2108, loss_rpn_bbox: 0.0130, loss_cls: 0.2170, acc: 94.5049, loss_bbox: 0.0962, loss: 0.5369, grad_norm: 1.2190
2026-05-12 03:31:09,114 - mmdet - INFO - Epoch [3][50/186]	lr: 1.684e-02, eta: 6:57:12, time: 0.587, data_time: 0.084, memory: 6155, loss_rpn_cls: 0.1741, loss_rpn_bbox: 0.0144, loss_cls: 0.2277, acc: 93.9785, loss_bbox: 0.1063, loss: 0.5224, grad_norm: 1.2793
2026-05-12 03:31:34,809 - mmdet - INFO - Epoch [3][100/186]	lr: 1.884e-02, eta: 7:03:03, time: 0.516, data_time: 0.015, memory: 6155, loss_rpn_cls: 0.1734, loss_rpn_bbox: 0.0125, loss_cls: 0.2537, acc: 93.4131, loss_bbox: 0.1239, loss: 0.5636, grad_norm: 1.4007
2026-05-12 03:32:00,677 - mmdet - INFO - Epoch [3][150/186]	lr: 2.000e-02, eta: 7:07:40, time: 0.515, data_time: 0.013, memory: 6155, loss_rpn_cls: 0.1835, loss_rpn_bbox: 0.0136, loss_cls: 0.2433, acc: 93.2900, loss_bbox: 0.1240, loss: 0.5643, grad_norm: 1.3149
2026-05-12 03:32:48,744 - mmdet - INFO - Epoch [4][50/186]	lr: 2.000e-02, eta: 6:51:06, time: 0.588, data_time: 0.082, memory: 6155, loss_rpn_cls: 0.1434, loss_rpn_bbox: 0.0131, loss_cls: 0.2748, acc: 92.5635, loss_bbox: 0.1344, loss: 0.5657, grad_norm: 1.6184
2026-05-12 03:33:14,506 - mmdet - INFO - Epoch [4][100/186]	lr: 2.000e-02, eta: 6:55:21, time: 0.513, data_time: 0.013, memory: 6155, loss_rpn_cls: 0.1480, loss_rpn_bbox: 0.0127, loss_cls: 0.2568, acc: 93.0625, loss_bbox: 0.1324, loss: 0.5499, grad_norm: 1.4879
2026-05-12 03:33:40,499 - mmdet - INFO - Epoch [4][150/186]	lr: 2.000e-02, eta: 6:59:30, time: 0.522, data_time: 0.015, memory: 6155, loss_rpn_cls: 0.1467, loss_rpn_bbox: 0.0138, loss_cls: 0.2638, acc: 91.8760, loss_bbox: 0.1509, loss: 0.5752, grad_norm: 1.3455
2026-05-12 03:34:28,862 - mmdet - INFO - Epoch [5][50/186]	lr: 1.999e-02, eta: 6:47:29, time: 0.589, data_time: 0.083, memory: 6155, loss_rpn_cls: 0.1240, loss_rpn_bbox: 0.0132, loss_cls: 0.2605, acc: 91.4209, loss_bbox: 0.1502, loss: 0.5478, grad_norm: 1.0213
2026-05-12 03:34:54,644 - mmdet - INFO - Epoch [5][100/186]	lr: 1.999e-02, eta: 6:51:04, time: 0.518, data_time: 0.015, memory: 6155, loss_rpn_cls: 0.1207, loss_rpn_bbox: 0.0122, loss_cls: 0.2827, acc: 90.9287, loss_bbox: 0.1635, loss: 0.5791, grad_norm: 1.2297
2026-05-12 03:35:20,586 - mmdet - INFO - Epoch [5][150/186]	lr: 1.999e-02, eta: 6:54:11, time: 0.517, data_time: 0.013, memory: 6155, loss_rpn_cls: 0.1261, loss_rpn_bbox: 0.0128, loss_cls: 0.2752, acc: 90.3672, loss_bbox: 0.1740, loss: 0.5881, grad_norm: 1.2223
2026-05-12 03:36:08,794 - mmdet - INFO - Epoch [6][50/186]	lr: 1.999e-02, eta: 6:44:49, time: 0.592, data_time: 0.083, memory: 6155, loss_rpn_cls: 0.0979, loss_rpn_bbox: 0.0102, loss_cls: 0.2608, acc: 91.1758, loss_bbox: 0.1550, loss: 0.5240, grad_norm: 1.7857
2026-05-12 03:36:34,681 - mmdet - INFO - Epoch [6][100/186]	lr: 1.999e-02, eta: 6:47:40, time: 0.516, data_time: 0.013, memory: 6155, loss_rpn_cls: 0.1045, loss_rpn_bbox: 0.0105, loss_cls: 0.2726, acc: 90.5664, loss_bbox: 0.1708, loss: 0.5584, grad_norm: 1.6201
2026-05-12 03:37:00,624 - mmdet - INFO - Epoch [6][150/186]	lr: 1.999e-02, eta: 6:50:26, time: 0.521, data_time: 0.015, memory: 6155, loss_rpn_cls: 0.1088, loss_rpn_bbox: 0.0107, loss_cls: 0.2681, acc: 90.2305, loss_bbox: 0.1747, loss: 0.5623, grad_norm: 1.5494
2026-05-12 03:37:48,887 - mmdet - INFO - Epoch [7][50/186]	lr: 1.998e-02, eta: 6:42:35, time: 0.589, data_time: 0.083, memory: 6155, loss_rpn_cls: 0.0897, loss_rpn_bbox: 0.0108, loss_cls: 0.2577, acc: 90.4541, loss_bbox: 0.1699, loss: 0.5281, grad_norm: 1.6115
2026-05-12 03:38:14,766 - mmdet - INFO - Epoch [7][100/186]	lr: 1.998e-02, eta: 6:45:06, time: 0.519, data_time: 0.015, memory: 6155, loss_rpn_cls: 0.0938, loss_rpn_bbox: 0.0100, loss_cls: 0.2592, acc: 90.4980, loss_bbox: 0.1705, loss: 0.5334, grad_norm: 1.5738
2026-05-12 03:38:40,656 - mmdet - INFO - Epoch [7][150/186]	lr: 1.998e-02, eta: 6:47:16, time: 0.516, data_time: 0.013, memory: 6155, loss_rpn_cls: 0.1102, loss_rpn_bbox: 0.0114, loss_cls: 0.2625, acc: 90.4941, loss_bbox: 0.1699, loss: 0.5540, grad_norm: 1.5482
2026-05-12 03:39:28,950 - mmdet - INFO - Epoch [8][50/186]	lr: 1.997e-02, eta: 6:40:39, time: 0.593, data_time: 0.083, memory: 6155, loss_rpn_cls: 0.0839, loss_rpn_bbox: 0.0114, loss_cls: 0.2601, acc: 90.3721, loss_bbox: 0.1694, loss: 0.5247, grad_norm: 1.6784
2026-05-12 03:39:54,844 - mmdet - INFO - Epoch [8][100/186]	lr: 1.997e-02, eta: 6:42:42, time: 0.516, data_time: 0.013, memory: 6155, loss_rpn_cls: 0.1045, loss_rpn_bbox: 0.0105, loss_cls: 0.2446, acc: 90.7666, loss_bbox: 0.1629, loss: 0.5225, grad_norm: 1.6828
2026-05-12 03:40:20,817 - mmdet - INFO - Epoch [8][150/186]	lr: 1.997e-02, eta: 6:44:44, time: 0.521, data_time: 0.015, memory: 6155, loss_rpn_cls: 0.0967, loss_rpn_bbox: 0.0102, loss_cls: 0.2562, acc: 90.4277, loss_bbox: 0.1744, loss: 0.5375, grad_norm: 1.5525
2026-05-12 03:41:09,175 - mmdet - INFO - Epoch [9][50/186]	lr: 1.996e-02, eta: 6:38:52, time: 0.591, data_time: 0.083, memory: 6155, loss_rpn_cls: 0.0827, loss_rpn_bbox: 0.0097, loss_cls: 0.2519, acc: 90.4814, loss_bbox: 0.1655, loss: 0.5099, grad_norm: 1.6730
2026-05-12 03:41:35,080 - mmdet - INFO - Epoch [9][100/186]	lr: 1.996e-02, eta: 6:40:45, time: 0.520, data_time: 0.015, memory: 6155, loss_rpn_cls: 0.0788, loss_rpn_bbox: 0.0091, loss_cls: 0.2551, acc: 89.8818, loss_bbox: 0.1792, loss: 0.5222, grad_norm: 1.6148
2026-05-12 03:42:01,035 - mmdet - INFO - Epoch [9][150/186]	lr: 1.996e-02, eta: 6:42:25, time: 0.517, data_time: 0.013, memory: 6155, loss_rpn_cls: 0.0845, loss_rpn_bbox: 0.0095, loss_cls: 0.2529, acc: 90.3398, loss_bbox: 0.1784, loss: 0.5253, grad_norm: 1.5533
2026-05-12 03:42:49,150 - mmdet - INFO - Epoch [10][50/186]	lr: 1.996e-02, eta: 6:37:08, time: 0.590, data_time: 0.083, memory: 6155, loss_rpn_cls: 0.0606, loss_rpn_bbox: 0.0083, loss_cls: 0.2408, acc: 90.5498, loss_bbox: 0.1559, loss: 0.4656, grad_norm: 1.6074
2026-05-12 03:43:14,962 - mmdet - INFO - Epoch [10][100/186]	lr: 1.996e-02, eta: 6:38:39, time: 0.514, data_time: 0.013, memory: 6155, loss_rpn_cls: 0.0827, loss_rpn_bbox: 0.0084, loss_cls: 0.2457, acc: 90.4121, loss_bbox: 0.1680, loss: 0.5049, grad_norm: 1.6482
2026-05-12 03:43:40,930 - mmdet - INFO - Epoch [10][150/186]	lr: 1.996e-02, eta: 6:40:13, time: 0.521, data_time: 0.015, memory: 6155, loss_rpn_cls: 0.0745, loss_rpn_bbox: 0.0093, loss_cls: 0.2598, acc: 89.8594, loss_bbox: 0.1830, loss: 0.5266, grad_norm: 1.6239
2026-05-12 03:43:59,666 - mmdet - INFO - Saving checkpoint at 10 epochs
[                                                  ] 0/371, elapsed: 0s, ETA:[                                 ] 1/371, 0.4 task/s, elapsed: 3s, ETA:   945s[                                 ] 2/371, 0.8 task/s, elapsed: 3s, ETA:   487s[                                 ] 3/371, 1.1 task/s, elapsed: 3s, ETA:   335s[                                 ] 4/371, 1.4 task/s, elapsed: 3s, ETA:   258s[                                 ] 5/371, 1.7 task/s, elapsed: 3s, ETA:   212s[                                 ] 6/371, 2.0 task/s, elapsed: 3s, ETA:   181s[                                 ] 7/371, 2.3 task/s, elapsed: 3s, ETA:   159s[                                 ] 8/371, 2.5 task/s, elapsed: 3s, ETA:   143s[                                 ] 9/371, 2.8 task/s, elapsed: 3s, ETA:   130s[                                ] 10/371, 3.0 task/s, elapsed: 3s, ETA:   120s[                                ] 11/371, 3.2 task/s, elapsed: 3s, ETA:   111s[>                               ] 12/371, 3.4 task/s, elapsed: 3s, ETA:   104s[>                               ] 13/371, 3.7 task/s, elapsed: 4s, ETA:    98s[>                               ] 14/371, 3.8 task/s, elapsed: 4s, ETA:    93s[>                               ] 15/371, 4.0 task/s, elapsed: 4s, ETA:    89s[>                               ] 16/371, 4.2 task/s, elapsed: 4s, ETA:    85s[>                               ] 17/371, 4.4 task/s, elapsed: 4s, ETA:    81s[>                               ] 18/371, 4.5 task/s, elapsed: 4s, ETA:    78s[>                               ] 19/371, 4.7 task/s, elapsed: 4s, ETA:    75s[>                               ] 20/371, 4.8 task/s, elapsed: 4s, ETA:    73s[>                               ] 21/371, 5.0 task/s, elapsed: 4s, ETA:    71s[>                               ] 22/371, 5.1 task/s, elapsed: 4s, ETA:    69s[>                               ] 23/371, 5.2 task/s, elapsed: 4s, ETA:    67s[>>                              ] 24/371, 5.3 task/s, elapsed: 4s, ETA:    65s[>>                              ] 25/371, 5.5 task/s, elapsed: 5s, ETA:    63s[>>                              ] 26/371, 5.6 task/s, elapsed: 5s, ETA:    62s[>>                              ] 27/371, 5.7 task/s, elapsed: 5s, ETA:    60s[>>                              ] 28/371, 5.8 task/s, elapsed: 5s, ETA:    59s[>>                              ] 29/371, 5.9 task/s, elapsed: 5s, ETA:    58s[>>                              ] 30/371, 6.0 task/s, elapsed: 5s, ETA:    57s[>>                              ] 31/371, 6.1 task/s, elapsed: 5s, ETA:    56s[>>                              ] 32/371, 6.2 task/s, elapsed: 5s, ETA:    55s[>>                              ] 33/371, 6.3 task/s, elapsed: 5s, ETA:    54s[>>                              ] 34/371, 6.4 task/s, elapsed: 5s, ETA:    53s[>>>                             ] 35/371, 6.5 task/s, elapsed: 5s, ETA:    52s[>>>                             ] 36/371, 6.5 task/s, elapsed: 5s, ETA:    51s[>>>                             ] 37/371, 6.6 task/s, elapsed: 6s, ETA:    50s[>>>                             ] 38/371, 6.7 task/s, elapsed: 6s, ETA:    50s[>>>                             ] 39/371, 6.8 task/s, elapsed: 6s, ETA:    49s[>>>                             ] 40/371, 6.9 task/s, elapsed: 6s, ETA:    48s[>>>                             ] 41/371, 6.9 task/s, elapsed: 6s, ETA:    48s[>>>                             ] 42/371, 7.0 task/s, elapsed: 6s, ETA:    47s[>>>                             ] 43/371, 7.1 task/s, elapsed: 6s, ETA:    46s[>>>                             ] 44/371, 7.1 task/s, elapsed: 6s, ETA:    46s[>>>                             ] 45/371, 7.2 task/s, elapsed: 6s, ETA:    45s[>>>                             ] 46/371, 7.3 task/s, elapsed: 6s, ETA:    45s[>>>>                            ] 47/371, 7.3 task/s, elapsed: 6s, ETA:    44s[>>>>                            ] 48/371, 7.4 task/s, elapsed: 7s, ETA:    44s[>>>>                            ] 49/371, 7.4 task/s, elapsed: 7s, ETA:    43s[>>>>                            ] 50/371, 7.5 task/s, elapsed: 7s, ETA:    43s[>>>>                            ] 51/371, 7.5 task/s, elapsed: 7s, ETA:    42s[>>>>                            ] 52/371, 7.6 task/s, elapsed: 7s, ETA:    42s[>>>>                            ] 53/371, 7.7 task/s, elapsed: 7s, ETA:    42s[>>>>                            ] 54/371, 7.7 task/s, elapsed: 7s, ETA:    41s[>>>>                            ] 55/371, 7.8 task/s, elapsed: 7s, ETA:    41s[>>>>                            ] 56/371, 7.8 task/s, elapsed: 7s, ETA:    40s[>>>>                            ] 57/371, 7.8 task/s, elapsed: 7s, ETA:    40s[>>>>>                           ] 58/371, 7.9 task/s, elapsed: 7s, ETA:    40s[>>>>>                           ] 59/371, 7.9 task/s, elapsed: 7s, ETA:    39s[>>>>>                           ] 60/371, 8.0 task/s, elapsed: 8s, ETA:    39s[>>>>>                           ] 61/371, 8.0 task/s, elapsed: 8s, ETA:    39s[>>>>>                           ] 62/371, 8.1 task/s, elapsed: 8s, ETA:    38s[>>>>>                           ] 63/371, 8.1 task/s, elapsed: 8s, ETA:    38s[>>>>>                           ] 64/371, 8.2 task/s, elapsed: 8s, ETA:    38s[>>>>>                           ] 65/371, 8.2 task/s, elapsed: 8s, ETA:    37s[>>>>>                           ] 66/371, 8.2 task/s, elapsed: 8s, ETA:    37s[>>>>>                           ] 67/371, 8.3 task/s, elapsed: 8s, ETA:    37s[>>>>>                           ] 68/371, 8.3 task/s, elapsed: 8s, ETA:    37s[>>>>>                           ] 69/371, 8.3 task/s, elapsed: 8s, ETA:    36s[>>>>>>                          ] 70/371, 8.4 task/s, elapsed: 8s, ETA:    36s[>>>>>>                          ] 71/371, 8.4 task/s, elapsed: 8s, ETA:    36s[>>>>>>                          ] 72/371, 8.4 task/s, elapsed: 9s, ETA:    35s[>>>>>>                          ] 73/371, 8.5 task/s, elapsed: 9s, ETA:    35s[>>>>>>                          ] 74/371, 8.5 task/s, elapsed: 9s, ETA:    35s[>>>>>>                          ] 75/371, 8.5 task/s, elapsed: 9s, ETA:    35s[>>>>>>                          ] 76/371, 8.6 task/s, elapsed: 9s, ETA:    34s[>>>>>>                          ] 77/371, 8.6 task/s, elapsed: 9s, ETA:    34s[>>>>>>                          ] 78/371, 8.6 task/s, elapsed: 9s, ETA:    34s[>>>>>>                          ] 79/371, 8.7 task/s, elapsed: 9s, ETA:    34s[>>>>>>                          ] 80/371, 8.7 task/s, elapsed: 9s, ETA:    33s[>>>>>>                          ] 81/371, 8.7 task/s, elapsed: 9s, ETA:    33s[>>>>>>>                         ] 82/371, 8.7 task/s, elapsed: 9s, ETA:    33s[>>>>>>>                         ] 83/371, 8.8 task/s, elapsed: 9s, ETA:    33s[>>>>>>>                        ] 84/371, 8.8 task/s, elapsed: 10s, ETA:    33s[>>>>>>>                        ] 85/371, 8.8 task/s, elapsed: 10s, ETA:    32s[>>>>>>>                        ] 86/371, 8.9 task/s, elapsed: 10s, ETA:    32s[>>>>>>>                        ] 87/371, 8.9 task/s, elapsed: 10s, ETA:    32s[>>>>>>>                        ] 88/371, 8.9 task/s, elapsed: 10s, ETA:    32s[>>>>>>>                        ] 89/371, 8.9 task/s, elapsed: 10s, ETA:    32s[>>>>>>>                        ] 90/371, 9.0 task/s, elapsed: 10s, ETA:    31s[>>>>>>>                        ] 91/371, 9.0 task/s, elapsed: 10s, ETA:    31s[>>>>>>>                        ] 92/371, 9.0 task/s, elapsed: 10s, ETA:    31s[>>>>>>>                        ] 93/371, 9.0 task/s, elapsed: 10s, ETA:    31s[>>>>>>>                        ] 94/371, 9.0 task/s, elapsed: 10s, ETA:    31s[>>>>>>>                        ] 95/371, 9.1 task/s, elapsed: 10s, ETA:    30s[>>>>>>>>                       ] 96/371, 9.1 task/s, elapsed: 11s, ETA:    30s[>>>>>>>>                       ] 97/371, 9.1 task/s, elapsed: 11s, ETA:    30s[>>>>>>>>                       ] 98/371, 9.1 task/s, elapsed: 11s, ETA:    30s[>>>>>>>>                       ] 99/371, 9.2 task/s, elapsed: 11s, ETA:    30s[>>>>>>>>                      ] 100/371, 9.2 task/s, elapsed: 11s, ETA:    30s[>>>>>>>>                      ] 101/371, 9.2 task/s, elapsed: 11s, ETA:    29s[>>>>>>>>                      ] 102/371, 9.2 task/s, elapsed: 11s, ETA:    29s[>>>>>>>>                      ] 103/371, 9.2 task/s, elapsed: 11s, ETA:    29s[>>>>>>>>                      ] 104/371, 9.3 task/s, elapsed: 11s, ETA:    29s[>>>>>>>>                      ] 105/371, 9.3 task/s, elapsed: 11s, ETA:    29s[>>>>>>>>                      ] 106/371, 9.3 task/s, elapsed: 11s, ETA:    28s[>>>>>>>>                      ] 107/371, 9.3 task/s, elapsed: 11s, ETA:    28s[>>>>>>>>                      ] 108/371, 9.3 task/s, elapsed: 12s, ETA:    28s[>>>>>>>>                      ] 109/371, 9.4 task/s, elapsed: 12s, ETA:    28s[>>>>>>>>                      ] 110/371, 9.4 task/s, elapsed: 12s, ETA:    28s[>>>>>>>>                      ] 111/371, 9.4 task/s, elapsed: 12s, ETA:    28s[>>>>>>>>>                     ] 112/371, 9.4 task/s, elapsed: 12s, ETA:    28s[>>>>>>>>>                     ] 113/371, 9.4 task/s, elapsed: 12s, ETA:    27s[>>>>>>>>>                     ] 114/371, 9.4 task/s, elapsed: 12s, ETA:    27s[>>>>>>>>>                     ] 115/371, 9.5 task/s, elapsed: 12s, ETA:    27s[>>>>>>>>>                     ] 116/371, 9.5 task/s, elapsed: 12s, ETA:    27s[>>>>>>>>>                     ] 117/371, 9.5 task/s, elapsed: 12s, ETA:    27s[>>>>>>>>>                     ] 118/371, 9.5 task/s, elapsed: 12s, ETA:    27s[>>>>>>>>>                     ] 119/371, 9.5 task/s, elapsed: 12s, ETA:    26s[>>>>>>>>>                     ] 120/371, 9.5 task/s, elapsed: 13s, ETA:    26s[>>>>>>>>>                     ] 121/371, 9.6 task/s, elapsed: 13s, ETA:    26s[>>>>>>>>>                     ] 122/371, 9.6 task/s, elapsed: 13s, ETA:    26s[>>>>>>>>>                     ] 123/371, 9.6 task/s, elapsed: 13s, ETA:    26s[>>>>>>>>>>                    ] 124/371, 9.6 task/s, elapsed: 13s, ETA:    26s[>>>>>>>>>>                    ] 125/371, 9.6 task/s, elapsed: 13s, ETA:    26s[>>>>>>>>>>                    ] 126/371, 9.6 task/s, elapsed: 13s, ETA:    25s[>>>>>>>>>>                    ] 127/371, 9.6 task/s, elapsed: 13s, ETA:    25s[>>>>>>>>>>                    ] 128/371, 9.7 task/s, elapsed: 13s, ETA:    25s[>>>>>>>>>>                    ] 129/371, 9.7 task/s, elapsed: 13s, ETA:    25s[>>>>>>>>>>                    ] 130/371, 9.7 task/s, elapsed: 13s, ETA:    25s[>>>>>>>>>>                    ] 131/371, 9.7 task/s, elapsed: 13s, ETA:    25s[>>>>>>>>>>                    ] 132/371, 9.7 task/s, elapsed: 14s, ETA:    25s[>>>>>>>>>>                    ] 133/371, 9.7 task/s, elapsed: 14s, ETA:    24s[>>>>>>>>>>                    ] 134/371, 9.7 task/s, elapsed: 14s, ETA:    24s[>>>>>>>>>>                    ] 135/371, 9.8 task/s, elapsed: 14s, ETA:    24s[>>>>>>>>>>                    ] 136/371, 9.8 task/s, elapsed: 14s, ETA:    24s[>>>>>>>>>>>                   ] 137/371, 9.8 task/s, elapsed: 14s, ETA:    24s[>>>>>>>>>>>                   ] 138/371, 9.8 task/s, elapsed: 14s, ETA:    24s[>>>>>>>>>>>                   ] 139/371, 9.8 task/s, elapsed: 14s, ETA:    24s[>>>>>>>>>>>                   ] 140/371, 9.8 task/s, elapsed: 14s, ETA:    24s[>>>>>>>>>>>                   ] 141/371, 9.8 task/s, elapsed: 14s, ETA:    23s[>>>>>>>>>>>                   ] 142/371, 9.8 task/s, elapsed: 14s, ETA:    23s[>>>>>>>>>>>                   ] 143/371, 9.9 task/s, elapsed: 15s, ETA:    23s[>>>>>>>>>>>                   ] 144/371, 9.9 task/s, elapsed: 15s, ETA:    23s[>>>>>>>>>>>                   ] 145/371, 9.9 task/s, elapsed: 15s, ETA:    23s[>>>>>>>>>>>                   ] 146/371, 9.9 task/s, elapsed: 15s, ETA:    23s[>>>>>>>>>>>                   ] 147/371, 9.9 task/s, elapsed: 15s, ETA:    23s[>>>>>>>>>>>                   ] 148/371, 9.9 task/s, elapsed: 15s, ETA:    23s[>>>>>>>>>>>>                  ] 149/371, 9.9 task/s, elapsed: 15s, ETA:    22s[>>>>>>>>>>>>                  ] 150/371, 9.9 task/s, elapsed: 15s, ETA:    22s[>>>>>>>>>>>>                  ] 151/371, 9.9 task/s, elapsed: 15s, ETA:    22s[>>>>>>>>>>>                  ] 152/371, 10.0 task/s, elapsed: 15s, ETA:    22s[>>>>>>>>>>>                  ] 153/371, 10.0 task/s, elapsed: 15s, ETA:    22s[>>>>>>>>>>>>                 ] 154/371, 10.0 task/s, elapsed: 15s, ETA:    22s[>>>>>>>>>>>>                 ] 155/371, 10.0 task/s, elapsed: 16s, ETA:    22s[>>>>>>>>>>>>                 ] 156/371, 10.0 task/s, elapsed: 16s, ETA:    22s[>>>>>>>>>>>>                 ] 157/371, 10.0 task/s, elapsed: 16s, ETA:    21s[>>>>>>>>>>>>                 ] 158/371, 10.0 task/s, elapsed: 16s, ETA:    21s[>>>>>>>>>>>>                 ] 159/371, 10.0 task/s, elapsed: 16s, ETA:    21s[>>>>>>>>>>>>                 ] 160/371, 10.0 task/s, elapsed: 16s, ETA:    21s[>>>>>>>>>>>>                 ] 161/371, 10.0 task/s, elapsed: 16s, ETA:    21s[>>>>>>>>>>>>                 ] 162/371, 10.0 task/s, elapsed: 16s, ETA:    21s[>>>>>>>>>>>>                 ] 163/371, 10.1 task/s, elapsed: 16s, ETA:    21s[>>>>>>>>>>>>                 ] 164/371, 10.1 task/s, elapsed: 16s, ETA:    21s[>>>>>>>>>>>>                 ] 165/371, 10.1 task/s, elapsed: 16s, ETA:    20s[>>>>>>>>>>>>                 ] 166/371, 10.1 task/s, elapsed: 16s, ETA:    20s[>>>>>>>>>>>>>                ] 167/371, 10.1 task/s, elapsed: 17s, ETA:    20s[>>>>>>>>>>>>>                ] 168/371, 10.1 task/s, elapsed: 17s, ETA:    20s[>>>>>>>>>>>>>                ] 169/371, 10.1 task/s, elapsed: 17s, ETA:    20s[>>>>>>>>>>>>>                ] 170/371, 10.1 task/s, elapsed: 17s, ETA:    20s[>>>>>>>>>>>>>                ] 171/371, 10.1 task/s, elapsed: 17s, ETA:    20s[>>>>>>>>>>>>>                ] 172/371, 10.1 task/s, elapsed: 17s, ETA:    20s[>>>>>>>>>>>>>                ] 173/371, 10.1 task/s, elapsed: 17s, ETA:    20s[>>>>>>>>>>>>>                ] 174/371, 10.1 task/s, elapsed: 17s, ETA:    19s[>>>>>>>>>>>>>                ] 175/371, 10.2 task/s, elapsed: 17s, ETA:    19s[>>>>>>>>>>>>>                ] 176/371, 10.2 task/s, elapsed: 17s, ETA:    19s[>>>>>>>>>>>>>                ] 177/371, 10.2 task/s, elapsed: 17s, ETA:    19s[>>>>>>>>>>>>>                ] 178/371, 10.2 task/s, elapsed: 17s, ETA:    19s[>>>>>>>>>>>>>                ] 179/371, 10.2 task/s, elapsed: 18s, ETA:    19s[>>>>>>>>>>>>>>               ] 180/371, 10.2 task/s, elapsed: 18s, ETA:    19s[>>>>>>>>>>>>>>               ] 181/371, 10.2 task/s, elapsed: 18s, ETA:    19s[>>>>>>>>>>>>>>               ] 182/371, 10.2 task/s, elapsed: 18s, ETA:    19s[>>>>>>>>>>>>>>               ] 183/371, 10.2 task/s, elapsed: 18s, ETA:    18s[>>>>>>>>>>>>>>               ] 184/371, 10.2 task/s, elapsed: 18s, ETA:    18s[>>>>>>>>>>>>>>               ] 185/371, 10.2 task/s, elapsed: 18s, ETA:    18s[>>>>>>>>>>>>>>               ] 186/371, 10.2 task/s, elapsed: 18s, ETA:    18s[>>>>>>>>>>>>>>               ] 187/371, 10.3 task/s, elapsed: 18s, ETA:    18s[>>>>>>>>>>>>>>               ] 188/371, 10.3 task/s, elapsed: 18s, ETA:    18s[>>>>>>>>>>>>>>               ] 189/371, 10.3 task/s, elapsed: 18s, ETA:    18s[>>>>>>>>>>>>>>               ] 190/371, 10.3 task/s, elapsed: 18s, ETA:    18s[>>>>>>>>>>>>>>               ] 191/371, 10.3 task/s, elapsed: 19s, ETA:    18s[>>>>>>>>>>>>>>>              ] 192/371, 10.3 task/s, elapsed: 19s, ETA:    17s[>>>>>>>>>>>>>>>              ] 193/371, 10.3 task/s, elapsed: 19s, ETA:    17s[>>>>>>>>>>>>>>>              ] 194/371, 10.3 task/s, elapsed: 19s, ETA:    17s[>>>>>>>>>>>>>>>              ] 195/371, 10.3 task/s, elapsed: 19s, ETA:    17s[>>>>>>>>>>>>>>>              ] 196/371, 10.3 task/s, elapsed: 19s, ETA:    17s[>>>>>>>>>>>>>>>              ] 197/371, 10.3 task/s, elapsed: 19s, ETA:    17s[>>>>>>>>>>>>>>>              ] 198/371, 10.3 task/s, elapsed: 19s, ETA:    17s[>>>>>>>>>>>>>>>              ] 199/371, 10.3 task/s, elapsed: 19s, ETA:    17s[>>>>>>>>>>>>>>>              ] 200/371, 10.3 task/s, elapsed: 19s, ETA:    17s[>>>>>>>>>>>>>>>              ] 201/371, 10.4 task/s, elapsed: 19s, ETA:    16s[>>>>>>>>>>>>>>>              ] 202/371, 10.4 task/s, elapsed: 20s, ETA:    16s[>>>>>>>>>>>>>>>              ] 203/371, 10.4 task/s, elapsed: 20s, ETA:    16s[>>>>>>>>>>>>>>>              ] 204/371, 10.4 task/s, elapsed: 20s, ETA:    16s[>>>>>>>>>>>>>>>>             ] 205/371, 10.4 task/s, elapsed: 20s, ETA:    16s[>>>>>>>>>>>>>>>>             ] 206/371, 10.4 task/s, elapsed: 20s, ETA:    16s[>>>>>>>>>>>>>>>>             ] 207/371, 10.4 task/s, elapsed: 20s, ETA:    16s[>>>>>>>>>>>>>>>>             ] 208/371, 10.4 task/s, elapsed: 20s, ETA:    16s[>>>>>>>>>>>>>>>>             ] 209/371, 10.4 task/s, elapsed: 20s, ETA:    16s[>>>>>>>>>>>>>>>>             ] 210/371, 10.4 task/s, elapsed: 20s, ETA:    15s[>>>>>>>>>>>>>>>>             ] 211/371, 10.4 task/s, elapsed: 20s, ETA:    15s[>>>>>>>>>>>>>>>>             ] 212/371, 10.4 task/s, elapsed: 20s, ETA:    15s[>>>>>>>>>>>>>>>>             ] 213/371, 10.4 task/s, elapsed: 20s, ETA:    15s[>>>>>>>>>>>>>>>>             ] 214/371, 10.4 task/s, elapsed: 21s, ETA:    15s[>>>>>>>>>>>>>>>>             ] 215/371, 10.4 task/s, elapsed: 21s, ETA:    15s[>>>>>>>>>>>>>>>>             ] 216/371, 10.4 task/s, elapsed: 21s, ETA:    15s[>>>>>>>>>>>>>>>>             ] 217/371, 10.5 task/s, elapsed: 21s, ETA:    15s[>>>>>>>>>>>>>>>>>            ] 218/371, 10.5 task/s, elapsed: 21s, ETA:    15s[>>>>>>>>>>>>>>>>>            ] 219/371, 10.5 task/s, elapsed: 21s, ETA:    15s[>>>>>>>>>>>>>>>>>            ] 220/371, 10.5 task/s, elapsed: 21s, ETA:    14s[>>>>>>>>>>>>>>>>>            ] 221/371, 10.5 task/s, elapsed: 21s, ETA:    14s[>>>>>>>>>>>>>>>>>            ] 222/371, 10.5 task/s, elapsed: 21s, ETA:    14s[>>>>>>>>>>>>>>>>>            ] 223/371, 10.5 task/s, elapsed: 21s, ETA:    14s[>>>>>>>>>>>>>>>>>            ] 224/371, 10.5 task/s, elapsed: 21s, ETA:    14s[>>>>>>>>>>>>>>>>>            ] 225/371, 10.5 task/s, elapsed: 21s, ETA:    14s[>>>>>>>>>>>>>>>>>            ] 226/371, 10.5 task/s, elapsed: 22s, ETA:    14s[>>>>>>>>>>>>>>>>>            ] 227/371, 10.5 task/s, elapsed: 22s, ETA:    14s[>>>>>>>>>>>>>>>>>            ] 228/371, 10.5 task/s, elapsed: 22s, ETA:    14s[>>>>>>>>>>>>>>>>>            ] 229/371, 10.5 task/s, elapsed: 22s, ETA:    13s[>>>>>>>>>>>>>>>>>            ] 230/371, 10.5 task/s, elapsed: 22s, ETA:    13s[>>>>>>>>>>>>>>>>>>           ] 231/371, 10.5 task/s, elapsed: 22s, ETA:    13s[>>>>>>>>>>>>>>>>>>           ] 232/371, 10.5 task/s, elapsed: 22s, ETA:    13s[>>>>>>>>>>>>>>>>>>           ] 233/371, 10.5 task/s, elapsed: 22s, ETA:    13s[>>>>>>>>>>>>>>>>>>           ] 234/371, 10.5 task/s, elapsed: 22s, ETA:    13s[>>>>>>>>>>>>>>>>>>           ] 235/371, 10.6 task/s, elapsed: 22s, ETA:    13s[>>>>>>>>>>>>>>>>>>           ] 236/371, 10.6 task/s, elapsed: 22s, ETA:    13s[>>>>>>>>>>>>>>>>>>           ] 237/371, 10.6 task/s, elapsed: 22s, ETA:    13s[>>>>>>>>>>>>>>>>>>           ] 238/371, 10.6 task/s, elapsed: 23s, ETA:    13s[>>>>>>>>>>>>>>>>>>           ] 239/371, 10.6 task/s, elapsed: 23s, ETA:    12s[>>>>>>>>>>>>>>>>>>           ] 240/371, 10.6 task/s, elapsed: 23s, ETA:    12s[>>>>>>>>>>>>>>>>>>           ] 241/371, 10.6 task/s, elapsed: 23s, ETA:    12s[>>>>>>>>>>>>>>>>>>           ] 242/371, 10.6 task/s, elapsed: 23s, ETA:    12s[>>>>>>>>>>>>>>>>>>           ] 243/371, 10.6 task/s, elapsed: 23s, ETA:    12s[>>>>>>>>>>>>>>>>>>>          ] 244/371, 10.6 task/s, elapsed: 23s, ETA:    12s[>>>>>>>>>>>>>>>>>>>          ] 245/371, 10.6 task/s, elapsed: 23s, ETA:    12s[>>>>>>>>>>>>>>>>>>>          ] 246/371, 10.6 task/s, elapsed: 23s, ETA:    12s[>>>>>>>>>>>>>>>>>>>          ] 247/371, 10.6 task/s, elapsed: 23s, ETA:    12s[>>>>>>>>>>>>>>>>>>>          ] 248/371, 10.6 task/s, elapsed: 23s, ETA:    12s[>>>>>>>>>>>>>>>>>>>          ] 249/371, 10.6 task/s, elapsed: 23s, ETA:    11s[>>>>>>>>>>>>>>>>>>>          ] 250/371, 10.6 task/s, elapsed: 24s, ETA:    11s[>>>>>>>>>>>>>>>>>>>          ] 251/371, 10.6 task/s, elapsed: 24s, ETA:    11s[>>>>>>>>>>>>>>>>>>>          ] 252/371, 10.6 task/s, elapsed: 24s, ETA:    11s[>>>>>>>>>>>>>>>>>>>          ] 253/371, 10.6 task/s, elapsed: 24s, ETA:    11s[>>>>>>>>>>>>>>>>>>>          ] 254/371, 10.6 task/s, elapsed: 24s, ETA:    11s[>>>>>>>>>>>>>>>>>>>          ] 255/371, 10.6 task/s, elapsed: 24s, ETA:    11s[>>>>>>>>>>>>>>>>>>>>         ] 256/371, 10.6 task/s, elapsed: 24s, ETA:    11s[>>>>>>>>>>>>>>>>>>>>         ] 257/371, 10.6 task/s, elapsed: 24s, ETA:    11s[>>>>>>>>>>>>>>>>>>>>         ] 258/371, 10.7 task/s, elapsed: 24s, ETA:    11s[>>>>>>>>>>>>>>>>>>>>         ] 259/371, 10.7 task/s, elapsed: 24s, ETA:    11s[>>>>>>>>>>>>>>>>>>>>         ] 260/371, 10.7 task/s, elapsed: 24s, ETA:    10s[>>>>>>>>>>>>>>>>>>>>         ] 261/371, 10.7 task/s, elapsed: 24s, ETA:    10s[>>>>>>>>>>>>>>>>>>>>         ] 262/371, 10.7 task/s, elapsed: 25s, ETA:    10s[>>>>>>>>>>>>>>>>>>>>         ] 263/371, 10.7 task/s, elapsed: 25s, ETA:    10s[>>>>>>>>>>>>>>>>>>>>         ] 264/371, 10.7 task/s, elapsed: 25s, ETA:    10s[>>>>>>>>>>>>>>>>>>>>         ] 265/371, 10.7 task/s, elapsed: 25s, ETA:    10s[>>>>>>>>>>>>>>>>>>>>         ] 266/371, 10.7 task/s, elapsed: 25s, ETA:    10s[>>>>>>>>>>>>>>>>>>>>         ] 267/371, 10.7 task/s, elapsed: 25s, ETA:    10s[>>>>>>>>>>>>>>>>>>>>         ] 268/371, 10.7 task/s, elapsed: 25s, ETA:    10s[>>>>>>>>>>>>>>>>>>>>>        ] 269/371, 10.7 task/s, elapsed: 25s, ETA:    10s[>>>>>>>>>>>>>>>>>>>>>        ] 270/371, 10.7 task/s, elapsed: 25s, ETA:     9s[>>>>>>>>>>>>>>>>>>>>>        ] 271/371, 10.7 task/s, elapsed: 25s, ETA:     9s[>>>>>>>>>>>>>>>>>>>>>        ] 272/371, 10.7 task/s, elapsed: 25s, ETA:     9s[>>>>>>>>>>>>>>>>>>>>>        ] 273/371, 10.7 task/s, elapsed: 25s, ETA:     9s[>>>>>>>>>>>>>>>>>>>>>        ] 274/371, 10.7 task/s, elapsed: 26s, ETA:     9s[>>>>>>>>>>>>>>>>>>>>>        ] 275/371, 10.7 task/s, elapsed: 26s, ETA:     9s[>>>>>>>>>>>>>>>>>>>>>        ] 276/371, 10.7 task/s, elapsed: 26s, ETA:     9s[>>>>>>>>>>>>>>>>>>>>>        ] 277/371, 10.7 task/s, elapsed: 26s, ETA:     9s[>>>>>>>>>>>>>>>>>>>>>        ] 278/371, 10.7 task/s, elapsed: 26s, ETA:     9s[>>>>>>>>>>>>>>>>>>>>>        ] 279/371, 10.7 task/s, elapsed: 26s, ETA:     9s[>>>>>>>>>>>>>>>>>>>>>        ] 280/371, 10.7 task/s, elapsed: 26s, ETA:     8s[>>>>>>>>>>>>>>>>>>>>>        ] 281/371, 10.7 task/s, elapsed: 26s, ETA:     8s[>>>>>>>>>>>>>>>>>>>>>>       ] 282/371, 10.7 task/s, elapsed: 26s, ETA:     8s[>>>>>>>>>>>>>>>>>>>>>>       ] 283/371, 10.7 task/s, elapsed: 26s, ETA:     8s[>>>>>>>>>>>>>>>>>>>>>>       ] 284/371, 10.8 task/s, elapsed: 26s, ETA:     8s[>>>>>>>>>>>>>>>>>>>>>>       ] 285/371, 10.8 task/s, elapsed: 26s, ETA:     8s[>>>>>>>>>>>>>>>>>>>>>>       ] 286/371, 10.8 task/s, elapsed: 27s, ETA:     8s[>>>>>>>>>>>>>>>>>>>>>>       ] 287/371, 10.8 task/s, elapsed: 27s, ETA:     8s[>>>>>>>>>>>>>>>>>>>>>>       ] 288/371, 10.8 task/s, elapsed: 27s, ETA:     8s[>>>>>>>>>>>>>>>>>>>>>>       ] 289/371, 10.8 task/s, elapsed: 27s, ETA:     8s[>>>>>>>>>>>>>>>>>>>>>>       ] 290/371, 10.8 task/s, elapsed: 27s, ETA:     8s[>>>>>>>>>>>>>>>>>>>>>>       ] 291/371, 10.8 task/s, elapsed: 27s, ETA:     7s[>>>>>>>>>>>>>>>>>>>>>>       ] 292/371, 10.8 task/s, elapsed: 27s, ETA:     7s[>>>>>>>>>>>>>>>>>>>>>>       ] 293/371, 10.8 task/s, elapsed: 27s, ETA:     7s[>>>>>>>>>>>>>>>>>>>>>>       ] 294/371, 10.8 task/s, elapsed: 27s, ETA:     7s[>>>>>>>>>>>>>>>>>>>>>>>      ] 295/371, 10.8 task/s, elapsed: 27s, ETA:     7s[>>>>>>>>>>>>>>>>>>>>>>>      ] 296/371, 10.8 task/s, elapsed: 27s, ETA:     7s[>>>>>>>>>>>>>>>>>>>>>>>      ] 297/371, 10.8 task/s, elapsed: 28s, ETA:     7s[>>>>>>>>>>>>>>>>>>>>>>>      ] 298/371, 10.8 task/s, elapsed: 28s, ETA:     7s[>>>>>>>>>>>>>>>>>>>>>>>      ] 299/371, 10.8 task/s, elapsed: 28s, ETA:     7s[>>>>>>>>>>>>>>>>>>>>>>>      ] 300/371, 10.8 task/s, elapsed: 28s, ETA:     7s[>>>>>>>>>>>>>>>>>>>>>>>      ] 301/371, 10.8 task/s, elapsed: 28s, ETA:     6s[>>>>>>>>>>>>>>>>>>>>>>>      ] 302/371, 10.8 task/s, elapsed: 28s, ETA:     6s[>>>>>>>>>>>>>>>>>>>>>>>      ] 303/371, 10.8 task/s, elapsed: 28s, ETA:     6s[>>>>>>>>>>>>>>>>>>>>>>>      ] 304/371, 10.8 task/s, elapsed: 28s, ETA:     6s[>>>>>>>>>>>>>>>>>>>>>>>      ] 305/371, 10.8 task/s, elapsed: 28s, ETA:     6s[>>>>>>>>>>>>>>>>>>>>>>>      ] 306/371, 10.8 task/s, elapsed: 28s, ETA:     6s[>>>>>>>>>>>>>>>>>>>>>>>      ] 307/371, 10.8 task/s, elapsed: 28s, ETA:     6s[>>>>>>>>>>>>>>>>>>>>>>>>     ] 308/371, 10.8 task/s, elapsed: 28s, ETA:     6s[>>>>>>>>>>>>>>>>>>>>>>>>     ] 309/371, 10.8 task/s, elapsed: 29s, ETA:     6s[>>>>>>>>>>>>>>>>>>>>>>>>     ] 310/371, 10.8 task/s, elapsed: 29s, ETA:     6s[>>>>>>>>>>>>>>>>>>>>>>>>     ] 311/371, 10.8 task/s, elapsed: 29s, ETA:     6s[>>>>>>>>>>>>>>>>>>>>>>>>     ] 312/371, 10.8 task/s, elapsed: 29s, ETA:     5s[>>>>>>>>>>>>>>>>>>>>>>>>     ] 313/371, 10.8 task/s, elapsed: 29s, ETA:     5s[>>>>>>>>>>>>>>>>>>>>>>>>     ] 314/371, 10.8 task/s, elapsed: 29s, ETA:     5s[>>>>>>>>>>>>>>>>>>>>>>>>     ] 315/371, 10.8 task/s, elapsed: 29s, ETA:     5s[>>>>>>>>>>>>>>>>>>>>>>>>     ] 316/371, 10.9 task/s, elapsed: 29s, ETA:     5s[>>>>>>>>>>>>>>>>>>>>>>>>     ] 317/371, 10.9 task/s, elapsed: 29s, ETA:     5s[>>>>>>>>>>>>>>>>>>>>>>>>     ] 318/371, 10.9 task/s, elapsed: 29s, ETA:     5s[>>>>>>>>>>>>>>>>>>>>>>>>     ] 319/371, 10.9 task/s, elapsed: 29s, ETA:     5s[>>>>>>>>>>>>>>>>>>>>>>>>>    ] 320/371, 10.9 task/s, elapsed: 29s, ETA:     5s[>>>>>>>>>>>>>>>>>>>>>>>>>    ] 321/371, 10.9 task/s, elapsed: 30s, ETA:     5s[>>>>>>>>>>>>>>>>>>>>>>>>>    ] 322/371, 10.9 task/s, elapsed: 30s, ETA:     5s[>>>>>>>>>>>>>>>>>>>>>>>>>    ] 323/371, 10.9 task/s, elapsed: 30s, ETA:     4s[>>>>>>>>>>>>>>>>>>>>>>>>>    ] 324/371, 10.9 task/s, elapsed: 30s, ETA:     4s[>>>>>>>>>>>>>>>>>>>>>>>>>    ] 325/371, 10.9 task/s, elapsed: 30s, ETA:     4s[>>>>>>>>>>>>>>>>>>>>>>>>>    ] 326/371, 10.9 task/s, elapsed: 30s, ETA:     4s[>>>>>>>>>>>>>>>>>>>>>>>>>    ] 327/371, 10.9 task/s, elapsed: 30s, ETA:     4s[>>>>>>>>>>>>>>>>>>>>>>>>>    ] 328/371, 10.9 task/s, elapsed: 30s, ETA:     4s[>>>>>>>>>>>>>>>>>>>>>>>>>    ] 329/371, 10.9 task/s, elapsed: 30s, ETA:     4s[>>>>>>>>>>>>>>>>>>>>>>>>>    ] 330/371, 10.9 task/s, elapsed: 30s, ETA:     4s[>>>>>>>>>>>>>>>>>>>>>>>>>    ] 331/371, 10.9 task/s, elapsed: 30s, ETA:     4s[>>>>>>>>>>>>>>>>>>>>>>>>>    ] 332/371, 10.9 task/s, elapsed: 30s, ETA:     4s[>>>>>>>>>>>>>>>>>>>>>>>>>>   ] 333/371, 10.9 task/s, elapsed: 31s, ETA:     3s[>>>>>>>>>>>>>>>>>>>>>>>>>>   ] 334/371, 10.9 task/s, elapsed: 31s, ETA:     3s[>>>>>>>>>>>>>>>>>>>>>>>>>>   ] 335/371, 10.9 task/s, elapsed: 31s, ETA:     3s[>>>>>>>>>>>>>>>>>>>>>>>>>>   ] 336/371, 10.9 task/s, elapsed: 31s, ETA:     3s[>>>>>>>>>>>>>>>>>>>>>>>>>>   ] 337/371, 10.9 task/s, elapsed: 31s, ETA:     3s[>>>>>>>>>>>>>>>>>>>>>>>>>>   ] 338/371, 10.9 task/s, elapsed: 31s, ETA:     3s[>>>>>>>>>>>>>>>>>>>>>>>>>>   ] 339/371, 10.9 task/s, elapsed: 31s, ETA:     3s[>>>>>>>>>>>>>>>>>>>>>>>>>>   ] 340/371, 10.9 task/s, elapsed: 31s, ETA:     3s[>>>>>>>>>>>>>>>>>>>>>>>>>>   ] 341/371, 10.9 task/s, elapsed: 31s, ETA:     3s[>>>>>>>>>>>>>>>>>>>>>>>>>>   ] 342/371, 10.9 task/s, elapsed: 31s, ETA:     3s[>>>>>>>>>>>>>>>>>>>>>>>>>>   ] 343/371, 10.9 task/s, elapsed: 31s, ETA:     3s[>>>>>>>>>>>>>>>>>>>>>>>>>>   ] 344/371, 10.9 task/s, elapsed: 31s, ETA:     2s[>>>>>>>>>>>>>>>>>>>>>>>>>>   ] 345/371, 10.9 task/s, elapsed: 32s, ETA:     2s[>>>>>>>>>>>>>>>>>>>>>>>>>>>  ] 346/371, 10.9 task/s, elapsed: 32s, ETA:     2s[>>>>>>>>>>>>>>>>>>>>>>>>>>>  ] 347/371, 10.9 task/s, elapsed: 32s, ETA:     2s[>>>>>>>>>>>>>>>>>>>>>>>>>>>  ] 348/371, 10.9 task/s, elapsed: 32s, ETA:     2s[>>>>>>>>>>>>>>>>>>>>>>>>>>>  ] 349/371, 10.9 task/s, elapsed: 32s, ETA:     2s[>>>>>>>>>>>>>>>>>>>>>>>>>>>  ] 350/371, 10.9 task/s, elapsed: 32s, ETA:     2s[>>>>>>>>>>>>>>>>>>>>>>>>>>>  ] 351/371, 10.9 task/s, elapsed: 32s, ETA:     2s[>>>>>>>>>>>>>>>>>>>>>>>>>>>  ] 352/371, 10.9 task/s, elapsed: 32s, ETA:     2s[>>>>>>>>>>>>>>>>>>>>>>>>>>>  ] 353/371, 10.9 task/s, elapsed: 32s, ETA:     2s[>>>>>>>>>>>>>>>>>>>>>>>>>>>  ] 354/371, 10.9 task/s, elapsed: 32s, ETA:     2s[>>>>>>>>>>>>>>>>>>>>>>>>>>>  ] 355/371, 10.9 task/s, elapsed: 32s, ETA:     1s[>>>>>>>>>>>>>>>>>>>>>>>>>>>  ] 356/371, 11.0 task/s, elapsed: 33s, ETA:     1s[>>>>>>>>>>>>>>>>>>>>>>>>>>>  ] 357/371, 11.0 task/s, elapsed: 33s, ETA:     1s[>>>>>>>>>>>>>>>>>>>>>>>>>>>  ] 358/371, 11.0 task/s, elapsed: 33s, ETA:     1s[>>>>>>>>>>>>>>>>>>>>>>>>>>>> ] 359/371, 11.0 task/s, elapsed: 33s, ETA:     1s[>>>>>>>>>>>>>>>>>>>>>>>>>>>> ] 360/371, 11.0 task/s, elapsed: 33s, ETA:     1s[>>>>>>>>>>>>>>>>>>>>>>>>>>>> ] 361/371, 11.0 task/s, elapsed: 33s, ETA:     1s[>>>>>>>>>>>>>>>>>>>>>>>>>>>> ] 362/371, 11.0 task/s, elapsed: 33s, ETA:     1s[>>>>>>>>>>>>>>>>>>>>>>>>>>>> ] 363/371, 11.0 task/s, elapsed: 33s, ETA:     1s[>>>>>>>>>>>>>>>>>>>>>>>>>>>> ] 364/371, 11.0 task/s, elapsed: 33s, ETA:     1s[>>>>>>>>>>>>>>>>>>>>>>>>>>>> ] 365/371, 11.0 task/s, elapsed: 33s, ETA:     1s[>>>>>>>>>>>>>>>>>>>>>>>>>>>> ] 366/371, 11.0 task/s, elapsed: 33s, ETA:     0s[>>>>>>>>>>>>>>>>>>>>>>>>>>>> ] 367/371, 11.0 task/s, elapsed: 33s, ETA:     0s[>>>>>>>>>>>>>>>>>>>>>>>>>>>> ] 368/371, 11.0 task/s, elapsed: 34s, ETA:     0s[>>>>>>>>>>>>>>>>>>>>>>>>>>>> ] 369/371, 11.0 task/s, elapsed: 34s, ETA:     0s[>>>>>>>>>>>>>>>>>>>>>>>>>>>> ] 370/371, 11.0 task/s, elapsed: 34s, ETA:     0s[>>>>>>>>>>>>>>>>>>>>>>>>>>>>>] 371/371, 11.0 task/s, elapsed: 34s, ETA:     0s

2026-05-12 03:44:35,588 - mmdet - INFO - Evaluating bbox...
Loading and preparing results...
DONE (t=0.03s)
creating index...
index created!
Running per image evaluation...
Evaluate annotation type *bbox*
DONE (t=5.09s).
Accumulating evaluation results...
DONE (t=0.51s).
2026-05-12 03:44:41,419 - mmdet - INFO - 
 Average Precision  (AP) @[ IoU=0.50:0.95 | area=   all | maxDets=100 ] = 0.152
 Average Precision  (AP) @[ IoU=0.50      | area=   all | maxDets=1000 ] = 0.443
 Average Precision  (AP) @[ IoU=0.75      | area=   all | maxDets=1000 ] = 0.062
 Average Precision  (AP) @[ IoU=0.50:0.95 | area= small | maxDets=1000 ] = 0.000
 Average Precision  (AP) @[ IoU=0.50:0.95 | area=medium | maxDets=1000 ] = 0.134
 Average Precision  (AP) @[ IoU=0.50:0.95 | area= large | maxDets=1000 ] = 0.190
 Average Recall     (AR) @[ IoU=0.50:0.95 | area=   all | maxDets=100 ] = 0.325
 Average Recall     (AR) @[ IoU=0.50:0.95 | area=   all | maxDets=300 ] = 0.325
 Average Recall     (AR) @[ IoU=0.50:0.95 | area=   all | maxDets=1000 ] = 0.325
 Average Recall     (AR) @[ IoU=0.50:0.95 | area= small | maxDets=1000 ] = 0.031
 Average Recall     (AR) @[ IoU=0.50:0.95 | area=medium | maxDets=1000 ] = 0.295
 Average Recall     (AR) @[ IoU=0.50:0.95 | area= large | maxDets=1000 ] = 0.373

2026-05-12 03:44:42,933 - mmdet - INFO - Now best checkpoint is saved as best_bbox_mAP_epoch_10.pth.
2026-05-12 03:44:42,933 - mmdet - INFO - Best bbox_mAP is 0.1520 at 10 epoch.
2026-05-12 03:44:42,934 - mmdet - INFO - Exp name: fold_1_r50_300e_hbb.py
2026-05-12 03:44:42,934 - mmdet - INFO - Epoch(val) [10][371]	bbox_mAP: 0.1520, bbox_mAP_50: 0.4430, bbox_mAP_75: 0.0620, bbox_mAP_s: 0.0000, bbox_mAP_m: 0.1340, bbox_mAP_l: 0.1900, bbox_mAP_copypaste: 0.152 0.443 0.062 0.000 0.134 0.190
2026-05-12 03:45:12,522 - mmdet - INFO - Epoch [11][50/186]	lr: 1.995e-02, eta: 6:35:27, time: 0.590, data_time: 0.084, memory: 6155, loss_rpn_cls: 0.0660, loss_rpn_bbox: 0.0086, loss_cls: 0.2411, acc: 90.3896, loss_bbox: 0.1677, loss: 0.4835, grad_norm: 1.6695
2026-05-12 03:45:38,268 - mmdet - INFO - Epoch [11][100/186]	lr: 1.995e-02, eta: 6:36:50, time: 0.517, data_time: 0.015, memory: 6155, loss_rpn_cls: 0.0682, loss_rpn_bbox: 0.0076, loss_cls: 0.2423, acc: 90.2725, loss_bbox: 0.1711, loss: 0.4893, grad_norm: 1.6504
2026-05-12 03:46:04,209 - mmdet - INFO - Epoch [11][150/186]	lr: 1.995e-02, eta: 6:38:08, time: 0.517, data_time: 0.013, memory: 6155, loss_rpn_cls: 0.0700, loss_rpn_bbox: 0.0083, loss_cls: 0.2446, acc: 90.4053, loss_bbox: 0.1722, loss: 0.4951, grad_norm: 1.6036
2026-05-12 03:46:52,610 - mmdet - INFO - Epoch [12][50/186]	lr: 1.993e-02, eta: 6:33:50, time: 0.593, data_time: 0.083, memory: 6155, loss_rpn_cls: 0.0625, loss_rpn_bbox: 0.0087, loss_cls: 0.2344, acc: 90.5850, loss_bbox: 0.1703, loss: 0.4758, grad_norm: 1.6992
2026-05-12 03:47:18,450 - mmdet - INFO - Epoch [12][100/186]	lr: 1.993e-02, eta: 6:35:02, time: 0.515, data_time: 0.013, memory: 6155, loss_rpn_cls: 0.0607, loss_rpn_bbox: 0.0071, loss_cls: 0.2222, acc: 91.0303, loss_bbox: 0.1675, loss: 0.4575, grad_norm: 1.6558
2026-05-12 03:47:44,367 - mmdet - INFO - Epoch [12][150/186]	lr: 1.993e-02, eta: 6:36:16, time: 0.520, data_time: 0.015, memory: 6155, loss_rpn_cls: 0.0631, loss_rpn_bbox: 0.0074, loss_cls: 0.2297, acc: 90.8350, loss_bbox: 0.1710, loss: 0.4713, grad_norm: 1.6151
2026-05-12 03:48:32,776 - mmdet - INFO - Epoch [13][50/186]	lr: 1.992e-02, eta: 6:32:16, time: 0.591, data_time: 0.083, memory: 6155, loss_rpn_cls: 0.0582, loss_rpn_bbox: 0.0071, loss_cls: 0.2248, acc: 90.8203, loss_bbox: 0.1632, loss: 0.4533, grad_norm: 1.5808
2026-05-12 03:48:58,581 - mmdet - INFO - Epoch [13][100/186]	lr: 1.992e-02, eta: 6:33:24, time: 0.518, data_time: 0.015, memory: 6155, loss_rpn_cls: 0.0498, loss_rpn_bbox: 0.0070, loss_cls: 0.2120, acc: 91.2852, loss_bbox: 0.1625, loss: 0.4313, grad_norm: 1.5407
2026-05-12 03:49:24,480 - mmdet - INFO - Epoch [13][150/186]	lr: 1.992e-02, eta: 6:34:25, time: 0.516, data_time: 0.013, memory: 6155, loss_rpn_cls: 0.0616, loss_rpn_bbox: 0.0083, loss_cls: 0.2266, acc: 91.0186, loss_bbox: 0.1730, loss: 0.4695, grad_norm: 1.5634
2026-05-12 03:50:12,750 - mmdet - INFO - Epoch [14][50/186]	lr: 1.991e-02, eta: 6:30:45, time: 0.593, data_time: 0.083, memory: 6155, loss_rpn_cls: 0.0520, loss_rpn_bbox: 0.0072, loss_cls: 0.2266, acc: 90.8525, loss_bbox: 0.1659, loss: 0.4518, grad_norm: 1.7020
2026-05-12 03:50:38,734 - mmdet - INFO - Epoch [14][100/186]	lr: 1.991e-02, eta: 6:31:46, time: 0.518, data_time: 0.013, memory: 6155, loss_rpn_cls: 0.0527, loss_rpn_bbox: 0.0067, loss_cls: 0.2114, acc: 91.3828, loss_bbox: 0.1550, loss: 0.4259, grad_norm: 1.6311
2026-05-12 03:51:04,564 - mmdet - INFO - Epoch [14][150/186]	lr: 1.991e-02, eta: 6:32:44, time: 0.519, data_time: 0.015, memory: 6155, loss_rpn_cls: 0.0687, loss_rpn_bbox: 0.0087, loss_cls: 0.2241, acc: 90.9639, loss_bbox: 0.1655, loss: 0.4670, grad_norm: 1.7020
2026-05-12 03:51:52,885 - mmdet - INFO - Epoch [15][50/186]	lr: 1.989e-02, eta: 6:29:14, time: 0.590, data_time: 0.083, memory: 6155, loss_rpn_cls: 0.0495, loss_rpn_bbox: 0.0072, loss_cls: 0.2126, acc: 91.4629, loss_bbox: 0.1593, loss: 0.4286, grad_norm: 1.5854
2026-05-12 03:52:18,753 - mmdet - INFO - Epoch [15][100/186]	lr: 1.989e-02, eta: 6:30:10, time: 0.519, data_time: 0.015, memory: 6155, loss_rpn_cls: 0.0445, loss_rpn_bbox: 0.0068, loss_cls: 0.1995, acc: 91.8574, loss_bbox: 0.1491, loss: 0.3999, grad_norm: 1.5714
2026-05-12 03:52:44,811 - mmdet - INFO - Epoch [15][150/186]	lr: 1.989e-02, eta: 6:31:04, time: 0.519, data_time: 0.013, memory: 6155, loss_rpn_cls: 0.0601, loss_rpn_bbox: 0.0076, loss_cls: 0.2228, acc: 91.0840, loss_bbox: 0.1625, loss: 0.4530, grad_norm: 1.5403
2026-05-12 03:53:33,115 - mmdet - INFO - Epoch [16][50/186]	lr: 1.988e-02, eta: 6:27:48, time: 0.592, data_time: 0.083, memory: 6155, loss_rpn_cls: 0.0512, loss_rpn_bbox: 0.0072, loss_cls: 0.2147, acc: 91.3750, loss_bbox: 0.1570, loss: 0.4300, grad_norm: 1.5389
2026-05-12 03:53:58,990 - mmdet - INFO - Epoch [16][100/186]	lr: 1.988e-02, eta: 6:28:35, time: 0.516, data_time: 0.013, memory: 6155, loss_rpn_cls: 0.0438, loss_rpn_bbox: 0.0061, loss_cls: 0.1978, acc: 91.9883, loss_bbox: 0.1495, loss: 0.3971, grad_norm: 1.6261
2026-05-12 03:54:25,012 - mmdet - INFO - Epoch [16][150/186]	lr: 1.988e-02, eta: 6:29:27, time: 0.522, data_time: 0.015, memory: 6155, loss_rpn_cls: 0.0524, loss_rpn_bbox: 0.0084, loss_cls: 0.2204, acc: 91.0898, loss_bbox: 0.1618, loss: 0.4430, grad_norm: 1.6731
2026-05-12 03:55:13,415 - mmdet - INFO - Epoch [17][50/186]	lr: 1.986e-02, eta: 6:26:21, time: 0.590, data_time: 0.083, memory: 6155, loss_rpn_cls: 0.0471, loss_rpn_bbox: 0.0070, loss_cls: 0.2062, acc: 91.6846, loss_bbox: 0.1507, loss: 0.4110, grad_norm: 1.7126
2026-05-12 03:55:39,295 - mmdet - INFO - Epoch [17][100/186]	lr: 1.986e-02, eta: 6:27:08, time: 0.520, data_time: 0.015, memory: 6155, loss_rpn_cls: 0.0439, loss_rpn_bbox: 0.0066, loss_cls: 0.2074, acc: 91.4619, loss_bbox: 0.1546, loss: 0.4125, grad_norm: 1.5798
2026-05-12 03:56:05,239 - mmdet - INFO - Epoch [17][150/186]	lr: 1.986e-02, eta: 6:27:50, time: 0.517, data_time: 0.013, memory: 6155, loss_rpn_cls: 0.0481, loss_rpn_bbox: 0.0071, loss_cls: 0.2147, acc: 91.2451, loss_bbox: 0.1626, loss: 0.4325, grad_norm: 1.6061
2026-05-12 03:56:53,518 - mmdet - INFO - Epoch [18][50/186]	lr: 1.984e-02, eta: 6:24:54, time: 0.591, data_time: 0.083, memory: 6155, loss_rpn_cls: 0.0451, loss_rpn_bbox: 0.0063, loss_cls: 0.2192, acc: 91.1963, loss_bbox: 0.1482, loss: 0.4188, grad_norm: 1.9588
2026-05-12 03:57:19,325 - mmdet - INFO - Epoch [18][100/186]	lr: 1.984e-02, eta: 6:25:33, time: 0.514, data_time: 0.013, memory: 6155, loss_rpn_cls: 0.0560, loss_rpn_bbox: 0.0063, loss_cls: 0.1995, acc: 92.1387, loss_bbox: 0.1417, loss: 0.4036, grad_norm: 1.8808
2026-05-12 03:57:45,323 - mmdet - INFO - Epoch [18][150/186]	lr: 1.984e-02, eta: 6:26:15, time: 0.522, data_time: 0.015, memory: 6155, loss_rpn_cls: 0.0500, loss_rpn_bbox: 0.0067, loss_cls: 0.2110, acc: 91.3516, loss_bbox: 0.1524, loss: 0.4201, grad_norm: 1.8339
2026-05-12 03:58:33,586 - mmdet - INFO - Epoch [19][50/186]	lr: 1.982e-02, eta: 6:23:26, time: 0.590, data_time: 0.083, memory: 6155, loss_rpn_cls: 0.0459, loss_rpn_bbox: 0.0067, loss_cls: 0.1910, acc: 92.1709, loss_bbox: 0.1414, loss: 0.3850, grad_norm: 1.5461
2026-05-12 03:58:59,412 - mmdet - INFO - Epoch [19][100/186]	lr: 1.982e-02, eta: 6:24:04, time: 0.518, data_time: 0.015, memory: 6155, loss_rpn_cls: 0.0451, loss_rpn_bbox: 0.0061, loss_cls: 0.1861, acc: 92.5479, loss_bbox: 0.1430, loss: 0.3803, grad_norm: 1.5221
2026-05-12 03:59:25,314 - mmdet - INFO - Epoch [19][150/186]	lr: 1.982e-02, eta: 6:24:39, time: 0.516, data_time: 0.013, memory: 6155, loss_rpn_cls: 0.0429, loss_rpn_bbox: 0.0064, loss_cls: 0.1986, acc: 91.8555, loss_bbox: 0.1490, loss: 0.3969, grad_norm: 1.5673
2026-05-12 04:00:13,595 - mmdet - INFO - Epoch [20][50/186]	lr: 1.980e-02, eta: 6:21:59, time: 0.592, data_time: 0.083, memory: 6155, loss_rpn_cls: 0.0399, loss_rpn_bbox: 0.0060, loss_cls: 0.2052, acc: 91.5137, loss_bbox: 0.1493, loss: 0.4004, grad_norm: 1.7381
2026-05-12 04:00:39,477 - mmdet - INFO - Epoch [20][100/186]	lr: 1.980e-02, eta: 6:22:33, time: 0.516, data_time: 0.013, memory: 6155, loss_rpn_cls: 0.0418, loss_rpn_bbox: 0.0057, loss_cls: 0.1882, acc: 92.2705, loss_bbox: 0.1434, loss: 0.3791, grad_norm: 1.6240
2026-05-12 04:01:05,405 - mmdet - INFO - Epoch [20][150/186]	lr: 1.980e-02, eta: 6:23:07, time: 0.520, data_time: 0.015, memory: 6155, loss_rpn_cls: 0.0382, loss_rpn_bbox: 0.0063, loss_cls: 0.2054, acc: 91.5879, loss_bbox: 0.1507, loss: 0.4006, grad_norm: 1.6856
2026-05-12 04:01:24,192 - mmdet - INFO - Saving checkpoint at 20 epochs
[                                                  ] 0/371, elapsed: 0s, ETA:[                                 ] 1/371, 0.4 task/s, elapsed: 3s, ETA:   940s[                                 ] 2/371, 0.8 task/s, elapsed: 3s, ETA:   485s[                                 ] 3/371, 1.1 task/s, elapsed: 3s, ETA:   333s[                                 ] 4/371, 1.4 task/s, elapsed: 3s, ETA:   257s[                                 ] 5/371, 1.7 task/s, elapsed: 3s, ETA:   211s[                                 ] 6/371, 2.0 task/s, elapsed: 3s, ETA:   181s[                                 ] 7/371, 2.3 task/s, elapsed: 3s, ETA:   159s[                                 ] 8/371, 2.5 task/s, elapsed: 3s, ETA:   142s[                                 ] 9/371, 2.8 task/s, elapsed: 3s, ETA:   130s[                                ] 10/371, 3.0 task/s, elapsed: 3s, ETA:   119s[                                ] 11/371, 3.2 task/s, elapsed: 3s, ETA:   111s[>                               ] 12/371, 3.5 task/s, elapsed: 3s, ETA:   104s[>                               ] 13/371, 3.6 task/s, elapsed: 4s, ETA:    98s[>                               ] 14/371, 3.8 task/s, elapsed: 4s, ETA:    93s[>                               ] 15/371, 4.0 task/s, elapsed: 4s, ETA:    89s[>                               ] 16/371, 4.2 task/s, elapsed: 4s, ETA:    85s[>                               ] 17/371, 4.4 task/s, elapsed: 4s, ETA:    81s[>                               ] 18/371, 4.5 task/s, elapsed: 4s, ETA:    78s[>                               ] 19/371, 4.7 task/s, elapsed: 4s, ETA:    75s[>                               ] 20/371, 4.8 task/s, elapsed: 4s, ETA:    73s[>                               ] 21/371, 5.0 task/s, elapsed: 4s, ETA:    71s[>                               ] 22/371, 5.1 task/s, elapsed: 4s, ETA:    69s[>                               ] 23/371, 5.2 task/s, elapsed: 4s, ETA:    67s[>>                              ] 24/371, 5.3 task/s, elapsed: 4s, ETA:    65s[>>                              ] 25/371, 5.5 task/s, elapsed: 5s, ETA:    63s[>>                              ] 26/371, 5.6 task/s, elapsed: 5s, ETA:    62s[>>                              ] 27/371, 5.7 task/s, elapsed: 5s, ETA:    60s[>>                              ] 28/371, 5.8 task/s, elapsed: 5s, ETA:    59s[>>                              ] 29/371, 5.9 task/s, elapsed: 5s, ETA:    58s[>>                              ] 30/371, 6.0 task/s, elapsed: 5s, ETA:    57s[>>                              ] 31/371, 6.1 task/s, elapsed: 5s, ETA:    56s[>>                              ] 32/371, 6.2 task/s, elapsed: 5s, ETA:    55s[>>                              ] 33/371, 6.3 task/s, elapsed: 5s, ETA:    54s[>>                              ] 34/371, 6.4 task/s, elapsed: 5s, ETA:    53s[>>>                             ] 35/371, 6.5 task/s, elapsed: 5s, ETA:    52s[>>>                             ] 36/371, 6.5 task/s, elapsed: 6s, ETA:    51s[>>>                             ] 37/371, 6.6 task/s, elapsed: 6s, ETA:    50s[>>>                             ] 38/371, 6.7 task/s, elapsed: 6s, ETA:    50s[>>>                             ] 39/371, 6.8 task/s, elapsed: 6s, ETA:    49s[>>>                             ] 40/371, 6.9 task/s, elapsed: 6s, ETA:    48s[>>>                             ] 41/371, 6.9 task/s, elapsed: 6s, ETA:    48s[>>>                             ] 42/371, 7.0 task/s, elapsed: 6s, ETA:    47s[>>>                             ] 43/371, 7.1 task/s, elapsed: 6s, ETA:    46s[>>>                             ] 44/371, 7.1 task/s, elapsed: 6s, ETA:    46s[>>>                             ] 45/371, 7.2 task/s, elapsed: 6s, ETA:    45s[>>>                             ] 46/371, 7.3 task/s, elapsed: 6s, ETA:    45s[>>>>                            ] 47/371, 7.3 task/s, elapsed: 6s, ETA:    44s[>>>>                            ] 48/371, 7.4 task/s, elapsed: 7s, ETA:    44s[>>>>                            ] 49/371, 7.4 task/s, elapsed: 7s, ETA:    43s[>>>>                            ] 50/371, 7.5 task/s, elapsed: 7s, ETA:    43s[>>>>                            ] 51/371, 7.5 task/s, elapsed: 7s, ETA:    42s[>>>>                            ] 52/371, 7.6 task/s, elapsed: 7s, ETA:    42s[>>>>                            ] 53/371, 7.7 task/s, elapsed: 7s, ETA:    42s[>>>>                            ] 54/371, 7.7 task/s, elapsed: 7s, ETA:    41s[>>>>                            ] 55/371, 7.8 task/s, elapsed: 7s, ETA:    41s[>>>>                            ] 56/371, 7.8 task/s, elapsed: 7s, ETA:    40s[>>>>                            ] 57/371, 7.8 task/s, elapsed: 7s, ETA:    40s[>>>>>                           ] 58/371, 7.9 task/s, elapsed: 7s, ETA:    40s[>>>>>                           ] 59/371, 7.9 task/s, elapsed: 7s, ETA:    39s[>>>>>                           ] 60/371, 8.0 task/s, elapsed: 8s, ETA:    39s[>>>>>                           ] 61/371, 8.0 task/s, elapsed: 8s, ETA:    39s[>>>>>                           ] 62/371, 8.1 task/s, elapsed: 8s, ETA:    38s[>>>>>                           ] 63/371, 8.1 task/s, elapsed: 8s, ETA:    38s[>>>>>                           ] 64/371, 8.2 task/s, elapsed: 8s, ETA:    38s[>>>>>                           ] 65/371, 8.2 task/s, elapsed: 8s, ETA:    37s[>>>>>                           ] 66/371, 8.2 task/s, elapsed: 8s, ETA:    37s[>>>>>                           ] 67/371, 8.3 task/s, elapsed: 8s, ETA:    37s[>>>>>                           ] 68/371, 8.3 task/s, elapsed: 8s, ETA:    36s[>>>>>                           ] 69/371, 8.3 task/s, elapsed: 8s, ETA:    36s[>>>>>>                          ] 70/371, 8.4 task/s, elapsed: 8s, ETA:    36s[>>>>>>                          ] 71/371, 8.4 task/s, elapsed: 8s, ETA:    36s[>>>>>>                          ] 72/371, 8.5 task/s, elapsed: 9s, ETA:    35s[>>>>>>                          ] 73/371, 8.5 task/s, elapsed: 9s, ETA:    35s[>>>>>>                          ] 74/371, 8.5 task/s, elapsed: 9s, ETA:    35s[>>>>>>                          ] 75/371, 8.6 task/s, elapsed: 9s, ETA:    35s[>>>>>>                          ] 76/371, 8.6 task/s, elapsed: 9s, ETA:    34s[>>>>>>                          ] 77/371, 8.6 task/s, elapsed: 9s, ETA:    34s[>>>>>>                          ] 78/371, 8.6 task/s, elapsed: 9s, ETA:    34s[>>>>>>                          ] 79/371, 8.7 task/s, elapsed: 9s, ETA:    34s[>>>>>>                          ] 80/371, 8.7 task/s, elapsed: 9s, ETA:    33s[>>>>>>                          ] 81/371, 8.7 task/s, elapsed: 9s, ETA:    33s[>>>>>>>                         ] 82/371, 8.7 task/s, elapsed: 9s, ETA:    33s[>>>>>>>                         ] 83/371, 8.8 task/s, elapsed: 9s, ETA:    33s[>>>>>>>                        ] 84/371, 8.8 task/s, elapsed: 10s, ETA:    33s[>>>>>>>                        ] 85/371, 8.8 task/s, elapsed: 10s, ETA:    32s[>>>>>>>                        ] 86/371, 8.9 task/s, elapsed: 10s, ETA:    32s[>>>>>>>                        ] 87/371, 8.9 task/s, elapsed: 10s, ETA:    32s[>>>>>>>                        ] 88/371, 8.9 task/s, elapsed: 10s, ETA:    32s[>>>>>>>                        ] 89/371, 8.9 task/s, elapsed: 10s, ETA:    32s[>>>>>>>                        ] 90/371, 9.0 task/s, elapsed: 10s, ETA:    31s[>>>>>>>                        ] 91/371, 9.0 task/s, elapsed: 10s, ETA:    31s[>>>>>>>                        ] 92/371, 9.0 task/s, elapsed: 10s, ETA:    31s[>>>>>>>                        ] 93/371, 9.0 task/s, elapsed: 10s, ETA:    31s[>>>>>>>                        ] 94/371, 9.1 task/s, elapsed: 10s, ETA:    31s[>>>>>>>                        ] 95/371, 9.1 task/s, elapsed: 10s, ETA:    30s[>>>>>>>>                       ] 96/371, 9.1 task/s, elapsed: 11s, ETA:    30s[>>>>>>>>                       ] 97/371, 9.1 task/s, elapsed: 11s, ETA:    30s[>>>>>>>>                       ] 98/371, 9.1 task/s, elapsed: 11s, ETA:    30s[>>>>>>>>                       ] 99/371, 9.2 task/s, elapsed: 11s, ETA:    30s[>>>>>>>>                      ] 100/371, 9.2 task/s, elapsed: 11s, ETA:    30s[>>>>>>>>                      ] 101/371, 9.2 task/s, elapsed: 11s, ETA:    29s[>>>>>>>>                      ] 102/371, 9.2 task/s, elapsed: 11s, ETA:    29s[>>>>>>>>                      ] 103/371, 9.2 task/s, elapsed: 11s, ETA:    29s[>>>>>>>>                      ] 104/371, 9.3 task/s, elapsed: 11s, ETA:    29s[>>>>>>>>                      ] 105/371, 9.3 task/s, elapsed: 11s, ETA:    29s[>>>>>>>>                      ] 106/371, 9.3 task/s, elapsed: 11s, ETA:    28s[>>>>>>>>                      ] 107/371, 9.3 task/s, elapsed: 11s, ETA:    28s[>>>>>>>>                      ] 108/371, 9.3 task/s, elapsed: 12s, ETA:    28s[>>>>>>>>                      ] 109/371, 9.4 task/s, elapsed: 12s, ETA:    28s[>>>>>>>>                      ] 110/371, 9.4 task/s, elapsed: 12s, ETA:    28s[>>>>>>>>                      ] 111/371, 9.4 task/s, elapsed: 12s, ETA:    28s[>>>>>>>>>                     ] 112/371, 9.4 task/s, elapsed: 12s, ETA:    28s[>>>>>>>>>                     ] 113/371, 9.4 task/s, elapsed: 12s, ETA:    27s[>>>>>>>>>                     ] 114/371, 9.4 task/s, elapsed: 12s, ETA:    27s[>>>>>>>>>                     ] 115/371, 9.5 task/s, elapsed: 12s, ETA:    27s[>>>>>>>>>                     ] 116/371, 9.5 task/s, elapsed: 12s, ETA:    27s[>>>>>>>>>                     ] 117/371, 9.5 task/s, elapsed: 12s, ETA:    27s[>>>>>>>>>                     ] 118/371, 9.5 task/s, elapsed: 12s, ETA:    27s[>>>>>>>>>                     ] 119/371, 9.5 task/s, elapsed: 12s, ETA:    26s[>>>>>>>>>                     ] 120/371, 9.5 task/s, elapsed: 13s, ETA:    26s[>>>>>>>>>                     ] 121/371, 9.6 task/s, elapsed: 13s, ETA:    26s[>>>>>>>>>                     ] 122/371, 9.6 task/s, elapsed: 13s, ETA:    26s[>>>>>>>>>                     ] 123/371, 9.6 task/s, elapsed: 13s, ETA:    26s[>>>>>>>>>>                    ] 124/371, 9.6 task/s, elapsed: 13s, ETA:    26s[>>>>>>>>>>                    ] 125/371, 9.6 task/s, elapsed: 13s, ETA:    26s[>>>>>>>>>>                    ] 126/371, 9.6 task/s, elapsed: 13s, ETA:    25s[>>>>>>>>>>                    ] 127/371, 9.6 task/s, elapsed: 13s, ETA:    25s[>>>>>>>>>>                    ] 128/371, 9.7 task/s, elapsed: 13s, ETA:    25s[>>>>>>>>>>                    ] 129/371, 9.7 task/s, elapsed: 13s, ETA:    25s[>>>>>>>>>>                    ] 130/371, 9.7 task/s, elapsed: 13s, ETA:    25s[>>>>>>>>>>                    ] 131/371, 9.7 task/s, elapsed: 14s, ETA:    25s[>>>>>>>>>>                    ] 132/371, 9.7 task/s, elapsed: 14s, ETA:    25s[>>>>>>>>>>                    ] 133/371, 9.7 task/s, elapsed: 14s, ETA:    24s[>>>>>>>>>>                    ] 134/371, 9.7 task/s, elapsed: 14s, ETA:    24s[>>>>>>>>>>                    ] 135/371, 9.7 task/s, elapsed: 14s, ETA:    24s[>>>>>>>>>>                    ] 136/371, 9.8 task/s, elapsed: 14s, ETA:    24s[>>>>>>>>>>>                   ] 137/371, 9.8 task/s, elapsed: 14s, ETA:    24s[>>>>>>>>>>>                   ] 138/371, 9.8 task/s, elapsed: 14s, ETA:    24s[>>>>>>>>>>>                   ] 139/371, 9.8 task/s, elapsed: 14s, ETA:    24s[>>>>>>>>>>>                   ] 140/371, 9.8 task/s, elapsed: 14s, ETA:    24s[>>>>>>>>>>>                   ] 141/371, 9.8 task/s, elapsed: 14s, ETA:    23s[>>>>>>>>>>>                   ] 142/371, 9.8 task/s, elapsed: 14s, ETA:    23s[>>>>>>>>>>>                   ] 143/371, 9.8 task/s, elapsed: 15s, ETA:    23s[>>>>>>>>>>>                   ] 144/371, 9.9 task/s, elapsed: 15s, ETA:    23s[>>>>>>>>>>>                   ] 145/371, 9.9 task/s, elapsed: 15s, ETA:    23s[>>>>>>>>>>>                   ] 146/371, 9.9 task/s, elapsed: 15s, ETA:    23s[>>>>>>>>>>>                   ] 147/371, 9.9 task/s, elapsed: 15s, ETA:    23s[>>>>>>>>>>>                   ] 148/371, 9.9 task/s, elapsed: 15s, ETA:    23s[>>>>>>>>>>>>                  ] 149/371, 9.9 task/s, elapsed: 15s, ETA:    22s[>>>>>>>>>>>>                  ] 150/371, 9.9 task/s, elapsed: 15s, ETA:    22s[>>>>>>>>>>>>                  ] 151/371, 9.9 task/s, elapsed: 15s, ETA:    22s[>>>>>>>>>>>>                  ] 152/371, 9.9 task/s, elapsed: 15s, ETA:    22s[>>>>>>>>>>>                  ] 153/371, 10.0 task/s, elapsed: 15s, ETA:    22s[>>>>>>>>>>>>                 ] 154/371, 10.0 task/s, elapsed: 15s, ETA:    22s[>>>>>>>>>>>>                 ] 155/371, 10.0 task/s, elapsed: 16s, ETA:    22s[>>>>>>>>>>>>                 ] 156/371, 10.0 task/s, elapsed: 16s, ETA:    22s[>>>>>>>>>>>>                 ] 157/371, 10.0 task/s, elapsed: 16s, ETA:    21s[>>>>>>>>>>>>                 ] 158/371, 10.0 task/s, elapsed: 16s, ETA:    21s[>>>>>>>>>>>>                 ] 159/371, 10.0 task/s, elapsed: 16s, ETA:    21s[>>>>>>>>>>>>                 ] 160/371, 10.0 task/s, elapsed: 16s, ETA:    21s[>>>>>>>>>>>>                 ] 161/371, 10.0 task/s, elapsed: 16s, ETA:    21s[>>>>>>>>>>>>                 ] 162/371, 10.0 task/s, elapsed: 16s, ETA:    21s[>>>>>>>>>>>>                 ] 163/371, 10.1 task/s, elapsed: 16s, ETA:    21s[>>>>>>>>>>>>                 ] 164/371, 10.1 task/s, elapsed: 16s, ETA:    21s[>>>>>>>>>>>>                 ] 165/371, 10.1 task/s, elapsed: 16s, ETA:    20s[>>>>>>>>>>>>                 ] 166/371, 10.1 task/s, elapsed: 16s, ETA:    20s[>>>>>>>>>>>>>                ] 167/371, 10.1 task/s, elapsed: 17s, ETA:    20s[>>>>>>>>>>>>>                ] 168/371, 10.1 task/s, elapsed: 17s, ETA:    20s[>>>>>>>>>>>>>                ] 169/371, 10.1 task/s, elapsed: 17s, ETA:    20s[>>>>>>>>>>>>>                ] 170/371, 10.1 task/s, elapsed: 17s, ETA:    20s[>>>>>>>>>>>>>                ] 171/371, 10.1 task/s, elapsed: 17s, ETA:    20s[>>>>>>>>>>>>>                ] 172/371, 10.1 task/s, elapsed: 17s, ETA:    20s[>>>>>>>>>>>>>                ] 173/371, 10.1 task/s, elapsed: 17s, ETA:    20s[>>>>>>>>>>>>>                ] 174/371, 10.1 task/s, elapsed: 17s, ETA:    19s[>>>>>>>>>>>>>                ] 175/371, 10.2 task/s, elapsed: 17s, ETA:    19s[>>>>>>>>>>>>>                ] 176/371, 10.2 task/s, elapsed: 17s, ETA:    19s[>>>>>>>>>>>>>                ] 177/371, 10.2 task/s, elapsed: 17s, ETA:    19s[>>>>>>>>>>>>>                ] 178/371, 10.2 task/s, elapsed: 17s, ETA:    19s[>>>>>>>>>>>>>                ] 179/371, 10.2 task/s, elapsed: 18s, ETA:    19s[>>>>>>>>>>>>>>               ] 180/371, 10.2 task/s, elapsed: 18s, ETA:    19s[>>>>>>>>>>>>>>               ] 181/371, 10.2 task/s, elapsed: 18s, ETA:    19s[>>>>>>>>>>>>>>               ] 182/371, 10.2 task/s, elapsed: 18s, ETA:    19s[>>>>>>>>>>>>>>               ] 183/371, 10.2 task/s, elapsed: 18s, ETA:    18s[>>>>>>>>>>>>>>               ] 184/371, 10.2 task/s, elapsed: 18s, ETA:    18s[>>>>>>>>>>>>>>               ] 185/371, 10.2 task/s, elapsed: 18s, ETA:    18s[>>>>>>>>>>>>>>               ] 186/371, 10.2 task/s, elapsed: 18s, ETA:    18s[>>>>>>>>>>>>>>               ] 187/371, 10.2 task/s, elapsed: 18s, ETA:    18s[>>>>>>>>>>>>>>               ] 188/371, 10.3 task/s, elapsed: 18s, ETA:    18s[>>>>>>>>>>>>>>               ] 189/371, 10.3 task/s, elapsed: 18s, ETA:    18s[>>>>>>>>>>>>>>               ] 190/371, 10.3 task/s, elapsed: 19s, ETA:    18s[>>>>>>>>>>>>>>               ] 191/371, 10.3 task/s, elapsed: 19s, ETA:    18s[>>>>>>>>>>>>>>>              ] 192/371, 10.3 task/s, elapsed: 19s, ETA:    17s[>>>>>>>>>>>>>>>              ] 193/371, 10.3 task/s, elapsed: 19s, ETA:    17s[>>>>>>>>>>>>>>>              ] 194/371, 10.3 task/s, elapsed: 19s, ETA:    17s[>>>>>>>>>>>>>>>              ] 195/371, 10.3 task/s, elapsed: 19s, ETA:    17s[>>>>>>>>>>>>>>>              ] 196/371, 10.3 task/s, elapsed: 19s, ETA:    17s[>>>>>>>>>>>>>>>              ] 197/371, 10.3 task/s, elapsed: 19s, ETA:    17s[>>>>>>>>>>>>>>>              ] 198/371, 10.3 task/s, elapsed: 19s, ETA:    17s[>>>>>>>>>>>>>>>              ] 199/371, 10.3 task/s, elapsed: 19s, ETA:    17s[>>>>>>>>>>>>>>>              ] 200/371, 10.3 task/s, elapsed: 19s, ETA:    17s[>>>>>>>>>>>>>>>              ] 201/371, 10.3 task/s, elapsed: 19s, ETA:    16s[>>>>>>>>>>>>>>>              ] 202/371, 10.3 task/s, elapsed: 20s, ETA:    16s[>>>>>>>>>>>>>>>              ] 203/371, 10.3 task/s, elapsed: 20s, ETA:    16s[>>>>>>>>>>>>>>>              ] 204/371, 10.4 task/s, elapsed: 20s, ETA:    16s[>>>>>>>>>>>>>>>>             ] 205/371, 10.4 task/s, elapsed: 20s, ETA:    16s[>>>>>>>>>>>>>>>>             ] 206/371, 10.4 task/s, elapsed: 20s, ETA:    16s[>>>>>>>>>>>>>>>>             ] 207/371, 10.4 task/s, elapsed: 20s, ETA:    16s[>>>>>>>>>>>>>>>>             ] 208/371, 10.4 task/s, elapsed: 20s, ETA:    16s[>>>>>>>>>>>>>>>>             ] 209/371, 10.4 task/s, elapsed: 20s, ETA:    16s[>>>>>>>>>>>>>>>>             ] 210/371, 10.4 task/s, elapsed: 20s, ETA:    15s[>>>>>>>>>>>>>>>>             ] 211/371, 10.4 task/s, elapsed: 20s, ETA:    15s[>>>>>>>>>>>>>>>>             ] 212/371, 10.4 task/s, elapsed: 20s, ETA:    15s[>>>>>>>>>>>>>>>>             ] 213/371, 10.4 task/s, elapsed: 20s, ETA:    15s[>>>>>>>>>>>>>>>>             ] 214/371, 10.4 task/s, elapsed: 21s, ETA:    15s[>>>>>>>>>>>>>>>>             ] 215/371, 10.4 task/s, elapsed: 21s, ETA:    15s[>>>>>>>>>>>>>>>>             ] 216/371, 10.4 task/s, elapsed: 21s, ETA:    15s[>>>>>>>>>>>>>>>>             ] 217/371, 10.4 task/s, elapsed: 21s, ETA:    15s[>>>>>>>>>>>>>>>>>            ] 218/371, 10.4 task/s, elapsed: 21s, ETA:    15s[>>>>>>>>>>>>>>>>>            ] 219/371, 10.4 task/s, elapsed: 21s, ETA:    15s[>>>>>>>>>>>>>>>>>            ] 220/371, 10.4 task/s, elapsed: 21s, ETA:    14s[>>>>>>>>>>>>>>>>>            ] 221/371, 10.5 task/s, elapsed: 21s, ETA:    14s[>>>>>>>>>>>>>>>>>            ] 222/371, 10.5 task/s, elapsed: 21s, ETA:    14s[>>>>>>>>>>>>>>>>>            ] 223/371, 10.5 task/s, elapsed: 21s, ETA:    14s[>>>>>>>>>>>>>>>>>            ] 224/371, 10.5 task/s, elapsed: 21s, ETA:    14s[>>>>>>>>>>>>>>>>>            ] 225/371, 10.5 task/s, elapsed: 21s, ETA:    14s[>>>>>>>>>>>>>>>>>            ] 226/371, 10.5 task/s, elapsed: 22s, ETA:    14s[>>>>>>>>>>>>>>>>>            ] 227/371, 10.5 task/s, elapsed: 22s, ETA:    14s[>>>>>>>>>>>>>>>>>            ] 228/371, 10.5 task/s, elapsed: 22s, ETA:    14s[>>>>>>>>>>>>>>>>>            ] 229/371, 10.5 task/s, elapsed: 22s, ETA:    14s[>>>>>>>>>>>>>>>>>            ] 230/371, 10.5 task/s, elapsed: 22s, ETA:    13s[>>>>>>>>>>>>>>>>>>           ] 231/371, 10.5 task/s, elapsed: 22s, ETA:    13s[>>>>>>>>>>>>>>>>>>           ] 232/371, 10.5 task/s, elapsed: 22s, ETA:    13s[>>>>>>>>>>>>>>>>>>           ] 233/371, 10.5 task/s, elapsed: 22s, ETA:    13s[>>>>>>>>>>>>>>>>>>           ] 234/371, 10.5 task/s, elapsed: 22s, ETA:    13s[>>>>>>>>>>>>>>>>>>           ] 235/371, 10.5 task/s, elapsed: 22s, ETA:    13s[>>>>>>>>>>>>>>>>>>           ] 236/371, 10.5 task/s, elapsed: 22s, ETA:    13s[>>>>>>>>>>>>>>>>>>           ] 237/371, 10.5 task/s, elapsed: 23s, ETA:    13s[>>>>>>>>>>>>>>>>>>           ] 238/371, 10.5 task/s, elapsed: 23s, ETA:    13s[>>>>>>>>>>>>>>>>>>           ] 239/371, 10.5 task/s, elapsed: 23s, ETA:    13s[>>>>>>>>>>>>>>>>>>           ] 240/371, 10.5 task/s, elapsed: 23s, ETA:    12s[>>>>>>>>>>>>>>>>>>           ] 241/371, 10.6 task/s, elapsed: 23s, ETA:    12s[>>>>>>>>>>>>>>>>>>           ] 242/371, 10.6 task/s, elapsed: 23s, ETA:    12s[>>>>>>>>>>>>>>>>>>           ] 243/371, 10.6 task/s, elapsed: 23s, ETA:    12s[>>>>>>>>>>>>>>>>>>>          ] 244/371, 10.6 task/s, elapsed: 23s, ETA:    12s[>>>>>>>>>>>>>>>>>>>          ] 245/371, 10.6 task/s, elapsed: 23s, ETA:    12s[>>>>>>>>>>>>>>>>>>>          ] 246/371, 10.6 task/s, elapsed: 23s, ETA:    12s[>>>>>>>>>>>>>>>>>>>          ] 247/371, 10.6 task/s, elapsed: 23s, ETA:    12s[>>>>>>>>>>>>>>>>>>>          ] 248/371, 10.6 task/s, elapsed: 23s, ETA:    12s[>>>>>>>>>>>>>>>>>>>          ] 249/371, 10.6 task/s, elapsed: 24s, ETA:    12s[>>>>>>>>>>>>>>>>>>>          ] 250/371, 10.6 task/s, elapsed: 24s, ETA:    11s[>>>>>>>>>>>>>>>>>>>          ] 251/371, 10.6 task/s, elapsed: 24s, ETA:    11s[>>>>>>>>>>>>>>>>>>>          ] 252/371, 10.6 task/s, elapsed: 24s, ETA:    11s[>>>>>>>>>>>>>>>>>>>          ] 253/371, 10.6 task/s, elapsed: 24s, ETA:    11s[>>>>>>>>>>>>>>>>>>>          ] 254/371, 10.6 task/s, elapsed: 24s, ETA:    11s[>>>>>>>>>>>>>>>>>>>          ] 255/371, 10.6 task/s, elapsed: 24s, ETA:    11s[>>>>>>>>>>>>>>>>>>>>         ] 256/371, 10.6 task/s, elapsed: 24s, ETA:    11s[>>>>>>>>>>>>>>>>>>>>         ] 257/371, 10.6 task/s, elapsed: 24s, ETA:    11s[>>>>>>>>>>>>>>>>>>>>         ] 258/371, 10.6 task/s, elapsed: 24s, ETA:    11s[>>>>>>>>>>>>>>>>>>>>         ] 259/371, 10.6 task/s, elapsed: 24s, ETA:    11s[>>>>>>>>>>>>>>>>>>>>         ] 260/371, 10.6 task/s, elapsed: 24s, ETA:    10s[>>>>>>>>>>>>>>>>>>>>         ] 261/371, 10.6 task/s, elapsed: 25s, ETA:    10s[>>>>>>>>>>>>>>>>>>>>         ] 262/371, 10.6 task/s, elapsed: 25s, ETA:    10s[>>>>>>>>>>>>>>>>>>>>         ] 263/371, 10.7 task/s, elapsed: 25s, ETA:    10s[>>>>>>>>>>>>>>>>>>>>         ] 264/371, 10.7 task/s, elapsed: 25s, ETA:    10s[>>>>>>>>>>>>>>>>>>>>         ] 265/371, 10.7 task/s, elapsed: 25s, ETA:    10s[>>>>>>>>>>>>>>>>>>>>         ] 266/371, 10.7 task/s, elapsed: 25s, ETA:    10s[>>>>>>>>>>>>>>>>>>>>         ] 267/371, 10.7 task/s, elapsed: 25s, ETA:    10s[>>>>>>>>>>>>>>>>>>>>         ] 268/371, 10.7 task/s, elapsed: 25s, ETA:    10s[>>>>>>>>>>>>>>>>>>>>>        ] 269/371, 10.7 task/s, elapsed: 25s, ETA:    10s[>>>>>>>>>>>>>>>>>>>>>        ] 270/371, 10.7 task/s, elapsed: 25s, ETA:     9s[>>>>>>>>>>>>>>>>>>>>>        ] 271/371, 10.7 task/s, elapsed: 25s, ETA:     9s[>>>>>>>>>>>>>>>>>>>>>        ] 272/371, 10.7 task/s, elapsed: 25s, ETA:     9s[>>>>>>>>>>>>>>>>>>>>>        ] 273/371, 10.7 task/s, elapsed: 26s, ETA:     9s[>>>>>>>>>>>>>>>>>>>>>        ] 274/371, 10.7 task/s, elapsed: 26s, ETA:     9s[>>>>>>>>>>>>>>>>>>>>>        ] 275/371, 10.7 task/s, elapsed: 26s, ETA:     9s[>>>>>>>>>>>>>>>>>>>>>        ] 276/371, 10.7 task/s, elapsed: 26s, ETA:     9s[>>>>>>>>>>>>>>>>>>>>>        ] 277/371, 10.7 task/s, elapsed: 26s, ETA:     9s[>>>>>>>>>>>>>>>>>>>>>        ] 278/371, 10.7 task/s, elapsed: 26s, ETA:     9s[>>>>>>>>>>>>>>>>>>>>>        ] 279/371, 10.7 task/s, elapsed: 26s, ETA:     9s[>>>>>>>>>>>>>>>>>>>>>        ] 280/371, 10.7 task/s, elapsed: 26s, ETA:     8s[>>>>>>>>>>>>>>>>>>>>>        ] 281/371, 10.7 task/s, elapsed: 26s, ETA:     8s[>>>>>>>>>>>>>>>>>>>>>>       ] 282/371, 10.7 task/s, elapsed: 26s, ETA:     8s[>>>>>>>>>>>>>>>>>>>>>>       ] 283/371, 10.7 task/s, elapsed: 26s, ETA:     8s[>>>>>>>>>>>>>>>>>>>>>>       ] 284/371, 10.7 task/s, elapsed: 26s, ETA:     8s[>>>>>>>>>>>>>>>>>>>>>>       ] 285/371, 10.7 task/s, elapsed: 27s, ETA:     8s[>>>>>>>>>>>>>>>>>>>>>>       ] 286/371, 10.7 task/s, elapsed: 27s, ETA:     8s[>>>>>>>>>>>>>>>>>>>>>>       ] 287/371, 10.7 task/s, elapsed: 27s, ETA:     8s[>>>>>>>>>>>>>>>>>>>>>>       ] 288/371, 10.7 task/s, elapsed: 27s, ETA:     8s[>>>>>>>>>>>>>>>>>>>>>>       ] 289/371, 10.7 task/s, elapsed: 27s, ETA:     8s[>>>>>>>>>>>>>>>>>>>>>>       ] 290/371, 10.8 task/s, elapsed: 27s, ETA:     8s[>>>>>>>>>>>>>>>>>>>>>>       ] 291/371, 10.8 task/s, elapsed: 27s, ETA:     7s[>>>>>>>>>>>>>>>>>>>>>>       ] 292/371, 10.8 task/s, elapsed: 27s, ETA:     7s[>>>>>>>>>>>>>>>>>>>>>>       ] 293/371, 10.8 task/s, elapsed: 27s, ETA:     7s[>>>>>>>>>>>>>>>>>>>>>>       ] 294/371, 10.8 task/s, elapsed: 27s, ETA:     7s[>>>>>>>>>>>>>>>>>>>>>>>      ] 295/371, 10.8 task/s, elapsed: 27s, ETA:     7s[>>>>>>>>>>>>>>>>>>>>>>>      ] 296/371, 10.8 task/s, elapsed: 27s, ETA:     7s[>>>>>>>>>>>>>>>>>>>>>>>      ] 297/371, 10.8 task/s, elapsed: 28s, ETA:     7s[>>>>>>>>>>>>>>>>>>>>>>>      ] 298/371, 10.8 task/s, elapsed: 28s, ETA:     7s[>>>>>>>>>>>>>>>>>>>>>>>      ] 299/371, 10.8 task/s, elapsed: 28s, ETA:     7s[>>>>>>>>>>>>>>>>>>>>>>>      ] 300/371, 10.8 task/s, elapsed: 28s, ETA:     7s[>>>>>>>>>>>>>>>>>>>>>>>      ] 301/371, 10.8 task/s, elapsed: 28s, ETA:     6s[>>>>>>>>>>>>>>>>>>>>>>>      ] 302/371, 10.8 task/s, elapsed: 28s, ETA:     6s[>>>>>>>>>>>>>>>>>>>>>>>      ] 303/371, 10.8 task/s, elapsed: 28s, ETA:     6s[>>>>>>>>>>>>>>>>>>>>>>>      ] 304/371, 10.8 task/s, elapsed: 28s, ETA:     6s[>>>>>>>>>>>>>>>>>>>>>>>      ] 305/371, 10.8 task/s, elapsed: 28s, ETA:     6s[>>>>>>>>>>>>>>>>>>>>>>>      ] 306/371, 10.8 task/s, elapsed: 28s, ETA:     6s[>>>>>>>>>>>>>>>>>>>>>>>      ] 307/371, 10.8 task/s, elapsed: 28s, ETA:     6s[>>>>>>>>>>>>>>>>>>>>>>>>     ] 308/371, 10.8 task/s, elapsed: 28s, ETA:     6s[>>>>>>>>>>>>>>>>>>>>>>>>     ] 309/371, 10.8 task/s, elapsed: 29s, ETA:     6s[>>>>>>>>>>>>>>>>>>>>>>>>     ] 310/371, 10.8 task/s, elapsed: 29s, ETA:     6s[>>>>>>>>>>>>>>>>>>>>>>>>     ] 311/371, 10.8 task/s, elapsed: 29s, ETA:     6s[>>>>>>>>>>>>>>>>>>>>>>>>     ] 312/371, 10.8 task/s, elapsed: 29s, ETA:     5s[>>>>>>>>>>>>>>>>>>>>>>>>     ] 313/371, 10.8 task/s, elapsed: 29s, ETA:     5s[>>>>>>>>>>>>>>>>>>>>>>>>     ] 314/371, 10.8 task/s, elapsed: 29s, ETA:     5s[>>>>>>>>>>>>>>>>>>>>>>>>     ] 315/371, 10.8 task/s, elapsed: 29s, ETA:     5s[>>>>>>>>>>>>>>>>>>>>>>>>     ] 316/371, 10.8 task/s, elapsed: 29s, ETA:     5s[>>>>>>>>>>>>>>>>>>>>>>>>     ] 317/371, 10.8 task/s, elapsed: 29s, ETA:     5s[>>>>>>>>>>>>>>>>>>>>>>>>     ] 318/371, 10.8 task/s, elapsed: 29s, ETA:     5s[>>>>>>>>>>>>>>>>>>>>>>>>     ] 319/371, 10.8 task/s, elapsed: 29s, ETA:     5s[>>>>>>>>>>>>>>>>>>>>>>>>>    ] 320/371, 10.8 task/s, elapsed: 29s, ETA:     5s[>>>>>>>>>>>>>>>>>>>>>>>>>    ] 321/371, 10.9 task/s, elapsed: 30s, ETA:     5s[>>>>>>>>>>>>>>>>>>>>>>>>>    ] 322/371, 10.9 task/s, elapsed: 30s, ETA:     5s[>>>>>>>>>>>>>>>>>>>>>>>>>    ] 323/371, 10.9 task/s, elapsed: 30s, ETA:     4s[>>>>>>>>>>>>>>>>>>>>>>>>>    ] 324/371, 10.9 task/s, elapsed: 30s, ETA:     4s[>>>>>>>>>>>>>>>>>>>>>>>>>    ] 325/371, 10.9 task/s, elapsed: 30s, ETA:     4s[>>>>>>>>>>>>>>>>>>>>>>>>>    ] 326/371, 10.9 task/s, elapsed: 30s, ETA:     4s[>>>>>>>>>>>>>>>>>>>>>>>>>    ] 327/371, 10.9 task/s, elapsed: 30s, ETA:     4s[>>>>>>>>>>>>>>>>>>>>>>>>>    ] 328/371, 10.9 task/s, elapsed: 30s, ETA:     4s[>>>>>>>>>>>>>>>>>>>>>>>>>    ] 329/371, 10.9 task/s, elapsed: 30s, ETA:     4s[>>>>>>>>>>>>>>>>>>>>>>>>>    ] 330/371, 10.9 task/s, elapsed: 30s, ETA:     4s[>>>>>>>>>>>>>>>>>>>>>>>>>    ] 331/371, 10.9 task/s, elapsed: 30s, ETA:     4s[>>>>>>>>>>>>>>>>>>>>>>>>>    ] 332/371, 10.9 task/s, elapsed: 31s, ETA:     4s[>>>>>>>>>>>>>>>>>>>>>>>>>>   ] 333/371, 10.9 task/s, elapsed: 31s, ETA:     3s[>>>>>>>>>>>>>>>>>>>>>>>>>>   ] 334/371, 10.9 task/s, elapsed: 31s, ETA:     3s[>>>>>>>>>>>>>>>>>>>>>>>>>>   ] 335/371, 10.9 task/s, elapsed: 31s, ETA:     3s[>>>>>>>>>>>>>>>>>>>>>>>>>>   ] 336/371, 10.9 task/s, elapsed: 31s, ETA:     3s[>>>>>>>>>>>>>>>>>>>>>>>>>>   ] 337/371, 10.9 task/s, elapsed: 31s, ETA:     3s[>>>>>>>>>>>>>>>>>>>>>>>>>>   ] 338/371, 10.9 task/s, elapsed: 31s, ETA:     3s[>>>>>>>>>>>>>>>>>>>>>>>>>>   ] 339/371, 10.9 task/s, elapsed: 31s, ETA:     3s[>>>>>>>>>>>>>>>>>>>>>>>>>>   ] 340/371, 10.9 task/s, elapsed: 31s, ETA:     3s[>>>>>>>>>>>>>>>>>>>>>>>>>>   ] 341/371, 10.9 task/s, elapsed: 31s, ETA:     3s[>>>>>>>>>>>>>>>>>>>>>>>>>>   ] 342/371, 10.9 task/s, elapsed: 31s, ETA:     3s[>>>>>>>>>>>>>>>>>>>>>>>>>>   ] 343/371, 10.9 task/s, elapsed: 31s, ETA:     3s[>>>>>>>>>>>>>>>>>>>>>>>>>>   ] 344/371, 10.9 task/s, elapsed: 32s, ETA:     2s[>>>>>>>>>>>>>>>>>>>>>>>>>>   ] 345/371, 10.9 task/s, elapsed: 32s, ETA:     2s[>>>>>>>>>>>>>>>>>>>>>>>>>>>  ] 346/371, 10.9 task/s, elapsed: 32s, ETA:     2s[>>>>>>>>>>>>>>>>>>>>>>>>>>>  ] 347/371, 10.9 task/s, elapsed: 32s, ETA:     2s[>>>>>>>>>>>>>>>>>>>>>>>>>>>  ] 348/371, 10.9 task/s, elapsed: 32s, ETA:     2s[>>>>>>>>>>>>>>>>>>>>>>>>>>>  ] 349/371, 10.9 task/s, elapsed: 32s, ETA:     2s[>>>>>>>>>>>>>>>>>>>>>>>>>>>  ] 350/371, 10.9 task/s, elapsed: 32s, ETA:     2s[>>>>>>>>>>>>>>>>>>>>>>>>>>>  ] 351/371, 10.9 task/s, elapsed: 32s, ETA:     2s[>>>>>>>>>>>>>>>>>>>>>>>>>>>  ] 352/371, 10.9 task/s, elapsed: 32s, ETA:     2s[>>>>>>>>>>>>>>>>>>>>>>>>>>>  ] 353/371, 10.9 task/s, elapsed: 32s, ETA:     2s[>>>>>>>>>>>>>>>>>>>>>>>>>>>  ] 354/371, 10.9 task/s, elapsed: 32s, ETA:     2s[>>>>>>>>>>>>>>>>>>>>>>>>>>>  ] 355/371, 10.9 task/s, elapsed: 32s, ETA:     1s[>>>>>>>>>>>>>>>>>>>>>>>>>>>  ] 356/371, 10.9 task/s, elapsed: 33s, ETA:     1s[>>>>>>>>>>>>>>>>>>>>>>>>>>>  ] 357/371, 10.9 task/s, elapsed: 33s, ETA:     1s[>>>>>>>>>>>>>>>>>>>>>>>>>>>  ] 358/371, 10.9 task/s, elapsed: 33s, ETA:     1s[>>>>>>>>>>>>>>>>>>>>>>>>>>>> ] 359/371, 10.9 task/s, elapsed: 33s, ETA:     1s[>>>>>>>>>>>>>>>>>>>>>>>>>>>> ] 360/371, 11.0 task/s, elapsed: 33s, ETA:     1s[>>>>>>>>>>>>>>>>>>>>>>>>>>>> ] 361/371, 11.0 task/s, elapsed: 33s, ETA:     1s[>>>>>>>>>>>>>>>>>>>>>>>>>>>> ] 362/371, 11.0 task/s, elapsed: 33s, ETA:     1s[>>>>>>>>>>>>>>>>>>>>>>>>>>>> ] 363/371, 11.0 task/s, elapsed: 33s, ETA:     1s[>>>>>>>>>>>>>>>>>>>>>>>>>>>> ] 364/371, 11.0 task/s, elapsed: 33s, ETA:     1s[>>>>>>>>>>>>>>>>>>>>>>>>>>>> ] 365/371, 11.0 task/s, elapsed: 33s, ETA:     1s[>>>>>>>>>>>>>>>>>>>>>>>>>>>> ] 366/371, 11.0 task/s, elapsed: 33s, ETA:     0s[>>>>>>>>>>>>>>>>>>>>>>>>>>>> ] 367/371, 11.0 task/s, elapsed: 33s, ETA:     0s[>>>>>>>>>>>>>>>>>>>>>>>>>>>> ] 368/371, 11.0 task/s, elapsed: 34s, ETA:     0s[>>>>>>>>>>>>>>>>>>>>>>>>>>>> ] 369/371, 11.0 task/s, elapsed: 34s, ETA:     0s[>>>>>>>>>>>>>>>>>>>>>>>>>>>> ] 370/371, 11.0 task/s, elapsed: 34s, ETA:     0s[>>>>>>>>>>>>>>>>>>>>>>>>>>>>>] 371/371, 11.0 task/s, elapsed: 34s, ETA:     0s

2026-05-12 04:01:59,858 - mmdet - INFO - Evaluating bbox...
Loading and preparing results...
DONE (t=0.01s)
creating index...
index created!
Running per image evaluation...
Evaluate annotation type *bbox*
DONE (t=3.10s).
Accumulating evaluation results...
DONE (t=0.22s).
2026-05-12 04:02:03,228 - mmdet - INFO - 
 Average Precision  (AP) @[ IoU=0.50:0.95 | area=   all | maxDets=100 ] = 0.200
 Average Precision  (AP) @[ IoU=0.50      | area=   all | maxDets=1000 ] = 0.544
 Average Precision  (AP) @[ IoU=0.75      | area=   all | maxDets=1000 ] = 0.097
 Average Precision  (AP) @[ IoU=0.50:0.95 | area= small | maxDets=1000 ] = 0.000
 Average Precision  (AP) @[ IoU=0.50:0.95 | area=medium | maxDets=1000 ] = 0.159
 Average Precision  (AP) @[ IoU=0.50:0.95 | area= large | maxDets=1000 ] = 0.273
 Average Recall     (AR) @[ IoU=0.50:0.95 | area=   all | maxDets=100 ] = 0.356
 Average Recall     (AR) @[ IoU=0.50:0.95 | area=   all | maxDets=300 ] = 0.356
 Average Recall     (AR) @[ IoU=0.50:0.95 | area=   all | maxDets=1000 ] = 0.356
 Average Recall     (AR) @[ IoU=0.50:0.95 | area= small | maxDets=1000 ] = 0.021
 Average Recall     (AR) @[ IoU=0.50:0.95 | area=medium | maxDets=1000 ] = 0.315
 Average Recall     (AR) @[ IoU=0.50:0.95 | area= large | maxDets=1000 ] = 0.419

2026-05-12 04:02:03,360 - mmdet - INFO - The previous best checkpoint /home/ahmadreza/Downloads/Research/M2SODAI/baseline_official/runs_r50_hbb/r50_hbb_fold_1_20260512/best_bbox_mAP_epoch_10.pth was removed
2026-05-12 04:02:04,887 - mmdet - INFO - Now best checkpoint is saved as best_bbox_mAP_epoch_20.pth.
2026-05-12 04:02:04,887 - mmdet - INFO - Best bbox_mAP is 0.2000 at 20 epoch.
2026-05-12 04:02:04,887 - mmdet - INFO - Exp name: fold_1_r50_300e_hbb.py
2026-05-12 04:02:04,888 - mmdet - INFO - Epoch(val) [20][371]	bbox_mAP: 0.2000, bbox_mAP_50: 0.5440, bbox_mAP_75: 0.0970, bbox_mAP_s: 0.0000, bbox_mAP_m: 0.1590, bbox_mAP_l: 0.2730, bbox_mAP_copypaste: 0.200 0.544 0.097 0.000 0.159 0.273
2026-05-12 04:02:34,489 - mmdet - INFO - Epoch [21][50/186]	lr: 1.978e-02, eta: 6:20:33, time: 0.590, data_time: 0.083, memory: 6155, loss_rpn_cls: 0.0442, loss_rpn_bbox: 0.0069, loss_cls: 0.2040, acc: 91.8457, loss_bbox: 0.1461, loss: 0.4012, grad_norm: 1.8846
2026-05-12 04:03:00,347 - mmdet - INFO - Epoch [21][100/186]	lr: 1.978e-02, eta: 6:21:06, time: 0.519, data_time: 0.015, memory: 6155, loss_rpn_cls: 0.0514, loss_rpn_bbox: 0.0061, loss_cls: 0.1914, acc: 92.2148, loss_bbox: 0.1399, loss: 0.3889, grad_norm: 1.8044
2026-05-12 04:03:26,266 - mmdet - INFO - Epoch [21][150/186]	lr: 1.978e-02, eta: 6:21:35, time: 0.516, data_time: 0.013, memory: 6155, loss_rpn_cls: 0.0437, loss_rpn_bbox: 0.0065, loss_cls: 0.1906, acc: 92.3291, loss_bbox: 0.1418, loss: 0.3826, grad_norm: 1.7334
2026-05-12 04:04:14,605 - mmdet - INFO - Epoch [22][50/186]	lr: 1.976e-02, eta: 6:19:09, time: 0.593, data_time: 0.083, memory: 6155, loss_rpn_cls: 0.0434, loss_rpn_bbox: 0.0064, loss_cls: 0.1845, acc: 92.4395, loss_bbox: 0.1439, loss: 0.3782, grad_norm: 1.6997
2026-05-12 04:04:40,479 - mmdet - INFO - Epoch [22][100/186]	lr: 1.976e-02, eta: 6:19:37, time: 0.516, data_time: 0.013, memory: 6155, loss_rpn_cls: 0.0387, loss_rpn_bbox: 0.0057, loss_cls: 0.1901, acc: 92.2998, loss_bbox: 0.1401, loss: 0.3746, grad_norm: 1.6434
2026-05-12 04:05:06,598 - mmdet - INFO - Epoch [22][150/186]	lr: 1.976e-02, eta: 6:20:09, time: 0.524, data_time: 0.015, memory: 6155, loss_rpn_cls: 0.0449, loss_rpn_bbox: 0.0063, loss_cls: 0.1965, acc: 92.0010, loss_bbox: 0.1459, loss: 0.3936, grad_norm: 1.6425
2026-05-12 04:05:55,024 - mmdet - INFO - Epoch [23][50/186]	lr: 1.974e-02, eta: 6:17:47, time: 0.591, data_time: 0.083, memory: 6155, loss_rpn_cls: 0.0363, loss_rpn_bbox: 0.0063, loss_cls: 0.1997, acc: 91.8604, loss_bbox: 0.1411, loss: 0.3835, grad_norm: 1.8858
2026-05-12 04:06:20,889 - mmdet - INFO - Epoch [23][100/186]	lr: 1.974e-02, eta: 6:18:14, time: 0.519, data_time: 0.015, memory: 6155, loss_rpn_cls: 0.0443, loss_rpn_bbox: 0.0067, loss_cls: 0.1877, acc: 92.2773, loss_bbox: 0.1381, loss: 0.3768, grad_norm: 1.8341
2026-05-12 04:06:46,838 - mmdet - INFO - Epoch [23][150/186]	lr: 1.974e-02, eta: 6:18:39, time: 0.517, data_time: 0.013, memory: 6155, loss_rpn_cls: 0.0422, loss_rpn_bbox: 0.0063, loss_cls: 0.1854, acc: 92.5059, loss_bbox: 0.1445, loss: 0.3784, grad_norm: 1.7790
2026-05-12 04:07:37,709 - mmdet - INFO - Epoch [24][50/186]	lr: 1.971e-02, eta: 6:16:52, time: 0.642, data_time: 0.084, memory: 6155, loss_rpn_cls: 0.0376, loss_rpn_bbox: 0.0056, loss_cls: 0.1751, acc: 93.0146, loss_bbox: 0.1335, loss: 0.3518, grad_norm: 1.5829
2026-05-12 04:08:08,742 - mmdet - INFO - Epoch [24][100/186]	lr: 1.971e-02, eta: 6:18:15, time: 0.618, data_time: 0.014, memory: 6155, loss_rpn_cls: 0.0326, loss_rpn_bbox: 0.0050, loss_cls: 0.1820, acc: 92.7881, loss_bbox: 0.1294, loss: 0.3490, grad_norm: 1.6164
2026-05-12 04:08:42,507 - mmdet - INFO - Epoch [24][150/186]	lr: 1.971e-02, eta: 6:20:10, time: 0.678, data_time: 0.016, memory: 6155, loss_rpn_cls: 0.0393, loss_rpn_bbox: 0.0068, loss_cls: 0.1854, acc: 92.3955, loss_bbox: 0.1364, loss: 0.3679, grad_norm: 1.6199
2026-05-12 04:09:39,029 - mmdet - INFO - Epoch [25][50/186]	lr: 1.969e-02, eta: 6:17:54, time: 0.591, data_time: 0.084, memory: 6155, loss_rpn_cls: 0.0452, loss_rpn_bbox: 0.0061, loss_cls: 0.1711, acc: 93.1777, loss_bbox: 0.1222, loss: 0.3447, grad_norm: 1.6213
2026-05-12 04:10:04,874 - mmdet - INFO - Epoch [25][100/186]	lr: 1.969e-02, eta: 6:18:15, time: 0.519, data_time: 0.015, memory: 6155, loss_rpn_cls: 0.0473, loss_rpn_bbox: 0.0062, loss_cls: 0.1771, acc: 92.9854, loss_bbox: 0.1297, loss: 0.3603, grad_norm: 1.7406
2026-05-12 04:10:30,777 - mmdet - INFO - Epoch [25][150/186]	lr: 1.969e-02, eta: 6:18:33, time: 0.516, data_time: 0.013, memory: 6155, loss_rpn_cls: 0.0465, loss_rpn_bbox: 0.0068, loss_cls: 0.1886, acc: 92.2314, loss_bbox: 0.1431, loss: 0.3850, grad_norm: 1.8111
2026-05-12 04:11:18,990 - mmdet - INFO - Epoch [26][50/186]	lr: 1.966e-02, eta: 6:16:21, time: 0.590, data_time: 0.084, memory: 6155, loss_rpn_cls: 0.0386, loss_rpn_bbox: 0.0051, loss_cls: 0.1628, acc: 93.4346, loss_bbox: 0.1335, loss: 0.3399, grad_norm: 1.4987
2026-05-12 04:11:44,860 - mmdet - INFO - Epoch [26][100/186]	lr: 1.966e-02, eta: 6:16:39, time: 0.515, data_time: 0.013, memory: 6155, loss_rpn_cls: 0.0314, loss_rpn_bbox: 0.0048, loss_cls: 0.1596, acc: 93.4209, loss_bbox: 0.1196, loss: 0.3153, grad_norm: 1.4876
2026-05-12 04:12:10,891 - mmdet - INFO - Epoch [26][150/186]	lr: 1.966e-02, eta: 6:16:59, time: 0.523, data_time: 0.015, memory: 6155, loss_rpn_cls: 0.0363, loss_rpn_bbox: 0.0057, loss_cls: 0.1803, acc: 92.7734, loss_bbox: 0.1383, loss: 0.3606, grad_norm: 1.5266
2026-05-12 04:12:59,319 - mmdet - INFO - Epoch [27][50/186]	lr: 1.963e-02, eta: 6:14:51, time: 0.591, data_time: 0.085, memory: 6155, loss_rpn_cls: 0.0353, loss_rpn_bbox: 0.0058, loss_cls: 0.1629, acc: 93.2637, loss_bbox: 0.1241, loss: 0.3280, grad_norm: 1.5296
2026-05-12 04:13:25,221 - mmdet - INFO - Epoch [27][100/186]	lr: 1.963e-02, eta: 6:15:09, time: 0.520, data_time: 0.015, memory: 6155, loss_rpn_cls: 0.0362, loss_rpn_bbox: 0.0054, loss_cls: 0.1660, acc: 93.2422, loss_bbox: 0.1211, loss: 0.3288, grad_norm: 1.5261
2026-05-12 04:13:51,165 - mmdet - INFO - Epoch [27][150/186]	lr: 1.963e-02, eta: 6:15:25, time: 0.517, data_time: 0.013, memory: 6155, loss_rpn_cls: 0.0327, loss_rpn_bbox: 0.0051, loss_cls: 0.1691, acc: 93.0908, loss_bbox: 0.1282, loss: 0.3351, grad_norm: 1.5206
2026-05-12 04:14:39,511 - mmdet - INFO - Epoch [28][50/186]	lr: 1.960e-02, eta: 6:13:22, time: 0.592, data_time: 0.084, memory: 6155, loss_rpn_cls: 0.0358, loss_rpn_bbox: 0.0051, loss_cls: 0.1751, acc: 92.9404, loss_bbox: 0.1229, loss: 0.3389, grad_norm: 1.8500
2026-05-12 04:15:05,272 - mmdet - INFO - Epoch [28][100/186]	lr: 1.960e-02, eta: 6:13:35, time: 0.513, data_time: 0.013, memory: 6155, loss_rpn_cls: 0.0296, loss_rpn_bbox: 0.0047, loss_cls: 0.1614, acc: 93.4297, loss_bbox: 0.1138, loss: 0.3094, grad_norm: 1.7638
2026-05-12 04:15:31,360 - mmdet - INFO - Epoch [28][150/186]	lr: 1.960e-02, eta: 6:13:53, time: 0.524, data_time: 0.015, memory: 6155, loss_rpn_cls: 0.0312, loss_rpn_bbox: 0.0056, loss_cls: 0.1749, acc: 92.9170, loss_bbox: 0.1281, loss: 0.3397, grad_norm: 1.6887
2026-05-12 04:16:19,727 - mmdet - INFO - Epoch [29][50/186]	lr: 1.957e-02, eta: 6:11:52, time: 0.589, data_time: 0.083, memory: 6155, loss_rpn_cls: 0.0331, loss_rpn_bbox: 0.0056, loss_cls: 0.1642, acc: 93.4434, loss_bbox: 0.1215, loss: 0.3245, grad_norm: 1.6074
2026-05-12 04:16:45,553 - mmdet - INFO - Epoch [29][100/186]	lr: 1.957e-02, eta: 6:12:06, time: 0.518, data_time: 0.015, memory: 6155, loss_rpn_cls: 0.0356, loss_rpn_bbox: 0.0049, loss_cls: 0.1498, acc: 94.1318, loss_bbox: 0.1112, loss: 0.3014, grad_norm: 1.6280
2026-05-12 04:17:11,484 - mmdet - INFO - Epoch [29][150/186]	lr: 1.957e-02, eta: 6:12:19, time: 0.517, data_time: 0.013, memory: 6155, loss_rpn_cls: 0.0302, loss_rpn_bbox: 0.0051, loss_cls: 0.1574, acc: 93.6924, loss_bbox: 0.1176, loss: 0.3103, grad_norm: 1.6230
2026-05-12 04:17:59,814 - mmdet - INFO - Epoch [30][50/186]	lr: 1.954e-02, eta: 6:10:23, time: 0.592, data_time: 0.084, memory: 6155, loss_rpn_cls: 0.0307, loss_rpn_bbox: 0.0048, loss_cls: 0.1537, acc: 93.7129, loss_bbox: 0.1159, loss: 0.3051, grad_norm: 1.4552
2026-05-12 04:18:25,657 - mmdet - INFO - Epoch [30][100/186]	lr: 1.954e-02, eta: 6:10:34, time: 0.515, data_time: 0.013, memory: 6155, loss_rpn_cls: 0.0503, loss_rpn_bbox: 0.0059, loss_cls: 0.1611, acc: 93.6377, loss_bbox: 0.1139, loss: 0.3311, grad_norm: 1.5927
2026-05-12 04:18:51,584 - mmdet - INFO - Epoch [30][150/186]	lr: 1.954e-02, eta: 6:10:48, time: 0.520, data_time: 0.015, memory: 6155, loss_rpn_cls: 0.0287, loss_rpn_bbox: 0.0052, loss_cls: 0.1588, acc: 93.4307, loss_bbox: 0.1172, loss: 0.3098, grad_norm: 1.5624
2026-05-12 04:19:10,278 - mmdet - INFO - Saving checkpoint at 30 epochs
[                                                  ] 0/371, elapsed: 0s, ETA:[                                 ] 1/371, 0.4 task/s, elapsed: 3s, ETA:   953s[                                 ] 2/371, 0.8 task/s, elapsed: 3s, ETA:   491s[                                 ] 3/371, 1.1 task/s, elapsed: 3s, ETA:   337s[                                 ] 4/371, 1.4 task/s, elapsed: 3s, ETA:   260s[                                 ] 5/371, 1.7 task/s, elapsed: 3s, ETA:   213s[                                 ] 6/371, 2.0 task/s, elapsed: 3s, ETA:   183s[                                 ] 7/371, 2.3 task/s, elapsed: 3s, ETA:   160s[                                 ] 8/371, 2.5 task/s, elapsed: 3s, ETA:   144s[                                 ] 9/371, 2.8 task/s, elapsed: 3s, ETA:   131s[                                ] 10/371, 3.0 task/s, elapsed: 3s, ETA:   120s[                                ] 11/371, 3.2 task/s, elapsed: 3s, ETA:   112s[>                               ] 12/371, 3.4 task/s, elapsed: 4s, ETA:   105s[>                               ] 13/371, 3.6 task/s, elapsed: 4s, ETA:    99s[>                               ] 14/371, 3.8 task/s, elapsed: 4s, ETA:    94s[>                               ] 15/371, 4.0 task/s, elapsed: 4s, ETA:    89s[>                               ] 16/371, 4.2 task/s, elapsed: 4s, ETA:    85s[>                               ] 17/371, 4.3 task/s, elapsed: 4s, ETA:    82s[>                               ] 18/371, 4.5 task/s, elapsed: 4s, ETA:    79s[>                               ] 19/371, 4.6 task/s, elapsed: 4s, ETA:    76s[>                               ] 20/371, 4.8 task/s, elapsed: 4s, ETA:    73s[>                               ] 21/371, 4.9 task/s, elapsed: 4s, ETA:    71s[>                               ] 22/371, 5.1 task/s, elapsed: 4s, ETA:    69s[>                               ] 23/371, 5.2 task/s, elapsed: 4s, ETA:    67s[>>                              ] 24/371, 5.3 task/s, elapsed: 5s, ETA:    65s[>>                              ] 25/371, 5.4 task/s, elapsed: 5s, ETA:    64s[>>                              ] 26/371, 5.5 task/s, elapsed: 5s, ETA:    62s[>>                              ] 27/371, 5.7 task/s, elapsed: 5s, ETA:    61s[>>                              ] 28/371, 5.8 task/s, elapsed: 5s, ETA:    59s[>>                              ] 29/371, 5.9 task/s, elapsed: 5s, ETA:    58s[>>                              ] 30/371, 6.0 task/s, elapsed: 5s, ETA:    57s[>>                              ] 31/371, 6.1 task/s, elapsed: 5s, ETA:    56s[>>                              ] 32/371, 6.2 task/s, elapsed: 5s, ETA:    55s[>>                              ] 33/371, 6.3 task/s, elapsed: 5s, ETA:    54s[>>                              ] 34/371, 6.3 task/s, elapsed: 5s, ETA:    53s[>>>                             ] 35/371, 6.4 task/s, elapsed: 5s, ETA:    52s[>>>                             ] 36/371, 6.5 task/s, elapsed: 6s, ETA:    51s[>>>                             ] 37/371, 6.6 task/s, elapsed: 6s, ETA:    51s[>>>                             ] 38/371, 6.7 task/s, elapsed: 6s, ETA:    50s[>>>                             ] 39/371, 6.7 task/s, elapsed: 6s, ETA:    49s[>>>                             ] 40/371, 6.8 task/s, elapsed: 6s, ETA:    49s[>>>                             ] 41/371, 6.9 task/s, elapsed: 6s, ETA:    48s[>>>                             ] 42/371, 7.0 task/s, elapsed: 6s, ETA:    47s[>>>                             ] 43/371, 7.0 task/s, elapsed: 6s, ETA:    47s[>>>                             ] 44/371, 7.1 task/s, elapsed: 6s, ETA:    46s[>>>                             ] 45/371, 7.2 task/s, elapsed: 6s, ETA:    46s[>>>                             ] 46/371, 7.2 task/s, elapsed: 6s, ETA:    45s[>>>>                            ] 47/371, 7.3 task/s, elapsed: 6s, ETA:    45s[>>>>                            ] 48/371, 7.3 task/s, elapsed: 7s, ETA:    44s[>>>>                            ] 49/371, 7.4 task/s, elapsed: 7s, ETA:    44s[>>>>                            ] 50/371, 7.4 task/s, elapsed: 7s, ETA:    43s[>>>>                            ] 51/371, 7.5 task/s, elapsed: 7s, ETA:    43s[>>>>                            ] 52/371, 7.6 task/s, elapsed: 7s, ETA:    42s[>>>>                            ] 53/371, 7.6 task/s, elapsed: 7s, ETA:    42s[>>>>                            ] 54/371, 7.7 task/s, elapsed: 7s, ETA:    41s[>>>>                            ] 55/371, 7.7 task/s, elapsed: 7s, ETA:    41s[>>>>                            ] 56/371, 7.8 task/s, elapsed: 7s, ETA:    41s[>>>>                            ] 57/371, 7.8 task/s, elapsed: 7s, ETA:    40s[>>>>>                           ] 58/371, 7.8 task/s, elapsed: 7s, ETA:    40s[>>>>>                           ] 59/371, 7.9 task/s, elapsed: 7s, ETA:    40s[>>>>>                           ] 60/371, 7.9 task/s, elapsed: 8s, ETA:    39s[>>>>>                           ] 61/371, 8.0 task/s, elapsed: 8s, ETA:    39s[>>>>>                           ] 62/371, 8.0 task/s, elapsed: 8s, ETA:    39s[>>>>>                           ] 63/371, 8.1 task/s, elapsed: 8s, ETA:    38s[>>>>>                           ] 64/371, 8.1 task/s, elapsed: 8s, ETA:    38s[>>>>>                           ] 65/371, 8.1 task/s, elapsed: 8s, ETA:    38s[>>>>>                           ] 66/371, 8.2 task/s, elapsed: 8s, ETA:    37s[>>>>>                           ] 67/371, 8.2 task/s, elapsed: 8s, ETA:    37s[>>>>>                           ] 68/371, 8.3 task/s, elapsed: 8s, ETA:    37s[>>>>>                           ] 69/371, 8.3 task/s, elapsed: 8s, ETA:    36s[>>>>>>                          ] 70/371, 8.3 task/s, elapsed: 8s, ETA:    36s[>>>>>>                          ] 71/371, 8.4 task/s, elapsed: 8s, ETA:    36s[>>>>>>                          ] 72/371, 8.4 task/s, elapsed: 9s, ETA:    36s[>>>>>>                          ] 73/371, 8.4 task/s, elapsed: 9s, ETA:    35s[>>>>>>                          ] 74/371, 8.5 task/s, elapsed: 9s, ETA:    35s[>>>>>>                          ] 75/371, 8.5 task/s, elapsed: 9s, ETA:    35s[>>>>>>                          ] 76/371, 8.5 task/s, elapsed: 9s, ETA:    35s[>>>>>>                          ] 77/371, 8.6 task/s, elapsed: 9s, ETA:    34s[>>>>>>                          ] 78/371, 8.6 task/s, elapsed: 9s, ETA:    34s[>>>>>>                          ] 79/371, 8.6 task/s, elapsed: 9s, ETA:    34s[>>>>>>                          ] 80/371, 8.7 task/s, elapsed: 9s, ETA:    34s[>>>>>>                          ] 81/371, 8.7 task/s, elapsed: 9s, ETA:    33s[>>>>>>>                         ] 82/371, 8.7 task/s, elapsed: 9s, ETA:    33s[>>>>>>>                         ] 83/371, 8.7 task/s, elapsed: 9s, ETA:    33s[>>>>>>>                        ] 84/371, 8.8 task/s, elapsed: 10s, ETA:    33s[>>>>>>>                        ] 85/371, 8.8 task/s, elapsed: 10s, ETA:    33s[>>>>>>>                        ] 86/371, 8.8 task/s, elapsed: 10s, ETA:    32s[>>>>>>>                        ] 87/371, 8.8 task/s, elapsed: 10s, ETA:    32s[>>>>>>>                        ] 88/371, 8.9 task/s, elapsed: 10s, ETA:    32s[>>>>>>>                        ] 89/371, 8.9 task/s, elapsed: 10s, ETA:    32s[>>>>>>>                        ] 90/371, 8.9 task/s, elapsed: 10s, ETA:    32s[>>>>>>>                        ] 91/371, 8.9 task/s, elapsed: 10s, ETA:    31s[>>>>>>>                        ] 92/371, 9.0 task/s, elapsed: 10s, ETA:    31s[>>>>>>>                        ] 93/371, 9.0 task/s, elapsed: 10s, ETA:    31s[>>>>>>>                        ] 94/371, 9.0 task/s, elapsed: 10s, ETA:    31s[>>>>>>>                        ] 95/371, 9.0 task/s, elapsed: 11s, ETA:    31s[>>>>>>>>                       ] 96/371, 9.0 task/s, elapsed: 11s, ETA:    30s[>>>>>>>>                       ] 97/371, 9.1 task/s, elapsed: 11s, ETA:    30s[>>>>>>>>                       ] 98/371, 9.1 task/s, elapsed: 11s, ETA:    30s[>>>>>>>>                       ] 99/371, 9.1 task/s, elapsed: 11s, ETA:    30s[>>>>>>>>                      ] 100/371, 9.1 task/s, elapsed: 11s, ETA:    30s[>>>>>>>>                      ] 101/371, 9.2 task/s, elapsed: 11s, ETA:    29s[>>>>>>>>                      ] 102/371, 9.2 task/s, elapsed: 11s, ETA:    29s[>>>>>>>>                      ] 103/371, 9.2 task/s, elapsed: 11s, ETA:    29s[>>>>>>>>                      ] 104/371, 9.2 task/s, elapsed: 11s, ETA:    29s[>>>>>>>>                      ] 105/371, 9.2 task/s, elapsed: 11s, ETA:    29s[>>>>>>>>                      ] 106/371, 9.3 task/s, elapsed: 11s, ETA:    29s[>>>>>>>>                      ] 107/371, 9.3 task/s, elapsed: 12s, ETA:    28s[>>>>>>>>                      ] 108/371, 9.3 task/s, elapsed: 12s, ETA:    28s[>>>>>>>>                      ] 109/371, 9.3 task/s, elapsed: 12s, ETA:    28s[>>>>>>>>                      ] 110/371, 9.3 task/s, elapsed: 12s, ETA:    28s[>>>>>>>>                      ] 111/371, 9.4 task/s, elapsed: 12s, ETA:    28s[>>>>>>>>>                     ] 112/371, 9.4 task/s, elapsed: 12s, ETA:    28s[>>>>>>>>>                     ] 113/371, 9.4 task/s, elapsed: 12s, ETA:    27s[>>>>>>>>>                     ] 114/371, 9.4 task/s, elapsed: 12s, ETA:    27s[>>>>>>>>>                     ] 115/371, 9.4 task/s, elapsed: 12s, ETA:    27s[>>>>>>>>>                     ] 116/371, 9.4 task/s, elapsed: 12s, ETA:    27s[>>>>>>>>>                     ] 117/371, 9.5 task/s, elapsed: 12s, ETA:    27s[>>>>>>>>>                     ] 118/371, 9.5 task/s, elapsed: 12s, ETA:    27s[>>>>>>>>>                     ] 119/371, 9.5 task/s, elapsed: 13s, ETA:    27s[>>>>>>>>>                     ] 120/371, 9.5 task/s, elapsed: 13s, ETA:    26s[>>>>>>>>>                     ] 121/371, 9.5 task/s, elapsed: 13s, ETA:    26s[>>>>>>>>>                     ] 122/371, 9.5 task/s, elapsed: 13s, ETA:    26s[>>>>>>>>>                     ] 123/371, 9.6 task/s, elapsed: 13s, ETA:    26s[>>>>>>>>>>                    ] 124/371, 9.6 task/s, elapsed: 13s, ETA:    26s[>>>>>>>>>>                    ] 125/371, 9.6 task/s, elapsed: 13s, ETA:    26s[>>>>>>>>>>                    ] 126/371, 9.6 task/s, elapsed: 13s, ETA:    26s[>>>>>>>>>>                    ] 127/371, 9.6 task/s, elapsed: 13s, ETA:    25s[>>>>>>>>>>                    ] 128/371, 9.6 task/s, elapsed: 13s, ETA:    25s[>>>>>>>>>>                    ] 129/371, 9.6 task/s, elapsed: 13s, ETA:    25s[>>>>>>>>>>                    ] 130/371, 9.7 task/s, elapsed: 13s, ETA:    25s[>>>>>>>>>>                    ] 131/371, 9.7 task/s, elapsed: 14s, ETA:    25s[>>>>>>>>>>                    ] 132/371, 9.7 task/s, elapsed: 14s, ETA:    25s[>>>>>>>>>>                    ] 133/371, 9.7 task/s, elapsed: 14s, ETA:    25s[>>>>>>>>>>                    ] 134/371, 9.7 task/s, elapsed: 14s, ETA:    24s[>>>>>>>>>>                    ] 135/371, 9.7 task/s, elapsed: 14s, ETA:    24s[>>>>>>>>>>                    ] 136/371, 9.7 task/s, elapsed: 14s, ETA:    24s[>>>>>>>>>>>                   ] 137/371, 9.8 task/s, elapsed: 14s, ETA:    24s[>>>>>>>>>>>                   ] 138/371, 9.8 task/s, elapsed: 14s, ETA:    24s[>>>>>>>>>>>                   ] 139/371, 9.8 task/s, elapsed: 14s, ETA:    24s[>>>>>>>>>>>                   ] 140/371, 9.8 task/s, elapsed: 14s, ETA:    24s[>>>>>>>>>>>                   ] 141/371, 9.8 task/s, elapsed: 14s, ETA:    23s[>>>>>>>>>>>                   ] 142/371, 9.8 task/s, elapsed: 14s, ETA:    23s[>>>>>>>>>>>                   ] 143/371, 9.8 task/s, elapsed: 15s, ETA:    23s[>>>>>>>>>>>                   ] 144/371, 9.8 task/s, elapsed: 15s, ETA:    23s[>>>>>>>>>>>                   ] 145/371, 9.8 task/s, elapsed: 15s, ETA:    23s[>>>>>>>>>>>                   ] 146/371, 9.9 task/s, elapsed: 15s, ETA:    23s[>>>>>>>>>>>                   ] 147/371, 9.9 task/s, elapsed: 15s, ETA:    23s[>>>>>>>>>>>                   ] 148/371, 9.9 task/s, elapsed: 15s, ETA:    23s[>>>>>>>>>>>>                  ] 149/371, 9.9 task/s, elapsed: 15s, ETA:    22s[>>>>>>>>>>>>                  ] 150/371, 9.9 task/s, elapsed: 15s, ETA:    22s[>>>>>>>>>>>>                  ] 151/371, 9.9 task/s, elapsed: 15s, ETA:    22s[>>>>>>>>>>>>                  ] 152/371, 9.9 task/s, elapsed: 15s, ETA:    22s[>>>>>>>>>>>>                  ] 153/371, 9.9 task/s, elapsed: 15s, ETA:    22s[>>>>>>>>>>>>                  ] 154/371, 9.9 task/s, elapsed: 15s, ETA:    22s[>>>>>>>>>>>>                 ] 155/371, 10.0 task/s, elapsed: 16s, ETA:    22s[>>>>>>>>>>>>                 ] 156/371, 10.0 task/s, elapsed: 16s, ETA:    22s[>>>>>>>>>>>>                 ] 157/371, 10.0 task/s, elapsed: 16s, ETA:    21s[>>>>>>>>>>>>                 ] 158/371, 10.0 task/s, elapsed: 16s, ETA:    21s[>>>>>>>>>>>>                 ] 159/371, 10.0 task/s, elapsed: 16s, ETA:    21s[>>>>>>>>>>>>                 ] 160/371, 10.0 task/s, elapsed: 16s, ETA:    21s[>>>>>>>>>>>>                 ] 161/371, 10.0 task/s, elapsed: 16s, ETA:    21s[>>>>>>>>>>>>                 ] 162/371, 10.0 task/s, elapsed: 16s, ETA:    21s[>>>>>>>>>>>>                 ] 163/371, 10.0 task/s, elapsed: 16s, ETA:    21s[>>>>>>>>>>>>                 ] 164/371, 10.0 task/s, elapsed: 16s, ETA:    21s[>>>>>>>>>>>>                 ] 165/371, 10.1 task/s, elapsed: 16s, ETA:    20s[>>>>>>>>>>>>                 ] 166/371, 10.1 task/s, elapsed: 16s, ETA:    20s[>>>>>>>>>>>>>                ] 167/371, 10.1 task/s, elapsed: 17s, ETA:    20s[>>>>>>>>>>>>>                ] 168/371, 10.1 task/s, elapsed: 17s, ETA:    20s[>>>>>>>>>>>>>                ] 169/371, 10.1 task/s, elapsed: 17s, ETA:    20s[>>>>>>>>>>>>>                ] 170/371, 10.1 task/s, elapsed: 17s, ETA:    20s[>>>>>>>>>>>>>                ] 171/371, 10.1 task/s, elapsed: 17s, ETA:    20s[>>>>>>>>>>>>>                ] 172/371, 10.1 task/s, elapsed: 17s, ETA:    20s[>>>>>>>>>>>>>                ] 173/371, 10.1 task/s, elapsed: 17s, ETA:    20s[>>>>>>>>>>>>>                ] 174/371, 10.1 task/s, elapsed: 17s, ETA:    19s[>>>>>>>>>>>>>                ] 175/371, 10.1 task/s, elapsed: 17s, ETA:    19s[>>>>>>>>>>>>>                ] 176/371, 10.2 task/s, elapsed: 17s, ETA:    19s[>>>>>>>>>>>>>                ] 177/371, 10.2 task/s, elapsed: 17s, ETA:    19s[>>>>>>>>>>>>>                ] 178/371, 10.2 task/s, elapsed: 18s, ETA:    19s[>>>>>>>>>>>>>                ] 179/371, 10.2 task/s, elapsed: 18s, ETA:    19s[>>>>>>>>>>>>>>               ] 180/371, 10.2 task/s, elapsed: 18s, ETA:    19s[>>>>>>>>>>>>>>               ] 181/371, 10.2 task/s, elapsed: 18s, ETA:    19s[>>>>>>>>>>>>>>               ] 182/371, 10.2 task/s, elapsed: 18s, ETA:    19s[>>>>>>>>>>>>>>               ] 183/371, 10.2 task/s, elapsed: 18s, ETA:    18s[>>>>>>>>>>>>>>               ] 184/371, 10.2 task/s, elapsed: 18s, ETA:    18s[>>>>>>>>>>>>>>               ] 185/371, 10.2 task/s, elapsed: 18s, ETA:    18s[>>>>>>>>>>>>>>               ] 186/371, 10.2 task/s, elapsed: 18s, ETA:    18s[>>>>>>>>>>>>>>               ] 187/371, 10.2 task/s, elapsed: 18s, ETA:    18s[>>>>>>>>>>>>>>               ] 188/371, 10.2 task/s, elapsed: 18s, ETA:    18s[>>>>>>>>>>>>>>               ] 189/371, 10.3 task/s, elapsed: 18s, ETA:    18s[>>>>>>>>>>>>>>               ] 190/371, 10.3 task/s, elapsed: 19s, ETA:    18s[>>>>>>>>>>>>>>               ] 191/371, 10.3 task/s, elapsed: 19s, ETA:    18s[>>>>>>>>>>>>>>>              ] 192/371, 10.3 task/s, elapsed: 19s, ETA:    17s[>>>>>>>>>>>>>>>              ] 193/371, 10.3 task/s, elapsed: 19s, ETA:    17s[>>>>>>>>>>>>>>>              ] 194/371, 10.3 task/s, elapsed: 19s, ETA:    17s[>>>>>>>>>>>>>>>              ] 195/371, 10.3 task/s, elapsed: 19s, ETA:    17s[>>>>>>>>>>>>>>>              ] 196/371, 10.3 task/s, elapsed: 19s, ETA:    17s[>>>>>>>>>>>>>>>              ] 197/371, 10.3 task/s, elapsed: 19s, ETA:    17s[>>>>>>>>>>>>>>>              ] 198/371, 10.3 task/s, elapsed: 19s, ETA:    17s[>>>>>>>>>>>>>>>              ] 199/371, 10.3 task/s, elapsed: 19s, ETA:    17s[>>>>>>>>>>>>>>>              ] 200/371, 10.3 task/s, elapsed: 19s, ETA:    17s[>>>>>>>>>>>>>>>              ] 201/371, 10.3 task/s, elapsed: 19s, ETA:    16s[>>>>>>>>>>>>>>>              ] 202/371, 10.3 task/s, elapsed: 20s, ETA:    16s[>>>>>>>>>>>>>>>              ] 203/371, 10.4 task/s, elapsed: 20s, ETA:    16s[>>>>>>>>>>>>>>>              ] 204/371, 10.4 task/s, elapsed: 20s, ETA:    16s[>>>>>>>>>>>>>>>>             ] 205/371, 10.4 task/s, elapsed: 20s, ETA:    16s[>>>>>>>>>>>>>>>>             ] 206/371, 10.4 task/s, elapsed: 20s, ETA:    16s[>>>>>>>>>>>>>>>>             ] 207/371, 10.4 task/s, elapsed: 20s, ETA:    16s[>>>>>>>>>>>>>>>>             ] 208/371, 10.4 task/s, elapsed: 20s, ETA:    16s[>>>>>>>>>>>>>>>>             ] 209/371, 10.4 task/s, elapsed: 20s, ETA:    16s[>>>>>>>>>>>>>>>>             ] 210/371, 10.4 task/s, elapsed: 20s, ETA:    15s[>>>>>>>>>>>>>>>>             ] 211/371, 10.4 task/s, elapsed: 20s, ETA:    15s[>>>>>>>>>>>>>>>>             ] 212/371, 10.4 task/s, elapsed: 20s, ETA:    15s[>>>>>>>>>>>>>>>>             ] 213/371, 10.4 task/s, elapsed: 20s, ETA:    15s[>>>>>>>>>>>>>>>>             ] 214/371, 10.4 task/s, elapsed: 21s, ETA:    15s[>>>>>>>>>>>>>>>>             ] 215/371, 10.4 task/s, elapsed: 21s, ETA:    15s[>>>>>>>>>>>>>>>>             ] 216/371, 10.4 task/s, elapsed: 21s, ETA:    15s[>>>>>>>>>>>>>>>>             ] 217/371, 10.4 task/s, elapsed: 21s, ETA:    15s[>>>>>>>>>>>>>>>>>            ] 218/371, 10.4 task/s, elapsed: 21s, ETA:    15s[>>>>>>>>>>>>>>>>>            ] 219/371, 10.4 task/s, elapsed: 21s, ETA:    15s[>>>>>>>>>>>>>>>>>            ] 220/371, 10.5 task/s, elapsed: 21s, ETA:    14s[>>>>>>>>>>>>>>>>>            ] 221/371, 10.5 task/s, elapsed: 21s, ETA:    14s[>>>>>>>>>>>>>>>>>            ] 222/371, 10.5 task/s, elapsed: 21s, ETA:    14s[>>>>>>>>>>>>>>>>>            ] 223/371, 10.5 task/s, elapsed: 21s, ETA:    14s[>>>>>>>>>>>>>>>>>            ] 224/371, 10.5 task/s, elapsed: 21s, ETA:    14s[>>>>>>>>>>>>>>>>>            ] 225/371, 10.5 task/s, elapsed: 21s, ETA:    14s[>>>>>>>>>>>>>>>>>            ] 226/371, 10.5 task/s, elapsed: 22s, ETA:    14s[>>>>>>>>>>>>>>>>>            ] 227/371, 10.5 task/s, elapsed: 22s, ETA:    14s[>>>>>>>>>>>>>>>>>            ] 228/371, 10.5 task/s, elapsed: 22s, ETA:    14s[>>>>>>>>>>>>>>>>>            ] 229/371, 10.5 task/s, elapsed: 22s, ETA:    14s[>>>>>>>>>>>>>>>>>            ] 230/371, 10.5 task/s, elapsed: 22s, ETA:    13s[>>>>>>>>>>>>>>>>>>           ] 231/371, 10.5 task/s, elapsed: 22s, ETA:    13s[>>>>>>>>>>>>>>>>>>           ] 232/371, 10.5 task/s, elapsed: 22s, ETA:    13s[>>>>>>>>>>>>>>>>>>           ] 233/371, 10.5 task/s, elapsed: 22s, ETA:    13s[>>>>>>>>>>>>>>>>>>           ] 234/371, 10.5 task/s, elapsed: 22s, ETA:    13s[>>>>>>>>>>>>>>>>>>           ] 235/371, 10.5 task/s, elapsed: 22s, ETA:    13s[>>>>>>>>>>>>>>>>>>           ] 236/371, 10.5 task/s, elapsed: 22s, ETA:    13s[>>>>>>>>>>>>>>>>>>           ] 237/371, 10.5 task/s, elapsed: 22s, ETA:    13s[>>>>>>>>>>>>>>>>>>           ] 238/371, 10.6 task/s, elapsed: 23s, ETA:    13s[>>>>>>>>>>>>>>>>>>           ] 239/371, 10.6 task/s, elapsed: 23s, ETA:    13s[>>>>>>>>>>>>>>>>>>           ] 240/371, 10.6 task/s, elapsed: 23s, ETA:    12s[>>>>>>>>>>>>>>>>>>           ] 241/371, 10.6 task/s, elapsed: 23s, ETA:    12s[>>>>>>>>>>>>>>>>>>           ] 242/371, 10.6 task/s, elapsed: 23s, ETA:    12s[>>>>>>>>>>>>>>>>>>           ] 243/371, 10.6 task/s, elapsed: 23s, ETA:    12s[>>>>>>>>>>>>>>>>>>>          ] 244/371, 10.6 task/s, elapsed: 23s, ETA:    12s[>>>>>>>>>>>>>>>>>>>          ] 245/371, 10.6 task/s, elapsed: 23s, ETA:    12s[>>>>>>>>>>>>>>>>>>>          ] 246/371, 10.6 task/s, elapsed: 23s, ETA:    12s[>>>>>>>>>>>>>>>>>>>          ] 247/371, 10.6 task/s, elapsed: 23s, ETA:    12s[>>>>>>>>>>>>>>>>>>>          ] 248/371, 10.6 task/s, elapsed: 23s, ETA:    12s[>>>>>>>>>>>>>>>>>>>          ] 249/371, 10.6 task/s, elapsed: 23s, ETA:    12s[>>>>>>>>>>>>>>>>>>>          ] 250/371, 10.6 task/s, elapsed: 24s, ETA:    11s[>>>>>>>>>>>>>>>>>>>          ] 251/371, 10.6 task/s, elapsed: 24s, ETA:    11s[>>>>>>>>>>>>>>>>>>>          ] 252/371, 10.6 task/s, elapsed: 24s, ETA:    11s[>>>>>>>>>>>>>>>>>>>          ] 253/371, 10.6 task/s, elapsed: 24s, ETA:    11s[>>>>>>>>>>>>>>>>>>>          ] 254/371, 10.6 task/s, elapsed: 24s, ETA:    11s[>>>>>>>>>>>>>>>>>>>          ] 255/371, 10.6 task/s, elapsed: 24s, ETA:    11s[>>>>>>>>>>>>>>>>>>>>         ] 256/371, 10.6 task/s, elapsed: 24s, ETA:    11s[>>>>>>>>>>>>>>>>>>>>         ] 257/371, 10.6 task/s, elapsed: 24s, ETA:    11s[>>>>>>>>>>>>>>>>>>>>         ] 258/371, 10.6 task/s, elapsed: 24s, ETA:    11s[>>>>>>>>>>>>>>>>>>>>         ] 259/371, 10.6 task/s, elapsed: 24s, ETA:    11s[>>>>>>>>>>>>>>>>>>>>         ] 260/371, 10.7 task/s, elapsed: 24s, ETA:    10s[>>>>>>>>>>>>>>>>>>>>         ] 261/371, 10.7 task/s, elapsed: 24s, ETA:    10s[>>>>>>>>>>>>>>>>>>>>         ] 262/371, 10.7 task/s, elapsed: 25s, ETA:    10s[>>>>>>>>>>>>>>>>>>>>         ] 263/371, 10.7 task/s, elapsed: 25s, ETA:    10s[>>>>>>>>>>>>>>>>>>>>         ] 264/371, 10.7 task/s, elapsed: 25s, ETA:    10s[>>>>>>>>>>>>>>>>>>>>         ] 265/371, 10.7 task/s, elapsed: 25s, ETA:    10s[>>>>>>>>>>>>>>>>>>>>         ] 266/371, 10.7 task/s, elapsed: 25s, ETA:    10s[>>>>>>>>>>>>>>>>>>>>         ] 267/371, 10.7 task/s, elapsed: 25s, ETA:    10s[>>>>>>>>>>>>>>>>>>>>         ] 268/371, 10.7 task/s, elapsed: 25s, ETA:    10s[>>>>>>>>>>>>>>>>>>>>>        ] 269/371, 10.7 task/s, elapsed: 25s, ETA:    10s[>>>>>>>>>>>>>>>>>>>>>        ] 270/371, 10.7 task/s, elapsed: 25s, ETA:     9s[>>>>>>>>>>>>>>>>>>>>>        ] 271/371, 10.7 task/s, elapsed: 25s, ETA:     9s[>>>>>>>>>>>>>>>>>>>>>        ] 272/371, 10.7 task/s, elapsed: 25s, ETA:     9s[>>>>>>>>>>>>>>>>>>>>>        ] 273/371, 10.7 task/s, elapsed: 25s, ETA:     9s[>>>>>>>>>>>>>>>>>>>>>        ] 274/371, 10.7 task/s, elapsed: 26s, ETA:     9s[>>>>>>>>>>>>>>>>>>>>>        ] 275/371, 10.7 task/s, elapsed: 26s, ETA:     9s[>>>>>>>>>>>>>>>>>>>>>        ] 276/371, 10.7 task/s, elapsed: 26s, ETA:     9s[>>>>>>>>>>>>>>>>>>>>>        ] 277/371, 10.7 task/s, elapsed: 26s, ETA:     9s[>>>>>>>>>>>>>>>>>>>>>        ] 278/371, 10.7 task/s, elapsed: 26s, ETA:     9s[>>>>>>>>>>>>>>>>>>>>>        ] 279/371, 10.7 task/s, elapsed: 26s, ETA:     9s[>>>>>>>>>>>>>>>>>>>>>        ] 280/371, 10.7 task/s, elapsed: 26s, ETA:     8s[>>>>>>>>>>>>>>>>>>>>>        ] 281/371, 10.7 task/s, elapsed: 26s, ETA:     8s[>>>>>>>>>>>>>>>>>>>>>>       ] 282/371, 10.7 task/s, elapsed: 26s, ETA:     8s[>>>>>>>>>>>>>>>>>>>>>>       ] 283/371, 10.7 task/s, elapsed: 26s, ETA:     8s[>>>>>>>>>>>>>>>>>>>>>>       ] 284/371, 10.7 task/s, elapsed: 26s, ETA:     8s[>>>>>>>>>>>>>>>>>>>>>>       ] 285/371, 10.8 task/s, elapsed: 27s, ETA:     8s[>>>>>>>>>>>>>>>>>>>>>>       ] 286/371, 10.8 task/s, elapsed: 27s, ETA:     8s[>>>>>>>>>>>>>>>>>>>>>>       ] 287/371, 10.8 task/s, elapsed: 27s, ETA:     8s[>>>>>>>>>>>>>>>>>>>>>>       ] 288/371, 10.8 task/s, elapsed: 27s, ETA:     8s[>>>>>>>>>>>>>>>>>>>>>>       ] 289/371, 10.8 task/s, elapsed: 27s, ETA:     8s[>>>>>>>>>>>>>>>>>>>>>>       ] 290/371, 10.8 task/s, elapsed: 27s, ETA:     8s[>>>>>>>>>>>>>>>>>>>>>>       ] 291/371, 10.8 task/s, elapsed: 27s, ETA:     7s[>>>>>>>>>>>>>>>>>>>>>>       ] 292/371, 10.8 task/s, elapsed: 27s, ETA:     7s[>>>>>>>>>>>>>>>>>>>>>>       ] 293/371, 10.8 task/s, elapsed: 27s, ETA:     7s[>>>>>>>>>>>>>>>>>>>>>>       ] 294/371, 10.8 task/s, elapsed: 27s, ETA:     7s[>>>>>>>>>>>>>>>>>>>>>>>      ] 295/371, 10.8 task/s, elapsed: 27s, ETA:     7s[>>>>>>>>>>>>>>>>>>>>>>>      ] 296/371, 10.8 task/s, elapsed: 27s, ETA:     7s[>>>>>>>>>>>>>>>>>>>>>>>      ] 297/371, 10.8 task/s, elapsed: 28s, ETA:     7s[>>>>>>>>>>>>>>>>>>>>>>>      ] 298/371, 10.8 task/s, elapsed: 28s, ETA:     7s[>>>>>>>>>>>>>>>>>>>>>>>      ] 299/371, 10.8 task/s, elapsed: 28s, ETA:     7s[>>>>>>>>>>>>>>>>>>>>>>>      ] 300/371, 10.8 task/s, elapsed: 28s, ETA:     7s[>>>>>>>>>>>>>>>>>>>>>>>      ] 301/371, 10.8 task/s, elapsed: 28s, ETA:     6s[>>>>>>>>>>>>>>>>>>>>>>>      ] 302/371, 10.8 task/s, elapsed: 28s, ETA:     6s[>>>>>>>>>>>>>>>>>>>>>>>      ] 303/371, 10.8 task/s, elapsed: 28s, ETA:     6s[>>>>>>>>>>>>>>>>>>>>>>>      ] 304/371, 10.8 task/s, elapsed: 28s, ETA:     6s[>>>>>>>>>>>>>>>>>>>>>>>      ] 305/371, 10.8 task/s, elapsed: 28s, ETA:     6s[>>>>>>>>>>>>>>>>>>>>>>>      ] 306/371, 10.8 task/s, elapsed: 28s, ETA:     6s[>>>>>>>>>>>>>>>>>>>>>>>      ] 307/371, 10.8 task/s, elapsed: 28s, ETA:     6s[>>>>>>>>>>>>>>>>>>>>>>>>     ] 308/371, 10.8 task/s, elapsed: 28s, ETA:     6s[>>>>>>>>>>>>>>>>>>>>>>>>     ] 309/371, 10.8 task/s, elapsed: 29s, ETA:     6s[>>>>>>>>>>>>>>>>>>>>>>>>     ] 310/371, 10.8 task/s, elapsed: 29s, ETA:     6s[>>>>>>>>>>>>>>>>>>>>>>>>     ] 311/371, 10.8 task/s, elapsed: 29s, ETA:     6s[>>>>>>>>>>>>>>>>>>>>>>>>     ] 312/371, 10.8 task/s, elapsed: 29s, ETA:     5s[>>>>>>>>>>>>>>>>>>>>>>>>     ] 313/371, 10.8 task/s, elapsed: 29s, ETA:     5s[>>>>>>>>>>>>>>>>>>>>>>>>     ] 314/371, 10.9 task/s, elapsed: 29s, ETA:     5s[>>>>>>>>>>>>>>>>>>>>>>>>     ] 315/371, 10.9 task/s, elapsed: 29s, ETA:     5s[>>>>>>>>>>>>>>>>>>>>>>>>     ] 316/371, 10.9 task/s, elapsed: 29s, ETA:     5s[>>>>>>>>>>>>>>>>>>>>>>>>     ] 317/371, 10.9 task/s, elapsed: 29s, ETA:     5s[>>>>>>>>>>>>>>>>>>>>>>>>     ] 318/371, 10.9 task/s, elapsed: 29s, ETA:     5s[>>>>>>>>>>>>>>>>>>>>>>>>     ] 319/371, 10.9 task/s, elapsed: 29s, ETA:     5s[>>>>>>>>>>>>>>>>>>>>>>>>>    ] 320/371, 10.9 task/s, elapsed: 29s, ETA:     5s[>>>>>>>>>>>>>>>>>>>>>>>>>    ] 321/371, 10.9 task/s, elapsed: 30s, ETA:     5s[>>>>>>>>>>>>>>>>>>>>>>>>>    ] 322/371, 10.9 task/s, elapsed: 30s, ETA:     5s[>>>>>>>>>>>>>>>>>>>>>>>>>    ] 323/371, 10.9 task/s, elapsed: 30s, ETA:     4s[>>>>>>>>>>>>>>>>>>>>>>>>>    ] 324/371, 10.9 task/s, elapsed: 30s, ETA:     4s[>>>>>>>>>>>>>>>>>>>>>>>>>    ] 325/371, 10.9 task/s, elapsed: 30s, ETA:     4s[>>>>>>>>>>>>>>>>>>>>>>>>>    ] 326/371, 10.9 task/s, elapsed: 30s, ETA:     4s[>>>>>>>>>>>>>>>>>>>>>>>>>    ] 327/371, 10.9 task/s, elapsed: 30s, ETA:     4s[>>>>>>>>>>>>>>>>>>>>>>>>>    ] 328/371, 10.9 task/s, elapsed: 30s, ETA:     4s[>>>>>>>>>>>>>>>>>>>>>>>>>    ] 329/371, 10.9 task/s, elapsed: 30s, ETA:     4s[>>>>>>>>>>>>>>>>>>>>>>>>>    ] 330/371, 10.9 task/s, elapsed: 30s, ETA:     4s[>>>>>>>>>>>>>>>>>>>>>>>>>    ] 331/371, 10.9 task/s, elapsed: 30s, ETA:     4s[>>>>>>>>>>>>>>>>>>>>>>>>>    ] 332/371, 10.9 task/s, elapsed: 30s, ETA:     4s[>>>>>>>>>>>>>>>>>>>>>>>>>>   ] 333/371, 10.9 task/s, elapsed: 31s, ETA:     3s[>>>>>>>>>>>>>>>>>>>>>>>>>>   ] 334/371, 10.9 task/s, elapsed: 31s, ETA:     3s[>>>>>>>>>>>>>>>>>>>>>>>>>>   ] 335/371, 10.9 task/s, elapsed: 31s, ETA:     3s[>>>>>>>>>>>>>>>>>>>>>>>>>>   ] 336/371, 10.9 task/s, elapsed: 31s, ETA:     3s[>>>>>>>>>>>>>>>>>>>>>>>>>>   ] 337/371, 10.9 task/s, elapsed: 31s, ETA:     3s[>>>>>>>>>>>>>>>>>>>>>>>>>>   ] 338/371, 10.9 task/s, elapsed: 31s, ETA:     3s[>>>>>>>>>>>>>>>>>>>>>>>>>>   ] 339/371, 10.9 task/s, elapsed: 31s, ETA:     3s[>>>>>>>>>>>>>>>>>>>>>>>>>>   ] 340/371, 10.9 task/s, elapsed: 31s, ETA:     3s[>>>>>>>>>>>>>>>>>>>>>>>>>>   ] 341/371, 10.9 task/s, elapsed: 31s, ETA:     3s[>>>>>>>>>>>>>>>>>>>>>>>>>>   ] 342/371, 10.9 task/s, elapsed: 31s, ETA:     3s[>>>>>>>>>>>>>>>>>>>>>>>>>>   ] 343/371, 10.9 task/s, elapsed: 31s, ETA:     3s[>>>>>>>>>>>>>>>>>>>>>>>>>>   ] 344/371, 10.9 task/s, elapsed: 31s, ETA:     2s[>>>>>>>>>>>>>>>>>>>>>>>>>>   ] 345/371, 10.9 task/s, elapsed: 32s, ETA:     2s[>>>>>>>>>>>>>>>>>>>>>>>>>>>  ] 346/371, 10.9 task/s, elapsed: 32s, ETA:     2s[>>>>>>>>>>>>>>>>>>>>>>>>>>>  ] 347/371, 10.9 task/s, elapsed: 32s, ETA:     2s[>>>>>>>>>>>>>>>>>>>>>>>>>>>  ] 348/371, 10.9 task/s, elapsed: 32s, ETA:     2s[>>>>>>>>>>>>>>>>>>>>>>>>>>>  ] 349/371, 10.9 task/s, elapsed: 32s, ETA:     2s[>>>>>>>>>>>>>>>>>>>>>>>>>>>  ] 350/371, 10.9 task/s, elapsed: 32s, ETA:     2s[>>>>>>>>>>>>>>>>>>>>>>>>>>>  ] 351/371, 11.0 task/s, elapsed: 32s, ETA:     2s[>>>>>>>>>>>>>>>>>>>>>>>>>>>  ] 352/371, 11.0 task/s, elapsed: 32s, ETA:     2s[>>>>>>>>>>>>>>>>>>>>>>>>>>>  ] 353/371, 11.0 task/s, elapsed: 32s, ETA:     2s[>>>>>>>>>>>>>>>>>>>>>>>>>>>  ] 354/371, 11.0 task/s, elapsed: 32s, ETA:     2s[>>>>>>>>>>>>>>>>>>>>>>>>>>>  ] 355/371, 11.0 task/s, elapsed: 32s, ETA:     1s[>>>>>>>>>>>>>>>>>>>>>>>>>>>  ] 356/371, 11.0 task/s, elapsed: 32s, ETA:     1s[>>>>>>>>>>>>>>>>>>>>>>>>>>>  ] 357/371, 11.0 task/s, elapsed: 33s, ETA:     1s[>>>>>>>>>>>>>>>>>>>>>>>>>>>  ] 358/371, 11.0 task/s, elapsed: 33s, ETA:     1s[>>>>>>>>>>>>>>>>>>>>>>>>>>>> ] 359/371, 11.0 task/s, elapsed: 33s, ETA:     1s[>>>>>>>>>>>>>>>>>>>>>>>>>>>> ] 360/371, 11.0 task/s, elapsed: 33s, ETA:     1s[>>>>>>>>>>>>>>>>>>>>>>>>>>>> ] 361/371, 11.0 task/s, elapsed: 33s, ETA:     1s[>>>>>>>>>>>>>>>>>>>>>>>>>>>> ] 362/371, 11.0 task/s, elapsed: 33s, ETA:     1s[>>>>>>>>>>>>>>>>>>>>>>>>>>>> ] 363/371, 11.0 task/s, elapsed: 33s, ETA:     1s[>>>>>>>>>>>>>>>>>>>>>>>>>>>> ] 364/371, 11.0 task/s, elapsed: 33s, ETA:     1s[>>>>>>>>>>>>>>>>>>>>>>>>>>>> ] 365/371, 11.0 task/s, elapsed: 33s, ETA:     1s[>>>>>>>>>>>>>>>>>>>>>>>>>>>> ] 366/371, 11.0 task/s, elapsed: 33s, ETA:     0s[>>>>>>>>>>>>>>>>>>>>>>>>>>>> ] 367/371, 11.0 task/s, elapsed: 33s, ETA:     0s[>>>>>>>>>>>>>>>>>>>>>>>>>>>> ] 368/371, 11.0 task/s, elapsed: 33s, ETA:     0s[>>>>>>>>>>>>>>>>>>>>>>>>>>>> ] 369/371, 11.0 task/s, elapsed: 34s, ETA:     0s[>>>>>>>>>>>>>>>>>>>>>>>>>>>> ] 370/371, 11.0 task/s, elapsed: 34s, ETA:     0s[>>>>>>>>>>>>>>>>>>>>>>>>>>>>>] 371/371, 11.0 task/s, elapsed: 34s, ETA:     0s

2026-05-12 04:19:45,900 - mmdet - INFO - Evaluating bbox...
Loading and preparing results...
DONE (t=0.01s)
creating index...
index created!
Running per image evaluation...
Evaluate annotation type *bbox*
DONE (t=3.00s).
Accumulating evaluation results...
DONE (t=0.21s).
2026-05-12 04:19:49,247 - mmdet - INFO - 
 Average Precision  (AP) @[ IoU=0.50:0.95 | area=   all | maxDets=100 ] = 0.212
 Average Precision  (AP) @[ IoU=0.50      | area=   all | maxDets=1000 ] = 0.574
 Average Precision  (AP) @[ IoU=0.75      | area=   all | maxDets=1000 ] = 0.099
 Average Precision  (AP) @[ IoU=0.50:0.95 | area= small | maxDets=1000 ] = 0.001
 Average Precision  (AP) @[ IoU=0.50:0.95 | area=medium | maxDets=1000 ] = 0.169
 Average Precision  (AP) @[ IoU=0.50:0.95 | area= large | maxDets=1000 ] = 0.274
 Average Recall     (AR) @[ IoU=0.50:0.95 | area=   all | maxDets=100 ] = 0.357
 Average Recall     (AR) @[ IoU=0.50:0.95 | area=   all | maxDets=300 ] = 0.357
 Average Recall     (AR) @[ IoU=0.50:0.95 | area=   all | maxDets=1000 ] = 0.357
 Average Recall     (AR) @[ IoU=0.50:0.95 | area= small | maxDets=1000 ] = 0.038
 Average Recall     (AR) @[ IoU=0.50:0.95 | area=medium | maxDets=1000 ] = 0.314
 Average Recall     (AR) @[ IoU=0.50:0.95 | area= large | maxDets=1000 ] = 0.421

2026-05-12 04:19:49,289 - mmdet - INFO - The previous best checkpoint /home/ahmadreza/Downloads/Research/M2SODAI/baseline_official/runs_r50_hbb/r50_hbb_fold_1_20260512/best_bbox_mAP_epoch_20.pth was removed
2026-05-12 04:19:50,801 - mmdet - INFO - Now best checkpoint is saved as best_bbox_mAP_epoch_30.pth.
2026-05-12 04:19:50,801 - mmdet - INFO - Best bbox_mAP is 0.2120 at 30 epoch.
2026-05-12 04:19:50,802 - mmdet - INFO - Exp name: fold_1_r50_300e_hbb.py
2026-05-12 04:19:50,802 - mmdet - INFO - Epoch(val) [30][371]	bbox_mAP: 0.2120, bbox_mAP_50: 0.5740, bbox_mAP_75: 0.0990, bbox_mAP_s: 0.0010, bbox_mAP_m: 0.1690, bbox_mAP_l: 0.2740, bbox_mAP_copypaste: 0.212 0.574 0.099 0.001 0.169 0.274
2026-05-12 04:20:20,325 - mmdet - INFO - Epoch [31][50/186]	lr: 1.951e-02, eta: 6:08:53, time: 0.588, data_time: 0.083, memory: 6155, loss_rpn_cls: 0.0286, loss_rpn_bbox: 0.0045, loss_cls: 0.1526, acc: 93.8506, loss_bbox: 0.1128, loss: 0.2985, grad_norm: 1.5965
2026-05-12 04:20:46,174 - mmdet - INFO - Epoch [31][100/186]	lr: 1.951e-02, eta: 6:09:05, time: 0.519, data_time: 0.015, memory: 6155, loss_rpn_cls: 0.0405, loss_rpn_bbox: 0.0050, loss_cls: 0.1579, acc: 93.8506, loss_bbox: 0.1147, loss: 0.3181, grad_norm: 1.6377
2026-05-12 04:21:12,096 - mmdet - INFO - Epoch [31][150/186]	lr: 1.951e-02, eta: 6:09:15, time: 0.517, data_time: 0.013, memory: 6155, loss_rpn_cls: 0.0369, loss_rpn_bbox: 0.0054, loss_cls: 0.1602, acc: 93.6660, loss_bbox: 0.1141, loss: 0.3166, grad_norm: 1.6055
2026-05-12 04:22:01,028 - mmdet - INFO - Epoch [32][50/186]	lr: 1.948e-02, eta: 6:07:30, time: 0.605, data_time: 0.083, memory: 6155, loss_rpn_cls: 0.0323, loss_rpn_bbox: 0.0056, loss_cls: 0.1529, acc: 93.9316, loss_bbox: 0.1142, loss: 0.3050, grad_norm: 1.3936
2026-05-12 04:22:34,837 - mmdet - INFO - Epoch [32][100/186]	lr: 1.948e-02, eta: 6:08:47, time: 0.674, data_time: 0.013, memory: 6155, loss_rpn_cls: 0.0348, loss_rpn_bbox: 0.0046, loss_cls: 0.1425, acc: 94.2861, loss_bbox: 0.1061, loss: 0.2880, grad_norm: 1.4589
2026-05-12 04:23:00,919 - mmdet - INFO - Epoch [32][150/186]	lr: 1.948e-02, eta: 6:08:59, time: 0.524, data_time: 0.015, memory: 6155, loss_rpn_cls: 0.0384, loss_rpn_bbox: 0.0061, loss_cls: 0.1576, acc: 93.6592, loss_bbox: 0.1155, loss: 0.3176, grad_norm: 1.5392
2026-05-12 04:23:49,292 - mmdet - INFO - Epoch [33][50/186]	lr: 1.944e-02, eta: 6:07:09, time: 0.591, data_time: 0.084, memory: 6155, loss_rpn_cls: 0.0337, loss_rpn_bbox: 0.0050, loss_cls: 0.1512, acc: 93.9023, loss_bbox: 0.1144, loss: 0.3043, grad_norm: 1.5945
2026-05-12 04:24:15,183 - mmdet - INFO - Epoch [33][100/186]	lr: 1.944e-02, eta: 6:07:19, time: 0.520, data_time: 0.015, memory: 6155, loss_rpn_cls: 0.0354, loss_rpn_bbox: 0.0048, loss_cls: 0.1514, acc: 93.8486, loss_bbox: 0.1068, loss: 0.2985, grad_norm: 1.5637
2026-05-12 04:24:41,183 - mmdet - INFO - Epoch [33][150/186]	lr: 1.944e-02, eta: 6:07:27, time: 0.518, data_time: 0.013, memory: 6155, loss_rpn_cls: 0.0342, loss_rpn_bbox: 0.0052, loss_cls: 0.1656, acc: 93.3379, loss_bbox: 0.1218, loss: 0.3268, grad_norm: 1.6173
2026-05-12 04:25:29,465 - mmdet - INFO - Epoch [34][50/186]	lr: 1.941e-02, eta: 6:05:40, time: 0.590, data_time: 0.084, memory: 6155, loss_rpn_cls: 0.0307, loss_rpn_bbox: 0.0046, loss_cls: 0.1609, acc: 93.6445, loss_bbox: 0.1157, loss: 0.3119, grad_norm: 1.6478
2026-05-12 04:25:55,301 - mmdet - INFO - Epoch [34][100/186]	lr: 1.941e-02, eta: 6:05:47, time: 0.515, data_time: 0.013, memory: 6155, loss_rpn_cls: 0.0364, loss_rpn_bbox: 0.0053, loss_cls: 0.1554, acc: 93.8018, loss_bbox: 0.1071, loss: 0.3041, grad_norm: 1.5799
2026-05-12 04:26:21,251 - mmdet - INFO - Epoch [34][150/186]	lr: 1.941e-02, eta: 6:05:55, time: 0.521, data_time: 0.015, memory: 6155, loss_rpn_cls: 0.0314, loss_rpn_bbox: 0.0046, loss_cls: 0.1501, acc: 93.9492, loss_bbox: 0.0995, loss: 0.2856, grad_norm: 1.6350
2026-05-12 04:27:09,792 - mmdet - INFO - Epoch [35][50/186]	lr: 1.937e-02, eta: 6:04:11, time: 0.593, data_time: 0.084, memory: 6155, loss_rpn_cls: 0.0273, loss_rpn_bbox: 0.0050, loss_cls: 0.1440, acc: 94.2607, loss_bbox: 0.1205, loss: 0.2968, grad_norm: 1.6025
2026-05-12 04:27:35,721 - mmdet - INFO - Epoch [35][100/186]	lr: 1.937e-02, eta: 6:04:19, time: 0.520, data_time: 0.015, memory: 6155, loss_rpn_cls: 0.0299, loss_rpn_bbox: 0.0045, loss_cls: 0.1480, acc: 93.9961, loss_bbox: 0.1121, loss: 0.2946, grad_norm: 1.5309
2026-05-12 04:28:01,693 - mmdet - INFO - Epoch [35][150/186]	lr: 1.937e-02, eta: 6:04:25, time: 0.517, data_time: 0.013, memory: 6155, loss_rpn_cls: 0.0288, loss_rpn_bbox: 0.0045, loss_cls: 0.1600, acc: 93.6484, loss_bbox: 0.1103, loss: 0.3036, grad_norm: 1.5466
2026-05-12 04:28:50,000 - mmdet - INFO - Epoch [36][50/186]	lr: 1.934e-02, eta: 6:02:44, time: 0.593, data_time: 0.083, memory: 6155, loss_rpn_cls: 0.0259, loss_rpn_bbox: 0.0053, loss_cls: 0.1518, acc: 93.8408, loss_bbox: 0.1179, loss: 0.3009, grad_norm: 1.6320
2026-05-12 04:29:15,844 - mmdet - INFO - Epoch [36][100/186]	lr: 1.934e-02, eta: 6:02:49, time: 0.515, data_time: 0.013, memory: 6155, loss_rpn_cls: 0.0339, loss_rpn_bbox: 0.0044, loss_cls: 0.1507, acc: 94.1201, loss_bbox: 0.1052, loss: 0.2942, grad_norm: 1.6154
2026-05-12 04:29:41,853 - mmdet - INFO - Epoch [36][150/186]	lr: 1.934e-02, eta: 6:02:56, time: 0.522, data_time: 0.015, memory: 6155, loss_rpn_cls: 0.0282, loss_rpn_bbox: 0.0046, loss_cls: 0.1385, acc: 94.4658, loss_bbox: 0.0963, loss: 0.2675, grad_norm: 1.5717
2026-05-12 04:30:30,250 - mmdet - INFO - Epoch [37][50/186]	lr: 1.930e-02, eta: 6:01:15, time: 0.589, data_time: 0.084, memory: 6155, loss_rpn_cls: 0.0300, loss_rpn_bbox: 0.0051, loss_cls: 0.1410, acc: 94.4229, loss_bbox: 0.1075, loss: 0.2836, grad_norm: 1.4966
2026-05-12 04:30:56,121 - mmdet - INFO - Epoch [37][100/186]	lr: 1.930e-02, eta: 6:01:21, time: 0.519, data_time: 0.015, memory: 6155, loss_rpn_cls: 0.0317, loss_rpn_bbox: 0.0044, loss_cls: 0.1433, acc: 94.2334, loss_bbox: 0.1040, loss: 0.2835, grad_norm: 1.5096
2026-05-12 04:31:22,058 - mmdet - INFO - Epoch [37][150/186]	lr: 1.930e-02, eta: 6:01:25, time: 0.517, data_time: 0.013, memory: 6155, loss_rpn_cls: 0.0316, loss_rpn_bbox: 0.0049, loss_cls: 0.1453, acc: 94.1768, loss_bbox: 0.1070, loss: 0.2889, grad_norm: 1.4852
2026-05-12 04:32:10,333 - mmdet - INFO - Epoch [38][50/186]	lr: 1.926e-02, eta: 5:59:47, time: 0.591, data_time: 0.083, memory: 6155, loss_rpn_cls: 0.0303, loss_rpn_bbox: 0.0047, loss_cls: 0.1374, acc: 94.7041, loss_bbox: 0.1024, loss: 0.2748, grad_norm: 1.3668
2026-05-12 04:32:36,234 - mmdet - INFO - Epoch [38][100/186]	lr: 1.926e-02, eta: 5:59:51, time: 0.516, data_time: 0.013, memory: 6155, loss_rpn_cls: 0.0240, loss_rpn_bbox: 0.0047, loss_cls: 0.1361, acc: 94.5137, loss_bbox: 0.1076, loss: 0.2723, grad_norm: 1.4356
2026-05-12 04:33:02,216 - mmdet - INFO - Epoch [38][150/186]	lr: 1.926e-02, eta: 5:59:56, time: 0.522, data_time: 0.015, memory: 6155, loss_rpn_cls: 0.0262, loss_rpn_bbox: 0.0047, loss_cls: 0.1549, acc: 93.8584, loss_bbox: 0.1102, loss: 0.2960, grad_norm: 1.5533
2026-05-12 04:33:50,573 - mmdet - INFO - Epoch [39][50/186]	lr: 1.922e-02, eta: 5:58:19, time: 0.589, data_time: 0.083, memory: 6155, loss_rpn_cls: 0.0275, loss_rpn_bbox: 0.0045, loss_cls: 0.1359, acc: 94.6035, loss_bbox: 0.1074, loss: 0.2753, grad_norm: 1.5178
2026-05-12 04:34:16,477 - mmdet - INFO - Epoch [39][100/186]	lr: 1.922e-02, eta: 5:58:23, time: 0.520, data_time: 0.015, memory: 6155, loss_rpn_cls: 0.0233, loss_rpn_bbox: 0.0042, loss_cls: 0.1308, acc: 94.8848, loss_bbox: 0.0955, loss: 0.2538, grad_norm: 1.4132
2026-05-12 04:34:42,436 - mmdet - INFO - Epoch [39][150/186]	lr: 1.922e-02, eta: 5:58:27, time: 0.517, data_time: 0.013, memory: 6155, loss_rpn_cls: 0.0306, loss_rpn_bbox: 0.0049, loss_cls: 0.1396, acc: 94.4912, loss_bbox: 0.1020, loss: 0.2772, grad_norm: 1.4398
2026-05-12 04:35:30,768 - mmdet - INFO - Epoch [40][50/186]	lr: 1.918e-02, eta: 5:56:53, time: 0.593, data_time: 0.084, memory: 6155, loss_rpn_cls: 0.0303, loss_rpn_bbox: 0.0045, loss_cls: 0.1463, acc: 94.2402, loss_bbox: 0.1077, loss: 0.2888, grad_norm: 1.5528
2026-05-12 04:35:56,629 - mmdet - INFO - Epoch [40][100/186]	lr: 1.918e-02, eta: 5:56:55, time: 0.515, data_time: 0.013, memory: 6155, loss_rpn_cls: 0.0271, loss_rpn_bbox: 0.0042, loss_cls: 0.1266, acc: 95.0752, loss_bbox: 0.0932, loss: 0.2511, grad_norm: 1.4750
2026-05-12 04:36:22,624 - mmdet - INFO - Epoch [40][150/186]	lr: 1.918e-02, eta: 5:56:59, time: 0.522, data_time: 0.015, memory: 6155, loss_rpn_cls: 0.0311, loss_rpn_bbox: 0.0055, loss_cls: 0.1431, acc: 94.4082, loss_bbox: 0.1008, loss: 0.2806, grad_norm: 1.4722
2026-05-12 04:36:41,354 - mmdet - INFO - Saving checkpoint at 40 epochs
[                                                  ] 0/371, elapsed: 0s, ETA:[                                 ] 1/371, 0.4 task/s, elapsed: 3s, ETA:   955s[                                 ] 2/371, 0.7 task/s, elapsed: 3s, ETA:   493s[                                 ] 3/371, 1.1 task/s, elapsed: 3s, ETA:   338s[                                 ] 4/371, 1.4 task/s, elapsed: 3s, ETA:   261s[                                 ] 5/371, 1.7 task/s, elapsed: 3s, ETA:   214s[                                 ] 6/371, 2.0 task/s, elapsed: 3s, ETA:   183s[                                 ] 7/371, 2.3 task/s, elapsed: 3s, ETA:   161s[                                 ] 8/371, 2.5 task/s, elapsed: 3s, ETA:   144s[                                 ] 9/371, 2.8 task/s, elapsed: 3s, ETA:   131s[                                ] 10/371, 3.0 task/s, elapsed: 3s, ETA:   121s[                                ] 11/371, 3.2 task/s, elapsed: 3s, ETA:   112s[>                               ] 12/371, 3.4 task/s, elapsed: 4s, ETA:   105s[>                               ] 13/371, 3.6 task/s, elapsed: 4s, ETA:    99s[>                               ] 14/371, 3.8 task/s, elapsed: 4s, ETA:    94s[>                               ] 15/371, 4.0 task/s, elapsed: 4s, ETA:    89s[>                               ] 16/371, 4.2 task/s, elapsed: 4s, ETA:    85s[>                               ] 17/371, 4.3 task/s, elapsed: 4s, ETA:    82s[>                               ] 18/371, 4.5 task/s, elapsed: 4s, ETA:    79s[>                               ] 19/371, 4.6 task/s, elapsed: 4s, ETA:    76s[>                               ] 20/371, 4.8 task/s, elapsed: 4s, ETA:    73s[>                               ] 21/371, 4.9 task/s, elapsed: 4s, ETA:    71s[>                               ] 22/371, 5.1 task/s, elapsed: 4s, ETA:    69s[>                               ] 23/371, 5.2 task/s, elapsed: 4s, ETA:    67s[>>                              ] 24/371, 5.3 task/s, elapsed: 5s, ETA:    65s[>>                              ] 25/371, 5.4 task/s, elapsed: 5s, ETA:    64s[>>                              ] 26/371, 5.6 task/s, elapsed: 5s, ETA:    62s[>>                              ] 27/371, 5.7 task/s, elapsed: 5s, ETA:    61s[>>                              ] 28/371, 5.8 task/s, elapsed: 5s, ETA:    59s[>>                              ] 29/371, 5.9 task/s, elapsed: 5s, ETA:    58s[>>                              ] 30/371, 6.0 task/s, elapsed: 5s, ETA:    57s[>>                              ] 31/371, 6.1 task/s, elapsed: 5s, ETA:    56s[>>                              ] 32/371, 6.2 task/s, elapsed: 5s, ETA:    55s[>>                              ] 33/371, 6.3 task/s, elapsed: 5s, ETA:    54s[>>                              ] 34/371, 6.3 task/s, elapsed: 5s, ETA:    53s[>>>                             ] 35/371, 6.4 task/s, elapsed: 5s, ETA:    52s[>>>                             ] 36/371, 6.5 task/s, elapsed: 6s, ETA:    51s[>>>                             ] 37/371, 6.6 task/s, elapsed: 6s, ETA:    51s[>>>                             ] 38/371, 6.7 task/s, elapsed: 6s, ETA:    50s[>>>                             ] 39/371, 6.8 task/s, elapsed: 6s, ETA:    49s[>>>                             ] 40/371, 6.8 task/s, elapsed: 6s, ETA:    48s[>>>                             ] 41/371, 6.9 task/s, elapsed: 6s, ETA:    48s[>>>                             ] 42/371, 7.0 task/s, elapsed: 6s, ETA:    47s[>>>                             ] 43/371, 7.0 task/s, elapsed: 6s, ETA:    47s[>>>                             ] 44/371, 7.1 task/s, elapsed: 6s, ETA:    46s[>>>                             ] 45/371, 7.2 task/s, elapsed: 6s, ETA:    45s[>>>                             ] 46/371, 7.2 task/s, elapsed: 6s, ETA:    45s[>>>>                            ] 47/371, 7.3 task/s, elapsed: 6s, ETA:    44s[>>>>                            ] 48/371, 7.3 task/s, elapsed: 7s, ETA:    44s[>>>>                            ] 49/371, 7.4 task/s, elapsed: 7s, ETA:    43s[>>>>                            ] 50/371, 7.5 task/s, elapsed: 7s, ETA:    43s[>>>>                            ] 51/371, 7.5 task/s, elapsed: 7s, ETA:    43s[>>>>                            ] 52/371, 7.6 task/s, elapsed: 7s, ETA:    42s[>>>>                            ] 53/371, 7.6 task/s, elapsed: 7s, ETA:    42s[>>>>                            ] 54/371, 7.7 task/s, elapsed: 7s, ETA:    41s[>>>>                            ] 55/371, 7.7 task/s, elapsed: 7s, ETA:    41s[>>>>                            ] 56/371, 7.8 task/s, elapsed: 7s, ETA:    41s[>>>>                            ] 57/371, 7.8 task/s, elapsed: 7s, ETA:    40s[>>>>>                           ] 58/371, 7.9 task/s, elapsed: 7s, ETA:    40s[>>>>>                           ] 59/371, 7.9 task/s, elapsed: 7s, ETA:    39s[>>>>>                           ] 60/371, 7.9 task/s, elapsed: 8s, ETA:    39s[>>>>>                           ] 61/371, 8.0 task/s, elapsed: 8s, ETA:    39s[>>>>>                           ] 62/371, 8.0 task/s, elapsed: 8s, ETA:    38s[>>>>>                           ] 63/371, 8.1 task/s, elapsed: 8s, ETA:    38s[>>>>>                           ] 64/371, 8.1 task/s, elapsed: 8s, ETA:    38s[>>>>>                           ] 65/371, 8.2 task/s, elapsed: 8s, ETA:    38s[>>>>>                           ] 66/371, 8.2 task/s, elapsed: 8s, ETA:    37s[>>>>>                           ] 67/371, 8.2 task/s, elapsed: 8s, ETA:    37s[>>>>>                           ] 68/371, 8.3 task/s, elapsed: 8s, ETA:    37s[>>>>>                           ] 69/371, 8.3 task/s, elapsed: 8s, ETA:    36s[>>>>>>                          ] 70/371, 8.3 task/s, elapsed: 8s, ETA:    36s[>>>>>>                          ] 71/371, 8.4 task/s, elapsed: 8s, ETA:    36s[>>>>>>                          ] 72/371, 8.4 task/s, elapsed: 9s, ETA:    36s[>>>>>>                          ] 73/371, 8.5 task/s, elapsed: 9s, ETA:    35s[>>>>>>                          ] 74/371, 8.5 task/s, elapsed: 9s, ETA:    35s[>>>>>>                          ] 75/371, 8.5 task/s, elapsed: 9s, ETA:    35s[>>>>>>                          ] 76/371, 8.5 task/s, elapsed: 9s, ETA:    35s[>>>>>>                          ] 77/371, 8.6 task/s, elapsed: 9s, ETA:    34s[>>>>>>                          ] 78/371, 8.6 task/s, elapsed: 9s, ETA:    34s[>>>>>>                          ] 79/371, 8.6 task/s, elapsed: 9s, ETA:    34s[>>>>>>                          ] 80/371, 8.7 task/s, elapsed: 9s, ETA:    34s[>>>>>>                          ] 81/371, 8.7 task/s, elapsed: 9s, ETA:    33s[>>>>>>>                         ] 82/371, 8.7 task/s, elapsed: 9s, ETA:    33s[>>>>>>>                         ] 83/371, 8.8 task/s, elapsed: 9s, ETA:    33s[>>>>>>>                        ] 84/371, 8.8 task/s, elapsed: 10s, ETA:    33s[>>>>>>>                        ] 85/371, 8.8 task/s, elapsed: 10s, ETA:    32s[>>>>>>>                        ] 86/371, 8.8 task/s, elapsed: 10s, ETA:    32s[>>>>>>>                        ] 87/371, 8.9 task/s, elapsed: 10s, ETA:    32s[>>>>>>>                        ] 88/371, 8.9 task/s, elapsed: 10s, ETA:    32s[>>>>>>>                        ] 89/371, 8.9 task/s, elapsed: 10s, ETA:    32s[>>>>>>>                        ] 90/371, 8.9 task/s, elapsed: 10s, ETA:    31s[>>>>>>>                        ] 91/371, 9.0 task/s, elapsed: 10s, ETA:    31s[>>>>>>>                        ] 92/371, 9.0 task/s, elapsed: 10s, ETA:    31s[>>>>>>>                        ] 93/371, 9.0 task/s, elapsed: 10s, ETA:    31s[>>>>>>>                        ] 94/371, 9.0 task/s, elapsed: 10s, ETA:    31s[>>>>>>>                        ] 95/371, 9.1 task/s, elapsed: 10s, ETA:    30s[>>>>>>>>                       ] 96/371, 9.1 task/s, elapsed: 11s, ETA:    30s[>>>>>>>>                       ] 97/371, 9.1 task/s, elapsed: 11s, ETA:    30s[>>>>>>>>                       ] 98/371, 9.1 task/s, elapsed: 11s, ETA:    30s[>>>>>>>>                       ] 99/371, 9.1 task/s, elapsed: 11s, ETA:    30s[>>>>>>>>                      ] 100/371, 9.2 task/s, elapsed: 11s, ETA:    30s[>>>>>>>>                      ] 101/371, 9.2 task/s, elapsed: 11s, ETA:    29s[>>>>>>>>                      ] 102/371, 9.2 task/s, elapsed: 11s, ETA:    29s[>>>>>>>>                      ] 103/371, 9.2 task/s, elapsed: 11s, ETA:    29s[>>>>>>>>                      ] 104/371, 9.3 task/s, elapsed: 11s, ETA:    29s[>>>>>>>>                      ] 105/371, 9.3 task/s, elapsed: 11s, ETA:    29s[>>>>>>>>                      ] 106/371, 9.3 task/s, elapsed: 11s, ETA:    29s[>>>>>>>>                      ] 107/371, 9.3 task/s, elapsed: 11s, ETA:    28s[>>>>>>>>                      ] 108/371, 9.3 task/s, elapsed: 12s, ETA:    28s[>>>>>>>>                      ] 109/371, 9.3 task/s, elapsed: 12s, ETA:    28s[>>>>>>>>                      ] 110/371, 9.4 task/s, elapsed: 12s, ETA:    28s[>>>>>>>>                      ] 111/371, 9.4 task/s, elapsed: 12s, ETA:    28s[>>>>>>>>>                     ] 112/371, 9.4 task/s, elapsed: 12s, ETA:    28s[>>>>>>>>>                     ] 113/371, 9.4 task/s, elapsed: 12s, ETA:    27s[>>>>>>>>>                     ] 114/371, 9.4 task/s, elapsed: 12s, ETA:    27s[>>>>>>>>>                     ] 115/371, 9.5 task/s, elapsed: 12s, ETA:    27s[>>>>>>>>>                     ] 116/371, 9.5 task/s, elapsed: 12s, ETA:    27s[>>>>>>>>>                     ] 117/371, 9.5 task/s, elapsed: 12s, ETA:    27s[>>>>>>>>>                     ] 118/371, 9.5 task/s, elapsed: 12s, ETA:    27s[>>>>>>>>>                     ] 119/371, 9.5 task/s, elapsed: 12s, ETA:    26s[>>>>>>>>>                     ] 120/371, 9.5 task/s, elapsed: 13s, ETA:    26s[>>>>>>>>>                     ] 121/371, 9.6 task/s, elapsed: 13s, ETA:    26s[>>>>>>>>>                     ] 122/371, 9.6 task/s, elapsed: 13s, ETA:    26s[>>>>>>>>>                     ] 123/371, 9.6 task/s, elapsed: 13s, ETA:    26s[>>>>>>>>>>                    ] 124/371, 9.6 task/s, elapsed: 13s, ETA:    26s[>>>>>>>>>>                    ] 125/371, 9.6 task/s, elapsed: 13s, ETA:    26s[>>>>>>>>>>                    ] 126/371, 9.6 task/s, elapsed: 13s, ETA:    25s[>>>>>>>>>>                    ] 127/371, 9.6 task/s, elapsed: 13s, ETA:    25s[>>>>>>>>>>                    ] 128/371, 9.7 task/s, elapsed: 13s, ETA:    25s[>>>>>>>>>>                    ] 129/371, 9.7 task/s, elapsed: 13s, ETA:    25s[>>>>>>>>>>                    ] 130/371, 9.7 task/s, elapsed: 13s, ETA:    25s[>>>>>>>>>>                    ] 131/371, 9.7 task/s, elapsed: 14s, ETA:    25s[>>>>>>>>>>                    ] 132/371, 9.7 task/s, elapsed: 14s, ETA:    25s[>>>>>>>>>>                    ] 133/371, 9.7 task/s, elapsed: 14s, ETA:    24s[>>>>>>>>>>                    ] 134/371, 9.7 task/s, elapsed: 14s, ETA:    24s[>>>>>>>>>>                    ] 135/371, 9.8 task/s, elapsed: 14s, ETA:    24s[>>>>>>>>>>                    ] 136/371, 9.8 task/s, elapsed: 14s, ETA:    24s[>>>>>>>>>>>                   ] 137/371, 9.8 task/s, elapsed: 14s, ETA:    24s[>>>>>>>>>>>                   ] 138/371, 9.8 task/s, elapsed: 14s, ETA:    24s[>>>>>>>>>>>                   ] 139/371, 9.8 task/s, elapsed: 14s, ETA:    24s[>>>>>>>>>>>                   ] 140/371, 9.8 task/s, elapsed: 14s, ETA:    24s[>>>>>>>>>>>                   ] 141/371, 9.8 task/s, elapsed: 14s, ETA:    23s[>>>>>>>>>>>                   ] 142/371, 9.8 task/s, elapsed: 14s, ETA:    23s[>>>>>>>>>>>                   ] 143/371, 9.9 task/s, elapsed: 15s, ETA:    23s[>>>>>>>>>>>                   ] 144/371, 9.9 task/s, elapsed: 15s, ETA:    23s[>>>>>>>>>>>                   ] 145/371, 9.9 task/s, elapsed: 15s, ETA:    23s[>>>>>>>>>>>                   ] 146/371, 9.9 task/s, elapsed: 15s, ETA:    23s[>>>>>>>>>>>                   ] 147/371, 9.9 task/s, elapsed: 15s, ETA:    23s[>>>>>>>>>>>                   ] 148/371, 9.9 task/s, elapsed: 15s, ETA:    22s[>>>>>>>>>>>>                  ] 149/371, 9.9 task/s, elapsed: 15s, ETA:    22s[>>>>>>>>>>>>                  ] 150/371, 9.9 task/s, elapsed: 15s, ETA:    22s[>>>>>>>>>>>>                  ] 151/371, 9.9 task/s, elapsed: 15s, ETA:    22s[>>>>>>>>>>>                  ] 152/371, 10.0 task/s, elapsed: 15s, ETA:    22s[>>>>>>>>>>>                  ] 153/371, 10.0 task/s, elapsed: 15s, ETA:    22s[>>>>>>>>>>>>                 ] 154/371, 10.0 task/s, elapsed: 15s, ETA:    22s[>>>>>>>>>>>>                 ] 155/371, 10.0 task/s, elapsed: 16s, ETA:    22s[>>>>>>>>>>>>                 ] 156/371, 10.0 task/s, elapsed: 16s, ETA:    22s[>>>>>>>>>>>>                 ] 157/371, 10.0 task/s, elapsed: 16s, ETA:    21s[>>>>>>>>>>>>                 ] 158/371, 10.0 task/s, elapsed: 16s, ETA:    21s[>>>>>>>>>>>>                 ] 159/371, 10.0 task/s, elapsed: 16s, ETA:    21s[>>>>>>>>>>>>                 ] 160/371, 10.0 task/s, elapsed: 16s, ETA:    21s[>>>>>>>>>>>>                 ] 161/371, 10.0 task/s, elapsed: 16s, ETA:    21s[>>>>>>>>>>>>                 ] 162/371, 10.1 task/s, elapsed: 16s, ETA:    21s[>>>>>>>>>>>>                 ] 163/371, 10.1 task/s, elapsed: 16s, ETA:    21s[>>>>>>>>>>>>                 ] 164/371, 10.1 task/s, elapsed: 16s, ETA:    21s[>>>>>>>>>>>>                 ] 165/371, 10.1 task/s, elapsed: 16s, ETA:    20s[>>>>>>>>>>>>                 ] 166/371, 10.1 task/s, elapsed: 16s, ETA:    20s[>>>>>>>>>>>>>                ] 167/371, 10.1 task/s, elapsed: 17s, ETA:    20s[>>>>>>>>>>>>>                ] 168/371, 10.1 task/s, elapsed: 17s, ETA:    20s[>>>>>>>>>>>>>                ] 169/371, 10.1 task/s, elapsed: 17s, ETA:    20s[>>>>>>>>>>>>>                ] 170/371, 10.1 task/s, elapsed: 17s, ETA:    20s[>>>>>>>>>>>>>                ] 171/371, 10.1 task/s, elapsed: 17s, ETA:    20s[>>>>>>>>>>>>>                ] 172/371, 10.1 task/s, elapsed: 17s, ETA:    20s[>>>>>>>>>>>>>                ] 173/371, 10.2 task/s, elapsed: 17s, ETA:    19s[>>>>>>>>>>>>>                ] 174/371, 10.2 task/s, elapsed: 17s, ETA:    19s[>>>>>>>>>>>>>                ] 175/371, 10.2 task/s, elapsed: 17s, ETA:    19s[>>>>>>>>>>>>>                ] 176/371, 10.2 task/s, elapsed: 17s, ETA:    19s[>>>>>>>>>>>>>                ] 177/371, 10.2 task/s, elapsed: 17s, ETA:    19s[>>>>>>>>>>>>>                ] 178/371, 10.2 task/s, elapsed: 17s, ETA:    19s[>>>>>>>>>>>>>                ] 179/371, 10.2 task/s, elapsed: 18s, ETA:    19s[>>>>>>>>>>>>>>               ] 180/371, 10.2 task/s, elapsed: 18s, ETA:    19s[>>>>>>>>>>>>>>               ] 181/371, 10.2 task/s, elapsed: 18s, ETA:    19s[>>>>>>>>>>>>>>               ] 182/371, 10.2 task/s, elapsed: 18s, ETA:    18s[>>>>>>>>>>>>>>               ] 183/371, 10.2 task/s, elapsed: 18s, ETA:    18s[>>>>>>>>>>>>>>               ] 184/371, 10.2 task/s, elapsed: 18s, ETA:    18s[>>>>>>>>>>>>>>               ] 185/371, 10.3 task/s, elapsed: 18s, ETA:    18s[>>>>>>>>>>>>>>               ] 186/371, 10.3 task/s, elapsed: 18s, ETA:    18s[>>>>>>>>>>>>>>               ] 187/371, 10.3 task/s, elapsed: 18s, ETA:    18s[>>>>>>>>>>>>>>               ] 188/371, 10.3 task/s, elapsed: 18s, ETA:    18s[>>>>>>>>>>>>>>               ] 189/371, 10.3 task/s, elapsed: 18s, ETA:    18s[>>>>>>>>>>>>>>               ] 190/371, 10.3 task/s, elapsed: 18s, ETA:    18s[>>>>>>>>>>>>>>               ] 191/371, 10.3 task/s, elapsed: 19s, ETA:    17s[>>>>>>>>>>>>>>>              ] 192/371, 10.3 task/s, elapsed: 19s, ETA:    17s[>>>>>>>>>>>>>>>              ] 193/371, 10.3 task/s, elapsed: 19s, ETA:    17s[>>>>>>>>>>>>>>>              ] 194/371, 10.3 task/s, elapsed: 19s, ETA:    17s[>>>>>>>>>>>>>>>              ] 195/371, 10.3 task/s, elapsed: 19s, ETA:    17s[>>>>>>>>>>>>>>>              ] 196/371, 10.3 task/s, elapsed: 19s, ETA:    17s[>>>>>>>>>>>>>>>              ] 197/371, 10.3 task/s, elapsed: 19s, ETA:    17s[>>>>>>>>>>>>>>>              ] 198/371, 10.3 task/s, elapsed: 19s, ETA:    17s[>>>>>>>>>>>>>>>              ] 199/371, 10.4 task/s, elapsed: 19s, ETA:    17s[>>>>>>>>>>>>>>>              ] 200/371, 10.4 task/s, elapsed: 19s, ETA:    17s[>>>>>>>>>>>>>>>              ] 201/371, 10.4 task/s, elapsed: 19s, ETA:    16s[>>>>>>>>>>>>>>>              ] 202/371, 10.4 task/s, elapsed: 19s, ETA:    16s[>>>>>>>>>>>>>>>              ] 203/371, 10.4 task/s, elapsed: 20s, ETA:    16s[>>>>>>>>>>>>>>>              ] 204/371, 10.4 task/s, elapsed: 20s, ETA:    16s[>>>>>>>>>>>>>>>>             ] 205/371, 10.4 task/s, elapsed: 20s, ETA:    16s[>>>>>>>>>>>>>>>>             ] 206/371, 10.4 task/s, elapsed: 20s, ETA:    16s[>>>>>>>>>>>>>>>>             ] 207/371, 10.4 task/s, elapsed: 20s, ETA:    16s[>>>>>>>>>>>>>>>>             ] 208/371, 10.4 task/s, elapsed: 20s, ETA:    16s[>>>>>>>>>>>>>>>>             ] 209/371, 10.4 task/s, elapsed: 20s, ETA:    16s[>>>>>>>>>>>>>>>>             ] 210/371, 10.4 task/s, elapsed: 20s, ETA:    15s[>>>>>>>>>>>>>>>>             ] 211/371, 10.4 task/s, elapsed: 20s, ETA:    15s[>>>>>>>>>>>>>>>>             ] 212/371, 10.4 task/s, elapsed: 20s, ETA:    15s[>>>>>>>>>>>>>>>>             ] 213/371, 10.4 task/s, elapsed: 20s, ETA:    15s[>>>>>>>>>>>>>>>>             ] 214/371, 10.4 task/s, elapsed: 20s, ETA:    15s[>>>>>>>>>>>>>>>>             ] 215/371, 10.5 task/s, elapsed: 21s, ETA:    15s[>>>>>>>>>>>>>>>>             ] 216/371, 10.5 task/s, elapsed: 21s, ETA:    15s[>>>>>>>>>>>>>>>>             ] 217/371, 10.5 task/s, elapsed: 21s, ETA:    15s[>>>>>>>>>>>>>>>>>            ] 218/371, 10.5 task/s, elapsed: 21s, ETA:    15s[>>>>>>>>>>>>>>>>>            ] 219/371, 10.5 task/s, elapsed: 21s, ETA:    15s[>>>>>>>>>>>>>>>>>            ] 220/371, 10.5 task/s, elapsed: 21s, ETA:    14s[>>>>>>>>>>>>>>>>>            ] 221/371, 10.5 task/s, elapsed: 21s, ETA:    14s[>>>>>>>>>>>>>>>>>            ] 222/371, 10.5 task/s, elapsed: 21s, ETA:    14s[>>>>>>>>>>>>>>>>>            ] 223/371, 10.5 task/s, elapsed: 21s, ETA:    14s[>>>>>>>>>>>>>>>>>            ] 224/371, 10.5 task/s, elapsed: 21s, ETA:    14s[>>>>>>>>>>>>>>>>>            ] 225/371, 10.5 task/s, elapsed: 21s, ETA:    14s[>>>>>>>>>>>>>>>>>            ] 226/371, 10.5 task/s, elapsed: 21s, ETA:    14s[>>>>>>>>>>>>>>>>>            ] 227/371, 10.5 task/s, elapsed: 22s, ETA:    14s[>>>>>>>>>>>>>>>>>            ] 228/371, 10.5 task/s, elapsed: 22s, ETA:    14s[>>>>>>>>>>>>>>>>>            ] 229/371, 10.5 task/s, elapsed: 22s, ETA:    13s[>>>>>>>>>>>>>>>>>            ] 230/371, 10.5 task/s, elapsed: 22s, ETA:    13s[>>>>>>>>>>>>>>>>>>           ] 231/371, 10.5 task/s, elapsed: 22s, ETA:    13s[>>>>>>>>>>>>>>>>>>           ] 232/371, 10.5 task/s, elapsed: 22s, ETA:    13s[>>>>>>>>>>>>>>>>>>           ] 233/371, 10.6 task/s, elapsed: 22s, ETA:    13s[>>>>>>>>>>>>>>>>>>           ] 234/371, 10.6 task/s, elapsed: 22s, ETA:    13s[>>>>>>>>>>>>>>>>>>           ] 235/371, 10.6 task/s, elapsed: 22s, ETA:    13s[>>>>>>>>>>>>>>>>>>           ] 236/371, 10.6 task/s, elapsed: 22s, ETA:    13s[>>>>>>>>>>>>>>>>>>           ] 237/371, 10.6 task/s, elapsed: 22s, ETA:    13s[>>>>>>>>>>>>>>>>>>           ] 238/371, 10.6 task/s, elapsed: 22s, ETA:    13s[>>>>>>>>>>>>>>>>>>           ] 239/371, 10.6 task/s, elapsed: 23s, ETA:    12s[>>>>>>>>>>>>>>>>>>           ] 240/371, 10.6 task/s, elapsed: 23s, ETA:    12s[>>>>>>>>>>>>>>>>>>           ] 241/371, 10.6 task/s, elapsed: 23s, ETA:    12s[>>>>>>>>>>>>>>>>>>           ] 242/371, 10.6 task/s, elapsed: 23s, ETA:    12s[>>>>>>>>>>>>>>>>>>           ] 243/371, 10.6 task/s, elapsed: 23s, ETA:    12s[>>>>>>>>>>>>>>>>>>>          ] 244/371, 10.6 task/s, elapsed: 23s, ETA:    12s[>>>>>>>>>>>>>>>>>>>          ] 245/371, 10.6 task/s, elapsed: 23s, ETA:    12s[>>>>>>>>>>>>>>>>>>>          ] 246/371, 10.6 task/s, elapsed: 23s, ETA:    12s[>>>>>>>>>>>>>>>>>>>          ] 247/371, 10.6 task/s, elapsed: 23s, ETA:    12s[>>>>>>>>>>>>>>>>>>>          ] 248/371, 10.6 task/s, elapsed: 23s, ETA:    12s[>>>>>>>>>>>>>>>>>>>          ] 249/371, 10.6 task/s, elapsed: 23s, ETA:    11s[>>>>>>>>>>>>>>>>>>>          ] 250/371, 10.6 task/s, elapsed: 24s, ETA:    11s[>>>>>>>>>>>>>>>>>>>          ] 251/371, 10.6 task/s, elapsed: 24s, ETA:    11s[>>>>>>>>>>>>>>>>>>>          ] 252/371, 10.6 task/s, elapsed: 24s, ETA:    11s[>>>>>>>>>>>>>>>>>>>          ] 253/371, 10.6 task/s, elapsed: 24s, ETA:    11s[>>>>>>>>>>>>>>>>>>>          ] 254/371, 10.7 task/s, elapsed: 24s, ETA:    11s[>>>>>>>>>>>>>>>>>>>          ] 255/371, 10.7 task/s, elapsed: 24s, ETA:    11s[>>>>>>>>>>>>>>>>>>>>         ] 256/371, 10.7 task/s, elapsed: 24s, ETA:    11s[>>>>>>>>>>>>>>>>>>>>         ] 257/371, 10.7 task/s, elapsed: 24s, ETA:    11s[>>>>>>>>>>>>>>>>>>>>         ] 258/371, 10.7 task/s, elapsed: 24s, ETA:    11s[>>>>>>>>>>>>>>>>>>>>         ] 259/371, 10.7 task/s, elapsed: 24s, ETA:    10s[>>>>>>>>>>>>>>>>>>>>         ] 260/371, 10.7 task/s, elapsed: 24s, ETA:    10s[>>>>>>>>>>>>>>>>>>>>         ] 261/371, 10.7 task/s, elapsed: 24s, ETA:    10s[>>>>>>>>>>>>>>>>>>>>         ] 262/371, 10.7 task/s, elapsed: 25s, ETA:    10s[>>>>>>>>>>>>>>>>>>>>         ] 263/371, 10.7 task/s, elapsed: 25s, ETA:    10s[>>>>>>>>>>>>>>>>>>>>         ] 264/371, 10.7 task/s, elapsed: 25s, ETA:    10s[>>>>>>>>>>>>>>>>>>>>         ] 265/371, 10.7 task/s, elapsed: 25s, ETA:    10s[>>>>>>>>>>>>>>>>>>>>         ] 266/371, 10.7 task/s, elapsed: 25s, ETA:    10s[>>>>>>>>>>>>>>>>>>>>         ] 267/371, 10.7 task/s, elapsed: 25s, ETA:    10s[>>>>>>>>>>>>>>>>>>>>         ] 268/371, 10.7 task/s, elapsed: 25s, ETA:    10s[>>>>>>>>>>>>>>>>>>>>>        ] 269/371, 10.7 task/s, elapsed: 25s, ETA:    10s[>>>>>>>>>>>>>>>>>>>>>        ] 270/371, 10.7 task/s, elapsed: 25s, ETA:     9s[>>>>>>>>>>>>>>>>>>>>>        ] 271/371, 10.7 task/s, elapsed: 25s, ETA:     9s[>>>>>>>>>>>>>>>>>>>>>        ] 272/371, 10.7 task/s, elapsed: 25s, ETA:     9s[>>>>>>>>>>>>>>>>>>>>>        ] 273/371, 10.7 task/s, elapsed: 25s, ETA:     9s[>>>>>>>>>>>>>>>>>>>>>        ] 274/371, 10.7 task/s, elapsed: 26s, ETA:     9s[>>>>>>>>>>>>>>>>>>>>>        ] 275/371, 10.7 task/s, elapsed: 26s, ETA:     9s[>>>>>>>>>>>>>>>>>>>>>        ] 276/371, 10.7 task/s, elapsed: 26s, ETA:     9s[>>>>>>>>>>>>>>>>>>>>>        ] 277/371, 10.7 task/s, elapsed: 26s, ETA:     9s[>>>>>>>>>>>>>>>>>>>>>        ] 278/371, 10.8 task/s, elapsed: 26s, ETA:     9s[>>>>>>>>>>>>>>>>>>>>>        ] 279/371, 10.8 task/s, elapsed: 26s, ETA:     9s[>>>>>>>>>>>>>>>>>>>>>        ] 280/371, 10.8 task/s, elapsed: 26s, ETA:     8s[>>>>>>>>>>>>>>>>>>>>>        ] 281/371, 10.8 task/s, elapsed: 26s, ETA:     8s[>>>>>>>>>>>>>>>>>>>>>>       ] 282/371, 10.8 task/s, elapsed: 26s, ETA:     8s[>>>>>>>>>>>>>>>>>>>>>>       ] 283/371, 10.8 task/s, elapsed: 26s, ETA:     8s[>>>>>>>>>>>>>>>>>>>>>>       ] 284/371, 10.8 task/s, elapsed: 26s, ETA:     8s[>>>>>>>>>>>>>>>>>>>>>>       ] 285/371, 10.8 task/s, elapsed: 26s, ETA:     8s[>>>>>>>>>>>>>>>>>>>>>>       ] 286/371, 10.8 task/s, elapsed: 27s, ETA:     8s[>>>>>>>>>>>>>>>>>>>>>>       ] 287/371, 10.8 task/s, elapsed: 27s, ETA:     8s[>>>>>>>>>>>>>>>>>>>>>>       ] 288/371, 10.8 task/s, elapsed: 27s, ETA:     8s[>>>>>>>>>>>>>>>>>>>>>>       ] 289/371, 10.8 task/s, elapsed: 27s, ETA:     8s[>>>>>>>>>>>>>>>>>>>>>>       ] 290/371, 10.8 task/s, elapsed: 27s, ETA:     8s[>>>>>>>>>>>>>>>>>>>>>>       ] 291/371, 10.8 task/s, elapsed: 27s, ETA:     7s[>>>>>>>>>>>>>>>>>>>>>>       ] 292/371, 10.8 task/s, elapsed: 27s, ETA:     7s[>>>>>>>>>>>>>>>>>>>>>>       ] 293/371, 10.8 task/s, elapsed: 27s, ETA:     7s[>>>>>>>>>>>>>>>>>>>>>>       ] 294/371, 10.8 task/s, elapsed: 27s, ETA:     7s[>>>>>>>>>>>>>>>>>>>>>>>      ] 295/371, 10.8 task/s, elapsed: 27s, ETA:     7s[>>>>>>>>>>>>>>>>>>>>>>>      ] 296/371, 10.8 task/s, elapsed: 27s, ETA:     7s[>>>>>>>>>>>>>>>>>>>>>>>      ] 297/371, 10.8 task/s, elapsed: 27s, ETA:     7s[>>>>>>>>>>>>>>>>>>>>>>>      ] 298/371, 10.8 task/s, elapsed: 28s, ETA:     7s[>>>>>>>>>>>>>>>>>>>>>>>      ] 299/371, 10.8 task/s, elapsed: 28s, ETA:     7s[>>>>>>>>>>>>>>>>>>>>>>>      ] 300/371, 10.8 task/s, elapsed: 28s, ETA:     7s[>>>>>>>>>>>>>>>>>>>>>>>      ] 301/371, 10.8 task/s, elapsed: 28s, ETA:     6s[>>>>>>>>>>>>>>>>>>>>>>>      ] 302/371, 10.8 task/s, elapsed: 28s, ETA:     6s[>>>>>>>>>>>>>>>>>>>>>>>      ] 303/371, 10.8 task/s, elapsed: 28s, ETA:     6s[>>>>>>>>>>>>>>>>>>>>>>>      ] 304/371, 10.8 task/s, elapsed: 28s, ETA:     6s[>>>>>>>>>>>>>>>>>>>>>>>      ] 305/371, 10.8 task/s, elapsed: 28s, ETA:     6s[>>>>>>>>>>>>>>>>>>>>>>>      ] 306/371, 10.8 task/s, elapsed: 28s, ETA:     6s[>>>>>>>>>>>>>>>>>>>>>>>      ] 307/371, 10.8 task/s, elapsed: 28s, ETA:     6s[>>>>>>>>>>>>>>>>>>>>>>>>     ] 308/371, 10.9 task/s, elapsed: 28s, ETA:     6s[>>>>>>>>>>>>>>>>>>>>>>>>     ] 309/371, 10.9 task/s, elapsed: 28s, ETA:     6s[>>>>>>>>>>>>>>>>>>>>>>>>     ] 310/371, 10.9 task/s, elapsed: 29s, ETA:     6s[>>>>>>>>>>>>>>>>>>>>>>>>     ] 311/371, 10.9 task/s, elapsed: 29s, ETA:     6s[>>>>>>>>>>>>>>>>>>>>>>>>     ] 312/371, 10.9 task/s, elapsed: 29s, ETA:     5s[>>>>>>>>>>>>>>>>>>>>>>>>     ] 313/371, 10.9 task/s, elapsed: 29s, ETA:     5s[>>>>>>>>>>>>>>>>>>>>>>>>     ] 314/371, 10.9 task/s, elapsed: 29s, ETA:     5s[>>>>>>>>>>>>>>>>>>>>>>>>     ] 315/371, 10.9 task/s, elapsed: 29s, ETA:     5s[>>>>>>>>>>>>>>>>>>>>>>>>     ] 316/371, 10.9 task/s, elapsed: 29s, ETA:     5s[>>>>>>>>>>>>>>>>>>>>>>>>     ] 317/371, 10.9 task/s, elapsed: 29s, ETA:     5s[>>>>>>>>>>>>>>>>>>>>>>>>     ] 318/371, 10.9 task/s, elapsed: 29s, ETA:     5s[>>>>>>>>>>>>>>>>>>>>>>>>     ] 319/371, 10.9 task/s, elapsed: 29s, ETA:     5s[>>>>>>>>>>>>>>>>>>>>>>>>>    ] 320/371, 10.9 task/s, elapsed: 29s, ETA:     5s[>>>>>>>>>>>>>>>>>>>>>>>>>    ] 321/371, 10.9 task/s, elapsed: 29s, ETA:     5s[>>>>>>>>>>>>>>>>>>>>>>>>>    ] 322/371, 10.9 task/s, elapsed: 30s, ETA:     4s[>>>>>>>>>>>>>>>>>>>>>>>>>    ] 323/371, 10.9 task/s, elapsed: 30s, ETA:     4s[>>>>>>>>>>>>>>>>>>>>>>>>>    ] 324/371, 10.9 task/s, elapsed: 30s, ETA:     4s[>>>>>>>>>>>>>>>>>>>>>>>>>    ] 325/371, 10.9 task/s, elapsed: 30s, ETA:     4s[>>>>>>>>>>>>>>>>>>>>>>>>>    ] 326/371, 10.9 task/s, elapsed: 30s, ETA:     4s[>>>>>>>>>>>>>>>>>>>>>>>>>    ] 327/371, 10.9 task/s, elapsed: 30s, ETA:     4s[>>>>>>>>>>>>>>>>>>>>>>>>>    ] 328/371, 10.9 task/s, elapsed: 30s, ETA:     4s[>>>>>>>>>>>>>>>>>>>>>>>>>    ] 329/371, 10.9 task/s, elapsed: 30s, ETA:     4s[>>>>>>>>>>>>>>>>>>>>>>>>>    ] 330/371, 10.9 task/s, elapsed: 30s, ETA:     4s[>>>>>>>>>>>>>>>>>>>>>>>>>    ] 331/371, 10.9 task/s, elapsed: 30s, ETA:     4s[>>>>>>>>>>>>>>>>>>>>>>>>>    ] 332/371, 10.9 task/s, elapsed: 30s, ETA:     4s[>>>>>>>>>>>>>>>>>>>>>>>>>>   ] 333/371, 10.9 task/s, elapsed: 30s, ETA:     3s[>>>>>>>>>>>>>>>>>>>>>>>>>>   ] 334/371, 10.9 task/s, elapsed: 31s, ETA:     3s[>>>>>>>>>>>>>>>>>>>>>>>>>>   ] 335/371, 10.9 task/s, elapsed: 31s, ETA:     3s[>>>>>>>>>>>>>>>>>>>>>>>>>>   ] 336/371, 10.9 task/s, elapsed: 31s, ETA:     3s[>>>>>>>>>>>>>>>>>>>>>>>>>>   ] 337/371, 10.9 task/s, elapsed: 31s, ETA:     3s[>>>>>>>>>>>>>>>>>>>>>>>>>>   ] 338/371, 10.9 task/s, elapsed: 31s, ETA:     3s[>>>>>>>>>>>>>>>>>>>>>>>>>>   ] 339/371, 10.9 task/s, elapsed: 31s, ETA:     3s[>>>>>>>>>>>>>>>>>>>>>>>>>>   ] 340/371, 10.9 task/s, elapsed: 31s, ETA:     3s[>>>>>>>>>>>>>>>>>>>>>>>>>>   ] 341/371, 10.9 task/s, elapsed: 31s, ETA:     3s[>>>>>>>>>>>>>>>>>>>>>>>>>>   ] 342/371, 10.9 task/s, elapsed: 31s, ETA:     3s[>>>>>>>>>>>>>>>>>>>>>>>>>>   ] 343/371, 11.0 task/s, elapsed: 31s, ETA:     3s[>>>>>>>>>>>>>>>>>>>>>>>>>>   ] 344/371, 11.0 task/s, elapsed: 31s, ETA:     2s[>>>>>>>>>>>>>>>>>>>>>>>>>>   ] 345/371, 11.0 task/s, elapsed: 31s, ETA:     2s[>>>>>>>>>>>>>>>>>>>>>>>>>>>  ] 346/371, 11.0 task/s, elapsed: 32s, ETA:     2s[>>>>>>>>>>>>>>>>>>>>>>>>>>>  ] 347/371, 11.0 task/s, elapsed: 32s, ETA:     2s[>>>>>>>>>>>>>>>>>>>>>>>>>>>  ] 348/371, 11.0 task/s, elapsed: 32s, ETA:     2s[>>>>>>>>>>>>>>>>>>>>>>>>>>>  ] 349/371, 11.0 task/s, elapsed: 32s, ETA:     2s[>>>>>>>>>>>>>>>>>>>>>>>>>>>  ] 350/371, 11.0 task/s, elapsed: 32s, ETA:     2s[>>>>>>>>>>>>>>>>>>>>>>>>>>>  ] 351/371, 11.0 task/s, elapsed: 32s, ETA:     2s[>>>>>>>>>>>>>>>>>>>>>>>>>>>  ] 352/371, 11.0 task/s, elapsed: 32s, ETA:     2s[>>>>>>>>>>>>>>>>>>>>>>>>>>>  ] 353/371, 11.0 task/s, elapsed: 32s, ETA:     2s[>>>>>>>>>>>>>>>>>>>>>>>>>>>  ] 354/371, 11.0 task/s, elapsed: 32s, ETA:     2s[>>>>>>>>>>>>>>>>>>>>>>>>>>>  ] 355/371, 11.0 task/s, elapsed: 32s, ETA:     1s[>>>>>>>>>>>>>>>>>>>>>>>>>>>  ] 356/371, 11.0 task/s, elapsed: 32s, ETA:     1s[>>>>>>>>>>>>>>>>>>>>>>>>>>>  ] 357/371, 11.0 task/s, elapsed: 33s, ETA:     1s[>>>>>>>>>>>>>>>>>>>>>>>>>>>  ] 358/371, 11.0 task/s, elapsed: 33s, ETA:     1s[>>>>>>>>>>>>>>>>>>>>>>>>>>>> ] 359/371, 11.0 task/s, elapsed: 33s, ETA:     1s[>>>>>>>>>>>>>>>>>>>>>>>>>>>> ] 360/371, 11.0 task/s, elapsed: 33s, ETA:     1s[>>>>>>>>>>>>>>>>>>>>>>>>>>>> ] 361/371, 11.0 task/s, elapsed: 33s, ETA:     1s[>>>>>>>>>>>>>>>>>>>>>>>>>>>> ] 362/371, 11.0 task/s, elapsed: 33s, ETA:     1s[>>>>>>>>>>>>>>>>>>>>>>>>>>>> ] 363/371, 11.0 task/s, elapsed: 33s, ETA:     1s[>>>>>>>>>>>>>>>>>>>>>>>>>>>> ] 364/371, 11.0 task/s, elapsed: 33s, ETA:     1s[>>>>>>>>>>>>>>>>>>>>>>>>>>>> ] 365/371, 11.0 task/s, elapsed: 33s, ETA:     1s[>>>>>>>>>>>>>>>>>>>>>>>>>>>> ] 366/371, 11.0 task/s, elapsed: 33s, ETA:     0s[>>>>>>>>>>>>>>>>>>>>>>>>>>>> ] 367/371, 11.0 task/s, elapsed: 33s, ETA:     0s[>>>>>>>>>>>>>>>>>>>>>>>>>>>> ] 368/371, 11.0 task/s, elapsed: 33s, ETA:     0s[>>>>>>>>>>>>>>>>>>>>>>>>>>>> ] 369/371, 11.0 task/s, elapsed: 34s, ETA:     0s[>>>>>>>>>>>>>>>>>>>>>>>>>>>> ] 370/371, 11.0 task/s, elapsed: 34s, ETA:     0s[>>>>>>>>>>>>>>>>>>>>>>>>>>>>>] 371/371, 11.0 task/s, elapsed: 34s, ETA:     0s

2026-05-12 04:37:16,870 - mmdet - INFO - Evaluating bbox...
Loading and preparing results...
DONE (t=0.01s)
creating index...
index created!
Running per image evaluation...
Evaluate annotation type *bbox*
DONE (t=2.36s).
Accumulating evaluation results...
DONE (t=0.15s).
2026-05-12 04:37:19,410 - mmdet - INFO - 
 Average Precision  (AP) @[ IoU=0.50:0.95 | area=   all | maxDets=100 ] = 0.227
 Average Precision  (AP) @[ IoU=0.50      | area=   all | maxDets=1000 ] = 0.608
 Average Precision  (AP) @[ IoU=0.75      | area=   all | maxDets=1000 ] = 0.112
 Average Precision  (AP) @[ IoU=0.50:0.95 | area= small | maxDets=1000 ] = 0.002
 Average Precision  (AP) @[ IoU=0.50:0.95 | area=medium | maxDets=1000 ] = 0.184
 Average Precision  (AP) @[ IoU=0.50:0.95 | area= large | maxDets=1000 ] = 0.288
 Average Recall     (AR) @[ IoU=0.50:0.95 | area=   all | maxDets=100 ] = 0.364
 Average Recall     (AR) @[ IoU=0.50:0.95 | area=   all | maxDets=300 ] = 0.364
 Average Recall     (AR) @[ IoU=0.50:0.95 | area=   all | maxDets=1000 ] = 0.364
 Average Recall     (AR) @[ IoU=0.50:0.95 | area= small | maxDets=1000 ] = 0.038
 Average Recall     (AR) @[ IoU=0.50:0.95 | area=medium | maxDets=1000 ] = 0.326
 Average Recall     (AR) @[ IoU=0.50:0.95 | area= large | maxDets=1000 ] = 0.422

2026-05-12 04:37:19,446 - mmdet - INFO - The previous best checkpoint /home/ahmadreza/Downloads/Research/M2SODAI/baseline_official/runs_r50_hbb/r50_hbb_fold_1_20260512/best_bbox_mAP_epoch_30.pth was removed
2026-05-12 04:37:20,974 - mmdet - INFO - Now best checkpoint is saved as best_bbox_mAP_epoch_40.pth.
2026-05-12 04:37:20,975 - mmdet - INFO - Best bbox_mAP is 0.2270 at 40 epoch.
2026-05-12 04:37:20,975 - mmdet - INFO - Exp name: fold_1_r50_300e_hbb.py
2026-05-12 04:37:20,975 - mmdet - INFO - Epoch(val) [40][371]	bbox_mAP: 0.2270, bbox_mAP_50: 0.6080, bbox_mAP_75: 0.1120, bbox_mAP_s: 0.0020, bbox_mAP_m: 0.1840, bbox_mAP_l: 0.2880, bbox_mAP_copypaste: 0.227 0.608 0.112 0.002 0.184 0.288
2026-05-12 04:37:50,496 - mmdet - INFO - Epoch [41][50/186]	lr: 1.914e-02, eta: 5:55:25, time: 0.588, data_time: 0.083, memory: 6155, loss_rpn_cls: 0.0252, loss_rpn_bbox: 0.0041, loss_cls: 0.1263, acc: 94.8906, loss_bbox: 0.0981, loss: 0.2537, grad_norm: 1.5617
2026-05-12 04:38:16,374 - mmdet - INFO - Epoch [41][100/186]	lr: 1.914e-02, eta: 5:55:28, time: 0.519, data_time: 0.015, memory: 6155, loss_rpn_cls: 0.0267, loss_rpn_bbox: 0.0040, loss_cls: 0.1358, acc: 94.5156, loss_bbox: 0.0997, loss: 0.2662, grad_norm: 1.5171
2026-05-12 04:38:42,247 - mmdet - INFO - Epoch [41][150/186]	lr: 1.914e-02, eta: 5:55:29, time: 0.516, data_time: 0.013, memory: 6155, loss_rpn_cls: 0.0288, loss_rpn_bbox: 0.0050, loss_cls: 0.1401, acc: 94.4961, loss_bbox: 0.1010, loss: 0.2749, grad_norm: 1.5322
2026-05-12 04:39:30,622 - mmdet - INFO - Epoch [42][50/186]	lr: 1.909e-02, eta: 5:53:58, time: 0.592, data_time: 0.083, memory: 6155, loss_rpn_cls: 0.0267, loss_rpn_bbox: 0.0042, loss_cls: 0.1351, acc: 94.6143, loss_bbox: 0.1008, loss: 0.2669, grad_norm: 1.5044
2026-05-12 04:39:56,641 - mmdet - INFO - Epoch [42][100/186]	lr: 1.909e-02, eta: 5:54:00, time: 0.518, data_time: 0.013, memory: 6155, loss_rpn_cls: 0.0302, loss_rpn_bbox: 0.0043, loss_cls: 0.1165, acc: 95.3994, loss_bbox: 0.0863, loss: 0.2374, grad_norm: 1.4930
2026-05-12 04:40:22,819 - mmdet - INFO - Epoch [42][150/186]	lr: 1.909e-02, eta: 5:54:04, time: 0.525, data_time: 0.015, memory: 6155, loss_rpn_cls: 0.0304, loss_rpn_bbox: 0.0046, loss_cls: 0.1365, acc: 94.7539, loss_bbox: 0.0987, loss: 0.2703, grad_norm: 1.4606
2026-05-12 04:41:11,578 - mmdet - INFO - Epoch [43][50/186]	lr: 1.905e-02, eta: 5:52:35, time: 0.595, data_time: 0.084, memory: 6155, loss_rpn_cls: 0.0233, loss_rpn_bbox: 0.0038, loss_cls: 0.1262, acc: 95.1348, loss_bbox: 0.1009, loss: 0.2542, grad_norm: 1.4203
2026-05-12 04:41:37,745 - mmdet - INFO - Epoch [43][100/186]	lr: 1.905e-02, eta: 5:52:38, time: 0.525, data_time: 0.015, memory: 6155, loss_rpn_cls: 0.0309, loss_rpn_bbox: 0.0040, loss_cls: 0.1324, acc: 94.7305, loss_bbox: 0.0935, loss: 0.2608, grad_norm: 1.5266
2026-05-12 04:42:04,795 - mmdet - INFO - Epoch [43][150/186]	lr: 1.905e-02, eta: 5:52:45, time: 0.539, data_time: 0.014, memory: 6155, loss_rpn_cls: 0.0287, loss_rpn_bbox: 0.0049, loss_cls: 0.1401, acc: 94.4531, loss_bbox: 0.0990, loss: 0.2726, grad_norm: 1.5488
2026-05-12 04:42:54,685 - mmdet - INFO - Epoch [44][50/186]	lr: 1.900e-02, eta: 5:51:24, time: 0.614, data_time: 0.088, memory: 6155, loss_rpn_cls: 0.0283, loss_rpn_bbox: 0.0046, loss_cls: 0.1342, acc: 94.6885, loss_bbox: 0.0981, loss: 0.2652, grad_norm: 1.5955
2026-05-12 04:43:21,519 - mmdet - INFO - Epoch [44][100/186]	lr: 1.900e-02, eta: 5:51:29, time: 0.535, data_time: 0.014, memory: 6155, loss_rpn_cls: 0.0273, loss_rpn_bbox: 0.0041, loss_cls: 0.1181, acc: 95.3438, loss_bbox: 0.0839, loss: 0.2334, grad_norm: 1.5300
2026-05-12 04:43:48,418 - mmdet - INFO - Epoch [44][150/186]	lr: 1.900e-02, eta: 5:51:36, time: 0.540, data_time: 0.016, memory: 6155, loss_rpn_cls: 0.0267, loss_rpn_bbox: 0.0044, loss_cls: 0.1369, acc: 94.6377, loss_bbox: 0.0984, loss: 0.2663, grad_norm: 1.5455
2026-05-12 04:44:39,395 - mmdet - INFO - Epoch [45][50/186]	lr: 1.896e-02, eta: 5:50:18, time: 0.626, data_time: 0.092, memory: 6155, loss_rpn_cls: 0.0305, loss_rpn_bbox: 0.0043, loss_cls: 0.1357, acc: 94.7168, loss_bbox: 0.0997, loss: 0.2702, grad_norm: 1.5918
2026-05-12 04:45:08,163 - mmdet - INFO - Epoch [45][100/186]	lr: 1.896e-02, eta: 5:50:35, time: 0.577, data_time: 0.017, memory: 6155, loss_rpn_cls: 0.0250, loss_rpn_bbox: 0.0040, loss_cls: 0.1312, acc: 94.7715, loss_bbox: 0.0901, loss: 0.2504, grad_norm: 1.5538
2026-05-12 04:45:34,185 - mmdet - INFO - Epoch [45][150/186]	lr: 1.896e-02, eta: 5:50:35, time: 0.518, data_time: 0.013, memory: 6155, loss_rpn_cls: 0.0230, loss_rpn_bbox: 0.0042, loss_cls: 0.1410, acc: 94.6133, loss_bbox: 0.0982, loss: 0.2664, grad_norm: 1.5307
2026-05-12 04:46:22,639 - mmdet - INFO - Epoch [46][50/186]	lr: 1.891e-02, eta: 5:49:09, time: 0.595, data_time: 0.084, memory: 6155, loss_rpn_cls: 0.0287, loss_rpn_bbox: 0.0040, loss_cls: 0.1321, acc: 94.9453, loss_bbox: 0.0992, loss: 0.2639, grad_norm: 1.4398
2026-05-12 04:46:48,599 - mmdet - INFO - Epoch [46][100/186]	lr: 1.891e-02, eta: 5:49:08, time: 0.517, data_time: 0.013, memory: 6155, loss_rpn_cls: 0.0294, loss_rpn_bbox: 0.0047, loss_cls: 0.1326, acc: 94.7637, loss_bbox: 0.0963, loss: 0.2631, grad_norm: 1.4770
2026-05-12 04:47:14,717 - mmdet - INFO - Epoch [46][150/186]	lr: 1.891e-02, eta: 5:49:09, time: 0.524, data_time: 0.015, memory: 6155, loss_rpn_cls: 0.0214, loss_rpn_bbox: 0.0038, loss_cls: 0.1338, acc: 94.6426, loss_bbox: 0.0919, loss: 0.2509, grad_norm: 1.4942
2026-05-12 04:48:03,246 - mmdet - INFO - Epoch [47][50/186]	lr: 1.886e-02, eta: 5:47:44, time: 0.591, data_time: 0.083, memory: 6155, loss_rpn_cls: 0.0270, loss_rpn_bbox: 0.0038, loss_cls: 0.1325, acc: 94.8945, loss_bbox: 0.0907, loss: 0.2540, grad_norm: 1.5071
2026-05-12 04:48:29,104 - mmdet - INFO - Epoch [47][100/186]	lr: 1.886e-02, eta: 5:47:43, time: 0.519, data_time: 0.015, memory: 6155, loss_rpn_cls: 0.0285, loss_rpn_bbox: 0.0041, loss_cls: 0.1259, acc: 95.1436, loss_bbox: 0.0852, loss: 0.2437, grad_norm: 1.5135
2026-05-12 04:48:55,061 - mmdet - INFO - Epoch [47][150/186]	lr: 1.886e-02, eta: 5:47:41, time: 0.517, data_time: 0.013, memory: 6155, loss_rpn_cls: 0.0308, loss_rpn_bbox: 0.0044, loss_cls: 0.1315, acc: 94.8379, loss_bbox: 0.0974, loss: 0.2642, grad_norm: 1.5431
2026-05-12 04:49:43,335 - mmdet - INFO - Epoch [48][50/186]	lr: 1.881e-02, eta: 5:46:17, time: 0.591, data_time: 0.083, memory: 6155, loss_rpn_cls: 0.0263, loss_rpn_bbox: 0.0040, loss_cls: 0.1248, acc: 95.0742, loss_bbox: 0.0950, loss: 0.2501, grad_norm: 1.4742
2026-05-12 04:50:09,194 - mmdet - INFO - Epoch [48][100/186]	lr: 1.881e-02, eta: 5:46:14, time: 0.515, data_time: 0.013, memory: 6155, loss_rpn_cls: 0.0273, loss_rpn_bbox: 0.0044, loss_cls: 0.1305, acc: 94.8926, loss_bbox: 0.1009, loss: 0.2630, grad_norm: 1.5556
2026-05-12 04:50:35,241 - mmdet - INFO - Epoch [48][150/186]	lr: 1.881e-02, eta: 5:46:13, time: 0.523, data_time: 0.015, memory: 6155, loss_rpn_cls: 0.0270, loss_rpn_bbox: 0.0044, loss_cls: 0.1341, acc: 94.5693, loss_bbox: 0.1025, loss: 0.2680, grad_norm: 1.5621
2026-05-12 04:51:23,777 - mmdet - INFO - Epoch [49][50/186]	lr: 1.876e-02, eta: 5:44:51, time: 0.592, data_time: 0.084, memory: 6155, loss_rpn_cls: 0.0224, loss_rpn_bbox: 0.0039, loss_cls: 0.1294, acc: 94.9180, loss_bbox: 0.0927, loss: 0.2484, grad_norm: 1.3355
2026-05-12 04:51:49,653 - mmdet - INFO - Epoch [49][100/186]	lr: 1.876e-02, eta: 5:44:49, time: 0.519, data_time: 0.015, memory: 6155, loss_rpn_cls: 0.0223, loss_rpn_bbox: 0.0037, loss_cls: 0.1155, acc: 95.4180, loss_bbox: 0.0830, loss: 0.2246, grad_norm: 1.3596
2026-05-12 04:52:15,597 - mmdet - INFO - Epoch [49][150/186]	lr: 1.876e-02, eta: 5:44:46, time: 0.517, data_time: 0.013, memory: 6155, loss_rpn_cls: 0.0292, loss_rpn_bbox: 0.0048, loss_cls: 0.1431, acc: 94.4541, loss_bbox: 0.1013, loss: 0.2785, grad_norm: 1.4350
2026-05-12 04:53:04,066 - mmdet - INFO - Epoch [50][50/186]	lr: 1.871e-02, eta: 5:43:25, time: 0.594, data_time: 0.084, memory: 6155, loss_rpn_cls: 0.0270, loss_rpn_bbox: 0.0045, loss_cls: 0.1229, acc: 95.2341, loss_bbox: 0.0876, loss: 0.2420, grad_norm: 1.3453
2026-05-12 04:53:29,928 - mmdet - INFO - Epoch [50][100/186]	lr: 1.871e-02, eta: 5:43:22, time: 0.515, data_time: 0.013, memory: 6155, loss_rpn_cls: 0.0273, loss_rpn_bbox: 0.0044, loss_cls: 0.1183, acc: 95.3828, loss_bbox: 0.0807, loss: 0.2306, grad_norm: 1.3528
2026-05-12 04:53:56,047 - mmdet - INFO - Epoch [50][150/186]	lr: 1.871e-02, eta: 5:43:20, time: 0.524, data_time: 0.015, memory: 6155, loss_rpn_cls: 0.0228, loss_rpn_bbox: 0.0042, loss_cls: 0.1295, acc: 94.9014, loss_bbox: 0.0951, loss: 0.2516, grad_norm: 1.3901
2026-05-12 04:54:14,848 - mmdet - INFO - Saving checkpoint at 50 epochs
[                                                  ] 0/371, elapsed: 0s, ETA:[                                 ] 1/371, 0.4 task/s, elapsed: 3s, ETA:   951s[                                 ] 2/371, 0.8 task/s, elapsed: 3s, ETA:   491s[                                 ] 3/371, 1.1 task/s, elapsed: 3s, ETA:   336s[                                 ] 4/371, 1.4 task/s, elapsed: 3s, ETA:   259s[                                 ] 5/371, 1.7 task/s, elapsed: 3s, ETA:   213s[                                 ] 6/371, 2.0 task/s, elapsed: 3s, ETA:   182s[                                 ] 7/371, 2.3 task/s, elapsed: 3s, ETA:   160s[                                 ] 8/371, 2.5 task/s, elapsed: 3s, ETA:   143s[                                 ] 9/371, 2.8 task/s, elapsed: 3s, ETA:   130s[                                ] 10/371, 3.0 task/s, elapsed: 3s, ETA:   120s[                                ] 11/371, 3.2 task/s, elapsed: 3s, ETA:   112s[>                               ] 12/371, 3.4 task/s, elapsed: 3s, ETA:   105s[>                               ] 13/371, 3.6 task/s, elapsed: 4s, ETA:    99s[>                               ] 14/371, 3.8 task/s, elapsed: 4s, ETA:    93s[>                               ] 15/371, 4.0 task/s, elapsed: 4s, ETA:    89s[>                               ] 16/371, 4.2 task/s, elapsed: 4s, ETA:    85s[>                               ] 17/371, 4.3 task/s, elapsed: 4s, ETA:    82s[>                               ] 18/371, 4.5 task/s, elapsed: 4s, ETA:    78s[>                               ] 19/371, 4.6 task/s, elapsed: 4s, ETA:    76s[>                               ] 20/371, 4.8 task/s, elapsed: 4s, ETA:    73s[>                               ] 21/371, 4.9 task/s, elapsed: 4s, ETA:    71s[>                               ] 22/371, 5.1 task/s, elapsed: 4s, ETA:    69s[>                               ] 23/371, 5.2 task/s, elapsed: 4s, ETA:    67s[>>                              ] 24/371, 5.3 task/s, elapsed: 5s, ETA:    65s[>>                              ] 25/371, 5.4 task/s, elapsed: 5s, ETA:    64s[>>                              ] 26/371, 5.6 task/s, elapsed: 5s, ETA:    62s[>>                              ] 27/371, 5.7 task/s, elapsed: 5s, ETA:    61s[>>                              ] 28/371, 5.8 task/s, elapsed: 5s, ETA:    59s[>>                              ] 29/371, 5.9 task/s, elapsed: 5s, ETA:    58s[>>                              ] 30/371, 6.0 task/s, elapsed: 5s, ETA:    57s[>>                              ] 31/371, 6.1 task/s, elapsed: 5s, ETA:    56s[>>                              ] 32/371, 6.2 task/s, elapsed: 5s, ETA:    55s[>>                              ] 33/371, 6.3 task/s, elapsed: 5s, ETA:    54s[>>                              ] 34/371, 6.3 task/s, elapsed: 5s, ETA:    53s[>>>                             ] 35/371, 6.4 task/s, elapsed: 5s, ETA:    52s[>>>                             ] 36/371, 6.5 task/s, elapsed: 6s, ETA:    51s[>>>                             ] 37/371, 6.6 task/s, elapsed: 6s, ETA:    51s[>>>                             ] 38/371, 6.7 task/s, elapsed: 6s, ETA:    50s[>>>                             ] 39/371, 6.7 task/s, elapsed: 6s, ETA:    49s[>>>                             ] 40/371, 6.8 task/s, elapsed: 6s, ETA:    49s[>>>                             ] 41/371, 6.9 task/s, elapsed: 6s, ETA:    48s[>>>                             ] 42/371, 7.0 task/s, elapsed: 6s, ETA:    47s[>>>                             ] 43/371, 7.0 task/s, elapsed: 6s, ETA:    47s[>>>                             ] 44/371, 7.1 task/s, elapsed: 6s, ETA:    46s[>>>                             ] 45/371, 7.2 task/s, elapsed: 6s, ETA:    46s[>>>                             ] 46/371, 7.2 task/s, elapsed: 6s, ETA:    45s[>>>>                            ] 47/371, 7.3 task/s, elapsed: 6s, ETA:    44s[>>>>                            ] 48/371, 7.3 task/s, elapsed: 7s, ETA:    44s[>>>>                            ] 49/371, 7.4 task/s, elapsed: 7s, ETA:    44s[>>>>                            ] 50/371, 7.5 task/s, elapsed: 7s, ETA:    43s[>>>>                            ] 51/371, 7.5 task/s, elapsed: 7s, ETA:    43s[>>>>                            ] 52/371, 7.6 task/s, elapsed: 7s, ETA:    42s[>>>>                            ] 53/371, 7.6 task/s, elapsed: 7s, ETA:    42s[>>>>                            ] 54/371, 7.7 task/s, elapsed: 7s, ETA:    41s[>>>>                            ] 55/371, 7.7 task/s, elapsed: 7s, ETA:    41s[>>>>                            ] 56/371, 7.8 task/s, elapsed: 7s, ETA:    41s[>>>>                            ] 57/371, 7.8 task/s, elapsed: 7s, ETA:    40s[>>>>>                           ] 58/371, 7.9 task/s, elapsed: 7s, ETA:    40s[>>>>>                           ] 59/371, 7.9 task/s, elapsed: 7s, ETA:    39s[>>>>>                           ] 60/371, 7.9 task/s, elapsed: 8s, ETA:    39s[>>>>>                           ] 61/371, 8.0 task/s, elapsed: 8s, ETA:    39s[>>>>>                           ] 62/371, 8.0 task/s, elapsed: 8s, ETA:    38s[>>>>>                           ] 63/371, 8.1 task/s, elapsed: 8s, ETA:    38s[>>>>>                           ] 64/371, 8.1 task/s, elapsed: 8s, ETA:    38s[>>>>>                           ] 65/371, 8.2 task/s, elapsed: 8s, ETA:    38s[>>>>>                           ] 66/371, 8.2 task/s, elapsed: 8s, ETA:    37s[>>>>>                           ] 67/371, 8.2 task/s, elapsed: 8s, ETA:    37s[>>>>>                           ] 68/371, 8.3 task/s, elapsed: 8s, ETA:    37s[>>>>>                           ] 69/371, 8.3 task/s, elapsed: 8s, ETA:    36s[>>>>>>                          ] 70/371, 8.3 task/s, elapsed: 8s, ETA:    36s[>>>>>>                          ] 71/371, 8.4 task/s, elapsed: 8s, ETA:    36s[>>>>>>                          ] 72/371, 8.4 task/s, elapsed: 9s, ETA:    36s[>>>>>>                          ] 73/371, 8.5 task/s, elapsed: 9s, ETA:    35s[>>>>>>                          ] 74/371, 8.5 task/s, elapsed: 9s, ETA:    35s[>>>>>>                          ] 75/371, 8.5 task/s, elapsed: 9s, ETA:    35s[>>>>>>                          ] 76/371, 8.6 task/s, elapsed: 9s, ETA:    35s[>>>>>>                          ] 77/371, 8.6 task/s, elapsed: 9s, ETA:    34s[>>>>>>                          ] 78/371, 8.6 task/s, elapsed: 9s, ETA:    34s[>>>>>>                          ] 79/371, 8.6 task/s, elapsed: 9s, ETA:    34s[>>>>>>                          ] 80/371, 8.7 task/s, elapsed: 9s, ETA:    34s[>>>>>>                          ] 81/371, 8.7 task/s, elapsed: 9s, ETA:    33s[>>>>>>>                         ] 82/371, 8.7 task/s, elapsed: 9s, ETA:    33s[>>>>>>>                         ] 83/371, 8.8 task/s, elapsed: 9s, ETA:    33s[>>>>>>>                        ] 84/371, 8.8 task/s, elapsed: 10s, ETA:    33s[>>>>>>>                        ] 85/371, 8.8 task/s, elapsed: 10s, ETA:    32s[>>>>>>>                        ] 86/371, 8.8 task/s, elapsed: 10s, ETA:    32s[>>>>>>>                        ] 87/371, 8.9 task/s, elapsed: 10s, ETA:    32s[>>>>>>>                        ] 88/371, 8.9 task/s, elapsed: 10s, ETA:    32s[>>>>>>>                        ] 89/371, 8.9 task/s, elapsed: 10s, ETA:    32s[>>>>>>>                        ] 90/371, 8.9 task/s, elapsed: 10s, ETA:    31s[>>>>>>>                        ] 91/371, 9.0 task/s, elapsed: 10s, ETA:    31s[>>>>>>>                        ] 92/371, 9.0 task/s, elapsed: 10s, ETA:    31s[>>>>>>>                        ] 93/371, 9.0 task/s, elapsed: 10s, ETA:    31s[>>>>>>>                        ] 94/371, 9.0 task/s, elapsed: 10s, ETA:    31s[>>>>>>>                        ] 95/371, 9.1 task/s, elapsed: 10s, ETA:    30s[>>>>>>>>                       ] 96/371, 9.1 task/s, elapsed: 11s, ETA:    30s[>>>>>>>>                       ] 97/371, 9.1 task/s, elapsed: 11s, ETA:    30s[>>>>>>>>                       ] 98/371, 9.1 task/s, elapsed: 11s, ETA:    30s[>>>>>>>>                       ] 99/371, 9.1 task/s, elapsed: 11s, ETA:    30s[>>>>>>>>                      ] 100/371, 9.2 task/s, elapsed: 11s, ETA:    30s[>>>>>>>>                      ] 101/371, 9.2 task/s, elapsed: 11s, ETA:    29s[>>>>>>>>                      ] 102/371, 9.2 task/s, elapsed: 11s, ETA:    29s[>>>>>>>>                      ] 103/371, 9.2 task/s, elapsed: 11s, ETA:    29s[>>>>>>>>                      ] 104/371, 9.2 task/s, elapsed: 11s, ETA:    29s[>>>>>>>>                      ] 105/371, 9.3 task/s, elapsed: 11s, ETA:    29s[>>>>>>>>                      ] 106/371, 9.3 task/s, elapsed: 11s, ETA:    29s[>>>>>>>>                      ] 107/371, 9.3 task/s, elapsed: 12s, ETA:    28s[>>>>>>>>                      ] 108/371, 9.3 task/s, elapsed: 12s, ETA:    28s[>>>>>>>>                      ] 109/371, 9.3 task/s, elapsed: 12s, ETA:    28s[>>>>>>>>                      ] 110/371, 9.4 task/s, elapsed: 12s, ETA:    28s[>>>>>>>>                      ] 111/371, 9.4 task/s, elapsed: 12s, ETA:    28s[>>>>>>>>>                     ] 112/371, 9.4 task/s, elapsed: 12s, ETA:    28s[>>>>>>>>>                     ] 113/371, 9.4 task/s, elapsed: 12s, ETA:    27s[>>>>>>>>>                     ] 114/371, 9.4 task/s, elapsed: 12s, ETA:    27s[>>>>>>>>>                     ] 115/371, 9.4 task/s, elapsed: 12s, ETA:    27s[>>>>>>>>>                     ] 116/371, 9.5 task/s, elapsed: 12s, ETA:    27s[>>>>>>>>>                     ] 117/371, 9.5 task/s, elapsed: 12s, ETA:    27s[>>>>>>>>>                     ] 118/371, 9.5 task/s, elapsed: 12s, ETA:    27s[>>>>>>>>>                     ] 119/371, 9.5 task/s, elapsed: 13s, ETA:    27s[>>>>>>>>>                     ] 120/371, 9.5 task/s, elapsed: 13s, ETA:    26s[>>>>>>>>>                     ] 121/371, 9.5 task/s, elapsed: 13s, ETA:    26s[>>>>>>>>>                     ] 122/371, 9.6 task/s, elapsed: 13s, ETA:    26s[>>>>>>>>>                     ] 123/371, 9.6 task/s, elapsed: 13s, ETA:    26s[>>>>>>>>>>                    ] 124/371, 9.6 task/s, elapsed: 13s, ETA:    26s[>>>>>>>>>>                    ] 125/371, 9.6 task/s, elapsed: 13s, ETA:    26s[>>>>>>>>>>                    ] 126/371, 9.6 task/s, elapsed: 13s, ETA:    25s[>>>>>>>>>>                    ] 127/371, 9.6 task/s, elapsed: 13s, ETA:    25s[>>>>>>>>>>                    ] 128/371, 9.6 task/s, elapsed: 13s, ETA:    25s[>>>>>>>>>>                    ] 129/371, 9.7 task/s, elapsed: 13s, ETA:    25s[>>>>>>>>>>                    ] 130/371, 9.7 task/s, elapsed: 13s, ETA:    25s[>>>>>>>>>>                    ] 131/371, 9.7 task/s, elapsed: 14s, ETA:    25s[>>>>>>>>>>                    ] 132/371, 9.7 task/s, elapsed: 14s, ETA:    25s[>>>>>>>>>>                    ] 133/371, 9.7 task/s, elapsed: 14s, ETA:    25s[>>>>>>>>>>                    ] 134/371, 9.7 task/s, elapsed: 14s, ETA:    24s[>>>>>>>>>>                    ] 135/371, 9.7 task/s, elapsed: 14s, ETA:    24s[>>>>>>>>>>                    ] 136/371, 9.7 task/s, elapsed: 14s, ETA:    24s[>>>>>>>>>>>                   ] 137/371, 9.8 task/s, elapsed: 14s, ETA:    24s[>>>>>>>>>>>                   ] 138/371, 9.8 task/s, elapsed: 14s, ETA:    24s[>>>>>>>>>>>                   ] 139/371, 9.8 task/s, elapsed: 14s, ETA:    24s[>>>>>>>>>>>                   ] 140/371, 9.8 task/s, elapsed: 14s, ETA:    24s[>>>>>>>>>>>                   ] 141/371, 9.8 task/s, elapsed: 14s, ETA:    23s[>>>>>>>>>>>                   ] 142/371, 9.8 task/s, elapsed: 14s, ETA:    23s[>>>>>>>>>>>                   ] 143/371, 9.8 task/s, elapsed: 15s, ETA:    23s[>>>>>>>>>>>                   ] 144/371, 9.8 task/s, elapsed: 15s, ETA:    23s[>>>>>>>>>>>                   ] 145/371, 9.9 task/s, elapsed: 15s, ETA:    23s[>>>>>>>>>>>                   ] 146/371, 9.9 task/s, elapsed: 15s, ETA:    23s[>>>>>>>>>>>                   ] 147/371, 9.9 task/s, elapsed: 15s, ETA:    23s[>>>>>>>>>>>                   ] 148/371, 9.9 task/s, elapsed: 15s, ETA:    23s[>>>>>>>>>>>>                  ] 149/371, 9.9 task/s, elapsed: 15s, ETA:    22s[>>>>>>>>>>>>                  ] 150/371, 9.9 task/s, elapsed: 15s, ETA:    22s[>>>>>>>>>>>>                  ] 151/371, 9.9 task/s, elapsed: 15s, ETA:    22s[>>>>>>>>>>>>                  ] 152/371, 9.9 task/s, elapsed: 15s, ETA:    22s[>>>>>>>>>>>>                  ] 153/371, 9.9 task/s, elapsed: 15s, ETA:    22s[>>>>>>>>>>>>                  ] 154/371, 9.9 task/s, elapsed: 15s, ETA:    22s[>>>>>>>>>>>>                 ] 155/371, 10.0 task/s, elapsed: 16s, ETA:    22s[>>>>>>>>>>>>                 ] 156/371, 10.0 task/s, elapsed: 16s, ETA:    22s[>>>>>>>>>>>>                 ] 157/371, 10.0 task/s, elapsed: 16s, ETA:    21s[>>>>>>>>>>>>                 ] 158/371, 10.0 task/s, elapsed: 16s, ETA:    21s[>>>>>>>>>>>>                 ] 159/371, 10.0 task/s, elapsed: 16s, ETA:    21s[>>>>>>>>>>>>                 ] 160/371, 10.0 task/s, elapsed: 16s, ETA:    21s[>>>>>>>>>>>>                 ] 161/371, 10.0 task/s, elapsed: 16s, ETA:    21s[>>>>>>>>>>>>                 ] 162/371, 10.0 task/s, elapsed: 16s, ETA:    21s[>>>>>>>>>>>>                 ] 163/371, 10.0 task/s, elapsed: 16s, ETA:    21s[>>>>>>>>>>>>                 ] 164/371, 10.0 task/s, elapsed: 16s, ETA:    21s[>>>>>>>>>>>>                 ] 165/371, 10.1 task/s, elapsed: 16s, ETA:    20s[>>>>>>>>>>>>                 ] 166/371, 10.1 task/s, elapsed: 16s, ETA:    20s[>>>>>>>>>>>>>                ] 167/371, 10.1 task/s, elapsed: 17s, ETA:    20s[>>>>>>>>>>>>>                ] 168/371, 10.1 task/s, elapsed: 17s, ETA:    20s[>>>>>>>>>>>>>                ] 169/371, 10.1 task/s, elapsed: 17s, ETA:    20s[>>>>>>>>>>>>>                ] 170/371, 10.1 task/s, elapsed: 17s, ETA:    20s[>>>>>>>>>>>>>                ] 171/371, 10.1 task/s, elapsed: 17s, ETA:    20s[>>>>>>>>>>>>>                ] 172/371, 10.1 task/s, elapsed: 17s, ETA:    20s[>>>>>>>>>>>>>                ] 173/371, 10.1 task/s, elapsed: 17s, ETA:    20s[>>>>>>>>>>>>>                ] 174/371, 10.1 task/s, elapsed: 17s, ETA:    19s[>>>>>>>>>>>>>                ] 175/371, 10.1 task/s, elapsed: 17s, ETA:    19s[>>>>>>>>>>>>>                ] 176/371, 10.2 task/s, elapsed: 17s, ETA:    19s[>>>>>>>>>>>>>                ] 177/371, 10.2 task/s, elapsed: 17s, ETA:    19s[>>>>>>>>>>>>>                ] 178/371, 10.2 task/s, elapsed: 18s, ETA:    19s[>>>>>>>>>>>>>                ] 179/371, 10.2 task/s, elapsed: 18s, ETA:    19s[>>>>>>>>>>>>>>               ] 180/371, 10.2 task/s, elapsed: 18s, ETA:    19s[>>>>>>>>>>>>>>               ] 181/371, 10.2 task/s, elapsed: 18s, ETA:    19s[>>>>>>>>>>>>>>               ] 182/371, 10.2 task/s, elapsed: 18s, ETA:    19s[>>>>>>>>>>>>>>               ] 183/371, 10.2 task/s, elapsed: 18s, ETA:    18s[>>>>>>>>>>>>>>               ] 184/371, 10.2 task/s, elapsed: 18s, ETA:    18s[>>>>>>>>>>>>>>               ] 185/371, 10.2 task/s, elapsed: 18s, ETA:    18s[>>>>>>>>>>>>>>               ] 186/371, 10.2 task/s, elapsed: 18s, ETA:    18s[>>>>>>>>>>>>>>               ] 187/371, 10.2 task/s, elapsed: 18s, ETA:    18s[>>>>>>>>>>>>>>               ] 188/371, 10.2 task/s, elapsed: 18s, ETA:    18s[>>>>>>>>>>>>>>               ] 189/371, 10.3 task/s, elapsed: 18s, ETA:    18s[>>>>>>>>>>>>>>               ] 190/371, 10.3 task/s, elapsed: 19s, ETA:    18s[>>>>>>>>>>>>>>               ] 191/371, 10.3 task/s, elapsed: 19s, ETA:    18s[>>>>>>>>>>>>>>>              ] 192/371, 10.3 task/s, elapsed: 19s, ETA:    17s[>>>>>>>>>>>>>>>              ] 193/371, 10.3 task/s, elapsed: 19s, ETA:    17s[>>>>>>>>>>>>>>>              ] 194/371, 10.3 task/s, elapsed: 19s, ETA:    17s[>>>>>>>>>>>>>>>              ] 195/371, 10.3 task/s, elapsed: 19s, ETA:    17s[>>>>>>>>>>>>>>>              ] 196/371, 10.3 task/s, elapsed: 19s, ETA:    17s[>>>>>>>>>>>>>>>              ] 197/371, 10.3 task/s, elapsed: 19s, ETA:    17s[>>>>>>>>>>>>>>>              ] 198/371, 10.3 task/s, elapsed: 19s, ETA:    17s[>>>>>>>>>>>>>>>              ] 199/371, 10.3 task/s, elapsed: 19s, ETA:    17s[>>>>>>>>>>>>>>>              ] 200/371, 10.3 task/s, elapsed: 19s, ETA:    17s[>>>>>>>>>>>>>>>              ] 201/371, 10.3 task/s, elapsed: 19s, ETA:    16s[>>>>>>>>>>>>>>>              ] 202/371, 10.3 task/s, elapsed: 20s, ETA:    16s[>>>>>>>>>>>>>>>              ] 203/371, 10.4 task/s, elapsed: 20s, ETA:    16s[>>>>>>>>>>>>>>>              ] 204/371, 10.4 task/s, elapsed: 20s, ETA:    16s[>>>>>>>>>>>>>>>>             ] 205/371, 10.4 task/s, elapsed: 20s, ETA:    16s[>>>>>>>>>>>>>>>>             ] 206/371, 10.4 task/s, elapsed: 20s, ETA:    16s[>>>>>>>>>>>>>>>>             ] 207/371, 10.4 task/s, elapsed: 20s, ETA:    16s[>>>>>>>>>>>>>>>>             ] 208/371, 10.4 task/s, elapsed: 20s, ETA:    16s[>>>>>>>>>>>>>>>>             ] 209/371, 10.4 task/s, elapsed: 20s, ETA:    16s[>>>>>>>>>>>>>>>>             ] 210/371, 10.4 task/s, elapsed: 20s, ETA:    15s[>>>>>>>>>>>>>>>>             ] 211/371, 10.4 task/s, elapsed: 20s, ETA:    15s[>>>>>>>>>>>>>>>>             ] 212/371, 10.4 task/s, elapsed: 20s, ETA:    15s[>>>>>>>>>>>>>>>>             ] 213/371, 10.4 task/s, elapsed: 20s, ETA:    15s[>>>>>>>>>>>>>>>>             ] 214/371, 10.4 task/s, elapsed: 21s, ETA:    15s[>>>>>>>>>>>>>>>>             ] 215/371, 10.4 task/s, elapsed: 21s, ETA:    15s[>>>>>>>>>>>>>>>>             ] 216/371, 10.4 task/s, elapsed: 21s, ETA:    15s[>>>>>>>>>>>>>>>>             ] 217/371, 10.4 task/s, elapsed: 21s, ETA:    15s[>>>>>>>>>>>>>>>>>            ] 218/371, 10.4 task/s, elapsed: 21s, ETA:    15s[>>>>>>>>>>>>>>>>>            ] 219/371, 10.5 task/s, elapsed: 21s, ETA:    15s[>>>>>>>>>>>>>>>>>            ] 220/371, 10.5 task/s, elapsed: 21s, ETA:    14s[>>>>>>>>>>>>>>>>>            ] 221/371, 10.5 task/s, elapsed: 21s, ETA:    14s[>>>>>>>>>>>>>>>>>            ] 222/371, 10.5 task/s, elapsed: 21s, ETA:    14s[>>>>>>>>>>>>>>>>>            ] 223/371, 10.5 task/s, elapsed: 21s, ETA:    14s[>>>>>>>>>>>>>>>>>            ] 224/371, 10.5 task/s, elapsed: 21s, ETA:    14s[>>>>>>>>>>>>>>>>>            ] 225/371, 10.5 task/s, elapsed: 21s, ETA:    14s[>>>>>>>>>>>>>>>>>            ] 226/371, 10.5 task/s, elapsed: 22s, ETA:    14s[>>>>>>>>>>>>>>>>>            ] 227/371, 10.5 task/s, elapsed: 22s, ETA:    14s[>>>>>>>>>>>>>>>>>            ] 228/371, 10.5 task/s, elapsed: 22s, ETA:    14s[>>>>>>>>>>>>>>>>>            ] 229/371, 10.5 task/s, elapsed: 22s, ETA:    14s[>>>>>>>>>>>>>>>>>            ] 230/371, 10.5 task/s, elapsed: 22s, ETA:    13s[>>>>>>>>>>>>>>>>>>           ] 231/371, 10.5 task/s, elapsed: 22s, ETA:    13s[>>>>>>>>>>>>>>>>>>           ] 232/371, 10.5 task/s, elapsed: 22s, ETA:    13s[>>>>>>>>>>>>>>>>>>           ] 233/371, 10.5 task/s, elapsed: 22s, ETA:    13s[>>>>>>>>>>>>>>>>>>           ] 234/371, 10.5 task/s, elapsed: 22s, ETA:    13s[>>>>>>>>>>>>>>>>>>           ] 235/371, 10.5 task/s, elapsed: 22s, ETA:    13s[>>>>>>>>>>>>>>>>>>           ] 236/371, 10.5 task/s, elapsed: 22s, ETA:    13s[>>>>>>>>>>>>>>>>>>           ] 237/371, 10.5 task/s, elapsed: 22s, ETA:    13s[>>>>>>>>>>>>>>>>>>           ] 238/371, 10.5 task/s, elapsed: 23s, ETA:    13s[>>>>>>>>>>>>>>>>>>           ] 239/371, 10.5 task/s, elapsed: 23s, ETA:    13s[>>>>>>>>>>>>>>>>>>           ] 240/371, 10.5 task/s, elapsed: 23s, ETA:    12s[>>>>>>>>>>>>>>>>>>           ] 241/371, 10.6 task/s, elapsed: 23s, ETA:    12s[>>>>>>>>>>>>>>>>>>           ] 242/371, 10.6 task/s, elapsed: 23s, ETA:    12s[>>>>>>>>>>>>>>>>>>           ] 243/371, 10.6 task/s, elapsed: 23s, ETA:    12s[>>>>>>>>>>>>>>>>>>>          ] 244/371, 10.6 task/s, elapsed: 23s, ETA:    12s[>>>>>>>>>>>>>>>>>>>          ] 245/371, 10.6 task/s, elapsed: 23s, ETA:    12s[>>>>>>>>>>>>>>>>>>>          ] 246/371, 10.6 task/s, elapsed: 23s, ETA:    12s[>>>>>>>>>>>>>>>>>>>          ] 247/371, 10.6 task/s, elapsed: 23s, ETA:    12s[>>>>>>>>>>>>>>>>>>>          ] 248/371, 10.6 task/s, elapsed: 23s, ETA:    12s[>>>>>>>>>>>>>>>>>>>          ] 249/371, 10.6 task/s, elapsed: 24s, ETA:    12s[>>>>>>>>>>>>>>>>>>>          ] 250/371, 10.6 task/s, elapsed: 24s, ETA:    11s[>>>>>>>>>>>>>>>>>>>          ] 251/371, 10.6 task/s, elapsed: 24s, ETA:    11s[>>>>>>>>>>>>>>>>>>>          ] 252/371, 10.6 task/s, elapsed: 24s, ETA:    11s[>>>>>>>>>>>>>>>>>>>          ] 253/371, 10.6 task/s, elapsed: 24s, ETA:    11s[>>>>>>>>>>>>>>>>>>>          ] 254/371, 10.6 task/s, elapsed: 24s, ETA:    11s[>>>>>>>>>>>>>>>>>>>          ] 255/371, 10.6 task/s, elapsed: 24s, ETA:    11s[>>>>>>>>>>>>>>>>>>>>         ] 256/371, 10.6 task/s, elapsed: 24s, ETA:    11s[>>>>>>>>>>>>>>>>>>>>         ] 257/371, 10.6 task/s, elapsed: 24s, ETA:    11s[>>>>>>>>>>>>>>>>>>>>         ] 258/371, 10.6 task/s, elapsed: 24s, ETA:    11s[>>>>>>>>>>>>>>>>>>>>         ] 259/371, 10.6 task/s, elapsed: 24s, ETA:    11s[>>>>>>>>>>>>>>>>>>>>         ] 260/371, 10.6 task/s, elapsed: 24s, ETA:    10s[>>>>>>>>>>>>>>>>>>>>         ] 261/371, 10.6 task/s, elapsed: 25s, ETA:    10s[>>>>>>>>>>>>>>>>>>>>         ] 262/371, 10.6 task/s, elapsed: 25s, ETA:    10s[>>>>>>>>>>>>>>>>>>>>         ] 263/371, 10.6 task/s, elapsed: 25s, ETA:    10s[>>>>>>>>>>>>>>>>>>>>         ] 264/371, 10.7 task/s, elapsed: 25s, ETA:    10s[>>>>>>>>>>>>>>>>>>>>         ] 265/371, 10.7 task/s, elapsed: 25s, ETA:    10s[>>>>>>>>>>>>>>>>>>>>         ] 266/371, 10.7 task/s, elapsed: 25s, ETA:    10s[>>>>>>>>>>>>>>>>>>>>         ] 267/371, 10.7 task/s, elapsed: 25s, ETA:    10s[>>>>>>>>>>>>>>>>>>>>         ] 268/371, 10.7 task/s, elapsed: 25s, ETA:    10s[>>>>>>>>>>>>>>>>>>>>>        ] 269/371, 10.7 task/s, elapsed: 25s, ETA:    10s[>>>>>>>>>>>>>>>>>>>>>        ] 270/371, 10.7 task/s, elapsed: 25s, ETA:     9s[>>>>>>>>>>>>>>>>>>>>>        ] 271/371, 10.7 task/s, elapsed: 25s, ETA:     9s[>>>>>>>>>>>>>>>>>>>>>        ] 272/371, 10.7 task/s, elapsed: 25s, ETA:     9s[>>>>>>>>>>>>>>>>>>>>>        ] 273/371, 10.7 task/s, elapsed: 26s, ETA:     9s[>>>>>>>>>>>>>>>>>>>>>        ] 274/371, 10.7 task/s, elapsed: 26s, ETA:     9s[>>>>>>>>>>>>>>>>>>>>>        ] 275/371, 10.7 task/s, elapsed: 26s, ETA:     9s[>>>>>>>>>>>>>>>>>>>>>        ] 276/371, 10.7 task/s, elapsed: 26s, ETA:     9s[>>>>>>>>>>>>>>>>>>>>>        ] 277/371, 10.7 task/s, elapsed: 26s, ETA:     9s[>>>>>>>>>>>>>>>>>>>>>        ] 278/371, 10.7 task/s, elapsed: 26s, ETA:     9s[>>>>>>>>>>>>>>>>>>>>>        ] 279/371, 10.7 task/s, elapsed: 26s, ETA:     9s[>>>>>>>>>>>>>>>>>>>>>        ] 280/371, 10.7 task/s, elapsed: 26s, ETA:     8s[>>>>>>>>>>>>>>>>>>>>>        ] 281/371, 10.7 task/s, elapsed: 26s, ETA:     8s[>>>>>>>>>>>>>>>>>>>>>>       ] 282/371, 10.7 task/s, elapsed: 26s, ETA:     8s[>>>>>>>>>>>>>>>>>>>>>>       ] 283/371, 10.7 task/s, elapsed: 26s, ETA:     8s[>>>>>>>>>>>>>>>>>>>>>>       ] 284/371, 10.7 task/s, elapsed: 26s, ETA:     8s[>>>>>>>>>>>>>>>>>>>>>>       ] 285/371, 10.7 task/s, elapsed: 27s, ETA:     8s[>>>>>>>>>>>>>>>>>>>>>>       ] 286/371, 10.7 task/s, elapsed: 27s, ETA:     8s[>>>>>>>>>>>>>>>>>>>>>>       ] 287/371, 10.7 task/s, elapsed: 27s, ETA:     8s[>>>>>>>>>>>>>>>>>>>>>>       ] 288/371, 10.7 task/s, elapsed: 27s, ETA:     8s[>>>>>>>>>>>>>>>>>>>>>>       ] 289/371, 10.7 task/s, elapsed: 27s, ETA:     8s[>>>>>>>>>>>>>>>>>>>>>>       ] 290/371, 10.7 task/s, elapsed: 27s, ETA:     8s[>>>>>>>>>>>>>>>>>>>>>>       ] 291/371, 10.7 task/s, elapsed: 27s, ETA:     7s[>>>>>>>>>>>>>>>>>>>>>>       ] 292/371, 10.8 task/s, elapsed: 27s, ETA:     7s[>>>>>>>>>>>>>>>>>>>>>>       ] 293/371, 10.8 task/s, elapsed: 27s, ETA:     7s[>>>>>>>>>>>>>>>>>>>>>>       ] 294/371, 10.8 task/s, elapsed: 27s, ETA:     7s[>>>>>>>>>>>>>>>>>>>>>>>      ] 295/371, 10.8 task/s, elapsed: 27s, ETA:     7s[>>>>>>>>>>>>>>>>>>>>>>>      ] 296/371, 10.8 task/s, elapsed: 27s, ETA:     7s[>>>>>>>>>>>>>>>>>>>>>>>      ] 297/371, 10.8 task/s, elapsed: 28s, ETA:     7s[>>>>>>>>>>>>>>>>>>>>>>>      ] 298/371, 10.8 task/s, elapsed: 28s, ETA:     7s[>>>>>>>>>>>>>>>>>>>>>>>      ] 299/371, 10.8 task/s, elapsed: 28s, ETA:     7s[>>>>>>>>>>>>>>>>>>>>>>>      ] 300/371, 10.8 task/s, elapsed: 28s, ETA:     7s[>>>>>>>>>>>>>>>>>>>>>>>      ] 301/371, 10.8 task/s, elapsed: 28s, ETA:     6s[>>>>>>>>>>>>>>>>>>>>>>>      ] 302/371, 10.8 task/s, elapsed: 28s, ETA:     6s[>>>>>>>>>>>>>>>>>>>>>>>      ] 303/371, 10.8 task/s, elapsed: 28s, ETA:     6s[>>>>>>>>>>>>>>>>>>>>>>>      ] 304/371, 10.8 task/s, elapsed: 28s, ETA:     6s[>>>>>>>>>>>>>>>>>>>>>>>      ] 305/371, 10.8 task/s, elapsed: 28s, ETA:     6s[>>>>>>>>>>>>>>>>>>>>>>>      ] 306/371, 10.8 task/s, elapsed: 28s, ETA:     6s[>>>>>>>>>>>>>>>>>>>>>>>      ] 307/371, 10.8 task/s, elapsed: 28s, ETA:     6s[>>>>>>>>>>>>>>>>>>>>>>>>     ] 308/371, 10.8 task/s, elapsed: 29s, ETA:     6s[>>>>>>>>>>>>>>>>>>>>>>>>     ] 309/371, 10.8 task/s, elapsed: 29s, ETA:     6s[>>>>>>>>>>>>>>>>>>>>>>>>     ] 310/371, 10.8 task/s, elapsed: 29s, ETA:     6s[>>>>>>>>>>>>>>>>>>>>>>>>     ] 311/371, 10.8 task/s, elapsed: 29s, ETA:     6s[>>>>>>>>>>>>>>>>>>>>>>>>     ] 312/371, 10.8 task/s, elapsed: 29s, ETA:     5s[>>>>>>>>>>>>>>>>>>>>>>>>     ] 313/371, 10.8 task/s, elapsed: 29s, ETA:     5s[>>>>>>>>>>>>>>>>>>>>>>>>     ] 314/371, 10.8 task/s, elapsed: 29s, ETA:     5s[>>>>>>>>>>>>>>>>>>>>>>>>     ] 315/371, 10.8 task/s, elapsed: 29s, ETA:     5s[>>>>>>>>>>>>>>>>>>>>>>>>     ] 316/371, 10.8 task/s, elapsed: 29s, ETA:     5s[>>>>>>>>>>>>>>>>>>>>>>>>     ] 317/371, 10.8 task/s, elapsed: 29s, ETA:     5s[>>>>>>>>>>>>>>>>>>>>>>>>     ] 318/371, 10.8 task/s, elapsed: 29s, ETA:     5s[>>>>>>>>>>>>>>>>>>>>>>>>     ] 319/371, 10.8 task/s, elapsed: 29s, ETA:     5s[>>>>>>>>>>>>>>>>>>>>>>>>>    ] 320/371, 10.8 task/s, elapsed: 30s, ETA:     5s[>>>>>>>>>>>>>>>>>>>>>>>>>    ] 321/371, 10.8 task/s, elapsed: 30s, ETA:     5s[>>>>>>>>>>>>>>>>>>>>>>>>>    ] 322/371, 10.8 task/s, elapsed: 30s, ETA:     5s[>>>>>>>>>>>>>>>>>>>>>>>>>    ] 323/371, 10.8 task/s, elapsed: 30s, ETA:     4s[>>>>>>>>>>>>>>>>>>>>>>>>>    ] 324/371, 10.8 task/s, elapsed: 30s, ETA:     4s[>>>>>>>>>>>>>>>>>>>>>>>>>    ] 325/371, 10.8 task/s, elapsed: 30s, ETA:     4s[>>>>>>>>>>>>>>>>>>>>>>>>>    ] 326/371, 10.9 task/s, elapsed: 30s, ETA:     4s[>>>>>>>>>>>>>>>>>>>>>>>>>    ] 327/371, 10.9 task/s, elapsed: 30s, ETA:     4s[>>>>>>>>>>>>>>>>>>>>>>>>>    ] 328/371, 10.9 task/s, elapsed: 30s, ETA:     4s[>>>>>>>>>>>>>>>>>>>>>>>>>    ] 329/371, 10.9 task/s, elapsed: 30s, ETA:     4s[>>>>>>>>>>>>>>>>>>>>>>>>>    ] 330/371, 10.9 task/s, elapsed: 30s, ETA:     4s[>>>>>>>>>>>>>>>>>>>>>>>>>    ] 331/371, 10.9 task/s, elapsed: 30s, ETA:     4s[>>>>>>>>>>>>>>>>>>>>>>>>>    ] 332/371, 10.9 task/s, elapsed: 31s, ETA:     4s[>>>>>>>>>>>>>>>>>>>>>>>>>>   ] 333/371, 10.9 task/s, elapsed: 31s, ETA:     3s[>>>>>>>>>>>>>>>>>>>>>>>>>>   ] 334/371, 10.9 task/s, elapsed: 31s, ETA:     3s[>>>>>>>>>>>>>>>>>>>>>>>>>>   ] 335/371, 10.9 task/s, elapsed: 31s, ETA:     3s[>>>>>>>>>>>>>>>>>>>>>>>>>>   ] 336/371, 10.9 task/s, elapsed: 31s, ETA:     3s[>>>>>>>>>>>>>>>>>>>>>>>>>>   ] 337/371, 10.9 task/s, elapsed: 31s, ETA:     3s[>>>>>>>>>>>>>>>>>>>>>>>>>>   ] 338/371, 10.9 task/s, elapsed: 31s, ETA:     3s[>>>>>>>>>>>>>>>>>>>>>>>>>>   ] 339/371, 10.9 task/s, elapsed: 31s, ETA:     3s[>>>>>>>>>>>>>>>>>>>>>>>>>>   ] 340/371, 10.9 task/s, elapsed: 31s, ETA:     3s[>>>>>>>>>>>>>>>>>>>>>>>>>>   ] 341/371, 10.9 task/s, elapsed: 31s, ETA:     3s[>>>>>>>>>>>>>>>>>>>>>>>>>>   ] 342/371, 10.9 task/s, elapsed: 31s, ETA:     3s[>>>>>>>>>>>>>>>>>>>>>>>>>>   ] 343/371, 10.9 task/s, elapsed: 32s, ETA:     3s[>>>>>>>>>>>>>>>>>>>>>>>>>>   ] 344/371, 10.9 task/s, elapsed: 32s, ETA:     2s[>>>>>>>>>>>>>>>>>>>>>>>>>>   ] 345/371, 10.9 task/s, elapsed: 32s, ETA:     2s[>>>>>>>>>>>>>>>>>>>>>>>>>>>  ] 346/371, 10.9 task/s, elapsed: 32s, ETA:     2s[>>>>>>>>>>>>>>>>>>>>>>>>>>>  ] 347/371, 10.9 task/s, elapsed: 32s, ETA:     2s[>>>>>>>>>>>>>>>>>>>>>>>>>>>  ] 348/371, 10.9 task/s, elapsed: 32s, ETA:     2s[>>>>>>>>>>>>>>>>>>>>>>>>>>>  ] 349/371, 10.9 task/s, elapsed: 32s, ETA:     2s[>>>>>>>>>>>>>>>>>>>>>>>>>>>  ] 350/371, 10.9 task/s, elapsed: 32s, ETA:     2s[>>>>>>>>>>>>>>>>>>>>>>>>>>>  ] 351/371, 10.9 task/s, elapsed: 32s, ETA:     2s[>>>>>>>>>>>>>>>>>>>>>>>>>>>  ] 352/371, 10.9 task/s, elapsed: 32s, ETA:     2s[>>>>>>>>>>>>>>>>>>>>>>>>>>>  ] 353/371, 10.9 task/s, elapsed: 32s, ETA:     2s[>>>>>>>>>>>>>>>>>>>>>>>>>>>  ] 354/371, 10.9 task/s, elapsed: 32s, ETA:     2s[>>>>>>>>>>>>>>>>>>>>>>>>>>>  ] 355/371, 10.9 task/s, elapsed: 33s, ETA:     1s[>>>>>>>>>>>>>>>>>>>>>>>>>>>  ] 356/371, 10.9 task/s, elapsed: 33s, ETA:     1s[>>>>>>>>>>>>>>>>>>>>>>>>>>>  ] 357/371, 10.9 task/s, elapsed: 33s, ETA:     1s[>>>>>>>>>>>>>>>>>>>>>>>>>>>  ] 358/371, 10.9 task/s, elapsed: 33s, ETA:     1s[>>>>>>>>>>>>>>>>>>>>>>>>>>>> ] 359/371, 10.9 task/s, elapsed: 33s, ETA:     1s[>>>>>>>>>>>>>>>>>>>>>>>>>>>> ] 360/371, 10.9 task/s, elapsed: 33s, ETA:     1s[>>>>>>>>>>>>>>>>>>>>>>>>>>>> ] 361/371, 10.9 task/s, elapsed: 33s, ETA:     1s[>>>>>>>>>>>>>>>>>>>>>>>>>>>> ] 362/371, 10.9 task/s, elapsed: 33s, ETA:     1s[>>>>>>>>>>>>>>>>>>>>>>>>>>>> ] 363/371, 10.9 task/s, elapsed: 33s, ETA:     1s[>>>>>>>>>>>>>>>>>>>>>>>>>>>> ] 364/371, 10.9 task/s, elapsed: 33s, ETA:     1s[>>>>>>>>>>>>>>>>>>>>>>>>>>>> ] 365/371, 10.9 task/s, elapsed: 33s, ETA:     1s[>>>>>>>>>>>>>>>>>>>>>>>>>>>> ] 366/371, 10.9 task/s, elapsed: 33s, ETA:     0s[>>>>>>>>>>>>>>>>>>>>>>>>>>>> ] 367/371, 10.9 task/s, elapsed: 34s, ETA:     0s[>>>>>>>>>>>>>>>>>>>>>>>>>>>> ] 368/371, 10.9 task/s, elapsed: 34s, ETA:     0s[>>>>>>>>>>>>>>>>>>>>>>>>>>>> ] 369/371, 10.9 task/s, elapsed: 34s, ETA:     0s[>>>>>>>>>>>>>>>>>>>>>>>>>>>> ] 370/371, 11.0 task/s, elapsed: 34s, ETA:     0s[>>>>>>>>>>>>>>>>>>>>>>>>>>>>>] 371/371, 11.0 task/s, elapsed: 34s, ETA:     0s

2026-05-12 04:54:50,589 - mmdet - INFO - Evaluating bbox...
Loading and preparing results...
DONE (t=0.01s)
creating index...
index created!
Running per image evaluation...
Evaluate annotation type *bbox*
DONE (t=2.60s).
Accumulating evaluation results...
DONE (t=0.18s).
2026-05-12 04:54:53,494 - mmdet - INFO - 
 Average Precision  (AP) @[ IoU=0.50:0.95 | area=   all | maxDets=100 ] = 0.227
 Average Precision  (AP) @[ IoU=0.50      | area=   all | maxDets=1000 ] = 0.616
 Average Precision  (AP) @[ IoU=0.75      | area=   all | maxDets=1000 ] = 0.106
 Average Precision  (AP) @[ IoU=0.50:0.95 | area= small | maxDets=1000 ] = 0.003
 Average Precision  (AP) @[ IoU=0.50:0.95 | area=medium | maxDets=1000 ] = 0.177
 Average Precision  (AP) @[ IoU=0.50:0.95 | area= large | maxDets=1000 ] = 0.297
 Average Recall     (AR) @[ IoU=0.50:0.95 | area=   all | maxDets=100 ] = 0.361
 Average Recall     (AR) @[ IoU=0.50:0.95 | area=   all | maxDets=300 ] = 0.361
 Average Recall     (AR) @[ IoU=0.50:0.95 | area=   all | maxDets=1000 ] = 0.361
 Average Recall     (AR) @[ IoU=0.50:0.95 | area= small | maxDets=1000 ] = 0.038
 Average Recall     (AR) @[ IoU=0.50:0.95 | area=medium | maxDets=1000 ] = 0.314
 Average Recall     (AR) @[ IoU=0.50:0.95 | area= large | maxDets=1000 ] = 0.429

2026-05-12 04:54:53,501 - mmdet - INFO - Exp name: fold_1_r50_300e_hbb.py
2026-05-12 04:54:53,501 - mmdet - INFO - Epoch(val) [50][371]	bbox_mAP: 0.2270, bbox_mAP_50: 0.6160, bbox_mAP_75: 0.1060, bbox_mAP_s: 0.0030, bbox_mAP_m: 0.1770, bbox_mAP_l: 0.2970, bbox_mAP_copypaste: 0.227 0.616 0.106 0.003 0.177 0.297
2026-05-12 04:55:23,069 - mmdet - INFO - Epoch [51][50/186]	lr: 1.866e-02, eta: 5:41:59, time: 0.589, data_time: 0.083, memory: 6155, loss_rpn_cls: 0.0273, loss_rpn_bbox: 0.0041, loss_cls: 0.1164, acc: 95.4492, loss_bbox: 0.0868, loss: 0.2346, grad_norm: 1.3419
2026-05-12 04:55:48,896 - mmdet - INFO - Epoch [51][100/186]	lr: 1.866e-02, eta: 5:41:56, time: 0.518, data_time: 0.015, memory: 6155, loss_rpn_cls: 0.0375, loss_rpn_bbox: 0.0049, loss_cls: 0.1241, acc: 95.1641, loss_bbox: 0.0936, loss: 0.2601, grad_norm: 1.3996
2026-05-12 04:56:14,887 - mmdet - INFO - Epoch [51][150/186]	lr: 1.866e-02, eta: 5:41:53, time: 0.518, data_time: 0.013, memory: 6155, loss_rpn_cls: 0.0242, loss_rpn_bbox: 0.0039, loss_cls: 0.1285, acc: 94.9141, loss_bbox: 0.0936, loss: 0.2502, grad_norm: 1.4386
2026-05-12 04:57:03,357 - mmdet - INFO - Epoch [52][50/186]	lr: 1.861e-02, eta: 5:40:34, time: 0.594, data_time: 0.084, memory: 6155, loss_rpn_cls: 0.0251, loss_rpn_bbox: 0.0042, loss_cls: 0.1208, acc: 95.2979, loss_bbox: 0.0981, loss: 0.2482, grad_norm: 1.5243
2026-05-12 04:57:29,309 - mmdet - INFO - Epoch [52][100/186]	lr: 1.861e-02, eta: 5:40:30, time: 0.517, data_time: 0.013, memory: 6155, loss_rpn_cls: 0.0279, loss_rpn_bbox: 0.0038, loss_cls: 0.1299, acc: 94.9297, loss_bbox: 0.0903, loss: 0.2520, grad_norm: 1.5387
2026-05-12 04:57:55,364 - mmdet - INFO - Epoch [52][150/186]	lr: 1.861e-02, eta: 5:40:27, time: 0.523, data_time: 0.015, memory: 6155, loss_rpn_cls: 0.0307, loss_rpn_bbox: 0.0043, loss_cls: 0.1261, acc: 95.0352, loss_bbox: 0.0938, loss: 0.2548, grad_norm: 1.5006
2026-05-12 04:58:43,748 - mmdet - INFO - Epoch [53][50/186]	lr: 1.855e-02, eta: 5:39:09, time: 0.590, data_time: 0.083, memory: 6155, loss_rpn_cls: 0.0201, loss_rpn_bbox: 0.0039, loss_cls: 0.1062, acc: 95.9268, loss_bbox: 0.0827, loss: 0.2130, grad_norm: 1.3068
2026-05-12 04:59:09,571 - mmdet - INFO - Epoch [53][100/186]	lr: 1.855e-02, eta: 5:39:05, time: 0.518, data_time: 0.015, memory: 6155, loss_rpn_cls: 0.0326, loss_rpn_bbox: 0.0039, loss_cls: 0.1167, acc: 95.6416, loss_bbox: 0.0833, loss: 0.2366, grad_norm: 1.3513
2026-05-12 04:59:35,536 - mmdet - INFO - Epoch [53][150/186]	lr: 1.855e-02, eta: 5:39:00, time: 0.517, data_time: 0.013, memory: 6155, loss_rpn_cls: 0.0292, loss_rpn_bbox: 0.0047, loss_cls: 0.1273, acc: 95.0068, loss_bbox: 0.0891, loss: 0.2503, grad_norm: 1.3576
2026-05-12 05:00:23,939 - mmdet - INFO - Epoch [54][50/186]	lr: 1.850e-02, eta: 5:37:43, time: 0.594, data_time: 0.083, memory: 6155, loss_rpn_cls: 0.0326, loss_rpn_bbox: 0.0051, loss_cls: 0.1355, acc: 94.7822, loss_bbox: 0.1014, loss: 0.2746, grad_norm: 1.4811
2026-05-12 05:00:49,864 - mmdet - INFO - Epoch [54][100/186]	lr: 1.850e-02, eta: 5:37:39, time: 0.517, data_time: 0.013, memory: 6155, loss_rpn_cls: 0.0194, loss_rpn_bbox: 0.0040, loss_cls: 0.1098, acc: 95.6738, loss_bbox: 0.0778, loss: 0.2110, grad_norm: 1.4262
2026-05-12 05:01:15,916 - mmdet - INFO - Epoch [54][150/186]	lr: 1.850e-02, eta: 5:37:35, time: 0.523, data_time: 0.015, memory: 6155, loss_rpn_cls: 0.0219, loss_rpn_bbox: 0.0041, loss_cls: 0.1163, acc: 95.3730, loss_bbox: 0.0846, loss: 0.2269, grad_norm: 1.4210
2026-05-12 05:02:04,244 - mmdet - INFO - Epoch [55][50/186]	lr: 1.844e-02, eta: 5:36:18, time: 0.590, data_time: 0.083, memory: 6155, loss_rpn_cls: 0.0208, loss_rpn_bbox: 0.0042, loss_cls: 0.1192, acc: 95.4375, loss_bbox: 0.0899, loss: 0.2341, grad_norm: 1.3108
2026-05-12 05:02:30,119 - mmdet - INFO - Epoch [55][100/186]	lr: 1.844e-02, eta: 5:36:14, time: 0.519, data_time: 0.015, memory: 6155, loss_rpn_cls: 0.0255, loss_rpn_bbox: 0.0039, loss_cls: 0.1118, acc: 95.6738, loss_bbox: 0.0819, loss: 0.2232, grad_norm: 1.3927
2026-05-12 05:02:55,999 - mmdet - INFO - Epoch [55][150/186]	lr: 1.844e-02, eta: 5:36:08, time: 0.516, data_time: 0.013, memory: 6155, loss_rpn_cls: 0.0226, loss_rpn_bbox: 0.0042, loss_cls: 0.1253, acc: 95.1748, loss_bbox: 0.0892, loss: 0.2412, grad_norm: 1.4260
2026-05-12 05:03:44,362 - mmdet - INFO - Epoch [56][50/186]	lr: 1.839e-02, eta: 5:34:53, time: 0.593, data_time: 0.083, memory: 6155, loss_rpn_cls: 0.0235, loss_rpn_bbox: 0.0043, loss_cls: 0.1118, acc: 95.6621, loss_bbox: 0.0827, loss: 0.2224, grad_norm: 1.3981
2026-05-12 05:04:10,204 - mmdet - INFO - Epoch [56][100/186]	lr: 1.839e-02, eta: 5:34:47, time: 0.515, data_time: 0.013, memory: 6155, loss_rpn_cls: 0.0340, loss_rpn_bbox: 0.0044, loss_cls: 0.1183, acc: 95.5049, loss_bbox: 0.0846, loss: 0.2412, grad_norm: 1.4501
2026-05-12 05:04:36,207 - mmdet - INFO - Epoch [56][150/186]	lr: 1.839e-02, eta: 5:34:43, time: 0.522, data_time: 0.015, memory: 6155, loss_rpn_cls: 0.0228, loss_rpn_bbox: 0.0038, loss_cls: 0.1188, acc: 95.3438, loss_bbox: 0.0835, loss: 0.2288, grad_norm: 1.4233
2026-05-12 05:05:24,634 - mmdet - INFO - Epoch [57][50/186]	lr: 1.833e-02, eta: 5:33:28, time: 0.591, data_time: 0.083, memory: 6155, loss_rpn_cls: 0.0263, loss_rpn_bbox: 0.0039, loss_cls: 0.1048, acc: 95.9873, loss_bbox: 0.0804, loss: 0.2152, grad_norm: 1.3276
2026-05-12 05:05:50,507 - mmdet - INFO - Epoch [57][100/186]	lr: 1.833e-02, eta: 5:33:23, time: 0.519, data_time: 0.015, memory: 6155, loss_rpn_cls: 0.0276, loss_rpn_bbox: 0.0037, loss_cls: 0.1220, acc: 95.4453, loss_bbox: 0.0841, loss: 0.2374, grad_norm: 1.4203
2026-05-12 05:06:16,492 - mmdet - INFO - Epoch [57][150/186]	lr: 1.833e-02, eta: 5:33:17, time: 0.518, data_time: 0.013, memory: 6155, loss_rpn_cls: 0.0250, loss_rpn_bbox: 0.0040, loss_cls: 0.1148, acc: 95.5742, loss_bbox: 0.0850, loss: 0.2288, grad_norm: 1.3799
2026-05-12 05:07:04,893 - mmdet - INFO - Epoch [58][50/186]	lr: 1.827e-02, eta: 5:32:03, time: 0.592, data_time: 0.083, memory: 6155, loss_rpn_cls: 0.0245, loss_rpn_bbox: 0.0041, loss_cls: 0.1216, acc: 95.2373, loss_bbox: 0.0906, loss: 0.2409, grad_norm: 1.4536
2026-05-12 05:07:30,724 - mmdet - INFO - Epoch [58][100/186]	lr: 1.827e-02, eta: 5:31:56, time: 0.515, data_time: 0.013, memory: 6155, loss_rpn_cls: 0.0262, loss_rpn_bbox: 0.0034, loss_cls: 0.1156, acc: 95.6279, loss_bbox: 0.0802, loss: 0.2254, grad_norm: 1.4251
2026-05-12 05:07:56,745 - mmdet - INFO - Epoch [58][150/186]	lr: 1.827e-02, eta: 5:31:51, time: 0.522, data_time: 0.015, memory: 6155, loss_rpn_cls: 0.0224, loss_rpn_bbox: 0.0038, loss_cls: 0.1148, acc: 95.6133, loss_bbox: 0.0810, loss: 0.2220, grad_norm: 1.4274
2026-05-12 05:08:45,172 - mmdet - INFO - Epoch [59][50/186]	lr: 1.821e-02, eta: 5:30:38, time: 0.590, data_time: 0.084, memory: 6155, loss_rpn_cls: 0.0254, loss_rpn_bbox: 0.0043, loss_cls: 0.1237, acc: 95.2002, loss_bbox: 0.0896, loss: 0.2429, grad_norm: 1.4853
2026-05-12 05:09:11,033 - mmdet - INFO - Epoch [59][100/186]	lr: 1.821e-02, eta: 5:30:32, time: 0.519, data_time: 0.015, memory: 6155, loss_rpn_cls: 0.0367, loss_rpn_bbox: 0.0046, loss_cls: 0.1244, acc: 95.3037, loss_bbox: 0.0856, loss: 0.2513, grad_norm: 1.5426
2026-05-12 05:09:36,999 - mmdet - INFO - Epoch [59][150/186]	lr: 1.821e-02, eta: 5:30:25, time: 0.517, data_time: 0.013, memory: 6155, loss_rpn_cls: 0.0316, loss_rpn_bbox: 0.0045, loss_cls: 0.1238, acc: 95.3848, loss_bbox: 0.0851, loss: 0.2450, grad_norm: 1.5130
2026-05-12 05:10:25,271 - mmdet - INFO - Epoch [60][50/186]	lr: 1.815e-02, eta: 5:29:13, time: 0.591, data_time: 0.083, memory: 6155, loss_rpn_cls: 0.0167, loss_rpn_bbox: 0.0036, loss_cls: 0.1184, acc: 95.2334, loss_bbox: 0.0875, loss: 0.2263, grad_norm: 1.4722
2026-05-12 05:10:51,142 - mmdet - INFO - Epoch [60][100/186]	lr: 1.815e-02, eta: 5:29:06, time: 0.515, data_time: 0.013, memory: 6155, loss_rpn_cls: 0.0254, loss_rpn_bbox: 0.0036, loss_cls: 0.1258, acc: 95.1318, loss_bbox: 0.0911, loss: 0.2458, grad_norm: 1.4831
2026-05-12 05:11:17,173 - mmdet - INFO - Epoch [60][150/186]	lr: 1.815e-02, eta: 5:29:00, time: 0.523, data_time: 0.015, memory: 6155, loss_rpn_cls: 0.0218, loss_rpn_bbox: 0.0041, loss_cls: 0.1234, acc: 95.1963, loss_bbox: 0.0862, loss: 0.2355, grad_norm: 1.4974
2026-05-12 05:11:35,927 - mmdet - INFO - Saving checkpoint at 60 epochs
[                                                  ] 0/371, elapsed: 0s, ETA:[                                 ] 1/371, 0.4 task/s, elapsed: 3s, ETA:   950s[                                 ] 2/371, 0.8 task/s, elapsed: 3s, ETA:   490s[                                 ] 3/371, 1.1 task/s, elapsed: 3s, ETA:   337s[                                 ] 4/371, 1.4 task/s, elapsed: 3s, ETA:   259s[                                 ] 5/371, 1.7 task/s, elapsed: 3s, ETA:   213s[                                 ] 6/371, 2.0 task/s, elapsed: 3s, ETA:   182s[                                 ] 7/371, 2.3 task/s, elapsed: 3s, ETA:   160s[                                 ] 8/371, 2.5 task/s, elapsed: 3s, ETA:   144s[                                 ] 9/371, 2.8 task/s, elapsed: 3s, ETA:   131s[                                ] 10/371, 3.0 task/s, elapsed: 3s, ETA:   120s[                                ] 11/371, 3.2 task/s, elapsed: 3s, ETA:   112s[>                               ] 12/371, 3.4 task/s, elapsed: 3s, ETA:   105s[>                               ] 13/371, 3.6 task/s, elapsed: 4s, ETA:    99s[>                               ] 14/371, 3.8 task/s, elapsed: 4s, ETA:    93s[>                               ] 15/371, 4.0 task/s, elapsed: 4s, ETA:    89s[>                               ] 16/371, 4.2 task/s, elapsed: 4s, ETA:    85s[>                               ] 17/371, 4.3 task/s, elapsed: 4s, ETA:    82s[>                               ] 18/371, 4.5 task/s, elapsed: 4s, ETA:    79s[>                               ] 19/371, 4.7 task/s, elapsed: 4s, ETA:    76s[>                               ] 20/371, 4.8 task/s, elapsed: 4s, ETA:    73s[>                               ] 21/371, 4.9 task/s, elapsed: 4s, ETA:    71s[>                               ] 22/371, 5.1 task/s, elapsed: 4s, ETA:    69s[>                               ] 23/371, 5.2 task/s, elapsed: 4s, ETA:    67s[>>                              ] 24/371, 5.3 task/s, elapsed: 5s, ETA:    65s[>>                              ] 25/371, 5.5 task/s, elapsed: 5s, ETA:    63s[>>                              ] 26/371, 5.6 task/s, elapsed: 5s, ETA:    62s[>>                              ] 27/371, 5.7 task/s, elapsed: 5s, ETA:    61s[>>                              ] 28/371, 5.8 task/s, elapsed: 5s, ETA:    59s[>>                              ] 29/371, 5.9 task/s, elapsed: 5s, ETA:    58s[>>                              ] 30/371, 6.0 task/s, elapsed: 5s, ETA:    57s[>>                              ] 31/371, 6.1 task/s, elapsed: 5s, ETA:    56s[>>                              ] 32/371, 6.2 task/s, elapsed: 5s, ETA:    55s[>>                              ] 33/371, 6.3 task/s, elapsed: 5s, ETA:    54s[>>                              ] 34/371, 6.4 task/s, elapsed: 5s, ETA:    53s[>>>                             ] 35/371, 6.5 task/s, elapsed: 5s, ETA:    52s[>>>                             ] 36/371, 6.5 task/s, elapsed: 6s, ETA:    51s[>>>                             ] 37/371, 6.6 task/s, elapsed: 6s, ETA:    50s[>>>                             ] 38/371, 6.7 task/s, elapsed: 6s, ETA:    50s[>>>                             ] 39/371, 6.8 task/s, elapsed: 6s, ETA:    49s[>>>                             ] 40/371, 6.9 task/s, elapsed: 6s, ETA:    48s[>>>                             ] 41/371, 6.9 task/s, elapsed: 6s, ETA:    48s[>>>                             ] 42/371, 7.0 task/s, elapsed: 6s, ETA:    47s[>>>                             ] 43/371, 7.1 task/s, elapsed: 6s, ETA:    46s[>>>                             ] 44/371, 7.1 task/s, elapsed: 6s, ETA:    46s[>>>                             ] 45/371, 7.2 task/s, elapsed: 6s, ETA:    45s[>>>                             ] 46/371, 7.3 task/s, elapsed: 6s, ETA:    45s[>>>>                            ] 47/371, 7.3 task/s, elapsed: 6s, ETA:    44s[>>>>                            ] 48/371, 7.4 task/s, elapsed: 6s, ETA:    44s[>>>>                            ] 49/371, 7.4 task/s, elapsed: 7s, ETA:    43s[>>>>                            ] 50/371, 7.5 task/s, elapsed: 7s, ETA:    43s[>>>>                            ] 51/371, 7.6 task/s, elapsed: 7s, ETA:    42s[>>>>                            ] 52/371, 7.6 task/s, elapsed: 7s, ETA:    42s[>>>>                            ] 53/371, 7.7 task/s, elapsed: 7s, ETA:    41s[>>>>                            ] 54/371, 7.7 task/s, elapsed: 7s, ETA:    41s[>>>>                            ] 55/371, 7.8 task/s, elapsed: 7s, ETA:    41s[>>>>                            ] 56/371, 7.8 task/s, elapsed: 7s, ETA:    40s[>>>>                            ] 57/371, 7.9 task/s, elapsed: 7s, ETA:    40s[>>>>>                           ] 58/371, 7.9 task/s, elapsed: 7s, ETA:    40s[>>>>>                           ] 59/371, 8.0 task/s, elapsed: 7s, ETA:    39s[>>>>>                           ] 60/371, 8.0 task/s, elapsed: 7s, ETA:    39s[>>>>>                           ] 61/371, 8.0 task/s, elapsed: 8s, ETA:    39s[>>>>>                           ] 62/371, 8.1 task/s, elapsed: 8s, ETA:    38s[>>>>>                           ] 63/371, 8.1 task/s, elapsed: 8s, ETA:    38s[>>>>>                           ] 64/371, 8.2 task/s, elapsed: 8s, ETA:    38s[>>>>>                           ] 65/371, 8.2 task/s, elapsed: 8s, ETA:    37s[>>>>>                           ] 66/371, 8.3 task/s, elapsed: 8s, ETA:    37s[>>>>>                           ] 67/371, 8.3 task/s, elapsed: 8s, ETA:    37s[>>>>>                           ] 68/371, 8.3 task/s, elapsed: 8s, ETA:    36s[>>>>>                           ] 69/371, 8.4 task/s, elapsed: 8s, ETA:    36s[>>>>>>                          ] 70/371, 8.4 task/s, elapsed: 8s, ETA:    36s[>>>>>>                          ] 71/371, 8.4 task/s, elapsed: 8s, ETA:    36s[>>>>>>                          ] 72/371, 8.5 task/s, elapsed: 8s, ETA:    35s[>>>>>>                          ] 73/371, 8.5 task/s, elapsed: 9s, ETA:    35s[>>>>>>                          ] 74/371, 8.5 task/s, elapsed: 9s, ETA:    35s[>>>>>>                          ] 75/371, 8.6 task/s, elapsed: 9s, ETA:    35s[>>>>>>                          ] 76/371, 8.6 task/s, elapsed: 9s, ETA:    34s[>>>>>>                          ] 77/371, 8.6 task/s, elapsed: 9s, ETA:    34s[>>>>>>                          ] 78/371, 8.7 task/s, elapsed: 9s, ETA:    34s[>>>>>>                          ] 79/371, 8.7 task/s, elapsed: 9s, ETA:    34s[>>>>>>                          ] 80/371, 8.7 task/s, elapsed: 9s, ETA:    33s[>>>>>>                          ] 81/371, 8.7 task/s, elapsed: 9s, ETA:    33s[>>>>>>>                         ] 82/371, 8.8 task/s, elapsed: 9s, ETA:    33s[>>>>>>>                         ] 83/371, 8.8 task/s, elapsed: 9s, ETA:    33s[>>>>>>>                        ] 84/371, 8.8 task/s, elapsed: 10s, ETA:    33s[>>>>>>>                        ] 85/371, 8.9 task/s, elapsed: 10s, ETA:    32s[>>>>>>>                        ] 86/371, 8.9 task/s, elapsed: 10s, ETA:    32s[>>>>>>>                        ] 87/371, 8.9 task/s, elapsed: 10s, ETA:    32s[>>>>>>>                        ] 88/371, 8.9 task/s, elapsed: 10s, ETA:    32s[>>>>>>>                        ] 89/371, 9.0 task/s, elapsed: 10s, ETA:    32s[>>>>>>>                        ] 90/371, 9.0 task/s, elapsed: 10s, ETA:    31s[>>>>>>>                        ] 91/371, 9.0 task/s, elapsed: 10s, ETA:    31s[>>>>>>>                        ] 92/371, 9.0 task/s, elapsed: 10s, ETA:    31s[>>>>>>>                        ] 93/371, 9.0 task/s, elapsed: 10s, ETA:    31s[>>>>>>>                        ] 94/371, 9.1 task/s, elapsed: 10s, ETA:    31s[>>>>>>>                        ] 95/371, 9.1 task/s, elapsed: 10s, ETA:    30s[>>>>>>>>                       ] 96/371, 9.1 task/s, elapsed: 11s, ETA:    30s[>>>>>>>>                       ] 97/371, 9.1 task/s, elapsed: 11s, ETA:    30s[>>>>>>>>                       ] 98/371, 9.2 task/s, elapsed: 11s, ETA:    30s[>>>>>>>>                       ] 99/371, 9.2 task/s, elapsed: 11s, ETA:    30s[>>>>>>>>                      ] 100/371, 9.2 task/s, elapsed: 11s, ETA:    29s[>>>>>>>>                      ] 101/371, 9.2 task/s, elapsed: 11s, ETA:    29s[>>>>>>>>                      ] 102/371, 9.2 task/s, elapsed: 11s, ETA:    29s[>>>>>>>>                      ] 103/371, 9.3 task/s, elapsed: 11s, ETA:    29s[>>>>>>>>                      ] 104/371, 9.3 task/s, elapsed: 11s, ETA:    29s[>>>>>>>>                      ] 105/371, 9.3 task/s, elapsed: 11s, ETA:    29s[>>>>>>>>                      ] 106/371, 9.3 task/s, elapsed: 11s, ETA:    28s[>>>>>>>>                      ] 107/371, 9.3 task/s, elapsed: 11s, ETA:    28s[>>>>>>>>                      ] 108/371, 9.4 task/s, elapsed: 12s, ETA:    28s[>>>>>>>>                      ] 109/371, 9.4 task/s, elapsed: 12s, ETA:    28s[>>>>>>>>                      ] 110/371, 9.4 task/s, elapsed: 12s, ETA:    28s[>>>>>>>>                      ] 111/371, 9.4 task/s, elapsed: 12s, ETA:    28s[>>>>>>>>>                     ] 112/371, 9.4 task/s, elapsed: 12s, ETA:    27s[>>>>>>>>>                     ] 113/371, 9.5 task/s, elapsed: 12s, ETA:    27s[>>>>>>>>>                     ] 114/371, 9.5 task/s, elapsed: 12s, ETA:    27s[>>>>>>>>>                     ] 115/371, 9.5 task/s, elapsed: 12s, ETA:    27s[>>>>>>>>>                     ] 116/371, 9.5 task/s, elapsed: 12s, ETA:    27s[>>>>>>>>>                     ] 117/371, 9.5 task/s, elapsed: 12s, ETA:    27s[>>>>>>>>>                     ] 118/371, 9.5 task/s, elapsed: 12s, ETA:    27s[>>>>>>>>>                     ] 119/371, 9.6 task/s, elapsed: 12s, ETA:    26s[>>>>>>>>>                     ] 120/371, 9.6 task/s, elapsed: 13s, ETA:    26s[>>>>>>>>>                     ] 121/371, 9.6 task/s, elapsed: 13s, ETA:    26s[>>>>>>>>>                     ] 122/371, 9.6 task/s, elapsed: 13s, ETA:    26s[>>>>>>>>>                     ] 123/371, 9.6 task/s, elapsed: 13s, ETA:    26s[>>>>>>>>>>                    ] 124/371, 9.6 task/s, elapsed: 13s, ETA:    26s[>>>>>>>>>>                    ] 125/371, 9.7 task/s, elapsed: 13s, ETA:    25s[>>>>>>>>>>                    ] 126/371, 9.7 task/s, elapsed: 13s, ETA:    25s[>>>>>>>>>>                    ] 127/371, 9.7 task/s, elapsed: 13s, ETA:    25s[>>>>>>>>>>                    ] 128/371, 9.7 task/s, elapsed: 13s, ETA:    25s[>>>>>>>>>>                    ] 129/371, 9.7 task/s, elapsed: 13s, ETA:    25s[>>>>>>>>>>                    ] 130/371, 9.7 task/s, elapsed: 13s, ETA:    25s[>>>>>>>>>>                    ] 131/371, 9.7 task/s, elapsed: 13s, ETA:    25s[>>>>>>>>>>                    ] 132/371, 9.8 task/s, elapsed: 14s, ETA:    25s[>>>>>>>>>>                    ] 133/371, 9.8 task/s, elapsed: 14s, ETA:    24s[>>>>>>>>>>                    ] 134/371, 9.8 task/s, elapsed: 14s, ETA:    24s[>>>>>>>>>>                    ] 135/371, 9.8 task/s, elapsed: 14s, ETA:    24s[>>>>>>>>>>                    ] 136/371, 9.8 task/s, elapsed: 14s, ETA:    24s[>>>>>>>>>>>                   ] 137/371, 9.8 task/s, elapsed: 14s, ETA:    24s[>>>>>>>>>>>                   ] 138/371, 9.8 task/s, elapsed: 14s, ETA:    24s[>>>>>>>>>>>                   ] 139/371, 9.8 task/s, elapsed: 14s, ETA:    24s[>>>>>>>>>>>                   ] 140/371, 9.9 task/s, elapsed: 14s, ETA:    23s[>>>>>>>>>>>                   ] 141/371, 9.9 task/s, elapsed: 14s, ETA:    23s[>>>>>>>>>>>                   ] 142/371, 9.9 task/s, elapsed: 14s, ETA:    23s[>>>>>>>>>>>                   ] 143/371, 9.9 task/s, elapsed: 14s, ETA:    23s[>>>>>>>>>>>                   ] 144/371, 9.9 task/s, elapsed: 15s, ETA:    23s[>>>>>>>>>>>                   ] 145/371, 9.9 task/s, elapsed: 15s, ETA:    23s[>>>>>>>>>>>                   ] 146/371, 9.9 task/s, elapsed: 15s, ETA:    23s[>>>>>>>>>>>                   ] 147/371, 9.9 task/s, elapsed: 15s, ETA:    23s[>>>>>>>>>>>                  ] 148/371, 10.0 task/s, elapsed: 15s, ETA:    22s[>>>>>>>>>>>                  ] 149/371, 10.0 task/s, elapsed: 15s, ETA:    22s[>>>>>>>>>>>                  ] 150/371, 10.0 task/s, elapsed: 15s, ETA:    22s[>>>>>>>>>>>                  ] 151/371, 10.0 task/s, elapsed: 15s, ETA:    22s[>>>>>>>>>>>                  ] 152/371, 10.0 task/s, elapsed: 15s, ETA:    22s[>>>>>>>>>>>                  ] 153/371, 10.0 task/s, elapsed: 15s, ETA:    22s[>>>>>>>>>>>>                 ] 154/371, 10.0 task/s, elapsed: 15s, ETA:    22s[>>>>>>>>>>>>                 ] 155/371, 10.0 task/s, elapsed: 15s, ETA:    22s[>>>>>>>>>>>>                 ] 156/371, 10.0 task/s, elapsed: 16s, ETA:    21s[>>>>>>>>>>>>                 ] 157/371, 10.0 task/s, elapsed: 16s, ETA:    21s[>>>>>>>>>>>>                 ] 158/371, 10.1 task/s, elapsed: 16s, ETA:    21s[>>>>>>>>>>>>                 ] 159/371, 10.1 task/s, elapsed: 16s, ETA:    21s[>>>>>>>>>>>>                 ] 160/371, 10.1 task/s, elapsed: 16s, ETA:    21s[>>>>>>>>>>>>                 ] 161/371, 10.1 task/s, elapsed: 16s, ETA:    21s[>>>>>>>>>>>>                 ] 162/371, 10.1 task/s, elapsed: 16s, ETA:    21s[>>>>>>>>>>>>                 ] 163/371, 10.1 task/s, elapsed: 16s, ETA:    21s[>>>>>>>>>>>>                 ] 164/371, 10.1 task/s, elapsed: 16s, ETA:    20s[>>>>>>>>>>>>                 ] 165/371, 10.1 task/s, elapsed: 16s, ETA:    20s[>>>>>>>>>>>>                 ] 166/371, 10.1 task/s, elapsed: 16s, ETA:    20s[>>>>>>>>>>>>>                ] 167/371, 10.1 task/s, elapsed: 16s, ETA:    20s[>>>>>>>>>>>>>                ] 168/371, 10.1 task/s, elapsed: 17s, ETA:    20s[>>>>>>>>>>>>>                ] 169/371, 10.2 task/s, elapsed: 17s, ETA:    20s[>>>>>>>>>>>>>                ] 170/371, 10.2 task/s, elapsed: 17s, ETA:    20s[>>>>>>>>>>>>>                ] 171/371, 10.2 task/s, elapsed: 17s, ETA:    20s[>>>>>>>>>>>>>                ] 172/371, 10.2 task/s, elapsed: 17s, ETA:    20s[>>>>>>>>>>>>>                ] 173/371, 10.2 task/s, elapsed: 17s, ETA:    19s[>>>>>>>>>>>>>                ] 174/371, 10.2 task/s, elapsed: 17s, ETA:    19s[>>>>>>>>>>>>>                ] 175/371, 10.2 task/s, elapsed: 17s, ETA:    19s[>>>>>>>>>>>>>                ] 176/371, 10.2 task/s, elapsed: 17s, ETA:    19s[>>>>>>>>>>>>>                ] 177/371, 10.2 task/s, elapsed: 17s, ETA:    19s[>>>>>>>>>>>>>                ] 178/371, 10.2 task/s, elapsed: 17s, ETA:    19s[>>>>>>>>>>>>>                ] 179/371, 10.2 task/s, elapsed: 17s, ETA:    19s[>>>>>>>>>>>>>>               ] 180/371, 10.3 task/s, elapsed: 18s, ETA:    19s[>>>>>>>>>>>>>>               ] 181/371, 10.3 task/s, elapsed: 18s, ETA:    19s[>>>>>>>>>>>>>>               ] 182/371, 10.3 task/s, elapsed: 18s, ETA:    18s[>>>>>>>>>>>>>>               ] 183/371, 10.3 task/s, elapsed: 18s, ETA:    18s[>>>>>>>>>>>>>>               ] 184/371, 10.3 task/s, elapsed: 18s, ETA:    18s[>>>>>>>>>>>>>>               ] 185/371, 10.3 task/s, elapsed: 18s, ETA:    18s[>>>>>>>>>>>>>>               ] 186/371, 10.3 task/s, elapsed: 18s, ETA:    18s[>>>>>>>>>>>>>>               ] 187/371, 10.3 task/s, elapsed: 18s, ETA:    18s[>>>>>>>>>>>>>>               ] 188/371, 10.3 task/s, elapsed: 18s, ETA:    18s[>>>>>>>>>>>>>>               ] 189/371, 10.3 task/s, elapsed: 18s, ETA:    18s[>>>>>>>>>>>>>>               ] 190/371, 10.3 task/s, elapsed: 18s, ETA:    18s[>>>>>>>>>>>>>>               ] 191/371, 10.3 task/s, elapsed: 18s, ETA:    17s[>>>>>>>>>>>>>>>              ] 192/371, 10.3 task/s, elapsed: 19s, ETA:    17s[>>>>>>>>>>>>>>>              ] 193/371, 10.4 task/s, elapsed: 19s, ETA:    17s[>>>>>>>>>>>>>>>              ] 194/371, 10.4 task/s, elapsed: 19s, ETA:    17s[>>>>>>>>>>>>>>>              ] 195/371, 10.4 task/s, elapsed: 19s, ETA:    17s[>>>>>>>>>>>>>>>              ] 196/371, 10.4 task/s, elapsed: 19s, ETA:    17s[>>>>>>>>>>>>>>>              ] 197/371, 10.4 task/s, elapsed: 19s, ETA:    17s[>>>>>>>>>>>>>>>              ] 198/371, 10.4 task/s, elapsed: 19s, ETA:    17s[>>>>>>>>>>>>>>>              ] 199/371, 10.4 task/s, elapsed: 19s, ETA:    17s[>>>>>>>>>>>>>>>              ] 200/371, 10.4 task/s, elapsed: 19s, ETA:    16s[>>>>>>>>>>>>>>>              ] 201/371, 10.4 task/s, elapsed: 19s, ETA:    16s[>>>>>>>>>>>>>>>              ] 202/371, 10.4 task/s, elapsed: 19s, ETA:    16s[>>>>>>>>>>>>>>>              ] 203/371, 10.4 task/s, elapsed: 19s, ETA:    16s[>>>>>>>>>>>>>>>              ] 204/371, 10.4 task/s, elapsed: 20s, ETA:    16s[>>>>>>>>>>>>>>>>             ] 205/371, 10.4 task/s, elapsed: 20s, ETA:    16s[>>>>>>>>>>>>>>>>             ] 206/371, 10.4 task/s, elapsed: 20s, ETA:    16s[>>>>>>>>>>>>>>>>             ] 207/371, 10.4 task/s, elapsed: 20s, ETA:    16s[>>>>>>>>>>>>>>>>             ] 208/371, 10.4 task/s, elapsed: 20s, ETA:    16s[>>>>>>>>>>>>>>>>             ] 209/371, 10.5 task/s, elapsed: 20s, ETA:    15s[>>>>>>>>>>>>>>>>             ] 210/371, 10.5 task/s, elapsed: 20s, ETA:    15s[>>>>>>>>>>>>>>>>             ] 211/371, 10.5 task/s, elapsed: 20s, ETA:    15s[>>>>>>>>>>>>>>>>             ] 212/371, 10.5 task/s, elapsed: 20s, ETA:    15s[>>>>>>>>>>>>>>>>             ] 213/371, 10.5 task/s, elapsed: 20s, ETA:    15s[>>>>>>>>>>>>>>>>             ] 214/371, 10.5 task/s, elapsed: 20s, ETA:    15s[>>>>>>>>>>>>>>>>             ] 215/371, 10.5 task/s, elapsed: 20s, ETA:    15s[>>>>>>>>>>>>>>>>             ] 216/371, 10.5 task/s, elapsed: 21s, ETA:    15s[>>>>>>>>>>>>>>>>             ] 217/371, 10.5 task/s, elapsed: 21s, ETA:    15s[>>>>>>>>>>>>>>>>>            ] 218/371, 10.5 task/s, elapsed: 21s, ETA:    15s[>>>>>>>>>>>>>>>>>            ] 219/371, 10.5 task/s, elapsed: 21s, ETA:    14s[>>>>>>>>>>>>>>>>>            ] 220/371, 10.5 task/s, elapsed: 21s, ETA:    14s[>>>>>>>>>>>>>>>>>            ] 221/371, 10.5 task/s, elapsed: 21s, ETA:    14s[>>>>>>>>>>>>>>>>>            ] 222/371, 10.5 task/s, elapsed: 21s, ETA:    14s[>>>>>>>>>>>>>>>>>            ] 223/371, 10.5 task/s, elapsed: 21s, ETA:    14s[>>>>>>>>>>>>>>>>>            ] 224/371, 10.5 task/s, elapsed: 21s, ETA:    14s[>>>>>>>>>>>>>>>>>            ] 225/371, 10.5 task/s, elapsed: 21s, ETA:    14s[>>>>>>>>>>>>>>>>>            ] 226/371, 10.6 task/s, elapsed: 21s, ETA:    14s[>>>>>>>>>>>>>>>>>            ] 227/371, 10.6 task/s, elapsed: 22s, ETA:    14s[>>>>>>>>>>>>>>>>>            ] 228/371, 10.6 task/s, elapsed: 22s, ETA:    14s[>>>>>>>>>>>>>>>>>            ] 229/371, 10.6 task/s, elapsed: 22s, ETA:    13s[>>>>>>>>>>>>>>>>>            ] 230/371, 10.6 task/s, elapsed: 22s, ETA:    13s[>>>>>>>>>>>>>>>>>>           ] 231/371, 10.6 task/s, elapsed: 22s, ETA:    13s[>>>>>>>>>>>>>>>>>>           ] 232/371, 10.6 task/s, elapsed: 22s, ETA:    13s[>>>>>>>>>>>>>>>>>>           ] 233/371, 10.6 task/s, elapsed: 22s, ETA:    13s[>>>>>>>>>>>>>>>>>>           ] 234/371, 10.6 task/s, elapsed: 22s, ETA:    13s[>>>>>>>>>>>>>>>>>>           ] 235/371, 10.6 task/s, elapsed: 22s, ETA:    13s[>>>>>>>>>>>>>>>>>>           ] 236/371, 10.6 task/s, elapsed: 22s, ETA:    13s[>>>>>>>>>>>>>>>>>>           ] 237/371, 10.6 task/s, elapsed: 22s, ETA:    13s[>>>>>>>>>>>>>>>>>>           ] 238/371, 10.6 task/s, elapsed: 22s, ETA:    13s[>>>>>>>>>>>>>>>>>>           ] 239/371, 10.6 task/s, elapsed: 23s, ETA:    12s[>>>>>>>>>>>>>>>>>>           ] 240/371, 10.6 task/s, elapsed: 23s, ETA:    12s[>>>>>>>>>>>>>>>>>>           ] 241/371, 10.6 task/s, elapsed: 23s, ETA:    12s[>>>>>>>>>>>>>>>>>>           ] 242/371, 10.6 task/s, elapsed: 23s, ETA:    12s[>>>>>>>>>>>>>>>>>>           ] 243/371, 10.6 task/s, elapsed: 23s, ETA:    12s[>>>>>>>>>>>>>>>>>>>          ] 244/371, 10.6 task/s, elapsed: 23s, ETA:    12s[>>>>>>>>>>>>>>>>>>>          ] 245/371, 10.6 task/s, elapsed: 23s, ETA:    12s[>>>>>>>>>>>>>>>>>>>          ] 246/371, 10.6 task/s, elapsed: 23s, ETA:    12s[>>>>>>>>>>>>>>>>>>>          ] 247/371, 10.7 task/s, elapsed: 23s, ETA:    12s[>>>>>>>>>>>>>>>>>>>          ] 248/371, 10.7 task/s, elapsed: 23s, ETA:    12s[>>>>>>>>>>>>>>>>>>>          ] 249/371, 10.7 task/s, elapsed: 23s, ETA:    11s[>>>>>>>>>>>>>>>>>>>          ] 250/371, 10.7 task/s, elapsed: 23s, ETA:    11s[>>>>>>>>>>>>>>>>>>>          ] 251/371, 10.7 task/s, elapsed: 24s, ETA:    11s[>>>>>>>>>>>>>>>>>>>          ] 252/371, 10.7 task/s, elapsed: 24s, ETA:    11s[>>>>>>>>>>>>>>>>>>>          ] 253/371, 10.7 task/s, elapsed: 24s, ETA:    11s[>>>>>>>>>>>>>>>>>>>          ] 254/371, 10.7 task/s, elapsed: 24s, ETA:    11s[>>>>>>>>>>>>>>>>>>>          ] 255/371, 10.7 task/s, elapsed: 24s, ETA:    11s[>>>>>>>>>>>>>>>>>>>>         ] 256/371, 10.7 task/s, elapsed: 24s, ETA:    11s[>>>>>>>>>>>>>>>>>>>>         ] 257/371, 10.7 task/s, elapsed: 24s, ETA:    11s[>>>>>>>>>>>>>>>>>>>>         ] 258/371, 10.7 task/s, elapsed: 24s, ETA:    11s[>>>>>>>>>>>>>>>>>>>>         ] 259/371, 10.7 task/s, elapsed: 24s, ETA:    10s[>>>>>>>>>>>>>>>>>>>>         ] 260/371, 10.7 task/s, elapsed: 24s, ETA:    10s[>>>>>>>>>>>>>>>>>>>>         ] 261/371, 10.7 task/s, elapsed: 24s, ETA:    10s[>>>>>>>>>>>>>>>>>>>>         ] 262/371, 10.7 task/s, elapsed: 24s, ETA:    10s[>>>>>>>>>>>>>>>>>>>>         ] 263/371, 10.7 task/s, elapsed: 25s, ETA:    10s[>>>>>>>>>>>>>>>>>>>>         ] 264/371, 10.7 task/s, elapsed: 25s, ETA:    10s[>>>>>>>>>>>>>>>>>>>>         ] 265/371, 10.7 task/s, elapsed: 25s, ETA:    10s[>>>>>>>>>>>>>>>>>>>>         ] 266/371, 10.7 task/s, elapsed: 25s, ETA:    10s[>>>>>>>>>>>>>>>>>>>>         ] 267/371, 10.7 task/s, elapsed: 25s, ETA:    10s[>>>>>>>>>>>>>>>>>>>>         ] 268/371, 10.7 task/s, elapsed: 25s, ETA:    10s[>>>>>>>>>>>>>>>>>>>>>        ] 269/371, 10.7 task/s, elapsed: 25s, ETA:     9s[>>>>>>>>>>>>>>>>>>>>>        ] 270/371, 10.8 task/s, elapsed: 25s, ETA:     9s[>>>>>>>>>>>>>>>>>>>>>        ] 271/371, 10.8 task/s, elapsed: 25s, ETA:     9s[>>>>>>>>>>>>>>>>>>>>>        ] 272/371, 10.8 task/s, elapsed: 25s, ETA:     9s[>>>>>>>>>>>>>>>>>>>>>        ] 273/371, 10.8 task/s, elapsed: 25s, ETA:     9s[>>>>>>>>>>>>>>>>>>>>>        ] 274/371, 10.8 task/s, elapsed: 25s, ETA:     9s[>>>>>>>>>>>>>>>>>>>>>        ] 275/371, 10.8 task/s, elapsed: 26s, ETA:     9s[>>>>>>>>>>>>>>>>>>>>>        ] 276/371, 10.8 task/s, elapsed: 26s, ETA:     9s[>>>>>>>>>>>>>>>>>>>>>        ] 277/371, 10.8 task/s, elapsed: 26s, ETA:     9s[>>>>>>>>>>>>>>>>>>>>>        ] 278/371, 10.8 task/s, elapsed: 26s, ETA:     9s[>>>>>>>>>>>>>>>>>>>>>        ] 279/371, 10.8 task/s, elapsed: 26s, ETA:     9s[>>>>>>>>>>>>>>>>>>>>>        ] 280/371, 10.8 task/s, elapsed: 26s, ETA:     8s[>>>>>>>>>>>>>>>>>>>>>        ] 281/371, 10.8 task/s, elapsed: 26s, ETA:     8s[>>>>>>>>>>>>>>>>>>>>>>       ] 282/371, 10.8 task/s, elapsed: 26s, ETA:     8s[>>>>>>>>>>>>>>>>>>>>>>       ] 283/371, 10.8 task/s, elapsed: 26s, ETA:     8s[>>>>>>>>>>>>>>>>>>>>>>       ] 284/371, 10.8 task/s, elapsed: 26s, ETA:     8s[>>>>>>>>>>>>>>>>>>>>>>       ] 285/371, 10.8 task/s, elapsed: 26s, ETA:     8s[>>>>>>>>>>>>>>>>>>>>>>       ] 286/371, 10.8 task/s, elapsed: 26s, ETA:     8s[>>>>>>>>>>>>>>>>>>>>>>       ] 287/371, 10.8 task/s, elapsed: 27s, ETA:     8s[>>>>>>>>>>>>>>>>>>>>>>       ] 288/371, 10.8 task/s, elapsed: 27s, ETA:     8s[>>>>>>>>>>>>>>>>>>>>>>       ] 289/371, 10.8 task/s, elapsed: 27s, ETA:     8s[>>>>>>>>>>>>>>>>>>>>>>       ] 290/371, 10.8 task/s, elapsed: 27s, ETA:     7s[>>>>>>>>>>>>>>>>>>>>>>       ] 291/371, 10.8 task/s, elapsed: 27s, ETA:     7s[>>>>>>>>>>>>>>>>>>>>>>       ] 292/371, 10.8 task/s, elapsed: 27s, ETA:     7s[>>>>>>>>>>>>>>>>>>>>>>       ] 293/371, 10.8 task/s, elapsed: 27s, ETA:     7s[>>>>>>>>>>>>>>>>>>>>>>       ] 294/371, 10.8 task/s, elapsed: 27s, ETA:     7s[>>>>>>>>>>>>>>>>>>>>>>>      ] 295/371, 10.8 task/s, elapsed: 27s, ETA:     7s[>>>>>>>>>>>>>>>>>>>>>>>      ] 296/371, 10.8 task/s, elapsed: 27s, ETA:     7s[>>>>>>>>>>>>>>>>>>>>>>>      ] 297/371, 10.8 task/s, elapsed: 27s, ETA:     7s[>>>>>>>>>>>>>>>>>>>>>>>      ] 298/371, 10.8 task/s, elapsed: 27s, ETA:     7s[>>>>>>>>>>>>>>>>>>>>>>>      ] 299/371, 10.8 task/s, elapsed: 28s, ETA:     7s[>>>>>>>>>>>>>>>>>>>>>>>      ] 300/371, 10.8 task/s, elapsed: 28s, ETA:     7s[>>>>>>>>>>>>>>>>>>>>>>>      ] 301/371, 10.9 task/s, elapsed: 28s, ETA:     6s[>>>>>>>>>>>>>>>>>>>>>>>      ] 302/371, 10.9 task/s, elapsed: 28s, ETA:     6s[>>>>>>>>>>>>>>>>>>>>>>>      ] 303/371, 10.9 task/s, elapsed: 28s, ETA:     6s[>>>>>>>>>>>>>>>>>>>>>>>      ] 304/371, 10.9 task/s, elapsed: 28s, ETA:     6s[>>>>>>>>>>>>>>>>>>>>>>>      ] 305/371, 10.9 task/s, elapsed: 28s, ETA:     6s[>>>>>>>>>>>>>>>>>>>>>>>      ] 306/371, 10.9 task/s, elapsed: 28s, ETA:     6s[>>>>>>>>>>>>>>>>>>>>>>>      ] 307/371, 10.9 task/s, elapsed: 28s, ETA:     6s[>>>>>>>>>>>>>>>>>>>>>>>>     ] 308/371, 10.9 task/s, elapsed: 28s, ETA:     6s[>>>>>>>>>>>>>>>>>>>>>>>>     ] 309/371, 10.9 task/s, elapsed: 28s, ETA:     6s[>>>>>>>>>>>>>>>>>>>>>>>>     ] 310/371, 10.9 task/s, elapsed: 28s, ETA:     6s[>>>>>>>>>>>>>>>>>>>>>>>>     ] 311/371, 10.9 task/s, elapsed: 29s, ETA:     6s[>>>>>>>>>>>>>>>>>>>>>>>>     ] 312/371, 10.9 task/s, elapsed: 29s, ETA:     5s[>>>>>>>>>>>>>>>>>>>>>>>>     ] 313/371, 10.9 task/s, elapsed: 29s, ETA:     5s[>>>>>>>>>>>>>>>>>>>>>>>>     ] 314/371, 10.9 task/s, elapsed: 29s, ETA:     5s[>>>>>>>>>>>>>>>>>>>>>>>>     ] 315/371, 10.9 task/s, elapsed: 29s, ETA:     5s[>>>>>>>>>>>>>>>>>>>>>>>>     ] 316/371, 10.9 task/s, elapsed: 29s, ETA:     5s[>>>>>>>>>>>>>>>>>>>>>>>>     ] 317/371, 10.9 task/s, elapsed: 29s, ETA:     5s[>>>>>>>>>>>>>>>>>>>>>>>>     ] 318/371, 10.9 task/s, elapsed: 29s, ETA:     5s[>>>>>>>>>>>>>>>>>>>>>>>>     ] 319/371, 10.9 task/s, elapsed: 29s, ETA:     5s[>>>>>>>>>>>>>>>>>>>>>>>>>    ] 320/371, 10.9 task/s, elapsed: 29s, ETA:     5s[>>>>>>>>>>>>>>>>>>>>>>>>>    ] 321/371, 10.9 task/s, elapsed: 29s, ETA:     5s[>>>>>>>>>>>>>>>>>>>>>>>>>    ] 322/371, 10.9 task/s, elapsed: 29s, ETA:     4s[>>>>>>>>>>>>>>>>>>>>>>>>>    ] 323/371, 10.9 task/s, elapsed: 30s, ETA:     4s[>>>>>>>>>>>>>>>>>>>>>>>>>    ] 324/371, 10.9 task/s, elapsed: 30s, ETA:     4s[>>>>>>>>>>>>>>>>>>>>>>>>>    ] 325/371, 10.9 task/s, elapsed: 30s, ETA:     4s[>>>>>>>>>>>>>>>>>>>>>>>>>    ] 326/371, 10.9 task/s, elapsed: 30s, ETA:     4s[>>>>>>>>>>>>>>>>>>>>>>>>>    ] 327/371, 10.9 task/s, elapsed: 30s, ETA:     4s[>>>>>>>>>>>>>>>>>>>>>>>>>    ] 328/371, 10.9 task/s, elapsed: 30s, ETA:     4s[>>>>>>>>>>>>>>>>>>>>>>>>>    ] 329/371, 10.9 task/s, elapsed: 30s, ETA:     4s[>>>>>>>>>>>>>>>>>>>>>>>>>    ] 330/371, 10.9 task/s, elapsed: 30s, ETA:     4s[>>>>>>>>>>>>>>>>>>>>>>>>>    ] 331/371, 10.9 task/s, elapsed: 30s, ETA:     4s[>>>>>>>>>>>>>>>>>>>>>>>>>    ] 332/371, 10.9 task/s, elapsed: 30s, ETA:     4s[>>>>>>>>>>>>>>>>>>>>>>>>>>   ] 333/371, 10.9 task/s, elapsed: 30s, ETA:     3s[>>>>>>>>>>>>>>>>>>>>>>>>>>   ] 334/371, 11.0 task/s, elapsed: 30s, ETA:     3s[>>>>>>>>>>>>>>>>>>>>>>>>>>   ] 335/371, 11.0 task/s, elapsed: 31s, ETA:     3s[>>>>>>>>>>>>>>>>>>>>>>>>>>   ] 336/371, 11.0 task/s, elapsed: 31s, ETA:     3s[>>>>>>>>>>>>>>>>>>>>>>>>>>   ] 337/371, 11.0 task/s, elapsed: 31s, ETA:     3s[>>>>>>>>>>>>>>>>>>>>>>>>>>   ] 338/371, 11.0 task/s, elapsed: 31s, ETA:     3s[>>>>>>>>>>>>>>>>>>>>>>>>>>   ] 339/371, 11.0 task/s, elapsed: 31s, ETA:     3s[>>>>>>>>>>>>>>>>>>>>>>>>>>   ] 340/371, 11.0 task/s, elapsed: 31s, ETA:     3s[>>>>>>>>>>>>>>>>>>>>>>>>>>   ] 341/371, 11.0 task/s, elapsed: 31s, ETA:     3s[>>>>>>>>>>>>>>>>>>>>>>>>>>   ] 342/371, 11.0 task/s, elapsed: 31s, ETA:     3s[>>>>>>>>>>>>>>>>>>>>>>>>>>   ] 343/371, 11.0 task/s, elapsed: 31s, ETA:     3s[>>>>>>>>>>>>>>>>>>>>>>>>>>   ] 344/371, 11.0 task/s, elapsed: 31s, ETA:     2s[>>>>>>>>>>>>>>>>>>>>>>>>>>   ] 345/371, 11.0 task/s, elapsed: 31s, ETA:     2s[>>>>>>>>>>>>>>>>>>>>>>>>>>>  ] 346/371, 11.0 task/s, elapsed: 31s, ETA:     2s[>>>>>>>>>>>>>>>>>>>>>>>>>>>  ] 347/371, 11.0 task/s, elapsed: 32s, ETA:     2s[>>>>>>>>>>>>>>>>>>>>>>>>>>>  ] 348/371, 11.0 task/s, elapsed: 32s, ETA:     2s[>>>>>>>>>>>>>>>>>>>>>>>>>>>  ] 349/371, 11.0 task/s, elapsed: 32s, ETA:     2s[>>>>>>>>>>>>>>>>>>>>>>>>>>>  ] 350/371, 11.0 task/s, elapsed: 32s, ETA:     2s[>>>>>>>>>>>>>>>>>>>>>>>>>>>  ] 351/371, 11.0 task/s, elapsed: 32s, ETA:     2s[>>>>>>>>>>>>>>>>>>>>>>>>>>>  ] 352/371, 11.0 task/s, elapsed: 32s, ETA:     2s[>>>>>>>>>>>>>>>>>>>>>>>>>>>  ] 353/371, 11.0 task/s, elapsed: 32s, ETA:     2s[>>>>>>>>>>>>>>>>>>>>>>>>>>>  ] 354/371, 11.0 task/s, elapsed: 32s, ETA:     2s[>>>>>>>>>>>>>>>>>>>>>>>>>>>  ] 355/371, 11.0 task/s, elapsed: 32s, ETA:     1s[>>>>>>>>>>>>>>>>>>>>>>>>>>>  ] 356/371, 11.0 task/s, elapsed: 32s, ETA:     1s[>>>>>>>>>>>>>>>>>>>>>>>>>>>  ] 357/371, 11.0 task/s, elapsed: 32s, ETA:     1s[>>>>>>>>>>>>>>>>>>>>>>>>>>>  ] 358/371, 11.0 task/s, elapsed: 32s, ETA:     1s[>>>>>>>>>>>>>>>>>>>>>>>>>>>> ] 359/371, 11.0 task/s, elapsed: 33s, ETA:     1s[>>>>>>>>>>>>>>>>>>>>>>>>>>>> ] 360/371, 11.0 task/s, elapsed: 33s, ETA:     1s[>>>>>>>>>>>>>>>>>>>>>>>>>>>> ] 361/371, 11.0 task/s, elapsed: 33s, ETA:     1s[>>>>>>>>>>>>>>>>>>>>>>>>>>>> ] 362/371, 11.0 task/s, elapsed: 33s, ETA:     1s[>>>>>>>>>>>>>>>>>>>>>>>>>>>> ] 363/371, 11.0 task/s, elapsed: 33s, ETA:     1s[>>>>>>>>>>>>>>>>>>>>>>>>>>>> ] 364/371, 11.0 task/s, elapsed: 33s, ETA:     1s[>>>>>>>>>>>>>>>>>>>>>>>>>>>> ] 365/371, 11.0 task/s, elapsed: 33s, ETA:     1s[>>>>>>>>>>>>>>>>>>>>>>>>>>>> ] 366/371, 11.0 task/s, elapsed: 33s, ETA:     0s[>>>>>>>>>>>>>>>>>>>>>>>>>>>> ] 367/371, 11.0 task/s, elapsed: 33s, ETA:     0s[>>>>>>>>>>>>>>>>>>>>>>>>>>>> ] 368/371, 11.0 task/s, elapsed: 33s, ETA:     0s[>>>>>>>>>>>>>>>>>>>>>>>>>>>> ] 369/371, 11.0 task/s, elapsed: 33s, ETA:     0s[>>>>>>>>>>>>>>>>>>>>>>>>>>>> ] 370/371, 11.0 task/s, elapsed: 33s, ETA:     0s[>>>>>>>>>>>>>>>>>>>>>>>>>>>>>] 371/371, 11.0 task/s, elapsed: 34s, ETA:     0s

2026-05-12 05:12:11,334 - mmdet - INFO - Evaluating bbox...
Loading and preparing results...
DONE (t=0.01s)
creating index...
index created!
Running per image evaluation...
Evaluate annotation type *bbox*
DONE (t=2.47s).
Accumulating evaluation results...
DONE (t=0.15s).
2026-05-12 05:12:13,982 - mmdet - INFO - 
 Average Precision  (AP) @[ IoU=0.50:0.95 | area=   all | maxDets=100 ] = 0.241
 Average Precision  (AP) @[ IoU=0.50      | area=   all | maxDets=1000 ] = 0.624
 Average Precision  (AP) @[ IoU=0.75      | area=   all | maxDets=1000 ] = 0.133
 Average Precision  (AP) @[ IoU=0.50:0.95 | area= small | maxDets=1000 ] = 0.000
 Average Precision  (AP) @[ IoU=0.50:0.95 | area=medium | maxDets=1000 ] = 0.185
 Average Precision  (AP) @[ IoU=0.50:0.95 | area= large | maxDets=1000 ] = 0.313
 Average Recall     (AR) @[ IoU=0.50:0.95 | area=   all | maxDets=100 ] = 0.367
 Average Recall     (AR) @[ IoU=0.50:0.95 | area=   all | maxDets=300 ] = 0.367
 Average Recall     (AR) @[ IoU=0.50:0.95 | area=   all | maxDets=1000 ] = 0.367
 Average Recall     (AR) @[ IoU=0.50:0.95 | area= small | maxDets=1000 ] = 0.000
 Average Recall     (AR) @[ IoU=0.50:0.95 | area=medium | maxDets=1000 ] = 0.324
 Average Recall     (AR) @[ IoU=0.50:0.95 | area= large | maxDets=1000 ] = 0.433

2026-05-12 05:12:14,017 - mmdet - INFO - The previous best checkpoint /home/ahmadreza/Downloads/Research/M2SODAI/baseline_official/runs_r50_hbb/r50_hbb_fold_1_20260512/best_bbox_mAP_epoch_40.pth was removed
2026-05-12 05:12:15,507 - mmdet - INFO - Now best checkpoint is saved as best_bbox_mAP_epoch_60.pth.
2026-05-12 05:12:15,508 - mmdet - INFO - Best bbox_mAP is 0.2410 at 60 epoch.
2026-05-12 05:12:15,508 - mmdet - INFO - Exp name: fold_1_r50_300e_hbb.py
2026-05-12 05:12:15,508 - mmdet - INFO - Epoch(val) [60][371]	bbox_mAP: 0.2410, bbox_mAP_50: 0.6240, bbox_mAP_75: 0.1330, bbox_mAP_s: 0.0000, bbox_mAP_m: 0.1850, bbox_mAP_l: 0.3130, bbox_mAP_copypaste: 0.241 0.624 0.133 0.000 0.185 0.313
2026-05-12 05:12:45,028 - mmdet - INFO - Epoch [61][50/186]	lr: 1.809e-02, eta: 5:27:48, time: 0.588, data_time: 0.083, memory: 6155, loss_rpn_cls: 0.0293, loss_rpn_bbox: 0.0042, loss_cls: 0.1265, acc: 95.0850, loss_bbox: 0.0874, loss: 0.2474, grad_norm: 1.6761
2026-05-12 05:13:10,882 - mmdet - INFO - Epoch [61][100/186]	lr: 1.809e-02, eta: 5:27:41, time: 0.519, data_time: 0.015, memory: 6155, loss_rpn_cls: 0.0237, loss_rpn_bbox: 0.0034, loss_cls: 0.1067, acc: 95.8223, loss_bbox: 0.0711, loss: 0.2050, grad_norm: 1.5394
2026-05-12 05:13:36,795 - mmdet - INFO - Epoch [61][150/186]	lr: 1.809e-02, eta: 5:27:34, time: 0.516, data_time: 0.013, memory: 6155, loss_rpn_cls: 0.0246, loss_rpn_bbox: 0.0041, loss_cls: 0.1148, acc: 95.4805, loss_bbox: 0.0858, loss: 0.2293, grad_norm: 1.4725
2026-05-12 05:14:24,971 - mmdet - INFO - Epoch [62][50/186]	lr: 1.803e-02, eta: 5:26:23, time: 0.591, data_time: 0.083, memory: 6155, loss_rpn_cls: 0.0232, loss_rpn_bbox: 0.0044, loss_cls: 0.1242, acc: 95.2227, loss_bbox: 0.0893, loss: 0.2412, grad_norm: 1.6373
2026-05-12 05:14:50,817 - mmdet - INFO - Epoch [62][100/186]	lr: 1.803e-02, eta: 5:26:15, time: 0.515, data_time: 0.013, memory: 6155, loss_rpn_cls: 0.0244, loss_rpn_bbox: 0.0038, loss_cls: 0.1106, acc: 95.6934, loss_bbox: 0.0757, loss: 0.2145, grad_norm: 1.5692
2026-05-12 05:15:16,779 - mmdet - INFO - Epoch [62][150/186]	lr: 1.803e-02, eta: 5:26:09, time: 0.521, data_time: 0.015, memory: 6155, loss_rpn_cls: 0.0242, loss_rpn_bbox: 0.0040, loss_cls: 0.1202, acc: 95.3223, loss_bbox: 0.0829, loss: 0.2313, grad_norm: 1.5050
2026-05-12 05:16:05,132 - mmdet - INFO - Epoch [63][50/186]	lr: 1.797e-02, eta: 5:24:58, time: 0.591, data_time: 0.083, memory: 6155, loss_rpn_cls: 0.0230, loss_rpn_bbox: 0.0041, loss_cls: 0.1223, acc: 95.1367, loss_bbox: 0.0901, loss: 0.2394, grad_norm: 1.5608
2026-05-12 05:16:30,929 - mmdet - INFO - Epoch [63][100/186]	lr: 1.797e-02, eta: 5:24:51, time: 0.518, data_time: 0.015, memory: 6155, loss_rpn_cls: 0.0223, loss_rpn_bbox: 0.0034, loss_cls: 0.1030, acc: 95.9648, loss_bbox: 0.0741, loss: 0.2027, grad_norm: 1.4624
2026-05-12 05:16:56,773 - mmdet - INFO - Epoch [63][150/186]	lr: 1.797e-02, eta: 5:24:43, time: 0.515, data_time: 0.013, memory: 6155, loss_rpn_cls: 0.0256, loss_rpn_bbox: 0.0041, loss_cls: 0.1165, acc: 95.5283, loss_bbox: 0.0882, loss: 0.2344, grad_norm: 1.4128
2026-05-12 05:17:45,085 - mmdet - INFO - Epoch [64][50/186]	lr: 1.790e-02, eta: 5:23:33, time: 0.592, data_time: 0.084, memory: 6155, loss_rpn_cls: 0.0224, loss_rpn_bbox: 0.0038, loss_cls: 0.1099, acc: 95.6992, loss_bbox: 0.0816, loss: 0.2177, grad_norm: 1.4595
2026-05-12 05:18:10,981 - mmdet - INFO - Epoch [64][100/186]	lr: 1.790e-02, eta: 5:23:25, time: 0.516, data_time: 0.013, memory: 6155, loss_rpn_cls: 0.0263, loss_rpn_bbox: 0.0042, loss_cls: 0.1076, acc: 95.8174, loss_bbox: 0.0771, loss: 0.2152, grad_norm: 1.4258
2026-05-12 05:18:36,957 - mmdet - INFO - Epoch [64][150/186]	lr: 1.790e-02, eta: 5:23:18, time: 0.521, data_time: 0.015, memory: 6155, loss_rpn_cls: 0.0176, loss_rpn_bbox: 0.0040, loss_cls: 0.1133, acc: 95.6572, loss_bbox: 0.0822, loss: 0.2170, grad_norm: 1.3713
2026-05-12 05:19:25,371 - mmdet - INFO - Epoch [65][50/186]	lr: 1.784e-02, eta: 5:22:09, time: 0.589, data_time: 0.082, memory: 6155, loss_rpn_cls: 0.0189, loss_rpn_bbox: 0.0037, loss_cls: 0.1078, acc: 95.7617, loss_bbox: 0.0789, loss: 0.2093, grad_norm: 1.4440
2026-05-12 05:19:51,264 - mmdet - INFO - Epoch [65][100/186]	lr: 1.784e-02, eta: 5:22:01, time: 0.520, data_time: 0.015, memory: 6155, loss_rpn_cls: 0.0218, loss_rpn_bbox: 0.0039, loss_cls: 0.1141, acc: 95.6611, loss_bbox: 0.0814, loss: 0.2212, grad_norm: 1.4052
2026-05-12 05:20:17,069 - mmdet - INFO - Epoch [65][150/186]	lr: 1.784e-02, eta: 5:21:53, time: 0.514, data_time: 0.013, memory: 6155, loss_rpn_cls: 0.0219, loss_rpn_bbox: 0.0037, loss_cls: 0.1087, acc: 95.7559, loss_bbox: 0.0750, loss: 0.2093, grad_norm: 1.3747
2026-05-12 05:21:05,398 - mmdet - INFO - Epoch [66][50/186]	lr: 1.777e-02, eta: 5:20:44, time: 0.591, data_time: 0.083, memory: 6155, loss_rpn_cls: 0.0188, loss_rpn_bbox: 0.0038, loss_cls: 0.1093, acc: 95.8252, loss_bbox: 0.0782, loss: 0.2101, grad_norm: 1.3499
2026-05-12 05:21:31,222 - mmdet - INFO - Epoch [66][100/186]	lr: 1.777e-02, eta: 5:20:35, time: 0.515, data_time: 0.013, memory: 6155, loss_rpn_cls: 0.0243, loss_rpn_bbox: 0.0038, loss_cls: 0.1087, acc: 95.8369, loss_bbox: 0.0821, loss: 0.2189, grad_norm: 1.3521
2026-05-12 05:21:57,193 - mmdet - INFO - Epoch [66][150/186]	lr: 1.777e-02, eta: 5:20:28, time: 0.521, data_time: 0.015, memory: 6155, loss_rpn_cls: 0.0273, loss_rpn_bbox: 0.0039, loss_cls: 0.1061, acc: 96.0215, loss_bbox: 0.0742, loss: 0.2115, grad_norm: 1.3604
2026-05-12 05:22:45,662 - mmdet - INFO - Epoch [67][50/186]	lr: 1.771e-02, eta: 5:19:20, time: 0.591, data_time: 0.083, memory: 6155, loss_rpn_cls: 0.0232, loss_rpn_bbox: 0.0039, loss_cls: 0.1054, acc: 95.8760, loss_bbox: 0.0736, loss: 0.2061, grad_norm: 1.4500
2026-05-12 05:23:11,430 - mmdet - INFO - Epoch [67][100/186]	lr: 1.771e-02, eta: 5:19:11, time: 0.517, data_time: 0.015, memory: 6155, loss_rpn_cls: 0.0204, loss_rpn_bbox: 0.0039, loss_cls: 0.1117, acc: 95.6445, loss_bbox: 0.0787, loss: 0.2147, grad_norm: 1.4411
2026-05-12 05:23:37,318 - mmdet - INFO - Epoch [67][150/186]	lr: 1.771e-02, eta: 5:19:02, time: 0.516, data_time: 0.013, memory: 6155, loss_rpn_cls: 0.0219, loss_rpn_bbox: 0.0046, loss_cls: 0.1212, acc: 95.3379, loss_bbox: 0.0858, loss: 0.2335, grad_norm: 1.4437
2026-05-12 05:24:25,599 - mmdet - INFO - Epoch [68][50/186]	lr: 1.764e-02, eta: 5:17:55, time: 0.591, data_time: 0.083, memory: 6155, loss_rpn_cls: 0.0176, loss_rpn_bbox: 0.0033, loss_cls: 0.1126, acc: 95.6318, loss_bbox: 0.0828, loss: 0.2163, grad_norm: 1.2749
2026-05-12 05:24:51,405 - mmdet - INFO - Epoch [68][100/186]	lr: 1.764e-02, eta: 5:17:46, time: 0.514, data_time: 0.013, memory: 6155, loss_rpn_cls: 0.0262, loss_rpn_bbox: 0.0037, loss_cls: 0.1080, acc: 95.8379, loss_bbox: 0.0736, loss: 0.2115, grad_norm: 1.3529
2026-05-12 05:25:17,336 - mmdet - INFO - Epoch [68][150/186]	lr: 1.764e-02, eta: 5:17:38, time: 0.521, data_time: 0.015, memory: 6155, loss_rpn_cls: 0.0186, loss_rpn_bbox: 0.0036, loss_cls: 0.1091, acc: 95.8232, loss_bbox: 0.0705, loss: 0.2017, grad_norm: 1.3686
2026-05-12 05:26:05,724 - mmdet - INFO - Epoch [69][50/186]	lr: 1.757e-02, eta: 5:16:31, time: 0.590, data_time: 0.083, memory: 6155, loss_rpn_cls: 0.0200, loss_rpn_bbox: 0.0033, loss_cls: 0.1016, acc: 96.0557, loss_bbox: 0.0682, loss: 0.1931, grad_norm: 1.2900
2026-05-12 05:26:31,470 - mmdet - INFO - Epoch [69][100/186]	lr: 1.757e-02, eta: 5:16:22, time: 0.517, data_time: 0.015, memory: 6155, loss_rpn_cls: 0.0288, loss_rpn_bbox: 0.0043, loss_cls: 0.1066, acc: 95.8350, loss_bbox: 0.0783, loss: 0.2180, grad_norm: 1.3387
2026-05-12 05:26:57,392 - mmdet - INFO - Epoch [69][150/186]	lr: 1.757e-02, eta: 5:16:12, time: 0.516, data_time: 0.013, memory: 6155, loss_rpn_cls: 0.0207, loss_rpn_bbox: 0.0040, loss_cls: 0.1228, acc: 95.2275, loss_bbox: 0.0883, loss: 0.2358, grad_norm: 1.4023
2026-05-12 05:27:45,695 - mmdet - INFO - Epoch [70][50/186]	lr: 1.750e-02, eta: 5:15:07, time: 0.592, data_time: 0.083, memory: 6155, loss_rpn_cls: 0.0239, loss_rpn_bbox: 0.0036, loss_cls: 0.1072, acc: 95.9004, loss_bbox: 0.0719, loss: 0.2066, grad_norm: 1.3682
2026-05-12 05:28:11,520 - mmdet - INFO - Epoch [70][100/186]	lr: 1.750e-02, eta: 5:14:57, time: 0.515, data_time: 0.013, memory: 6155, loss_rpn_cls: 0.0233, loss_rpn_bbox: 0.0040, loss_cls: 0.1096, acc: 95.8154, loss_bbox: 0.0766, loss: 0.2135, grad_norm: 1.3402
2026-05-12 05:28:37,483 - mmdet - INFO - Epoch [70][150/186]	lr: 1.750e-02, eta: 5:14:48, time: 0.521, data_time: 0.015, memory: 6155, loss_rpn_cls: 0.0292, loss_rpn_bbox: 0.0041, loss_cls: 0.1111, acc: 95.6436, loss_bbox: 0.0798, loss: 0.2242, grad_norm: 1.3488
2026-05-12 05:28:56,222 - mmdet - INFO - Saving checkpoint at 70 epochs
[                                                  ] 0/371, elapsed: 0s, ETA:[                                 ] 1/371, 0.4 task/s, elapsed: 3s, ETA:   954s[                                 ] 2/371, 0.7 task/s, elapsed: 3s, ETA:   492s[                                 ] 3/371, 1.1 task/s, elapsed: 3s, ETA:   337s[                                 ] 4/371, 1.4 task/s, elapsed: 3s, ETA:   260s[                                 ] 5/371, 1.7 task/s, elapsed: 3s, ETA:   214s[                                 ] 6/371, 2.0 task/s, elapsed: 3s, ETA:   183s[                                 ] 7/371, 2.3 task/s, elapsed: 3s, ETA:   161s[                                 ] 8/371, 2.5 task/s, elapsed: 3s, ETA:   144s[                                 ] 9/371, 2.8 task/s, elapsed: 3s, ETA:   131s[                                ] 10/371, 3.0 task/s, elapsed: 3s, ETA:   120s[                                ] 11/371, 3.2 task/s, elapsed: 3s, ETA:   112s[>                               ] 12/371, 3.4 task/s, elapsed: 4s, ETA:   105s[>                               ] 13/371, 3.6 task/s, elapsed: 4s, ETA:    99s[>                               ] 14/371, 3.8 task/s, elapsed: 4s, ETA:    94s[>                               ] 15/371, 4.0 task/s, elapsed: 4s, ETA:    89s[>                               ] 16/371, 4.2 task/s, elapsed: 4s, ETA:    85s[>                               ] 17/371, 4.3 task/s, elapsed: 4s, ETA:    82s[>                               ] 18/371, 4.5 task/s, elapsed: 4s, ETA:    79s[>                               ] 19/371, 4.6 task/s, elapsed: 4s, ETA:    76s[>                               ] 20/371, 4.8 task/s, elapsed: 4s, ETA:    73s[>                               ] 21/371, 4.9 task/s, elapsed: 4s, ETA:    71s[>                               ] 22/371, 5.1 task/s, elapsed: 4s, ETA:    69s[>                               ] 23/371, 5.2 task/s, elapsed: 4s, ETA:    67s[>>                              ] 24/371, 5.3 task/s, elapsed: 5s, ETA:    65s[>>                              ] 25/371, 5.4 task/s, elapsed: 5s, ETA:    64s[>>                              ] 26/371, 5.6 task/s, elapsed: 5s, ETA:    62s[>>                              ] 27/371, 5.7 task/s, elapsed: 5s, ETA:    61s[>>                              ] 28/371, 5.8 task/s, elapsed: 5s, ETA:    59s[>>                              ] 29/371, 5.9 task/s, elapsed: 5s, ETA:    58s[>>                              ] 30/371, 6.0 task/s, elapsed: 5s, ETA:    57s[>>                              ] 31/371, 6.1 task/s, elapsed: 5s, ETA:    56s[>>                              ] 32/371, 6.2 task/s, elapsed: 5s, ETA:    55s[>>                              ] 33/371, 6.3 task/s, elapsed: 5s, ETA:    54s[>>                              ] 34/371, 6.3 task/s, elapsed: 5s, ETA:    53s[>>>                             ] 35/371, 6.4 task/s, elapsed: 5s, ETA:    52s[>>>                             ] 36/371, 6.5 task/s, elapsed: 6s, ETA:    51s[>>>                             ] 37/371, 6.6 task/s, elapsed: 6s, ETA:    51s[>>>                             ] 38/371, 6.7 task/s, elapsed: 6s, ETA:    50s[>>>                             ] 39/371, 6.8 task/s, elapsed: 6s, ETA:    49s[>>>                             ] 40/371, 6.8 task/s, elapsed: 6s, ETA:    48s[>>>                             ] 41/371, 6.9 task/s, elapsed: 6s, ETA:    48s[>>>                             ] 42/371, 7.0 task/s, elapsed: 6s, ETA:    47s[>>>                             ] 43/371, 7.0 task/s, elapsed: 6s, ETA:    47s[>>>                             ] 44/371, 7.1 task/s, elapsed: 6s, ETA:    46s[>>>                             ] 45/371, 7.2 task/s, elapsed: 6s, ETA:    45s[>>>                             ] 46/371, 7.2 task/s, elapsed: 6s, ETA:    45s[>>>>                            ] 47/371, 7.3 task/s, elapsed: 6s, ETA:    44s[>>>>                            ] 48/371, 7.4 task/s, elapsed: 7s, ETA:    44s[>>>>                            ] 49/371, 7.4 task/s, elapsed: 7s, ETA:    43s[>>>>                            ] 50/371, 7.5 task/s, elapsed: 7s, ETA:    43s[>>>>                            ] 51/371, 7.5 task/s, elapsed: 7s, ETA:    43s[>>>>                            ] 52/371, 7.6 task/s, elapsed: 7s, ETA:    42s[>>>>                            ] 53/371, 7.6 task/s, elapsed: 7s, ETA:    42s[>>>>                            ] 54/371, 7.7 task/s, elapsed: 7s, ETA:    41s[>>>>                            ] 55/371, 7.7 task/s, elapsed: 7s, ETA:    41s[>>>>                            ] 56/371, 7.8 task/s, elapsed: 7s, ETA:    41s[>>>>                            ] 57/371, 7.8 task/s, elapsed: 7s, ETA:    40s[>>>>>                           ] 58/371, 7.9 task/s, elapsed: 7s, ETA:    40s[>>>>>                           ] 59/371, 7.9 task/s, elapsed: 7s, ETA:    39s[>>>>>                           ] 60/371, 8.0 task/s, elapsed: 8s, ETA:    39s[>>>>>                           ] 61/371, 8.0 task/s, elapsed: 8s, ETA:    39s[>>>>>                           ] 62/371, 8.0 task/s, elapsed: 8s, ETA:    38s[>>>>>                           ] 63/371, 8.1 task/s, elapsed: 8s, ETA:    38s[>>>>>                           ] 64/371, 8.1 task/s, elapsed: 8s, ETA:    38s[>>>>>                           ] 65/371, 8.2 task/s, elapsed: 8s, ETA:    37s[>>>>>                           ] 66/371, 8.2 task/s, elapsed: 8s, ETA:    37s[>>>>>                           ] 67/371, 8.2 task/s, elapsed: 8s, ETA:    37s[>>>>>                           ] 68/371, 8.3 task/s, elapsed: 8s, ETA:    37s[>>>>>                           ] 69/371, 8.3 task/s, elapsed: 8s, ETA:    36s[>>>>>>                          ] 70/371, 8.4 task/s, elapsed: 8s, ETA:    36s[>>>>>>                          ] 71/371, 8.4 task/s, elapsed: 8s, ETA:    36s[>>>>>>                          ] 72/371, 8.4 task/s, elapsed: 9s, ETA:    36s[>>>>>>                          ] 73/371, 8.5 task/s, elapsed: 9s, ETA:    35s[>>>>>>                          ] 74/371, 8.5 task/s, elapsed: 9s, ETA:    35s[>>>>>>                          ] 75/371, 8.5 task/s, elapsed: 9s, ETA:    35s[>>>>>>                          ] 76/371, 8.6 task/s, elapsed: 9s, ETA:    34s[>>>>>>                          ] 77/371, 8.6 task/s, elapsed: 9s, ETA:    34s[>>>>>>                          ] 78/371, 8.6 task/s, elapsed: 9s, ETA:    34s[>>>>>>                          ] 79/371, 8.6 task/s, elapsed: 9s, ETA:    34s[>>>>>>                          ] 80/371, 8.7 task/s, elapsed: 9s, ETA:    34s[>>>>>>                          ] 81/371, 8.7 task/s, elapsed: 9s, ETA:    33s[>>>>>>>                         ] 82/371, 8.7 task/s, elapsed: 9s, ETA:    33s[>>>>>>>                         ] 83/371, 8.8 task/s, elapsed: 9s, ETA:    33s[>>>>>>>                        ] 84/371, 8.8 task/s, elapsed: 10s, ETA:    33s[>>>>>>>                        ] 85/371, 8.8 task/s, elapsed: 10s, ETA:    32s[>>>>>>>                        ] 86/371, 8.8 task/s, elapsed: 10s, ETA:    32s[>>>>>>>                        ] 87/371, 8.9 task/s, elapsed: 10s, ETA:    32s[>>>>>>>                        ] 88/371, 8.9 task/s, elapsed: 10s, ETA:    32s[>>>>>>>                        ] 89/371, 8.9 task/s, elapsed: 10s, ETA:    32s[>>>>>>>                        ] 90/371, 8.9 task/s, elapsed: 10s, ETA:    31s[>>>>>>>                        ] 91/371, 9.0 task/s, elapsed: 10s, ETA:    31s[>>>>>>>                        ] 92/371, 9.0 task/s, elapsed: 10s, ETA:    31s[>>>>>>>                        ] 93/371, 9.0 task/s, elapsed: 10s, ETA:    31s[>>>>>>>                        ] 94/371, 9.0 task/s, elapsed: 10s, ETA:    31s[>>>>>>>                        ] 95/371, 9.1 task/s, elapsed: 10s, ETA:    30s[>>>>>>>>                       ] 96/371, 9.1 task/s, elapsed: 11s, ETA:    30s[>>>>>>>>                       ] 97/371, 9.1 task/s, elapsed: 11s, ETA:    30s[>>>>>>>>                       ] 98/371, 9.1 task/s, elapsed: 11s, ETA:    30s[>>>>>>>>                       ] 99/371, 9.2 task/s, elapsed: 11s, ETA:    30s[>>>>>>>>                      ] 100/371, 9.2 task/s, elapsed: 11s, ETA:    30s[>>>>>>>>                      ] 101/371, 9.2 task/s, elapsed: 11s, ETA:    29s[>>>>>>>>                      ] 102/371, 9.2 task/s, elapsed: 11s, ETA:    29s[>>>>>>>>                      ] 103/371, 9.2 task/s, elapsed: 11s, ETA:    29s[>>>>>>>>                      ] 104/371, 9.3 task/s, elapsed: 11s, ETA:    29s[>>>>>>>>                      ] 105/371, 9.3 task/s, elapsed: 11s, ETA:    29s[>>>>>>>>                      ] 106/371, 9.3 task/s, elapsed: 11s, ETA:    29s[>>>>>>>>                      ] 107/371, 9.3 task/s, elapsed: 11s, ETA:    28s[>>>>>>>>                      ] 108/371, 9.3 task/s, elapsed: 12s, ETA:    28s[>>>>>>>>                      ] 109/371, 9.3 task/s, elapsed: 12s, ETA:    28s[>>>>>>>>                      ] 110/371, 9.4 task/s, elapsed: 12s, ETA:    28s[>>>>>>>>                      ] 111/371, 9.4 task/s, elapsed: 12s, ETA:    28s[>>>>>>>>>                     ] 112/371, 9.4 task/s, elapsed: 12s, ETA:    28s[>>>>>>>>>                     ] 113/371, 9.4 task/s, elapsed: 12s, ETA:    27s[>>>>>>>>>                     ] 114/371, 9.4 task/s, elapsed: 12s, ETA:    27s[>>>>>>>>>                     ] 115/371, 9.5 task/s, elapsed: 12s, ETA:    27s[>>>>>>>>>                     ] 116/371, 9.5 task/s, elapsed: 12s, ETA:    27s[>>>>>>>>>                     ] 117/371, 9.5 task/s, elapsed: 12s, ETA:    27s[>>>>>>>>>                     ] 118/371, 9.5 task/s, elapsed: 12s, ETA:    27s[>>>>>>>>>                     ] 119/371, 9.5 task/s, elapsed: 12s, ETA:    26s[>>>>>>>>>                     ] 120/371, 9.5 task/s, elapsed: 13s, ETA:    26s[>>>>>>>>>                     ] 121/371, 9.6 task/s, elapsed: 13s, ETA:    26s[>>>>>>>>>                     ] 122/371, 9.6 task/s, elapsed: 13s, ETA:    26s[>>>>>>>>>                     ] 123/371, 9.6 task/s, elapsed: 13s, ETA:    26s[>>>>>>>>>>                    ] 124/371, 9.6 task/s, elapsed: 13s, ETA:    26s[>>>>>>>>>>                    ] 125/371, 9.6 task/s, elapsed: 13s, ETA:    26s[>>>>>>>>>>                    ] 126/371, 9.6 task/s, elapsed: 13s, ETA:    25s[>>>>>>>>>>                    ] 127/371, 9.6 task/s, elapsed: 13s, ETA:    25s[>>>>>>>>>>                    ] 128/371, 9.7 task/s, elapsed: 13s, ETA:    25s[>>>>>>>>>>                    ] 129/371, 9.7 task/s, elapsed: 13s, ETA:    25s[>>>>>>>>>>                    ] 130/371, 9.7 task/s, elapsed: 13s, ETA:    25s[>>>>>>>>>>                    ] 131/371, 9.7 task/s, elapsed: 14s, ETA:    25s[>>>>>>>>>>                    ] 132/371, 9.7 task/s, elapsed: 14s, ETA:    25s[>>>>>>>>>>                    ] 133/371, 9.7 task/s, elapsed: 14s, ETA:    24s[>>>>>>>>>>                    ] 134/371, 9.7 task/s, elapsed: 14s, ETA:    24s[>>>>>>>>>>                    ] 135/371, 9.8 task/s, elapsed: 14s, ETA:    24s[>>>>>>>>>>                    ] 136/371, 9.8 task/s, elapsed: 14s, ETA:    24s[>>>>>>>>>>>                   ] 137/371, 9.8 task/s, elapsed: 14s, ETA:    24s[>>>>>>>>>>>                   ] 138/371, 9.8 task/s, elapsed: 14s, ETA:    24s[>>>>>>>>>>>                   ] 139/371, 9.8 task/s, elapsed: 14s, ETA:    24s[>>>>>>>>>>>                   ] 140/371, 9.8 task/s, elapsed: 14s, ETA:    24s[>>>>>>>>>>>                   ] 141/371, 9.8 task/s, elapsed: 14s, ETA:    23s[>>>>>>>>>>>                   ] 142/371, 9.8 task/s, elapsed: 14s, ETA:    23s[>>>>>>>>>>>                   ] 143/371, 9.8 task/s, elapsed: 15s, ETA:    23s[>>>>>>>>>>>                   ] 144/371, 9.9 task/s, elapsed: 15s, ETA:    23s[>>>>>>>>>>>                   ] 145/371, 9.9 task/s, elapsed: 15s, ETA:    23s[>>>>>>>>>>>                   ] 146/371, 9.9 task/s, elapsed: 15s, ETA:    23s[>>>>>>>>>>>                   ] 147/371, 9.9 task/s, elapsed: 15s, ETA:    23s[>>>>>>>>>>>                   ] 148/371, 9.9 task/s, elapsed: 15s, ETA:    23s[>>>>>>>>>>>>                  ] 149/371, 9.9 task/s, elapsed: 15s, ETA:    22s[>>>>>>>>>>>>                  ] 150/371, 9.9 task/s, elapsed: 15s, ETA:    22s[>>>>>>>>>>>>                  ] 151/371, 9.9 task/s, elapsed: 15s, ETA:    22s[>>>>>>>>>>>>                  ] 152/371, 9.9 task/s, elapsed: 15s, ETA:    22s[>>>>>>>>>>>>                  ] 153/371, 9.9 task/s, elapsed: 15s, ETA:    22s[>>>>>>>>>>>>                 ] 154/371, 10.0 task/s, elapsed: 15s, ETA:    22s[>>>>>>>>>>>>                 ] 155/371, 10.0 task/s, elapsed: 16s, ETA:    22s[>>>>>>>>>>>>                 ] 156/371, 10.0 task/s, elapsed: 16s, ETA:    22s[>>>>>>>>>>>>                 ] 157/371, 10.0 task/s, elapsed: 16s, ETA:    21s[>>>>>>>>>>>>                 ] 158/371, 10.0 task/s, elapsed: 16s, ETA:    21s[>>>>>>>>>>>>                 ] 159/371, 10.0 task/s, elapsed: 16s, ETA:    21s[>>>>>>>>>>>>                 ] 160/371, 10.0 task/s, elapsed: 16s, ETA:    21s[>>>>>>>>>>>>                 ] 161/371, 10.0 task/s, elapsed: 16s, ETA:    21s[>>>>>>>>>>>>                 ] 162/371, 10.0 task/s, elapsed: 16s, ETA:    21s[>>>>>>>>>>>>                 ] 163/371, 10.0 task/s, elapsed: 16s, ETA:    21s[>>>>>>>>>>>>                 ] 164/371, 10.0 task/s, elapsed: 16s, ETA:    21s[>>>>>>>>>>>>                 ] 165/371, 10.1 task/s, elapsed: 16s, ETA:    20s[>>>>>>>>>>>>                 ] 166/371, 10.1 task/s, elapsed: 17s, ETA:    20s[>>>>>>>>>>>>>                ] 167/371, 10.1 task/s, elapsed: 17s, ETA:    20s[>>>>>>>>>>>>>                ] 168/371, 10.1 task/s, elapsed: 17s, ETA:    20s[>>>>>>>>>>>>>                ] 169/371, 10.1 task/s, elapsed: 17s, ETA:    20s[>>>>>>>>>>>>>                ] 170/371, 10.1 task/s, elapsed: 17s, ETA:    20s[>>>>>>>>>>>>>                ] 171/371, 10.1 task/s, elapsed: 17s, ETA:    20s[>>>>>>>>>>>>>                ] 172/371, 10.1 task/s, elapsed: 17s, ETA:    20s[>>>>>>>>>>>>>                ] 173/371, 10.1 task/s, elapsed: 17s, ETA:    20s[>>>>>>>>>>>>>                ] 174/371, 10.1 task/s, elapsed: 17s, ETA:    19s[>>>>>>>>>>>>>                ] 175/371, 10.1 task/s, elapsed: 17s, ETA:    19s[>>>>>>>>>>>>>                ] 176/371, 10.1 task/s, elapsed: 17s, ETA:    19s[>>>>>>>>>>>>>                ] 177/371, 10.2 task/s, elapsed: 17s, ETA:    19s[>>>>>>>>>>>>>                ] 178/371, 10.2 task/s, elapsed: 18s, ETA:    19s[>>>>>>>>>>>>>                ] 179/371, 10.2 task/s, elapsed: 18s, ETA:    19s[>>>>>>>>>>>>>>               ] 180/371, 10.2 task/s, elapsed: 18s, ETA:    19s[>>>>>>>>>>>>>>               ] 181/371, 10.2 task/s, elapsed: 18s, ETA:    19s[>>>>>>>>>>>>>>               ] 182/371, 10.2 task/s, elapsed: 18s, ETA:    19s[>>>>>>>>>>>>>>               ] 183/371, 10.2 task/s, elapsed: 18s, ETA:    18s[>>>>>>>>>>>>>>               ] 184/371, 10.2 task/s, elapsed: 18s, ETA:    18s[>>>>>>>>>>>>>>               ] 185/371, 10.2 task/s, elapsed: 18s, ETA:    18s[>>>>>>>>>>>>>>               ] 186/371, 10.2 task/s, elapsed: 18s, ETA:    18s[>>>>>>>>>>>>>>               ] 187/371, 10.2 task/s, elapsed: 18s, ETA:    18s[>>>>>>>>>>>>>>               ] 188/371, 10.2 task/s, elapsed: 18s, ETA:    18s[>>>>>>>>>>>>>>               ] 189/371, 10.3 task/s, elapsed: 18s, ETA:    18s[>>>>>>>>>>>>>>               ] 190/371, 10.3 task/s, elapsed: 19s, ETA:    18s[>>>>>>>>>>>>>>               ] 191/371, 10.3 task/s, elapsed: 19s, ETA:    18s[>>>>>>>>>>>>>>>              ] 192/371, 10.3 task/s, elapsed: 19s, ETA:    17s[>>>>>>>>>>>>>>>              ] 193/371, 10.3 task/s, elapsed: 19s, ETA:    17s[>>>>>>>>>>>>>>>              ] 194/371, 10.3 task/s, elapsed: 19s, ETA:    17s[>>>>>>>>>>>>>>>              ] 195/371, 10.3 task/s, elapsed: 19s, ETA:    17s[>>>>>>>>>>>>>>>              ] 196/371, 10.3 task/s, elapsed: 19s, ETA:    17s[>>>>>>>>>>>>>>>              ] 197/371, 10.3 task/s, elapsed: 19s, ETA:    17s[>>>>>>>>>>>>>>>              ] 198/371, 10.3 task/s, elapsed: 19s, ETA:    17s[>>>>>>>>>>>>>>>              ] 199/371, 10.3 task/s, elapsed: 19s, ETA:    17s[>>>>>>>>>>>>>>>              ] 200/371, 10.3 task/s, elapsed: 19s, ETA:    17s[>>>>>>>>>>>>>>>              ] 201/371, 10.3 task/s, elapsed: 19s, ETA:    16s[>>>>>>>>>>>>>>>              ] 202/371, 10.3 task/s, elapsed: 20s, ETA:    16s[>>>>>>>>>>>>>>>              ] 203/371, 10.3 task/s, elapsed: 20s, ETA:    16s[>>>>>>>>>>>>>>>              ] 204/371, 10.4 task/s, elapsed: 20s, ETA:    16s[>>>>>>>>>>>>>>>>             ] 205/371, 10.4 task/s, elapsed: 20s, ETA:    16s[>>>>>>>>>>>>>>>>             ] 206/371, 10.4 task/s, elapsed: 20s, ETA:    16s[>>>>>>>>>>>>>>>>             ] 207/371, 10.4 task/s, elapsed: 20s, ETA:    16s[>>>>>>>>>>>>>>>>             ] 208/371, 10.4 task/s, elapsed: 20s, ETA:    16s[>>>>>>>>>>>>>>>>             ] 209/371, 10.4 task/s, elapsed: 20s, ETA:    16s[>>>>>>>>>>>>>>>>             ] 210/371, 10.4 task/s, elapsed: 20s, ETA:    15s[>>>>>>>>>>>>>>>>             ] 211/371, 10.4 task/s, elapsed: 20s, ETA:    15s[>>>>>>>>>>>>>>>>             ] 212/371, 10.4 task/s, elapsed: 20s, ETA:    15s[>>>>>>>>>>>>>>>>             ] 213/371, 10.4 task/s, elapsed: 20s, ETA:    15s[>>>>>>>>>>>>>>>>             ] 214/371, 10.4 task/s, elapsed: 21s, ETA:    15s[>>>>>>>>>>>>>>>>             ] 215/371, 10.4 task/s, elapsed: 21s, ETA:    15s[>>>>>>>>>>>>>>>>             ] 216/371, 10.4 task/s, elapsed: 21s, ETA:    15s[>>>>>>>>>>>>>>>>             ] 217/371, 10.4 task/s, elapsed: 21s, ETA:    15s[>>>>>>>>>>>>>>>>>            ] 218/371, 10.4 task/s, elapsed: 21s, ETA:    15s[>>>>>>>>>>>>>>>>>            ] 219/371, 10.4 task/s, elapsed: 21s, ETA:    15s[>>>>>>>>>>>>>>>>>            ] 220/371, 10.5 task/s, elapsed: 21s, ETA:    14s[>>>>>>>>>>>>>>>>>            ] 221/371, 10.5 task/s, elapsed: 21s, ETA:    14s[>>>>>>>>>>>>>>>>>            ] 222/371, 10.5 task/s, elapsed: 21s, ETA:    14s[>>>>>>>>>>>>>>>>>            ] 223/371, 10.5 task/s, elapsed: 21s, ETA:    14s[>>>>>>>>>>>>>>>>>            ] 224/371, 10.5 task/s, elapsed: 21s, ETA:    14s[>>>>>>>>>>>>>>>>>            ] 225/371, 10.5 task/s, elapsed: 21s, ETA:    14s[>>>>>>>>>>>>>>>>>            ] 226/371, 10.5 task/s, elapsed: 22s, ETA:    14s[>>>>>>>>>>>>>>>>>            ] 227/371, 10.5 task/s, elapsed: 22s, ETA:    14s[>>>>>>>>>>>>>>>>>            ] 228/371, 10.5 task/s, elapsed: 22s, ETA:    14s[>>>>>>>>>>>>>>>>>            ] 229/371, 10.5 task/s, elapsed: 22s, ETA:    14s[>>>>>>>>>>>>>>>>>            ] 230/371, 10.5 task/s, elapsed: 22s, ETA:    13s[>>>>>>>>>>>>>>>>>>           ] 231/371, 10.5 task/s, elapsed: 22s, ETA:    13s[>>>>>>>>>>>>>>>>>>           ] 232/371, 10.5 task/s, elapsed: 22s, ETA:    13s[>>>>>>>>>>>>>>>>>>           ] 233/371, 10.5 task/s, elapsed: 22s, ETA:    13s[>>>>>>>>>>>>>>>>>>           ] 234/371, 10.5 task/s, elapsed: 22s, ETA:    13s[>>>>>>>>>>>>>>>>>>           ] 235/371, 10.5 task/s, elapsed: 22s, ETA:    13s[>>>>>>>>>>>>>>>>>>           ] 236/371, 10.5 task/s, elapsed: 22s, ETA:    13s[>>>>>>>>>>>>>>>>>>           ] 237/371, 10.5 task/s, elapsed: 22s, ETA:    13s[>>>>>>>>>>>>>>>>>>           ] 238/371, 10.6 task/s, elapsed: 23s, ETA:    13s[>>>>>>>>>>>>>>>>>>           ] 239/371, 10.6 task/s, elapsed: 23s, ETA:    13s[>>>>>>>>>>>>>>>>>>           ] 240/371, 10.6 task/s, elapsed: 23s, ETA:    12s[>>>>>>>>>>>>>>>>>>           ] 241/371, 10.6 task/s, elapsed: 23s, ETA:    12s[>>>>>>>>>>>>>>>>>>           ] 242/371, 10.6 task/s, elapsed: 23s, ETA:    12s[>>>>>>>>>>>>>>>>>>           ] 243/371, 10.6 task/s, elapsed: 23s, ETA:    12s[>>>>>>>>>>>>>>>>>>>          ] 244/371, 10.6 task/s, elapsed: 23s, ETA:    12s[>>>>>>>>>>>>>>>>>>>          ] 245/371, 10.6 task/s, elapsed: 23s, ETA:    12s[>>>>>>>>>>>>>>>>>>>          ] 246/371, 10.6 task/s, elapsed: 23s, ETA:    12s[>>>>>>>>>>>>>>>>>>>          ] 247/371, 10.6 task/s, elapsed: 23s, ETA:    12s[>>>>>>>>>>>>>>>>>>>          ] 248/371, 10.6 task/s, elapsed: 23s, ETA:    12s[>>>>>>>>>>>>>>>>>>>          ] 249/371, 10.6 task/s, elapsed: 23s, ETA:    12s[>>>>>>>>>>>>>>>>>>>          ] 250/371, 10.6 task/s, elapsed: 24s, ETA:    11s[>>>>>>>>>>>>>>>>>>>          ] 251/371, 10.6 task/s, elapsed: 24s, ETA:    11s[>>>>>>>>>>>>>>>>>>>          ] 252/371, 10.6 task/s, elapsed: 24s, ETA:    11s[>>>>>>>>>>>>>>>>>>>          ] 253/371, 10.6 task/s, elapsed: 24s, ETA:    11s[>>>>>>>>>>>>>>>>>>>          ] 254/371, 10.6 task/s, elapsed: 24s, ETA:    11s[>>>>>>>>>>>>>>>>>>>          ] 255/371, 10.6 task/s, elapsed: 24s, ETA:    11s[>>>>>>>>>>>>>>>>>>>>         ] 256/371, 10.6 task/s, elapsed: 24s, ETA:    11s[>>>>>>>>>>>>>>>>>>>>         ] 257/371, 10.6 task/s, elapsed: 24s, ETA:    11s[>>>>>>>>>>>>>>>>>>>>         ] 258/371, 10.6 task/s, elapsed: 24s, ETA:    11s[>>>>>>>>>>>>>>>>>>>>         ] 259/371, 10.7 task/s, elapsed: 24s, ETA:    11s[>>>>>>>>>>>>>>>>>>>>         ] 260/371, 10.7 task/s, elapsed: 24s, ETA:    10s[>>>>>>>>>>>>>>>>>>>>         ] 261/371, 10.7 task/s, elapsed: 24s, ETA:    10s[>>>>>>>>>>>>>>>>>>>>         ] 262/371, 10.7 task/s, elapsed: 25s, ETA:    10s[>>>>>>>>>>>>>>>>>>>>         ] 263/371, 10.7 task/s, elapsed: 25s, ETA:    10s[>>>>>>>>>>>>>>>>>>>>         ] 264/371, 10.7 task/s, elapsed: 25s, ETA:    10s[>>>>>>>>>>>>>>>>>>>>         ] 265/371, 10.7 task/s, elapsed: 25s, ETA:    10s[>>>>>>>>>>>>>>>>>>>>         ] 266/371, 10.7 task/s, elapsed: 25s, ETA:    10s[>>>>>>>>>>>>>>>>>>>>         ] 267/371, 10.7 task/s, elapsed: 25s, ETA:    10s[>>>>>>>>>>>>>>>>>>>>         ] 268/371, 10.7 task/s, elapsed: 25s, ETA:    10s[>>>>>>>>>>>>>>>>>>>>>        ] 269/371, 10.7 task/s, elapsed: 25s, ETA:    10s[>>>>>>>>>>>>>>>>>>>>>        ] 270/371, 10.7 task/s, elapsed: 25s, ETA:     9s[>>>>>>>>>>>>>>>>>>>>>        ] 271/371, 10.7 task/s, elapsed: 25s, ETA:     9s[>>>>>>>>>>>>>>>>>>>>>        ] 272/371, 10.7 task/s, elapsed: 25s, ETA:     9s[>>>>>>>>>>>>>>>>>>>>>        ] 273/371, 10.7 task/s, elapsed: 25s, ETA:     9s[>>>>>>>>>>>>>>>>>>>>>        ] 274/371, 10.7 task/s, elapsed: 26s, ETA:     9s[>>>>>>>>>>>>>>>>>>>>>        ] 275/371, 10.7 task/s, elapsed: 26s, ETA:     9s[>>>>>>>>>>>>>>>>>>>>>        ] 276/371, 10.7 task/s, elapsed: 26s, ETA:     9s[>>>>>>>>>>>>>>>>>>>>>        ] 277/371, 10.7 task/s, elapsed: 26s, ETA:     9s[>>>>>>>>>>>>>>>>>>>>>        ] 278/371, 10.7 task/s, elapsed: 26s, ETA:     9s[>>>>>>>>>>>>>>>>>>>>>        ] 279/371, 10.7 task/s, elapsed: 26s, ETA:     9s[>>>>>>>>>>>>>>>>>>>>>        ] 280/371, 10.7 task/s, elapsed: 26s, ETA:     8s[>>>>>>>>>>>>>>>>>>>>>        ] 281/371, 10.7 task/s, elapsed: 26s, ETA:     8s[>>>>>>>>>>>>>>>>>>>>>>       ] 282/371, 10.7 task/s, elapsed: 26s, ETA:     8s[>>>>>>>>>>>>>>>>>>>>>>       ] 283/371, 10.7 task/s, elapsed: 26s, ETA:     8s[>>>>>>>>>>>>>>>>>>>>>>       ] 284/371, 10.8 task/s, elapsed: 26s, ETA:     8s[>>>>>>>>>>>>>>>>>>>>>>       ] 285/371, 10.8 task/s, elapsed: 26s, ETA:     8s[>>>>>>>>>>>>>>>>>>>>>>       ] 286/371, 10.8 task/s, elapsed: 27s, ETA:     8s[>>>>>>>>>>>>>>>>>>>>>>       ] 287/371, 10.8 task/s, elapsed: 27s, ETA:     8s[>>>>>>>>>>>>>>>>>>>>>>       ] 288/371, 10.8 task/s, elapsed: 27s, ETA:     8s[>>>>>>>>>>>>>>>>>>>>>>       ] 289/371, 10.8 task/s, elapsed: 27s, ETA:     8s[>>>>>>>>>>>>>>>>>>>>>>       ] 290/371, 10.8 task/s, elapsed: 27s, ETA:     8s[>>>>>>>>>>>>>>>>>>>>>>       ] 291/371, 10.8 task/s, elapsed: 27s, ETA:     7s[>>>>>>>>>>>>>>>>>>>>>>       ] 292/371, 10.8 task/s, elapsed: 27s, ETA:     7s[>>>>>>>>>>>>>>>>>>>>>>       ] 293/371, 10.8 task/s, elapsed: 27s, ETA:     7s[>>>>>>>>>>>>>>>>>>>>>>       ] 294/371, 10.8 task/s, elapsed: 27s, ETA:     7s[>>>>>>>>>>>>>>>>>>>>>>>      ] 295/371, 10.8 task/s, elapsed: 27s, ETA:     7s[>>>>>>>>>>>>>>>>>>>>>>>      ] 296/371, 10.8 task/s, elapsed: 27s, ETA:     7s[>>>>>>>>>>>>>>>>>>>>>>>      ] 297/371, 10.8 task/s, elapsed: 27s, ETA:     7s[>>>>>>>>>>>>>>>>>>>>>>>      ] 298/371, 10.8 task/s, elapsed: 28s, ETA:     7s[>>>>>>>>>>>>>>>>>>>>>>>      ] 299/371, 10.8 task/s, elapsed: 28s, ETA:     7s[>>>>>>>>>>>>>>>>>>>>>>>      ] 300/371, 10.8 task/s, elapsed: 28s, ETA:     7s[>>>>>>>>>>>>>>>>>>>>>>>      ] 301/371, 10.8 task/s, elapsed: 28s, ETA:     6s[>>>>>>>>>>>>>>>>>>>>>>>      ] 302/371, 10.8 task/s, elapsed: 28s, ETA:     6s[>>>>>>>>>>>>>>>>>>>>>>>      ] 303/371, 10.8 task/s, elapsed: 28s, ETA:     6s[>>>>>>>>>>>>>>>>>>>>>>>      ] 304/371, 10.8 task/s, elapsed: 28s, ETA:     6s[>>>>>>>>>>>>>>>>>>>>>>>      ] 305/371, 10.8 task/s, elapsed: 28s, ETA:     6s[>>>>>>>>>>>>>>>>>>>>>>>      ] 306/371, 10.8 task/s, elapsed: 28s, ETA:     6s[>>>>>>>>>>>>>>>>>>>>>>>      ] 307/371, 10.8 task/s, elapsed: 28s, ETA:     6s[>>>>>>>>>>>>>>>>>>>>>>>>     ] 308/371, 10.8 task/s, elapsed: 28s, ETA:     6s[>>>>>>>>>>>>>>>>>>>>>>>>     ] 309/371, 10.8 task/s, elapsed: 29s, ETA:     6s[>>>>>>>>>>>>>>>>>>>>>>>>     ] 310/371, 10.8 task/s, elapsed: 29s, ETA:     6s[>>>>>>>>>>>>>>>>>>>>>>>>     ] 311/371, 10.8 task/s, elapsed: 29s, ETA:     6s[>>>>>>>>>>>>>>>>>>>>>>>>     ] 312/371, 10.9 task/s, elapsed: 29s, ETA:     5s[>>>>>>>>>>>>>>>>>>>>>>>>     ] 313/371, 10.9 task/s, elapsed: 29s, ETA:     5s[>>>>>>>>>>>>>>>>>>>>>>>>     ] 314/371, 10.9 task/s, elapsed: 29s, ETA:     5s[>>>>>>>>>>>>>>>>>>>>>>>>     ] 315/371, 10.9 task/s, elapsed: 29s, ETA:     5s[>>>>>>>>>>>>>>>>>>>>>>>>     ] 316/371, 10.9 task/s, elapsed: 29s, ETA:     5s[>>>>>>>>>>>>>>>>>>>>>>>>     ] 317/371, 10.9 task/s, elapsed: 29s, ETA:     5s[>>>>>>>>>>>>>>>>>>>>>>>>     ] 318/371, 10.9 task/s, elapsed: 29s, ETA:     5s[>>>>>>>>>>>>>>>>>>>>>>>>     ] 319/371, 10.9 task/s, elapsed: 29s, ETA:     5s[>>>>>>>>>>>>>>>>>>>>>>>>>    ] 320/371, 10.9 task/s, elapsed: 29s, ETA:     5s[>>>>>>>>>>>>>>>>>>>>>>>>>    ] 321/371, 10.9 task/s, elapsed: 30s, ETA:     5s[>>>>>>>>>>>>>>>>>>>>>>>>>    ] 322/371, 10.9 task/s, elapsed: 30s, ETA:     5s[>>>>>>>>>>>>>>>>>>>>>>>>>    ] 323/371, 10.9 task/s, elapsed: 30s, ETA:     4s[>>>>>>>>>>>>>>>>>>>>>>>>>    ] 324/371, 10.9 task/s, elapsed: 30s, ETA:     4s[>>>>>>>>>>>>>>>>>>>>>>>>>    ] 325/371, 10.9 task/s, elapsed: 30s, ETA:     4s[>>>>>>>>>>>>>>>>>>>>>>>>>    ] 326/371, 10.9 task/s, elapsed: 30s, ETA:     4s[>>>>>>>>>>>>>>>>>>>>>>>>>    ] 327/371, 10.9 task/s, elapsed: 30s, ETA:     4s[>>>>>>>>>>>>>>>>>>>>>>>>>    ] 328/371, 10.9 task/s, elapsed: 30s, ETA:     4s[>>>>>>>>>>>>>>>>>>>>>>>>>    ] 329/371, 10.9 task/s, elapsed: 30s, ETA:     4s[>>>>>>>>>>>>>>>>>>>>>>>>>    ] 330/371, 10.9 task/s, elapsed: 30s, ETA:     4s[>>>>>>>>>>>>>>>>>>>>>>>>>    ] 331/371, 10.9 task/s, elapsed: 30s, ETA:     4s[>>>>>>>>>>>>>>>>>>>>>>>>>    ] 332/371, 10.9 task/s, elapsed: 30s, ETA:     4s[>>>>>>>>>>>>>>>>>>>>>>>>>>   ] 333/371, 10.9 task/s, elapsed: 31s, ETA:     3s[>>>>>>>>>>>>>>>>>>>>>>>>>>   ] 334/371, 10.9 task/s, elapsed: 31s, ETA:     3s[>>>>>>>>>>>>>>>>>>>>>>>>>>   ] 335/371, 10.9 task/s, elapsed: 31s, ETA:     3s[>>>>>>>>>>>>>>>>>>>>>>>>>>   ] 336/371, 10.9 task/s, elapsed: 31s, ETA:     3s[>>>>>>>>>>>>>>>>>>>>>>>>>>   ] 337/371, 10.9 task/s, elapsed: 31s, ETA:     3s[>>>>>>>>>>>>>>>>>>>>>>>>>>   ] 338/371, 10.9 task/s, elapsed: 31s, ETA:     3s[>>>>>>>>>>>>>>>>>>>>>>>>>>   ] 339/371, 10.9 task/s, elapsed: 31s, ETA:     3s[>>>>>>>>>>>>>>>>>>>>>>>>>>   ] 340/371, 10.9 task/s, elapsed: 31s, ETA:     3s[>>>>>>>>>>>>>>>>>>>>>>>>>>   ] 341/371, 10.9 task/s, elapsed: 31s, ETA:     3s[>>>>>>>>>>>>>>>>>>>>>>>>>>   ] 342/371, 10.9 task/s, elapsed: 31s, ETA:     3s[>>>>>>>>>>>>>>>>>>>>>>>>>>   ] 343/371, 10.9 task/s, elapsed: 31s, ETA:     3s[>>>>>>>>>>>>>>>>>>>>>>>>>>   ] 344/371, 10.9 task/s, elapsed: 31s, ETA:     2s[>>>>>>>>>>>>>>>>>>>>>>>>>>   ] 345/371, 10.9 task/s, elapsed: 32s, ETA:     2s[>>>>>>>>>>>>>>>>>>>>>>>>>>>  ] 346/371, 10.9 task/s, elapsed: 32s, ETA:     2s[>>>>>>>>>>>>>>>>>>>>>>>>>>>  ] 347/371, 10.9 task/s, elapsed: 32s, ETA:     2s[>>>>>>>>>>>>>>>>>>>>>>>>>>>  ] 348/371, 10.9 task/s, elapsed: 32s, ETA:     2s[>>>>>>>>>>>>>>>>>>>>>>>>>>>  ] 349/371, 10.9 task/s, elapsed: 32s, ETA:     2s[>>>>>>>>>>>>>>>>>>>>>>>>>>>  ] 350/371, 10.9 task/s, elapsed: 32s, ETA:     2s[>>>>>>>>>>>>>>>>>>>>>>>>>>>  ] 351/371, 11.0 task/s, elapsed: 32s, ETA:     2s[>>>>>>>>>>>>>>>>>>>>>>>>>>>  ] 352/371, 11.0 task/s, elapsed: 32s, ETA:     2s[>>>>>>>>>>>>>>>>>>>>>>>>>>>  ] 353/371, 11.0 task/s, elapsed: 32s, ETA:     2s[>>>>>>>>>>>>>>>>>>>>>>>>>>>  ] 354/371, 11.0 task/s, elapsed: 32s, ETA:     2s[>>>>>>>>>>>>>>>>>>>>>>>>>>>  ] 355/371, 11.0 task/s, elapsed: 32s, ETA:     1s[>>>>>>>>>>>>>>>>>>>>>>>>>>>  ] 356/371, 11.0 task/s, elapsed: 32s, ETA:     1s[>>>>>>>>>>>>>>>>>>>>>>>>>>>  ] 357/371, 11.0 task/s, elapsed: 33s, ETA:     1s[>>>>>>>>>>>>>>>>>>>>>>>>>>>  ] 358/371, 11.0 task/s, elapsed: 33s, ETA:     1s[>>>>>>>>>>>>>>>>>>>>>>>>>>>> ] 359/371, 11.0 task/s, elapsed: 33s, ETA:     1s[>>>>>>>>>>>>>>>>>>>>>>>>>>>> ] 360/371, 11.0 task/s, elapsed: 33s, ETA:     1s[>>>>>>>>>>>>>>>>>>>>>>>>>>>> ] 361/371, 11.0 task/s, elapsed: 33s, ETA:     1s[>>>>>>>>>>>>>>>>>>>>>>>>>>>> ] 362/371, 11.0 task/s, elapsed: 33s, ETA:     1s[>>>>>>>>>>>>>>>>>>>>>>>>>>>> ] 363/371, 11.0 task/s, elapsed: 33s, ETA:     1s[>>>>>>>>>>>>>>>>>>>>>>>>>>>> ] 364/371, 11.0 task/s, elapsed: 33s, ETA:     1s[>>>>>>>>>>>>>>>>>>>>>>>>>>>> ] 365/371, 11.0 task/s, elapsed: 33s, ETA:     1s[>>>>>>>>>>>>>>>>>>>>>>>>>>>> ] 366/371, 11.0 task/s, elapsed: 33s, ETA:     0s[>>>>>>>>>>>>>>>>>>>>>>>>>>>> ] 367/371, 11.0 task/s, elapsed: 33s, ETA:     0s[>>>>>>>>>>>>>>>>>>>>>>>>>>>> ] 368/371, 11.0 task/s, elapsed: 33s, ETA:     0s[>>>>>>>>>>>>>>>>>>>>>>>>>>>> ] 369/371, 11.0 task/s, elapsed: 34s, ETA:     0s[>>>>>>>>>>>>>>>>>>>>>>>>>>>> ] 370/371, 11.0 task/s, elapsed: 34s, ETA:     0s[>>>>>>>>>>>>>>>>>>>>>>>>>>>>>] 371/371, 11.0 task/s, elapsed: 34s, ETA:     0s

2026-05-12 05:29:31,738 - mmdet - INFO - Evaluating bbox...
Loading and preparing results...
DONE (t=0.00s)
creating index...
index created!
Running per image evaluation...
Evaluate annotation type *bbox*
DONE (t=2.20s).
Accumulating evaluation results...
DONE (t=0.12s).
2026-05-12 05:29:34,080 - mmdet - INFO - 
 Average Precision  (AP) @[ IoU=0.50:0.95 | area=   all | maxDets=100 ] = 0.237
 Average Precision  (AP) @[ IoU=0.50      | area=   all | maxDets=1000 ] = 0.641
 Average Precision  (AP) @[ IoU=0.75      | area=   all | maxDets=1000 ] = 0.116
 Average Precision  (AP) @[ IoU=0.50:0.95 | area= small | maxDets=1000 ] = 0.003
 Average Precision  (AP) @[ IoU=0.50:0.95 | area=medium | maxDets=1000 ] = 0.197
 Average Precision  (AP) @[ IoU=0.50:0.95 | area= large | maxDets=1000 ] = 0.295
 Average Recall     (AR) @[ IoU=0.50:0.95 | area=   all | maxDets=100 ] = 0.365
 Average Recall     (AR) @[ IoU=0.50:0.95 | area=   all | maxDets=300 ] = 0.365
 Average Recall     (AR) @[ IoU=0.50:0.95 | area=   all | maxDets=1000 ] = 0.365
 Average Recall     (AR) @[ IoU=0.50:0.95 | area= small | maxDets=1000 ] = 0.028
 Average Recall     (AR) @[ IoU=0.50:0.95 | area=medium | maxDets=1000 ] = 0.321
 Average Recall     (AR) @[ IoU=0.50:0.95 | area= large | maxDets=1000 ] = 0.430

2026-05-12 05:29:34,085 - mmdet - INFO - Exp name: fold_1_r50_300e_hbb.py
2026-05-12 05:29:34,085 - mmdet - INFO - Epoch(val) [70][371]	bbox_mAP: 0.2370, bbox_mAP_50: 0.6410, bbox_mAP_75: 0.1160, bbox_mAP_s: 0.0030, bbox_mAP_m: 0.1970, bbox_mAP_l: 0.2950, bbox_mAP_copypaste: 0.237 0.641 0.116 0.003 0.197 0.295
2026-05-12 05:30:03,615 - mmdet - INFO - Epoch [71][50/186]	lr: 1.743e-02, eta: 5:13:42, time: 0.588, data_time: 0.083, memory: 6155, loss_rpn_cls: 0.0184, loss_rpn_bbox: 0.0032, loss_cls: 0.1112, acc: 95.5674, loss_bbox: 0.0767, loss: 0.2094, grad_norm: 1.3655
2026-05-12 05:30:29,397 - mmdet - INFO - Epoch [71][100/186]	lr: 1.743e-02, eta: 5:13:33, time: 0.518, data_time: 0.015, memory: 6155, loss_rpn_cls: 0.0216, loss_rpn_bbox: 0.0037, loss_cls: 0.1122, acc: 95.6436, loss_bbox: 0.0749, loss: 0.2124, grad_norm: 1.4119
2026-05-12 05:30:55,377 - mmdet - INFO - Epoch [71][150/186]	lr: 1.743e-02, eta: 5:13:23, time: 0.518, data_time: 0.013, memory: 6155, loss_rpn_cls: 0.0257, loss_rpn_bbox: 0.0045, loss_cls: 0.1254, acc: 95.0625, loss_bbox: 0.0887, loss: 0.2442, grad_norm: 1.4307
2026-05-12 05:31:43,796 - mmdet - INFO - Epoch [72][50/186]	lr: 1.736e-02, eta: 5:12:19, time: 0.594, data_time: 0.083, memory: 6155, loss_rpn_cls: 0.0187, loss_rpn_bbox: 0.0033, loss_cls: 0.0952, acc: 96.3184, loss_bbox: 0.0651, loss: 0.1823, grad_norm: 1.1711
2026-05-12 05:32:09,642 - mmdet - INFO - Epoch [72][100/186]	lr: 1.736e-02, eta: 5:12:09, time: 0.515, data_time: 0.013, memory: 6155, loss_rpn_cls: 0.0244, loss_rpn_bbox: 0.0041, loss_cls: 0.1110, acc: 95.7432, loss_bbox: 0.0757, loss: 0.2152, grad_norm: 1.3223
2026-05-12 05:32:35,603 - mmdet - INFO - Epoch [72][150/186]	lr: 1.736e-02, eta: 5:11:59, time: 0.521, data_time: 0.015, memory: 6155, loss_rpn_cls: 0.0158, loss_rpn_bbox: 0.0034, loss_cls: 0.1098, acc: 95.6143, loss_bbox: 0.0745, loss: 0.2035, grad_norm: 1.2907
2026-05-12 05:33:23,974 - mmdet - INFO - Epoch [73][50/186]	lr: 1.729e-02, eta: 5:10:55, time: 0.590, data_time: 0.083, memory: 6155, loss_rpn_cls: 0.0225, loss_rpn_bbox: 0.0032, loss_cls: 0.1021, acc: 96.2334, loss_bbox: 0.0651, loss: 0.1930, grad_norm: 1.2440
2026-05-12 05:33:49,759 - mmdet - INFO - Epoch [73][100/186]	lr: 1.729e-02, eta: 5:10:45, time: 0.518, data_time: 0.015, memory: 6155, loss_rpn_cls: 0.0175, loss_rpn_bbox: 0.0030, loss_cls: 0.1034, acc: 95.9277, loss_bbox: 0.0692, loss: 0.1930, grad_norm: 1.2111
2026-05-12 05:34:15,717 - mmdet - INFO - Epoch [73][150/186]	lr: 1.729e-02, eta: 5:10:35, time: 0.517, data_time: 0.013, memory: 6155, loss_rpn_cls: 0.0235, loss_rpn_bbox: 0.0039, loss_cls: 0.1090, acc: 95.6953, loss_bbox: 0.0797, loss: 0.2161, grad_norm: 1.2546
2026-05-12 05:35:03,992 - mmdet - INFO - Epoch [74][50/186]	lr: 1.722e-02, eta: 5:09:31, time: 0.592, data_time: 0.083, memory: 6155, loss_rpn_cls: 0.0203, loss_rpn_bbox: 0.0031, loss_cls: 0.1045, acc: 96.0889, loss_bbox: 0.0698, loss: 0.1977, grad_norm: 1.1904
2026-05-12 05:35:29,862 - mmdet - INFO - Epoch [74][100/186]	lr: 1.722e-02, eta: 5:09:21, time: 0.515, data_time: 0.013, memory: 6155, loss_rpn_cls: 0.0211, loss_rpn_bbox: 0.0036, loss_cls: 0.1029, acc: 95.9541, loss_bbox: 0.0688, loss: 0.1964, grad_norm: 1.2534
2026-05-12 05:35:55,898 - mmdet - INFO - Epoch [74][150/186]	lr: 1.722e-02, eta: 5:09:11, time: 0.523, data_time: 0.015, memory: 6155, loss_rpn_cls: 0.0338, loss_rpn_bbox: 0.0038, loss_cls: 0.1108, acc: 95.8096, loss_bbox: 0.0729, loss: 0.2212, grad_norm: 1.2771
2026-05-12 05:36:44,340 - mmdet - INFO - Epoch [75][50/186]	lr: 1.714e-02, eta: 5:08:08, time: 0.591, data_time: 0.083, memory: 6155, loss_rpn_cls: 0.0292, loss_rpn_bbox: 0.0037, loss_cls: 0.1040, acc: 96.0967, loss_bbox: 0.0709, loss: 0.2078, grad_norm: 1.3300
2026-05-12 05:37:10,338 - mmdet - INFO - Epoch [75][100/186]	lr: 1.714e-02, eta: 5:07:58, time: 0.522, data_time: 0.015, memory: 6155, loss_rpn_cls: 0.0249, loss_rpn_bbox: 0.0037, loss_cls: 0.1033, acc: 96.0811, loss_bbox: 0.0672, loss: 0.1991, grad_norm: 1.2582
2026-05-12 05:37:36,224 - mmdet - INFO - Epoch [75][150/186]	lr: 1.714e-02, eta: 5:07:47, time: 0.516, data_time: 0.013, memory: 6155, loss_rpn_cls: 0.0197, loss_rpn_bbox: 0.0029, loss_cls: 0.0866, acc: 96.6260, loss_bbox: 0.0591, loss: 0.1682, grad_norm: 1.2535
2026-05-12 05:38:24,458 - mmdet - INFO - Exp name: fold_1_r50_300e_hbb.py
2026-05-12 05:38:24,459 - mmdet - INFO - Epoch [76][50/186]	lr: 1.707e-02, eta: 5:06:44, time: 0.590, data_time: 0.083, memory: 6155, loss_rpn_cls: 0.0201, loss_rpn_bbox: 0.0030, loss_cls: 0.0944, acc: 96.3711, loss_bbox: 0.0634, loss: 0.1810, grad_norm: 1.2667
2026-05-12 05:38:50,234 - mmdet - INFO - Epoch [76][100/186]	lr: 1.707e-02, eta: 5:06:33, time: 0.514, data_time: 0.013, memory: 6155, loss_rpn_cls: 0.0229, loss_rpn_bbox: 0.0039, loss_cls: 0.0990, acc: 96.1865, loss_bbox: 0.0621, loss: 0.1880, grad_norm: 1.2362
2026-05-12 05:39:16,207 - mmdet - INFO - Epoch [76][150/186]	lr: 1.707e-02, eta: 5:06:23, time: 0.521, data_time: 0.015, memory: 6155, loss_rpn_cls: 0.0161, loss_rpn_bbox: 0.0032, loss_cls: 0.1027, acc: 96.1191, loss_bbox: 0.0679, loss: 0.1900, grad_norm: 1.2219
2026-05-12 05:40:04,600 - mmdet - INFO - Epoch [77][50/186]	lr: 1.700e-02, eta: 5:05:21, time: 0.591, data_time: 0.083, memory: 6155, loss_rpn_cls: 0.0162, loss_rpn_bbox: 0.0033, loss_cls: 0.1086, acc: 95.8506, loss_bbox: 0.0761, loss: 0.2043, grad_norm: 1.2312
2026-05-12 05:40:30,528 - mmdet - INFO - Epoch [77][100/186]	lr: 1.700e-02, eta: 5:05:10, time: 0.520, data_time: 0.015, memory: 6155, loss_rpn_cls: 0.0229, loss_rpn_bbox: 0.0029, loss_cls: 0.0932, acc: 96.4238, loss_bbox: 0.0600, loss: 0.1791, grad_norm: 1.1777
2026-05-12 05:40:56,501 - mmdet - INFO - Epoch [77][150/186]	lr: 1.700e-02, eta: 5:05:00, time: 0.518, data_time: 0.013, memory: 6155, loss_rpn_cls: 0.0151, loss_rpn_bbox: 0.0030, loss_cls: 0.0924, acc: 96.4424, loss_bbox: 0.0595, loss: 0.1701, grad_norm: 1.1699
2026-05-12 05:41:44,830 - mmdet - INFO - Epoch [78][50/186]	lr: 1.692e-02, eta: 5:03:58, time: 0.592, data_time: 0.084, memory: 6155, loss_rpn_cls: 0.0250, loss_rpn_bbox: 0.0036, loss_cls: 0.1067, acc: 95.9863, loss_bbox: 0.0716, loss: 0.2069, grad_norm: 1.2333
2026-05-12 05:42:10,693 - mmdet - INFO - Epoch [78][100/186]	lr: 1.692e-02, eta: 5:03:46, time: 0.515, data_time: 0.013, memory: 6155, loss_rpn_cls: 0.0186, loss_rpn_bbox: 0.0033, loss_cls: 0.0916, acc: 96.4443, loss_bbox: 0.0603, loss: 0.1737, grad_norm: 1.2075
2026-05-12 05:42:36,645 - mmdet - INFO - Epoch [78][150/186]	lr: 1.692e-02, eta: 5:03:36, time: 0.521, data_time: 0.015, memory: 6155, loss_rpn_cls: 0.0252, loss_rpn_bbox: 0.0036, loss_cls: 0.1070, acc: 95.9043, loss_bbox: 0.0660, loss: 0.2018, grad_norm: 1.2459
2026-05-12 05:43:24,911 - mmdet - INFO - Epoch [79][50/186]	lr: 1.685e-02, eta: 5:02:34, time: 0.589, data_time: 0.083, memory: 6155, loss_rpn_cls: 0.0240, loss_rpn_bbox: 0.0035, loss_cls: 0.0944, acc: 96.4180, loss_bbox: 0.0672, loss: 0.1891, grad_norm: 1.3123
2026-05-12 05:43:50,716 - mmdet - INFO - Epoch [79][100/186]	lr: 1.685e-02, eta: 5:02:23, time: 0.518, data_time: 0.015, memory: 6155, loss_rpn_cls: 0.0240, loss_rpn_bbox: 0.0032, loss_cls: 0.0908, acc: 96.5264, loss_bbox: 0.0590, loss: 0.1771, grad_norm: 1.2318
2026-05-12 05:44:16,600 - mmdet - INFO - Epoch [79][150/186]	lr: 1.685e-02, eta: 5:02:12, time: 0.516, data_time: 0.013, memory: 6155, loss_rpn_cls: 0.0242, loss_rpn_bbox: 0.0036, loss_cls: 0.1015, acc: 96.1572, loss_bbox: 0.0716, loss: 0.2008, grad_norm: 1.2447
2026-05-12 05:45:04,774 - mmdet - INFO - Epoch [80][50/186]	lr: 1.677e-02, eta: 5:01:10, time: 0.589, data_time: 0.083, memory: 6155, loss_rpn_cls: 0.0150, loss_rpn_bbox: 0.0026, loss_cls: 0.0887, acc: 96.6025, loss_bbox: 0.0597, loss: 0.1660, grad_norm: 1.1897
2026-05-12 05:45:30,639 - mmdet - INFO - Epoch [80][100/186]	lr: 1.677e-02, eta: 5:00:59, time: 0.515, data_time: 0.013, memory: 6155, loss_rpn_cls: 0.0197, loss_rpn_bbox: 0.0032, loss_cls: 0.1048, acc: 95.9746, loss_bbox: 0.0682, loss: 0.1959, grad_norm: 1.2198
2026-05-12 05:45:56,696 - mmdet - INFO - Epoch [80][150/186]	lr: 1.677e-02, eta: 5:00:48, time: 0.523, data_time: 0.015, memory: 6155, loss_rpn_cls: 0.0200, loss_rpn_bbox: 0.0033, loss_cls: 0.1077, acc: 95.8652, loss_bbox: 0.0695, loss: 0.2005, grad_norm: 1.2542
2026-05-12 05:46:15,518 - mmdet - INFO - Saving checkpoint at 80 epochs
[                                                  ] 0/371, elapsed: 0s, ETA:[                                 ] 1/371, 0.4 task/s, elapsed: 3s, ETA:   951s[                                 ] 2/371, 0.8 task/s, elapsed: 3s, ETA:   491s[                                 ] 3/371, 1.1 task/s, elapsed: 3s, ETA:   337s[                                 ] 4/371, 1.4 task/s, elapsed: 3s, ETA:   260s[                                 ] 5/371, 1.7 task/s, elapsed: 3s, ETA:   213s[                                 ] 6/371, 2.0 task/s, elapsed: 3s, ETA:   182s[                                 ] 7/371, 2.3 task/s, elapsed: 3s, ETA:   160s[                                 ] 8/371, 2.5 task/s, elapsed: 3s, ETA:   144s[                                 ] 9/371, 2.8 task/s, elapsed: 3s, ETA:   131s[                                ] 10/371, 3.0 task/s, elapsed: 3s, ETA:   120s[                                ] 11/371, 3.2 task/s, elapsed: 3s, ETA:   112s[>                               ] 12/371, 3.4 task/s, elapsed: 4s, ETA:   105s[>                               ] 13/371, 3.6 task/s, elapsed: 4s, ETA:    99s[>                               ] 14/371, 3.8 task/s, elapsed: 4s, ETA:    94s[>                               ] 15/371, 4.0 task/s, elapsed: 4s, ETA:    89s[>                               ] 16/371, 4.2 task/s, elapsed: 4s, ETA:    85s[>                               ] 17/371, 4.3 task/s, elapsed: 4s, ETA:    82s[>                               ] 18/371, 4.5 task/s, elapsed: 4s, ETA:    79s[>                               ] 19/371, 4.6 task/s, elapsed: 4s, ETA:    76s[>                               ] 20/371, 4.8 task/s, elapsed: 4s, ETA:    73s[>                               ] 21/371, 4.9 task/s, elapsed: 4s, ETA:    71s[>                               ] 22/371, 5.1 task/s, elapsed: 4s, ETA:    69s[>                               ] 23/371, 5.2 task/s, elapsed: 4s, ETA:    67s[>>                              ] 24/371, 5.3 task/s, elapsed: 5s, ETA:    65s[>>                              ] 25/371, 5.4 task/s, elapsed: 5s, ETA:    64s[>>                              ] 26/371, 5.6 task/s, elapsed: 5s, ETA:    62s[>>                              ] 27/371, 5.7 task/s, elapsed: 5s, ETA:    61s[>>                              ] 28/371, 5.8 task/s, elapsed: 5s, ETA:    59s[>>                              ] 29/371, 5.9 task/s, elapsed: 5s, ETA:    58s[>>                              ] 30/371, 6.0 task/s, elapsed: 5s, ETA:    57s[>>                              ] 31/371, 6.1 task/s, elapsed: 5s, ETA:    56s[>>                              ] 32/371, 6.2 task/s, elapsed: 5s, ETA:    55s[>>                              ] 33/371, 6.3 task/s, elapsed: 5s, ETA:    54s[>>                              ] 34/371, 6.4 task/s, elapsed: 5s, ETA:    53s[>>>                             ] 35/371, 6.4 task/s, elapsed: 5s, ETA:    52s[>>>                             ] 36/371, 6.5 task/s, elapsed: 6s, ETA:    51s[>>>                             ] 37/371, 6.6 task/s, elapsed: 6s, ETA:    51s[>>>                             ] 38/371, 6.7 task/s, elapsed: 6s, ETA:    50s[>>>                             ] 39/371, 6.8 task/s, elapsed: 6s, ETA:    49s[>>>                             ] 40/371, 6.8 task/s, elapsed: 6s, ETA:    48s[>>>                             ] 41/371, 6.9 task/s, elapsed: 6s, ETA:    48s[>>>                             ] 42/371, 7.0 task/s, elapsed: 6s, ETA:    47s[>>>                             ] 43/371, 7.0 task/s, elapsed: 6s, ETA:    47s[>>>                             ] 44/371, 7.1 task/s, elapsed: 6s, ETA:    46s[>>>                             ] 45/371, 7.2 task/s, elapsed: 6s, ETA:    45s[>>>                             ] 46/371, 7.2 task/s, elapsed: 6s, ETA:    45s[>>>>                            ] 47/371, 7.3 task/s, elapsed: 6s, ETA:    44s[>>>>                            ] 48/371, 7.4 task/s, elapsed: 7s, ETA:    44s[>>>>                            ] 49/371, 7.4 task/s, elapsed: 7s, ETA:    43s[>>>>                            ] 50/371, 7.5 task/s, elapsed: 7s, ETA:    43s[>>>>                            ] 51/371, 7.5 task/s, elapsed: 7s, ETA:    42s[>>>>                            ] 52/371, 7.6 task/s, elapsed: 7s, ETA:    42s[>>>>                            ] 53/371, 7.6 task/s, elapsed: 7s, ETA:    42s[>>>>                            ] 54/371, 7.7 task/s, elapsed: 7s, ETA:    41s[>>>>                            ] 55/371, 7.7 task/s, elapsed: 7s, ETA:    41s[>>>>                            ] 56/371, 7.8 task/s, elapsed: 7s, ETA:    40s[>>>>                            ] 57/371, 7.8 task/s, elapsed: 7s, ETA:    40s[>>>>>                           ] 58/371, 7.9 task/s, elapsed: 7s, ETA:    40s[>>>>>                           ] 59/371, 7.9 task/s, elapsed: 7s, ETA:    39s[>>>>>                           ] 60/371, 8.0 task/s, elapsed: 8s, ETA:    39s[>>>>>                           ] 61/371, 8.0 task/s, elapsed: 8s, ETA:    39s[>>>>>                           ] 62/371, 8.1 task/s, elapsed: 8s, ETA:    38s[>>>>>                           ] 63/371, 8.1 task/s, elapsed: 8s, ETA:    38s[>>>>>                           ] 64/371, 8.1 task/s, elapsed: 8s, ETA:    38s[>>>>>                           ] 65/371, 8.2 task/s, elapsed: 8s, ETA:    37s[>>>>>                           ] 66/371, 8.2 task/s, elapsed: 8s, ETA:    37s[>>>>>                           ] 67/371, 8.3 task/s, elapsed: 8s, ETA:    37s[>>>>>                           ] 68/371, 8.3 task/s, elapsed: 8s, ETA:    37s[>>>>>                           ] 69/371, 8.3 task/s, elapsed: 8s, ETA:    36s[>>>>>>                          ] 70/371, 8.4 task/s, elapsed: 8s, ETA:    36s[>>>>>>                          ] 71/371, 8.4 task/s, elapsed: 8s, ETA:    36s[>>>>>>                          ] 72/371, 8.4 task/s, elapsed: 9s, ETA:    35s[>>>>>>                          ] 73/371, 8.5 task/s, elapsed: 9s, ETA:    35s[>>>>>>                          ] 74/371, 8.5 task/s, elapsed: 9s, ETA:    35s[>>>>>>                          ] 75/371, 8.5 task/s, elapsed: 9s, ETA:    35s[>>>>>>                          ] 76/371, 8.6 task/s, elapsed: 9s, ETA:    34s[>>>>>>                          ] 77/371, 8.6 task/s, elapsed: 9s, ETA:    34s[>>>>>>                          ] 78/371, 8.6 task/s, elapsed: 9s, ETA:    34s[>>>>>>                          ] 79/371, 8.7 task/s, elapsed: 9s, ETA:    34s[>>>>>>                          ] 80/371, 8.7 task/s, elapsed: 9s, ETA:    34s[>>>>>>                          ] 81/371, 8.7 task/s, elapsed: 9s, ETA:    33s[>>>>>>>                         ] 82/371, 8.7 task/s, elapsed: 9s, ETA:    33s[>>>>>>>                         ] 83/371, 8.8 task/s, elapsed: 9s, ETA:    33s[>>>>>>>                        ] 84/371, 8.8 task/s, elapsed: 10s, ETA:    33s[>>>>>>>                        ] 85/371, 8.8 task/s, elapsed: 10s, ETA:    32s[>>>>>>>                        ] 86/371, 8.9 task/s, elapsed: 10s, ETA:    32s[>>>>>>>                        ] 87/371, 8.9 task/s, elapsed: 10s, ETA:    32s[>>>>>>>                        ] 88/371, 8.9 task/s, elapsed: 10s, ETA:    32s[>>>>>>>                        ] 89/371, 8.9 task/s, elapsed: 10s, ETA:    32s[>>>>>>>                        ] 90/371, 8.9 task/s, elapsed: 10s, ETA:    31s[>>>>>>>                        ] 91/371, 9.0 task/s, elapsed: 10s, ETA:    31s[>>>>>>>                        ] 92/371, 9.0 task/s, elapsed: 10s, ETA:    31s[>>>>>>>                        ] 93/371, 9.0 task/s, elapsed: 10s, ETA:    31s[>>>>>>>                        ] 94/371, 9.0 task/s, elapsed: 10s, ETA:    31s[>>>>>>>                        ] 95/371, 9.1 task/s, elapsed: 10s, ETA:    30s[>>>>>>>>                       ] 96/371, 9.1 task/s, elapsed: 11s, ETA:    30s[>>>>>>>>                       ] 97/371, 9.1 task/s, elapsed: 11s, ETA:    30s[>>>>>>>>                       ] 98/371, 9.1 task/s, elapsed: 11s, ETA:    30s[>>>>>>>>                       ] 99/371, 9.2 task/s, elapsed: 11s, ETA:    30s[>>>>>>>>                      ] 100/371, 9.2 task/s, elapsed: 11s, ETA:    30s[>>>>>>>>                      ] 101/371, 9.2 task/s, elapsed: 11s, ETA:    29s[>>>>>>>>                      ] 102/371, 9.2 task/s, elapsed: 11s, ETA:    29s[>>>>>>>>                      ] 103/371, 9.2 task/s, elapsed: 11s, ETA:    29s[>>>>>>>>                      ] 104/371, 9.3 task/s, elapsed: 11s, ETA:    29s[>>>>>>>>                      ] 105/371, 9.3 task/s, elapsed: 11s, ETA:    29s[>>>>>>>>                      ] 106/371, 9.3 task/s, elapsed: 11s, ETA:    29s[>>>>>>>>                      ] 107/371, 9.3 task/s, elapsed: 11s, ETA:    28s[>>>>>>>>                      ] 108/371, 9.3 task/s, elapsed: 12s, ETA:    28s[>>>>>>>>                      ] 109/371, 9.3 task/s, elapsed: 12s, ETA:    28s[>>>>>>>>                      ] 110/371, 9.4 task/s, elapsed: 12s, ETA:    28s[>>>>>>>>                      ] 111/371, 9.4 task/s, elapsed: 12s, ETA:    28s[>>>>>>>>>                     ] 112/371, 9.4 task/s, elapsed: 12s, ETA:    28s[>>>>>>>>>                     ] 113/371, 9.4 task/s, elapsed: 12s, ETA:    27s[>>>>>>>>>                     ] 114/371, 9.4 task/s, elapsed: 12s, ETA:    27s[>>>>>>>>>                     ] 115/371, 9.5 task/s, elapsed: 12s, ETA:    27s[>>>>>>>>>                     ] 116/371, 9.5 task/s, elapsed: 12s, ETA:    27s[>>>>>>>>>                     ] 117/371, 9.5 task/s, elapsed: 12s, ETA:    27s[>>>>>>>>>                     ] 118/371, 9.5 task/s, elapsed: 12s, ETA:    27s[>>>>>>>>>                     ] 119/371, 9.5 task/s, elapsed: 12s, ETA:    26s[>>>>>>>>>                     ] 120/371, 9.5 task/s, elapsed: 13s, ETA:    26s[>>>>>>>>>                     ] 121/371, 9.6 task/s, elapsed: 13s, ETA:    26s[>>>>>>>>>                     ] 122/371, 9.6 task/s, elapsed: 13s, ETA:    26s[>>>>>>>>>                     ] 123/371, 9.6 task/s, elapsed: 13s, ETA:    26s[>>>>>>>>>>                    ] 124/371, 9.6 task/s, elapsed: 13s, ETA:    26s[>>>>>>>>>>                    ] 125/371, 9.6 task/s, elapsed: 13s, ETA:    26s[>>>>>>>>>>                    ] 126/371, 9.6 task/s, elapsed: 13s, ETA:    25s[>>>>>>>>>>                    ] 127/371, 9.6 task/s, elapsed: 13s, ETA:    25s[>>>>>>>>>>                    ] 128/371, 9.7 task/s, elapsed: 13s, ETA:    25s[>>>>>>>>>>                    ] 129/371, 9.7 task/s, elapsed: 13s, ETA:    25s[>>>>>>>>>>                    ] 130/371, 9.7 task/s, elapsed: 13s, ETA:    25s[>>>>>>>>>>                    ] 131/371, 9.7 task/s, elapsed: 14s, ETA:    25s[>>>>>>>>>>                    ] 132/371, 9.7 task/s, elapsed: 14s, ETA:    25s[>>>>>>>>>>                    ] 133/371, 9.7 task/s, elapsed: 14s, ETA:    24s[>>>>>>>>>>                    ] 134/371, 9.7 task/s, elapsed: 14s, ETA:    24s[>>>>>>>>>>                    ] 135/371, 9.8 task/s, elapsed: 14s, ETA:    24s[>>>>>>>>>>                    ] 136/371, 9.8 task/s, elapsed: 14s, ETA:    24s[>>>>>>>>>>>                   ] 137/371, 9.8 task/s, elapsed: 14s, ETA:    24s[>>>>>>>>>>>                   ] 138/371, 9.8 task/s, elapsed: 14s, ETA:    24s[>>>>>>>>>>>                   ] 139/371, 9.8 task/s, elapsed: 14s, ETA:    24s[>>>>>>>>>>>                   ] 140/371, 9.8 task/s, elapsed: 14s, ETA:    24s[>>>>>>>>>>>                   ] 141/371, 9.8 task/s, elapsed: 14s, ETA:    23s[>>>>>>>>>>>                   ] 142/371, 9.8 task/s, elapsed: 14s, ETA:    23s[>>>>>>>>>>>                   ] 143/371, 9.8 task/s, elapsed: 15s, ETA:    23s[>>>>>>>>>>>                   ] 144/371, 9.9 task/s, elapsed: 15s, ETA:    23s[>>>>>>>>>>>                   ] 145/371, 9.9 task/s, elapsed: 15s, ETA:    23s[>>>>>>>>>>>                   ] 146/371, 9.9 task/s, elapsed: 15s, ETA:    23s[>>>>>>>>>>>                   ] 147/371, 9.9 task/s, elapsed: 15s, ETA:    23s[>>>>>>>>>>>                   ] 148/371, 9.9 task/s, elapsed: 15s, ETA:    23s[>>>>>>>>>>>>                  ] 149/371, 9.9 task/s, elapsed: 15s, ETA:    22s[>>>>>>>>>>>>                  ] 150/371, 9.9 task/s, elapsed: 15s, ETA:    22s[>>>>>>>>>>>>                  ] 151/371, 9.9 task/s, elapsed: 15s, ETA:    22s[>>>>>>>>>>>>                  ] 152/371, 9.9 task/s, elapsed: 15s, ETA:    22s[>>>>>>>>>>>                  ] 153/371, 10.0 task/s, elapsed: 15s, ETA:    22s[>>>>>>>>>>>>                 ] 154/371, 10.0 task/s, elapsed: 15s, ETA:    22s[>>>>>>>>>>>>                 ] 155/371, 10.0 task/s, elapsed: 16s, ETA:    22s[>>>>>>>>>>>>                 ] 156/371, 10.0 task/s, elapsed: 16s, ETA:    22s[>>>>>>>>>>>>                 ] 157/371, 10.0 task/s, elapsed: 16s, ETA:    21s[>>>>>>>>>>>>                 ] 158/371, 10.0 task/s, elapsed: 16s, ETA:    21s[>>>>>>>>>>>>                 ] 159/371, 10.0 task/s, elapsed: 16s, ETA:    21s[>>>>>>>>>>>>                 ] 160/371, 10.0 task/s, elapsed: 16s, ETA:    21s[>>>>>>>>>>>>                 ] 161/371, 10.0 task/s, elapsed: 16s, ETA:    21s[>>>>>>>>>>>>                 ] 162/371, 10.1 task/s, elapsed: 16s, ETA:    21s[>>>>>>>>>>>>                 ] 163/371, 10.1 task/s, elapsed: 16s, ETA:    21s[>>>>>>>>>>>>                 ] 164/371, 10.1 task/s, elapsed: 16s, ETA:    21s[>>>>>>>>>>>>                 ] 165/371, 10.1 task/s, elapsed: 16s, ETA:    20s[>>>>>>>>>>>>                 ] 166/371, 10.1 task/s, elapsed: 16s, ETA:    20s[>>>>>>>>>>>>>                ] 167/371, 10.1 task/s, elapsed: 17s, ETA:    20s[>>>>>>>>>>>>>                ] 168/371, 10.1 task/s, elapsed: 17s, ETA:    20s[>>>>>>>>>>>>>                ] 169/371, 10.1 task/s, elapsed: 17s, ETA:    20s[>>>>>>>>>>>>>                ] 170/371, 10.1 task/s, elapsed: 17s, ETA:    20s[>>>>>>>>>>>>>                ] 171/371, 10.1 task/s, elapsed: 17s, ETA:    20s[>>>>>>>>>>>>>                ] 172/371, 10.1 task/s, elapsed: 17s, ETA:    20s[>>>>>>>>>>>>>                ] 173/371, 10.1 task/s, elapsed: 17s, ETA:    20s[>>>>>>>>>>>>>                ] 174/371, 10.2 task/s, elapsed: 17s, ETA:    19s[>>>>>>>>>>>>>                ] 175/371, 10.2 task/s, elapsed: 17s, ETA:    19s[>>>>>>>>>>>>>                ] 176/371, 10.2 task/s, elapsed: 17s, ETA:    19s[>>>>>>>>>>>>>                ] 177/371, 10.2 task/s, elapsed: 17s, ETA:    19s[>>>>>>>>>>>>>                ] 178/371, 10.2 task/s, elapsed: 17s, ETA:    19s[>>>>>>>>>>>>>                ] 179/371, 10.2 task/s, elapsed: 18s, ETA:    19s[>>>>>>>>>>>>>>               ] 180/371, 10.2 task/s, elapsed: 18s, ETA:    19s[>>>>>>>>>>>>>>               ] 181/371, 10.2 task/s, elapsed: 18s, ETA:    19s[>>>>>>>>>>>>>>               ] 182/371, 10.2 task/s, elapsed: 18s, ETA:    18s[>>>>>>>>>>>>>>               ] 183/371, 10.2 task/s, elapsed: 18s, ETA:    18s[>>>>>>>>>>>>>>               ] 184/371, 10.2 task/s, elapsed: 18s, ETA:    18s[>>>>>>>>>>>>>>               ] 185/371, 10.2 task/s, elapsed: 18s, ETA:    18s[>>>>>>>>>>>>>>               ] 186/371, 10.3 task/s, elapsed: 18s, ETA:    18s[>>>>>>>>>>>>>>               ] 187/371, 10.3 task/s, elapsed: 18s, ETA:    18s[>>>>>>>>>>>>>>               ] 188/371, 10.3 task/s, elapsed: 18s, ETA:    18s[>>>>>>>>>>>>>>               ] 189/371, 10.3 task/s, elapsed: 18s, ETA:    18s[>>>>>>>>>>>>>>               ] 190/371, 10.3 task/s, elapsed: 18s, ETA:    18s[>>>>>>>>>>>>>>               ] 191/371, 10.3 task/s, elapsed: 19s, ETA:    17s[>>>>>>>>>>>>>>>              ] 192/371, 10.3 task/s, elapsed: 19s, ETA:    17s[>>>>>>>>>>>>>>>              ] 193/371, 10.3 task/s, elapsed: 19s, ETA:    17s[>>>>>>>>>>>>>>>              ] 194/371, 10.3 task/s, elapsed: 19s, ETA:    17s[>>>>>>>>>>>>>>>              ] 195/371, 10.3 task/s, elapsed: 19s, ETA:    17s[>>>>>>>>>>>>>>>              ] 196/371, 10.3 task/s, elapsed: 19s, ETA:    17s[>>>>>>>>>>>>>>>              ] 197/371, 10.3 task/s, elapsed: 19s, ETA:    17s[>>>>>>>>>>>>>>>              ] 198/371, 10.3 task/s, elapsed: 19s, ETA:    17s[>>>>>>>>>>>>>>>              ] 199/371, 10.3 task/s, elapsed: 19s, ETA:    17s[>>>>>>>>>>>>>>>              ] 200/371, 10.4 task/s, elapsed: 19s, ETA:    17s[>>>>>>>>>>>>>>>              ] 201/371, 10.4 task/s, elapsed: 19s, ETA:    16s[>>>>>>>>>>>>>>>              ] 202/371, 10.4 task/s, elapsed: 19s, ETA:    16s[>>>>>>>>>>>>>>>              ] 203/371, 10.4 task/s, elapsed: 20s, ETA:    16s[>>>>>>>>>>>>>>>              ] 204/371, 10.4 task/s, elapsed: 20s, ETA:    16s[>>>>>>>>>>>>>>>>             ] 205/371, 10.4 task/s, elapsed: 20s, ETA:    16s[>>>>>>>>>>>>>>>>             ] 206/371, 10.4 task/s, elapsed: 20s, ETA:    16s[>>>>>>>>>>>>>>>>             ] 207/371, 10.4 task/s, elapsed: 20s, ETA:    16s[>>>>>>>>>>>>>>>>             ] 208/371, 10.4 task/s, elapsed: 20s, ETA:    16s[>>>>>>>>>>>>>>>>             ] 209/371, 10.4 task/s, elapsed: 20s, ETA:    16s[>>>>>>>>>>>>>>>>             ] 210/371, 10.4 task/s, elapsed: 20s, ETA:    15s[>>>>>>>>>>>>>>>>             ] 211/371, 10.4 task/s, elapsed: 20s, ETA:    15s[>>>>>>>>>>>>>>>>             ] 212/371, 10.4 task/s, elapsed: 20s, ETA:    15s[>>>>>>>>>>>>>>>>             ] 213/371, 10.4 task/s, elapsed: 20s, ETA:    15s[>>>>>>>>>>>>>>>>             ] 214/371, 10.4 task/s, elapsed: 20s, ETA:    15s[>>>>>>>>>>>>>>>>             ] 215/371, 10.4 task/s, elapsed: 21s, ETA:    15s[>>>>>>>>>>>>>>>>             ] 216/371, 10.5 task/s, elapsed: 21s, ETA:    15s[>>>>>>>>>>>>>>>>             ] 217/371, 10.5 task/s, elapsed: 21s, ETA:    15s[>>>>>>>>>>>>>>>>>            ] 218/371, 10.5 task/s, elapsed: 21s, ETA:    15s[>>>>>>>>>>>>>>>>>            ] 219/371, 10.5 task/s, elapsed: 21s, ETA:    15s[>>>>>>>>>>>>>>>>>            ] 220/371, 10.5 task/s, elapsed: 21s, ETA:    14s[>>>>>>>>>>>>>>>>>            ] 221/371, 10.5 task/s, elapsed: 21s, ETA:    14s[>>>>>>>>>>>>>>>>>            ] 222/371, 10.5 task/s, elapsed: 21s, ETA:    14s[>>>>>>>>>>>>>>>>>            ] 223/371, 10.5 task/s, elapsed: 21s, ETA:    14s[>>>>>>>>>>>>>>>>>            ] 224/371, 10.5 task/s, elapsed: 21s, ETA:    14s[>>>>>>>>>>>>>>>>>            ] 225/371, 10.5 task/s, elapsed: 21s, ETA:    14s[>>>>>>>>>>>>>>>>>            ] 226/371, 10.5 task/s, elapsed: 22s, ETA:    14s[>>>>>>>>>>>>>>>>>            ] 227/371, 10.5 task/s, elapsed: 22s, ETA:    14s[>>>>>>>>>>>>>>>>>            ] 228/371, 10.5 task/s, elapsed: 22s, ETA:    14s[>>>>>>>>>>>>>>>>>            ] 229/371, 10.5 task/s, elapsed: 22s, ETA:    13s[>>>>>>>>>>>>>>>>>            ] 230/371, 10.5 task/s, elapsed: 22s, ETA:    13s[>>>>>>>>>>>>>>>>>>           ] 231/371, 10.5 task/s, elapsed: 22s, ETA:    13s[>>>>>>>>>>>>>>>>>>           ] 232/371, 10.5 task/s, elapsed: 22s, ETA:    13s[>>>>>>>>>>>>>>>>>>           ] 233/371, 10.5 task/s, elapsed: 22s, ETA:    13s[>>>>>>>>>>>>>>>>>>           ] 234/371, 10.5 task/s, elapsed: 22s, ETA:    13s[>>>>>>>>>>>>>>>>>>           ] 235/371, 10.6 task/s, elapsed: 22s, ETA:    13s[>>>>>>>>>>>>>>>>>>           ] 236/371, 10.6 task/s, elapsed: 22s, ETA:    13s[>>>>>>>>>>>>>>>>>>           ] 237/371, 10.6 task/s, elapsed: 22s, ETA:    13s[>>>>>>>>>>>>>>>>>>           ] 238/371, 10.6 task/s, elapsed: 23s, ETA:    13s[>>>>>>>>>>>>>>>>>>           ] 239/371, 10.6 task/s, elapsed: 23s, ETA:    12s[>>>>>>>>>>>>>>>>>>           ] 240/371, 10.6 task/s, elapsed: 23s, ETA:    12s[>>>>>>>>>>>>>>>>>>           ] 241/371, 10.6 task/s, elapsed: 23s, ETA:    12s[>>>>>>>>>>>>>>>>>>           ] 242/371, 10.6 task/s, elapsed: 23s, ETA:    12s[>>>>>>>>>>>>>>>>>>           ] 243/371, 10.6 task/s, elapsed: 23s, ETA:    12s[>>>>>>>>>>>>>>>>>>>          ] 244/371, 10.6 task/s, elapsed: 23s, ETA:    12s[>>>>>>>>>>>>>>>>>>>          ] 245/371, 10.6 task/s, elapsed: 23s, ETA:    12s[>>>>>>>>>>>>>>>>>>>          ] 246/371, 10.6 task/s, elapsed: 23s, ETA:    12s[>>>>>>>>>>>>>>>>>>>          ] 247/371, 10.6 task/s, elapsed: 23s, ETA:    12s[>>>>>>>>>>>>>>>>>>>          ] 248/371, 10.6 task/s, elapsed: 23s, ETA:    12s[>>>>>>>>>>>>>>>>>>>          ] 249/371, 10.6 task/s, elapsed: 23s, ETA:    11s[>>>>>>>>>>>>>>>>>>>          ] 250/371, 10.6 task/s, elapsed: 24s, ETA:    11s[>>>>>>>>>>>>>>>>>>>          ] 251/371, 10.6 task/s, elapsed: 24s, ETA:    11s[>>>>>>>>>>>>>>>>>>>          ] 252/371, 10.6 task/s, elapsed: 24s, ETA:    11s[>>>>>>>>>>>>>>>>>>>          ] 253/371, 10.6 task/s, elapsed: 24s, ETA:    11s[>>>>>>>>>>>>>>>>>>>          ] 254/371, 10.6 task/s, elapsed: 24s, ETA:    11s[>>>>>>>>>>>>>>>>>>>          ] 255/371, 10.6 task/s, elapsed: 24s, ETA:    11s[>>>>>>>>>>>>>>>>>>>>         ] 256/371, 10.6 task/s, elapsed: 24s, ETA:    11s[>>>>>>>>>>>>>>>>>>>>         ] 257/371, 10.6 task/s, elapsed: 24s, ETA:    11s[>>>>>>>>>>>>>>>>>>>>         ] 258/371, 10.7 task/s, elapsed: 24s, ETA:    11s[>>>>>>>>>>>>>>>>>>>>         ] 259/371, 10.7 task/s, elapsed: 24s, ETA:    11s[>>>>>>>>>>>>>>>>>>>>         ] 260/371, 10.7 task/s, elapsed: 24s, ETA:    10s[>>>>>>>>>>>>>>>>>>>>         ] 261/371, 10.7 task/s, elapsed: 24s, ETA:    10s[>>>>>>>>>>>>>>>>>>>>         ] 262/371, 10.7 task/s, elapsed: 25s, ETA:    10s[>>>>>>>>>>>>>>>>>>>>         ] 263/371, 10.7 task/s, elapsed: 25s, ETA:    10s[>>>>>>>>>>>>>>>>>>>>         ] 264/371, 10.7 task/s, elapsed: 25s, ETA:    10s[>>>>>>>>>>>>>>>>>>>>         ] 265/371, 10.7 task/s, elapsed: 25s, ETA:    10s[>>>>>>>>>>>>>>>>>>>>         ] 266/371, 10.7 task/s, elapsed: 25s, ETA:    10s[>>>>>>>>>>>>>>>>>>>>         ] 267/371, 10.7 task/s, elapsed: 25s, ETA:    10s[>>>>>>>>>>>>>>>>>>>>         ] 268/371, 10.7 task/s, elapsed: 25s, ETA:    10s[>>>>>>>>>>>>>>>>>>>>>        ] 269/371, 10.7 task/s, elapsed: 25s, ETA:    10s[>>>>>>>>>>>>>>>>>>>>>        ] 270/371, 10.7 task/s, elapsed: 25s, ETA:     9s[>>>>>>>>>>>>>>>>>>>>>        ] 271/371, 10.7 task/s, elapsed: 25s, ETA:     9s[>>>>>>>>>>>>>>>>>>>>>        ] 272/371, 10.7 task/s, elapsed: 25s, ETA:     9s[>>>>>>>>>>>>>>>>>>>>>        ] 273/371, 10.7 task/s, elapsed: 25s, ETA:     9s[>>>>>>>>>>>>>>>>>>>>>        ] 274/371, 10.7 task/s, elapsed: 26s, ETA:     9s[>>>>>>>>>>>>>>>>>>>>>        ] 275/371, 10.7 task/s, elapsed: 26s, ETA:     9s[>>>>>>>>>>>>>>>>>>>>>        ] 276/371, 10.7 task/s, elapsed: 26s, ETA:     9s[>>>>>>>>>>>>>>>>>>>>>        ] 277/371, 10.7 task/s, elapsed: 26s, ETA:     9s[>>>>>>>>>>>>>>>>>>>>>        ] 278/371, 10.7 task/s, elapsed: 26s, ETA:     9s[>>>>>>>>>>>>>>>>>>>>>        ] 279/371, 10.7 task/s, elapsed: 26s, ETA:     9s[>>>>>>>>>>>>>>>>>>>>>        ] 280/371, 10.7 task/s, elapsed: 26s, ETA:     8s[>>>>>>>>>>>>>>>>>>>>>        ] 281/371, 10.7 task/s, elapsed: 26s, ETA:     8s[>>>>>>>>>>>>>>>>>>>>>>       ] 282/371, 10.7 task/s, elapsed: 26s, ETA:     8s[>>>>>>>>>>>>>>>>>>>>>>       ] 283/371, 10.8 task/s, elapsed: 26s, ETA:     8s[>>>>>>>>>>>>>>>>>>>>>>       ] 284/371, 10.8 task/s, elapsed: 26s, ETA:     8s[>>>>>>>>>>>>>>>>>>>>>>       ] 285/371, 10.8 task/s, elapsed: 26s, ETA:     8s[>>>>>>>>>>>>>>>>>>>>>>       ] 286/371, 10.8 task/s, elapsed: 27s, ETA:     8s[>>>>>>>>>>>>>>>>>>>>>>       ] 287/371, 10.8 task/s, elapsed: 27s, ETA:     8s[>>>>>>>>>>>>>>>>>>>>>>       ] 288/371, 10.8 task/s, elapsed: 27s, ETA:     8s[>>>>>>>>>>>>>>>>>>>>>>       ] 289/371, 10.8 task/s, elapsed: 27s, ETA:     8s[>>>>>>>>>>>>>>>>>>>>>>       ] 290/371, 10.8 task/s, elapsed: 27s, ETA:     8s[>>>>>>>>>>>>>>>>>>>>>>       ] 291/371, 10.8 task/s, elapsed: 27s, ETA:     7s[>>>>>>>>>>>>>>>>>>>>>>       ] 292/371, 10.8 task/s, elapsed: 27s, ETA:     7s[>>>>>>>>>>>>>>>>>>>>>>       ] 293/371, 10.8 task/s, elapsed: 27s, ETA:     7s[>>>>>>>>>>>>>>>>>>>>>>       ] 294/371, 10.8 task/s, elapsed: 27s, ETA:     7s[>>>>>>>>>>>>>>>>>>>>>>>      ] 295/371, 10.8 task/s, elapsed: 27s, ETA:     7s[>>>>>>>>>>>>>>>>>>>>>>>      ] 296/371, 10.8 task/s, elapsed: 27s, ETA:     7s[>>>>>>>>>>>>>>>>>>>>>>>      ] 297/371, 10.8 task/s, elapsed: 27s, ETA:     7s[>>>>>>>>>>>>>>>>>>>>>>>      ] 298/371, 10.8 task/s, elapsed: 28s, ETA:     7s[>>>>>>>>>>>>>>>>>>>>>>>      ] 299/371, 10.8 task/s, elapsed: 28s, ETA:     7s[>>>>>>>>>>>>>>>>>>>>>>>      ] 300/371, 10.8 task/s, elapsed: 28s, ETA:     7s[>>>>>>>>>>>>>>>>>>>>>>>      ] 301/371, 10.8 task/s, elapsed: 28s, ETA:     6s[>>>>>>>>>>>>>>>>>>>>>>>      ] 302/371, 10.8 task/s, elapsed: 28s, ETA:     6s[>>>>>>>>>>>>>>>>>>>>>>>      ] 303/371, 10.8 task/s, elapsed: 28s, ETA:     6s[>>>>>>>>>>>>>>>>>>>>>>>      ] 304/371, 10.8 task/s, elapsed: 28s, ETA:     6s[>>>>>>>>>>>>>>>>>>>>>>>      ] 305/371, 10.8 task/s, elapsed: 28s, ETA:     6s[>>>>>>>>>>>>>>>>>>>>>>>      ] 306/371, 10.8 task/s, elapsed: 28s, ETA:     6s[>>>>>>>>>>>>>>>>>>>>>>>      ] 307/371, 10.8 task/s, elapsed: 28s, ETA:     6s[>>>>>>>>>>>>>>>>>>>>>>>>     ] 308/371, 10.8 task/s, elapsed: 28s, ETA:     6s[>>>>>>>>>>>>>>>>>>>>>>>>     ] 309/371, 10.8 task/s, elapsed: 29s, ETA:     6s[>>>>>>>>>>>>>>>>>>>>>>>>     ] 310/371, 10.8 task/s, elapsed: 29s, ETA:     6s[>>>>>>>>>>>>>>>>>>>>>>>>     ] 311/371, 10.8 task/s, elapsed: 29s, ETA:     6s[>>>>>>>>>>>>>>>>>>>>>>>>     ] 312/371, 10.9 task/s, elapsed: 29s, ETA:     5s[>>>>>>>>>>>>>>>>>>>>>>>>     ] 313/371, 10.9 task/s, elapsed: 29s, ETA:     5s[>>>>>>>>>>>>>>>>>>>>>>>>     ] 314/371, 10.9 task/s, elapsed: 29s, ETA:     5s[>>>>>>>>>>>>>>>>>>>>>>>>     ] 315/371, 10.9 task/s, elapsed: 29s, ETA:     5s[>>>>>>>>>>>>>>>>>>>>>>>>     ] 316/371, 10.9 task/s, elapsed: 29s, ETA:     5s[>>>>>>>>>>>>>>>>>>>>>>>>     ] 317/371, 10.9 task/s, elapsed: 29s, ETA:     5s[>>>>>>>>>>>>>>>>>>>>>>>>     ] 318/371, 10.9 task/s, elapsed: 29s, ETA:     5s[>>>>>>>>>>>>>>>>>>>>>>>>     ] 319/371, 10.9 task/s, elapsed: 29s, ETA:     5s[>>>>>>>>>>>>>>>>>>>>>>>>>    ] 320/371, 10.9 task/s, elapsed: 29s, ETA:     5s[>>>>>>>>>>>>>>>>>>>>>>>>>    ] 321/371, 10.9 task/s, elapsed: 30s, ETA:     5s[>>>>>>>>>>>>>>>>>>>>>>>>>    ] 322/371, 10.9 task/s, elapsed: 30s, ETA:     5s[>>>>>>>>>>>>>>>>>>>>>>>>>    ] 323/371, 10.9 task/s, elapsed: 30s, ETA:     4s[>>>>>>>>>>>>>>>>>>>>>>>>>    ] 324/371, 10.9 task/s, elapsed: 30s, ETA:     4s[>>>>>>>>>>>>>>>>>>>>>>>>>    ] 325/371, 10.9 task/s, elapsed: 30s, ETA:     4s[>>>>>>>>>>>>>>>>>>>>>>>>>    ] 326/371, 10.9 task/s, elapsed: 30s, ETA:     4s[>>>>>>>>>>>>>>>>>>>>>>>>>    ] 327/371, 10.9 task/s, elapsed: 30s, ETA:     4s[>>>>>>>>>>>>>>>>>>>>>>>>>    ] 328/371, 10.9 task/s, elapsed: 30s, ETA:     4s[>>>>>>>>>>>>>>>>>>>>>>>>>    ] 329/371, 10.9 task/s, elapsed: 30s, ETA:     4s[>>>>>>>>>>>>>>>>>>>>>>>>>    ] 330/371, 10.9 task/s, elapsed: 30s, ETA:     4s[>>>>>>>>>>>>>>>>>>>>>>>>>    ] 331/371, 10.9 task/s, elapsed: 30s, ETA:     4s[>>>>>>>>>>>>>>>>>>>>>>>>>    ] 332/371, 10.9 task/s, elapsed: 30s, ETA:     4s[>>>>>>>>>>>>>>>>>>>>>>>>>>   ] 333/371, 10.9 task/s, elapsed: 31s, ETA:     3s[>>>>>>>>>>>>>>>>>>>>>>>>>>   ] 334/371, 10.9 task/s, elapsed: 31s, ETA:     3s[>>>>>>>>>>>>>>>>>>>>>>>>>>   ] 335/371, 10.9 task/s, elapsed: 31s, ETA:     3s[>>>>>>>>>>>>>>>>>>>>>>>>>>   ] 336/371, 10.9 task/s, elapsed: 31s, ETA:     3s[>>>>>>>>>>>>>>>>>>>>>>>>>>   ] 337/371, 10.9 task/s, elapsed: 31s, ETA:     3s[>>>>>>>>>>>>>>>>>>>>>>>>>>   ] 338/371, 10.9 task/s, elapsed: 31s, ETA:     3s[>>>>>>>>>>>>>>>>>>>>>>>>>>   ] 339/371, 10.9 task/s, elapsed: 31s, ETA:     3s[>>>>>>>>>>>>>>>>>>>>>>>>>>   ] 340/371, 10.9 task/s, elapsed: 31s, ETA:     3s[>>>>>>>>>>>>>>>>>>>>>>>>>>   ] 341/371, 10.9 task/s, elapsed: 31s, ETA:     3s[>>>>>>>>>>>>>>>>>>>>>>>>>>   ] 342/371, 10.9 task/s, elapsed: 31s, ETA:     3s[>>>>>>>>>>>>>>>>>>>>>>>>>>   ] 343/371, 10.9 task/s, elapsed: 31s, ETA:     3s[>>>>>>>>>>>>>>>>>>>>>>>>>>   ] 344/371, 10.9 task/s, elapsed: 31s, ETA:     2s[>>>>>>>>>>>>>>>>>>>>>>>>>>   ] 345/371, 10.9 task/s, elapsed: 32s, ETA:     2s[>>>>>>>>>>>>>>>>>>>>>>>>>>>  ] 346/371, 10.9 task/s, elapsed: 32s, ETA:     2s[>>>>>>>>>>>>>>>>>>>>>>>>>>>  ] 347/371, 10.9 task/s, elapsed: 32s, ETA:     2s[>>>>>>>>>>>>>>>>>>>>>>>>>>>  ] 348/371, 10.9 task/s, elapsed: 32s, ETA:     2s[>>>>>>>>>>>>>>>>>>>>>>>>>>>  ] 349/371, 11.0 task/s, elapsed: 32s, ETA:     2s[>>>>>>>>>>>>>>>>>>>>>>>>>>>  ] 350/371, 11.0 task/s, elapsed: 32s, ETA:     2s[>>>>>>>>>>>>>>>>>>>>>>>>>>>  ] 351/371, 11.0 task/s, elapsed: 32s, ETA:     2s[>>>>>>>>>>>>>>>>>>>>>>>>>>>  ] 352/371, 11.0 task/s, elapsed: 32s, ETA:     2s[>>>>>>>>>>>>>>>>>>>>>>>>>>>  ] 353/371, 11.0 task/s, elapsed: 32s, ETA:     2s[>>>>>>>>>>>>>>>>>>>>>>>>>>>  ] 354/371, 11.0 task/s, elapsed: 32s, ETA:     2s[>>>>>>>>>>>>>>>>>>>>>>>>>>>  ] 355/371, 11.0 task/s, elapsed: 32s, ETA:     1s[>>>>>>>>>>>>>>>>>>>>>>>>>>>  ] 356/371, 11.0 task/s, elapsed: 32s, ETA:     1s[>>>>>>>>>>>>>>>>>>>>>>>>>>>  ] 357/371, 11.0 task/s, elapsed: 33s, ETA:     1s[>>>>>>>>>>>>>>>>>>>>>>>>>>>  ] 358/371, 11.0 task/s, elapsed: 33s, ETA:     1s[>>>>>>>>>>>>>>>>>>>>>>>>>>>> ] 359/371, 11.0 task/s, elapsed: 33s, ETA:     1s[>>>>>>>>>>>>>>>>>>>>>>>>>>>> ] 360/371, 11.0 task/s, elapsed: 33s, ETA:     1s[>>>>>>>>>>>>>>>>>>>>>>>>>>>> ] 361/371, 11.0 task/s, elapsed: 33s, ETA:     1s[>>>>>>>>>>>>>>>>>>>>>>>>>>>> ] 362/371, 11.0 task/s, elapsed: 33s, ETA:     1s[>>>>>>>>>>>>>>>>>>>>>>>>>>>> ] 363/371, 11.0 task/s, elapsed: 33s, ETA:     1s[>>>>>>>>>>>>>>>>>>>>>>>>>>>> ] 364/371, 11.0 task/s, elapsed: 33s, ETA:     1s[>>>>>>>>>>>>>>>>>>>>>>>>>>>> ] 365/371, 11.0 task/s, elapsed: 33s, ETA:     1s[>>>>>>>>>>>>>>>>>>>>>>>>>>>> ] 366/371, 11.0 task/s, elapsed: 33s, ETA:     0s[>>>>>>>>>>>>>>>>>>>>>>>>>>>> ] 367/371, 11.0 task/s, elapsed: 33s, ETA:     0s[>>>>>>>>>>>>>>>>>>>>>>>>>>>> ] 368/371, 11.0 task/s, elapsed: 33s, ETA:     0s[>>>>>>>>>>>>>>>>>>>>>>>>>>>> ] 369/371, 11.0 task/s, elapsed: 34s, ETA:     0s[>>>>>>>>>>>>>>>>>>>>>>>>>>>> ] 370/371, 11.0 task/s, elapsed: 34s, ETA:     0s[>>>>>>>>>>>>>>>>>>>>>>>>>>>>>] 371/371, 11.0 task/s, elapsed: 34s, ETA:     0s

2026-05-12 05:46:51,157 - mmdet - INFO - Evaluating bbox...
Loading and preparing results...
DONE (t=0.00s)
creating index...
index created!
Running per image evaluation...
Evaluate annotation type *bbox*
DONE (t=2.07s).
Accumulating evaluation results...
DONE (t=0.13s).
2026-05-12 05:46:53,379 - mmdet - INFO - 
 Average Precision  (AP) @[ IoU=0.50:0.95 | area=   all | maxDets=100 ] = 0.255
 Average Precision  (AP) @[ IoU=0.50      | area=   all | maxDets=1000 ] = 0.634
 Average Precision  (AP) @[ IoU=0.75      | area=   all | maxDets=1000 ] = 0.141
 Average Precision  (AP) @[ IoU=0.50:0.95 | area= small | maxDets=1000 ] = 0.000
 Average Precision  (AP) @[ IoU=0.50:0.95 | area=medium | maxDets=1000 ] = 0.199
 Average Precision  (AP) @[ IoU=0.50:0.95 | area= large | maxDets=1000 ] = 0.331
 Average Recall     (AR) @[ IoU=0.50:0.95 | area=   all | maxDets=100 ] = 0.381
 Average Recall     (AR) @[ IoU=0.50:0.95 | area=   all | maxDets=300 ] = 0.381
 Average Recall     (AR) @[ IoU=0.50:0.95 | area=   all | maxDets=1000 ] = 0.381
 Average Recall     (AR) @[ IoU=0.50:0.95 | area= small | maxDets=1000 ] = 0.014
 Average Recall     (AR) @[ IoU=0.50:0.95 | area=medium | maxDets=1000 ] = 0.329
 Average Recall     (AR) @[ IoU=0.50:0.95 | area= large | maxDets=1000 ] = 0.457

2026-05-12 05:46:53,505 - mmdet - INFO - The previous best checkpoint /home/ahmadreza/Downloads/Research/M2SODAI/baseline_official/runs_r50_hbb/r50_hbb_fold_1_20260512/best_bbox_mAP_epoch_60.pth was removed
2026-05-12 05:46:55,010 - mmdet - INFO - Now best checkpoint is saved as best_bbox_mAP_epoch_80.pth.
2026-05-12 05:46:55,011 - mmdet - INFO - Best bbox_mAP is 0.2550 at 80 epoch.
2026-05-12 05:46:55,011 - mmdet - INFO - Exp name: fold_1_r50_300e_hbb.py
2026-05-12 05:46:55,011 - mmdet - INFO - Epoch(val) [80][371]	bbox_mAP: 0.2550, bbox_mAP_50: 0.6340, bbox_mAP_75: 0.1410, bbox_mAP_s: 0.0000, bbox_mAP_m: 0.1990, bbox_mAP_l: 0.3310, bbox_mAP_copypaste: 0.255 0.634 0.141 0.000 0.199 0.331
2026-05-12 05:47:24,537 - mmdet - INFO - Epoch [81][50/186]	lr: 1.669e-02, eta: 4:59:47, time: 0.588, data_time: 0.084, memory: 6155, loss_rpn_cls: 0.0195, loss_rpn_bbox: 0.0034, loss_cls: 0.0981, acc: 96.2676, loss_bbox: 0.0691, loss: 0.1901, grad_norm: 1.2479
2026-05-12 05:47:50,347 - mmdet - INFO - Epoch [81][100/186]	lr: 1.669e-02, eta: 4:59:35, time: 0.518, data_time: 0.015, memory: 6155, loss_rpn_cls: 0.0182, loss_rpn_bbox: 0.0026, loss_cls: 0.0865, acc: 96.7549, loss_bbox: 0.0563, loss: 0.1637, grad_norm: 1.1889
2026-05-12 05:48:16,285 - mmdet - INFO - Epoch [81][150/186]	lr: 1.669e-02, eta: 4:59:24, time: 0.517, data_time: 0.013, memory: 6155, loss_rpn_cls: 0.0228, loss_rpn_bbox: 0.0031, loss_cls: 0.0990, acc: 96.2393, loss_bbox: 0.0637, loss: 0.1886, grad_norm: 1.2507
2026-05-12 05:49:04,513 - mmdet - INFO - Epoch [82][50/186]	lr: 1.661e-02, eta: 4:58:23, time: 0.591, data_time: 0.083, memory: 6155, loss_rpn_cls: 0.0171, loss_rpn_bbox: 0.0029, loss_cls: 0.0915, acc: 96.5000, loss_bbox: 0.0617, loss: 0.1732, grad_norm: 1.1707
2026-05-12 05:49:30,434 - mmdet - INFO - Epoch [82][100/186]	lr: 1.661e-02, eta: 4:58:12, time: 0.516, data_time: 0.013, memory: 6155, loss_rpn_cls: 0.0235, loss_rpn_bbox: 0.0032, loss_cls: 0.0955, acc: 96.4131, loss_bbox: 0.0603, loss: 0.1824, grad_norm: 1.1818
2026-05-12 05:49:56,437 - mmdet - INFO - Epoch [82][150/186]	lr: 1.661e-02, eta: 4:58:00, time: 0.522, data_time: 0.015, memory: 6155, loss_rpn_cls: 0.0210, loss_rpn_bbox: 0.0031, loss_cls: 0.0940, acc: 96.3184, loss_bbox: 0.0607, loss: 0.1788, grad_norm: 1.1601
2026-05-12 05:50:44,847 - mmdet - INFO - Epoch [83][50/186]	lr: 1.653e-02, eta: 4:57:01, time: 0.592, data_time: 0.083, memory: 6155, loss_rpn_cls: 0.0184, loss_rpn_bbox: 0.0029, loss_cls: 0.0881, acc: 96.7256, loss_bbox: 0.0594, loss: 0.1688, grad_norm: 1.2554
2026-05-12 05:51:10,744 - mmdet - INFO - Epoch [83][100/186]	lr: 1.653e-02, eta: 4:56:49, time: 0.520, data_time: 0.015, memory: 6155, loss_rpn_cls: 0.0200, loss_rpn_bbox: 0.0033, loss_cls: 0.0959, acc: 96.3135, loss_bbox: 0.0630, loss: 0.1821, grad_norm: 1.2620
2026-05-12 05:51:36,697 - mmdet - INFO - Epoch [83][150/186]	lr: 1.653e-02, eta: 4:56:37, time: 0.517, data_time: 0.013, memory: 6155, loss_rpn_cls: 0.0211, loss_rpn_bbox: 0.0032, loss_cls: 0.0999, acc: 96.3369, loss_bbox: 0.0649, loss: 0.1891, grad_norm: 1.2399
2026-05-12 05:52:25,040 - mmdet - INFO - Epoch [84][50/186]	lr: 1.645e-02, eta: 4:55:38, time: 0.592, data_time: 0.083, memory: 6155, loss_rpn_cls: 0.0129, loss_rpn_bbox: 0.0031, loss_cls: 0.0912, acc: 96.5371, loss_bbox: 0.0678, loss: 0.1750, grad_norm: 1.2928
2026-05-12 05:52:50,893 - mmdet - INFO - Epoch [84][100/186]	lr: 1.645e-02, eta: 4:55:25, time: 0.515, data_time: 0.013, memory: 6155, loss_rpn_cls: 0.0210, loss_rpn_bbox: 0.0033, loss_cls: 0.0982, acc: 96.3125, loss_bbox: 0.0643, loss: 0.1867, grad_norm: 1.2988
2026-05-12 05:53:16,852 - mmdet - INFO - Epoch [84][150/186]	lr: 1.645e-02, eta: 4:55:14, time: 0.521, data_time: 0.015, memory: 6155, loss_rpn_cls: 0.0238, loss_rpn_bbox: 0.0036, loss_cls: 0.0962, acc: 96.3926, loss_bbox: 0.0652, loss: 0.1889, grad_norm: 1.2586
2026-05-12 05:54:05,243 - mmdet - INFO - Epoch [85][50/186]	lr: 1.637e-02, eta: 4:54:14, time: 0.590, data_time: 0.083, memory: 6155, loss_rpn_cls: 0.0255, loss_rpn_bbox: 0.0033, loss_cls: 0.0957, acc: 96.4219, loss_bbox: 0.0638, loss: 0.1883, grad_norm: 1.2708
2026-05-12 05:54:31,126 - mmdet - INFO - Epoch [85][100/186]	lr: 1.637e-02, eta: 4:54:03, time: 0.520, data_time: 0.015, memory: 6155, loss_rpn_cls: 0.0214, loss_rpn_bbox: 0.0039, loss_cls: 0.0979, acc: 96.3125, loss_bbox: 0.0624, loss: 0.1857, grad_norm: 1.2810
2026-05-12 05:54:57,097 - mmdet - INFO - Epoch [85][150/186]	lr: 1.637e-02, eta: 4:53:50, time: 0.517, data_time: 0.013, memory: 6155, loss_rpn_cls: 0.0221, loss_rpn_bbox: 0.0034, loss_cls: 0.1011, acc: 96.1611, loss_bbox: 0.0641, loss: 0.1907, grad_norm: 1.2414
2026-05-12 05:55:45,476 - mmdet - INFO - Epoch [86][50/186]	lr: 1.629e-02, eta: 4:52:52, time: 0.592, data_time: 0.083, memory: 6155, loss_rpn_cls: 0.0190, loss_rpn_bbox: 0.0033, loss_cls: 0.0946, acc: 96.4219, loss_bbox: 0.0632, loss: 0.1800, grad_norm: 1.1749
2026-05-12 05:56:11,417 - mmdet - INFO - Epoch [86][100/186]	lr: 1.629e-02, eta: 4:52:39, time: 0.517, data_time: 0.013, memory: 6155, loss_rpn_cls: 0.0208, loss_rpn_bbox: 0.0031, loss_cls: 0.0913, acc: 96.5879, loss_bbox: 0.0573, loss: 0.1725, grad_norm: 1.1882
2026-05-12 05:56:37,422 - mmdet - INFO - Epoch [86][150/186]	lr: 1.629e-02, eta: 4:52:27, time: 0.522, data_time: 0.015, memory: 6155, loss_rpn_cls: 0.0216, loss_rpn_bbox: 0.0032, loss_cls: 0.0950, acc: 96.3389, loss_bbox: 0.0630, loss: 0.1828, grad_norm: 1.1603
2026-05-12 05:57:25,894 - mmdet - INFO - Epoch [87][50/186]	lr: 1.621e-02, eta: 4:51:29, time: 0.591, data_time: 0.084, memory: 6155, loss_rpn_cls: 0.0233, loss_rpn_bbox: 0.0029, loss_cls: 0.0912, acc: 96.5674, loss_bbox: 0.0623, loss: 0.1798, grad_norm: 1.3140
2026-05-12 05:57:51,777 - mmdet - INFO - Epoch [87][100/186]	lr: 1.621e-02, eta: 4:51:17, time: 0.520, data_time: 0.015, memory: 6155, loss_rpn_cls: 0.0189, loss_rpn_bbox: 0.0030, loss_cls: 0.1000, acc: 96.2920, loss_bbox: 0.0644, loss: 0.1863, grad_norm: 1.3343
2026-05-12 05:58:17,778 - mmdet - INFO - Epoch [87][150/186]	lr: 1.621e-02, eta: 4:51:04, time: 0.518, data_time: 0.013, memory: 6155, loss_rpn_cls: 0.0205, loss_rpn_bbox: 0.0031, loss_cls: 0.0977, acc: 96.3467, loss_bbox: 0.0604, loss: 0.1818, grad_norm: 1.3219
2026-05-12 05:59:06,254 - mmdet - INFO - Epoch [88][50/186]	lr: 1.613e-02, eta: 4:50:07, time: 0.593, data_time: 0.083, memory: 6155, loss_rpn_cls: 0.0152, loss_rpn_bbox: 0.0028, loss_cls: 0.0826, acc: 96.7695, loss_bbox: 0.0554, loss: 0.1561, grad_norm: 1.1843
2026-05-12 05:59:32,093 - mmdet - INFO - Epoch [88][100/186]	lr: 1.613e-02, eta: 4:49:54, time: 0.515, data_time: 0.013, memory: 6155, loss_rpn_cls: 0.0199, loss_rpn_bbox: 0.0030, loss_cls: 0.1008, acc: 96.1230, loss_bbox: 0.0631, loss: 0.1868, grad_norm: 1.2715
2026-05-12 05:59:58,032 - mmdet - INFO - Epoch [88][150/186]	lr: 1.613e-02, eta: 4:49:41, time: 0.521, data_time: 0.015, memory: 6155, loss_rpn_cls: 0.0191, loss_rpn_bbox: 0.0030, loss_cls: 0.0970, acc: 96.4082, loss_bbox: 0.0611, loss: 0.1803, grad_norm: 1.2455
2026-05-12 06:00:46,554 - mmdet - INFO - Epoch [89][50/186]	lr: 1.605e-02, eta: 4:48:44, time: 0.593, data_time: 0.084, memory: 6155, loss_rpn_cls: 0.0193, loss_rpn_bbox: 0.0032, loss_cls: 0.0979, acc: 96.1777, loss_bbox: 0.0596, loss: 0.1800, grad_norm: 1.2596
2026-05-12 06:01:12,354 - mmdet - INFO - Epoch [89][100/186]	lr: 1.605e-02, eta: 4:48:31, time: 0.518, data_time: 0.015, memory: 6155, loss_rpn_cls: 0.0201, loss_rpn_bbox: 0.0029, loss_cls: 0.0972, acc: 96.2783, loss_bbox: 0.0654, loss: 0.1856, grad_norm: 1.2438
2026-05-12 06:01:38,322 - mmdet - INFO - Epoch [89][150/186]	lr: 1.605e-02, eta: 4:48:18, time: 0.517, data_time: 0.013, memory: 6155, loss_rpn_cls: 0.0244, loss_rpn_bbox: 0.0031, loss_cls: 0.0898, acc: 96.5889, loss_bbox: 0.0596, loss: 0.1769, grad_norm: 1.2267
2026-05-12 06:02:26,675 - mmdet - INFO - Epoch [90][50/186]	lr: 1.596e-02, eta: 4:47:21, time: 0.592, data_time: 0.084, memory: 6155, loss_rpn_cls: 0.0241, loss_rpn_bbox: 0.0031, loss_cls: 0.1034, acc: 96.1230, loss_bbox: 0.0720, loss: 0.2026, grad_norm: 1.3311
2026-05-12 06:02:52,589 - mmdet - INFO - Epoch [90][100/186]	lr: 1.596e-02, eta: 4:47:08, time: 0.516, data_time: 0.013, memory: 6155, loss_rpn_cls: 0.0173, loss_rpn_bbox: 0.0029, loss_cls: 0.0914, acc: 96.4971, loss_bbox: 0.0573, loss: 0.1689, grad_norm: 1.2792
2026-05-12 06:03:18,616 - mmdet - INFO - Epoch [90][150/186]	lr: 1.596e-02, eta: 4:46:55, time: 0.522, data_time: 0.015, memory: 6155, loss_rpn_cls: 0.0180, loss_rpn_bbox: 0.0031, loss_cls: 0.0937, acc: 96.4189, loss_bbox: 0.0604, loss: 0.1751, grad_norm: 1.2279
2026-05-12 06:03:37,401 - mmdet - INFO - Saving checkpoint at 90 epochs
[                                                  ] 0/371, elapsed: 0s, ETA:[                                 ] 1/371, 0.4 task/s, elapsed: 3s, ETA:   954s[                                 ] 2/371, 0.7 task/s, elapsed: 3s, ETA:   492s[                                 ] 3/371, 1.1 task/s, elapsed: 3s, ETA:   338s[                                 ] 4/371, 1.4 task/s, elapsed: 3s, ETA:   261s[                                 ] 5/371, 1.7 task/s, elapsed: 3s, ETA:   214s[                                 ] 6/371, 2.0 task/s, elapsed: 3s, ETA:   183s[                                 ] 7/371, 2.3 task/s, elapsed: 3s, ETA:   161s[                                 ] 8/371, 2.5 task/s, elapsed: 3s, ETA:   144s[                                 ] 9/371, 2.8 task/s, elapsed: 3s, ETA:   131s[                                ] 10/371, 3.0 task/s, elapsed: 3s, ETA:   121s[                                ] 11/371, 3.2 task/s, elapsed: 3s, ETA:   112s[>                               ] 12/371, 3.4 task/s, elapsed: 4s, ETA:   105s[>                               ] 13/371, 3.6 task/s, elapsed: 4s, ETA:    99s[>                               ] 14/371, 3.8 task/s, elapsed: 4s, ETA:    94s[>                               ] 15/371, 4.0 task/s, elapsed: 4s, ETA:    89s[>                               ] 16/371, 4.2 task/s, elapsed: 4s, ETA:    85s[>                               ] 17/371, 4.3 task/s, elapsed: 4s, ETA:    82s[>                               ] 18/371, 4.5 task/s, elapsed: 4s, ETA:    79s[>                               ] 19/371, 4.6 task/s, elapsed: 4s, ETA:    76s[>                               ] 20/371, 4.8 task/s, elapsed: 4s, ETA:    73s[>                               ] 21/371, 4.9 task/s, elapsed: 4s, ETA:    71s[>                               ] 22/371, 5.1 task/s, elapsed: 4s, ETA:    69s[>                               ] 23/371, 5.2 task/s, elapsed: 4s, ETA:    67s[>>                              ] 24/371, 5.3 task/s, elapsed: 5s, ETA:    65s[>>                              ] 25/371, 5.4 task/s, elapsed: 5s, ETA:    64s[>>                              ] 26/371, 5.6 task/s, elapsed: 5s, ETA:    62s[>>                              ] 27/371, 5.7 task/s, elapsed: 5s, ETA:    61s[>>                              ] 28/371, 5.8 task/s, elapsed: 5s, ETA:    59s[>>                              ] 29/371, 5.9 task/s, elapsed: 5s, ETA:    58s[>>                              ] 30/371, 6.0 task/s, elapsed: 5s, ETA:    57s[>>                              ] 31/371, 6.1 task/s, elapsed: 5s, ETA:    56s[>>                              ] 32/371, 6.2 task/s, elapsed: 5s, ETA:    55s[>>                              ] 33/371, 6.3 task/s, elapsed: 5s, ETA:    54s[>>                              ] 34/371, 6.4 task/s, elapsed: 5s, ETA:    53s[>>>                             ] 35/371, 6.4 task/s, elapsed: 5s, ETA:    52s[>>>                             ] 36/371, 6.5 task/s, elapsed: 6s, ETA:    51s[>>>                             ] 37/371, 6.6 task/s, elapsed: 6s, ETA:    51s[>>>                             ] 38/371, 6.7 task/s, elapsed: 6s, ETA:    50s[>>>                             ] 39/371, 6.8 task/s, elapsed: 6s, ETA:    49s[>>>                             ] 40/371, 6.8 task/s, elapsed: 6s, ETA:    48s[>>>                             ] 41/371, 6.9 task/s, elapsed: 6s, ETA:    48s[>>>                             ] 42/371, 7.0 task/s, elapsed: 6s, ETA:    47s[>>>                             ] 43/371, 7.0 task/s, elapsed: 6s, ETA:    47s[>>>                             ] 44/371, 7.1 task/s, elapsed: 6s, ETA:    46s[>>>                             ] 45/371, 7.2 task/s, elapsed: 6s, ETA:    45s[>>>                             ] 46/371, 7.2 task/s, elapsed: 6s, ETA:    45s[>>>>                            ] 47/371, 7.3 task/s, elapsed: 6s, ETA:    44s[>>>>                            ] 48/371, 7.3 task/s, elapsed: 7s, ETA:    44s[>>>>                            ] 49/371, 7.4 task/s, elapsed: 7s, ETA:    44s[>>>>                            ] 50/371, 7.5 task/s, elapsed: 7s, ETA:    43s[>>>>                            ] 51/371, 7.5 task/s, elapsed: 7s, ETA:    43s[>>>>                            ] 52/371, 7.6 task/s, elapsed: 7s, ETA:    42s[>>>>                            ] 53/371, 7.6 task/s, elapsed: 7s, ETA:    42s[>>>>                            ] 54/371, 7.7 task/s, elapsed: 7s, ETA:    41s[>>>>                            ] 55/371, 7.7 task/s, elapsed: 7s, ETA:    41s[>>>>                            ] 56/371, 7.8 task/s, elapsed: 7s, ETA:    41s[>>>>                            ] 57/371, 7.8 task/s, elapsed: 7s, ETA:    40s[>>>>>                           ] 58/371, 7.9 task/s, elapsed: 7s, ETA:    40s[>>>>>                           ] 59/371, 7.9 task/s, elapsed: 7s, ETA:    39s[>>>>>                           ] 60/371, 8.0 task/s, elapsed: 8s, ETA:    39s[>>>>>                           ] 61/371, 8.0 task/s, elapsed: 8s, ETA:    39s[>>>>>                           ] 62/371, 8.0 task/s, elapsed: 8s, ETA:    38s[>>>>>                           ] 63/371, 8.1 task/s, elapsed: 8s, ETA:    38s[>>>>>                           ] 64/371, 8.1 task/s, elapsed: 8s, ETA:    38s[>>>>>                           ] 65/371, 8.2 task/s, elapsed: 8s, ETA:    38s[>>>>>                           ] 66/371, 8.2 task/s, elapsed: 8s, ETA:    37s[>>>>>                           ] 67/371, 8.2 task/s, elapsed: 8s, ETA:    37s[>>>>>                           ] 68/371, 8.3 task/s, elapsed: 8s, ETA:    37s[>>>>>                           ] 69/371, 8.3 task/s, elapsed: 8s, ETA:    36s[>>>>>>                          ] 70/371, 8.3 task/s, elapsed: 8s, ETA:    36s[>>>>>>                          ] 71/371, 8.4 task/s, elapsed: 8s, ETA:    36s[>>>>>>                          ] 72/371, 8.4 task/s, elapsed: 9s, ETA:    36s[>>>>>>                          ] 73/371, 8.5 task/s, elapsed: 9s, ETA:    35s[>>>>>>                          ] 74/371, 8.5 task/s, elapsed: 9s, ETA:    35s[>>>>>>                          ] 75/371, 8.5 task/s, elapsed: 9s, ETA:    35s[>>>>>>                          ] 76/371, 8.6 task/s, elapsed: 9s, ETA:    34s[>>>>>>                          ] 77/371, 8.6 task/s, elapsed: 9s, ETA:    34s[>>>>>>                          ] 78/371, 8.6 task/s, elapsed: 9s, ETA:    34s[>>>>>>                          ] 79/371, 8.6 task/s, elapsed: 9s, ETA:    34s[>>>>>>                          ] 80/371, 8.7 task/s, elapsed: 9s, ETA:    34s[>>>>>>                          ] 81/371, 8.7 task/s, elapsed: 9s, ETA:    33s[>>>>>>>                         ] 82/371, 8.7 task/s, elapsed: 9s, ETA:    33s[>>>>>>>                         ] 83/371, 8.8 task/s, elapsed: 9s, ETA:    33s[>>>>>>>                        ] 84/371, 8.8 task/s, elapsed: 10s, ETA:    33s[>>>>>>>                        ] 85/371, 8.8 task/s, elapsed: 10s, ETA:    32s[>>>>>>>                        ] 86/371, 8.8 task/s, elapsed: 10s, ETA:    32s[>>>>>>>                        ] 87/371, 8.9 task/s, elapsed: 10s, ETA:    32s[>>>>>>>                        ] 88/371, 8.9 task/s, elapsed: 10s, ETA:    32s[>>>>>>>                        ] 89/371, 8.9 task/s, elapsed: 10s, ETA:    32s[>>>>>>>                        ] 90/371, 8.9 task/s, elapsed: 10s, ETA:    31s[>>>>>>>                        ] 91/371, 9.0 task/s, elapsed: 10s, ETA:    31s[>>>>>>>                        ] 92/371, 9.0 task/s, elapsed: 10s, ETA:    31s[>>>>>>>                        ] 93/371, 9.0 task/s, elapsed: 10s, ETA:    31s[>>>>>>>                        ] 94/371, 9.0 task/s, elapsed: 10s, ETA:    31s[>>>>>>>                        ] 95/371, 9.1 task/s, elapsed: 10s, ETA:    30s[>>>>>>>>                       ] 96/371, 9.1 task/s, elapsed: 11s, ETA:    30s[>>>>>>>>                       ] 97/371, 9.1 task/s, elapsed: 11s, ETA:    30s[>>>>>>>>                       ] 98/371, 9.1 task/s, elapsed: 11s, ETA:    30s[>>>>>>>>                       ] 99/371, 9.2 task/s, elapsed: 11s, ETA:    30s[>>>>>>>>                      ] 100/371, 9.2 task/s, elapsed: 11s, ETA:    30s[>>>>>>>>                      ] 101/371, 9.2 task/s, elapsed: 11s, ETA:    29s[>>>>>>>>                      ] 102/371, 9.2 task/s, elapsed: 11s, ETA:    29s[>>>>>>>>                      ] 103/371, 9.2 task/s, elapsed: 11s, ETA:    29s[>>>>>>>>                      ] 104/371, 9.3 task/s, elapsed: 11s, ETA:    29s[>>>>>>>>                      ] 105/371, 9.3 task/s, elapsed: 11s, ETA:    29s[>>>>>>>>                      ] 106/371, 9.3 task/s, elapsed: 11s, ETA:    29s[>>>>>>>>                      ] 107/371, 9.3 task/s, elapsed: 11s, ETA:    28s[>>>>>>>>                      ] 108/371, 9.3 task/s, elapsed: 12s, ETA:    28s[>>>>>>>>                      ] 109/371, 9.4 task/s, elapsed: 12s, ETA:    28s[>>>>>>>>                      ] 110/371, 9.4 task/s, elapsed: 12s, ETA:    28s[>>>>>>>>                      ] 111/371, 9.4 task/s, elapsed: 12s, ETA:    28s[>>>>>>>>>                     ] 112/371, 9.4 task/s, elapsed: 12s, ETA:    28s[>>>>>>>>>                     ] 113/371, 9.4 task/s, elapsed: 12s, ETA:    27s[>>>>>>>>>                     ] 114/371, 9.4 task/s, elapsed: 12s, ETA:    27s[>>>>>>>>>                     ] 115/371, 9.5 task/s, elapsed: 12s, ETA:    27s[>>>>>>>>>                     ] 116/371, 9.5 task/s, elapsed: 12s, ETA:    27s[>>>>>>>>>                     ] 117/371, 9.5 task/s, elapsed: 12s, ETA:    27s[>>>>>>>>>                     ] 118/371, 9.5 task/s, elapsed: 12s, ETA:    27s[>>>>>>>>>                     ] 119/371, 9.5 task/s, elapsed: 12s, ETA:    26s[>>>>>>>>>                     ] 120/371, 9.5 task/s, elapsed: 13s, ETA:    26s[>>>>>>>>>                     ] 121/371, 9.6 task/s, elapsed: 13s, ETA:    26s[>>>>>>>>>                     ] 122/371, 9.6 task/s, elapsed: 13s, ETA:    26s[>>>>>>>>>                     ] 123/371, 9.6 task/s, elapsed: 13s, ETA:    26s[>>>>>>>>>>                    ] 124/371, 9.6 task/s, elapsed: 13s, ETA:    26s[>>>>>>>>>>                    ] 125/371, 9.6 task/s, elapsed: 13s, ETA:    26s[>>>>>>>>>>                    ] 126/371, 9.6 task/s, elapsed: 13s, ETA:    25s[>>>>>>>>>>                    ] 127/371, 9.6 task/s, elapsed: 13s, ETA:    25s[>>>>>>>>>>                    ] 128/371, 9.7 task/s, elapsed: 13s, ETA:    25s[>>>>>>>>>>                    ] 129/371, 9.7 task/s, elapsed: 13s, ETA:    25s[>>>>>>>>>>                    ] 130/371, 9.7 task/s, elapsed: 13s, ETA:    25s[>>>>>>>>>>                    ] 131/371, 9.7 task/s, elapsed: 13s, ETA:    25s[>>>>>>>>>>                    ] 132/371, 9.7 task/s, elapsed: 14s, ETA:    25s[>>>>>>>>>>                    ] 133/371, 9.7 task/s, elapsed: 14s, ETA:    24s[>>>>>>>>>>                    ] 134/371, 9.7 task/s, elapsed: 14s, ETA:    24s[>>>>>>>>>>                    ] 135/371, 9.8 task/s, elapsed: 14s, ETA:    24s[>>>>>>>>>>                    ] 136/371, 9.8 task/s, elapsed: 14s, ETA:    24s[>>>>>>>>>>>                   ] 137/371, 9.8 task/s, elapsed: 14s, ETA:    24s[>>>>>>>>>>>                   ] 138/371, 9.8 task/s, elapsed: 14s, ETA:    24s[>>>>>>>>>>>                   ] 139/371, 9.8 task/s, elapsed: 14s, ETA:    24s[>>>>>>>>>>>                   ] 140/371, 9.8 task/s, elapsed: 14s, ETA:    24s[>>>>>>>>>>>                   ] 141/371, 9.8 task/s, elapsed: 14s, ETA:    23s[>>>>>>>>>>>                   ] 142/371, 9.8 task/s, elapsed: 14s, ETA:    23s[>>>>>>>>>>>                   ] 143/371, 9.9 task/s, elapsed: 15s, ETA:    23s[>>>>>>>>>>>                   ] 144/371, 9.9 task/s, elapsed: 15s, ETA:    23s[>>>>>>>>>>>                   ] 145/371, 9.9 task/s, elapsed: 15s, ETA:    23s[>>>>>>>>>>>                   ] 146/371, 9.9 task/s, elapsed: 15s, ETA:    23s[>>>>>>>>>>>                   ] 147/371, 9.9 task/s, elapsed: 15s, ETA:    23s[>>>>>>>>>>>                   ] 148/371, 9.9 task/s, elapsed: 15s, ETA:    22s[>>>>>>>>>>>>                  ] 149/371, 9.9 task/s, elapsed: 15s, ETA:    22s[>>>>>>>>>>>>                  ] 150/371, 9.9 task/s, elapsed: 15s, ETA:    22s[>>>>>>>>>>>                  ] 151/371, 10.0 task/s, elapsed: 15s, ETA:    22s[>>>>>>>>>>>                  ] 152/371, 10.0 task/s, elapsed: 15s, ETA:    22s[>>>>>>>>>>>                  ] 153/371, 10.0 task/s, elapsed: 15s, ETA:    22s[>>>>>>>>>>>>                 ] 154/371, 10.0 task/s, elapsed: 15s, ETA:    22s[>>>>>>>>>>>>                 ] 155/371, 10.0 task/s, elapsed: 16s, ETA:    22s[>>>>>>>>>>>>                 ] 156/371, 10.0 task/s, elapsed: 16s, ETA:    21s[>>>>>>>>>>>>                 ] 157/371, 10.0 task/s, elapsed: 16s, ETA:    21s[>>>>>>>>>>>>                 ] 158/371, 10.0 task/s, elapsed: 16s, ETA:    21s[>>>>>>>>>>>>                 ] 159/371, 10.0 task/s, elapsed: 16s, ETA:    21s[>>>>>>>>>>>>                 ] 160/371, 10.0 task/s, elapsed: 16s, ETA:    21s[>>>>>>>>>>>>                 ] 161/371, 10.1 task/s, elapsed: 16s, ETA:    21s[>>>>>>>>>>>>                 ] 162/371, 10.1 task/s, elapsed: 16s, ETA:    21s[>>>>>>>>>>>>                 ] 163/371, 10.1 task/s, elapsed: 16s, ETA:    21s[>>>>>>>>>>>>                 ] 164/371, 10.1 task/s, elapsed: 16s, ETA:    21s[>>>>>>>>>>>>                 ] 165/371, 10.1 task/s, elapsed: 16s, ETA:    20s[>>>>>>>>>>>>                 ] 166/371, 10.1 task/s, elapsed: 16s, ETA:    20s[>>>>>>>>>>>>>                ] 167/371, 10.1 task/s, elapsed: 17s, ETA:    20s[>>>>>>>>>>>>>                ] 168/371, 10.1 task/s, elapsed: 17s, ETA:    20s[>>>>>>>>>>>>>                ] 169/371, 10.1 task/s, elapsed: 17s, ETA:    20s[>>>>>>>>>>>>>                ] 170/371, 10.1 task/s, elapsed: 17s, ETA:    20s[>>>>>>>>>>>>>                ] 171/371, 10.1 task/s, elapsed: 17s, ETA:    20s[>>>>>>>>>>>>>                ] 172/371, 10.2 task/s, elapsed: 17s, ETA:    20s[>>>>>>>>>>>>>                ] 173/371, 10.2 task/s, elapsed: 17s, ETA:    19s[>>>>>>>>>>>>>                ] 174/371, 10.2 task/s, elapsed: 17s, ETA:    19s[>>>>>>>>>>>>>                ] 175/371, 10.2 task/s, elapsed: 17s, ETA:    19s[>>>>>>>>>>>>>                ] 176/371, 10.2 task/s, elapsed: 17s, ETA:    19s[>>>>>>>>>>>>>                ] 177/371, 10.2 task/s, elapsed: 17s, ETA:    19s[>>>>>>>>>>>>>                ] 178/371, 10.2 task/s, elapsed: 17s, ETA:    19s[>>>>>>>>>>>>>                ] 179/371, 10.2 task/s, elapsed: 18s, ETA:    19s[>>>>>>>>>>>>>>               ] 180/371, 10.2 task/s, elapsed: 18s, ETA:    19s[>>>>>>>>>>>>>>               ] 181/371, 10.2 task/s, elapsed: 18s, ETA:    19s[>>>>>>>>>>>>>>               ] 182/371, 10.2 task/s, elapsed: 18s, ETA:    18s[>>>>>>>>>>>>>>               ] 183/371, 10.3 task/s, elapsed: 18s, ETA:    18s[>>>>>>>>>>>>>>               ] 184/371, 10.3 task/s, elapsed: 18s, ETA:    18s[>>>>>>>>>>>>>>               ] 185/371, 10.3 task/s, elapsed: 18s, ETA:    18s[>>>>>>>>>>>>>>               ] 186/371, 10.3 task/s, elapsed: 18s, ETA:    18s[>>>>>>>>>>>>>>               ] 187/371, 10.3 task/s, elapsed: 18s, ETA:    18s[>>>>>>>>>>>>>>               ] 188/371, 10.3 task/s, elapsed: 18s, ETA:    18s[>>>>>>>>>>>>>>               ] 189/371, 10.3 task/s, elapsed: 18s, ETA:    18s[>>>>>>>>>>>>>>               ] 190/371, 10.3 task/s, elapsed: 18s, ETA:    18s[>>>>>>>>>>>>>>               ] 191/371, 10.3 task/s, elapsed: 19s, ETA:    17s[>>>>>>>>>>>>>>>              ] 192/371, 10.3 task/s, elapsed: 19s, ETA:    17s[>>>>>>>>>>>>>>>              ] 193/371, 10.3 task/s, elapsed: 19s, ETA:    17s[>>>>>>>>>>>>>>>              ] 194/371, 10.3 task/s, elapsed: 19s, ETA:    17s[>>>>>>>>>>>>>>>              ] 195/371, 10.3 task/s, elapsed: 19s, ETA:    17s[>>>>>>>>>>>>>>>              ] 196/371, 10.4 task/s, elapsed: 19s, ETA:    17s[>>>>>>>>>>>>>>>              ] 197/371, 10.4 task/s, elapsed: 19s, ETA:    17s[>>>>>>>>>>>>>>>              ] 198/371, 10.4 task/s, elapsed: 19s, ETA:    17s[>>>>>>>>>>>>>>>              ] 199/371, 10.4 task/s, elapsed: 19s, ETA:    17s[>>>>>>>>>>>>>>>              ] 200/371, 10.4 task/s, elapsed: 19s, ETA:    16s[>>>>>>>>>>>>>>>              ] 201/371, 10.4 task/s, elapsed: 19s, ETA:    16s[>>>>>>>>>>>>>>>              ] 202/371, 10.4 task/s, elapsed: 19s, ETA:    16s[>>>>>>>>>>>>>>>              ] 203/371, 10.4 task/s, elapsed: 20s, ETA:    16s[>>>>>>>>>>>>>>>              ] 204/371, 10.4 task/s, elapsed: 20s, ETA:    16s[>>>>>>>>>>>>>>>>             ] 205/371, 10.4 task/s, elapsed: 20s, ETA:    16s[>>>>>>>>>>>>>>>>             ] 206/371, 10.4 task/s, elapsed: 20s, ETA:    16s[>>>>>>>>>>>>>>>>             ] 207/371, 10.4 task/s, elapsed: 20s, ETA:    16s[>>>>>>>>>>>>>>>>             ] 208/371, 10.4 task/s, elapsed: 20s, ETA:    16s[>>>>>>>>>>>>>>>>             ] 209/371, 10.4 task/s, elapsed: 20s, ETA:    16s[>>>>>>>>>>>>>>>>             ] 210/371, 10.4 task/s, elapsed: 20s, ETA:    15s[>>>>>>>>>>>>>>>>             ] 211/371, 10.4 task/s, elapsed: 20s, ETA:    15s[>>>>>>>>>>>>>>>>             ] 212/371, 10.5 task/s, elapsed: 20s, ETA:    15s[>>>>>>>>>>>>>>>>             ] 213/371, 10.5 task/s, elapsed: 20s, ETA:    15s[>>>>>>>>>>>>>>>>             ] 214/371, 10.5 task/s, elapsed: 20s, ETA:    15s[>>>>>>>>>>>>>>>>             ] 215/371, 10.5 task/s, elapsed: 21s, ETA:    15s[>>>>>>>>>>>>>>>>             ] 216/371, 10.5 task/s, elapsed: 21s, ETA:    15s[>>>>>>>>>>>>>>>>             ] 217/371, 10.5 task/s, elapsed: 21s, ETA:    15s[>>>>>>>>>>>>>>>>>            ] 218/371, 10.5 task/s, elapsed: 21s, ETA:    15s[>>>>>>>>>>>>>>>>>            ] 219/371, 10.5 task/s, elapsed: 21s, ETA:    14s[>>>>>>>>>>>>>>>>>            ] 220/371, 10.5 task/s, elapsed: 21s, ETA:    14s[>>>>>>>>>>>>>>>>>            ] 221/371, 10.5 task/s, elapsed: 21s, ETA:    14s[>>>>>>>>>>>>>>>>>            ] 222/371, 10.5 task/s, elapsed: 21s, ETA:    14s[>>>>>>>>>>>>>>>>>            ] 223/371, 10.5 task/s, elapsed: 21s, ETA:    14s[>>>>>>>>>>>>>>>>>            ] 224/371, 10.5 task/s, elapsed: 21s, ETA:    14s[>>>>>>>>>>>>>>>>>            ] 225/371, 10.5 task/s, elapsed: 21s, ETA:    14s[>>>>>>>>>>>>>>>>>            ] 226/371, 10.5 task/s, elapsed: 21s, ETA:    14s[>>>>>>>>>>>>>>>>>            ] 227/371, 10.5 task/s, elapsed: 22s, ETA:    14s[>>>>>>>>>>>>>>>>>            ] 228/371, 10.5 task/s, elapsed: 22s, ETA:    14s[>>>>>>>>>>>>>>>>>            ] 229/371, 10.6 task/s, elapsed: 22s, ETA:    13s[>>>>>>>>>>>>>>>>>            ] 230/371, 10.6 task/s, elapsed: 22s, ETA:    13s[>>>>>>>>>>>>>>>>>>           ] 231/371, 10.6 task/s, elapsed: 22s, ETA:    13s[>>>>>>>>>>>>>>>>>>           ] 232/371, 10.6 task/s, elapsed: 22s, ETA:    13s[>>>>>>>>>>>>>>>>>>           ] 233/371, 10.6 task/s, elapsed: 22s, ETA:    13s[>>>>>>>>>>>>>>>>>>           ] 234/371, 10.6 task/s, elapsed: 22s, ETA:    13s[>>>>>>>>>>>>>>>>>>           ] 235/371, 10.6 task/s, elapsed: 22s, ETA:    13s[>>>>>>>>>>>>>>>>>>           ] 236/371, 10.6 task/s, elapsed: 22s, ETA:    13s[>>>>>>>>>>>>>>>>>>           ] 237/371, 10.6 task/s, elapsed: 22s, ETA:    13s[>>>>>>>>>>>>>>>>>>           ] 238/371, 10.6 task/s, elapsed: 22s, ETA:    13s[>>>>>>>>>>>>>>>>>>           ] 239/371, 10.6 task/s, elapsed: 23s, ETA:    12s[>>>>>>>>>>>>>>>>>>           ] 240/371, 10.6 task/s, elapsed: 23s, ETA:    12s[>>>>>>>>>>>>>>>>>>           ] 241/371, 10.6 task/s, elapsed: 23s, ETA:    12s[>>>>>>>>>>>>>>>>>>           ] 242/371, 10.6 task/s, elapsed: 23s, ETA:    12s[>>>>>>>>>>>>>>>>>>           ] 243/371, 10.6 task/s, elapsed: 23s, ETA:    12s[>>>>>>>>>>>>>>>>>>>          ] 244/371, 10.6 task/s, elapsed: 23s, ETA:    12s[>>>>>>>>>>>>>>>>>>>          ] 245/371, 10.6 task/s, elapsed: 23s, ETA:    12s[>>>>>>>>>>>>>>>>>>>          ] 246/371, 10.6 task/s, elapsed: 23s, ETA:    12s[>>>>>>>>>>>>>>>>>>>          ] 247/371, 10.6 task/s, elapsed: 23s, ETA:    12s[>>>>>>>>>>>>>>>>>>>          ] 248/371, 10.7 task/s, elapsed: 23s, ETA:    12s[>>>>>>>>>>>>>>>>>>>          ] 249/371, 10.7 task/s, elapsed: 23s, ETA:    11s[>>>>>>>>>>>>>>>>>>>          ] 250/371, 10.7 task/s, elapsed: 23s, ETA:    11s[>>>>>>>>>>>>>>>>>>>          ] 251/371, 10.7 task/s, elapsed: 24s, ETA:    11s[>>>>>>>>>>>>>>>>>>>          ] 252/371, 10.7 task/s, elapsed: 24s, ETA:    11s[>>>>>>>>>>>>>>>>>>>          ] 253/371, 10.7 task/s, elapsed: 24s, ETA:    11s[>>>>>>>>>>>>>>>>>>>          ] 254/371, 10.7 task/s, elapsed: 24s, ETA:    11s[>>>>>>>>>>>>>>>>>>>          ] 255/371, 10.7 task/s, elapsed: 24s, ETA:    11s[>>>>>>>>>>>>>>>>>>>>         ] 256/371, 10.7 task/s, elapsed: 24s, ETA:    11s[>>>>>>>>>>>>>>>>>>>>         ] 257/371, 10.7 task/s, elapsed: 24s, ETA:    11s[>>>>>>>>>>>>>>>>>>>>         ] 258/371, 10.7 task/s, elapsed: 24s, ETA:    11s[>>>>>>>>>>>>>>>>>>>>         ] 259/371, 10.7 task/s, elapsed: 24s, ETA:    10s[>>>>>>>>>>>>>>>>>>>>         ] 260/371, 10.7 task/s, elapsed: 24s, ETA:    10s[>>>>>>>>>>>>>>>>>>>>         ] 261/371, 10.7 task/s, elapsed: 24s, ETA:    10s[>>>>>>>>>>>>>>>>>>>>         ] 262/371, 10.7 task/s, elapsed: 24s, ETA:    10s[>>>>>>>>>>>>>>>>>>>>         ] 263/371, 10.7 task/s, elapsed: 25s, ETA:    10s[>>>>>>>>>>>>>>>>>>>>         ] 264/371, 10.7 task/s, elapsed: 25s, ETA:    10s[>>>>>>>>>>>>>>>>>>>>         ] 265/371, 10.7 task/s, elapsed: 25s, ETA:    10s[>>>>>>>>>>>>>>>>>>>>         ] 266/371, 10.7 task/s, elapsed: 25s, ETA:    10s[>>>>>>>>>>>>>>>>>>>>         ] 267/371, 10.7 task/s, elapsed: 25s, ETA:    10s[>>>>>>>>>>>>>>>>>>>>         ] 268/371, 10.7 task/s, elapsed: 25s, ETA:    10s[>>>>>>>>>>>>>>>>>>>>>        ] 269/371, 10.7 task/s, elapsed: 25s, ETA:     9s[>>>>>>>>>>>>>>>>>>>>>        ] 270/371, 10.7 task/s, elapsed: 25s, ETA:     9s[>>>>>>>>>>>>>>>>>>>>>        ] 271/371, 10.7 task/s, elapsed: 25s, ETA:     9s[>>>>>>>>>>>>>>>>>>>>>        ] 272/371, 10.7 task/s, elapsed: 25s, ETA:     9s[>>>>>>>>>>>>>>>>>>>>>        ] 273/371, 10.8 task/s, elapsed: 25s, ETA:     9s[>>>>>>>>>>>>>>>>>>>>>        ] 274/371, 10.8 task/s, elapsed: 25s, ETA:     9s[>>>>>>>>>>>>>>>>>>>>>        ] 275/371, 10.8 task/s, elapsed: 26s, ETA:     9s[>>>>>>>>>>>>>>>>>>>>>        ] 276/371, 10.8 task/s, elapsed: 26s, ETA:     9s[>>>>>>>>>>>>>>>>>>>>>        ] 277/371, 10.8 task/s, elapsed: 26s, ETA:     9s[>>>>>>>>>>>>>>>>>>>>>        ] 278/371, 10.8 task/s, elapsed: 26s, ETA:     9s[>>>>>>>>>>>>>>>>>>>>>        ] 279/371, 10.8 task/s, elapsed: 26s, ETA:     9s[>>>>>>>>>>>>>>>>>>>>>        ] 280/371, 10.8 task/s, elapsed: 26s, ETA:     8s[>>>>>>>>>>>>>>>>>>>>>        ] 281/371, 10.8 task/s, elapsed: 26s, ETA:     8s[>>>>>>>>>>>>>>>>>>>>>>       ] 282/371, 10.8 task/s, elapsed: 26s, ETA:     8s[>>>>>>>>>>>>>>>>>>>>>>       ] 283/371, 10.8 task/s, elapsed: 26s, ETA:     8s[>>>>>>>>>>>>>>>>>>>>>>       ] 284/371, 10.8 task/s, elapsed: 26s, ETA:     8s[>>>>>>>>>>>>>>>>>>>>>>       ] 285/371, 10.8 task/s, elapsed: 26s, ETA:     8s[>>>>>>>>>>>>>>>>>>>>>>       ] 286/371, 10.8 task/s, elapsed: 26s, ETA:     8s[>>>>>>>>>>>>>>>>>>>>>>       ] 287/371, 10.8 task/s, elapsed: 27s, ETA:     8s[>>>>>>>>>>>>>>>>>>>>>>       ] 288/371, 10.8 task/s, elapsed: 27s, ETA:     8s[>>>>>>>>>>>>>>>>>>>>>>       ] 289/371, 10.8 task/s, elapsed: 27s, ETA:     8s[>>>>>>>>>>>>>>>>>>>>>>       ] 290/371, 10.8 task/s, elapsed: 27s, ETA:     7s[>>>>>>>>>>>>>>>>>>>>>>       ] 291/371, 10.8 task/s, elapsed: 27s, ETA:     7s[>>>>>>>>>>>>>>>>>>>>>>       ] 292/371, 10.8 task/s, elapsed: 27s, ETA:     7s[>>>>>>>>>>>>>>>>>>>>>>       ] 293/371, 10.8 task/s, elapsed: 27s, ETA:     7s[>>>>>>>>>>>>>>>>>>>>>>       ] 294/371, 10.8 task/s, elapsed: 27s, ETA:     7s[>>>>>>>>>>>>>>>>>>>>>>>      ] 295/371, 10.8 task/s, elapsed: 27s, ETA:     7s[>>>>>>>>>>>>>>>>>>>>>>>      ] 296/371, 10.8 task/s, elapsed: 27s, ETA:     7s[>>>>>>>>>>>>>>>>>>>>>>>      ] 297/371, 10.8 task/s, elapsed: 27s, ETA:     7s[>>>>>>>>>>>>>>>>>>>>>>>      ] 298/371, 10.8 task/s, elapsed: 27s, ETA:     7s[>>>>>>>>>>>>>>>>>>>>>>>      ] 299/371, 10.8 task/s, elapsed: 28s, ETA:     7s[>>>>>>>>>>>>>>>>>>>>>>>      ] 300/371, 10.8 task/s, elapsed: 28s, ETA:     7s[>>>>>>>>>>>>>>>>>>>>>>>      ] 301/371, 10.9 task/s, elapsed: 28s, ETA:     6s[>>>>>>>>>>>>>>>>>>>>>>>      ] 302/371, 10.9 task/s, elapsed: 28s, ETA:     6s[>>>>>>>>>>>>>>>>>>>>>>>      ] 303/371, 10.9 task/s, elapsed: 28s, ETA:     6s[>>>>>>>>>>>>>>>>>>>>>>>      ] 304/371, 10.9 task/s, elapsed: 28s, ETA:     6s[>>>>>>>>>>>>>>>>>>>>>>>      ] 305/371, 10.9 task/s, elapsed: 28s, ETA:     6s[>>>>>>>>>>>>>>>>>>>>>>>      ] 306/371, 10.9 task/s, elapsed: 28s, ETA:     6s[>>>>>>>>>>>>>>>>>>>>>>>      ] 307/371, 10.9 task/s, elapsed: 28s, ETA:     6s[>>>>>>>>>>>>>>>>>>>>>>>>     ] 308/371, 10.9 task/s, elapsed: 28s, ETA:     6s[>>>>>>>>>>>>>>>>>>>>>>>>     ] 309/371, 10.9 task/s, elapsed: 28s, ETA:     6s[>>>>>>>>>>>>>>>>>>>>>>>>     ] 310/371, 10.9 task/s, elapsed: 28s, ETA:     6s[>>>>>>>>>>>>>>>>>>>>>>>>     ] 311/371, 10.9 task/s, elapsed: 29s, ETA:     6s[>>>>>>>>>>>>>>>>>>>>>>>>     ] 312/371, 10.9 task/s, elapsed: 29s, ETA:     5s[>>>>>>>>>>>>>>>>>>>>>>>>     ] 313/371, 10.9 task/s, elapsed: 29s, ETA:     5s[>>>>>>>>>>>>>>>>>>>>>>>>     ] 314/371, 10.9 task/s, elapsed: 29s, ETA:     5s[>>>>>>>>>>>>>>>>>>>>>>>>     ] 315/371, 10.9 task/s, elapsed: 29s, ETA:     5s[>>>>>>>>>>>>>>>>>>>>>>>>     ] 316/371, 10.9 task/s, elapsed: 29s, ETA:     5s[>>>>>>>>>>>>>>>>>>>>>>>>     ] 317/371, 10.9 task/s, elapsed: 29s, ETA:     5s[>>>>>>>>>>>>>>>>>>>>>>>>     ] 318/371, 10.9 task/s, elapsed: 29s, ETA:     5s[>>>>>>>>>>>>>>>>>>>>>>>>     ] 319/371, 10.9 task/s, elapsed: 29s, ETA:     5s[>>>>>>>>>>>>>>>>>>>>>>>>>    ] 320/371, 10.9 task/s, elapsed: 29s, ETA:     5s[>>>>>>>>>>>>>>>>>>>>>>>>>    ] 321/371, 10.9 task/s, elapsed: 29s, ETA:     5s[>>>>>>>>>>>>>>>>>>>>>>>>>    ] 322/371, 10.9 task/s, elapsed: 30s, ETA:     4s[>>>>>>>>>>>>>>>>>>>>>>>>>    ] 323/371, 10.9 task/s, elapsed: 30s, ETA:     4s[>>>>>>>>>>>>>>>>>>>>>>>>>    ] 324/371, 10.9 task/s, elapsed: 30s, ETA:     4s[>>>>>>>>>>>>>>>>>>>>>>>>>    ] 325/371, 10.9 task/s, elapsed: 30s, ETA:     4s[>>>>>>>>>>>>>>>>>>>>>>>>>    ] 326/371, 10.9 task/s, elapsed: 30s, ETA:     4s[>>>>>>>>>>>>>>>>>>>>>>>>>    ] 327/371, 10.9 task/s, elapsed: 30s, ETA:     4s[>>>>>>>>>>>>>>>>>>>>>>>>>    ] 328/371, 10.9 task/s, elapsed: 30s, ETA:     4s[>>>>>>>>>>>>>>>>>>>>>>>>>    ] 329/371, 10.9 task/s, elapsed: 30s, ETA:     4s[>>>>>>>>>>>>>>>>>>>>>>>>>    ] 330/371, 10.9 task/s, elapsed: 30s, ETA:     4s[>>>>>>>>>>>>>>>>>>>>>>>>>    ] 331/371, 10.9 task/s, elapsed: 30s, ETA:     4s[>>>>>>>>>>>>>>>>>>>>>>>>>    ] 332/371, 10.9 task/s, elapsed: 30s, ETA:     4s[>>>>>>>>>>>>>>>>>>>>>>>>>>   ] 333/371, 10.9 task/s, elapsed: 30s, ETA:     3s[>>>>>>>>>>>>>>>>>>>>>>>>>>   ] 334/371, 10.9 task/s, elapsed: 31s, ETA:     3s[>>>>>>>>>>>>>>>>>>>>>>>>>>   ] 335/371, 11.0 task/s, elapsed: 31s, ETA:     3s[>>>>>>>>>>>>>>>>>>>>>>>>>>   ] 336/371, 11.0 task/s, elapsed: 31s, ETA:     3s[>>>>>>>>>>>>>>>>>>>>>>>>>>   ] 337/371, 11.0 task/s, elapsed: 31s, ETA:     3s[>>>>>>>>>>>>>>>>>>>>>>>>>>   ] 338/371, 11.0 task/s, elapsed: 31s, ETA:     3s[>>>>>>>>>>>>>>>>>>>>>>>>>>   ] 339/371, 11.0 task/s, elapsed: 31s, ETA:     3s[>>>>>>>>>>>>>>>>>>>>>>>>>>   ] 340/371, 11.0 task/s, elapsed: 31s, ETA:     3s[>>>>>>>>>>>>>>>>>>>>>>>>>>   ] 341/371, 11.0 task/s, elapsed: 31s, ETA:     3s[>>>>>>>>>>>>>>>>>>>>>>>>>>   ] 342/371, 11.0 task/s, elapsed: 31s, ETA:     3s[>>>>>>>>>>>>>>>>>>>>>>>>>>   ] 343/371, 11.0 task/s, elapsed: 31s, ETA:     3s[>>>>>>>>>>>>>>>>>>>>>>>>>>   ] 344/371, 11.0 task/s, elapsed: 31s, ETA:     2s[>>>>>>>>>>>>>>>>>>>>>>>>>>   ] 345/371, 11.0 task/s, elapsed: 31s, ETA:     2s[>>>>>>>>>>>>>>>>>>>>>>>>>>>  ] 346/371, 11.0 task/s, elapsed: 32s, ETA:     2s[>>>>>>>>>>>>>>>>>>>>>>>>>>>  ] 347/371, 11.0 task/s, elapsed: 32s, ETA:     2s[>>>>>>>>>>>>>>>>>>>>>>>>>>>  ] 348/371, 11.0 task/s, elapsed: 32s, ETA:     2s[>>>>>>>>>>>>>>>>>>>>>>>>>>>  ] 349/371, 11.0 task/s, elapsed: 32s, ETA:     2s[>>>>>>>>>>>>>>>>>>>>>>>>>>>  ] 350/371, 11.0 task/s, elapsed: 32s, ETA:     2s[>>>>>>>>>>>>>>>>>>>>>>>>>>>  ] 351/371, 11.0 task/s, elapsed: 32s, ETA:     2s[>>>>>>>>>>>>>>>>>>>>>>>>>>>  ] 352/371, 11.0 task/s, elapsed: 32s, ETA:     2s[>>>>>>>>>>>>>>>>>>>>>>>>>>>  ] 353/371, 11.0 task/s, elapsed: 32s, ETA:     2s[>>>>>>>>>>>>>>>>>>>>>>>>>>>  ] 354/371, 11.0 task/s, elapsed: 32s, ETA:     2s[>>>>>>>>>>>>>>>>>>>>>>>>>>>  ] 355/371, 11.0 task/s, elapsed: 32s, ETA:     1s[>>>>>>>>>>>>>>>>>>>>>>>>>>>  ] 356/371, 11.0 task/s, elapsed: 32s, ETA:     1s[>>>>>>>>>>>>>>>>>>>>>>>>>>>  ] 357/371, 11.0 task/s, elapsed: 32s, ETA:     1s[>>>>>>>>>>>>>>>>>>>>>>>>>>>  ] 358/371, 11.0 task/s, elapsed: 33s, ETA:     1s[>>>>>>>>>>>>>>>>>>>>>>>>>>>> ] 359/371, 11.0 task/s, elapsed: 33s, ETA:     1s[>>>>>>>>>>>>>>>>>>>>>>>>>>>> ] 360/371, 11.0 task/s, elapsed: 33s, ETA:     1s[>>>>>>>>>>>>>>>>>>>>>>>>>>>> ] 361/371, 11.0 task/s, elapsed: 33s, ETA:     1s[>>>>>>>>>>>>>>>>>>>>>>>>>>>> ] 362/371, 11.0 task/s, elapsed: 33s, ETA:     1s[>>>>>>>>>>>>>>>>>>>>>>>>>>>> ] 363/371, 11.0 task/s, elapsed: 33s, ETA:     1s[>>>>>>>>>>>>>>>>>>>>>>>>>>>> ] 364/371, 11.0 task/s, elapsed: 33s, ETA:     1s[>>>>>>>>>>>>>>>>>>>>>>>>>>>> ] 365/371, 11.0 task/s, elapsed: 33s, ETA:     1s[>>>>>>>>>>>>>>>>>>>>>>>>>>>> ] 366/371, 11.0 task/s, elapsed: 33s, ETA:     0s[>>>>>>>>>>>>>>>>>>>>>>>>>>>> ] 367/371, 11.0 task/s, elapsed: 33s, ETA:     0s[>>>>>>>>>>>>>>>>>>>>>>>>>>>> ] 368/371, 11.0 task/s, elapsed: 33s, ETA:     0s[>>>>>>>>>>>>>>>>>>>>>>>>>>>> ] 369/371, 11.0 task/s, elapsed: 33s, ETA:     0s[>>>>>>>>>>>>>>>>>>>>>>>>>>>> ] 370/371, 11.0 task/s, elapsed: 34s, ETA:     0s[>>>>>>>>>>>>>>>>>>>>>>>>>>>>>] 371/371, 11.0 task/s, elapsed: 34s, ETA:     0s

2026-05-12 06:04:12,915 - mmdet - INFO - Evaluating bbox...
Loading and preparing results...
DONE (t=0.00s)
creating index...
index created!
Running per image evaluation...
Evaluate annotation type *bbox*
DONE (t=2.14s).
Accumulating evaluation results...
DONE (t=0.14s).
2026-05-12 06:04:15,220 - mmdet - INFO - 
 Average Precision  (AP) @[ IoU=0.50:0.95 | area=   all | maxDets=100 ] = 0.245
 Average Precision  (AP) @[ IoU=0.50      | area=   all | maxDets=1000 ] = 0.620
 Average Precision  (AP) @[ IoU=0.75      | area=   all | maxDets=1000 ] = 0.137
 Average Precision  (AP) @[ IoU=0.50:0.95 | area= small | maxDets=1000 ] = 0.002
 Average Precision  (AP) @[ IoU=0.50:0.95 | area=medium | maxDets=1000 ] = 0.195
 Average Precision  (AP) @[ IoU=0.50:0.95 | area= large | maxDets=1000 ] = 0.319
 Average Recall     (AR) @[ IoU=0.50:0.95 | area=   all | maxDets=100 ] = 0.378
 Average Recall     (AR) @[ IoU=0.50:0.95 | area=   all | maxDets=300 ] = 0.378
 Average Recall     (AR) @[ IoU=0.50:0.95 | area=   all | maxDets=1000 ] = 0.378
 Average Recall     (AR) @[ IoU=0.50:0.95 | area= small | maxDets=1000 ] = 0.038
 Average Recall     (AR) @[ IoU=0.50:0.95 | area=medium | maxDets=1000 ] = 0.332
 Average Recall     (AR) @[ IoU=0.50:0.95 | area= large | maxDets=1000 ] = 0.445

2026-05-12 06:04:15,225 - mmdet - INFO - Exp name: fold_1_r50_300e_hbb.py
2026-05-12 06:04:15,226 - mmdet - INFO - Epoch(val) [90][371]	bbox_mAP: 0.2450, bbox_mAP_50: 0.6200, bbox_mAP_75: 0.1370, bbox_mAP_s: 0.0020, bbox_mAP_m: 0.1950, bbox_mAP_l: 0.3190, bbox_mAP_copypaste: 0.245 0.620 0.137 0.002 0.195 0.319
2026-05-12 06:04:44,863 - mmdet - INFO - Epoch [91][50/186]	lr: 1.588e-02, eta: 4:45:58, time: 0.591, data_time: 0.083, memory: 6155, loss_rpn_cls: 0.0153, loss_rpn_bbox: 0.0027, loss_cls: 0.0894, acc: 96.6641, loss_bbox: 0.0572, loss: 0.1646, grad_norm: 1.1032
2026-05-12 06:05:10,777 - mmdet - INFO - Epoch [91][100/186]	lr: 1.588e-02, eta: 4:45:45, time: 0.520, data_time: 0.015, memory: 6155, loss_rpn_cls: 0.0207, loss_rpn_bbox: 0.0029, loss_cls: 0.0888, acc: 96.6182, loss_bbox: 0.0593, loss: 0.1716, grad_norm: 1.1845
2026-05-12 06:05:36,686 - mmdet - INFO - Epoch [91][150/186]	lr: 1.588e-02, eta: 4:45:32, time: 0.516, data_time: 0.013, memory: 6155, loss_rpn_cls: 0.0216, loss_rpn_bbox: 0.0037, loss_cls: 0.1005, acc: 96.1719, loss_bbox: 0.0658, loss: 0.1916, grad_norm: 1.2026
2026-05-12 06:06:24,914 - mmdet - INFO - Epoch [92][50/186]	lr: 1.579e-02, eta: 4:44:35, time: 0.591, data_time: 0.083, memory: 6155, loss_rpn_cls: 0.0184, loss_rpn_bbox: 0.0031, loss_cls: 0.0865, acc: 96.6738, loss_bbox: 0.0558, loss: 0.1638, grad_norm: 1.1826
2026-05-12 06:06:50,722 - mmdet - INFO - Epoch [92][100/186]	lr: 1.579e-02, eta: 4:44:22, time: 0.514, data_time: 0.013, memory: 6155, loss_rpn_cls: 0.0200, loss_rpn_bbox: 0.0028, loss_cls: 0.0879, acc: 96.6387, loss_bbox: 0.0599, loss: 0.1706, grad_norm: 1.2128
2026-05-12 06:07:16,889 - mmdet - INFO - Epoch [92][150/186]	lr: 1.579e-02, eta: 4:44:09, time: 0.525, data_time: 0.016, memory: 6155, loss_rpn_cls: 0.0207, loss_rpn_bbox: 0.0029, loss_cls: 0.0912, acc: 96.5625, loss_bbox: 0.0598, loss: 0.1746, grad_norm: 1.2045
2026-05-12 06:08:05,318 - mmdet - INFO - Epoch [93][50/186]	lr: 1.571e-02, eta: 4:43:13, time: 0.592, data_time: 0.083, memory: 6155, loss_rpn_cls: 0.0206, loss_rpn_bbox: 0.0030, loss_cls: 0.0891, acc: 96.6201, loss_bbox: 0.0564, loss: 0.1690, grad_norm: 1.2325
2026-05-12 06:08:31,187 - mmdet - INFO - Epoch [93][100/186]	lr: 1.571e-02, eta: 4:43:00, time: 0.519, data_time: 0.015, memory: 6155, loss_rpn_cls: 0.0166, loss_rpn_bbox: 0.0030, loss_cls: 0.0867, acc: 96.8564, loss_bbox: 0.0573, loss: 0.1636, grad_norm: 1.1833
2026-05-12 06:08:57,199 - mmdet - INFO - Epoch [93][150/186]	lr: 1.571e-02, eta: 4:42:47, time: 0.518, data_time: 0.013, memory: 6155, loss_rpn_cls: 0.0224, loss_rpn_bbox: 0.0030, loss_cls: 0.0992, acc: 96.2793, loss_bbox: 0.0633, loss: 0.1878, grad_norm: 1.1917
2026-05-12 06:09:45,562 - mmdet - INFO - Epoch [94][50/186]	lr: 1.562e-02, eta: 4:41:50, time: 0.592, data_time: 0.083, memory: 6155, loss_rpn_cls: 0.0158, loss_rpn_bbox: 0.0031, loss_cls: 0.0860, acc: 96.7803, loss_bbox: 0.0552, loss: 0.1601, grad_norm: 1.1485
2026-05-12 06:10:11,449 - mmdet - INFO - Epoch [94][100/186]	lr: 1.562e-02, eta: 4:41:37, time: 0.516, data_time: 0.013, memory: 6155, loss_rpn_cls: 0.0165, loss_rpn_bbox: 0.0030, loss_cls: 0.0803, acc: 97.0713, loss_bbox: 0.0531, loss: 0.1528, grad_norm: 1.1522
2026-05-12 06:10:37,492 - mmdet - INFO - Epoch [94][150/186]	lr: 1.562e-02, eta: 4:41:24, time: 0.523, data_time: 0.015, memory: 6155, loss_rpn_cls: 0.0207, loss_rpn_bbox: 0.0030, loss_cls: 0.0912, acc: 96.5703, loss_bbox: 0.0583, loss: 0.1733, grad_norm: 1.1766
2026-05-12 06:11:25,927 - mmdet - INFO - Epoch [95][50/186]	lr: 1.553e-02, eta: 4:40:28, time: 0.591, data_time: 0.083, memory: 6155, loss_rpn_cls: 0.0173, loss_rpn_bbox: 0.0029, loss_cls: 0.0856, acc: 96.7744, loss_bbox: 0.0556, loss: 0.1613, grad_norm: 1.1733
2026-05-12 06:11:51,782 - mmdet - INFO - Epoch [95][100/186]	lr: 1.553e-02, eta: 4:40:15, time: 0.519, data_time: 0.015, memory: 6155, loss_rpn_cls: 0.0175, loss_rpn_bbox: 0.0028, loss_cls: 0.0822, acc: 96.9082, loss_bbox: 0.0552, loss: 0.1578, grad_norm: 1.1699
2026-05-12 06:12:17,748 - mmdet - INFO - Epoch [95][150/186]	lr: 1.553e-02, eta: 4:40:01, time: 0.517, data_time: 0.013, memory: 6155, loss_rpn_cls: 0.0147, loss_rpn_bbox: 0.0033, loss_cls: 0.0883, acc: 96.5898, loss_bbox: 0.0589, loss: 0.1653, grad_norm: 1.1635
2026-05-12 06:13:05,879 - mmdet - INFO - Epoch [96][50/186]	lr: 1.545e-02, eta: 4:39:05, time: 0.590, data_time: 0.083, memory: 6155, loss_rpn_cls: 0.0162, loss_rpn_bbox: 0.0027, loss_cls: 0.0846, acc: 96.8301, loss_bbox: 0.0540, loss: 0.1575, grad_norm: 1.1598
2026-05-12 06:13:31,707 - mmdet - INFO - Epoch [96][100/186]	lr: 1.545e-02, eta: 4:38:51, time: 0.515, data_time: 0.013, memory: 6155, loss_rpn_cls: 0.0176, loss_rpn_bbox: 0.0027, loss_cls: 0.0830, acc: 96.8047, loss_bbox: 0.0552, loss: 0.1584, grad_norm: 1.1545
2026-05-12 06:13:57,702 - mmdet - INFO - Epoch [96][150/186]	lr: 1.545e-02, eta: 4:38:38, time: 0.522, data_time: 0.015, memory: 6155, loss_rpn_cls: 0.0176, loss_rpn_bbox: 0.0032, loss_cls: 0.0891, acc: 96.5732, loss_bbox: 0.0594, loss: 0.1694, grad_norm: 1.1428
2026-05-12 06:14:46,068 - mmdet - INFO - Epoch [97][50/186]	lr: 1.536e-02, eta: 4:37:42, time: 0.589, data_time: 0.083, memory: 6155, loss_rpn_cls: 0.0201, loss_rpn_bbox: 0.0029, loss_cls: 0.0922, acc: 96.5010, loss_bbox: 0.0654, loss: 0.1806, grad_norm: 1.2781
2026-05-12 06:15:11,922 - mmdet - INFO - Epoch [97][100/186]	lr: 1.536e-02, eta: 4:37:29, time: 0.519, data_time: 0.015, memory: 6155, loss_rpn_cls: 0.0212, loss_rpn_bbox: 0.0030, loss_cls: 0.0830, acc: 96.8564, loss_bbox: 0.0577, loss: 0.1649, grad_norm: 1.2774
2026-05-12 06:15:37,744 - mmdet - INFO - Epoch [97][150/186]	lr: 1.536e-02, eta: 4:37:14, time: 0.514, data_time: 0.013, memory: 6155, loss_rpn_cls: 0.0194, loss_rpn_bbox: 0.0030, loss_cls: 0.0950, acc: 96.5244, loss_bbox: 0.0649, loss: 0.1823, grad_norm: 1.2614
2026-05-12 06:16:25,989 - mmdet - INFO - Epoch [98][50/186]	lr: 1.527e-02, eta: 4:36:19, time: 0.591, data_time: 0.083, memory: 6155, loss_rpn_cls: 0.0141, loss_rpn_bbox: 0.0024, loss_cls: 0.0848, acc: 96.7695, loss_bbox: 0.0541, loss: 0.1555, grad_norm: 1.2311
2026-05-12 06:16:51,794 - mmdet - INFO - Epoch [98][100/186]	lr: 1.527e-02, eta: 4:36:05, time: 0.514, data_time: 0.013, memory: 6155, loss_rpn_cls: 0.0190, loss_rpn_bbox: 0.0030, loss_cls: 0.0937, acc: 96.4404, loss_bbox: 0.0623, loss: 0.1781, grad_norm: 1.2799
2026-05-12 06:17:17,788 - mmdet - INFO - Epoch [98][150/186]	lr: 1.527e-02, eta: 4:35:51, time: 0.522, data_time: 0.015, memory: 6155, loss_rpn_cls: 0.0142, loss_rpn_bbox: 0.0027, loss_cls: 0.0874, acc: 96.6602, loss_bbox: 0.0569, loss: 0.1612, grad_norm: 1.2254
2026-05-12 06:18:06,214 - mmdet - INFO - Epoch [99][50/186]	lr: 1.518e-02, eta: 4:34:57, time: 0.591, data_time: 0.084, memory: 6155, loss_rpn_cls: 0.0188, loss_rpn_bbox: 0.0032, loss_cls: 0.0777, acc: 97.0811, loss_bbox: 0.0520, loss: 0.1517, grad_norm: 1.1502
2026-05-12 06:18:32,111 - mmdet - INFO - Epoch [99][100/186]	lr: 1.518e-02, eta: 4:34:43, time: 0.520, data_time: 0.015, memory: 6155, loss_rpn_cls: 0.0158, loss_rpn_bbox: 0.0030, loss_cls: 0.0784, acc: 97.1055, loss_bbox: 0.0526, loss: 0.1499, grad_norm: 1.1071
2026-05-12 06:18:58,037 - mmdet - INFO - Epoch [99][150/186]	lr: 1.518e-02, eta: 4:34:29, time: 0.517, data_time: 0.013, memory: 6155, loss_rpn_cls: 0.0203, loss_rpn_bbox: 0.0028, loss_cls: 0.0911, acc: 96.5518, loss_bbox: 0.0599, loss: 0.1741, grad_norm: 1.1625
2026-05-12 06:19:46,364 - mmdet - INFO - Epoch [100][50/186]	lr: 1.509e-02, eta: 4:33:34, time: 0.592, data_time: 0.083, memory: 6155, loss_rpn_cls: 0.0151, loss_rpn_bbox: 0.0028, loss_cls: 0.0875, acc: 96.6475, loss_bbox: 0.0617, loss: 0.1670, grad_norm: 1.1787
2026-05-12 06:20:12,183 - mmdet - INFO - Epoch [100][100/186]	lr: 1.509e-02, eta: 4:33:20, time: 0.514, data_time: 0.013, memory: 6155, loss_rpn_cls: 0.0201, loss_rpn_bbox: 0.0026, loss_cls: 0.0815, acc: 96.9639, loss_bbox: 0.0543, loss: 0.1585, grad_norm: 1.2095
2026-05-12 06:20:38,165 - mmdet - INFO - Epoch [100][150/186]	lr: 1.509e-02, eta: 4:33:06, time: 0.522, data_time: 0.015, memory: 6155, loss_rpn_cls: 0.0353, loss_rpn_bbox: 0.0041, loss_cls: 0.1061, acc: 95.9287, loss_bbox: 0.0766, loss: 0.2221, grad_norm: 1.3098
2026-05-12 06:20:56,912 - mmdet - INFO - Saving checkpoint at 100 epochs
[                                                  ] 0/371, elapsed: 0s, ETA:[                                 ] 1/371, 0.4 task/s, elapsed: 3s, ETA:   952s[                                 ] 2/371, 0.8 task/s, elapsed: 3s, ETA:   491s[                                 ] 3/371, 1.1 task/s, elapsed: 3s, ETA:   337s[                                 ] 4/371, 1.4 task/s, elapsed: 3s, ETA:   259s[                                 ] 5/371, 1.7 task/s, elapsed: 3s, ETA:   213s[                                 ] 6/371, 2.0 task/s, elapsed: 3s, ETA:   182s[                                 ] 7/371, 2.3 task/s, elapsed: 3s, ETA:   160s[                                 ] 8/371, 2.5 task/s, elapsed: 3s, ETA:   144s[                                 ] 9/371, 2.8 task/s, elapsed: 3s, ETA:   131s[                                ] 10/371, 3.0 task/s, elapsed: 3s, ETA:   120s[                                ] 11/371, 3.2 task/s, elapsed: 3s, ETA:   112s[>                               ] 12/371, 3.4 task/s, elapsed: 3s, ETA:   105s[>                               ] 13/371, 3.6 task/s, elapsed: 4s, ETA:    99s[>                               ] 14/371, 3.8 task/s, elapsed: 4s, ETA:    93s[>                               ] 15/371, 4.0 task/s, elapsed: 4s, ETA:    89s[>                               ] 16/371, 4.2 task/s, elapsed: 4s, ETA:    85s[>                               ] 17/371, 4.3 task/s, elapsed: 4s, ETA:    82s[>                               ] 18/371, 4.5 task/s, elapsed: 4s, ETA:    78s[>                               ] 19/371, 4.7 task/s, elapsed: 4s, ETA:    76s[>                               ] 20/371, 4.8 task/s, elapsed: 4s, ETA:    73s[>                               ] 21/371, 4.9 task/s, elapsed: 4s, ETA:    71s[>                               ] 22/371, 5.1 task/s, elapsed: 4s, ETA:    69s[>                               ] 23/371, 5.2 task/s, elapsed: 4s, ETA:    67s[>>                              ] 24/371, 5.3 task/s, elapsed: 4s, ETA:    65s[>>                              ] 25/371, 5.5 task/s, elapsed: 5s, ETA:    63s[>>                              ] 26/371, 5.6 task/s, elapsed: 5s, ETA:    62s[>>                              ] 27/371, 5.7 task/s, elapsed: 5s, ETA:    60s[>>                              ] 28/371, 5.8 task/s, elapsed: 5s, ETA:    59s[>>                              ] 29/371, 5.9 task/s, elapsed: 5s, ETA:    58s[>>                              ] 30/371, 6.0 task/s, elapsed: 5s, ETA:    57s[>>                              ] 31/371, 6.1 task/s, elapsed: 5s, ETA:    56s[>>                              ] 32/371, 6.2 task/s, elapsed: 5s, ETA:    55s[>>                              ] 33/371, 6.3 task/s, elapsed: 5s, ETA:    54s[>>                              ] 34/371, 6.4 task/s, elapsed: 5s, ETA:    53s[>>>                             ] 35/371, 6.5 task/s, elapsed: 5s, ETA:    52s[>>>                             ] 36/371, 6.5 task/s, elapsed: 6s, ETA:    51s[>>>                             ] 37/371, 6.6 task/s, elapsed: 6s, ETA:    50s[>>>                             ] 38/371, 6.7 task/s, elapsed: 6s, ETA:    50s[>>>                             ] 39/371, 6.8 task/s, elapsed: 6s, ETA:    49s[>>>                             ] 40/371, 6.9 task/s, elapsed: 6s, ETA:    48s[>>>                             ] 41/371, 6.9 task/s, elapsed: 6s, ETA:    48s[>>>                             ] 42/371, 7.0 task/s, elapsed: 6s, ETA:    47s[>>>                             ] 43/371, 7.1 task/s, elapsed: 6s, ETA:    46s[>>>                             ] 44/371, 7.1 task/s, elapsed: 6s, ETA:    46s[>>>                             ] 45/371, 7.2 task/s, elapsed: 6s, ETA:    45s[>>>                             ] 46/371, 7.3 task/s, elapsed: 6s, ETA:    45s[>>>>                            ] 47/371, 7.3 task/s, elapsed: 6s, ETA:    44s[>>>>                            ] 48/371, 7.4 task/s, elapsed: 7s, ETA:    44s[>>>>                            ] 49/371, 7.4 task/s, elapsed: 7s, ETA:    43s[>>>>                            ] 50/371, 7.5 task/s, elapsed: 7s, ETA:    43s[>>>>                            ] 51/371, 7.5 task/s, elapsed: 7s, ETA:    42s[>>>>                            ] 52/371, 7.6 task/s, elapsed: 7s, ETA:    42s[>>>>                            ] 53/371, 7.7 task/s, elapsed: 7s, ETA:    42s[>>>>                            ] 54/371, 7.7 task/s, elapsed: 7s, ETA:    41s[>>>>                            ] 55/371, 7.8 task/s, elapsed: 7s, ETA:    41s[>>>>                            ] 56/371, 7.8 task/s, elapsed: 7s, ETA:    40s[>>>>                            ] 57/371, 7.8 task/s, elapsed: 7s, ETA:    40s[>>>>>                           ] 58/371, 7.9 task/s, elapsed: 7s, ETA:    40s[>>>>>                           ] 59/371, 7.9 task/s, elapsed: 7s, ETA:    39s[>>>>>                           ] 60/371, 8.0 task/s, elapsed: 8s, ETA:    39s[>>>>>                           ] 61/371, 8.0 task/s, elapsed: 8s, ETA:    39s[>>>>>                           ] 62/371, 8.1 task/s, elapsed: 8s, ETA:    38s[>>>>>                           ] 63/371, 8.1 task/s, elapsed: 8s, ETA:    38s[>>>>>                           ] 64/371, 8.2 task/s, elapsed: 8s, ETA:    38s[>>>>>                           ] 65/371, 8.2 task/s, elapsed: 8s, ETA:    37s[>>>>>                           ] 66/371, 8.2 task/s, elapsed: 8s, ETA:    37s[>>>>>                           ] 67/371, 8.3 task/s, elapsed: 8s, ETA:    37s[>>>>>                           ] 68/371, 8.3 task/s, elapsed: 8s, ETA:    36s[>>>>>                           ] 69/371, 8.3 task/s, elapsed: 8s, ETA:    36s[>>>>>>                          ] 70/371, 8.4 task/s, elapsed: 8s, ETA:    36s[>>>>>>                          ] 71/371, 8.4 task/s, elapsed: 8s, ETA:    36s[>>>>>>                          ] 72/371, 8.4 task/s, elapsed: 9s, ETA:    35s[>>>>>>                          ] 73/371, 8.5 task/s, elapsed: 9s, ETA:    35s[>>>>>>                          ] 74/371, 8.5 task/s, elapsed: 9s, ETA:    35s[>>>>>>                          ] 75/371, 8.5 task/s, elapsed: 9s, ETA:    35s[>>>>>>                          ] 76/371, 8.6 task/s, elapsed: 9s, ETA:    34s[>>>>>>                          ] 77/371, 8.6 task/s, elapsed: 9s, ETA:    34s[>>>>>>                          ] 78/371, 8.6 task/s, elapsed: 9s, ETA:    34s[>>>>>>                          ] 79/371, 8.7 task/s, elapsed: 9s, ETA:    34s[>>>>>>                          ] 80/371, 8.7 task/s, elapsed: 9s, ETA:    33s[>>>>>>                          ] 81/371, 8.7 task/s, elapsed: 9s, ETA:    33s[>>>>>>>                         ] 82/371, 8.8 task/s, elapsed: 9s, ETA:    33s[>>>>>>>                         ] 83/371, 8.8 task/s, elapsed: 9s, ETA:    33s[>>>>>>>                        ] 84/371, 8.8 task/s, elapsed: 10s, ETA:    33s[>>>>>>>                        ] 85/371, 8.8 task/s, elapsed: 10s, ETA:    32s[>>>>>>>                        ] 86/371, 8.9 task/s, elapsed: 10s, ETA:    32s[>>>>>>>                        ] 87/371, 8.9 task/s, elapsed: 10s, ETA:    32s[>>>>>>>                        ] 88/371, 8.9 task/s, elapsed: 10s, ETA:    32s[>>>>>>>                        ] 89/371, 8.9 task/s, elapsed: 10s, ETA:    32s[>>>>>>>                        ] 90/371, 9.0 task/s, elapsed: 10s, ETA:    31s[>>>>>>>                        ] 91/371, 9.0 task/s, elapsed: 10s, ETA:    31s[>>>>>>>                        ] 92/371, 9.0 task/s, elapsed: 10s, ETA:    31s[>>>>>>>                        ] 93/371, 9.0 task/s, elapsed: 10s, ETA:    31s[>>>>>>>                        ] 94/371, 9.1 task/s, elapsed: 10s, ETA:    31s[>>>>>>>                        ] 95/371, 9.1 task/s, elapsed: 10s, ETA:    30s[>>>>>>>>                       ] 96/371, 9.1 task/s, elapsed: 11s, ETA:    30s[>>>>>>>>                       ] 97/371, 9.1 task/s, elapsed: 11s, ETA:    30s[>>>>>>>>                       ] 98/371, 9.2 task/s, elapsed: 11s, ETA:    30s[>>>>>>>>                       ] 99/371, 9.2 task/s, elapsed: 11s, ETA:    30s[>>>>>>>>                      ] 100/371, 9.2 task/s, elapsed: 11s, ETA:    29s[>>>>>>>>                      ] 101/371, 9.2 task/s, elapsed: 11s, ETA:    29s[>>>>>>>>                      ] 102/371, 9.2 task/s, elapsed: 11s, ETA:    29s[>>>>>>>>                      ] 103/371, 9.3 task/s, elapsed: 11s, ETA:    29s[>>>>>>>>                      ] 104/371, 9.3 task/s, elapsed: 11s, ETA:    29s[>>>>>>>>                      ] 105/371, 9.3 task/s, elapsed: 11s, ETA:    29s[>>>>>>>>                      ] 106/371, 9.3 task/s, elapsed: 11s, ETA:    28s[>>>>>>>>                      ] 107/371, 9.3 task/s, elapsed: 11s, ETA:    28s[>>>>>>>>                      ] 108/371, 9.4 task/s, elapsed: 12s, ETA:    28s[>>>>>>>>                      ] 109/371, 9.4 task/s, elapsed: 12s, ETA:    28s[>>>>>>>>                      ] 110/371, 9.4 task/s, elapsed: 12s, ETA:    28s[>>>>>>>>                      ] 111/371, 9.4 task/s, elapsed: 12s, ETA:    28s[>>>>>>>>>                     ] 112/371, 9.4 task/s, elapsed: 12s, ETA:    27s[>>>>>>>>>                     ] 113/371, 9.4 task/s, elapsed: 12s, ETA:    27s[>>>>>>>>>                     ] 114/371, 9.5 task/s, elapsed: 12s, ETA:    27s[>>>>>>>>>                     ] 115/371, 9.5 task/s, elapsed: 12s, ETA:    27s[>>>>>>>>>                     ] 116/371, 9.5 task/s, elapsed: 12s, ETA:    27s[>>>>>>>>>                     ] 117/371, 9.5 task/s, elapsed: 12s, ETA:    27s[>>>>>>>>>                     ] 118/371, 9.5 task/s, elapsed: 12s, ETA:    27s[>>>>>>>>>                     ] 119/371, 9.5 task/s, elapsed: 12s, ETA:    26s[>>>>>>>>>                     ] 120/371, 9.6 task/s, elapsed: 13s, ETA:    26s[>>>>>>>>>                     ] 121/371, 9.6 task/s, elapsed: 13s, ETA:    26s[>>>>>>>>>                     ] 122/371, 9.6 task/s, elapsed: 13s, ETA:    26s[>>>>>>>>>                     ] 123/371, 9.6 task/s, elapsed: 13s, ETA:    26s[>>>>>>>>>>                    ] 124/371, 9.6 task/s, elapsed: 13s, ETA:    26s[>>>>>>>>>>                    ] 125/371, 9.6 task/s, elapsed: 13s, ETA:    26s[>>>>>>>>>>                    ] 126/371, 9.7 task/s, elapsed: 13s, ETA:    25s[>>>>>>>>>>                    ] 127/371, 9.7 task/s, elapsed: 13s, ETA:    25s[>>>>>>>>>>                    ] 128/371, 9.7 task/s, elapsed: 13s, ETA:    25s[>>>>>>>>>>                    ] 129/371, 9.7 task/s, elapsed: 13s, ETA:    25s[>>>>>>>>>>                    ] 130/371, 9.7 task/s, elapsed: 13s, ETA:    25s[>>>>>>>>>>                    ] 131/371, 9.7 task/s, elapsed: 13s, ETA:    25s[>>>>>>>>>>                    ] 132/371, 9.7 task/s, elapsed: 14s, ETA:    25s[>>>>>>>>>>                    ] 133/371, 9.8 task/s, elapsed: 14s, ETA:    24s[>>>>>>>>>>                    ] 134/371, 9.8 task/s, elapsed: 14s, ETA:    24s[>>>>>>>>>>                    ] 135/371, 9.8 task/s, elapsed: 14s, ETA:    24s[>>>>>>>>>>                    ] 136/371, 9.8 task/s, elapsed: 14s, ETA:    24s[>>>>>>>>>>>                   ] 137/371, 9.8 task/s, elapsed: 14s, ETA:    24s[>>>>>>>>>>>                   ] 138/371, 9.8 task/s, elapsed: 14s, ETA:    24s[>>>>>>>>>>>                   ] 139/371, 9.8 task/s, elapsed: 14s, ETA:    24s[>>>>>>>>>>>                   ] 140/371, 9.8 task/s, elapsed: 14s, ETA:    23s[>>>>>>>>>>>                   ] 141/371, 9.9 task/s, elapsed: 14s, ETA:    23s[>>>>>>>>>>>                   ] 142/371, 9.9 task/s, elapsed: 14s, ETA:    23s[>>>>>>>>>>>                   ] 143/371, 9.9 task/s, elapsed: 14s, ETA:    23s[>>>>>>>>>>>                   ] 144/371, 9.9 task/s, elapsed: 15s, ETA:    23s[>>>>>>>>>>>                   ] 145/371, 9.9 task/s, elapsed: 15s, ETA:    23s[>>>>>>>>>>>                   ] 146/371, 9.9 task/s, elapsed: 15s, ETA:    23s[>>>>>>>>>>>                   ] 147/371, 9.9 task/s, elapsed: 15s, ETA:    23s[>>>>>>>>>>>                   ] 148/371, 9.9 task/s, elapsed: 15s, ETA:    22s[>>>>>>>>>>>>                  ] 149/371, 9.9 task/s, elapsed: 15s, ETA:    22s[>>>>>>>>>>>                  ] 150/371, 10.0 task/s, elapsed: 15s, ETA:    22s[>>>>>>>>>>>                  ] 151/371, 10.0 task/s, elapsed: 15s, ETA:    22s[>>>>>>>>>>>                  ] 152/371, 10.0 task/s, elapsed: 15s, ETA:    22s[>>>>>>>>>>>                  ] 153/371, 10.0 task/s, elapsed: 15s, ETA:    22s[>>>>>>>>>>>>                 ] 154/371, 10.0 task/s, elapsed: 15s, ETA:    22s[>>>>>>>>>>>>                 ] 155/371, 10.0 task/s, elapsed: 15s, ETA:    22s[>>>>>>>>>>>>                 ] 156/371, 10.0 task/s, elapsed: 16s, ETA:    21s[>>>>>>>>>>>>                 ] 157/371, 10.0 task/s, elapsed: 16s, ETA:    21s[>>>>>>>>>>>>                 ] 158/371, 10.0 task/s, elapsed: 16s, ETA:    21s[>>>>>>>>>>>>                 ] 159/371, 10.1 task/s, elapsed: 16s, ETA:    21s[>>>>>>>>>>>>                 ] 160/371, 10.1 task/s, elapsed: 16s, ETA:    21s[>>>>>>>>>>>>                 ] 161/371, 10.1 task/s, elapsed: 16s, ETA:    21s[>>>>>>>>>>>>                 ] 162/371, 10.1 task/s, elapsed: 16s, ETA:    21s[>>>>>>>>>>>>                 ] 163/371, 10.1 task/s, elapsed: 16s, ETA:    21s[>>>>>>>>>>>>                 ] 164/371, 10.1 task/s, elapsed: 16s, ETA:    21s[>>>>>>>>>>>>                 ] 165/371, 10.1 task/s, elapsed: 16s, ETA:    20s[>>>>>>>>>>>>                 ] 166/371, 10.1 task/s, elapsed: 16s, ETA:    20s[>>>>>>>>>>>>>                ] 167/371, 10.1 task/s, elapsed: 17s, ETA:    20s[>>>>>>>>>>>>>                ] 168/371, 10.1 task/s, elapsed: 17s, ETA:    20s[>>>>>>>>>>>>>                ] 169/371, 10.1 task/s, elapsed: 17s, ETA:    20s[>>>>>>>>>>>>>                ] 170/371, 10.1 task/s, elapsed: 17s, ETA:    20s[>>>>>>>>>>>>>                ] 171/371, 10.2 task/s, elapsed: 17s, ETA:    20s[>>>>>>>>>>>>>                ] 172/371, 10.2 task/s, elapsed: 17s, ETA:    20s[>>>>>>>>>>>>>                ] 173/371, 10.2 task/s, elapsed: 17s, ETA:    19s[>>>>>>>>>>>>>                ] 174/371, 10.2 task/s, elapsed: 17s, ETA:    19s[>>>>>>>>>>>>>                ] 175/371, 10.2 task/s, elapsed: 17s, ETA:    19s[>>>>>>>>>>>>>                ] 176/371, 10.2 task/s, elapsed: 17s, ETA:    19s[>>>>>>>>>>>>>                ] 177/371, 10.2 task/s, elapsed: 17s, ETA:    19s[>>>>>>>>>>>>>                ] 178/371, 10.2 task/s, elapsed: 17s, ETA:    19s[>>>>>>>>>>>>>                ] 179/371, 10.2 task/s, elapsed: 18s, ETA:    19s[>>>>>>>>>>>>>>               ] 180/371, 10.2 task/s, elapsed: 18s, ETA:    19s[>>>>>>>>>>>>>>               ] 181/371, 10.2 task/s, elapsed: 18s, ETA:    19s[>>>>>>>>>>>>>>               ] 182/371, 10.2 task/s, elapsed: 18s, ETA:    18s[>>>>>>>>>>>>>>               ] 183/371, 10.3 task/s, elapsed: 18s, ETA:    18s[>>>>>>>>>>>>>>               ] 184/371, 10.3 task/s, elapsed: 18s, ETA:    18s[>>>>>>>>>>>>>>               ] 185/371, 10.3 task/s, elapsed: 18s, ETA:    18s[>>>>>>>>>>>>>>               ] 186/371, 10.3 task/s, elapsed: 18s, ETA:    18s[>>>>>>>>>>>>>>               ] 187/371, 10.3 task/s, elapsed: 18s, ETA:    18s[>>>>>>>>>>>>>>               ] 188/371, 10.3 task/s, elapsed: 18s, ETA:    18s[>>>>>>>>>>>>>>               ] 189/371, 10.3 task/s, elapsed: 18s, ETA:    18s[>>>>>>>>>>>>>>               ] 190/371, 10.3 task/s, elapsed: 18s, ETA:    18s[>>>>>>>>>>>>>>               ] 191/371, 10.3 task/s, elapsed: 19s, ETA:    17s[>>>>>>>>>>>>>>>              ] 192/371, 10.3 task/s, elapsed: 19s, ETA:    17s[>>>>>>>>>>>>>>>              ] 193/371, 10.3 task/s, elapsed: 19s, ETA:    17s[>>>>>>>>>>>>>>>              ] 194/371, 10.3 task/s, elapsed: 19s, ETA:    17s[>>>>>>>>>>>>>>>              ] 195/371, 10.3 task/s, elapsed: 19s, ETA:    17s[>>>>>>>>>>>>>>>              ] 196/371, 10.4 task/s, elapsed: 19s, ETA:    17s[>>>>>>>>>>>>>>>              ] 197/371, 10.4 task/s, elapsed: 19s, ETA:    17s[>>>>>>>>>>>>>>>              ] 198/371, 10.4 task/s, elapsed: 19s, ETA:    17s[>>>>>>>>>>>>>>>              ] 199/371, 10.4 task/s, elapsed: 19s, ETA:    17s[>>>>>>>>>>>>>>>              ] 200/371, 10.4 task/s, elapsed: 19s, ETA:    16s[>>>>>>>>>>>>>>>              ] 201/371, 10.4 task/s, elapsed: 19s, ETA:    16s[>>>>>>>>>>>>>>>              ] 202/371, 10.4 task/s, elapsed: 19s, ETA:    16s[>>>>>>>>>>>>>>>              ] 203/371, 10.4 task/s, elapsed: 20s, ETA:    16s[>>>>>>>>>>>>>>>              ] 204/371, 10.4 task/s, elapsed: 20s, ETA:    16s[>>>>>>>>>>>>>>>>             ] 205/371, 10.4 task/s, elapsed: 20s, ETA:    16s[>>>>>>>>>>>>>>>>             ] 206/371, 10.4 task/s, elapsed: 20s, ETA:    16s[>>>>>>>>>>>>>>>>             ] 207/371, 10.4 task/s, elapsed: 20s, ETA:    16s[>>>>>>>>>>>>>>>>             ] 208/371, 10.4 task/s, elapsed: 20s, ETA:    16s[>>>>>>>>>>>>>>>>             ] 209/371, 10.4 task/s, elapsed: 20s, ETA:    16s[>>>>>>>>>>>>>>>>             ] 210/371, 10.4 task/s, elapsed: 20s, ETA:    15s[>>>>>>>>>>>>>>>>             ] 211/371, 10.5 task/s, elapsed: 20s, ETA:    15s[>>>>>>>>>>>>>>>>             ] 212/371, 10.5 task/s, elapsed: 20s, ETA:    15s[>>>>>>>>>>>>>>>>             ] 213/371, 10.5 task/s, elapsed: 20s, ETA:    15s[>>>>>>>>>>>>>>>>             ] 214/371, 10.5 task/s, elapsed: 20s, ETA:    15s[>>>>>>>>>>>>>>>>             ] 215/371, 10.5 task/s, elapsed: 21s, ETA:    15s[>>>>>>>>>>>>>>>>             ] 216/371, 10.5 task/s, elapsed: 21s, ETA:    15s[>>>>>>>>>>>>>>>>             ] 217/371, 10.5 task/s, elapsed: 21s, ETA:    15s[>>>>>>>>>>>>>>>>>            ] 218/371, 10.5 task/s, elapsed: 21s, ETA:    15s[>>>>>>>>>>>>>>>>>            ] 219/371, 10.5 task/s, elapsed: 21s, ETA:    14s[>>>>>>>>>>>>>>>>>            ] 220/371, 10.5 task/s, elapsed: 21s, ETA:    14s[>>>>>>>>>>>>>>>>>            ] 221/371, 10.5 task/s, elapsed: 21s, ETA:    14s[>>>>>>>>>>>>>>>>>            ] 222/371, 10.5 task/s, elapsed: 21s, ETA:    14s[>>>>>>>>>>>>>>>>>            ] 223/371, 10.5 task/s, elapsed: 21s, ETA:    14s[>>>>>>>>>>>>>>>>>            ] 224/371, 10.5 task/s, elapsed: 21s, ETA:    14s[>>>>>>>>>>>>>>>>>            ] 225/371, 10.5 task/s, elapsed: 21s, ETA:    14s[>>>>>>>>>>>>>>>>>            ] 226/371, 10.5 task/s, elapsed: 21s, ETA:    14s[>>>>>>>>>>>>>>>>>            ] 227/371, 10.5 task/s, elapsed: 22s, ETA:    14s[>>>>>>>>>>>>>>>>>            ] 228/371, 10.6 task/s, elapsed: 22s, ETA:    14s[>>>>>>>>>>>>>>>>>            ] 229/371, 10.6 task/s, elapsed: 22s, ETA:    13s[>>>>>>>>>>>>>>>>>            ] 230/371, 10.6 task/s, elapsed: 22s, ETA:    13s[>>>>>>>>>>>>>>>>>>           ] 231/371, 10.6 task/s, elapsed: 22s, ETA:    13s[>>>>>>>>>>>>>>>>>>           ] 232/371, 10.6 task/s, elapsed: 22s, ETA:    13s[>>>>>>>>>>>>>>>>>>           ] 233/371, 10.6 task/s, elapsed: 22s, ETA:    13s[>>>>>>>>>>>>>>>>>>           ] 234/371, 10.6 task/s, elapsed: 22s, ETA:    13s[>>>>>>>>>>>>>>>>>>           ] 235/371, 10.6 task/s, elapsed: 22s, ETA:    13s[>>>>>>>>>>>>>>>>>>           ] 236/371, 10.6 task/s, elapsed: 22s, ETA:    13s[>>>>>>>>>>>>>>>>>>           ] 237/371, 10.6 task/s, elapsed: 22s, ETA:    13s[>>>>>>>>>>>>>>>>>>           ] 238/371, 10.6 task/s, elapsed: 22s, ETA:    13s[>>>>>>>>>>>>>>>>>>           ] 239/371, 10.6 task/s, elapsed: 23s, ETA:    12s[>>>>>>>>>>>>>>>>>>           ] 240/371, 10.6 task/s, elapsed: 23s, ETA:    12s[>>>>>>>>>>>>>>>>>>           ] 241/371, 10.6 task/s, elapsed: 23s, ETA:    12s[>>>>>>>>>>>>>>>>>>           ] 242/371, 10.6 task/s, elapsed: 23s, ETA:    12s[>>>>>>>>>>>>>>>>>>           ] 243/371, 10.6 task/s, elapsed: 23s, ETA:    12s[>>>>>>>>>>>>>>>>>>>          ] 244/371, 10.6 task/s, elapsed: 23s, ETA:    12s[>>>>>>>>>>>>>>>>>>>          ] 245/371, 10.6 task/s, elapsed: 23s, ETA:    12s[>>>>>>>>>>>>>>>>>>>          ] 246/371, 10.6 task/s, elapsed: 23s, ETA:    12s[>>>>>>>>>>>>>>>>>>>          ] 247/371, 10.6 task/s, elapsed: 23s, ETA:    12s[>>>>>>>>>>>>>>>>>>>          ] 248/371, 10.7 task/s, elapsed: 23s, ETA:    12s[>>>>>>>>>>>>>>>>>>>          ] 249/371, 10.7 task/s, elapsed: 23s, ETA:    11s[>>>>>>>>>>>>>>>>>>>          ] 250/371, 10.7 task/s, elapsed: 23s, ETA:    11s[>>>>>>>>>>>>>>>>>>>          ] 251/371, 10.7 task/s, elapsed: 24s, ETA:    11s[>>>>>>>>>>>>>>>>>>>          ] 252/371, 10.7 task/s, elapsed: 24s, ETA:    11s[>>>>>>>>>>>>>>>>>>>          ] 253/371, 10.7 task/s, elapsed: 24s, ETA:    11s[>>>>>>>>>>>>>>>>>>>          ] 254/371, 10.7 task/s, elapsed: 24s, ETA:    11s[>>>>>>>>>>>>>>>>>>>          ] 255/371, 10.7 task/s, elapsed: 24s, ETA:    11s[>>>>>>>>>>>>>>>>>>>>         ] 256/371, 10.7 task/s, elapsed: 24s, ETA:    11s[>>>>>>>>>>>>>>>>>>>>         ] 257/371, 10.7 task/s, elapsed: 24s, ETA:    11s[>>>>>>>>>>>>>>>>>>>>         ] 258/371, 10.7 task/s, elapsed: 24s, ETA:    11s[>>>>>>>>>>>>>>>>>>>>         ] 259/371, 10.7 task/s, elapsed: 24s, ETA:    10s[>>>>>>>>>>>>>>>>>>>>         ] 260/371, 10.7 task/s, elapsed: 24s, ETA:    10s[>>>>>>>>>>>>>>>>>>>>         ] 261/371, 10.7 task/s, elapsed: 24s, ETA:    10s[>>>>>>>>>>>>>>>>>>>>         ] 262/371, 10.7 task/s, elapsed: 24s, ETA:    10s[>>>>>>>>>>>>>>>>>>>>         ] 263/371, 10.7 task/s, elapsed: 25s, ETA:    10s[>>>>>>>>>>>>>>>>>>>>         ] 264/371, 10.7 task/s, elapsed: 25s, ETA:    10s[>>>>>>>>>>>>>>>>>>>>         ] 265/371, 10.7 task/s, elapsed: 25s, ETA:    10s[>>>>>>>>>>>>>>>>>>>>         ] 266/371, 10.7 task/s, elapsed: 25s, ETA:    10s[>>>>>>>>>>>>>>>>>>>>         ] 267/371, 10.7 task/s, elapsed: 25s, ETA:    10s[>>>>>>>>>>>>>>>>>>>>         ] 268/371, 10.7 task/s, elapsed: 25s, ETA:    10s[>>>>>>>>>>>>>>>>>>>>>        ] 269/371, 10.7 task/s, elapsed: 25s, ETA:     9s[>>>>>>>>>>>>>>>>>>>>>        ] 270/371, 10.8 task/s, elapsed: 25s, ETA:     9s[>>>>>>>>>>>>>>>>>>>>>        ] 271/371, 10.8 task/s, elapsed: 25s, ETA:     9s[>>>>>>>>>>>>>>>>>>>>>        ] 272/371, 10.8 task/s, elapsed: 25s, ETA:     9s[>>>>>>>>>>>>>>>>>>>>>        ] 273/371, 10.8 task/s, elapsed: 25s, ETA:     9s[>>>>>>>>>>>>>>>>>>>>>        ] 274/371, 10.8 task/s, elapsed: 25s, ETA:     9s[>>>>>>>>>>>>>>>>>>>>>        ] 275/371, 10.8 task/s, elapsed: 26s, ETA:     9s[>>>>>>>>>>>>>>>>>>>>>        ] 276/371, 10.8 task/s, elapsed: 26s, ETA:     9s[>>>>>>>>>>>>>>>>>>>>>        ] 277/371, 10.8 task/s, elapsed: 26s, ETA:     9s[>>>>>>>>>>>>>>>>>>>>>        ] 278/371, 10.8 task/s, elapsed: 26s, ETA:     9s[>>>>>>>>>>>>>>>>>>>>>        ] 279/371, 10.8 task/s, elapsed: 26s, ETA:     9s[>>>>>>>>>>>>>>>>>>>>>        ] 280/371, 10.8 task/s, elapsed: 26s, ETA:     8s[>>>>>>>>>>>>>>>>>>>>>        ] 281/371, 10.8 task/s, elapsed: 26s, ETA:     8s[>>>>>>>>>>>>>>>>>>>>>>       ] 282/371, 10.8 task/s, elapsed: 26s, ETA:     8s[>>>>>>>>>>>>>>>>>>>>>>       ] 283/371, 10.8 task/s, elapsed: 26s, ETA:     8s[>>>>>>>>>>>>>>>>>>>>>>       ] 284/371, 10.8 task/s, elapsed: 26s, ETA:     8s[>>>>>>>>>>>>>>>>>>>>>>       ] 285/371, 10.8 task/s, elapsed: 26s, ETA:     8s[>>>>>>>>>>>>>>>>>>>>>>       ] 286/371, 10.8 task/s, elapsed: 26s, ETA:     8s[>>>>>>>>>>>>>>>>>>>>>>       ] 287/371, 10.8 task/s, elapsed: 27s, ETA:     8s[>>>>>>>>>>>>>>>>>>>>>>       ] 288/371, 10.8 task/s, elapsed: 27s, ETA:     8s[>>>>>>>>>>>>>>>>>>>>>>       ] 289/371, 10.8 task/s, elapsed: 27s, ETA:     8s[>>>>>>>>>>>>>>>>>>>>>>       ] 290/371, 10.8 task/s, elapsed: 27s, ETA:     7s[>>>>>>>>>>>>>>>>>>>>>>       ] 291/371, 10.8 task/s, elapsed: 27s, ETA:     7s[>>>>>>>>>>>>>>>>>>>>>>       ] 292/371, 10.8 task/s, elapsed: 27s, ETA:     7s[>>>>>>>>>>>>>>>>>>>>>>       ] 293/371, 10.8 task/s, elapsed: 27s, ETA:     7s[>>>>>>>>>>>>>>>>>>>>>>       ] 294/371, 10.8 task/s, elapsed: 27s, ETA:     7s[>>>>>>>>>>>>>>>>>>>>>>>      ] 295/371, 10.8 task/s, elapsed: 27s, ETA:     7s[>>>>>>>>>>>>>>>>>>>>>>>      ] 296/371, 10.8 task/s, elapsed: 27s, ETA:     7s[>>>>>>>>>>>>>>>>>>>>>>>      ] 297/371, 10.8 task/s, elapsed: 27s, ETA:     7s[>>>>>>>>>>>>>>>>>>>>>>>      ] 298/371, 10.9 task/s, elapsed: 27s, ETA:     7s[>>>>>>>>>>>>>>>>>>>>>>>      ] 299/371, 10.9 task/s, elapsed: 28s, ETA:     7s[>>>>>>>>>>>>>>>>>>>>>>>      ] 300/371, 10.9 task/s, elapsed: 28s, ETA:     7s[>>>>>>>>>>>>>>>>>>>>>>>      ] 301/371, 10.9 task/s, elapsed: 28s, ETA:     6s[>>>>>>>>>>>>>>>>>>>>>>>      ] 302/371, 10.9 task/s, elapsed: 28s, ETA:     6s[>>>>>>>>>>>>>>>>>>>>>>>      ] 303/371, 10.9 task/s, elapsed: 28s, ETA:     6s[>>>>>>>>>>>>>>>>>>>>>>>      ] 304/371, 10.9 task/s, elapsed: 28s, ETA:     6s[>>>>>>>>>>>>>>>>>>>>>>>      ] 305/371, 10.9 task/s, elapsed: 28s, ETA:     6s[>>>>>>>>>>>>>>>>>>>>>>>      ] 306/371, 10.9 task/s, elapsed: 28s, ETA:     6s[>>>>>>>>>>>>>>>>>>>>>>>      ] 307/371, 10.9 task/s, elapsed: 28s, ETA:     6s[>>>>>>>>>>>>>>>>>>>>>>>>     ] 308/371, 10.9 task/s, elapsed: 28s, ETA:     6s[>>>>>>>>>>>>>>>>>>>>>>>>     ] 309/371, 10.9 task/s, elapsed: 28s, ETA:     6s[>>>>>>>>>>>>>>>>>>>>>>>>     ] 310/371, 10.9 task/s, elapsed: 28s, ETA:     6s[>>>>>>>>>>>>>>>>>>>>>>>>     ] 311/371, 10.9 task/s, elapsed: 29s, ETA:     6s[>>>>>>>>>>>>>>>>>>>>>>>>     ] 312/371, 10.9 task/s, elapsed: 29s, ETA:     5s[>>>>>>>>>>>>>>>>>>>>>>>>     ] 313/371, 10.9 task/s, elapsed: 29s, ETA:     5s[>>>>>>>>>>>>>>>>>>>>>>>>     ] 314/371, 10.9 task/s, elapsed: 29s, ETA:     5s[>>>>>>>>>>>>>>>>>>>>>>>>     ] 315/371, 10.9 task/s, elapsed: 29s, ETA:     5s[>>>>>>>>>>>>>>>>>>>>>>>>     ] 316/371, 10.9 task/s, elapsed: 29s, ETA:     5s[>>>>>>>>>>>>>>>>>>>>>>>>     ] 317/371, 10.9 task/s, elapsed: 29s, ETA:     5s[>>>>>>>>>>>>>>>>>>>>>>>>     ] 318/371, 10.9 task/s, elapsed: 29s, ETA:     5s[>>>>>>>>>>>>>>>>>>>>>>>>     ] 319/371, 10.9 task/s, elapsed: 29s, ETA:     5s[>>>>>>>>>>>>>>>>>>>>>>>>>    ] 320/371, 10.9 task/s, elapsed: 29s, ETA:     5s[>>>>>>>>>>>>>>>>>>>>>>>>>    ] 321/371, 10.9 task/s, elapsed: 29s, ETA:     5s[>>>>>>>>>>>>>>>>>>>>>>>>>    ] 322/371, 10.9 task/s, elapsed: 29s, ETA:     4s[>>>>>>>>>>>>>>>>>>>>>>>>>    ] 323/371, 10.9 task/s, elapsed: 30s, ETA:     4s[>>>>>>>>>>>>>>>>>>>>>>>>>    ] 324/371, 10.9 task/s, elapsed: 30s, ETA:     4s[>>>>>>>>>>>>>>>>>>>>>>>>>    ] 325/371, 10.9 task/s, elapsed: 30s, ETA:     4s[>>>>>>>>>>>>>>>>>>>>>>>>>    ] 326/371, 10.9 task/s, elapsed: 30s, ETA:     4s[>>>>>>>>>>>>>>>>>>>>>>>>>    ] 327/371, 10.9 task/s, elapsed: 30s, ETA:     4s[>>>>>>>>>>>>>>>>>>>>>>>>>    ] 328/371, 10.9 task/s, elapsed: 30s, ETA:     4s[>>>>>>>>>>>>>>>>>>>>>>>>>    ] 329/371, 10.9 task/s, elapsed: 30s, ETA:     4s[>>>>>>>>>>>>>>>>>>>>>>>>>    ] 330/371, 10.9 task/s, elapsed: 30s, ETA:     4s[>>>>>>>>>>>>>>>>>>>>>>>>>    ] 331/371, 11.0 task/s, elapsed: 30s, ETA:     4s[>>>>>>>>>>>>>>>>>>>>>>>>>    ] 332/371, 11.0 task/s, elapsed: 30s, ETA:     4s[>>>>>>>>>>>>>>>>>>>>>>>>>>   ] 333/371, 11.0 task/s, elapsed: 30s, ETA:     3s[>>>>>>>>>>>>>>>>>>>>>>>>>>   ] 334/371, 11.0 task/s, elapsed: 30s, ETA:     3s[>>>>>>>>>>>>>>>>>>>>>>>>>>   ] 335/371, 11.0 task/s, elapsed: 31s, ETA:     3s[>>>>>>>>>>>>>>>>>>>>>>>>>>   ] 336/371, 11.0 task/s, elapsed: 31s, ETA:     3s[>>>>>>>>>>>>>>>>>>>>>>>>>>   ] 337/371, 11.0 task/s, elapsed: 31s, ETA:     3s[>>>>>>>>>>>>>>>>>>>>>>>>>>   ] 338/371, 11.0 task/s, elapsed: 31s, ETA:     3s[>>>>>>>>>>>>>>>>>>>>>>>>>>   ] 339/371, 11.0 task/s, elapsed: 31s, ETA:     3s[>>>>>>>>>>>>>>>>>>>>>>>>>>   ] 340/371, 11.0 task/s, elapsed: 31s, ETA:     3s[>>>>>>>>>>>>>>>>>>>>>>>>>>   ] 341/371, 11.0 task/s, elapsed: 31s, ETA:     3s[>>>>>>>>>>>>>>>>>>>>>>>>>>   ] 342/371, 11.0 task/s, elapsed: 31s, ETA:     3s[>>>>>>>>>>>>>>>>>>>>>>>>>>   ] 343/371, 11.0 task/s, elapsed: 31s, ETA:     3s[>>>>>>>>>>>>>>>>>>>>>>>>>>   ] 344/371, 11.0 task/s, elapsed: 31s, ETA:     2s[>>>>>>>>>>>>>>>>>>>>>>>>>>   ] 345/371, 11.0 task/s, elapsed: 31s, ETA:     2s[>>>>>>>>>>>>>>>>>>>>>>>>>>>  ] 346/371, 11.0 task/s, elapsed: 31s, ETA:     2s[>>>>>>>>>>>>>>>>>>>>>>>>>>>  ] 347/371, 11.0 task/s, elapsed: 32s, ETA:     2s[>>>>>>>>>>>>>>>>>>>>>>>>>>>  ] 348/371, 11.0 task/s, elapsed: 32s, ETA:     2s[>>>>>>>>>>>>>>>>>>>>>>>>>>>  ] 349/371, 11.0 task/s, elapsed: 32s, ETA:     2s[>>>>>>>>>>>>>>>>>>>>>>>>>>>  ] 350/371, 11.0 task/s, elapsed: 32s, ETA:     2s[>>>>>>>>>>>>>>>>>>>>>>>>>>>  ] 351/371, 11.0 task/s, elapsed: 32s, ETA:     2s[>>>>>>>>>>>>>>>>>>>>>>>>>>>  ] 352/371, 11.0 task/s, elapsed: 32s, ETA:     2s[>>>>>>>>>>>>>>>>>>>>>>>>>>>  ] 353/371, 11.0 task/s, elapsed: 32s, ETA:     2s[>>>>>>>>>>>>>>>>>>>>>>>>>>>  ] 354/371, 11.0 task/s, elapsed: 32s, ETA:     2s[>>>>>>>>>>>>>>>>>>>>>>>>>>>  ] 355/371, 11.0 task/s, elapsed: 32s, ETA:     1s[>>>>>>>>>>>>>>>>>>>>>>>>>>>  ] 356/371, 11.0 task/s, elapsed: 32s, ETA:     1s[>>>>>>>>>>>>>>>>>>>>>>>>>>>  ] 357/371, 11.0 task/s, elapsed: 32s, ETA:     1s[>>>>>>>>>>>>>>>>>>>>>>>>>>>  ] 358/371, 11.0 task/s, elapsed: 32s, ETA:     1s[>>>>>>>>>>>>>>>>>>>>>>>>>>>> ] 359/371, 11.0 task/s, elapsed: 33s, ETA:     1s[>>>>>>>>>>>>>>>>>>>>>>>>>>>> ] 360/371, 11.0 task/s, elapsed: 33s, ETA:     1s[>>>>>>>>>>>>>>>>>>>>>>>>>>>> ] 361/371, 11.0 task/s, elapsed: 33s, ETA:     1s[>>>>>>>>>>>>>>>>>>>>>>>>>>>> ] 362/371, 11.0 task/s, elapsed: 33s, ETA:     1s[>>>>>>>>>>>>>>>>>>>>>>>>>>>> ] 363/371, 11.0 task/s, elapsed: 33s, ETA:     1s[>>>>>>>>>>>>>>>>>>>>>>>>>>>> ] 364/371, 11.0 task/s, elapsed: 33s, ETA:     1s[>>>>>>>>>>>>>>>>>>>>>>>>>>>> ] 365/371, 11.0 task/s, elapsed: 33s, ETA:     1s[>>>>>>>>>>>>>>>>>>>>>>>>>>>> ] 366/371, 11.0 task/s, elapsed: 33s, ETA:     0s[>>>>>>>>>>>>>>>>>>>>>>>>>>>> ] 367/371, 11.0 task/s, elapsed: 33s, ETA:     0s[>>>>>>>>>>>>>>>>>>>>>>>>>>>> ] 368/371, 11.0 task/s, elapsed: 33s, ETA:     0s[>>>>>>>>>>>>>>>>>>>>>>>>>>>> ] 369/371, 11.0 task/s, elapsed: 33s, ETA:     0s[>>>>>>>>>>>>>>>>>>>>>>>>>>>> ] 370/371, 11.0 task/s, elapsed: 33s, ETA:     0s[>>>>>>>>>>>>>>>>>>>>>>>>>>>>>] 371/371, 11.0 task/s, elapsed: 34s, ETA:     0s

2026-05-12 06:21:32,399 - mmdet - INFO - Evaluating bbox...
Loading and preparing results...
DONE (t=0.10s)
creating index...
index created!
Running per image evaluation...
Evaluate annotation type *bbox*
DONE (t=2.30s).
Accumulating evaluation results...
DONE (t=0.15s).
2026-05-12 06:21:34,976 - mmdet - INFO - 
 Average Precision  (AP) @[ IoU=0.50:0.95 | area=   all | maxDets=100 ] = 0.235
 Average Precision  (AP) @[ IoU=0.50      | area=   all | maxDets=1000 ] = 0.606
 Average Precision  (AP) @[ IoU=0.75      | area=   all | maxDets=1000 ] = 0.136
 Average Precision  (AP) @[ IoU=0.50:0.95 | area= small | maxDets=1000 ] = 0.002
 Average Precision  (AP) @[ IoU=0.50:0.95 | area=medium | maxDets=1000 ] = 0.188
 Average Precision  (AP) @[ IoU=0.50:0.95 | area= large | maxDets=1000 ] = 0.310
 Average Recall     (AR) @[ IoU=0.50:0.95 | area=   all | maxDets=100 ] = 0.371
 Average Recall     (AR) @[ IoU=0.50:0.95 | area=   all | maxDets=300 ] = 0.371
 Average Recall     (AR) @[ IoU=0.50:0.95 | area=   all | maxDets=1000 ] = 0.371
 Average Recall     (AR) @[ IoU=0.50:0.95 | area= small | maxDets=1000 ] = 0.045
 Average Recall     (AR) @[ IoU=0.50:0.95 | area=medium | maxDets=1000 ] = 0.327
 Average Recall     (AR) @[ IoU=0.50:0.95 | area= large | maxDets=1000 ] = 0.435

2026-05-12 06:21:34,982 - mmdet - INFO - Exp name: fold_1_r50_300e_hbb.py
2026-05-12 06:21:34,982 - mmdet - INFO - Epoch(val) [100][371]	bbox_mAP: 0.2350, bbox_mAP_50: 0.6060, bbox_mAP_75: 0.1360, bbox_mAP_s: 0.0020, bbox_mAP_m: 0.1880, bbox_mAP_l: 0.3100, bbox_mAP_copypaste: 0.235 0.606 0.136 0.002 0.188 0.310
2026-05-12 06:22:04,554 - mmdet - INFO - Epoch [101][50/186]	lr: 1.500e-02, eta: 4:32:11, time: 0.589, data_time: 0.083, memory: 6155, loss_rpn_cls: 0.0191, loss_rpn_bbox: 0.0037, loss_cls: 0.0903, acc: 96.5166, loss_bbox: 0.0653, loss: 0.1783, grad_norm: 1.3599
2026-05-12 06:22:30,348 - mmdet - INFO - Epoch [101][100/186]	lr: 1.500e-02, eta: 4:31:57, time: 0.518, data_time: 0.015, memory: 6155, loss_rpn_cls: 0.0173, loss_rpn_bbox: 0.0030, loss_cls: 0.0900, acc: 96.6445, loss_bbox: 0.0593, loss: 0.1696, grad_norm: 1.2866
2026-05-12 06:22:56,343 - mmdet - INFO - Epoch [101][150/186]	lr: 1.500e-02, eta: 4:31:43, time: 0.518, data_time: 0.013, memory: 6155, loss_rpn_cls: 0.0178, loss_rpn_bbox: 0.0031, loss_cls: 0.0886, acc: 96.6016, loss_bbox: 0.0567, loss: 0.1661, grad_norm: 1.2566
2026-05-12 06:23:44,613 - mmdet - INFO - Epoch [102][50/186]	lr: 1.491e-02, eta: 4:30:49, time: 0.591, data_time: 0.083, memory: 6155, loss_rpn_cls: 0.0181, loss_rpn_bbox: 0.0031, loss_cls: 0.0901, acc: 96.6885, loss_bbox: 0.0616, loss: 0.1728, grad_norm: 1.2461
2026-05-12 06:24:10,463 - mmdet - INFO - Epoch [102][100/186]	lr: 1.491e-02, eta: 4:30:34, time: 0.515, data_time: 0.013, memory: 6155, loss_rpn_cls: 0.0220, loss_rpn_bbox: 0.0034, loss_cls: 0.1035, acc: 96.0830, loss_bbox: 0.0661, loss: 0.1950, grad_norm: 1.3181
2026-05-12 06:24:36,783 - mmdet - INFO - Epoch [102][150/186]	lr: 1.491e-02, eta: 4:30:21, time: 0.528, data_time: 0.016, memory: 6155, loss_rpn_cls: 0.0165, loss_rpn_bbox: 0.0031, loss_cls: 0.0908, acc: 96.4326, loss_bbox: 0.0661, loss: 0.1766, grad_norm: 1.2936
2026-05-12 06:25:25,327 - mmdet - INFO - Epoch [103][50/186]	lr: 1.482e-02, eta: 4:29:27, time: 0.593, data_time: 0.084, memory: 6155, loss_rpn_cls: 0.0166, loss_rpn_bbox: 0.0036, loss_cls: 0.0945, acc: 96.4316, loss_bbox: 0.0659, loss: 0.1807, grad_norm: 1.3822
2026-05-12 06:25:51,089 - mmdet - INFO - Epoch [103][100/186]	lr: 1.482e-02, eta: 4:29:12, time: 0.517, data_time: 0.015, memory: 6155, loss_rpn_cls: 0.0229, loss_rpn_bbox: 0.0032, loss_cls: 0.0939, acc: 96.5488, loss_bbox: 0.0624, loss: 0.1824, grad_norm: 1.3939
2026-05-12 06:26:17,013 - mmdet - INFO - Epoch [103][150/186]	lr: 1.482e-02, eta: 4:28:58, time: 0.517, data_time: 0.013, memory: 6155, loss_rpn_cls: 0.0179, loss_rpn_bbox: 0.0039, loss_cls: 0.1001, acc: 96.0752, loss_bbox: 0.0737, loss: 0.1957, grad_norm: 1.3941
2026-05-12 06:27:05,416 - mmdet - INFO - Epoch [104][50/186]	lr: 1.473e-02, eta: 4:28:04, time: 0.591, data_time: 0.083, memory: 6155, loss_rpn_cls: 0.0160, loss_rpn_bbox: 0.0034, loss_cls: 0.0900, acc: 96.5391, loss_bbox: 0.0685, loss: 0.1780, grad_norm: 1.3120
2026-05-12 06:27:31,241 - mmdet - INFO - Epoch [104][100/186]	lr: 1.473e-02, eta: 4:27:49, time: 0.515, data_time: 0.013, memory: 6155, loss_rpn_cls: 0.0154, loss_rpn_bbox: 0.0029, loss_cls: 0.0973, acc: 96.3672, loss_bbox: 0.0682, loss: 0.1838, grad_norm: 1.3448
2026-05-12 06:27:57,262 - mmdet - INFO - Epoch [104][150/186]	lr: 1.473e-02, eta: 4:27:35, time: 0.522, data_time: 0.015, memory: 6155, loss_rpn_cls: 0.0211, loss_rpn_bbox: 0.0040, loss_cls: 0.1029, acc: 96.0449, loss_bbox: 0.0753, loss: 0.2034, grad_norm: 1.3652
2026-05-12 06:28:45,622 - mmdet - INFO - Epoch [105][50/186]	lr: 1.463e-02, eta: 4:26:42, time: 0.590, data_time: 0.083, memory: 6155, loss_rpn_cls: 0.0160, loss_rpn_bbox: 0.0032, loss_cls: 0.0938, acc: 96.2373, loss_bbox: 0.0712, loss: 0.1842, grad_norm: 1.3073
2026-05-12 06:29:11,463 - mmdet - INFO - Epoch [105][100/186]	lr: 1.463e-02, eta: 4:26:27, time: 0.519, data_time: 0.015, memory: 6155, loss_rpn_cls: 0.0172, loss_rpn_bbox: 0.0033, loss_cls: 0.0876, acc: 96.7393, loss_bbox: 0.0639, loss: 0.1720, grad_norm: 1.2587
2026-05-12 06:29:37,459 - mmdet - INFO - Epoch [105][150/186]	lr: 1.463e-02, eta: 4:26:12, time: 0.518, data_time: 0.013, memory: 6155, loss_rpn_cls: 0.0230, loss_rpn_bbox: 0.0036, loss_cls: 0.0909, acc: 96.5234, loss_bbox: 0.0639, loss: 0.1815, grad_norm: 1.2744
2026-05-12 06:30:25,853 - mmdet - INFO - Epoch [106][50/186]	lr: 1.454e-02, eta: 4:25:19, time: 0.593, data_time: 0.083, memory: 6155, loss_rpn_cls: 0.0236, loss_rpn_bbox: 0.0036, loss_cls: 0.1019, acc: 96.1094, loss_bbox: 0.0694, loss: 0.1984, grad_norm: 1.3537
2026-05-12 06:30:51,715 - mmdet - INFO - Epoch [106][100/186]	lr: 1.454e-02, eta: 4:25:04, time: 0.515, data_time: 0.013, memory: 6155, loss_rpn_cls: 0.0166, loss_rpn_bbox: 0.0031, loss_cls: 0.0905, acc: 96.5215, loss_bbox: 0.0649, loss: 0.1751, grad_norm: 1.2741
2026-05-12 06:31:17,817 - mmdet - INFO - Epoch [106][150/186]	lr: 1.454e-02, eta: 4:24:50, time: 0.524, data_time: 0.015, memory: 6155, loss_rpn_cls: 0.0171, loss_rpn_bbox: 0.0029, loss_cls: 0.0886, acc: 96.6055, loss_bbox: 0.0610, loss: 0.1697, grad_norm: 1.2425
2026-05-12 06:32:06,105 - mmdet - INFO - Epoch [107][50/186]	lr: 1.445e-02, eta: 4:23:57, time: 0.589, data_time: 0.084, memory: 6155, loss_rpn_cls: 0.0142, loss_rpn_bbox: 0.0026, loss_cls: 0.0854, acc: 96.6973, loss_bbox: 0.0589, loss: 0.1611, grad_norm: 1.1029
2026-05-12 06:32:32,014 - mmdet - INFO - Epoch [107][100/186]	lr: 1.445e-02, eta: 4:23:42, time: 0.520, data_time: 0.015, memory: 6155, loss_rpn_cls: 0.0228, loss_rpn_bbox: 0.0031, loss_cls: 0.0898, acc: 96.7002, loss_bbox: 0.0583, loss: 0.1740, grad_norm: 1.1748
2026-05-12 06:32:57,901 - mmdet - INFO - Epoch [107][150/186]	lr: 1.445e-02, eta: 4:23:27, time: 0.516, data_time: 0.013, memory: 6155, loss_rpn_cls: 0.0225, loss_rpn_bbox: 0.0032, loss_cls: 0.0922, acc: 96.5811, loss_bbox: 0.0608, loss: 0.1786, grad_norm: 1.1992
2026-05-12 06:33:46,433 - mmdet - INFO - Epoch [108][50/186]	lr: 1.435e-02, eta: 4:22:35, time: 0.595, data_time: 0.085, memory: 6155, loss_rpn_cls: 0.0185, loss_rpn_bbox: 0.0026, loss_cls: 0.0885, acc: 96.7373, loss_bbox: 0.0606, loss: 0.1702, grad_norm: 1.2191
2026-05-12 06:34:12,246 - mmdet - INFO - Epoch [108][100/186]	lr: 1.435e-02, eta: 4:22:20, time: 0.514, data_time: 0.013, memory: 6155, loss_rpn_cls: 0.0186, loss_rpn_bbox: 0.0028, loss_cls: 0.0898, acc: 96.4990, loss_bbox: 0.0629, loss: 0.1741, grad_norm: 1.1884
2026-05-12 06:34:38,413 - mmdet - INFO - Epoch [108][150/186]	lr: 1.435e-02, eta: 4:22:05, time: 0.525, data_time: 0.015, memory: 6155, loss_rpn_cls: 0.0143, loss_rpn_bbox: 0.0028, loss_cls: 0.0847, acc: 96.8076, loss_bbox: 0.0578, loss: 0.1597, grad_norm: 1.1493
2026-05-12 06:35:26,883 - mmdet - INFO - Epoch [109][50/186]	lr: 1.426e-02, eta: 4:21:13, time: 0.591, data_time: 0.084, memory: 6155, loss_rpn_cls: 0.0157, loss_rpn_bbox: 0.0025, loss_cls: 0.0869, acc: 96.6660, loss_bbox: 0.0632, loss: 0.1684, grad_norm: 1.2552
2026-05-12 06:35:52,696 - mmdet - INFO - Epoch [109][100/186]	lr: 1.426e-02, eta: 4:20:58, time: 0.518, data_time: 0.015, memory: 6155, loss_rpn_cls: 0.0227, loss_rpn_bbox: 0.0029, loss_cls: 0.0850, acc: 96.8809, loss_bbox: 0.0578, loss: 0.1683, grad_norm: 1.2189
2026-05-12 06:36:18,679 - mmdet - INFO - Epoch [109][150/186]	lr: 1.426e-02, eta: 4:20:43, time: 0.518, data_time: 0.013, memory: 6155, loss_rpn_cls: 0.0172, loss_rpn_bbox: 0.0025, loss_cls: 0.0808, acc: 96.8564, loss_bbox: 0.0537, loss: 0.1543, grad_norm: 1.1991
2026-05-12 06:37:07,000 - mmdet - INFO - Epoch [110][50/186]	lr: 1.416e-02, eta: 4:19:50, time: 0.592, data_time: 0.084, memory: 6155, loss_rpn_cls: 0.0160, loss_rpn_bbox: 0.0025, loss_cls: 0.0927, acc: 96.5117, loss_bbox: 0.0576, loss: 0.1689, grad_norm: 1.2142
2026-05-12 06:37:32,924 - mmdet - INFO - Epoch [110][100/186]	lr: 1.416e-02, eta: 4:19:35, time: 0.517, data_time: 0.013, memory: 6155, loss_rpn_cls: 0.0173, loss_rpn_bbox: 0.0024, loss_cls: 0.0800, acc: 97.0693, loss_bbox: 0.0489, loss: 0.1486, grad_norm: 1.1732
2026-05-12 06:37:58,966 - mmdet - INFO - Epoch [110][150/186]	lr: 1.416e-02, eta: 4:19:20, time: 0.523, data_time: 0.015, memory: 6155, loss_rpn_cls: 0.0180, loss_rpn_bbox: 0.0026, loss_cls: 0.0865, acc: 96.7646, loss_bbox: 0.0538, loss: 0.1609, grad_norm: 1.1480
2026-05-12 06:38:17,774 - mmdet - INFO - Saving checkpoint at 110 epochs
[                                                  ] 0/371, elapsed: 0s, ETA:[                                 ] 1/371, 0.4 task/s, elapsed: 3s, ETA:   951s[                                 ] 2/371, 0.8 task/s, elapsed: 3s, ETA:   491s[                                 ] 3/371, 1.1 task/s, elapsed: 3s, ETA:   336s[                                 ] 4/371, 1.4 task/s, elapsed: 3s, ETA:   259s[                                 ] 5/371, 1.7 task/s, elapsed: 3s, ETA:   213s[                                 ] 6/371, 2.0 task/s, elapsed: 3s, ETA:   182s[                                 ] 7/371, 2.3 task/s, elapsed: 3s, ETA:   160s[                                 ] 8/371, 2.5 task/s, elapsed: 3s, ETA:   143s[                                 ] 9/371, 2.8 task/s, elapsed: 3s, ETA:   130s[                                ] 10/371, 3.0 task/s, elapsed: 3s, ETA:   120s[                                ] 11/371, 3.2 task/s, elapsed: 3s, ETA:   112s[>                               ] 12/371, 3.4 task/s, elapsed: 3s, ETA:   105s[>                               ] 13/371, 3.6 task/s, elapsed: 4s, ETA:    99s[>                               ] 14/371, 3.8 task/s, elapsed: 4s, ETA:    93s[>                               ] 15/371, 4.0 task/s, elapsed: 4s, ETA:    89s[>                               ] 16/371, 4.2 task/s, elapsed: 4s, ETA:    85s[>                               ] 17/371, 4.3 task/s, elapsed: 4s, ETA:    81s[>                               ] 18/371, 4.5 task/s, elapsed: 4s, ETA:    78s[>                               ] 19/371, 4.7 task/s, elapsed: 4s, ETA:    76s[>                               ] 20/371, 4.8 task/s, elapsed: 4s, ETA:    73s[>                               ] 21/371, 4.9 task/s, elapsed: 4s, ETA:    71s[>                               ] 22/371, 5.1 task/s, elapsed: 4s, ETA:    69s[>                               ] 23/371, 5.2 task/s, elapsed: 4s, ETA:    67s[>>                              ] 24/371, 5.3 task/s, elapsed: 4s, ETA:    65s[>>                              ] 25/371, 5.5 task/s, elapsed: 5s, ETA:    63s[>>                              ] 26/371, 5.6 task/s, elapsed: 5s, ETA:    62s[>>                              ] 27/371, 5.7 task/s, elapsed: 5s, ETA:    61s[>>                              ] 28/371, 5.8 task/s, elapsed: 5s, ETA:    59s[>>                              ] 29/371, 5.9 task/s, elapsed: 5s, ETA:    58s[>>                              ] 30/371, 6.0 task/s, elapsed: 5s, ETA:    57s[>>                              ] 31/371, 6.1 task/s, elapsed: 5s, ETA:    56s[>>                              ] 32/371, 6.2 task/s, elapsed: 5s, ETA:    55s[>>                              ] 33/371, 6.3 task/s, elapsed: 5s, ETA:    54s[>>                              ] 34/371, 6.4 task/s, elapsed: 5s, ETA:    53s[>>>                             ] 35/371, 6.5 task/s, elapsed: 5s, ETA:    52s[>>>                             ] 36/371, 6.5 task/s, elapsed: 6s, ETA:    51s[>>>                             ] 37/371, 6.6 task/s, elapsed: 6s, ETA:    50s[>>>                             ] 38/371, 6.7 task/s, elapsed: 6s, ETA:    50s[>>>                             ] 39/371, 6.8 task/s, elapsed: 6s, ETA:    49s[>>>                             ] 40/371, 6.8 task/s, elapsed: 6s, ETA:    48s[>>>                             ] 41/371, 6.9 task/s, elapsed: 6s, ETA:    48s[>>>                             ] 42/371, 7.0 task/s, elapsed: 6s, ETA:    47s[>>>                             ] 43/371, 7.1 task/s, elapsed: 6s, ETA:    46s[>>>                             ] 44/371, 7.1 task/s, elapsed: 6s, ETA:    46s[>>>                             ] 45/371, 7.2 task/s, elapsed: 6s, ETA:    45s[>>>                             ] 46/371, 7.3 task/s, elapsed: 6s, ETA:    45s[>>>>                            ] 47/371, 7.3 task/s, elapsed: 6s, ETA:    44s[>>>>                            ] 48/371, 7.4 task/s, elapsed: 7s, ETA:    44s[>>>>                            ] 49/371, 7.4 task/s, elapsed: 7s, ETA:    43s[>>>>                            ] 50/371, 7.5 task/s, elapsed: 7s, ETA:    43s[>>>>                            ] 51/371, 7.5 task/s, elapsed: 7s, ETA:    42s[>>>>                            ] 52/371, 7.6 task/s, elapsed: 7s, ETA:    42s[>>>>                            ] 53/371, 7.7 task/s, elapsed: 7s, ETA:    42s[>>>>                            ] 54/371, 7.7 task/s, elapsed: 7s, ETA:    41s[>>>>                            ] 55/371, 7.8 task/s, elapsed: 7s, ETA:    41s[>>>>                            ] 56/371, 7.8 task/s, elapsed: 7s, ETA:    40s[>>>>                            ] 57/371, 7.8 task/s, elapsed: 7s, ETA:    40s[>>>>>                           ] 58/371, 7.9 task/s, elapsed: 7s, ETA:    40s[>>>>>                           ] 59/371, 7.9 task/s, elapsed: 7s, ETA:    39s[>>>>>                           ] 60/371, 8.0 task/s, elapsed: 8s, ETA:    39s[>>>>>                           ] 61/371, 8.0 task/s, elapsed: 8s, ETA:    39s[>>>>>                           ] 62/371, 8.1 task/s, elapsed: 8s, ETA:    38s[>>>>>                           ] 63/371, 8.1 task/s, elapsed: 8s, ETA:    38s[>>>>>                           ] 64/371, 8.2 task/s, elapsed: 8s, ETA:    38s[>>>>>                           ] 65/371, 8.2 task/s, elapsed: 8s, ETA:    37s[>>>>>                           ] 66/371, 8.2 task/s, elapsed: 8s, ETA:    37s[>>>>>                           ] 67/371, 8.3 task/s, elapsed: 8s, ETA:    37s[>>>>>                           ] 68/371, 8.3 task/s, elapsed: 8s, ETA:    36s[>>>>>                           ] 69/371, 8.3 task/s, elapsed: 8s, ETA:    36s[>>>>>>                          ] 70/371, 8.4 task/s, elapsed: 8s, ETA:    36s[>>>>>>                          ] 71/371, 8.4 task/s, elapsed: 8s, ETA:    36s[>>>>>>                          ] 72/371, 8.5 task/s, elapsed: 9s, ETA:    35s[>>>>>>                          ] 73/371, 8.5 task/s, elapsed: 9s, ETA:    35s[>>>>>>                          ] 74/371, 8.5 task/s, elapsed: 9s, ETA:    35s[>>>>>>                          ] 75/371, 8.6 task/s, elapsed: 9s, ETA:    35s[>>>>>>                          ] 76/371, 8.6 task/s, elapsed: 9s, ETA:    34s[>>>>>>                          ] 77/371, 8.6 task/s, elapsed: 9s, ETA:    34s[>>>>>>                          ] 78/371, 8.6 task/s, elapsed: 9s, ETA:    34s[>>>>>>                          ] 79/371, 8.7 task/s, elapsed: 9s, ETA:    34s[>>>>>>                          ] 80/371, 8.7 task/s, elapsed: 9s, ETA:    33s[>>>>>>                          ] 81/371, 8.7 task/s, elapsed: 9s, ETA:    33s[>>>>>>>                         ] 82/371, 8.8 task/s, elapsed: 9s, ETA:    33s[>>>>>>>                         ] 83/371, 8.8 task/s, elapsed: 9s, ETA:    33s[>>>>>>>                        ] 84/371, 8.8 task/s, elapsed: 10s, ETA:    33s[>>>>>>>                        ] 85/371, 8.8 task/s, elapsed: 10s, ETA:    32s[>>>>>>>                        ] 86/371, 8.9 task/s, elapsed: 10s, ETA:    32s[>>>>>>>                        ] 87/371, 8.9 task/s, elapsed: 10s, ETA:    32s[>>>>>>>                        ] 88/371, 8.9 task/s, elapsed: 10s, ETA:    32s[>>>>>>>                        ] 89/371, 9.0 task/s, elapsed: 10s, ETA:    32s[>>>>>>>                        ] 90/371, 9.0 task/s, elapsed: 10s, ETA:    31s[>>>>>>>                        ] 91/371, 9.0 task/s, elapsed: 10s, ETA:    31s[>>>>>>>                        ] 92/371, 9.0 task/s, elapsed: 10s, ETA:    31s[>>>>>>>                        ] 93/371, 9.1 task/s, elapsed: 10s, ETA:    31s[>>>>>>>                        ] 94/371, 9.1 task/s, elapsed: 10s, ETA:    31s[>>>>>>>                        ] 95/371, 9.1 task/s, elapsed: 10s, ETA:    30s[>>>>>>>>                       ] 96/371, 9.1 task/s, elapsed: 11s, ETA:    30s[>>>>>>>>                       ] 97/371, 9.1 task/s, elapsed: 11s, ETA:    30s[>>>>>>>>                       ] 98/371, 9.2 task/s, elapsed: 11s, ETA:    30s[>>>>>>>>                       ] 99/371, 9.2 task/s, elapsed: 11s, ETA:    30s[>>>>>>>>                      ] 100/371, 9.2 task/s, elapsed: 11s, ETA:    29s[>>>>>>>>                      ] 101/371, 9.2 task/s, elapsed: 11s, ETA:    29s[>>>>>>>>                      ] 102/371, 9.2 task/s, elapsed: 11s, ETA:    29s[>>>>>>>>                      ] 103/371, 9.3 task/s, elapsed: 11s, ETA:    29s[>>>>>>>>                      ] 104/371, 9.3 task/s, elapsed: 11s, ETA:    29s[>>>>>>>>                      ] 105/371, 9.3 task/s, elapsed: 11s, ETA:    29s[>>>>>>>>                      ] 106/371, 9.3 task/s, elapsed: 11s, ETA:    28s[>>>>>>>>                      ] 107/371, 9.3 task/s, elapsed: 11s, ETA:    28s[>>>>>>>>                      ] 108/371, 9.4 task/s, elapsed: 12s, ETA:    28s[>>>>>>>>                      ] 109/371, 9.4 task/s, elapsed: 12s, ETA:    28s[>>>>>>>>                      ] 110/371, 9.4 task/s, elapsed: 12s, ETA:    28s[>>>>>>>>                      ] 111/371, 9.4 task/s, elapsed: 12s, ETA:    28s[>>>>>>>>>                     ] 112/371, 9.4 task/s, elapsed: 12s, ETA:    27s[>>>>>>>>>                     ] 113/371, 9.5 task/s, elapsed: 12s, ETA:    27s[>>>>>>>>>                     ] 114/371, 9.5 task/s, elapsed: 12s, ETA:    27s[>>>>>>>>>                     ] 115/371, 9.5 task/s, elapsed: 12s, ETA:    27s[>>>>>>>>>                     ] 116/371, 9.5 task/s, elapsed: 12s, ETA:    27s[>>>>>>>>>                     ] 117/371, 9.5 task/s, elapsed: 12s, ETA:    27s[>>>>>>>>>                     ] 118/371, 9.5 task/s, elapsed: 12s, ETA:    27s[>>>>>>>>>                     ] 119/371, 9.6 task/s, elapsed: 12s, ETA:    26s[>>>>>>>>>                     ] 120/371, 9.6 task/s, elapsed: 13s, ETA:    26s[>>>>>>>>>                     ] 121/371, 9.6 task/s, elapsed: 13s, ETA:    26s[>>>>>>>>>                     ] 122/371, 9.6 task/s, elapsed: 13s, ETA:    26s[>>>>>>>>>                     ] 123/371, 9.6 task/s, elapsed: 13s, ETA:    26s[>>>>>>>>>>                    ] 124/371, 9.6 task/s, elapsed: 13s, ETA:    26s[>>>>>>>>>>                    ] 125/371, 9.6 task/s, elapsed: 13s, ETA:    26s[>>>>>>>>>>                    ] 126/371, 9.7 task/s, elapsed: 13s, ETA:    25s[>>>>>>>>>>                    ] 127/371, 9.7 task/s, elapsed: 13s, ETA:    25s[>>>>>>>>>>                    ] 128/371, 9.7 task/s, elapsed: 13s, ETA:    25s[>>>>>>>>>>                    ] 129/371, 9.7 task/s, elapsed: 13s, ETA:    25s[>>>>>>>>>>                    ] 130/371, 9.7 task/s, elapsed: 13s, ETA:    25s[>>>>>>>>>>                    ] 131/371, 9.7 task/s, elapsed: 13s, ETA:    25s[>>>>>>>>>>                    ] 132/371, 9.7 task/s, elapsed: 14s, ETA:    25s[>>>>>>>>>>                    ] 133/371, 9.8 task/s, elapsed: 14s, ETA:    24s[>>>>>>>>>>                    ] 134/371, 9.8 task/s, elapsed: 14s, ETA:    24s[>>>>>>>>>>                    ] 135/371, 9.8 task/s, elapsed: 14s, ETA:    24s[>>>>>>>>>>                    ] 136/371, 9.8 task/s, elapsed: 14s, ETA:    24s[>>>>>>>>>>>                   ] 137/371, 9.8 task/s, elapsed: 14s, ETA:    24s[>>>>>>>>>>>                   ] 138/371, 9.8 task/s, elapsed: 14s, ETA:    24s[>>>>>>>>>>>                   ] 139/371, 9.8 task/s, elapsed: 14s, ETA:    24s[>>>>>>>>>>>                   ] 140/371, 9.8 task/s, elapsed: 14s, ETA:    23s[>>>>>>>>>>>                   ] 141/371, 9.9 task/s, elapsed: 14s, ETA:    23s[>>>>>>>>>>>                   ] 142/371, 9.9 task/s, elapsed: 14s, ETA:    23s[>>>>>>>>>>>                   ] 143/371, 9.9 task/s, elapsed: 14s, ETA:    23s[>>>>>>>>>>>                   ] 144/371, 9.9 task/s, elapsed: 15s, ETA:    23s[>>>>>>>>>>>                   ] 145/371, 9.9 task/s, elapsed: 15s, ETA:    23s[>>>>>>>>>>>                   ] 146/371, 9.9 task/s, elapsed: 15s, ETA:    23s[>>>>>>>>>>>                   ] 147/371, 9.9 task/s, elapsed: 15s, ETA:    23s[>>>>>>>>>>>                   ] 148/371, 9.9 task/s, elapsed: 15s, ETA:    22s[>>>>>>>>>>>                  ] 149/371, 10.0 task/s, elapsed: 15s, ETA:    22s[>>>>>>>>>>>                  ] 150/371, 10.0 task/s, elapsed: 15s, ETA:    22s[>>>>>>>>>>>                  ] 151/371, 10.0 task/s, elapsed: 15s, ETA:    22s[>>>>>>>>>>>                  ] 152/371, 10.0 task/s, elapsed: 15s, ETA:    22s[>>>>>>>>>>>                  ] 153/371, 10.0 task/s, elapsed: 15s, ETA:    22s[>>>>>>>>>>>>                 ] 154/371, 10.0 task/s, elapsed: 15s, ETA:    22s[>>>>>>>>>>>>                 ] 155/371, 10.0 task/s, elapsed: 15s, ETA:    22s[>>>>>>>>>>>>                 ] 156/371, 10.0 task/s, elapsed: 16s, ETA:    21s[>>>>>>>>>>>>                 ] 157/371, 10.0 task/s, elapsed: 16s, ETA:    21s[>>>>>>>>>>>>                 ] 158/371, 10.0 task/s, elapsed: 16s, ETA:    21s[>>>>>>>>>>>>                 ] 159/371, 10.1 task/s, elapsed: 16s, ETA:    21s[>>>>>>>>>>>>                 ] 160/371, 10.1 task/s, elapsed: 16s, ETA:    21s[>>>>>>>>>>>>                 ] 161/371, 10.1 task/s, elapsed: 16s, ETA:    21s[>>>>>>>>>>>>                 ] 162/371, 10.1 task/s, elapsed: 16s, ETA:    21s[>>>>>>>>>>>>                 ] 163/371, 10.1 task/s, elapsed: 16s, ETA:    21s[>>>>>>>>>>>>                 ] 164/371, 10.1 task/s, elapsed: 16s, ETA:    20s[>>>>>>>>>>>>                 ] 165/371, 10.1 task/s, elapsed: 16s, ETA:    20s[>>>>>>>>>>>>                 ] 166/371, 10.1 task/s, elapsed: 16s, ETA:    20s[>>>>>>>>>>>>>                ] 167/371, 10.1 task/s, elapsed: 16s, ETA:    20s[>>>>>>>>>>>>>                ] 168/371, 10.1 task/s, elapsed: 17s, ETA:    20s[>>>>>>>>>>>>>                ] 169/371, 10.1 task/s, elapsed: 17s, ETA:    20s[>>>>>>>>>>>>>                ] 170/371, 10.2 task/s, elapsed: 17s, ETA:    20s[>>>>>>>>>>>>>                ] 171/371, 10.2 task/s, elapsed: 17s, ETA:    20s[>>>>>>>>>>>>>                ] 172/371, 10.2 task/s, elapsed: 17s, ETA:    20s[>>>>>>>>>>>>>                ] 173/371, 10.2 task/s, elapsed: 17s, ETA:    19s[>>>>>>>>>>>>>                ] 174/371, 10.2 task/s, elapsed: 17s, ETA:    19s[>>>>>>>>>>>>>                ] 175/371, 10.2 task/s, elapsed: 17s, ETA:    19s[>>>>>>>>>>>>>                ] 176/371, 10.2 task/s, elapsed: 17s, ETA:    19s[>>>>>>>>>>>>>                ] 177/371, 10.2 task/s, elapsed: 17s, ETA:    19s[>>>>>>>>>>>>>                ] 178/371, 10.2 task/s, elapsed: 17s, ETA:    19s[>>>>>>>>>>>>>                ] 179/371, 10.2 task/s, elapsed: 17s, ETA:    19s[>>>>>>>>>>>>>>               ] 180/371, 10.2 task/s, elapsed: 18s, ETA:    19s[>>>>>>>>>>>>>>               ] 181/371, 10.2 task/s, elapsed: 18s, ETA:    19s[>>>>>>>>>>>>>>               ] 182/371, 10.3 task/s, elapsed: 18s, ETA:    18s[>>>>>>>>>>>>>>               ] 183/371, 10.3 task/s, elapsed: 18s, ETA:    18s[>>>>>>>>>>>>>>               ] 184/371, 10.3 task/s, elapsed: 18s, ETA:    18s[>>>>>>>>>>>>>>               ] 185/371, 10.3 task/s, elapsed: 18s, ETA:    18s[>>>>>>>>>>>>>>               ] 186/371, 10.3 task/s, elapsed: 18s, ETA:    18s[>>>>>>>>>>>>>>               ] 187/371, 10.3 task/s, elapsed: 18s, ETA:    18s[>>>>>>>>>>>>>>               ] 188/371, 10.3 task/s, elapsed: 18s, ETA:    18s[>>>>>>>>>>>>>>               ] 189/371, 10.3 task/s, elapsed: 18s, ETA:    18s[>>>>>>>>>>>>>>               ] 190/371, 10.3 task/s, elapsed: 18s, ETA:    18s[>>>>>>>>>>>>>>               ] 191/371, 10.3 task/s, elapsed: 18s, ETA:    17s[>>>>>>>>>>>>>>>              ] 192/371, 10.3 task/s, elapsed: 19s, ETA:    17s[>>>>>>>>>>>>>>>              ] 193/371, 10.3 task/s, elapsed: 19s, ETA:    17s[>>>>>>>>>>>>>>>              ] 194/371, 10.3 task/s, elapsed: 19s, ETA:    17s[>>>>>>>>>>>>>>>              ] 195/371, 10.4 task/s, elapsed: 19s, ETA:    17s[>>>>>>>>>>>>>>>              ] 196/371, 10.4 task/s, elapsed: 19s, ETA:    17s[>>>>>>>>>>>>>>>              ] 197/371, 10.4 task/s, elapsed: 19s, ETA:    17s[>>>>>>>>>>>>>>>              ] 198/371, 10.4 task/s, elapsed: 19s, ETA:    17s[>>>>>>>>>>>>>>>              ] 199/371, 10.4 task/s, elapsed: 19s, ETA:    17s[>>>>>>>>>>>>>>>              ] 200/371, 10.4 task/s, elapsed: 19s, ETA:    16s[>>>>>>>>>>>>>>>              ] 201/371, 10.4 task/s, elapsed: 19s, ETA:    16s[>>>>>>>>>>>>>>>              ] 202/371, 10.4 task/s, elapsed: 19s, ETA:    16s[>>>>>>>>>>>>>>>              ] 203/371, 10.4 task/s, elapsed: 20s, ETA:    16s[>>>>>>>>>>>>>>>              ] 204/371, 10.4 task/s, elapsed: 20s, ETA:    16s[>>>>>>>>>>>>>>>>             ] 205/371, 10.4 task/s, elapsed: 20s, ETA:    16s[>>>>>>>>>>>>>>>>             ] 206/371, 10.4 task/s, elapsed: 20s, ETA:    16s[>>>>>>>>>>>>>>>>             ] 207/371, 10.4 task/s, elapsed: 20s, ETA:    16s[>>>>>>>>>>>>>>>>             ] 208/371, 10.4 task/s, elapsed: 20s, ETA:    16s[>>>>>>>>>>>>>>>>             ] 209/371, 10.4 task/s, elapsed: 20s, ETA:    16s[>>>>>>>>>>>>>>>>             ] 210/371, 10.5 task/s, elapsed: 20s, ETA:    15s[>>>>>>>>>>>>>>>>             ] 211/371, 10.5 task/s, elapsed: 20s, ETA:    15s[>>>>>>>>>>>>>>>>             ] 212/371, 10.5 task/s, elapsed: 20s, ETA:    15s[>>>>>>>>>>>>>>>>             ] 213/371, 10.5 task/s, elapsed: 20s, ETA:    15s[>>>>>>>>>>>>>>>>             ] 214/371, 10.5 task/s, elapsed: 20s, ETA:    15s[>>>>>>>>>>>>>>>>             ] 215/371, 10.5 task/s, elapsed: 21s, ETA:    15s[>>>>>>>>>>>>>>>>             ] 216/371, 10.5 task/s, elapsed: 21s, ETA:    15s[>>>>>>>>>>>>>>>>             ] 217/371, 10.5 task/s, elapsed: 21s, ETA:    15s[>>>>>>>>>>>>>>>>>            ] 218/371, 10.5 task/s, elapsed: 21s, ETA:    15s[>>>>>>>>>>>>>>>>>            ] 219/371, 10.5 task/s, elapsed: 21s, ETA:    14s[>>>>>>>>>>>>>>>>>            ] 220/371, 10.5 task/s, elapsed: 21s, ETA:    14s[>>>>>>>>>>>>>>>>>            ] 221/371, 10.5 task/s, elapsed: 21s, ETA:    14s[>>>>>>>>>>>>>>>>>            ] 222/371, 10.5 task/s, elapsed: 21s, ETA:    14s[>>>>>>>>>>>>>>>>>            ] 223/371, 10.5 task/s, elapsed: 21s, ETA:    14s[>>>>>>>>>>>>>>>>>            ] 224/371, 10.5 task/s, elapsed: 21s, ETA:    14s[>>>>>>>>>>>>>>>>>            ] 225/371, 10.5 task/s, elapsed: 21s, ETA:    14s[>>>>>>>>>>>>>>>>>            ] 226/371, 10.5 task/s, elapsed: 21s, ETA:    14s[>>>>>>>>>>>>>>>>>            ] 227/371, 10.5 task/s, elapsed: 22s, ETA:    14s[>>>>>>>>>>>>>>>>>            ] 228/371, 10.5 task/s, elapsed: 22s, ETA:    14s[>>>>>>>>>>>>>>>>>            ] 229/371, 10.6 task/s, elapsed: 22s, ETA:    13s[>>>>>>>>>>>>>>>>>            ] 230/371, 10.6 task/s, elapsed: 22s, ETA:    13s[>>>>>>>>>>>>>>>>>>           ] 231/371, 10.6 task/s, elapsed: 22s, ETA:    13s[>>>>>>>>>>>>>>>>>>           ] 232/371, 10.6 task/s, elapsed: 22s, ETA:    13s[>>>>>>>>>>>>>>>>>>           ] 233/371, 10.6 task/s, elapsed: 22s, ETA:    13s[>>>>>>>>>>>>>>>>>>           ] 234/371, 10.6 task/s, elapsed: 22s, ETA:    13s[>>>>>>>>>>>>>>>>>>           ] 235/371, 10.6 task/s, elapsed: 22s, ETA:    13s[>>>>>>>>>>>>>>>>>>           ] 236/371, 10.6 task/s, elapsed: 22s, ETA:    13s[>>>>>>>>>>>>>>>>>>           ] 237/371, 10.6 task/s, elapsed: 22s, ETA:    13s[>>>>>>>>>>>>>>>>>>           ] 238/371, 10.6 task/s, elapsed: 22s, ETA:    13s[>>>>>>>>>>>>>>>>>>           ] 239/371, 10.6 task/s, elapsed: 23s, ETA:    12s[>>>>>>>>>>>>>>>>>>           ] 240/371, 10.6 task/s, elapsed: 23s, ETA:    12s[>>>>>>>>>>>>>>>>>>           ] 241/371, 10.6 task/s, elapsed: 23s, ETA:    12s[>>>>>>>>>>>>>>>>>>           ] 242/371, 10.6 task/s, elapsed: 23s, ETA:    12s[>>>>>>>>>>>>>>>>>>           ] 243/371, 10.6 task/s, elapsed: 23s, ETA:    12s[>>>>>>>>>>>>>>>>>>>          ] 244/371, 10.6 task/s, elapsed: 23s, ETA:    12s[>>>>>>>>>>>>>>>>>>>          ] 245/371, 10.6 task/s, elapsed: 23s, ETA:    12s[>>>>>>>>>>>>>>>>>>>          ] 246/371, 10.6 task/s, elapsed: 23s, ETA:    12s[>>>>>>>>>>>>>>>>>>>          ] 247/371, 10.6 task/s, elapsed: 23s, ETA:    12s[>>>>>>>>>>>>>>>>>>>          ] 248/371, 10.6 task/s, elapsed: 23s, ETA:    12s[>>>>>>>>>>>>>>>>>>>          ] 249/371, 10.7 task/s, elapsed: 23s, ETA:    11s[>>>>>>>>>>>>>>>>>>>          ] 250/371, 10.7 task/s, elapsed: 23s, ETA:    11s[>>>>>>>>>>>>>>>>>>>          ] 251/371, 10.7 task/s, elapsed: 24s, ETA:    11s[>>>>>>>>>>>>>>>>>>>          ] 252/371, 10.7 task/s, elapsed: 24s, ETA:    11s[>>>>>>>>>>>>>>>>>>>          ] 253/371, 10.7 task/s, elapsed: 24s, ETA:    11s[>>>>>>>>>>>>>>>>>>>          ] 254/371, 10.7 task/s, elapsed: 24s, ETA:    11s[>>>>>>>>>>>>>>>>>>>          ] 255/371, 10.7 task/s, elapsed: 24s, ETA:    11s[>>>>>>>>>>>>>>>>>>>>         ] 256/371, 10.7 task/s, elapsed: 24s, ETA:    11s[>>>>>>>>>>>>>>>>>>>>         ] 257/371, 10.7 task/s, elapsed: 24s, ETA:    11s[>>>>>>>>>>>>>>>>>>>>         ] 258/371, 10.7 task/s, elapsed: 24s, ETA:    11s[>>>>>>>>>>>>>>>>>>>>         ] 259/371, 10.7 task/s, elapsed: 24s, ETA:    10s[>>>>>>>>>>>>>>>>>>>>         ] 260/371, 10.7 task/s, elapsed: 24s, ETA:    10s[>>>>>>>>>>>>>>>>>>>>         ] 261/371, 10.7 task/s, elapsed: 24s, ETA:    10s[>>>>>>>>>>>>>>>>>>>>         ] 262/371, 10.7 task/s, elapsed: 24s, ETA:    10s[>>>>>>>>>>>>>>>>>>>>         ] 263/371, 10.7 task/s, elapsed: 25s, ETA:    10s[>>>>>>>>>>>>>>>>>>>>         ] 264/371, 10.7 task/s, elapsed: 25s, ETA:    10s[>>>>>>>>>>>>>>>>>>>>         ] 265/371, 10.7 task/s, elapsed: 25s, ETA:    10s[>>>>>>>>>>>>>>>>>>>>         ] 266/371, 10.7 task/s, elapsed: 25s, ETA:    10s[>>>>>>>>>>>>>>>>>>>>         ] 267/371, 10.7 task/s, elapsed: 25s, ETA:    10s[>>>>>>>>>>>>>>>>>>>>         ] 268/371, 10.7 task/s, elapsed: 25s, ETA:    10s[>>>>>>>>>>>>>>>>>>>>>        ] 269/371, 10.7 task/s, elapsed: 25s, ETA:    10s[>>>>>>>>>>>>>>>>>>>>>        ] 270/371, 10.7 task/s, elapsed: 25s, ETA:     9s[>>>>>>>>>>>>>>>>>>>>>        ] 271/371, 10.7 task/s, elapsed: 25s, ETA:     9s[>>>>>>>>>>>>>>>>>>>>>        ] 272/371, 10.7 task/s, elapsed: 25s, ETA:     9s[>>>>>>>>>>>>>>>>>>>>>        ] 273/371, 10.8 task/s, elapsed: 25s, ETA:     9s[>>>>>>>>>>>>>>>>>>>>>        ] 274/371, 10.8 task/s, elapsed: 25s, ETA:     9s[>>>>>>>>>>>>>>>>>>>>>        ] 275/371, 10.8 task/s, elapsed: 26s, ETA:     9s[>>>>>>>>>>>>>>>>>>>>>        ] 276/371, 10.8 task/s, elapsed: 26s, ETA:     9s[>>>>>>>>>>>>>>>>>>>>>        ] 277/371, 10.8 task/s, elapsed: 26s, ETA:     9s[>>>>>>>>>>>>>>>>>>>>>        ] 278/371, 10.8 task/s, elapsed: 26s, ETA:     9s[>>>>>>>>>>>>>>>>>>>>>        ] 279/371, 10.8 task/s, elapsed: 26s, ETA:     9s[>>>>>>>>>>>>>>>>>>>>>        ] 280/371, 10.8 task/s, elapsed: 26s, ETA:     8s[>>>>>>>>>>>>>>>>>>>>>        ] 281/371, 10.8 task/s, elapsed: 26s, ETA:     8s[>>>>>>>>>>>>>>>>>>>>>>       ] 282/371, 10.8 task/s, elapsed: 26s, ETA:     8s[>>>>>>>>>>>>>>>>>>>>>>       ] 283/371, 10.8 task/s, elapsed: 26s, ETA:     8s[>>>>>>>>>>>>>>>>>>>>>>       ] 284/371, 10.8 task/s, elapsed: 26s, ETA:     8s[>>>>>>>>>>>>>>>>>>>>>>       ] 285/371, 10.8 task/s, elapsed: 26s, ETA:     8s[>>>>>>>>>>>>>>>>>>>>>>       ] 286/371, 10.8 task/s, elapsed: 26s, ETA:     8s[>>>>>>>>>>>>>>>>>>>>>>       ] 287/371, 10.8 task/s, elapsed: 27s, ETA:     8s[>>>>>>>>>>>>>>>>>>>>>>       ] 288/371, 10.8 task/s, elapsed: 27s, ETA:     8s[>>>>>>>>>>>>>>>>>>>>>>       ] 289/371, 10.8 task/s, elapsed: 27s, ETA:     8s[>>>>>>>>>>>>>>>>>>>>>>       ] 290/371, 10.8 task/s, elapsed: 27s, ETA:     7s[>>>>>>>>>>>>>>>>>>>>>>       ] 291/371, 10.8 task/s, elapsed: 27s, ETA:     7s[>>>>>>>>>>>>>>>>>>>>>>       ] 292/371, 10.8 task/s, elapsed: 27s, ETA:     7s[>>>>>>>>>>>>>>>>>>>>>>       ] 293/371, 10.8 task/s, elapsed: 27s, ETA:     7s[>>>>>>>>>>>>>>>>>>>>>>       ] 294/371, 10.8 task/s, elapsed: 27s, ETA:     7s[>>>>>>>>>>>>>>>>>>>>>>>      ] 295/371, 10.8 task/s, elapsed: 27s, ETA:     7s[>>>>>>>>>>>>>>>>>>>>>>>      ] 296/371, 10.8 task/s, elapsed: 27s, ETA:     7s[>>>>>>>>>>>>>>>>>>>>>>>      ] 297/371, 10.8 task/s, elapsed: 27s, ETA:     7s[>>>>>>>>>>>>>>>>>>>>>>>      ] 298/371, 10.8 task/s, elapsed: 27s, ETA:     7s[>>>>>>>>>>>>>>>>>>>>>>>      ] 299/371, 10.8 task/s, elapsed: 28s, ETA:     7s[>>>>>>>>>>>>>>>>>>>>>>>      ] 300/371, 10.8 task/s, elapsed: 28s, ETA:     7s[>>>>>>>>>>>>>>>>>>>>>>>      ] 301/371, 10.8 task/s, elapsed: 28s, ETA:     6s[>>>>>>>>>>>>>>>>>>>>>>>      ] 302/371, 10.8 task/s, elapsed: 28s, ETA:     6s[>>>>>>>>>>>>>>>>>>>>>>>      ] 303/371, 10.9 task/s, elapsed: 28s, ETA:     6s[>>>>>>>>>>>>>>>>>>>>>>>      ] 304/371, 10.9 task/s, elapsed: 28s, ETA:     6s[>>>>>>>>>>>>>>>>>>>>>>>      ] 305/371, 10.9 task/s, elapsed: 28s, ETA:     6s[>>>>>>>>>>>>>>>>>>>>>>>      ] 306/371, 10.9 task/s, elapsed: 28s, ETA:     6s[>>>>>>>>>>>>>>>>>>>>>>>      ] 307/371, 10.9 task/s, elapsed: 28s, ETA:     6s[>>>>>>>>>>>>>>>>>>>>>>>>     ] 308/371, 10.9 task/s, elapsed: 28s, ETA:     6s[>>>>>>>>>>>>>>>>>>>>>>>>     ] 309/371, 10.9 task/s, elapsed: 28s, ETA:     6s[>>>>>>>>>>>>>>>>>>>>>>>>     ] 310/371, 10.9 task/s, elapsed: 29s, ETA:     6s[>>>>>>>>>>>>>>>>>>>>>>>>     ] 311/371, 10.9 task/s, elapsed: 29s, ETA:     6s[>>>>>>>>>>>>>>>>>>>>>>>>     ] 312/371, 10.9 task/s, elapsed: 29s, ETA:     5s[>>>>>>>>>>>>>>>>>>>>>>>>     ] 313/371, 10.9 task/s, elapsed: 29s, ETA:     5s[>>>>>>>>>>>>>>>>>>>>>>>>     ] 314/371, 10.9 task/s, elapsed: 29s, ETA:     5s[>>>>>>>>>>>>>>>>>>>>>>>>     ] 315/371, 10.9 task/s, elapsed: 29s, ETA:     5s[>>>>>>>>>>>>>>>>>>>>>>>>     ] 316/371, 10.9 task/s, elapsed: 29s, ETA:     5s[>>>>>>>>>>>>>>>>>>>>>>>>     ] 317/371, 10.9 task/s, elapsed: 29s, ETA:     5s[>>>>>>>>>>>>>>>>>>>>>>>>     ] 318/371, 10.9 task/s, elapsed: 29s, ETA:     5s[>>>>>>>>>>>>>>>>>>>>>>>>     ] 319/371, 10.9 task/s, elapsed: 29s, ETA:     5s[>>>>>>>>>>>>>>>>>>>>>>>>>    ] 320/371, 10.9 task/s, elapsed: 29s, ETA:     5s[>>>>>>>>>>>>>>>>>>>>>>>>>    ] 321/371, 10.9 task/s, elapsed: 29s, ETA:     5s[>>>>>>>>>>>>>>>>>>>>>>>>>    ] 322/371, 10.9 task/s, elapsed: 30s, ETA:     4s[>>>>>>>>>>>>>>>>>>>>>>>>>    ] 323/371, 10.9 task/s, elapsed: 30s, ETA:     4s[>>>>>>>>>>>>>>>>>>>>>>>>>    ] 324/371, 10.9 task/s, elapsed: 30s, ETA:     4s[>>>>>>>>>>>>>>>>>>>>>>>>>    ] 325/371, 10.9 task/s, elapsed: 30s, ETA:     4s[>>>>>>>>>>>>>>>>>>>>>>>>>    ] 326/371, 10.9 task/s, elapsed: 30s, ETA:     4s[>>>>>>>>>>>>>>>>>>>>>>>>>    ] 327/371, 10.9 task/s, elapsed: 30s, ETA:     4s[>>>>>>>>>>>>>>>>>>>>>>>>>    ] 328/371, 10.9 task/s, elapsed: 30s, ETA:     4s[>>>>>>>>>>>>>>>>>>>>>>>>>    ] 329/371, 10.9 task/s, elapsed: 30s, ETA:     4s[>>>>>>>>>>>>>>>>>>>>>>>>>    ] 330/371, 10.9 task/s, elapsed: 30s, ETA:     4s[>>>>>>>>>>>>>>>>>>>>>>>>>    ] 331/371, 10.9 task/s, elapsed: 30s, ETA:     4s[>>>>>>>>>>>>>>>>>>>>>>>>>    ] 332/371, 10.9 task/s, elapsed: 30s, ETA:     4s[>>>>>>>>>>>>>>>>>>>>>>>>>>   ] 333/371, 10.9 task/s, elapsed: 30s, ETA:     3s[>>>>>>>>>>>>>>>>>>>>>>>>>>   ] 334/371, 10.9 task/s, elapsed: 31s, ETA:     3s[>>>>>>>>>>>>>>>>>>>>>>>>>>   ] 335/371, 10.9 task/s, elapsed: 31s, ETA:     3s[>>>>>>>>>>>>>>>>>>>>>>>>>>   ] 336/371, 10.9 task/s, elapsed: 31s, ETA:     3s[>>>>>>>>>>>>>>>>>>>>>>>>>>   ] 337/371, 11.0 task/s, elapsed: 31s, ETA:     3s[>>>>>>>>>>>>>>>>>>>>>>>>>>   ] 338/371, 11.0 task/s, elapsed: 31s, ETA:     3s[>>>>>>>>>>>>>>>>>>>>>>>>>>   ] 339/371, 11.0 task/s, elapsed: 31s, ETA:     3s[>>>>>>>>>>>>>>>>>>>>>>>>>>   ] 340/371, 11.0 task/s, elapsed: 31s, ETA:     3s[>>>>>>>>>>>>>>>>>>>>>>>>>>   ] 341/371, 11.0 task/s, elapsed: 31s, ETA:     3s[>>>>>>>>>>>>>>>>>>>>>>>>>>   ] 342/371, 11.0 task/s, elapsed: 31s, ETA:     3s[>>>>>>>>>>>>>>>>>>>>>>>>>>   ] 343/371, 11.0 task/s, elapsed: 31s, ETA:     3s[>>>>>>>>>>>>>>>>>>>>>>>>>>   ] 344/371, 11.0 task/s, elapsed: 31s, ETA:     2s[>>>>>>>>>>>>>>>>>>>>>>>>>>   ] 345/371, 11.0 task/s, elapsed: 31s, ETA:     2s[>>>>>>>>>>>>>>>>>>>>>>>>>>>  ] 346/371, 11.0 task/s, elapsed: 32s, ETA:     2s[>>>>>>>>>>>>>>>>>>>>>>>>>>>  ] 347/371, 11.0 task/s, elapsed: 32s, ETA:     2s[>>>>>>>>>>>>>>>>>>>>>>>>>>>  ] 348/371, 11.0 task/s, elapsed: 32s, ETA:     2s[>>>>>>>>>>>>>>>>>>>>>>>>>>>  ] 349/371, 11.0 task/s, elapsed: 32s, ETA:     2s[>>>>>>>>>>>>>>>>>>>>>>>>>>>  ] 350/371, 11.0 task/s, elapsed: 32s, ETA:     2s[>>>>>>>>>>>>>>>>>>>>>>>>>>>  ] 351/371, 11.0 task/s, elapsed: 32s, ETA:     2s[>>>>>>>>>>>>>>>>>>>>>>>>>>>  ] 352/371, 11.0 task/s, elapsed: 32s, ETA:     2s[>>>>>>>>>>>>>>>>>>>>>>>>>>>  ] 353/371, 11.0 task/s, elapsed: 32s, ETA:     2s[>>>>>>>>>>>>>>>>>>>>>>>>>>>  ] 354/371, 11.0 task/s, elapsed: 32s, ETA:     2s[>>>>>>>>>>>>>>>>>>>>>>>>>>>  ] 355/371, 11.0 task/s, elapsed: 32s, ETA:     1s[>>>>>>>>>>>>>>>>>>>>>>>>>>>  ] 356/371, 11.0 task/s, elapsed: 32s, ETA:     1s[>>>>>>>>>>>>>>>>>>>>>>>>>>>  ] 357/371, 11.0 task/s, elapsed: 32s, ETA:     1s[>>>>>>>>>>>>>>>>>>>>>>>>>>>  ] 358/371, 11.0 task/s, elapsed: 33s, ETA:     1s[>>>>>>>>>>>>>>>>>>>>>>>>>>>> ] 359/371, 11.0 task/s, elapsed: 33s, ETA:     1s[>>>>>>>>>>>>>>>>>>>>>>>>>>>> ] 360/371, 11.0 task/s, elapsed: 33s, ETA:     1s[>>>>>>>>>>>>>>>>>>>>>>>>>>>> ] 361/371, 11.0 task/s, elapsed: 33s, ETA:     1s[>>>>>>>>>>>>>>>>>>>>>>>>>>>> ] 362/371, 11.0 task/s, elapsed: 33s, ETA:     1s[>>>>>>>>>>>>>>>>>>>>>>>>>>>> ] 363/371, 11.0 task/s, elapsed: 33s, ETA:     1s[>>>>>>>>>>>>>>>>>>>>>>>>>>>> ] 364/371, 11.0 task/s, elapsed: 33s, ETA:     1s[>>>>>>>>>>>>>>>>>>>>>>>>>>>> ] 365/371, 11.0 task/s, elapsed: 33s, ETA:     1s[>>>>>>>>>>>>>>>>>>>>>>>>>>>> ] 366/371, 11.0 task/s, elapsed: 33s, ETA:     0s[>>>>>>>>>>>>>>>>>>>>>>>>>>>> ] 367/371, 11.0 task/s, elapsed: 33s, ETA:     0s[>>>>>>>>>>>>>>>>>>>>>>>>>>>> ] 368/371, 11.0 task/s, elapsed: 33s, ETA:     0s[>>>>>>>>>>>>>>>>>>>>>>>>>>>> ] 369/371, 11.0 task/s, elapsed: 33s, ETA:     0s[>>>>>>>>>>>>>>>>>>>>>>>>>>>> ] 370/371, 11.0 task/s, elapsed: 34s, ETA:     0s[>>>>>>>>>>>>>>>>>>>>>>>>>>>>>] 371/371, 11.0 task/s, elapsed: 34s, ETA:     0s

2026-05-12 06:38:53,310 - mmdet - INFO - Evaluating bbox...
Loading and preparing results...
DONE (t=0.01s)
creating index...
index created!
Running per image evaluation...
Evaluate annotation type *bbox*
DONE (t=2.11s).
Accumulating evaluation results...
DONE (t=0.13s).
2026-05-12 06:38:55,578 - mmdet - INFO - 
 Average Precision  (AP) @[ IoU=0.50:0.95 | area=   all | maxDets=100 ] = 0.257
 Average Precision  (AP) @[ IoU=0.50      | area=   all | maxDets=1000 ] = 0.662
 Average Precision  (AP) @[ IoU=0.75      | area=   all | maxDets=1000 ] = 0.129
 Average Precision  (AP) @[ IoU=0.50:0.95 | area= small | maxDets=1000 ] = 0.008
 Average Precision  (AP) @[ IoU=0.50:0.95 | area=medium | maxDets=1000 ] = 0.205
 Average Precision  (AP) @[ IoU=0.50:0.95 | area= large | maxDets=1000 ] = 0.327
 Average Recall     (AR) @[ IoU=0.50:0.95 | area=   all | maxDets=100 ] = 0.381
 Average Recall     (AR) @[ IoU=0.50:0.95 | area=   all | maxDets=300 ] = 0.381
 Average Recall     (AR) @[ IoU=0.50:0.95 | area=   all | maxDets=1000 ] = 0.381
 Average Recall     (AR) @[ IoU=0.50:0.95 | area= small | maxDets=1000 ] = 0.038
 Average Recall     (AR) @[ IoU=0.50:0.95 | area=medium | maxDets=1000 ] = 0.328
 Average Recall     (AR) @[ IoU=0.50:0.95 | area= large | maxDets=1000 ] = 0.458

2026-05-12 06:38:55,704 - mmdet - INFO - The previous best checkpoint /home/ahmadreza/Downloads/Research/M2SODAI/baseline_official/runs_r50_hbb/r50_hbb_fold_1_20260512/best_bbox_mAP_epoch_80.pth was removed
2026-05-12 06:38:57,215 - mmdet - INFO - Now best checkpoint is saved as best_bbox_mAP_epoch_110.pth.
2026-05-12 06:38:57,216 - mmdet - INFO - Best bbox_mAP is 0.2570 at 110 epoch.
2026-05-12 06:38:57,216 - mmdet - INFO - Exp name: fold_1_r50_300e_hbb.py
2026-05-12 06:38:57,216 - mmdet - INFO - Epoch(val) [110][371]	bbox_mAP: 0.2570, bbox_mAP_50: 0.6620, bbox_mAP_75: 0.1290, bbox_mAP_s: 0.0080, bbox_mAP_m: 0.2050, bbox_mAP_l: 0.3270, bbox_mAP_copypaste: 0.257 0.662 0.129 0.008 0.205 0.327
2026-05-12 06:39:26,757 - mmdet - INFO - Epoch [111][50/186]	lr: 1.407e-02, eta: 4:18:28, time: 0.589, data_time: 0.083, memory: 6155, loss_rpn_cls: 0.0187, loss_rpn_bbox: 0.0026, loss_cls: 0.0792, acc: 97.0654, loss_bbox: 0.0502, loss: 0.1507, grad_norm: 1.1210
2026-05-12 06:39:52,615 - mmdet - INFO - Epoch [111][100/186]	lr: 1.407e-02, eta: 4:18:13, time: 0.519, data_time: 0.015, memory: 6155, loss_rpn_cls: 0.0183, loss_rpn_bbox: 0.0025, loss_cls: 0.0836, acc: 96.9678, loss_bbox: 0.0515, loss: 0.1559, grad_norm: 1.1224
2026-05-12 06:40:18,520 - mmdet - INFO - Epoch [111][150/186]	lr: 1.407e-02, eta: 4:17:57, time: 0.516, data_time: 0.013, memory: 6155, loss_rpn_cls: 0.0162, loss_rpn_bbox: 0.0032, loss_cls: 0.0899, acc: 96.5869, loss_bbox: 0.0569, loss: 0.1662, grad_norm: 1.1467
2026-05-12 06:41:06,956 - mmdet - INFO - Epoch [112][50/186]	lr: 1.397e-02, eta: 4:17:06, time: 0.593, data_time: 0.084, memory: 6155, loss_rpn_cls: 0.0176, loss_rpn_bbox: 0.0024, loss_cls: 0.0840, acc: 96.9102, loss_bbox: 0.0527, loss: 0.1567, grad_norm: 1.1180
2026-05-12 06:41:32,863 - mmdet - INFO - Epoch [112][100/186]	lr: 1.397e-02, eta: 4:16:50, time: 0.516, data_time: 0.013, memory: 6155, loss_rpn_cls: 0.0211, loss_rpn_bbox: 0.0029, loss_cls: 0.0850, acc: 96.7725, loss_bbox: 0.0595, loss: 0.1685, grad_norm: 1.1207
2026-05-12 06:41:58,799 - mmdet - INFO - Epoch [112][150/186]	lr: 1.397e-02, eta: 4:16:35, time: 0.521, data_time: 0.015, memory: 6155, loss_rpn_cls: 0.0158, loss_rpn_bbox: 0.0027, loss_cls: 0.0749, acc: 97.2002, loss_bbox: 0.0505, loss: 0.1438, grad_norm: 1.0934
2026-05-12 06:42:47,053 - mmdet - INFO - Epoch [113][50/186]	lr: 1.388e-02, eta: 4:15:43, time: 0.588, data_time: 0.083, memory: 6155, loss_rpn_cls: 0.0186, loss_rpn_bbox: 0.0030, loss_cls: 0.0850, acc: 96.8984, loss_bbox: 0.0566, loss: 0.1632, grad_norm: 1.0701
2026-05-12 06:43:12,917 - mmdet - INFO - Epoch [113][100/186]	lr: 1.388e-02, eta: 4:15:28, time: 0.519, data_time: 0.015, memory: 6155, loss_rpn_cls: 0.0236, loss_rpn_bbox: 0.0030, loss_cls: 0.0827, acc: 96.9434, loss_bbox: 0.0552, loss: 0.1645, grad_norm: 1.1432
2026-05-12 06:43:38,829 - mmdet - INFO - Epoch [113][150/186]	lr: 1.388e-02, eta: 4:15:12, time: 0.516, data_time: 0.013, memory: 6155, loss_rpn_cls: 0.0172, loss_rpn_bbox: 0.0026, loss_cls: 0.0840, acc: 96.8125, loss_bbox: 0.0531, loss: 0.1569, grad_norm: 1.1254
2026-05-12 06:44:27,065 - mmdet - INFO - Epoch [114][50/186]	lr: 1.378e-02, eta: 4:14:21, time: 0.590, data_time: 0.083, memory: 6155, loss_rpn_cls: 0.0158, loss_rpn_bbox: 0.0029, loss_cls: 0.0761, acc: 97.1240, loss_bbox: 0.0533, loss: 0.1481, grad_norm: 1.0752
2026-05-12 06:44:52,929 - mmdet - INFO - Epoch [114][100/186]	lr: 1.378e-02, eta: 4:14:05, time: 0.515, data_time: 0.013, memory: 6155, loss_rpn_cls: 0.0183, loss_rpn_bbox: 0.0029, loss_cls: 0.0795, acc: 97.0078, loss_bbox: 0.0532, loss: 0.1538, grad_norm: 1.1067
2026-05-12 06:45:18,897 - mmdet - INFO - Epoch [114][150/186]	lr: 1.378e-02, eta: 4:13:50, time: 0.521, data_time: 0.015, memory: 6155, loss_rpn_cls: 0.0168, loss_rpn_bbox: 0.0028, loss_cls: 0.0810, acc: 96.8359, loss_bbox: 0.0540, loss: 0.1546, grad_norm: 1.1124
2026-05-12 06:46:07,281 - mmdet - INFO - Epoch [115][50/186]	lr: 1.368e-02, eta: 4:12:58, time: 0.590, data_time: 0.083, memory: 6155, loss_rpn_cls: 0.0181, loss_rpn_bbox: 0.0030, loss_cls: 0.0824, acc: 96.9082, loss_bbox: 0.0537, loss: 0.1572, grad_norm: 1.1844
2026-05-12 06:46:33,156 - mmdet - INFO - Epoch [115][100/186]	lr: 1.368e-02, eta: 4:12:43, time: 0.519, data_time: 0.015, memory: 6155, loss_rpn_cls: 0.0180, loss_rpn_bbox: 0.0025, loss_cls: 0.0812, acc: 97.0303, loss_bbox: 0.0515, loss: 0.1532, grad_norm: 1.2073
2026-05-12 06:46:59,126 - mmdet - INFO - Epoch [115][150/186]	lr: 1.368e-02, eta: 4:12:27, time: 0.517, data_time: 0.013, memory: 6155, loss_rpn_cls: 0.0146, loss_rpn_bbox: 0.0027, loss_cls: 0.0784, acc: 97.0166, loss_bbox: 0.0500, loss: 0.1456, grad_norm: 1.1511
2026-05-12 06:47:47,453 - mmdet - INFO - Epoch [116][50/186]	lr: 1.358e-02, eta: 4:11:36, time: 0.592, data_time: 0.083, memory: 6155, loss_rpn_cls: 0.0165, loss_rpn_bbox: 0.0028, loss_cls: 0.0879, acc: 96.7002, loss_bbox: 0.0562, loss: 0.1635, grad_norm: 1.1490
2026-05-12 06:48:13,340 - mmdet - INFO - Epoch [116][100/186]	lr: 1.358e-02, eta: 4:11:20, time: 0.516, data_time: 0.013, memory: 6155, loss_rpn_cls: 0.0174, loss_rpn_bbox: 0.0023, loss_cls: 0.0822, acc: 96.8945, loss_bbox: 0.0499, loss: 0.1518, grad_norm: 1.1182
2026-05-12 06:48:39,401 - mmdet - INFO - Epoch [116][150/186]	lr: 1.358e-02, eta: 4:11:05, time: 0.523, data_time: 0.015, memory: 6155, loss_rpn_cls: 0.0154, loss_rpn_bbox: 0.0026, loss_cls: 0.0874, acc: 96.8184, loss_bbox: 0.0521, loss: 0.1575, grad_norm: 1.1467
2026-05-12 06:49:27,700 - mmdet - INFO - Epoch [117][50/186]	lr: 1.349e-02, eta: 4:10:14, time: 0.589, data_time: 0.083, memory: 6155, loss_rpn_cls: 0.0136, loss_rpn_bbox: 0.0026, loss_cls: 0.0849, acc: 96.8281, loss_bbox: 0.0538, loss: 0.1550, grad_norm: 1.0720
2026-05-12 06:49:53,563 - mmdet - INFO - Epoch [117][100/186]	lr: 1.349e-02, eta: 4:09:58, time: 0.519, data_time: 0.015, memory: 6155, loss_rpn_cls: 0.0227, loss_rpn_bbox: 0.0025, loss_cls: 0.0868, acc: 96.8096, loss_bbox: 0.0551, loss: 0.1672, grad_norm: 1.1629
2026-05-12 06:50:19,513 - mmdet - INFO - Epoch [117][150/186]	lr: 1.349e-02, eta: 4:09:42, time: 0.517, data_time: 0.013, memory: 6155, loss_rpn_cls: 0.0196, loss_rpn_bbox: 0.0032, loss_cls: 0.0859, acc: 96.6875, loss_bbox: 0.0555, loss: 0.1642, grad_norm: 1.1847
2026-05-12 06:51:07,778 - mmdet - INFO - Epoch [118][50/186]	lr: 1.339e-02, eta: 4:08:52, time: 0.591, data_time: 0.083, memory: 6155, loss_rpn_cls: 0.0153, loss_rpn_bbox: 0.0028, loss_cls: 0.0781, acc: 97.0850, loss_bbox: 0.0459, loss: 0.1421, grad_norm: 1.0744
2026-05-12 06:51:33,610 - mmdet - INFO - Epoch [118][100/186]	lr: 1.339e-02, eta: 4:08:36, time: 0.515, data_time: 0.013, memory: 6155, loss_rpn_cls: 0.0225, loss_rpn_bbox: 0.0029, loss_cls: 0.0793, acc: 97.0322, loss_bbox: 0.0498, loss: 0.1544, grad_norm: 1.0871
2026-05-12 06:51:59,643 - mmdet - INFO - Epoch [118][150/186]	lr: 1.339e-02, eta: 4:08:20, time: 0.523, data_time: 0.015, memory: 6155, loss_rpn_cls: 0.0255, loss_rpn_bbox: 0.0028, loss_cls: 0.0837, acc: 96.8955, loss_bbox: 0.0529, loss: 0.1649, grad_norm: 1.1643
2026-05-12 06:52:48,119 - mmdet - INFO - Epoch [119][50/186]	lr: 1.329e-02, eta: 4:07:30, time: 0.592, data_time: 0.083, memory: 6155, loss_rpn_cls: 0.0177, loss_rpn_bbox: 0.0029, loss_cls: 0.0916, acc: 96.6240, loss_bbox: 0.0601, loss: 0.1723, grad_norm: 1.3039
2026-05-12 06:53:14,063 - mmdet - INFO - Epoch [119][100/186]	lr: 1.329e-02, eta: 4:07:14, time: 0.521, data_time: 0.015, memory: 6155, loss_rpn_cls: 0.0177, loss_rpn_bbox: 0.0025, loss_cls: 0.0878, acc: 96.6387, loss_bbox: 0.0598, loss: 0.1679, grad_norm: 1.2494
2026-05-12 06:53:40,008 - mmdet - INFO - Epoch [119][150/186]	lr: 1.329e-02, eta: 4:06:58, time: 0.517, data_time: 0.013, memory: 6155, loss_rpn_cls: 0.0208, loss_rpn_bbox: 0.0026, loss_cls: 0.0842, acc: 96.8389, loss_bbox: 0.0518, loss: 0.1594, grad_norm: 1.2334
2026-05-12 06:54:28,197 - mmdet - INFO - Epoch [120][50/186]	lr: 1.319e-02, eta: 4:06:07, time: 0.590, data_time: 0.083, memory: 6155, loss_rpn_cls: 0.0154, loss_rpn_bbox: 0.0025, loss_cls: 0.0806, acc: 96.9062, loss_bbox: 0.0522, loss: 0.1508, grad_norm: 1.0873
2026-05-12 06:54:54,078 - mmdet - INFO - Epoch [120][100/186]	lr: 1.319e-02, eta: 4:05:51, time: 0.516, data_time: 0.013, memory: 6155, loss_rpn_cls: 0.0155, loss_rpn_bbox: 0.0023, loss_cls: 0.0776, acc: 97.0469, loss_bbox: 0.0490, loss: 0.1444, grad_norm: 1.1026
2026-05-12 06:55:20,067 - mmdet - INFO - Epoch [120][150/186]	lr: 1.319e-02, eta: 4:05:35, time: 0.522, data_time: 0.015, memory: 6155, loss_rpn_cls: 0.0167, loss_rpn_bbox: 0.0029, loss_cls: 0.0761, acc: 97.0781, loss_bbox: 0.0472, loss: 0.1428, grad_norm: 1.1342
2026-05-12 06:55:38,848 - mmdet - INFO - Saving checkpoint at 120 epochs
[                                                  ] 0/371, elapsed: 0s, ETA:[                                 ] 1/371, 0.4 task/s, elapsed: 3s, ETA:   951s[                                 ] 2/371, 0.8 task/s, elapsed: 3s, ETA:   490s[                                 ] 3/371, 1.1 task/s, elapsed: 3s, ETA:   336s[                                 ] 4/371, 1.4 task/s, elapsed: 3s, ETA:   259s[                                 ] 5/371, 1.7 task/s, elapsed: 3s, ETA:   213s[                                 ] 6/371, 2.0 task/s, elapsed: 3s, ETA:   182s[                                 ] 7/371, 2.3 task/s, elapsed: 3s, ETA:   160s[                                 ] 8/371, 2.5 task/s, elapsed: 3s, ETA:   143s[                                 ] 9/371, 2.8 task/s, elapsed: 3s, ETA:   130s[                                ] 10/371, 3.0 task/s, elapsed: 3s, ETA:   120s[                                ] 11/371, 3.2 task/s, elapsed: 3s, ETA:   111s[>                               ] 12/371, 3.4 task/s, elapsed: 3s, ETA:   104s[>                               ] 13/371, 3.6 task/s, elapsed: 4s, ETA:    98s[>                               ] 14/371, 3.8 task/s, elapsed: 4s, ETA:    93s[>                               ] 15/371, 4.0 task/s, elapsed: 4s, ETA:    89s[>                               ] 16/371, 4.2 task/s, elapsed: 4s, ETA:    85s[>                               ] 17/371, 4.3 task/s, elapsed: 4s, ETA:    81s[>                               ] 18/371, 4.5 task/s, elapsed: 4s, ETA:    78s[>                               ] 19/371, 4.7 task/s, elapsed: 4s, ETA:    76s[>                               ] 20/371, 4.8 task/s, elapsed: 4s, ETA:    73s[>                               ] 21/371, 4.9 task/s, elapsed: 4s, ETA:    71s[>                               ] 22/371, 5.1 task/s, elapsed: 4s, ETA:    69s[>                               ] 23/371, 5.2 task/s, elapsed: 4s, ETA:    67s[>>                              ] 24/371, 5.3 task/s, elapsed: 4s, ETA:    65s[>>                              ] 25/371, 5.5 task/s, elapsed: 5s, ETA:    63s[>>                              ] 26/371, 5.6 task/s, elapsed: 5s, ETA:    62s[>>                              ] 27/371, 5.7 task/s, elapsed: 5s, ETA:    60s[>>                              ] 28/371, 5.8 task/s, elapsed: 5s, ETA:    59s[>>                              ] 29/371, 5.9 task/s, elapsed: 5s, ETA:    58s[>>                              ] 30/371, 6.0 task/s, elapsed: 5s, ETA:    57s[>>                              ] 31/371, 6.1 task/s, elapsed: 5s, ETA:    56s[>>                              ] 32/371, 6.2 task/s, elapsed: 5s, ETA:    55s[>>                              ] 33/371, 6.3 task/s, elapsed: 5s, ETA:    54s[>>                              ] 34/371, 6.4 task/s, elapsed: 5s, ETA:    53s[>>>                             ] 35/371, 6.5 task/s, elapsed: 5s, ETA:    52s[>>>                             ] 36/371, 6.5 task/s, elapsed: 6s, ETA:    51s[>>>                             ] 37/371, 6.6 task/s, elapsed: 6s, ETA:    50s[>>>                             ] 38/371, 6.7 task/s, elapsed: 6s, ETA:    50s[>>>                             ] 39/371, 6.8 task/s, elapsed: 6s, ETA:    49s[>>>                             ] 40/371, 6.8 task/s, elapsed: 6s, ETA:    48s[>>>                             ] 41/371, 6.9 task/s, elapsed: 6s, ETA:    48s[>>>                             ] 42/371, 7.0 task/s, elapsed: 6s, ETA:    47s[>>>                             ] 43/371, 7.1 task/s, elapsed: 6s, ETA:    46s[>>>                             ] 44/371, 7.1 task/s, elapsed: 6s, ETA:    46s[>>>                             ] 45/371, 7.2 task/s, elapsed: 6s, ETA:    45s[>>>                             ] 46/371, 7.2 task/s, elapsed: 6s, ETA:    45s[>>>>                            ] 47/371, 7.3 task/s, elapsed: 6s, ETA:    44s[>>>>                            ] 48/371, 7.4 task/s, elapsed: 7s, ETA:    44s[>>>>                            ] 49/371, 7.4 task/s, elapsed: 7s, ETA:    43s[>>>>                            ] 50/371, 7.5 task/s, elapsed: 7s, ETA:    43s[>>>>                            ] 51/371, 7.5 task/s, elapsed: 7s, ETA:    42s[>>>>                            ] 52/371, 7.6 task/s, elapsed: 7s, ETA:    42s[>>>>                            ] 53/371, 7.6 task/s, elapsed: 7s, ETA:    42s[>>>>                            ] 54/371, 7.7 task/s, elapsed: 7s, ETA:    41s[>>>>                            ] 55/371, 7.8 task/s, elapsed: 7s, ETA:    41s[>>>>                            ] 56/371, 7.8 task/s, elapsed: 7s, ETA:    40s[>>>>                            ] 57/371, 7.8 task/s, elapsed: 7s, ETA:    40s[>>>>>                           ] 58/371, 7.9 task/s, elapsed: 7s, ETA:    40s[>>>>>                           ] 59/371, 7.9 task/s, elapsed: 7s, ETA:    39s[>>>>>                           ] 60/371, 8.0 task/s, elapsed: 8s, ETA:    39s[>>>>>                           ] 61/371, 8.0 task/s, elapsed: 8s, ETA:    39s[>>>>>                           ] 62/371, 8.1 task/s, elapsed: 8s, ETA:    38s[>>>>>                           ] 63/371, 8.1 task/s, elapsed: 8s, ETA:    38s[>>>>>                           ] 64/371, 8.2 task/s, elapsed: 8s, ETA:    38s[>>>>>                           ] 65/371, 8.2 task/s, elapsed: 8s, ETA:    37s[>>>>>                           ] 66/371, 8.2 task/s, elapsed: 8s, ETA:    37s[>>>>>                           ] 67/371, 8.3 task/s, elapsed: 8s, ETA:    37s[>>>>>                           ] 68/371, 8.3 task/s, elapsed: 8s, ETA:    36s[>>>>>                           ] 69/371, 8.3 task/s, elapsed: 8s, ETA:    36s[>>>>>>                          ] 70/371, 8.4 task/s, elapsed: 8s, ETA:    36s[>>>>>>                          ] 71/371, 8.4 task/s, elapsed: 8s, ETA:    36s[>>>>>>                          ] 72/371, 8.5 task/s, elapsed: 9s, ETA:    35s[>>>>>>                          ] 73/371, 8.5 task/s, elapsed: 9s, ETA:    35s[>>>>>>                          ] 74/371, 8.5 task/s, elapsed: 9s, ETA:    35s[>>>>>>                          ] 75/371, 8.6 task/s, elapsed: 9s, ETA:    35s[>>>>>>                          ] 76/371, 8.6 task/s, elapsed: 9s, ETA:    34s[>>>>>>                          ] 77/371, 8.6 task/s, elapsed: 9s, ETA:    34s[>>>>>>                          ] 78/371, 8.7 task/s, elapsed: 9s, ETA:    34s[>>>>>>                          ] 79/371, 8.7 task/s, elapsed: 9s, ETA:    34s[>>>>>>                          ] 80/371, 8.7 task/s, elapsed: 9s, ETA:    33s[>>>>>>                          ] 81/371, 8.7 task/s, elapsed: 9s, ETA:    33s[>>>>>>>                         ] 82/371, 8.8 task/s, elapsed: 9s, ETA:    33s[>>>>>>>                         ] 83/371, 8.8 task/s, elapsed: 9s, ETA:    33s[>>>>>>>                        ] 84/371, 8.8 task/s, elapsed: 10s, ETA:    33s[>>>>>>>                        ] 85/371, 8.9 task/s, elapsed: 10s, ETA:    32s[>>>>>>>                        ] 86/371, 8.9 task/s, elapsed: 10s, ETA:    32s[>>>>>>>                        ] 87/371, 8.9 task/s, elapsed: 10s, ETA:    32s[>>>>>>>                        ] 88/371, 8.9 task/s, elapsed: 10s, ETA:    32s[>>>>>>>                        ] 89/371, 9.0 task/s, elapsed: 10s, ETA:    31s[>>>>>>>                        ] 90/371, 9.0 task/s, elapsed: 10s, ETA:    31s[>>>>>>>                        ] 91/371, 9.0 task/s, elapsed: 10s, ETA:    31s[>>>>>>>                        ] 92/371, 9.0 task/s, elapsed: 10s, ETA:    31s[>>>>>>>                        ] 93/371, 9.1 task/s, elapsed: 10s, ETA:    31s[>>>>>>>                        ] 94/371, 9.1 task/s, elapsed: 10s, ETA:    31s[>>>>>>>                        ] 95/371, 9.1 task/s, elapsed: 10s, ETA:    30s[>>>>>>>>                       ] 96/371, 9.1 task/s, elapsed: 11s, ETA:    30s[>>>>>>>>                       ] 97/371, 9.1 task/s, elapsed: 11s, ETA:    30s[>>>>>>>>                       ] 98/371, 9.2 task/s, elapsed: 11s, ETA:    30s[>>>>>>>>                       ] 99/371, 9.2 task/s, elapsed: 11s, ETA:    30s[>>>>>>>>                      ] 100/371, 9.2 task/s, elapsed: 11s, ETA:    29s[>>>>>>>>                      ] 101/371, 9.2 task/s, elapsed: 11s, ETA:    29s[>>>>>>>>                      ] 102/371, 9.3 task/s, elapsed: 11s, ETA:    29s[>>>>>>>>                      ] 103/371, 9.3 task/s, elapsed: 11s, ETA:    29s[>>>>>>>>                      ] 104/371, 9.3 task/s, elapsed: 11s, ETA:    29s[>>>>>>>>                      ] 105/371, 9.3 task/s, elapsed: 11s, ETA:    29s[>>>>>>>>                      ] 106/371, 9.3 task/s, elapsed: 11s, ETA:    28s[>>>>>>>>                      ] 107/371, 9.4 task/s, elapsed: 11s, ETA:    28s[>>>>>>>>                      ] 108/371, 9.4 task/s, elapsed: 12s, ETA:    28s[>>>>>>>>                      ] 109/371, 9.4 task/s, elapsed: 12s, ETA:    28s[>>>>>>>>                      ] 110/371, 9.4 task/s, elapsed: 12s, ETA:    28s[>>>>>>>>                      ] 111/371, 9.4 task/s, elapsed: 12s, ETA:    28s[>>>>>>>>>                     ] 112/371, 9.4 task/s, elapsed: 12s, ETA:    27s[>>>>>>>>>                     ] 113/371, 9.5 task/s, elapsed: 12s, ETA:    27s[>>>>>>>>>                     ] 114/371, 9.5 task/s, elapsed: 12s, ETA:    27s[>>>>>>>>>                     ] 115/371, 9.5 task/s, elapsed: 12s, ETA:    27s[>>>>>>>>>                     ] 116/371, 9.5 task/s, elapsed: 12s, ETA:    27s[>>>>>>>>>                     ] 117/371, 9.5 task/s, elapsed: 12s, ETA:    27s[>>>>>>>>>                     ] 118/371, 9.5 task/s, elapsed: 12s, ETA:    26s[>>>>>>>>>                     ] 119/371, 9.6 task/s, elapsed: 12s, ETA:    26s[>>>>>>>>>                     ] 120/371, 9.6 task/s, elapsed: 13s, ETA:    26s[>>>>>>>>>                     ] 121/371, 9.6 task/s, elapsed: 13s, ETA:    26s[>>>>>>>>>                     ] 122/371, 9.6 task/s, elapsed: 13s, ETA:    26s[>>>>>>>>>                     ] 123/371, 9.6 task/s, elapsed: 13s, ETA:    26s[>>>>>>>>>>                    ] 124/371, 9.6 task/s, elapsed: 13s, ETA:    26s[>>>>>>>>>>                    ] 125/371, 9.7 task/s, elapsed: 13s, ETA:    25s[>>>>>>>>>>                    ] 126/371, 9.7 task/s, elapsed: 13s, ETA:    25s[>>>>>>>>>>                    ] 127/371, 9.7 task/s, elapsed: 13s, ETA:    25s[>>>>>>>>>>                    ] 128/371, 9.7 task/s, elapsed: 13s, ETA:    25s[>>>>>>>>>>                    ] 129/371, 9.7 task/s, elapsed: 13s, ETA:    25s[>>>>>>>>>>                    ] 130/371, 9.7 task/s, elapsed: 13s, ETA:    25s[>>>>>>>>>>                    ] 131/371, 9.7 task/s, elapsed: 13s, ETA:    25s[>>>>>>>>>>                    ] 132/371, 9.8 task/s, elapsed: 14s, ETA:    24s[>>>>>>>>>>                    ] 133/371, 9.8 task/s, elapsed: 14s, ETA:    24s[>>>>>>>>>>                    ] 134/371, 9.8 task/s, elapsed: 14s, ETA:    24s[>>>>>>>>>>                    ] 135/371, 9.8 task/s, elapsed: 14s, ETA:    24s[>>>>>>>>>>                    ] 136/371, 9.8 task/s, elapsed: 14s, ETA:    24s[>>>>>>>>>>>                   ] 137/371, 9.8 task/s, elapsed: 14s, ETA:    24s[>>>>>>>>>>>                   ] 138/371, 9.8 task/s, elapsed: 14s, ETA:    24s[>>>>>>>>>>>                   ] 139/371, 9.8 task/s, elapsed: 14s, ETA:    24s[>>>>>>>>>>>                   ] 140/371, 9.9 task/s, elapsed: 14s, ETA:    23s[>>>>>>>>>>>                   ] 141/371, 9.9 task/s, elapsed: 14s, ETA:    23s[>>>>>>>>>>>                   ] 142/371, 9.9 task/s, elapsed: 14s, ETA:    23s[>>>>>>>>>>>                   ] 143/371, 9.9 task/s, elapsed: 14s, ETA:    23s[>>>>>>>>>>>                   ] 144/371, 9.9 task/s, elapsed: 15s, ETA:    23s[>>>>>>>>>>>                   ] 145/371, 9.9 task/s, elapsed: 15s, ETA:    23s[>>>>>>>>>>>                   ] 146/371, 9.9 task/s, elapsed: 15s, ETA:    23s[>>>>>>>>>>>                   ] 147/371, 9.9 task/s, elapsed: 15s, ETA:    23s[>>>>>>>>>>>                  ] 148/371, 10.0 task/s, elapsed: 15s, ETA:    22s[>>>>>>>>>>>                  ] 149/371, 10.0 task/s, elapsed: 15s, ETA:    22s[>>>>>>>>>>>                  ] 150/371, 10.0 task/s, elapsed: 15s, ETA:    22s[>>>>>>>>>>>                  ] 151/371, 10.0 task/s, elapsed: 15s, ETA:    22s[>>>>>>>>>>>                  ] 152/371, 10.0 task/s, elapsed: 15s, ETA:    22s[>>>>>>>>>>>                  ] 153/371, 10.0 task/s, elapsed: 15s, ETA:    22s[>>>>>>>>>>>>                 ] 154/371, 10.0 task/s, elapsed: 15s, ETA:    22s[>>>>>>>>>>>>                 ] 155/371, 10.0 task/s, elapsed: 15s, ETA:    22s[>>>>>>>>>>>>                 ] 156/371, 10.0 task/s, elapsed: 16s, ETA:    21s[>>>>>>>>>>>>                 ] 157/371, 10.0 task/s, elapsed: 16s, ETA:    21s[>>>>>>>>>>>>                 ] 158/371, 10.1 task/s, elapsed: 16s, ETA:    21s[>>>>>>>>>>>>                 ] 159/371, 10.1 task/s, elapsed: 16s, ETA:    21s[>>>>>>>>>>>>                 ] 160/371, 10.1 task/s, elapsed: 16s, ETA:    21s[>>>>>>>>>>>>                 ] 161/371, 10.1 task/s, elapsed: 16s, ETA:    21s[>>>>>>>>>>>>                 ] 162/371, 10.1 task/s, elapsed: 16s, ETA:    21s[>>>>>>>>>>>>                 ] 163/371, 10.1 task/s, elapsed: 16s, ETA:    21s[>>>>>>>>>>>>                 ] 164/371, 10.1 task/s, elapsed: 16s, ETA:    20s[>>>>>>>>>>>>                 ] 165/371, 10.1 task/s, elapsed: 16s, ETA:    20s[>>>>>>>>>>>>                 ] 166/371, 10.1 task/s, elapsed: 16s, ETA:    20s[>>>>>>>>>>>>>                ] 167/371, 10.1 task/s, elapsed: 16s, ETA:    20s[>>>>>>>>>>>>>                ] 168/371, 10.2 task/s, elapsed: 17s, ETA:    20s[>>>>>>>>>>>>>                ] 169/371, 10.2 task/s, elapsed: 17s, ETA:    20s[>>>>>>>>>>>>>                ] 170/371, 10.2 task/s, elapsed: 17s, ETA:    20s[>>>>>>>>>>>>>                ] 171/371, 10.2 task/s, elapsed: 17s, ETA:    20s[>>>>>>>>>>>>>                ] 172/371, 10.2 task/s, elapsed: 17s, ETA:    20s[>>>>>>>>>>>>>                ] 173/371, 10.2 task/s, elapsed: 17s, ETA:    19s[>>>>>>>>>>>>>                ] 174/371, 10.2 task/s, elapsed: 17s, ETA:    19s[>>>>>>>>>>>>>                ] 175/371, 10.2 task/s, elapsed: 17s, ETA:    19s[>>>>>>>>>>>>>                ] 176/371, 10.2 task/s, elapsed: 17s, ETA:    19s[>>>>>>>>>>>>>                ] 177/371, 10.2 task/s, elapsed: 17s, ETA:    19s[>>>>>>>>>>>>>                ] 178/371, 10.2 task/s, elapsed: 17s, ETA:    19s[>>>>>>>>>>>>>                ] 179/371, 10.3 task/s, elapsed: 17s, ETA:    19s[>>>>>>>>>>>>>>               ] 180/371, 10.3 task/s, elapsed: 18s, ETA:    19s[>>>>>>>>>>>>>>               ] 181/371, 10.3 task/s, elapsed: 18s, ETA:    19s[>>>>>>>>>>>>>>               ] 182/371, 10.3 task/s, elapsed: 18s, ETA:    18s[>>>>>>>>>>>>>>               ] 183/371, 10.3 task/s, elapsed: 18s, ETA:    18s[>>>>>>>>>>>>>>               ] 184/371, 10.3 task/s, elapsed: 18s, ETA:    18s[>>>>>>>>>>>>>>               ] 185/371, 10.3 task/s, elapsed: 18s, ETA:    18s[>>>>>>>>>>>>>>               ] 186/371, 10.3 task/s, elapsed: 18s, ETA:    18s[>>>>>>>>>>>>>>               ] 187/371, 10.3 task/s, elapsed: 18s, ETA:    18s[>>>>>>>>>>>>>>               ] 188/371, 10.3 task/s, elapsed: 18s, ETA:    18s[>>>>>>>>>>>>>>               ] 189/371, 10.3 task/s, elapsed: 18s, ETA:    18s[>>>>>>>>>>>>>>               ] 190/371, 10.3 task/s, elapsed: 18s, ETA:    18s[>>>>>>>>>>>>>>               ] 191/371, 10.3 task/s, elapsed: 18s, ETA:    17s[>>>>>>>>>>>>>>>              ] 192/371, 10.4 task/s, elapsed: 19s, ETA:    17s[>>>>>>>>>>>>>>>              ] 193/371, 10.4 task/s, elapsed: 19s, ETA:    17s[>>>>>>>>>>>>>>>              ] 194/371, 10.4 task/s, elapsed: 19s, ETA:    17s[>>>>>>>>>>>>>>>              ] 195/371, 10.4 task/s, elapsed: 19s, ETA:    17s[>>>>>>>>>>>>>>>              ] 196/371, 10.4 task/s, elapsed: 19s, ETA:    17s[>>>>>>>>>>>>>>>              ] 197/371, 10.4 task/s, elapsed: 19s, ETA:    17s[>>>>>>>>>>>>>>>              ] 198/371, 10.4 task/s, elapsed: 19s, ETA:    17s[>>>>>>>>>>>>>>>              ] 199/371, 10.4 task/s, elapsed: 19s, ETA:    17s[>>>>>>>>>>>>>>>              ] 200/371, 10.4 task/s, elapsed: 19s, ETA:    16s[>>>>>>>>>>>>>>>              ] 201/371, 10.4 task/s, elapsed: 19s, ETA:    16s[>>>>>>>>>>>>>>>              ] 202/371, 10.4 task/s, elapsed: 19s, ETA:    16s[>>>>>>>>>>>>>>>              ] 203/371, 10.4 task/s, elapsed: 19s, ETA:    16s[>>>>>>>>>>>>>>>              ] 204/371, 10.4 task/s, elapsed: 20s, ETA:    16s[>>>>>>>>>>>>>>>>             ] 205/371, 10.4 task/s, elapsed: 20s, ETA:    16s[>>>>>>>>>>>>>>>>             ] 206/371, 10.4 task/s, elapsed: 20s, ETA:    16s[>>>>>>>>>>>>>>>>             ] 207/371, 10.5 task/s, elapsed: 20s, ETA:    16s[>>>>>>>>>>>>>>>>             ] 208/371, 10.5 task/s, elapsed: 20s, ETA:    16s[>>>>>>>>>>>>>>>>             ] 209/371, 10.5 task/s, elapsed: 20s, ETA:    15s[>>>>>>>>>>>>>>>>             ] 210/371, 10.5 task/s, elapsed: 20s, ETA:    15s[>>>>>>>>>>>>>>>>             ] 211/371, 10.5 task/s, elapsed: 20s, ETA:    15s[>>>>>>>>>>>>>>>>             ] 212/371, 10.5 task/s, elapsed: 20s, ETA:    15s[>>>>>>>>>>>>>>>>             ] 213/371, 10.5 task/s, elapsed: 20s, ETA:    15s[>>>>>>>>>>>>>>>>             ] 214/371, 10.5 task/s, elapsed: 20s, ETA:    15s[>>>>>>>>>>>>>>>>             ] 215/371, 10.5 task/s, elapsed: 20s, ETA:    15s[>>>>>>>>>>>>>>>>             ] 216/371, 10.5 task/s, elapsed: 21s, ETA:    15s[>>>>>>>>>>>>>>>>             ] 217/371, 10.5 task/s, elapsed: 21s, ETA:    15s[>>>>>>>>>>>>>>>>>            ] 218/371, 10.5 task/s, elapsed: 21s, ETA:    15s[>>>>>>>>>>>>>>>>>            ] 219/371, 10.5 task/s, elapsed: 21s, ETA:    14s[>>>>>>>>>>>>>>>>>            ] 220/371, 10.5 task/s, elapsed: 21s, ETA:    14s[>>>>>>>>>>>>>>>>>            ] 221/371, 10.5 task/s, elapsed: 21s, ETA:    14s[>>>>>>>>>>>>>>>>>            ] 222/371, 10.5 task/s, elapsed: 21s, ETA:    14s[>>>>>>>>>>>>>>>>>            ] 223/371, 10.5 task/s, elapsed: 21s, ETA:    14s[>>>>>>>>>>>>>>>>>            ] 224/371, 10.5 task/s, elapsed: 21s, ETA:    14s[>>>>>>>>>>>>>>>>>            ] 225/371, 10.6 task/s, elapsed: 21s, ETA:    14s[>>>>>>>>>>>>>>>>>            ] 226/371, 10.6 task/s, elapsed: 21s, ETA:    14s[>>>>>>>>>>>>>>>>>            ] 227/371, 10.6 task/s, elapsed: 21s, ETA:    14s[>>>>>>>>>>>>>>>>>            ] 228/371, 10.6 task/s, elapsed: 22s, ETA:    14s[>>>>>>>>>>>>>>>>>            ] 229/371, 10.6 task/s, elapsed: 22s, ETA:    13s[>>>>>>>>>>>>>>>>>            ] 230/371, 10.6 task/s, elapsed: 22s, ETA:    13s[>>>>>>>>>>>>>>>>>>           ] 231/371, 10.6 task/s, elapsed: 22s, ETA:    13s[>>>>>>>>>>>>>>>>>>           ] 232/371, 10.6 task/s, elapsed: 22s, ETA:    13s[>>>>>>>>>>>>>>>>>>           ] 233/371, 10.6 task/s, elapsed: 22s, ETA:    13s[>>>>>>>>>>>>>>>>>>           ] 234/371, 10.6 task/s, elapsed: 22s, ETA:    13s[>>>>>>>>>>>>>>>>>>           ] 235/371, 10.6 task/s, elapsed: 22s, ETA:    13s[>>>>>>>>>>>>>>>>>>           ] 236/371, 10.6 task/s, elapsed: 22s, ETA:    13s[>>>>>>>>>>>>>>>>>>           ] 237/371, 10.6 task/s, elapsed: 22s, ETA:    13s[>>>>>>>>>>>>>>>>>>           ] 238/371, 10.6 task/s, elapsed: 22s, ETA:    13s[>>>>>>>>>>>>>>>>>>           ] 239/371, 10.6 task/s, elapsed: 22s, ETA:    12s[>>>>>>>>>>>>>>>>>>           ] 240/371, 10.6 task/s, elapsed: 23s, ETA:    12s[>>>>>>>>>>>>>>>>>>           ] 241/371, 10.6 task/s, elapsed: 23s, ETA:    12s[>>>>>>>>>>>>>>>>>>           ] 242/371, 10.6 task/s, elapsed: 23s, ETA:    12s[>>>>>>>>>>>>>>>>>>           ] 243/371, 10.6 task/s, elapsed: 23s, ETA:    12s[>>>>>>>>>>>>>>>>>>>          ] 244/371, 10.6 task/s, elapsed: 23s, ETA:    12s[>>>>>>>>>>>>>>>>>>>          ] 245/371, 10.7 task/s, elapsed: 23s, ETA:    12s[>>>>>>>>>>>>>>>>>>>          ] 246/371, 10.7 task/s, elapsed: 23s, ETA:    12s[>>>>>>>>>>>>>>>>>>>          ] 247/371, 10.7 task/s, elapsed: 23s, ETA:    12s[>>>>>>>>>>>>>>>>>>>          ] 248/371, 10.7 task/s, elapsed: 23s, ETA:    12s[>>>>>>>>>>>>>>>>>>>          ] 249/371, 10.7 task/s, elapsed: 23s, ETA:    11s[>>>>>>>>>>>>>>>>>>>          ] 250/371, 10.7 task/s, elapsed: 23s, ETA:    11s[>>>>>>>>>>>>>>>>>>>          ] 251/371, 10.7 task/s, elapsed: 24s, ETA:    11s[>>>>>>>>>>>>>>>>>>>          ] 252/371, 10.7 task/s, elapsed: 24s, ETA:    11s[>>>>>>>>>>>>>>>>>>>          ] 253/371, 10.7 task/s, elapsed: 24s, ETA:    11s[>>>>>>>>>>>>>>>>>>>          ] 254/371, 10.7 task/s, elapsed: 24s, ETA:    11s[>>>>>>>>>>>>>>>>>>>          ] 255/371, 10.7 task/s, elapsed: 24s, ETA:    11s[>>>>>>>>>>>>>>>>>>>>         ] 256/371, 10.7 task/s, elapsed: 24s, ETA:    11s[>>>>>>>>>>>>>>>>>>>>         ] 257/371, 10.7 task/s, elapsed: 24s, ETA:    11s[>>>>>>>>>>>>>>>>>>>>         ] 258/371, 10.7 task/s, elapsed: 24s, ETA:    11s[>>>>>>>>>>>>>>>>>>>>         ] 259/371, 10.7 task/s, elapsed: 24s, ETA:    10s[>>>>>>>>>>>>>>>>>>>>         ] 260/371, 10.7 task/s, elapsed: 24s, ETA:    10s[>>>>>>>>>>>>>>>>>>>>         ] 261/371, 10.7 task/s, elapsed: 24s, ETA:    10s[>>>>>>>>>>>>>>>>>>>>         ] 262/371, 10.7 task/s, elapsed: 24s, ETA:    10s[>>>>>>>>>>>>>>>>>>>>         ] 263/371, 10.7 task/s, elapsed: 25s, ETA:    10s[>>>>>>>>>>>>>>>>>>>>         ] 264/371, 10.7 task/s, elapsed: 25s, ETA:    10s[>>>>>>>>>>>>>>>>>>>>         ] 265/371, 10.7 task/s, elapsed: 25s, ETA:    10s[>>>>>>>>>>>>>>>>>>>>         ] 266/371, 10.7 task/s, elapsed: 25s, ETA:    10s[>>>>>>>>>>>>>>>>>>>>         ] 267/371, 10.7 task/s, elapsed: 25s, ETA:    10s[>>>>>>>>>>>>>>>>>>>>         ] 268/371, 10.8 task/s, elapsed: 25s, ETA:    10s[>>>>>>>>>>>>>>>>>>>>>        ] 269/371, 10.8 task/s, elapsed: 25s, ETA:     9s[>>>>>>>>>>>>>>>>>>>>>        ] 270/371, 10.8 task/s, elapsed: 25s, ETA:     9s[>>>>>>>>>>>>>>>>>>>>>        ] 271/371, 10.8 task/s, elapsed: 25s, ETA:     9s[>>>>>>>>>>>>>>>>>>>>>        ] 272/371, 10.8 task/s, elapsed: 25s, ETA:     9s[>>>>>>>>>>>>>>>>>>>>>        ] 273/371, 10.8 task/s, elapsed: 25s, ETA:     9s[>>>>>>>>>>>>>>>>>>>>>        ] 274/371, 10.8 task/s, elapsed: 25s, ETA:     9s[>>>>>>>>>>>>>>>>>>>>>        ] 275/371, 10.8 task/s, elapsed: 26s, ETA:     9s[>>>>>>>>>>>>>>>>>>>>>        ] 276/371, 10.8 task/s, elapsed: 26s, ETA:     9s[>>>>>>>>>>>>>>>>>>>>>        ] 277/371, 10.8 task/s, elapsed: 26s, ETA:     9s[>>>>>>>>>>>>>>>>>>>>>        ] 278/371, 10.8 task/s, elapsed: 26s, ETA:     9s[>>>>>>>>>>>>>>>>>>>>>        ] 279/371, 10.8 task/s, elapsed: 26s, ETA:     9s[>>>>>>>>>>>>>>>>>>>>>        ] 280/371, 10.8 task/s, elapsed: 26s, ETA:     8s[>>>>>>>>>>>>>>>>>>>>>        ] 281/371, 10.8 task/s, elapsed: 26s, ETA:     8s[>>>>>>>>>>>>>>>>>>>>>>       ] 282/371, 10.8 task/s, elapsed: 26s, ETA:     8s[>>>>>>>>>>>>>>>>>>>>>>       ] 283/371, 10.8 task/s, elapsed: 26s, ETA:     8s[>>>>>>>>>>>>>>>>>>>>>>       ] 284/371, 10.8 task/s, elapsed: 26s, ETA:     8s[>>>>>>>>>>>>>>>>>>>>>>       ] 285/371, 10.8 task/s, elapsed: 26s, ETA:     8s[>>>>>>>>>>>>>>>>>>>>>>       ] 286/371, 10.8 task/s, elapsed: 26s, ETA:     8s[>>>>>>>>>>>>>>>>>>>>>>       ] 287/371, 10.8 task/s, elapsed: 27s, ETA:     8s[>>>>>>>>>>>>>>>>>>>>>>       ] 288/371, 10.8 task/s, elapsed: 27s, ETA:     8s[>>>>>>>>>>>>>>>>>>>>>>       ] 289/371, 10.8 task/s, elapsed: 27s, ETA:     8s[>>>>>>>>>>>>>>>>>>>>>>       ] 290/371, 10.8 task/s, elapsed: 27s, ETA:     7s[>>>>>>>>>>>>>>>>>>>>>>       ] 291/371, 10.8 task/s, elapsed: 27s, ETA:     7s[>>>>>>>>>>>>>>>>>>>>>>       ] 292/371, 10.8 task/s, elapsed: 27s, ETA:     7s[>>>>>>>>>>>>>>>>>>>>>>       ] 293/371, 10.8 task/s, elapsed: 27s, ETA:     7s[>>>>>>>>>>>>>>>>>>>>>>       ] 294/371, 10.8 task/s, elapsed: 27s, ETA:     7s[>>>>>>>>>>>>>>>>>>>>>>>      ] 295/371, 10.9 task/s, elapsed: 27s, ETA:     7s[>>>>>>>>>>>>>>>>>>>>>>>      ] 296/371, 10.9 task/s, elapsed: 27s, ETA:     7s[>>>>>>>>>>>>>>>>>>>>>>>      ] 297/371, 10.9 task/s, elapsed: 27s, ETA:     7s[>>>>>>>>>>>>>>>>>>>>>>>      ] 298/371, 10.9 task/s, elapsed: 27s, ETA:     7s[>>>>>>>>>>>>>>>>>>>>>>>      ] 299/371, 10.9 task/s, elapsed: 28s, ETA:     7s[>>>>>>>>>>>>>>>>>>>>>>>      ] 300/371, 10.9 task/s, elapsed: 28s, ETA:     7s[>>>>>>>>>>>>>>>>>>>>>>>      ] 301/371, 10.9 task/s, elapsed: 28s, ETA:     6s[>>>>>>>>>>>>>>>>>>>>>>>      ] 302/371, 10.9 task/s, elapsed: 28s, ETA:     6s[>>>>>>>>>>>>>>>>>>>>>>>      ] 303/371, 10.9 task/s, elapsed: 28s, ETA:     6s[>>>>>>>>>>>>>>>>>>>>>>>      ] 304/371, 10.9 task/s, elapsed: 28s, ETA:     6s[>>>>>>>>>>>>>>>>>>>>>>>      ] 305/371, 10.9 task/s, elapsed: 28s, ETA:     6s[>>>>>>>>>>>>>>>>>>>>>>>      ] 306/371, 10.9 task/s, elapsed: 28s, ETA:     6s[>>>>>>>>>>>>>>>>>>>>>>>      ] 307/371, 10.9 task/s, elapsed: 28s, ETA:     6s[>>>>>>>>>>>>>>>>>>>>>>>>     ] 308/371, 10.9 task/s, elapsed: 28s, ETA:     6s[>>>>>>>>>>>>>>>>>>>>>>>>     ] 309/371, 10.9 task/s, elapsed: 28s, ETA:     6s[>>>>>>>>>>>>>>>>>>>>>>>>     ] 310/371, 10.9 task/s, elapsed: 28s, ETA:     6s[>>>>>>>>>>>>>>>>>>>>>>>>     ] 311/371, 10.9 task/s, elapsed: 29s, ETA:     6s[>>>>>>>>>>>>>>>>>>>>>>>>     ] 312/371, 10.9 task/s, elapsed: 29s, ETA:     5s[>>>>>>>>>>>>>>>>>>>>>>>>     ] 313/371, 10.9 task/s, elapsed: 29s, ETA:     5s[>>>>>>>>>>>>>>>>>>>>>>>>     ] 314/371, 10.9 task/s, elapsed: 29s, ETA:     5s[>>>>>>>>>>>>>>>>>>>>>>>>     ] 315/371, 10.9 task/s, elapsed: 29s, ETA:     5s[>>>>>>>>>>>>>>>>>>>>>>>>     ] 316/371, 10.9 task/s, elapsed: 29s, ETA:     5s[>>>>>>>>>>>>>>>>>>>>>>>>     ] 317/371, 10.9 task/s, elapsed: 29s, ETA:     5s[>>>>>>>>>>>>>>>>>>>>>>>>     ] 318/371, 10.9 task/s, elapsed: 29s, ETA:     5s[>>>>>>>>>>>>>>>>>>>>>>>>     ] 319/371, 10.9 task/s, elapsed: 29s, ETA:     5s[>>>>>>>>>>>>>>>>>>>>>>>>>    ] 320/371, 10.9 task/s, elapsed: 29s, ETA:     5s[>>>>>>>>>>>>>>>>>>>>>>>>>    ] 321/371, 10.9 task/s, elapsed: 29s, ETA:     5s[>>>>>>>>>>>>>>>>>>>>>>>>>    ] 322/371, 10.9 task/s, elapsed: 29s, ETA:     4s[>>>>>>>>>>>>>>>>>>>>>>>>>    ] 323/371, 10.9 task/s, elapsed: 30s, ETA:     4s[>>>>>>>>>>>>>>>>>>>>>>>>>    ] 324/371, 10.9 task/s, elapsed: 30s, ETA:     4s[>>>>>>>>>>>>>>>>>>>>>>>>>    ] 325/371, 10.9 task/s, elapsed: 30s, ETA:     4s[>>>>>>>>>>>>>>>>>>>>>>>>>    ] 326/371, 10.9 task/s, elapsed: 30s, ETA:     4s[>>>>>>>>>>>>>>>>>>>>>>>>>    ] 327/371, 11.0 task/s, elapsed: 30s, ETA:     4s[>>>>>>>>>>>>>>>>>>>>>>>>>    ] 328/371, 11.0 task/s, elapsed: 30s, ETA:     4s[>>>>>>>>>>>>>>>>>>>>>>>>>    ] 329/371, 11.0 task/s, elapsed: 30s, ETA:     4s[>>>>>>>>>>>>>>>>>>>>>>>>>    ] 330/371, 11.0 task/s, elapsed: 30s, ETA:     4s[>>>>>>>>>>>>>>>>>>>>>>>>>    ] 331/371, 11.0 task/s, elapsed: 30s, ETA:     4s[>>>>>>>>>>>>>>>>>>>>>>>>>    ] 332/371, 11.0 task/s, elapsed: 30s, ETA:     4s[>>>>>>>>>>>>>>>>>>>>>>>>>>   ] 333/371, 11.0 task/s, elapsed: 30s, ETA:     3s[>>>>>>>>>>>>>>>>>>>>>>>>>>   ] 334/371, 11.0 task/s, elapsed: 30s, ETA:     3s[>>>>>>>>>>>>>>>>>>>>>>>>>>   ] 335/371, 11.0 task/s, elapsed: 31s, ETA:     3s[>>>>>>>>>>>>>>>>>>>>>>>>>>   ] 336/371, 11.0 task/s, elapsed: 31s, ETA:     3s[>>>>>>>>>>>>>>>>>>>>>>>>>>   ] 337/371, 11.0 task/s, elapsed: 31s, ETA:     3s[>>>>>>>>>>>>>>>>>>>>>>>>>>   ] 338/371, 11.0 task/s, elapsed: 31s, ETA:     3s[>>>>>>>>>>>>>>>>>>>>>>>>>>   ] 339/371, 11.0 task/s, elapsed: 31s, ETA:     3s[>>>>>>>>>>>>>>>>>>>>>>>>>>   ] 340/371, 11.0 task/s, elapsed: 31s, ETA:     3s[>>>>>>>>>>>>>>>>>>>>>>>>>>   ] 341/371, 11.0 task/s, elapsed: 31s, ETA:     3s[>>>>>>>>>>>>>>>>>>>>>>>>>>   ] 342/371, 11.0 task/s, elapsed: 31s, ETA:     3s[>>>>>>>>>>>>>>>>>>>>>>>>>>   ] 343/371, 11.0 task/s, elapsed: 31s, ETA:     3s[>>>>>>>>>>>>>>>>>>>>>>>>>>   ] 344/371, 11.0 task/s, elapsed: 31s, ETA:     2s[>>>>>>>>>>>>>>>>>>>>>>>>>>   ] 345/371, 11.0 task/s, elapsed: 31s, ETA:     2s[>>>>>>>>>>>>>>>>>>>>>>>>>>>  ] 346/371, 11.0 task/s, elapsed: 31s, ETA:     2s[>>>>>>>>>>>>>>>>>>>>>>>>>>>  ] 347/371, 11.0 task/s, elapsed: 32s, ETA:     2s[>>>>>>>>>>>>>>>>>>>>>>>>>>>  ] 348/371, 11.0 task/s, elapsed: 32s, ETA:     2s[>>>>>>>>>>>>>>>>>>>>>>>>>>>  ] 349/371, 11.0 task/s, elapsed: 32s, ETA:     2s[>>>>>>>>>>>>>>>>>>>>>>>>>>>  ] 350/371, 11.0 task/s, elapsed: 32s, ETA:     2s[>>>>>>>>>>>>>>>>>>>>>>>>>>>  ] 351/371, 11.0 task/s, elapsed: 32s, ETA:     2s[>>>>>>>>>>>>>>>>>>>>>>>>>>>  ] 352/371, 11.0 task/s, elapsed: 32s, ETA:     2s[>>>>>>>>>>>>>>>>>>>>>>>>>>>  ] 353/371, 11.0 task/s, elapsed: 32s, ETA:     2s[>>>>>>>>>>>>>>>>>>>>>>>>>>>  ] 354/371, 11.0 task/s, elapsed: 32s, ETA:     2s[>>>>>>>>>>>>>>>>>>>>>>>>>>>  ] 355/371, 11.0 task/s, elapsed: 32s, ETA:     1s[>>>>>>>>>>>>>>>>>>>>>>>>>>>  ] 356/371, 11.0 task/s, elapsed: 32s, ETA:     1s[>>>>>>>>>>>>>>>>>>>>>>>>>>>  ] 357/371, 11.0 task/s, elapsed: 32s, ETA:     1s[>>>>>>>>>>>>>>>>>>>>>>>>>>>  ] 358/371, 11.0 task/s, elapsed: 32s, ETA:     1s[>>>>>>>>>>>>>>>>>>>>>>>>>>>> ] 359/371, 11.0 task/s, elapsed: 33s, ETA:     1s[>>>>>>>>>>>>>>>>>>>>>>>>>>>> ] 360/371, 11.0 task/s, elapsed: 33s, ETA:     1s[>>>>>>>>>>>>>>>>>>>>>>>>>>>> ] 361/371, 11.0 task/s, elapsed: 33s, ETA:     1s[>>>>>>>>>>>>>>>>>>>>>>>>>>>> ] 362/371, 11.0 task/s, elapsed: 33s, ETA:     1s[>>>>>>>>>>>>>>>>>>>>>>>>>>>> ] 363/371, 11.0 task/s, elapsed: 33s, ETA:     1s[>>>>>>>>>>>>>>>>>>>>>>>>>>>> ] 364/371, 11.0 task/s, elapsed: 33s, ETA:     1s[>>>>>>>>>>>>>>>>>>>>>>>>>>>> ] 365/371, 11.0 task/s, elapsed: 33s, ETA:     1s[>>>>>>>>>>>>>>>>>>>>>>>>>>>> ] 366/371, 11.0 task/s, elapsed: 33s, ETA:     0s[>>>>>>>>>>>>>>>>>>>>>>>>>>>> ] 367/371, 11.1 task/s, elapsed: 33s, ETA:     0s[>>>>>>>>>>>>>>>>>>>>>>>>>>>> ] 368/371, 11.1 task/s, elapsed: 33s, ETA:     0s[>>>>>>>>>>>>>>>>>>>>>>>>>>>> ] 369/371, 11.1 task/s, elapsed: 33s, ETA:     0s[>>>>>>>>>>>>>>>>>>>>>>>>>>>> ] 370/371, 11.1 task/s, elapsed: 33s, ETA:     0s[>>>>>>>>>>>>>>>>>>>>>>>>>>>>>] 371/371, 11.1 task/s, elapsed: 34s, ETA:     0s

2026-05-12 06:56:14,258 - mmdet - INFO - Evaluating bbox...
Loading and preparing results...
DONE (t=0.00s)
creating index...
index created!
Running per image evaluation...
Evaluate annotation type *bbox*
DONE (t=1.92s).
Accumulating evaluation results...
DONE (t=0.11s).
2026-05-12 06:56:16,316 - mmdet - INFO - 
 Average Precision  (AP) @[ IoU=0.50:0.95 | area=   all | maxDets=100 ] = 0.251
 Average Precision  (AP) @[ IoU=0.50      | area=   all | maxDets=1000 ] = 0.654
 Average Precision  (AP) @[ IoU=0.75      | area=   all | maxDets=1000 ] = 0.131
 Average Precision  (AP) @[ IoU=0.50:0.95 | area= small | maxDets=1000 ] = 0.005
 Average Precision  (AP) @[ IoU=0.50:0.95 | area=medium | maxDets=1000 ] = 0.204
 Average Precision  (AP) @[ IoU=0.50:0.95 | area= large | maxDets=1000 ] = 0.316
 Average Recall     (AR) @[ IoU=0.50:0.95 | area=   all | maxDets=100 ] = 0.371
 Average Recall     (AR) @[ IoU=0.50:0.95 | area=   all | maxDets=300 ] = 0.371
 Average Recall     (AR) @[ IoU=0.50:0.95 | area=   all | maxDets=1000 ] = 0.371
 Average Recall     (AR) @[ IoU=0.50:0.95 | area= small | maxDets=1000 ] = 0.028
 Average Recall     (AR) @[ IoU=0.50:0.95 | area=medium | maxDets=1000 ] = 0.317
 Average Recall     (AR) @[ IoU=0.50:0.95 | area= large | maxDets=1000 ] = 0.448

2026-05-12 06:56:16,320 - mmdet - INFO - Exp name: fold_1_r50_300e_hbb.py
2026-05-12 06:56:16,321 - mmdet - INFO - Epoch(val) [120][371]	bbox_mAP: 0.2510, bbox_mAP_50: 0.6540, bbox_mAP_75: 0.1310, bbox_mAP_s: 0.0050, bbox_mAP_m: 0.2040, bbox_mAP_l: 0.3160, bbox_mAP_copypaste: 0.251 0.654 0.131 0.005 0.204 0.316
2026-05-12 06:56:45,985 - mmdet - INFO - Epoch [121][50/186]	lr: 1.309e-02, eta: 4:04:45, time: 0.591, data_time: 0.083, memory: 6155, loss_rpn_cls: 0.0161, loss_rpn_bbox: 0.0030, loss_cls: 0.0860, acc: 96.7256, loss_bbox: 0.0524, loss: 0.1576, grad_norm: 1.0596
2026-05-12 06:57:11,807 - mmdet - INFO - Epoch [121][100/186]	lr: 1.309e-02, eta: 4:04:29, time: 0.518, data_time: 0.015, memory: 6155, loss_rpn_cls: 0.0153, loss_rpn_bbox: 0.0023, loss_cls: 0.0770, acc: 97.1016, loss_bbox: 0.0498, loss: 0.1443, grad_norm: 1.0552
2026-05-12 06:57:37,707 - mmdet - INFO - Epoch [121][150/186]	lr: 1.309e-02, eta: 4:04:13, time: 0.516, data_time: 0.013, memory: 6155, loss_rpn_cls: 0.0159, loss_rpn_bbox: 0.0025, loss_cls: 0.0867, acc: 96.7744, loss_bbox: 0.0590, loss: 0.1641, grad_norm: 1.1480
2026-05-12 06:58:26,124 - mmdet - INFO - Epoch [122][50/186]	lr: 1.299e-02, eta: 4:03:23, time: 0.594, data_time: 0.083, memory: 6155, loss_rpn_cls: 0.0230, loss_rpn_bbox: 0.0031, loss_cls: 0.0799, acc: 97.0068, loss_bbox: 0.0533, loss: 0.1594, grad_norm: 1.0562
2026-05-12 06:58:51,977 - mmdet - INFO - Epoch [122][100/186]	lr: 1.299e-02, eta: 4:03:07, time: 0.515, data_time: 0.013, memory: 6155, loss_rpn_cls: 0.0138, loss_rpn_bbox: 0.0022, loss_cls: 0.0785, acc: 97.0342, loss_bbox: 0.0507, loss: 0.1452, grad_norm: 1.0769
2026-05-12 06:59:18,052 - mmdet - INFO - Epoch [122][150/186]	lr: 1.299e-02, eta: 4:02:51, time: 0.523, data_time: 0.015, memory: 6155, loss_rpn_cls: 0.0265, loss_rpn_bbox: 0.0031, loss_cls: 0.0945, acc: 96.5381, loss_bbox: 0.0623, loss: 0.1863, grad_norm: 1.1456
2026-05-12 07:00:06,417 - mmdet - INFO - Epoch [123][50/186]	lr: 1.289e-02, eta: 4:02:01, time: 0.590, data_time: 0.083, memory: 6155, loss_rpn_cls: 0.0144, loss_rpn_bbox: 0.0022, loss_cls: 0.0748, acc: 97.2764, loss_bbox: 0.0490, loss: 0.1404, grad_norm: 1.1212
2026-05-12 07:00:32,347 - mmdet - INFO - Epoch [123][100/186]	lr: 1.289e-02, eta: 4:01:45, time: 0.521, data_time: 0.015, memory: 6155, loss_rpn_cls: 0.0179, loss_rpn_bbox: 0.0026, loss_cls: 0.0742, acc: 97.1660, loss_bbox: 0.0499, loss: 0.1447, grad_norm: 1.0782
2026-05-12 07:00:58,299 - mmdet - INFO - Epoch [123][150/186]	lr: 1.289e-02, eta: 4:01:29, time: 0.517, data_time: 0.013, memory: 6155, loss_rpn_cls: 0.0158, loss_rpn_bbox: 0.0028, loss_cls: 0.0738, acc: 97.2148, loss_bbox: 0.0489, loss: 0.1413, grad_norm: 1.0609
2026-05-12 07:01:46,547 - mmdet - INFO - Epoch [124][50/186]	lr: 1.279e-02, eta: 4:00:39, time: 0.590, data_time: 0.083, memory: 6155, loss_rpn_cls: 0.0132, loss_rpn_bbox: 0.0023, loss_cls: 0.0802, acc: 96.9326, loss_bbox: 0.0536, loss: 0.1492, grad_norm: 1.1174
2026-05-12 07:02:12,385 - mmdet - INFO - Epoch [124][100/186]	lr: 1.279e-02, eta: 4:00:22, time: 0.515, data_time: 0.013, memory: 6155, loss_rpn_cls: 0.0209, loss_rpn_bbox: 0.0027, loss_cls: 0.0807, acc: 97.0156, loss_bbox: 0.0528, loss: 0.1570, grad_norm: 1.1187
2026-05-12 07:02:38,385 - mmdet - INFO - Epoch [124][150/186]	lr: 1.279e-02, eta: 4:00:06, time: 0.522, data_time: 0.015, memory: 6155, loss_rpn_cls: 0.0206, loss_rpn_bbox: 0.0032, loss_cls: 0.0854, acc: 96.7617, loss_bbox: 0.0554, loss: 0.1646, grad_norm: 1.1259
2026-05-12 07:03:26,766 - mmdet - INFO - Epoch [125][50/186]	lr: 1.269e-02, eta: 3:59:17, time: 0.590, data_time: 0.084, memory: 6155, loss_rpn_cls: 0.0124, loss_rpn_bbox: 0.0020, loss_cls: 0.0675, acc: 97.4883, loss_bbox: 0.0413, loss: 0.1232, grad_norm: 1.0283
2026-05-12 07:03:52,674 - mmdet - INFO - Epoch [125][100/186]	lr: 1.269e-02, eta: 3:59:00, time: 0.520, data_time: 0.015, memory: 6155, loss_rpn_cls: 0.0191, loss_rpn_bbox: 0.0027, loss_cls: 0.0911, acc: 96.5791, loss_bbox: 0.0568, loss: 0.1698, grad_norm: 1.1129
2026-05-12 07:04:18,690 - mmdet - INFO - Epoch [125][150/186]	lr: 1.269e-02, eta: 3:58:44, time: 0.518, data_time: 0.013, memory: 6155, loss_rpn_cls: 0.0161, loss_rpn_bbox: 0.0028, loss_cls: 0.0864, acc: 96.8242, loss_bbox: 0.0572, loss: 0.1626, grad_norm: 1.1289
2026-05-12 07:05:06,952 - mmdet - INFO - Epoch [126][50/186]	lr: 1.259e-02, eta: 3:57:55, time: 0.591, data_time: 0.083, memory: 6155, loss_rpn_cls: 0.0134, loss_rpn_bbox: 0.0022, loss_cls: 0.0753, acc: 97.1895, loss_bbox: 0.0480, loss: 0.1389, grad_norm: 0.9713
2026-05-12 07:05:32,784 - mmdet - INFO - Epoch [126][100/186]	lr: 1.259e-02, eta: 3:57:38, time: 0.515, data_time: 0.013, memory: 6155, loss_rpn_cls: 0.0182, loss_rpn_bbox: 0.0023, loss_cls: 0.0796, acc: 97.0400, loss_bbox: 0.0513, loss: 0.1515, grad_norm: 1.0653
2026-05-12 07:05:58,684 - mmdet - INFO - Epoch [126][150/186]	lr: 1.259e-02, eta: 3:57:22, time: 0.520, data_time: 0.015, memory: 6155, loss_rpn_cls: 0.0224, loss_rpn_bbox: 0.0026, loss_cls: 0.0836, acc: 96.9072, loss_bbox: 0.0508, loss: 0.1594, grad_norm: 1.1223
2026-05-12 07:06:47,096 - mmdet - INFO - Epoch [127][50/186]	lr: 1.249e-02, eta: 3:56:32, time: 0.591, data_time: 0.083, memory: 6155, loss_rpn_cls: 0.0130, loss_rpn_bbox: 0.0026, loss_cls: 0.0767, acc: 97.1348, loss_bbox: 0.0504, loss: 0.1427, grad_norm: 1.0866
2026-05-12 07:07:12,868 - mmdet - INFO - Epoch [127][100/186]	lr: 1.249e-02, eta: 3:56:16, time: 0.517, data_time: 0.015, memory: 6155, loss_rpn_cls: 0.0152, loss_rpn_bbox: 0.0025, loss_cls: 0.0694, acc: 97.4053, loss_bbox: 0.0413, loss: 0.1283, grad_norm: 1.0480
2026-05-12 07:07:38,729 - mmdet - INFO - Epoch [127][150/186]	lr: 1.249e-02, eta: 3:55:59, time: 0.515, data_time: 0.013, memory: 6155, loss_rpn_cls: 0.0153, loss_rpn_bbox: 0.0022, loss_cls: 0.0741, acc: 97.1709, loss_bbox: 0.0487, loss: 0.1403, grad_norm: 1.0792
2026-05-12 07:08:27,089 - mmdet - INFO - Epoch [128][50/186]	lr: 1.239e-02, eta: 3:55:10, time: 0.593, data_time: 0.083, memory: 6155, loss_rpn_cls: 0.0204, loss_rpn_bbox: 0.0028, loss_cls: 0.0867, acc: 96.7227, loss_bbox: 0.0589, loss: 0.1687, grad_norm: 1.1924
2026-05-12 07:08:52,866 - mmdet - INFO - Epoch [128][100/186]	lr: 1.239e-02, eta: 3:54:53, time: 0.514, data_time: 0.013, memory: 6155, loss_rpn_cls: 0.0116, loss_rpn_bbox: 0.0021, loss_cls: 0.0740, acc: 97.1621, loss_bbox: 0.0474, loss: 0.1352, grad_norm: 1.0971
2026-05-12 07:09:18,858 - mmdet - INFO - Epoch [128][150/186]	lr: 1.239e-02, eta: 3:54:37, time: 0.522, data_time: 0.015, memory: 6155, loss_rpn_cls: 0.0159, loss_rpn_bbox: 0.0026, loss_cls: 0.0808, acc: 96.9746, loss_bbox: 0.0517, loss: 0.1510, grad_norm: 1.0993
2026-05-12 07:10:07,276 - mmdet - INFO - Epoch [129][50/186]	lr: 1.228e-02, eta: 3:53:48, time: 0.591, data_time: 0.083, memory: 6155, loss_rpn_cls: 0.0219, loss_rpn_bbox: 0.0035, loss_cls: 0.0886, acc: 96.6279, loss_bbox: 0.0582, loss: 0.1722, grad_norm: 1.1830
2026-05-12 07:10:33,096 - mmdet - INFO - Epoch [129][100/186]	lr: 1.228e-02, eta: 3:53:31, time: 0.518, data_time: 0.015, memory: 6155, loss_rpn_cls: 0.0193, loss_rpn_bbox: 0.0021, loss_cls: 0.0714, acc: 97.3555, loss_bbox: 0.0447, loss: 0.1375, grad_norm: 1.1371
2026-05-12 07:10:59,080 - mmdet - INFO - Epoch [129][150/186]	lr: 1.228e-02, eta: 3:53:14, time: 0.518, data_time: 0.013, memory: 6155, loss_rpn_cls: 0.0126, loss_rpn_bbox: 0.0021, loss_cls: 0.0720, acc: 97.3184, loss_bbox: 0.0466, loss: 0.1334, grad_norm: 1.1086
2026-05-12 07:11:47,370 - mmdet - INFO - Epoch [130][50/186]	lr: 1.218e-02, eta: 3:52:26, time: 0.591, data_time: 0.083, memory: 6155, loss_rpn_cls: 0.0178, loss_rpn_bbox: 0.0025, loss_cls: 0.0809, acc: 96.9365, loss_bbox: 0.0518, loss: 0.1529, grad_norm: 1.2601
2026-05-12 07:12:13,149 - mmdet - INFO - Epoch [130][100/186]	lr: 1.218e-02, eta: 3:52:09, time: 0.514, data_time: 0.013, memory: 6155, loss_rpn_cls: 0.0148, loss_rpn_bbox: 0.0023, loss_cls: 0.0731, acc: 97.2070, loss_bbox: 0.0457, loss: 0.1359, grad_norm: 1.1771
2026-05-12 07:12:39,066 - mmdet - INFO - Epoch [130][150/186]	lr: 1.218e-02, eta: 3:51:52, time: 0.520, data_time: 0.015, memory: 6155, loss_rpn_cls: 0.0161, loss_rpn_bbox: 0.0026, loss_cls: 0.0795, acc: 97.0059, loss_bbox: 0.0523, loss: 0.1506, grad_norm: 1.1714
2026-05-12 07:12:57,800 - mmdet - INFO - Saving checkpoint at 130 epochs
[                                                  ] 0/371, elapsed: 0s, ETA:[                                 ] 1/371, 0.4 task/s, elapsed: 3s, ETA:   952s[                                 ] 2/371, 0.8 task/s, elapsed: 3s, ETA:   491s[                                 ] 3/371, 1.1 task/s, elapsed: 3s, ETA:   337s[                                 ] 4/371, 1.4 task/s, elapsed: 3s, ETA:   259s[                                 ] 5/371, 1.7 task/s, elapsed: 3s, ETA:   213s[                                 ] 6/371, 2.0 task/s, elapsed: 3s, ETA:   182s[                                 ] 7/371, 2.3 task/s, elapsed: 3s, ETA:   160s[                                 ] 8/371, 2.5 task/s, elapsed: 3s, ETA:   143s[                                 ] 9/371, 2.8 task/s, elapsed: 3s, ETA:   130s[                                ] 10/371, 3.0 task/s, elapsed: 3s, ETA:   120s[                                ] 11/371, 3.2 task/s, elapsed: 3s, ETA:   112s[>                               ] 12/371, 3.4 task/s, elapsed: 3s, ETA:   105s[>                               ] 13/371, 3.6 task/s, elapsed: 4s, ETA:    99s[>                               ] 14/371, 3.8 task/s, elapsed: 4s, ETA:    93s[>                               ] 15/371, 4.0 task/s, elapsed: 4s, ETA:    89s[>                               ] 16/371, 4.2 task/s, elapsed: 4s, ETA:    85s[>                               ] 17/371, 4.3 task/s, elapsed: 4s, ETA:    81s[>                               ] 18/371, 4.5 task/s, elapsed: 4s, ETA:    78s[>                               ] 19/371, 4.7 task/s, elapsed: 4s, ETA:    76s[>                               ] 20/371, 4.8 task/s, elapsed: 4s, ETA:    73s[>                               ] 21/371, 4.9 task/s, elapsed: 4s, ETA:    71s[>                               ] 22/371, 5.1 task/s, elapsed: 4s, ETA:    69s[>                               ] 23/371, 5.2 task/s, elapsed: 4s, ETA:    67s[>>                              ] 24/371, 5.3 task/s, elapsed: 4s, ETA:    65s[>>                              ] 25/371, 5.5 task/s, elapsed: 5s, ETA:    63s[>>                              ] 26/371, 5.6 task/s, elapsed: 5s, ETA:    62s[>>                              ] 27/371, 5.7 task/s, elapsed: 5s, ETA:    60s[>>                              ] 28/371, 5.8 task/s, elapsed: 5s, ETA:    59s[>>                              ] 29/371, 5.9 task/s, elapsed: 5s, ETA:    58s[>>                              ] 30/371, 6.0 task/s, elapsed: 5s, ETA:    57s[>>                              ] 31/371, 6.1 task/s, elapsed: 5s, ETA:    56s[>>                              ] 32/371, 6.2 task/s, elapsed: 5s, ETA:    55s[>>                              ] 33/371, 6.3 task/s, elapsed: 5s, ETA:    54s[>>                              ] 34/371, 6.4 task/s, elapsed: 5s, ETA:    53s[>>>                             ] 35/371, 6.5 task/s, elapsed: 5s, ETA:    52s[>>>                             ] 36/371, 6.5 task/s, elapsed: 6s, ETA:    51s[>>>                             ] 37/371, 6.6 task/s, elapsed: 6s, ETA:    50s[>>>                             ] 38/371, 6.7 task/s, elapsed: 6s, ETA:    50s[>>>                             ] 39/371, 6.8 task/s, elapsed: 6s, ETA:    49s[>>>                             ] 40/371, 6.9 task/s, elapsed: 6s, ETA:    48s[>>>                             ] 41/371, 6.9 task/s, elapsed: 6s, ETA:    48s[>>>                             ] 42/371, 7.0 task/s, elapsed: 6s, ETA:    47s[>>>                             ] 43/371, 7.1 task/s, elapsed: 6s, ETA:    46s[>>>                             ] 44/371, 7.1 task/s, elapsed: 6s, ETA:    46s[>>>                             ] 45/371, 7.2 task/s, elapsed: 6s, ETA:    45s[>>>                             ] 46/371, 7.3 task/s, elapsed: 6s, ETA:    45s[>>>>                            ] 47/371, 7.3 task/s, elapsed: 6s, ETA:    44s[>>>>                            ] 48/371, 7.4 task/s, elapsed: 6s, ETA:    44s[>>>>                            ] 49/371, 7.4 task/s, elapsed: 7s, ETA:    43s[>>>>                            ] 50/371, 7.5 task/s, elapsed: 7s, ETA:    43s[>>>>                            ] 51/371, 7.6 task/s, elapsed: 7s, ETA:    42s[>>>>                            ] 52/371, 7.6 task/s, elapsed: 7s, ETA:    42s[>>>>                            ] 53/371, 7.7 task/s, elapsed: 7s, ETA:    41s[>>>>                            ] 54/371, 7.7 task/s, elapsed: 7s, ETA:    41s[>>>>                            ] 55/371, 7.8 task/s, elapsed: 7s, ETA:    41s[>>>>                            ] 56/371, 7.8 task/s, elapsed: 7s, ETA:    40s[>>>>                            ] 57/371, 7.9 task/s, elapsed: 7s, ETA:    40s[>>>>>                           ] 58/371, 7.9 task/s, elapsed: 7s, ETA:    40s[>>>>>                           ] 59/371, 8.0 task/s, elapsed: 7s, ETA:    39s[>>>>>                           ] 60/371, 8.0 task/s, elapsed: 7s, ETA:    39s[>>>>>                           ] 61/371, 8.0 task/s, elapsed: 8s, ETA:    39s[>>>>>                           ] 62/371, 8.1 task/s, elapsed: 8s, ETA:    38s[>>>>>                           ] 63/371, 8.1 task/s, elapsed: 8s, ETA:    38s[>>>>>                           ] 64/371, 8.2 task/s, elapsed: 8s, ETA:    38s[>>>>>                           ] 65/371, 8.2 task/s, elapsed: 8s, ETA:    37s[>>>>>                           ] 66/371, 8.3 task/s, elapsed: 8s, ETA:    37s[>>>>>                           ] 67/371, 8.3 task/s, elapsed: 8s, ETA:    37s[>>>>>                           ] 68/371, 8.3 task/s, elapsed: 8s, ETA:    36s[>>>>>                           ] 69/371, 8.4 task/s, elapsed: 8s, ETA:    36s[>>>>>>                          ] 70/371, 8.4 task/s, elapsed: 8s, ETA:    36s[>>>>>>                          ] 71/371, 8.4 task/s, elapsed: 8s, ETA:    36s[>>>>>>                          ] 72/371, 8.5 task/s, elapsed: 8s, ETA:    35s[>>>>>>                          ] 73/371, 8.5 task/s, elapsed: 9s, ETA:    35s[>>>>>>                          ] 74/371, 8.5 task/s, elapsed: 9s, ETA:    35s[>>>>>>                          ] 75/371, 8.6 task/s, elapsed: 9s, ETA:    35s[>>>>>>                          ] 76/371, 8.6 task/s, elapsed: 9s, ETA:    34s[>>>>>>                          ] 77/371, 8.6 task/s, elapsed: 9s, ETA:    34s[>>>>>>                          ] 78/371, 8.7 task/s, elapsed: 9s, ETA:    34s[>>>>>>                          ] 79/371, 8.7 task/s, elapsed: 9s, ETA:    34s[>>>>>>                          ] 80/371, 8.7 task/s, elapsed: 9s, ETA:    33s[>>>>>>                          ] 81/371, 8.8 task/s, elapsed: 9s, ETA:    33s[>>>>>>>                         ] 82/371, 8.8 task/s, elapsed: 9s, ETA:    33s[>>>>>>>                         ] 83/371, 8.8 task/s, elapsed: 9s, ETA:    33s[>>>>>>>                        ] 84/371, 8.8 task/s, elapsed: 10s, ETA:    32s[>>>>>>>                        ] 85/371, 8.9 task/s, elapsed: 10s, ETA:    32s[>>>>>>>                        ] 86/371, 8.9 task/s, elapsed: 10s, ETA:    32s[>>>>>>>                        ] 87/371, 8.9 task/s, elapsed: 10s, ETA:    32s[>>>>>>>                        ] 88/371, 8.9 task/s, elapsed: 10s, ETA:    32s[>>>>>>>                        ] 89/371, 9.0 task/s, elapsed: 10s, ETA:    31s[>>>>>>>                        ] 90/371, 9.0 task/s, elapsed: 10s, ETA:    31s[>>>>>>>                        ] 91/371, 9.0 task/s, elapsed: 10s, ETA:    31s[>>>>>>>                        ] 92/371, 9.0 task/s, elapsed: 10s, ETA:    31s[>>>>>>>                        ] 93/371, 9.1 task/s, elapsed: 10s, ETA:    31s[>>>>>>>                        ] 94/371, 9.1 task/s, elapsed: 10s, ETA:    30s[>>>>>>>                        ] 95/371, 9.1 task/s, elapsed: 10s, ETA:    30s[>>>>>>>>                       ] 96/371, 9.1 task/s, elapsed: 11s, ETA:    30s[>>>>>>>>                       ] 97/371, 9.2 task/s, elapsed: 11s, ETA:    30s[>>>>>>>>                       ] 98/371, 9.2 task/s, elapsed: 11s, ETA:    30s[>>>>>>>>                       ] 99/371, 9.2 task/s, elapsed: 11s, ETA:    30s[>>>>>>>>                      ] 100/371, 9.2 task/s, elapsed: 11s, ETA:    29s[>>>>>>>>                      ] 101/371, 9.2 task/s, elapsed: 11s, ETA:    29s[>>>>>>>>                      ] 102/371, 9.3 task/s, elapsed: 11s, ETA:    29s[>>>>>>>>                      ] 103/371, 9.3 task/s, elapsed: 11s, ETA:    29s[>>>>>>>>                      ] 104/371, 9.3 task/s, elapsed: 11s, ETA:    29s[>>>>>>>>                      ] 105/371, 9.3 task/s, elapsed: 11s, ETA:    29s[>>>>>>>>                      ] 106/371, 9.3 task/s, elapsed: 11s, ETA:    28s[>>>>>>>>                      ] 107/371, 9.4 task/s, elapsed: 11s, ETA:    28s[>>>>>>>>                      ] 108/371, 9.4 task/s, elapsed: 12s, ETA:    28s[>>>>>>>>                      ] 109/371, 9.4 task/s, elapsed: 12s, ETA:    28s[>>>>>>>>                      ] 110/371, 9.4 task/s, elapsed: 12s, ETA:    28s[>>>>>>>>                      ] 111/371, 9.4 task/s, elapsed: 12s, ETA:    28s[>>>>>>>>>                     ] 112/371, 9.5 task/s, elapsed: 12s, ETA:    27s[>>>>>>>>>                     ] 113/371, 9.5 task/s, elapsed: 12s, ETA:    27s[>>>>>>>>>                     ] 114/371, 9.5 task/s, elapsed: 12s, ETA:    27s[>>>>>>>>>                     ] 115/371, 9.5 task/s, elapsed: 12s, ETA:    27s[>>>>>>>>>                     ] 116/371, 9.5 task/s, elapsed: 12s, ETA:    27s[>>>>>>>>>                     ] 117/371, 9.5 task/s, elapsed: 12s, ETA:    27s[>>>>>>>>>                     ] 118/371, 9.6 task/s, elapsed: 12s, ETA:    26s[>>>>>>>>>                     ] 119/371, 9.6 task/s, elapsed: 12s, ETA:    26s[>>>>>>>>>                     ] 120/371, 9.6 task/s, elapsed: 13s, ETA:    26s[>>>>>>>>>                     ] 121/371, 9.6 task/s, elapsed: 13s, ETA:    26s[>>>>>>>>>                     ] 122/371, 9.6 task/s, elapsed: 13s, ETA:    26s[>>>>>>>>>                     ] 123/371, 9.6 task/s, elapsed: 13s, ETA:    26s[>>>>>>>>>>                    ] 124/371, 9.7 task/s, elapsed: 13s, ETA:    26s[>>>>>>>>>>                    ] 125/371, 9.7 task/s, elapsed: 13s, ETA:    25s[>>>>>>>>>>                    ] 126/371, 9.7 task/s, elapsed: 13s, ETA:    25s[>>>>>>>>>>                    ] 127/371, 9.7 task/s, elapsed: 13s, ETA:    25s[>>>>>>>>>>                    ] 128/371, 9.7 task/s, elapsed: 13s, ETA:    25s[>>>>>>>>>>                    ] 129/371, 9.7 task/s, elapsed: 13s, ETA:    25s[>>>>>>>>>>                    ] 130/371, 9.7 task/s, elapsed: 13s, ETA:    25s[>>>>>>>>>>                    ] 131/371, 9.7 task/s, elapsed: 13s, ETA:    25s[>>>>>>>>>>                    ] 132/371, 9.8 task/s, elapsed: 14s, ETA:    24s[>>>>>>>>>>                    ] 133/371, 9.8 task/s, elapsed: 14s, ETA:    24s[>>>>>>>>>>                    ] 134/371, 9.8 task/s, elapsed: 14s, ETA:    24s[>>>>>>>>>>                    ] 135/371, 9.8 task/s, elapsed: 14s, ETA:    24s[>>>>>>>>>>                    ] 136/371, 9.8 task/s, elapsed: 14s, ETA:    24s[>>>>>>>>>>>                   ] 137/371, 9.8 task/s, elapsed: 14s, ETA:    24s[>>>>>>>>>>>                   ] 138/371, 9.8 task/s, elapsed: 14s, ETA:    24s[>>>>>>>>>>>                   ] 139/371, 9.9 task/s, elapsed: 14s, ETA:    24s[>>>>>>>>>>>                   ] 140/371, 9.9 task/s, elapsed: 14s, ETA:    23s[>>>>>>>>>>>                   ] 141/371, 9.9 task/s, elapsed: 14s, ETA:    23s[>>>>>>>>>>>                   ] 142/371, 9.9 task/s, elapsed: 14s, ETA:    23s[>>>>>>>>>>>                   ] 143/371, 9.9 task/s, elapsed: 14s, ETA:    23s[>>>>>>>>>>>                   ] 144/371, 9.9 task/s, elapsed: 15s, ETA:    23s[>>>>>>>>>>>                   ] 145/371, 9.9 task/s, elapsed: 15s, ETA:    23s[>>>>>>>>>>>                   ] 146/371, 9.9 task/s, elapsed: 15s, ETA:    23s[>>>>>>>>>>>                   ] 147/371, 9.9 task/s, elapsed: 15s, ETA:    23s[>>>>>>>>>>>                  ] 148/371, 10.0 task/s, elapsed: 15s, ETA:    22s[>>>>>>>>>>>                  ] 149/371, 10.0 task/s, elapsed: 15s, ETA:    22s[>>>>>>>>>>>                  ] 150/371, 10.0 task/s, elapsed: 15s, ETA:    22s[>>>>>>>>>>>                  ] 151/371, 10.0 task/s, elapsed: 15s, ETA:    22s[>>>>>>>>>>>                  ] 152/371, 10.0 task/s, elapsed: 15s, ETA:    22s[>>>>>>>>>>>                  ] 153/371, 10.0 task/s, elapsed: 15s, ETA:    22s[>>>>>>>>>>>>                 ] 154/371, 10.0 task/s, elapsed: 15s, ETA:    22s[>>>>>>>>>>>>                 ] 155/371, 10.0 task/s, elapsed: 15s, ETA:    22s[>>>>>>>>>>>>                 ] 156/371, 10.0 task/s, elapsed: 16s, ETA:    21s[>>>>>>>>>>>>                 ] 157/371, 10.1 task/s, elapsed: 16s, ETA:    21s[>>>>>>>>>>>>                 ] 158/371, 10.1 task/s, elapsed: 16s, ETA:    21s[>>>>>>>>>>>>                 ] 159/371, 10.1 task/s, elapsed: 16s, ETA:    21s[>>>>>>>>>>>>                 ] 160/371, 10.1 task/s, elapsed: 16s, ETA:    21s[>>>>>>>>>>>>                 ] 161/371, 10.1 task/s, elapsed: 16s, ETA:    21s[>>>>>>>>>>>>                 ] 162/371, 10.1 task/s, elapsed: 16s, ETA:    21s[>>>>>>>>>>>>                 ] 163/371, 10.1 task/s, elapsed: 16s, ETA:    21s[>>>>>>>>>>>>                 ] 164/371, 10.1 task/s, elapsed: 16s, ETA:    20s[>>>>>>>>>>>>                 ] 165/371, 10.1 task/s, elapsed: 16s, ETA:    20s[>>>>>>>>>>>>                 ] 166/371, 10.1 task/s, elapsed: 16s, ETA:    20s[>>>>>>>>>>>>>                ] 167/371, 10.1 task/s, elapsed: 16s, ETA:    20s[>>>>>>>>>>>>>                ] 168/371, 10.2 task/s, elapsed: 17s, ETA:    20s[>>>>>>>>>>>>>                ] 169/371, 10.2 task/s, elapsed: 17s, ETA:    20s[>>>>>>>>>>>>>                ] 170/371, 10.2 task/s, elapsed: 17s, ETA:    20s[>>>>>>>>>>>>>                ] 171/371, 10.2 task/s, elapsed: 17s, ETA:    20s[>>>>>>>>>>>>>                ] 172/371, 10.2 task/s, elapsed: 17s, ETA:    20s[>>>>>>>>>>>>>                ] 173/371, 10.2 task/s, elapsed: 17s, ETA:    19s[>>>>>>>>>>>>>                ] 174/371, 10.2 task/s, elapsed: 17s, ETA:    19s[>>>>>>>>>>>>>                ] 175/371, 10.2 task/s, elapsed: 17s, ETA:    19s[>>>>>>>>>>>>>                ] 176/371, 10.2 task/s, elapsed: 17s, ETA:    19s[>>>>>>>>>>>>>                ] 177/371, 10.2 task/s, elapsed: 17s, ETA:    19s[>>>>>>>>>>>>>                ] 178/371, 10.2 task/s, elapsed: 17s, ETA:    19s[>>>>>>>>>>>>>                ] 179/371, 10.3 task/s, elapsed: 17s, ETA:    19s[>>>>>>>>>>>>>>               ] 180/371, 10.3 task/s, elapsed: 18s, ETA:    19s[>>>>>>>>>>>>>>               ] 181/371, 10.3 task/s, elapsed: 18s, ETA:    18s[>>>>>>>>>>>>>>               ] 182/371, 10.3 task/s, elapsed: 18s, ETA:    18s[>>>>>>>>>>>>>>               ] 183/371, 10.3 task/s, elapsed: 18s, ETA:    18s[>>>>>>>>>>>>>>               ] 184/371, 10.3 task/s, elapsed: 18s, ETA:    18s[>>>>>>>>>>>>>>               ] 185/371, 10.3 task/s, elapsed: 18s, ETA:    18s[>>>>>>>>>>>>>>               ] 186/371, 10.3 task/s, elapsed: 18s, ETA:    18s[>>>>>>>>>>>>>>               ] 187/371, 10.3 task/s, elapsed: 18s, ETA:    18s[>>>>>>>>>>>>>>               ] 188/371, 10.3 task/s, elapsed: 18s, ETA:    18s[>>>>>>>>>>>>>>               ] 189/371, 10.3 task/s, elapsed: 18s, ETA:    18s[>>>>>>>>>>>>>>               ] 190/371, 10.3 task/s, elapsed: 18s, ETA:    18s[>>>>>>>>>>>>>>               ] 191/371, 10.3 task/s, elapsed: 18s, ETA:    17s[>>>>>>>>>>>>>>>              ] 192/371, 10.4 task/s, elapsed: 19s, ETA:    17s[>>>>>>>>>>>>>>>              ] 193/371, 10.4 task/s, elapsed: 19s, ETA:    17s[>>>>>>>>>>>>>>>              ] 194/371, 10.4 task/s, elapsed: 19s, ETA:    17s[>>>>>>>>>>>>>>>              ] 195/371, 10.4 task/s, elapsed: 19s, ETA:    17s[>>>>>>>>>>>>>>>              ] 196/371, 10.4 task/s, elapsed: 19s, ETA:    17s[>>>>>>>>>>>>>>>              ] 197/371, 10.4 task/s, elapsed: 19s, ETA:    17s[>>>>>>>>>>>>>>>              ] 198/371, 10.4 task/s, elapsed: 19s, ETA:    17s[>>>>>>>>>>>>>>>              ] 199/371, 10.4 task/s, elapsed: 19s, ETA:    17s[>>>>>>>>>>>>>>>              ] 200/371, 10.4 task/s, elapsed: 19s, ETA:    16s[>>>>>>>>>>>>>>>              ] 201/371, 10.4 task/s, elapsed: 19s, ETA:    16s[>>>>>>>>>>>>>>>              ] 202/371, 10.4 task/s, elapsed: 19s, ETA:    16s[>>>>>>>>>>>>>>>              ] 203/371, 10.4 task/s, elapsed: 19s, ETA:    16s[>>>>>>>>>>>>>>>              ] 204/371, 10.4 task/s, elapsed: 20s, ETA:    16s[>>>>>>>>>>>>>>>>             ] 205/371, 10.4 task/s, elapsed: 20s, ETA:    16s[>>>>>>>>>>>>>>>>             ] 206/371, 10.4 task/s, elapsed: 20s, ETA:    16s[>>>>>>>>>>>>>>>>             ] 207/371, 10.5 task/s, elapsed: 20s, ETA:    16s[>>>>>>>>>>>>>>>>             ] 208/371, 10.5 task/s, elapsed: 20s, ETA:    16s[>>>>>>>>>>>>>>>>             ] 209/371, 10.5 task/s, elapsed: 20s, ETA:    15s[>>>>>>>>>>>>>>>>             ] 210/371, 10.5 task/s, elapsed: 20s, ETA:    15s[>>>>>>>>>>>>>>>>             ] 211/371, 10.5 task/s, elapsed: 20s, ETA:    15s[>>>>>>>>>>>>>>>>             ] 212/371, 10.5 task/s, elapsed: 20s, ETA:    15s[>>>>>>>>>>>>>>>>             ] 213/371, 10.5 task/s, elapsed: 20s, ETA:    15s[>>>>>>>>>>>>>>>>             ] 214/371, 10.5 task/s, elapsed: 20s, ETA:    15s[>>>>>>>>>>>>>>>>             ] 215/371, 10.5 task/s, elapsed: 20s, ETA:    15s[>>>>>>>>>>>>>>>>             ] 216/371, 10.5 task/s, elapsed: 21s, ETA:    15s[>>>>>>>>>>>>>>>>             ] 217/371, 10.5 task/s, elapsed: 21s, ETA:    15s[>>>>>>>>>>>>>>>>>            ] 218/371, 10.5 task/s, elapsed: 21s, ETA:    15s[>>>>>>>>>>>>>>>>>            ] 219/371, 10.5 task/s, elapsed: 21s, ETA:    14s[>>>>>>>>>>>>>>>>>            ] 220/371, 10.5 task/s, elapsed: 21s, ETA:    14s[>>>>>>>>>>>>>>>>>            ] 221/371, 10.5 task/s, elapsed: 21s, ETA:    14s[>>>>>>>>>>>>>>>>>            ] 222/371, 10.5 task/s, elapsed: 21s, ETA:    14s[>>>>>>>>>>>>>>>>>            ] 223/371, 10.5 task/s, elapsed: 21s, ETA:    14s[>>>>>>>>>>>>>>>>>            ] 224/371, 10.6 task/s, elapsed: 21s, ETA:    14s[>>>>>>>>>>>>>>>>>            ] 225/371, 10.6 task/s, elapsed: 21s, ETA:    14s[>>>>>>>>>>>>>>>>>            ] 226/371, 10.6 task/s, elapsed: 21s, ETA:    14s[>>>>>>>>>>>>>>>>>            ] 227/371, 10.6 task/s, elapsed: 21s, ETA:    14s[>>>>>>>>>>>>>>>>>            ] 228/371, 10.6 task/s, elapsed: 22s, ETA:    14s[>>>>>>>>>>>>>>>>>            ] 229/371, 10.6 task/s, elapsed: 22s, ETA:    13s[>>>>>>>>>>>>>>>>>            ] 230/371, 10.6 task/s, elapsed: 22s, ETA:    13s[>>>>>>>>>>>>>>>>>>           ] 231/371, 10.6 task/s, elapsed: 22s, ETA:    13s[>>>>>>>>>>>>>>>>>>           ] 232/371, 10.6 task/s, elapsed: 22s, ETA:    13s[>>>>>>>>>>>>>>>>>>           ] 233/371, 10.6 task/s, elapsed: 22s, ETA:    13s[>>>>>>>>>>>>>>>>>>           ] 234/371, 10.6 task/s, elapsed: 22s, ETA:    13s[>>>>>>>>>>>>>>>>>>           ] 235/371, 10.6 task/s, elapsed: 22s, ETA:    13s[>>>>>>>>>>>>>>>>>>           ] 236/371, 10.6 task/s, elapsed: 22s, ETA:    13s[>>>>>>>>>>>>>>>>>>           ] 237/371, 10.6 task/s, elapsed: 22s, ETA:    13s[>>>>>>>>>>>>>>>>>>           ] 238/371, 10.6 task/s, elapsed: 22s, ETA:    13s[>>>>>>>>>>>>>>>>>>           ] 239/371, 10.6 task/s, elapsed: 22s, ETA:    12s[>>>>>>>>>>>>>>>>>>           ] 240/371, 10.6 task/s, elapsed: 23s, ETA:    12s[>>>>>>>>>>>>>>>>>>           ] 241/371, 10.6 task/s, elapsed: 23s, ETA:    12s[>>>>>>>>>>>>>>>>>>           ] 242/371, 10.6 task/s, elapsed: 23s, ETA:    12s[>>>>>>>>>>>>>>>>>>           ] 243/371, 10.6 task/s, elapsed: 23s, ETA:    12s[>>>>>>>>>>>>>>>>>>>          ] 244/371, 10.7 task/s, elapsed: 23s, ETA:    12s[>>>>>>>>>>>>>>>>>>>          ] 245/371, 10.7 task/s, elapsed: 23s, ETA:    12s[>>>>>>>>>>>>>>>>>>>          ] 246/371, 10.7 task/s, elapsed: 23s, ETA:    12s[>>>>>>>>>>>>>>>>>>>          ] 247/371, 10.7 task/s, elapsed: 23s, ETA:    12s[>>>>>>>>>>>>>>>>>>>          ] 248/371, 10.7 task/s, elapsed: 23s, ETA:    12s[>>>>>>>>>>>>>>>>>>>          ] 249/371, 10.7 task/s, elapsed: 23s, ETA:    11s[>>>>>>>>>>>>>>>>>>>          ] 250/371, 10.7 task/s, elapsed: 23s, ETA:    11s[>>>>>>>>>>>>>>>>>>>          ] 251/371, 10.7 task/s, elapsed: 23s, ETA:    11s[>>>>>>>>>>>>>>>>>>>          ] 252/371, 10.7 task/s, elapsed: 24s, ETA:    11s[>>>>>>>>>>>>>>>>>>>          ] 253/371, 10.7 task/s, elapsed: 24s, ETA:    11s[>>>>>>>>>>>>>>>>>>>          ] 254/371, 10.7 task/s, elapsed: 24s, ETA:    11s[>>>>>>>>>>>>>>>>>>>          ] 255/371, 10.7 task/s, elapsed: 24s, ETA:    11s[>>>>>>>>>>>>>>>>>>>>         ] 256/371, 10.7 task/s, elapsed: 24s, ETA:    11s[>>>>>>>>>>>>>>>>>>>>         ] 257/371, 10.7 task/s, elapsed: 24s, ETA:    11s[>>>>>>>>>>>>>>>>>>>>         ] 258/371, 10.7 task/s, elapsed: 24s, ETA:    11s[>>>>>>>>>>>>>>>>>>>>         ] 259/371, 10.7 task/s, elapsed: 24s, ETA:    10s[>>>>>>>>>>>>>>>>>>>>         ] 260/371, 10.7 task/s, elapsed: 24s, ETA:    10s[>>>>>>>>>>>>>>>>>>>>         ] 261/371, 10.7 task/s, elapsed: 24s, ETA:    10s[>>>>>>>>>>>>>>>>>>>>         ] 262/371, 10.7 task/s, elapsed: 24s, ETA:    10s[>>>>>>>>>>>>>>>>>>>>         ] 263/371, 10.7 task/s, elapsed: 24s, ETA:    10s[>>>>>>>>>>>>>>>>>>>>         ] 264/371, 10.7 task/s, elapsed: 25s, ETA:    10s[>>>>>>>>>>>>>>>>>>>>         ] 265/371, 10.7 task/s, elapsed: 25s, ETA:    10s[>>>>>>>>>>>>>>>>>>>>         ] 266/371, 10.7 task/s, elapsed: 25s, ETA:    10s[>>>>>>>>>>>>>>>>>>>>         ] 267/371, 10.8 task/s, elapsed: 25s, ETA:    10s[>>>>>>>>>>>>>>>>>>>>         ] 268/371, 10.8 task/s, elapsed: 25s, ETA:    10s[>>>>>>>>>>>>>>>>>>>>>        ] 269/371, 10.8 task/s, elapsed: 25s, ETA:     9s[>>>>>>>>>>>>>>>>>>>>>        ] 270/371, 10.8 task/s, elapsed: 25s, ETA:     9s[>>>>>>>>>>>>>>>>>>>>>        ] 271/371, 10.8 task/s, elapsed: 25s, ETA:     9s[>>>>>>>>>>>>>>>>>>>>>        ] 272/371, 10.8 task/s, elapsed: 25s, ETA:     9s[>>>>>>>>>>>>>>>>>>>>>        ] 273/371, 10.8 task/s, elapsed: 25s, ETA:     9s[>>>>>>>>>>>>>>>>>>>>>        ] 274/371, 10.8 task/s, elapsed: 25s, ETA:     9s[>>>>>>>>>>>>>>>>>>>>>        ] 275/371, 10.8 task/s, elapsed: 25s, ETA:     9s[>>>>>>>>>>>>>>>>>>>>>        ] 276/371, 10.8 task/s, elapsed: 26s, ETA:     9s[>>>>>>>>>>>>>>>>>>>>>        ] 277/371, 10.8 task/s, elapsed: 26s, ETA:     9s[>>>>>>>>>>>>>>>>>>>>>        ] 278/371, 10.8 task/s, elapsed: 26s, ETA:     9s[>>>>>>>>>>>>>>>>>>>>>        ] 279/371, 10.8 task/s, elapsed: 26s, ETA:     9s[>>>>>>>>>>>>>>>>>>>>>        ] 280/371, 10.8 task/s, elapsed: 26s, ETA:     8s[>>>>>>>>>>>>>>>>>>>>>        ] 281/371, 10.8 task/s, elapsed: 26s, ETA:     8s[>>>>>>>>>>>>>>>>>>>>>>       ] 282/371, 10.8 task/s, elapsed: 26s, ETA:     8s[>>>>>>>>>>>>>>>>>>>>>>       ] 283/371, 10.8 task/s, elapsed: 26s, ETA:     8s[>>>>>>>>>>>>>>>>>>>>>>       ] 284/371, 10.8 task/s, elapsed: 26s, ETA:     8s[>>>>>>>>>>>>>>>>>>>>>>       ] 285/371, 10.8 task/s, elapsed: 26s, ETA:     8s[>>>>>>>>>>>>>>>>>>>>>>       ] 286/371, 10.8 task/s, elapsed: 26s, ETA:     8s[>>>>>>>>>>>>>>>>>>>>>>       ] 287/371, 10.8 task/s, elapsed: 27s, ETA:     8s[>>>>>>>>>>>>>>>>>>>>>>       ] 288/371, 10.8 task/s, elapsed: 27s, ETA:     8s[>>>>>>>>>>>>>>>>>>>>>>       ] 289/371, 10.8 task/s, elapsed: 27s, ETA:     8s[>>>>>>>>>>>>>>>>>>>>>>       ] 290/371, 10.8 task/s, elapsed: 27s, ETA:     7s[>>>>>>>>>>>>>>>>>>>>>>       ] 291/371, 10.8 task/s, elapsed: 27s, ETA:     7s[>>>>>>>>>>>>>>>>>>>>>>       ] 292/371, 10.8 task/s, elapsed: 27s, ETA:     7s[>>>>>>>>>>>>>>>>>>>>>>       ] 293/371, 10.8 task/s, elapsed: 27s, ETA:     7s[>>>>>>>>>>>>>>>>>>>>>>       ] 294/371, 10.8 task/s, elapsed: 27s, ETA:     7s[>>>>>>>>>>>>>>>>>>>>>>>      ] 295/371, 10.9 task/s, elapsed: 27s, ETA:     7s[>>>>>>>>>>>>>>>>>>>>>>>      ] 296/371, 10.9 task/s, elapsed: 27s, ETA:     7s[>>>>>>>>>>>>>>>>>>>>>>>      ] 297/371, 10.9 task/s, elapsed: 27s, ETA:     7s[>>>>>>>>>>>>>>>>>>>>>>>      ] 298/371, 10.9 task/s, elapsed: 27s, ETA:     7s[>>>>>>>>>>>>>>>>>>>>>>>      ] 299/371, 10.9 task/s, elapsed: 28s, ETA:     7s[>>>>>>>>>>>>>>>>>>>>>>>      ] 300/371, 10.9 task/s, elapsed: 28s, ETA:     7s[>>>>>>>>>>>>>>>>>>>>>>>      ] 301/371, 10.9 task/s, elapsed: 28s, ETA:     6s[>>>>>>>>>>>>>>>>>>>>>>>      ] 302/371, 10.9 task/s, elapsed: 28s, ETA:     6s[>>>>>>>>>>>>>>>>>>>>>>>      ] 303/371, 10.9 task/s, elapsed: 28s, ETA:     6s[>>>>>>>>>>>>>>>>>>>>>>>      ] 304/371, 10.9 task/s, elapsed: 28s, ETA:     6s[>>>>>>>>>>>>>>>>>>>>>>>      ] 305/371, 10.9 task/s, elapsed: 28s, ETA:     6s[>>>>>>>>>>>>>>>>>>>>>>>      ] 306/371, 10.9 task/s, elapsed: 28s, ETA:     6s[>>>>>>>>>>>>>>>>>>>>>>>      ] 307/371, 10.9 task/s, elapsed: 28s, ETA:     6s[>>>>>>>>>>>>>>>>>>>>>>>>     ] 308/371, 10.9 task/s, elapsed: 28s, ETA:     6s[>>>>>>>>>>>>>>>>>>>>>>>>     ] 309/371, 10.9 task/s, elapsed: 28s, ETA:     6s[>>>>>>>>>>>>>>>>>>>>>>>>     ] 310/371, 10.9 task/s, elapsed: 28s, ETA:     6s[>>>>>>>>>>>>>>>>>>>>>>>>     ] 311/371, 10.9 task/s, elapsed: 29s, ETA:     6s[>>>>>>>>>>>>>>>>>>>>>>>>     ] 312/371, 10.9 task/s, elapsed: 29s, ETA:     5s[>>>>>>>>>>>>>>>>>>>>>>>>     ] 313/371, 10.9 task/s, elapsed: 29s, ETA:     5s[>>>>>>>>>>>>>>>>>>>>>>>>     ] 314/371, 10.9 task/s, elapsed: 29s, ETA:     5s[>>>>>>>>>>>>>>>>>>>>>>>>     ] 315/371, 10.9 task/s, elapsed: 29s, ETA:     5s[>>>>>>>>>>>>>>>>>>>>>>>>     ] 316/371, 10.9 task/s, elapsed: 29s, ETA:     5s[>>>>>>>>>>>>>>>>>>>>>>>>     ] 317/371, 10.9 task/s, elapsed: 29s, ETA:     5s[>>>>>>>>>>>>>>>>>>>>>>>>     ] 318/371, 10.9 task/s, elapsed: 29s, ETA:     5s[>>>>>>>>>>>>>>>>>>>>>>>>     ] 319/371, 10.9 task/s, elapsed: 29s, ETA:     5s[>>>>>>>>>>>>>>>>>>>>>>>>>    ] 320/371, 10.9 task/s, elapsed: 29s, ETA:     5s[>>>>>>>>>>>>>>>>>>>>>>>>>    ] 321/371, 10.9 task/s, elapsed: 29s, ETA:     5s[>>>>>>>>>>>>>>>>>>>>>>>>>    ] 322/371, 10.9 task/s, elapsed: 29s, ETA:     4s[>>>>>>>>>>>>>>>>>>>>>>>>>    ] 323/371, 10.9 task/s, elapsed: 30s, ETA:     4s[>>>>>>>>>>>>>>>>>>>>>>>>>    ] 324/371, 10.9 task/s, elapsed: 30s, ETA:     4s[>>>>>>>>>>>>>>>>>>>>>>>>>    ] 325/371, 10.9 task/s, elapsed: 30s, ETA:     4s[>>>>>>>>>>>>>>>>>>>>>>>>>    ] 326/371, 10.9 task/s, elapsed: 30s, ETA:     4s[>>>>>>>>>>>>>>>>>>>>>>>>>    ] 327/371, 10.9 task/s, elapsed: 30s, ETA:     4s[>>>>>>>>>>>>>>>>>>>>>>>>>    ] 328/371, 10.9 task/s, elapsed: 30s, ETA:     4s[>>>>>>>>>>>>>>>>>>>>>>>>>    ] 329/371, 10.9 task/s, elapsed: 30s, ETA:     4s[>>>>>>>>>>>>>>>>>>>>>>>>>    ] 330/371, 11.0 task/s, elapsed: 30s, ETA:     4s[>>>>>>>>>>>>>>>>>>>>>>>>>    ] 331/371, 11.0 task/s, elapsed: 30s, ETA:     4s[>>>>>>>>>>>>>>>>>>>>>>>>>    ] 332/371, 11.0 task/s, elapsed: 30s, ETA:     4s[>>>>>>>>>>>>>>>>>>>>>>>>>>   ] 333/371, 11.0 task/s, elapsed: 30s, ETA:     3s[>>>>>>>>>>>>>>>>>>>>>>>>>>   ] 334/371, 11.0 task/s, elapsed: 30s, ETA:     3s[>>>>>>>>>>>>>>>>>>>>>>>>>>   ] 335/371, 11.0 task/s, elapsed: 31s, ETA:     3s[>>>>>>>>>>>>>>>>>>>>>>>>>>   ] 336/371, 11.0 task/s, elapsed: 31s, ETA:     3s[>>>>>>>>>>>>>>>>>>>>>>>>>>   ] 337/371, 11.0 task/s, elapsed: 31s, ETA:     3s[>>>>>>>>>>>>>>>>>>>>>>>>>>   ] 338/371, 11.0 task/s, elapsed: 31s, ETA:     3s[>>>>>>>>>>>>>>>>>>>>>>>>>>   ] 339/371, 11.0 task/s, elapsed: 31s, ETA:     3s[>>>>>>>>>>>>>>>>>>>>>>>>>>   ] 340/371, 11.0 task/s, elapsed: 31s, ETA:     3s[>>>>>>>>>>>>>>>>>>>>>>>>>>   ] 341/371, 11.0 task/s, elapsed: 31s, ETA:     3s[>>>>>>>>>>>>>>>>>>>>>>>>>>   ] 342/371, 11.0 task/s, elapsed: 31s, ETA:     3s[>>>>>>>>>>>>>>>>>>>>>>>>>>   ] 343/371, 11.0 task/s, elapsed: 31s, ETA:     3s[>>>>>>>>>>>>>>>>>>>>>>>>>>   ] 344/371, 11.0 task/s, elapsed: 31s, ETA:     2s[>>>>>>>>>>>>>>>>>>>>>>>>>>   ] 345/371, 11.0 task/s, elapsed: 31s, ETA:     2s[>>>>>>>>>>>>>>>>>>>>>>>>>>>  ] 346/371, 11.0 task/s, elapsed: 31s, ETA:     2s[>>>>>>>>>>>>>>>>>>>>>>>>>>>  ] 347/371, 11.0 task/s, elapsed: 32s, ETA:     2s[>>>>>>>>>>>>>>>>>>>>>>>>>>>  ] 348/371, 11.0 task/s, elapsed: 32s, ETA:     2s[>>>>>>>>>>>>>>>>>>>>>>>>>>>  ] 349/371, 11.0 task/s, elapsed: 32s, ETA:     2s[>>>>>>>>>>>>>>>>>>>>>>>>>>>  ] 350/371, 11.0 task/s, elapsed: 32s, ETA:     2s[>>>>>>>>>>>>>>>>>>>>>>>>>>>  ] 351/371, 11.0 task/s, elapsed: 32s, ETA:     2s[>>>>>>>>>>>>>>>>>>>>>>>>>>>  ] 352/371, 11.0 task/s, elapsed: 32s, ETA:     2s[>>>>>>>>>>>>>>>>>>>>>>>>>>>  ] 353/371, 11.0 task/s, elapsed: 32s, ETA:     2s[>>>>>>>>>>>>>>>>>>>>>>>>>>>  ] 354/371, 11.0 task/s, elapsed: 32s, ETA:     2s[>>>>>>>>>>>>>>>>>>>>>>>>>>>  ] 355/371, 11.0 task/s, elapsed: 32s, ETA:     1s[>>>>>>>>>>>>>>>>>>>>>>>>>>>  ] 356/371, 11.0 task/s, elapsed: 32s, ETA:     1s[>>>>>>>>>>>>>>>>>>>>>>>>>>>  ] 357/371, 11.0 task/s, elapsed: 32s, ETA:     1s[>>>>>>>>>>>>>>>>>>>>>>>>>>>  ] 358/371, 11.0 task/s, elapsed: 32s, ETA:     1s[>>>>>>>>>>>>>>>>>>>>>>>>>>>> ] 359/371, 11.0 task/s, elapsed: 33s, ETA:     1s[>>>>>>>>>>>>>>>>>>>>>>>>>>>> ] 360/371, 11.0 task/s, elapsed: 33s, ETA:     1s[>>>>>>>>>>>>>>>>>>>>>>>>>>>> ] 361/371, 11.0 task/s, elapsed: 33s, ETA:     1s[>>>>>>>>>>>>>>>>>>>>>>>>>>>> ] 362/371, 11.0 task/s, elapsed: 33s, ETA:     1s[>>>>>>>>>>>>>>>>>>>>>>>>>>>> ] 363/371, 11.0 task/s, elapsed: 33s, ETA:     1s[>>>>>>>>>>>>>>>>>>>>>>>>>>>> ] 364/371, 11.0 task/s, elapsed: 33s, ETA:     1s[>>>>>>>>>>>>>>>>>>>>>>>>>>>> ] 365/371, 11.0 task/s, elapsed: 33s, ETA:     1s[>>>>>>>>>>>>>>>>>>>>>>>>>>>> ] 366/371, 11.0 task/s, elapsed: 33s, ETA:     0s[>>>>>>>>>>>>>>>>>>>>>>>>>>>> ] 367/371, 11.0 task/s, elapsed: 33s, ETA:     0s[>>>>>>>>>>>>>>>>>>>>>>>>>>>> ] 368/371, 11.0 task/s, elapsed: 33s, ETA:     0s[>>>>>>>>>>>>>>>>>>>>>>>>>>>> ] 369/371, 11.0 task/s, elapsed: 33s, ETA:     0s[>>>>>>>>>>>>>>>>>>>>>>>>>>>> ] 370/371, 11.1 task/s, elapsed: 33s, ETA:     0s[>>>>>>>>>>>>>>>>>>>>>>>>>>>>>] 371/371, 11.1 task/s, elapsed: 34s, ETA:     0s

2026-05-12 07:13:33,266 - mmdet - INFO - Evaluating bbox...
Loading and preparing results...
DONE (t=0.10s)
creating index...
index created!
Running per image evaluation...
Evaluate annotation type *bbox*
DONE (t=1.80s).
Accumulating evaluation results...
DONE (t=0.11s).
2026-05-12 07:13:35,293 - mmdet - INFO - 
 Average Precision  (AP) @[ IoU=0.50:0.95 | area=   all | maxDets=100 ] = 0.252
 Average Precision  (AP) @[ IoU=0.50      | area=   all | maxDets=1000 ] = 0.648
 Average Precision  (AP) @[ IoU=0.75      | area=   all | maxDets=1000 ] = 0.136
 Average Precision  (AP) @[ IoU=0.50:0.95 | area= small | maxDets=1000 ] = 0.004
 Average Precision  (AP) @[ IoU=0.50:0.95 | area=medium | maxDets=1000 ] = 0.203
 Average Precision  (AP) @[ IoU=0.50:0.95 | area= large | maxDets=1000 ] = 0.317
 Average Recall     (AR) @[ IoU=0.50:0.95 | area=   all | maxDets=100 ] = 0.370
 Average Recall     (AR) @[ IoU=0.50:0.95 | area=   all | maxDets=300 ] = 0.370
 Average Recall     (AR) @[ IoU=0.50:0.95 | area=   all | maxDets=1000 ] = 0.370
 Average Recall     (AR) @[ IoU=0.50:0.95 | area= small | maxDets=1000 ] = 0.038
 Average Recall     (AR) @[ IoU=0.50:0.95 | area=medium | maxDets=1000 ] = 0.320
 Average Recall     (AR) @[ IoU=0.50:0.95 | area= large | maxDets=1000 ] = 0.442

2026-05-12 07:13:35,298 - mmdet - INFO - Exp name: fold_1_r50_300e_hbb.py
2026-05-12 07:13:35,298 - mmdet - INFO - Epoch(val) [130][371]	bbox_mAP: 0.2520, bbox_mAP_50: 0.6480, bbox_mAP_75: 0.1360, bbox_mAP_s: 0.0040, bbox_mAP_m: 0.2030, bbox_mAP_l: 0.3170, bbox_mAP_copypaste: 0.252 0.648 0.136 0.004 0.203 0.317
2026-05-12 07:14:04,834 - mmdet - INFO - Epoch [131][50/186]	lr: 1.208e-02, eta: 3:51:03, time: 0.589, data_time: 0.083, memory: 6155, loss_rpn_cls: 0.0149, loss_rpn_bbox: 0.0025, loss_cls: 0.0835, acc: 96.8652, loss_bbox: 0.0521, loss: 0.1530, grad_norm: 1.0666
2026-05-12 07:14:30,695 - mmdet - INFO - Epoch [131][100/186]	lr: 1.208e-02, eta: 3:50:47, time: 0.519, data_time: 0.015, memory: 6155, loss_rpn_cls: 0.0231, loss_rpn_bbox: 0.0026, loss_cls: 0.0753, acc: 97.1826, loss_bbox: 0.0469, loss: 0.1479, grad_norm: 1.0970
2026-05-12 07:14:56,627 - mmdet - INFO - Epoch [131][150/186]	lr: 1.208e-02, eta: 3:50:30, time: 0.517, data_time: 0.013, memory: 6155, loss_rpn_cls: 0.0160, loss_rpn_bbox: 0.0023, loss_cls: 0.0750, acc: 97.2246, loss_bbox: 0.0490, loss: 0.1422, grad_norm: 1.1280
2026-05-12 07:15:44,836 - mmdet - INFO - Epoch [132][50/186]	lr: 1.198e-02, eta: 3:49:41, time: 0.591, data_time: 0.083, memory: 6155, loss_rpn_cls: 0.0141, loss_rpn_bbox: 0.0021, loss_cls: 0.0789, acc: 97.0918, loss_bbox: 0.0518, loss: 0.1469, grad_norm: 1.1716
2026-05-12 07:16:10,693 - mmdet - INFO - Epoch [132][100/186]	lr: 1.198e-02, eta: 3:49:24, time: 0.515, data_time: 0.013, memory: 6155, loss_rpn_cls: 0.0169, loss_rpn_bbox: 0.0024, loss_cls: 0.0804, acc: 97.0664, loss_bbox: 0.0500, loss: 0.1497, grad_norm: 1.1941
2026-05-12 07:16:36,643 - mmdet - INFO - Epoch [132][150/186]	lr: 1.198e-02, eta: 3:49:07, time: 0.521, data_time: 0.015, memory: 6155, loss_rpn_cls: 0.0156, loss_rpn_bbox: 0.0023, loss_cls: 0.0654, acc: 97.4893, loss_bbox: 0.0407, loss: 0.1240, grad_norm: 1.0935
2026-05-12 07:17:25,143 - mmdet - INFO - Epoch [133][50/186]	lr: 1.187e-02, eta: 3:48:19, time: 0.592, data_time: 0.083, memory: 6155, loss_rpn_cls: 0.0192, loss_rpn_bbox: 0.0024, loss_cls: 0.0780, acc: 97.0918, loss_bbox: 0.0488, loss: 0.1485, grad_norm: 1.1792
2026-05-12 07:17:50,956 - mmdet - INFO - Epoch [133][100/186]	lr: 1.187e-02, eta: 3:48:02, time: 0.518, data_time: 0.015, memory: 6155, loss_rpn_cls: 0.0176, loss_rpn_bbox: 0.0026, loss_cls: 0.0779, acc: 97.0889, loss_bbox: 0.0497, loss: 0.1478, grad_norm: 1.1389
2026-05-12 07:18:16,917 - mmdet - INFO - Epoch [133][150/186]	lr: 1.187e-02, eta: 3:47:45, time: 0.517, data_time: 0.013, memory: 6155, loss_rpn_cls: 0.0178, loss_rpn_bbox: 0.0026, loss_cls: 0.0845, acc: 96.8135, loss_bbox: 0.0570, loss: 0.1619, grad_norm: 1.1293
2026-05-12 07:19:05,373 - mmdet - INFO - Epoch [134][50/186]	lr: 1.177e-02, eta: 3:46:57, time: 0.594, data_time: 0.083, memory: 6155, loss_rpn_cls: 0.0142, loss_rpn_bbox: 0.0025, loss_cls: 0.0811, acc: 96.8340, loss_bbox: 0.0546, loss: 0.1524, grad_norm: 1.1101
2026-05-12 07:19:31,285 - mmdet - INFO - Epoch [134][100/186]	lr: 1.177e-02, eta: 3:46:40, time: 0.516, data_time: 0.013, memory: 6155, loss_rpn_cls: 0.0139, loss_rpn_bbox: 0.0022, loss_cls: 0.0717, acc: 97.2559, loss_bbox: 0.0461, loss: 0.1338, grad_norm: 1.1372
2026-05-12 07:19:57,381 - mmdet - INFO - Epoch [134][150/186]	lr: 1.177e-02, eta: 3:46:23, time: 0.524, data_time: 0.015, memory: 6155, loss_rpn_cls: 0.0180, loss_rpn_bbox: 0.0027, loss_cls: 0.0819, acc: 96.9365, loss_bbox: 0.0537, loss: 0.1563, grad_norm: 1.1387
2026-05-12 07:20:45,817 - mmdet - INFO - Epoch [135][50/186]	lr: 1.167e-02, eta: 3:45:35, time: 0.591, data_time: 0.083, memory: 6155, loss_rpn_cls: 0.0136, loss_rpn_bbox: 0.0024, loss_cls: 0.0791, acc: 96.9912, loss_bbox: 0.0487, loss: 0.1439, grad_norm: 1.1004
2026-05-12 07:21:11,676 - mmdet - INFO - Epoch [135][100/186]	lr: 1.167e-02, eta: 3:45:18, time: 0.519, data_time: 0.015, memory: 6155, loss_rpn_cls: 0.0195, loss_rpn_bbox: 0.0027, loss_cls: 0.0812, acc: 97.0088, loss_bbox: 0.0530, loss: 0.1564, grad_norm: 1.1279
2026-05-12 07:21:37,619 - mmdet - INFO - Epoch [135][150/186]	lr: 1.167e-02, eta: 3:45:01, time: 0.517, data_time: 0.013, memory: 6155, loss_rpn_cls: 0.0152, loss_rpn_bbox: 0.0026, loss_cls: 0.0791, acc: 97.0410, loss_bbox: 0.0525, loss: 0.1494, grad_norm: 1.1299
2026-05-12 07:22:25,990 - mmdet - INFO - Epoch [136][50/186]	lr: 1.156e-02, eta: 3:44:13, time: 0.593, data_time: 0.083, memory: 6155, loss_rpn_cls: 0.0172, loss_rpn_bbox: 0.0026, loss_cls: 0.0793, acc: 96.9917, loss_bbox: 0.0534, loss: 0.1525, grad_norm: 1.0719
2026-05-12 07:22:51,842 - mmdet - INFO - Epoch [136][100/186]	lr: 1.156e-02, eta: 3:43:56, time: 0.515, data_time: 0.013, memory: 6155, loss_rpn_cls: 0.0211, loss_rpn_bbox: 0.0028, loss_cls: 0.0820, acc: 96.9600, loss_bbox: 0.0492, loss: 0.1551, grad_norm: 1.1032
2026-05-12 07:23:17,850 - mmdet - INFO - Epoch [136][150/186]	lr: 1.156e-02, eta: 3:43:39, time: 0.522, data_time: 0.015, memory: 6155, loss_rpn_cls: 0.0157, loss_rpn_bbox: 0.0027, loss_cls: 0.0783, acc: 97.0000, loss_bbox: 0.0524, loss: 0.1491, grad_norm: 1.0821
2026-05-12 07:24:06,093 - mmdet - INFO - Epoch [137][50/186]	lr: 1.146e-02, eta: 3:42:51, time: 0.588, data_time: 0.083, memory: 6155, loss_rpn_cls: 0.0194, loss_rpn_bbox: 0.0029, loss_cls: 0.0844, acc: 96.8281, loss_bbox: 0.0534, loss: 0.1601, grad_norm: 1.2501
2026-05-12 07:24:31,935 - mmdet - INFO - Epoch [137][100/186]	lr: 1.146e-02, eta: 3:42:34, time: 0.519, data_time: 0.015, memory: 6155, loss_rpn_cls: 0.0163, loss_rpn_bbox: 0.0024, loss_cls: 0.0747, acc: 97.1826, loss_bbox: 0.0472, loss: 0.1406, grad_norm: 1.1739
2026-05-12 07:24:57,835 - mmdet - INFO - Epoch [137][150/186]	lr: 1.146e-02, eta: 3:42:17, time: 0.516, data_time: 0.013, memory: 6155, loss_rpn_cls: 0.0158, loss_rpn_bbox: 0.0024, loss_cls: 0.0780, acc: 97.0186, loss_bbox: 0.0502, loss: 0.1464, grad_norm: 1.1276
2026-05-12 07:25:46,056 - mmdet - INFO - Epoch [138][50/186]	lr: 1.136e-02, eta: 3:41:29, time: 0.591, data_time: 0.084, memory: 6155, loss_rpn_cls: 0.0121, loss_rpn_bbox: 0.0019, loss_cls: 0.0671, acc: 97.4307, loss_bbox: 0.0449, loss: 0.1261, grad_norm: 1.0678
2026-05-12 07:26:11,861 - mmdet - INFO - Epoch [138][100/186]	lr: 1.136e-02, eta: 3:41:12, time: 0.514, data_time: 0.013, memory: 6155, loss_rpn_cls: 0.0195, loss_rpn_bbox: 0.0024, loss_cls: 0.0703, acc: 97.2959, loss_bbox: 0.0443, loss: 0.1365, grad_norm: 1.0891
2026-05-12 07:26:37,806 - mmdet - INFO - Epoch [138][150/186]	lr: 1.136e-02, eta: 3:40:54, time: 0.521, data_time: 0.015, memory: 6155, loss_rpn_cls: 0.0136, loss_rpn_bbox: 0.0023, loss_cls: 0.0712, acc: 97.3389, loss_bbox: 0.0447, loss: 0.1318, grad_norm: 1.0835
2026-05-12 07:27:26,087 - mmdet - INFO - Epoch [139][50/186]	lr: 1.125e-02, eta: 3:40:07, time: 0.588, data_time: 0.083, memory: 6155, loss_rpn_cls: 0.0149, loss_rpn_bbox: 0.0024, loss_cls: 0.0722, acc: 97.2686, loss_bbox: 0.0452, loss: 0.1346, grad_norm: 0.9961
2026-05-12 07:27:51,901 - mmdet - INFO - Epoch [139][100/186]	lr: 1.125e-02, eta: 3:39:49, time: 0.518, data_time: 0.015, memory: 6155, loss_rpn_cls: 0.0117, loss_rpn_bbox: 0.0021, loss_cls: 0.0645, acc: 97.6211, loss_bbox: 0.0411, loss: 0.1195, grad_norm: 1.0154
2026-05-12 07:28:17,889 - mmdet - INFO - Epoch [139][150/186]	lr: 1.125e-02, eta: 3:39:32, time: 0.518, data_time: 0.013, memory: 6155, loss_rpn_cls: 0.0131, loss_rpn_bbox: 0.0023, loss_cls: 0.0855, acc: 96.7500, loss_bbox: 0.0554, loss: 0.1563, grad_norm: 1.0719
2026-05-12 07:29:06,193 - mmdet - INFO - Epoch [140][50/186]	lr: 1.115e-02, eta: 3:38:45, time: 0.591, data_time: 0.084, memory: 6155, loss_rpn_cls: 0.0185, loss_rpn_bbox: 0.0025, loss_cls: 0.0688, acc: 97.3848, loss_bbox: 0.0420, loss: 0.1317, grad_norm: 1.0813
2026-05-12 07:29:31,985 - mmdet - INFO - Epoch [140][100/186]	lr: 1.115e-02, eta: 3:38:27, time: 0.514, data_time: 0.013, memory: 6155, loss_rpn_cls: 0.0171, loss_rpn_bbox: 0.0025, loss_cls: 0.0733, acc: 97.3867, loss_bbox: 0.0459, loss: 0.1389, grad_norm: 1.1256
2026-05-12 07:29:57,998 - mmdet - INFO - Epoch [140][150/186]	lr: 1.115e-02, eta: 3:38:10, time: 0.522, data_time: 0.015, memory: 6155, loss_rpn_cls: 0.0163, loss_rpn_bbox: 0.0024, loss_cls: 0.0733, acc: 97.2676, loss_bbox: 0.0437, loss: 0.1358, grad_norm: 1.1235
2026-05-12 07:30:16,805 - mmdet - INFO - Saving checkpoint at 140 epochs
[                                                  ] 0/371, elapsed: 0s, ETA:[                                 ] 1/371, 0.4 task/s, elapsed: 3s, ETA:   949s[                                 ] 2/371, 0.8 task/s, elapsed: 3s, ETA:   489s[                                 ] 3/371, 1.1 task/s, elapsed: 3s, ETA:   335s[                                 ] 4/371, 1.4 task/s, elapsed: 3s, ETA:   259s[                                 ] 5/371, 1.7 task/s, elapsed: 3s, ETA:   212s[                                 ] 6/371, 2.0 task/s, elapsed: 3s, ETA:   182s[                                 ] 7/371, 2.3 task/s, elapsed: 3s, ETA:   160s[                                 ] 8/371, 2.5 task/s, elapsed: 3s, ETA:   143s[                                 ] 9/371, 2.8 task/s, elapsed: 3s, ETA:   130s[                                ] 10/371, 3.0 task/s, elapsed: 3s, ETA:   120s[                                ] 11/371, 3.2 task/s, elapsed: 3s, ETA:   111s[>                               ] 12/371, 3.4 task/s, elapsed: 3s, ETA:   104s[>                               ] 13/371, 3.6 task/s, elapsed: 4s, ETA:    98s[>                               ] 14/371, 3.8 task/s, elapsed: 4s, ETA:    93s[>                               ] 15/371, 4.0 task/s, elapsed: 4s, ETA:    89s[>                               ] 16/371, 4.2 task/s, elapsed: 4s, ETA:    85s[>                               ] 17/371, 4.4 task/s, elapsed: 4s, ETA:    81s[>                               ] 18/371, 4.5 task/s, elapsed: 4s, ETA:    78s[>                               ] 19/371, 4.7 task/s, elapsed: 4s, ETA:    75s[>                               ] 20/371, 4.8 task/s, elapsed: 4s, ETA:    73s[>                               ] 21/371, 5.0 task/s, elapsed: 4s, ETA:    71s[>                               ] 22/371, 5.1 task/s, elapsed: 4s, ETA:    69s[>                               ] 23/371, 5.2 task/s, elapsed: 4s, ETA:    67s[>>                              ] 24/371, 5.4 task/s, elapsed: 4s, ETA:    65s[>>                              ] 25/371, 5.5 task/s, elapsed: 5s, ETA:    63s[>>                              ] 26/371, 5.6 task/s, elapsed: 5s, ETA:    62s[>>                              ] 27/371, 5.7 task/s, elapsed: 5s, ETA:    60s[>>                              ] 28/371, 5.8 task/s, elapsed: 5s, ETA:    59s[>>                              ] 29/371, 5.9 task/s, elapsed: 5s, ETA:    58s[>>                              ] 30/371, 6.0 task/s, elapsed: 5s, ETA:    57s[>>                              ] 31/371, 6.1 task/s, elapsed: 5s, ETA:    56s[>>                              ] 32/371, 6.2 task/s, elapsed: 5s, ETA:    55s[>>                              ] 33/371, 6.3 task/s, elapsed: 5s, ETA:    54s[>>                              ] 34/371, 6.4 task/s, elapsed: 5s, ETA:    53s[>>>                             ] 35/371, 6.5 task/s, elapsed: 5s, ETA:    52s[>>>                             ] 36/371, 6.6 task/s, elapsed: 5s, ETA:    51s[>>>                             ] 37/371, 6.6 task/s, elapsed: 6s, ETA:    50s[>>>                             ] 38/371, 6.7 task/s, elapsed: 6s, ETA:    50s[>>>                             ] 39/371, 6.8 task/s, elapsed: 6s, ETA:    49s[>>>                             ] 40/371, 6.9 task/s, elapsed: 6s, ETA:    48s[>>>                             ] 41/371, 6.9 task/s, elapsed: 6s, ETA:    48s[>>>                             ] 42/371, 7.0 task/s, elapsed: 6s, ETA:    47s[>>>                             ] 43/371, 7.1 task/s, elapsed: 6s, ETA:    46s[>>>                             ] 44/371, 7.1 task/s, elapsed: 6s, ETA:    46s[>>>                             ] 45/371, 7.2 task/s, elapsed: 6s, ETA:    45s[>>>                             ] 46/371, 7.3 task/s, elapsed: 6s, ETA:    45s[>>>>                            ] 47/371, 7.3 task/s, elapsed: 6s, ETA:    44s[>>>>                            ] 48/371, 7.4 task/s, elapsed: 6s, ETA:    44s[>>>>                            ] 49/371, 7.4 task/s, elapsed: 7s, ETA:    43s[>>>>                            ] 50/371, 7.5 task/s, elapsed: 7s, ETA:    43s[>>>>                            ] 51/371, 7.6 task/s, elapsed: 7s, ETA:    42s[>>>>                            ] 52/371, 7.6 task/s, elapsed: 7s, ETA:    42s[>>>>                            ] 53/371, 7.7 task/s, elapsed: 7s, ETA:    42s[>>>>                            ] 54/371, 7.7 task/s, elapsed: 7s, ETA:    41s[>>>>                            ] 55/371, 7.8 task/s, elapsed: 7s, ETA:    41s[>>>>                            ] 56/371, 7.8 task/s, elapsed: 7s, ETA:    40s[>>>>                            ] 57/371, 7.9 task/s, elapsed: 7s, ETA:    40s[>>>>>                           ] 58/371, 7.9 task/s, elapsed: 7s, ETA:    40s[>>>>>                           ] 59/371, 8.0 task/s, elapsed: 7s, ETA:    39s[>>>>>                           ] 60/371, 8.0 task/s, elapsed: 8s, ETA:    39s[>>>>>                           ] 61/371, 8.0 task/s, elapsed: 8s, ETA:    39s[>>>>>                           ] 62/371, 8.1 task/s, elapsed: 8s, ETA:    38s[>>>>>                           ] 63/371, 8.1 task/s, elapsed: 8s, ETA:    38s[>>>>>                           ] 64/371, 8.2 task/s, elapsed: 8s, ETA:    38s[>>>>>                           ] 65/371, 8.2 task/s, elapsed: 8s, ETA:    37s[>>>>>                           ] 66/371, 8.2 task/s, elapsed: 8s, ETA:    37s[>>>>>                           ] 67/371, 8.3 task/s, elapsed: 8s, ETA:    37s[>>>>>                           ] 68/371, 8.3 task/s, elapsed: 8s, ETA:    36s[>>>>>                           ] 69/371, 8.4 task/s, elapsed: 8s, ETA:    36s[>>>>>>                          ] 70/371, 8.4 task/s, elapsed: 8s, ETA:    36s[>>>>>>                          ] 71/371, 8.4 task/s, elapsed: 8s, ETA:    36s[>>>>>>                          ] 72/371, 8.5 task/s, elapsed: 9s, ETA:    35s[>>>>>>                          ] 73/371, 8.5 task/s, elapsed: 9s, ETA:    35s[>>>>>>                          ] 74/371, 8.5 task/s, elapsed: 9s, ETA:    35s[>>>>>>                          ] 75/371, 8.6 task/s, elapsed: 9s, ETA:    35s[>>>>>>                          ] 76/371, 8.6 task/s, elapsed: 9s, ETA:    34s[>>>>>>                          ] 77/371, 8.6 task/s, elapsed: 9s, ETA:    34s[>>>>>>                          ] 78/371, 8.7 task/s, elapsed: 9s, ETA:    34s[>>>>>>                          ] 79/371, 8.7 task/s, elapsed: 9s, ETA:    34s[>>>>>>                          ] 80/371, 8.7 task/s, elapsed: 9s, ETA:    33s[>>>>>>                          ] 81/371, 8.8 task/s, elapsed: 9s, ETA:    33s[>>>>>>>                         ] 82/371, 8.8 task/s, elapsed: 9s, ETA:    33s[>>>>>>>                         ] 83/371, 8.8 task/s, elapsed: 9s, ETA:    33s[>>>>>>>                        ] 84/371, 8.8 task/s, elapsed: 10s, ETA:    32s[>>>>>>>                        ] 85/371, 8.9 task/s, elapsed: 10s, ETA:    32s[>>>>>>>                        ] 86/371, 8.9 task/s, elapsed: 10s, ETA:    32s[>>>>>>>                        ] 87/371, 8.9 task/s, elapsed: 10s, ETA:    32s[>>>>>>>                        ] 88/371, 8.9 task/s, elapsed: 10s, ETA:    32s[>>>>>>>                        ] 89/371, 9.0 task/s, elapsed: 10s, ETA:    31s[>>>>>>>                        ] 90/371, 9.0 task/s, elapsed: 10s, ETA:    31s[>>>>>>>                        ] 91/371, 9.0 task/s, elapsed: 10s, ETA:    31s[>>>>>>>                        ] 92/371, 9.0 task/s, elapsed: 10s, ETA:    31s[>>>>>>>                        ] 93/371, 9.1 task/s, elapsed: 10s, ETA:    31s[>>>>>>>                        ] 94/371, 9.1 task/s, elapsed: 10s, ETA:    30s[>>>>>>>                        ] 95/371, 9.1 task/s, elapsed: 10s, ETA:    30s[>>>>>>>>                       ] 96/371, 9.1 task/s, elapsed: 11s, ETA:    30s[>>>>>>>>                       ] 97/371, 9.1 task/s, elapsed: 11s, ETA:    30s[>>>>>>>>                       ] 98/371, 9.2 task/s, elapsed: 11s, ETA:    30s[>>>>>>>>                       ] 99/371, 9.2 task/s, elapsed: 11s, ETA:    30s[>>>>>>>>                      ] 100/371, 9.2 task/s, elapsed: 11s, ETA:    29s[>>>>>>>>                      ] 101/371, 9.2 task/s, elapsed: 11s, ETA:    29s[>>>>>>>>                      ] 102/371, 9.2 task/s, elapsed: 11s, ETA:    29s[>>>>>>>>                      ] 103/371, 9.3 task/s, elapsed: 11s, ETA:    29s[>>>>>>>>                      ] 104/371, 9.3 task/s, elapsed: 11s, ETA:    29s[>>>>>>>>                      ] 105/371, 9.3 task/s, elapsed: 11s, ETA:    29s[>>>>>>>>                      ] 106/371, 9.3 task/s, elapsed: 11s, ETA:    28s[>>>>>>>>                      ] 107/371, 9.3 task/s, elapsed: 11s, ETA:    28s[>>>>>>>>                      ] 108/371, 9.4 task/s, elapsed: 12s, ETA:    28s[>>>>>>>>                      ] 109/371, 9.4 task/s, elapsed: 12s, ETA:    28s[>>>>>>>>                      ] 110/371, 9.4 task/s, elapsed: 12s, ETA:    28s[>>>>>>>>                      ] 111/371, 9.4 task/s, elapsed: 12s, ETA:    28s[>>>>>>>>>                     ] 112/371, 9.4 task/s, elapsed: 12s, ETA:    27s[>>>>>>>>>                     ] 113/371, 9.5 task/s, elapsed: 12s, ETA:    27s[>>>>>>>>>                     ] 114/371, 9.5 task/s, elapsed: 12s, ETA:    27s[>>>>>>>>>                     ] 115/371, 9.5 task/s, elapsed: 12s, ETA:    27s[>>>>>>>>>                     ] 116/371, 9.5 task/s, elapsed: 12s, ETA:    27s[>>>>>>>>>                     ] 117/371, 9.5 task/s, elapsed: 12s, ETA:    27s[>>>>>>>>>                     ] 118/371, 9.5 task/s, elapsed: 12s, ETA:    27s[>>>>>>>>>                     ] 119/371, 9.6 task/s, elapsed: 12s, ETA:    26s[>>>>>>>>>                     ] 120/371, 9.6 task/s, elapsed: 13s, ETA:    26s[>>>>>>>>>                     ] 121/371, 9.6 task/s, elapsed: 13s, ETA:    26s[>>>>>>>>>                     ] 122/371, 9.6 task/s, elapsed: 13s, ETA:    26s[>>>>>>>>>                     ] 123/371, 9.6 task/s, elapsed: 13s, ETA:    26s[>>>>>>>>>>                    ] 124/371, 9.6 task/s, elapsed: 13s, ETA:    26s[>>>>>>>>>>                    ] 125/371, 9.7 task/s, elapsed: 13s, ETA:    25s[>>>>>>>>>>                    ] 126/371, 9.7 task/s, elapsed: 13s, ETA:    25s[>>>>>>>>>>                    ] 127/371, 9.7 task/s, elapsed: 13s, ETA:    25s[>>>>>>>>>>                    ] 128/371, 9.7 task/s, elapsed: 13s, ETA:    25s[>>>>>>>>>>                    ] 129/371, 9.7 task/s, elapsed: 13s, ETA:    25s[>>>>>>>>>>                    ] 130/371, 9.7 task/s, elapsed: 13s, ETA:    25s[>>>>>>>>>>                    ] 131/371, 9.7 task/s, elapsed: 13s, ETA:    25s[>>>>>>>>>>                    ] 132/371, 9.7 task/s, elapsed: 14s, ETA:    25s[>>>>>>>>>>                    ] 133/371, 9.8 task/s, elapsed: 14s, ETA:    24s[>>>>>>>>>>                    ] 134/371, 9.8 task/s, elapsed: 14s, ETA:    24s[>>>>>>>>>>                    ] 135/371, 9.8 task/s, elapsed: 14s, ETA:    24s[>>>>>>>>>>                    ] 136/371, 9.8 task/s, elapsed: 14s, ETA:    24s[>>>>>>>>>>>                   ] 137/371, 9.8 task/s, elapsed: 14s, ETA:    24s[>>>>>>>>>>>                   ] 138/371, 9.8 task/s, elapsed: 14s, ETA:    24s[>>>>>>>>>>>                   ] 139/371, 9.8 task/s, elapsed: 14s, ETA:    24s[>>>>>>>>>>>                   ] 140/371, 9.9 task/s, elapsed: 14s, ETA:    23s[>>>>>>>>>>>                   ] 141/371, 9.9 task/s, elapsed: 14s, ETA:    23s[>>>>>>>>>>>                   ] 142/371, 9.9 task/s, elapsed: 14s, ETA:    23s[>>>>>>>>>>>                   ] 143/371, 9.9 task/s, elapsed: 14s, ETA:    23s[>>>>>>>>>>>                   ] 144/371, 9.9 task/s, elapsed: 15s, ETA:    23s[>>>>>>>>>>>                   ] 145/371, 9.9 task/s, elapsed: 15s, ETA:    23s[>>>>>>>>>>>                   ] 146/371, 9.9 task/s, elapsed: 15s, ETA:    23s[>>>>>>>>>>>                   ] 147/371, 9.9 task/s, elapsed: 15s, ETA:    23s[>>>>>>>>>>>                   ] 148/371, 9.9 task/s, elapsed: 15s, ETA:    22s[>>>>>>>>>>>                  ] 149/371, 10.0 task/s, elapsed: 15s, ETA:    22s[>>>>>>>>>>>                  ] 150/371, 10.0 task/s, elapsed: 15s, ETA:    22s[>>>>>>>>>>>                  ] 151/371, 10.0 task/s, elapsed: 15s, ETA:    22s[>>>>>>>>>>>                  ] 152/371, 10.0 task/s, elapsed: 15s, ETA:    22s[>>>>>>>>>>>                  ] 153/371, 10.0 task/s, elapsed: 15s, ETA:    22s[>>>>>>>>>>>>                 ] 154/371, 10.0 task/s, elapsed: 15s, ETA:    22s[>>>>>>>>>>>>                 ] 155/371, 10.0 task/s, elapsed: 15s, ETA:    22s[>>>>>>>>>>>>                 ] 156/371, 10.0 task/s, elapsed: 16s, ETA:    21s[>>>>>>>>>>>>                 ] 157/371, 10.0 task/s, elapsed: 16s, ETA:    21s[>>>>>>>>>>>>                 ] 158/371, 10.1 task/s, elapsed: 16s, ETA:    21s[>>>>>>>>>>>>                 ] 159/371, 10.1 task/s, elapsed: 16s, ETA:    21s[>>>>>>>>>>>>                 ] 160/371, 10.1 task/s, elapsed: 16s, ETA:    21s[>>>>>>>>>>>>                 ] 161/371, 10.1 task/s, elapsed: 16s, ETA:    21s[>>>>>>>>>>>>                 ] 162/371, 10.1 task/s, elapsed: 16s, ETA:    21s[>>>>>>>>>>>>                 ] 163/371, 10.1 task/s, elapsed: 16s, ETA:    21s[>>>>>>>>>>>>                 ] 164/371, 10.1 task/s, elapsed: 16s, ETA:    20s[>>>>>>>>>>>>                 ] 165/371, 10.1 task/s, elapsed: 16s, ETA:    20s[>>>>>>>>>>>>                 ] 166/371, 10.1 task/s, elapsed: 16s, ETA:    20s[>>>>>>>>>>>>>                ] 167/371, 10.1 task/s, elapsed: 16s, ETA:    20s[>>>>>>>>>>>>>                ] 168/371, 10.1 task/s, elapsed: 17s, ETA:    20s[>>>>>>>>>>>>>                ] 169/371, 10.2 task/s, elapsed: 17s, ETA:    20s[>>>>>>>>>>>>>                ] 170/371, 10.2 task/s, elapsed: 17s, ETA:    20s[>>>>>>>>>>>>>                ] 171/371, 10.2 task/s, elapsed: 17s, ETA:    20s[>>>>>>>>>>>>>                ] 172/371, 10.2 task/s, elapsed: 17s, ETA:    20s[>>>>>>>>>>>>>                ] 173/371, 10.2 task/s, elapsed: 17s, ETA:    19s[>>>>>>>>>>>>>                ] 174/371, 10.2 task/s, elapsed: 17s, ETA:    19s[>>>>>>>>>>>>>                ] 175/371, 10.2 task/s, elapsed: 17s, ETA:    19s[>>>>>>>>>>>>>                ] 176/371, 10.2 task/s, elapsed: 17s, ETA:    19s[>>>>>>>>>>>>>                ] 177/371, 10.2 task/s, elapsed: 17s, ETA:    19s[>>>>>>>>>>>>>                ] 178/371, 10.2 task/s, elapsed: 17s, ETA:    19s[>>>>>>>>>>>>>                ] 179/371, 10.2 task/s, elapsed: 17s, ETA:    19s[>>>>>>>>>>>>>>               ] 180/371, 10.2 task/s, elapsed: 18s, ETA:    19s[>>>>>>>>>>>>>>               ] 181/371, 10.3 task/s, elapsed: 18s, ETA:    19s[>>>>>>>>>>>>>>               ] 182/371, 10.3 task/s, elapsed: 18s, ETA:    18s[>>>>>>>>>>>>>>               ] 183/371, 10.3 task/s, elapsed: 18s, ETA:    18s[>>>>>>>>>>>>>>               ] 184/371, 10.3 task/s, elapsed: 18s, ETA:    18s[>>>>>>>>>>>>>>               ] 185/371, 10.3 task/s, elapsed: 18s, ETA:    18s[>>>>>>>>>>>>>>               ] 186/371, 10.3 task/s, elapsed: 18s, ETA:    18s[>>>>>>>>>>>>>>               ] 187/371, 10.3 task/s, elapsed: 18s, ETA:    18s[>>>>>>>>>>>>>>               ] 188/371, 10.3 task/s, elapsed: 18s, ETA:    18s[>>>>>>>>>>>>>>               ] 189/371, 10.3 task/s, elapsed: 18s, ETA:    18s[>>>>>>>>>>>>>>               ] 190/371, 10.3 task/s, elapsed: 18s, ETA:    18s[>>>>>>>>>>>>>>               ] 191/371, 10.3 task/s, elapsed: 18s, ETA:    17s[>>>>>>>>>>>>>>>              ] 192/371, 10.3 task/s, elapsed: 19s, ETA:    17s[>>>>>>>>>>>>>>>              ] 193/371, 10.3 task/s, elapsed: 19s, ETA:    17s[>>>>>>>>>>>>>>>              ] 194/371, 10.4 task/s, elapsed: 19s, ETA:    17s[>>>>>>>>>>>>>>>              ] 195/371, 10.4 task/s, elapsed: 19s, ETA:    17s[>>>>>>>>>>>>>>>              ] 196/371, 10.4 task/s, elapsed: 19s, ETA:    17s[>>>>>>>>>>>>>>>              ] 197/371, 10.4 task/s, elapsed: 19s, ETA:    17s[>>>>>>>>>>>>>>>              ] 198/371, 10.4 task/s, elapsed: 19s, ETA:    17s[>>>>>>>>>>>>>>>              ] 199/371, 10.4 task/s, elapsed: 19s, ETA:    17s[>>>>>>>>>>>>>>>              ] 200/371, 10.4 task/s, elapsed: 19s, ETA:    16s[>>>>>>>>>>>>>>>              ] 201/371, 10.4 task/s, elapsed: 19s, ETA:    16s[>>>>>>>>>>>>>>>              ] 202/371, 10.4 task/s, elapsed: 19s, ETA:    16s[>>>>>>>>>>>>>>>              ] 203/371, 10.4 task/s, elapsed: 19s, ETA:    16s[>>>>>>>>>>>>>>>              ] 204/371, 10.4 task/s, elapsed: 20s, ETA:    16s[>>>>>>>>>>>>>>>>             ] 205/371, 10.4 task/s, elapsed: 20s, ETA:    16s[>>>>>>>>>>>>>>>>             ] 206/371, 10.4 task/s, elapsed: 20s, ETA:    16s[>>>>>>>>>>>>>>>>             ] 207/371, 10.4 task/s, elapsed: 20s, ETA:    16s[>>>>>>>>>>>>>>>>             ] 208/371, 10.4 task/s, elapsed: 20s, ETA:    16s[>>>>>>>>>>>>>>>>             ] 209/371, 10.5 task/s, elapsed: 20s, ETA:    15s[>>>>>>>>>>>>>>>>             ] 210/371, 10.5 task/s, elapsed: 20s, ETA:    15s[>>>>>>>>>>>>>>>>             ] 211/371, 10.5 task/s, elapsed: 20s, ETA:    15s[>>>>>>>>>>>>>>>>             ] 212/371, 10.5 task/s, elapsed: 20s, ETA:    15s[>>>>>>>>>>>>>>>>             ] 213/371, 10.5 task/s, elapsed: 20s, ETA:    15s[>>>>>>>>>>>>>>>>             ] 214/371, 10.5 task/s, elapsed: 20s, ETA:    15s[>>>>>>>>>>>>>>>>             ] 215/371, 10.5 task/s, elapsed: 20s, ETA:    15s[>>>>>>>>>>>>>>>>             ] 216/371, 10.5 task/s, elapsed: 21s, ETA:    15s[>>>>>>>>>>>>>>>>             ] 217/371, 10.5 task/s, elapsed: 21s, ETA:    15s[>>>>>>>>>>>>>>>>>            ] 218/371, 10.5 task/s, elapsed: 21s, ETA:    15s[>>>>>>>>>>>>>>>>>            ] 219/371, 10.5 task/s, elapsed: 21s, ETA:    14s[>>>>>>>>>>>>>>>>>            ] 220/371, 10.5 task/s, elapsed: 21s, ETA:    14s[>>>>>>>>>>>>>>>>>            ] 221/371, 10.5 task/s, elapsed: 21s, ETA:    14s[>>>>>>>>>>>>>>>>>            ] 222/371, 10.5 task/s, elapsed: 21s, ETA:    14s[>>>>>>>>>>>>>>>>>            ] 223/371, 10.5 task/s, elapsed: 21s, ETA:    14s[>>>>>>>>>>>>>>>>>            ] 224/371, 10.5 task/s, elapsed: 21s, ETA:    14s[>>>>>>>>>>>>>>>>>            ] 225/371, 10.5 task/s, elapsed: 21s, ETA:    14s[>>>>>>>>>>>>>>>>>            ] 226/371, 10.6 task/s, elapsed: 21s, ETA:    14s[>>>>>>>>>>>>>>>>>            ] 227/371, 10.6 task/s, elapsed: 21s, ETA:    14s[>>>>>>>>>>>>>>>>>            ] 228/371, 10.6 task/s, elapsed: 22s, ETA:    14s[>>>>>>>>>>>>>>>>>            ] 229/371, 10.6 task/s, elapsed: 22s, ETA:    13s[>>>>>>>>>>>>>>>>>            ] 230/371, 10.6 task/s, elapsed: 22s, ETA:    13s[>>>>>>>>>>>>>>>>>>           ] 231/371, 10.6 task/s, elapsed: 22s, ETA:    13s[>>>>>>>>>>>>>>>>>>           ] 232/371, 10.6 task/s, elapsed: 22s, ETA:    13s[>>>>>>>>>>>>>>>>>>           ] 233/371, 10.6 task/s, elapsed: 22s, ETA:    13s[>>>>>>>>>>>>>>>>>>           ] 234/371, 10.6 task/s, elapsed: 22s, ETA:    13s[>>>>>>>>>>>>>>>>>>           ] 235/371, 10.6 task/s, elapsed: 22s, ETA:    13s[>>>>>>>>>>>>>>>>>>           ] 236/371, 10.6 task/s, elapsed: 22s, ETA:    13s[>>>>>>>>>>>>>>>>>>           ] 237/371, 10.6 task/s, elapsed: 22s, ETA:    13s[>>>>>>>>>>>>>>>>>>           ] 238/371, 10.6 task/s, elapsed: 22s, ETA:    13s[>>>>>>>>>>>>>>>>>>           ] 239/371, 10.6 task/s, elapsed: 23s, ETA:    12s[>>>>>>>>>>>>>>>>>>           ] 240/371, 10.6 task/s, elapsed: 23s, ETA:    12s[>>>>>>>>>>>>>>>>>>           ] 241/371, 10.6 task/s, elapsed: 23s, ETA:    12s[>>>>>>>>>>>>>>>>>>           ] 242/371, 10.6 task/s, elapsed: 23s, ETA:    12s[>>>>>>>>>>>>>>>>>>           ] 243/371, 10.6 task/s, elapsed: 23s, ETA:    12s[>>>>>>>>>>>>>>>>>>>          ] 244/371, 10.6 task/s, elapsed: 23s, ETA:    12s[>>>>>>>>>>>>>>>>>>>          ] 245/371, 10.6 task/s, elapsed: 23s, ETA:    12s[>>>>>>>>>>>>>>>>>>>          ] 246/371, 10.7 task/s, elapsed: 23s, ETA:    12s[>>>>>>>>>>>>>>>>>>>          ] 247/371, 10.7 task/s, elapsed: 23s, ETA:    12s[>>>>>>>>>>>>>>>>>>>          ] 248/371, 10.7 task/s, elapsed: 23s, ETA:    12s[>>>>>>>>>>>>>>>>>>>          ] 249/371, 10.7 task/s, elapsed: 23s, ETA:    11s[>>>>>>>>>>>>>>>>>>>          ] 250/371, 10.7 task/s, elapsed: 23s, ETA:    11s[>>>>>>>>>>>>>>>>>>>          ] 251/371, 10.7 task/s, elapsed: 24s, ETA:    11s[>>>>>>>>>>>>>>>>>>>          ] 252/371, 10.7 task/s, elapsed: 24s, ETA:    11s[>>>>>>>>>>>>>>>>>>>          ] 253/371, 10.7 task/s, elapsed: 24s, ETA:    11s[>>>>>>>>>>>>>>>>>>>          ] 254/371, 10.7 task/s, elapsed: 24s, ETA:    11s[>>>>>>>>>>>>>>>>>>>          ] 255/371, 10.7 task/s, elapsed: 24s, ETA:    11s[>>>>>>>>>>>>>>>>>>>>         ] 256/371, 10.7 task/s, elapsed: 24s, ETA:    11s[>>>>>>>>>>>>>>>>>>>>         ] 257/371, 10.7 task/s, elapsed: 24s, ETA:    11s[>>>>>>>>>>>>>>>>>>>>         ] 258/371, 10.7 task/s, elapsed: 24s, ETA:    11s[>>>>>>>>>>>>>>>>>>>>         ] 259/371, 10.7 task/s, elapsed: 24s, ETA:    10s[>>>>>>>>>>>>>>>>>>>>         ] 260/371, 10.7 task/s, elapsed: 24s, ETA:    10s[>>>>>>>>>>>>>>>>>>>>         ] 261/371, 10.7 task/s, elapsed: 24s, ETA:    10s[>>>>>>>>>>>>>>>>>>>>         ] 262/371, 10.7 task/s, elapsed: 24s, ETA:    10s[>>>>>>>>>>>>>>>>>>>>         ] 263/371, 10.7 task/s, elapsed: 25s, ETA:    10s[>>>>>>>>>>>>>>>>>>>>         ] 264/371, 10.7 task/s, elapsed: 25s, ETA:    10s[>>>>>>>>>>>>>>>>>>>>         ] 265/371, 10.7 task/s, elapsed: 25s, ETA:    10s[>>>>>>>>>>>>>>>>>>>>         ] 266/371, 10.7 task/s, elapsed: 25s, ETA:    10s[>>>>>>>>>>>>>>>>>>>>         ] 267/371, 10.7 task/s, elapsed: 25s, ETA:    10s[>>>>>>>>>>>>>>>>>>>>         ] 268/371, 10.7 task/s, elapsed: 25s, ETA:    10s[>>>>>>>>>>>>>>>>>>>>>        ] 269/371, 10.7 task/s, elapsed: 25s, ETA:     9s[>>>>>>>>>>>>>>>>>>>>>        ] 270/371, 10.8 task/s, elapsed: 25s, ETA:     9s[>>>>>>>>>>>>>>>>>>>>>        ] 271/371, 10.8 task/s, elapsed: 25s, ETA:     9s[>>>>>>>>>>>>>>>>>>>>>        ] 272/371, 10.8 task/s, elapsed: 25s, ETA:     9s[>>>>>>>>>>>>>>>>>>>>>        ] 273/371, 10.8 task/s, elapsed: 25s, ETA:     9s[>>>>>>>>>>>>>>>>>>>>>        ] 274/371, 10.8 task/s, elapsed: 25s, ETA:     9s[>>>>>>>>>>>>>>>>>>>>>        ] 275/371, 10.8 task/s, elapsed: 26s, ETA:     9s[>>>>>>>>>>>>>>>>>>>>>        ] 276/371, 10.8 task/s, elapsed: 26s, ETA:     9s[>>>>>>>>>>>>>>>>>>>>>        ] 277/371, 10.8 task/s, elapsed: 26s, ETA:     9s[>>>>>>>>>>>>>>>>>>>>>        ] 278/371, 10.8 task/s, elapsed: 26s, ETA:     9s[>>>>>>>>>>>>>>>>>>>>>        ] 279/371, 10.8 task/s, elapsed: 26s, ETA:     9s[>>>>>>>>>>>>>>>>>>>>>        ] 280/371, 10.8 task/s, elapsed: 26s, ETA:     8s[>>>>>>>>>>>>>>>>>>>>>        ] 281/371, 10.8 task/s, elapsed: 26s, ETA:     8s[>>>>>>>>>>>>>>>>>>>>>>       ] 282/371, 10.8 task/s, elapsed: 26s, ETA:     8s[>>>>>>>>>>>>>>>>>>>>>>       ] 283/371, 10.8 task/s, elapsed: 26s, ETA:     8s[>>>>>>>>>>>>>>>>>>>>>>       ] 284/371, 10.8 task/s, elapsed: 26s, ETA:     8s[>>>>>>>>>>>>>>>>>>>>>>       ] 285/371, 10.8 task/s, elapsed: 26s, ETA:     8s[>>>>>>>>>>>>>>>>>>>>>>       ] 286/371, 10.8 task/s, elapsed: 26s, ETA:     8s[>>>>>>>>>>>>>>>>>>>>>>       ] 287/371, 10.8 task/s, elapsed: 27s, ETA:     8s[>>>>>>>>>>>>>>>>>>>>>>       ] 288/371, 10.8 task/s, elapsed: 27s, ETA:     8s[>>>>>>>>>>>>>>>>>>>>>>       ] 289/371, 10.8 task/s, elapsed: 27s, ETA:     8s[>>>>>>>>>>>>>>>>>>>>>>       ] 290/371, 10.8 task/s, elapsed: 27s, ETA:     7s[>>>>>>>>>>>>>>>>>>>>>>       ] 291/371, 10.8 task/s, elapsed: 27s, ETA:     7s[>>>>>>>>>>>>>>>>>>>>>>       ] 292/371, 10.8 task/s, elapsed: 27s, ETA:     7s[>>>>>>>>>>>>>>>>>>>>>>       ] 293/371, 10.8 task/s, elapsed: 27s, ETA:     7s[>>>>>>>>>>>>>>>>>>>>>>       ] 294/371, 10.8 task/s, elapsed: 27s, ETA:     7s[>>>>>>>>>>>>>>>>>>>>>>>      ] 295/371, 10.8 task/s, elapsed: 27s, ETA:     7s[>>>>>>>>>>>>>>>>>>>>>>>      ] 296/371, 10.8 task/s, elapsed: 27s, ETA:     7s[>>>>>>>>>>>>>>>>>>>>>>>      ] 297/371, 10.8 task/s, elapsed: 27s, ETA:     7s[>>>>>>>>>>>>>>>>>>>>>>>      ] 298/371, 10.9 task/s, elapsed: 27s, ETA:     7s[>>>>>>>>>>>>>>>>>>>>>>>      ] 299/371, 10.9 task/s, elapsed: 28s, ETA:     7s[>>>>>>>>>>>>>>>>>>>>>>>      ] 300/371, 10.9 task/s, elapsed: 28s, ETA:     7s[>>>>>>>>>>>>>>>>>>>>>>>      ] 301/371, 10.9 task/s, elapsed: 28s, ETA:     6s[>>>>>>>>>>>>>>>>>>>>>>>      ] 302/371, 10.9 task/s, elapsed: 28s, ETA:     6s[>>>>>>>>>>>>>>>>>>>>>>>      ] 303/371, 10.9 task/s, elapsed: 28s, ETA:     6s[>>>>>>>>>>>>>>>>>>>>>>>      ] 304/371, 10.9 task/s, elapsed: 28s, ETA:     6s[>>>>>>>>>>>>>>>>>>>>>>>      ] 305/371, 10.9 task/s, elapsed: 28s, ETA:     6s[>>>>>>>>>>>>>>>>>>>>>>>      ] 306/371, 10.9 task/s, elapsed: 28s, ETA:     6s[>>>>>>>>>>>>>>>>>>>>>>>      ] 307/371, 10.9 task/s, elapsed: 28s, ETA:     6s[>>>>>>>>>>>>>>>>>>>>>>>>     ] 308/371, 10.9 task/s, elapsed: 28s, ETA:     6s[>>>>>>>>>>>>>>>>>>>>>>>>     ] 309/371, 10.9 task/s, elapsed: 28s, ETA:     6s[>>>>>>>>>>>>>>>>>>>>>>>>     ] 310/371, 10.9 task/s, elapsed: 28s, ETA:     6s[>>>>>>>>>>>>>>>>>>>>>>>>     ] 311/371, 10.9 task/s, elapsed: 29s, ETA:     6s[>>>>>>>>>>>>>>>>>>>>>>>>     ] 312/371, 10.9 task/s, elapsed: 29s, ETA:     5s[>>>>>>>>>>>>>>>>>>>>>>>>     ] 313/371, 10.9 task/s, elapsed: 29s, ETA:     5s[>>>>>>>>>>>>>>>>>>>>>>>>     ] 314/371, 10.9 task/s, elapsed: 29s, ETA:     5s[>>>>>>>>>>>>>>>>>>>>>>>>     ] 315/371, 10.9 task/s, elapsed: 29s, ETA:     5s[>>>>>>>>>>>>>>>>>>>>>>>>     ] 316/371, 10.9 task/s, elapsed: 29s, ETA:     5s[>>>>>>>>>>>>>>>>>>>>>>>>     ] 317/371, 10.9 task/s, elapsed: 29s, ETA:     5s[>>>>>>>>>>>>>>>>>>>>>>>>     ] 318/371, 10.9 task/s, elapsed: 29s, ETA:     5s[>>>>>>>>>>>>>>>>>>>>>>>>     ] 319/371, 10.9 task/s, elapsed: 29s, ETA:     5s[>>>>>>>>>>>>>>>>>>>>>>>>>    ] 320/371, 10.9 task/s, elapsed: 29s, ETA:     5s[>>>>>>>>>>>>>>>>>>>>>>>>>    ] 321/371, 10.9 task/s, elapsed: 29s, ETA:     5s[>>>>>>>>>>>>>>>>>>>>>>>>>    ] 322/371, 10.9 task/s, elapsed: 29s, ETA:     4s[>>>>>>>>>>>>>>>>>>>>>>>>>    ] 323/371, 10.9 task/s, elapsed: 30s, ETA:     4s[>>>>>>>>>>>>>>>>>>>>>>>>>    ] 324/371, 10.9 task/s, elapsed: 30s, ETA:     4s[>>>>>>>>>>>>>>>>>>>>>>>>>    ] 325/371, 10.9 task/s, elapsed: 30s, ETA:     4s[>>>>>>>>>>>>>>>>>>>>>>>>>    ] 326/371, 10.9 task/s, elapsed: 30s, ETA:     4s[>>>>>>>>>>>>>>>>>>>>>>>>>    ] 327/371, 10.9 task/s, elapsed: 30s, ETA:     4s[>>>>>>>>>>>>>>>>>>>>>>>>>    ] 328/371, 10.9 task/s, elapsed: 30s, ETA:     4s[>>>>>>>>>>>>>>>>>>>>>>>>>    ] 329/371, 10.9 task/s, elapsed: 30s, ETA:     4s[>>>>>>>>>>>>>>>>>>>>>>>>>    ] 330/371, 10.9 task/s, elapsed: 30s, ETA:     4s[>>>>>>>>>>>>>>>>>>>>>>>>>    ] 331/371, 11.0 task/s, elapsed: 30s, ETA:     4s[>>>>>>>>>>>>>>>>>>>>>>>>>    ] 332/371, 11.0 task/s, elapsed: 30s, ETA:     4s[>>>>>>>>>>>>>>>>>>>>>>>>>>   ] 333/371, 11.0 task/s, elapsed: 30s, ETA:     3s[>>>>>>>>>>>>>>>>>>>>>>>>>>   ] 334/371, 11.0 task/s, elapsed: 30s, ETA:     3s[>>>>>>>>>>>>>>>>>>>>>>>>>>   ] 335/371, 11.0 task/s, elapsed: 31s, ETA:     3s[>>>>>>>>>>>>>>>>>>>>>>>>>>   ] 336/371, 11.0 task/s, elapsed: 31s, ETA:     3s[>>>>>>>>>>>>>>>>>>>>>>>>>>   ] 337/371, 11.0 task/s, elapsed: 31s, ETA:     3s[>>>>>>>>>>>>>>>>>>>>>>>>>>   ] 338/371, 11.0 task/s, elapsed: 31s, ETA:     3s[>>>>>>>>>>>>>>>>>>>>>>>>>>   ] 339/371, 11.0 task/s, elapsed: 31s, ETA:     3s[>>>>>>>>>>>>>>>>>>>>>>>>>>   ] 340/371, 11.0 task/s, elapsed: 31s, ETA:     3s[>>>>>>>>>>>>>>>>>>>>>>>>>>   ] 341/371, 11.0 task/s, elapsed: 31s, ETA:     3s[>>>>>>>>>>>>>>>>>>>>>>>>>>   ] 342/371, 11.0 task/s, elapsed: 31s, ETA:     3s[>>>>>>>>>>>>>>>>>>>>>>>>>>   ] 343/371, 11.0 task/s, elapsed: 31s, ETA:     3s[>>>>>>>>>>>>>>>>>>>>>>>>>>   ] 344/371, 11.0 task/s, elapsed: 31s, ETA:     2s[>>>>>>>>>>>>>>>>>>>>>>>>>>   ] 345/371, 11.0 task/s, elapsed: 31s, ETA:     2s[>>>>>>>>>>>>>>>>>>>>>>>>>>>  ] 346/371, 11.0 task/s, elapsed: 31s, ETA:     2s[>>>>>>>>>>>>>>>>>>>>>>>>>>>  ] 347/371, 11.0 task/s, elapsed: 32s, ETA:     2s[>>>>>>>>>>>>>>>>>>>>>>>>>>>  ] 348/371, 11.0 task/s, elapsed: 32s, ETA:     2s[>>>>>>>>>>>>>>>>>>>>>>>>>>>  ] 349/371, 11.0 task/s, elapsed: 32s, ETA:     2s[>>>>>>>>>>>>>>>>>>>>>>>>>>>  ] 350/371, 11.0 task/s, elapsed: 32s, ETA:     2s[>>>>>>>>>>>>>>>>>>>>>>>>>>>  ] 351/371, 11.0 task/s, elapsed: 32s, ETA:     2s[>>>>>>>>>>>>>>>>>>>>>>>>>>>  ] 352/371, 11.0 task/s, elapsed: 32s, ETA:     2s[>>>>>>>>>>>>>>>>>>>>>>>>>>>  ] 353/371, 11.0 task/s, elapsed: 32s, ETA:     2s[>>>>>>>>>>>>>>>>>>>>>>>>>>>  ] 354/371, 11.0 task/s, elapsed: 32s, ETA:     2s[>>>>>>>>>>>>>>>>>>>>>>>>>>>  ] 355/371, 11.0 task/s, elapsed: 32s, ETA:     1s[>>>>>>>>>>>>>>>>>>>>>>>>>>>  ] 356/371, 11.0 task/s, elapsed: 32s, ETA:     1s[>>>>>>>>>>>>>>>>>>>>>>>>>>>  ] 357/371, 11.0 task/s, elapsed: 32s, ETA:     1s[>>>>>>>>>>>>>>>>>>>>>>>>>>>  ] 358/371, 11.0 task/s, elapsed: 32s, ETA:     1s[>>>>>>>>>>>>>>>>>>>>>>>>>>>> ] 359/371, 11.0 task/s, elapsed: 33s, ETA:     1s[>>>>>>>>>>>>>>>>>>>>>>>>>>>> ] 360/371, 11.0 task/s, elapsed: 33s, ETA:     1s[>>>>>>>>>>>>>>>>>>>>>>>>>>>> ] 361/371, 11.0 task/s, elapsed: 33s, ETA:     1s[>>>>>>>>>>>>>>>>>>>>>>>>>>>> ] 362/371, 11.0 task/s, elapsed: 33s, ETA:     1s[>>>>>>>>>>>>>>>>>>>>>>>>>>>> ] 363/371, 11.0 task/s, elapsed: 33s, ETA:     1s[>>>>>>>>>>>>>>>>>>>>>>>>>>>> ] 364/371, 11.0 task/s, elapsed: 33s, ETA:     1s[>>>>>>>>>>>>>>>>>>>>>>>>>>>> ] 365/371, 11.0 task/s, elapsed: 33s, ETA:     1s[>>>>>>>>>>>>>>>>>>>>>>>>>>>> ] 366/371, 11.0 task/s, elapsed: 33s, ETA:     0s[>>>>>>>>>>>>>>>>>>>>>>>>>>>> ] 367/371, 11.0 task/s, elapsed: 33s, ETA:     0s[>>>>>>>>>>>>>>>>>>>>>>>>>>>> ] 368/371, 11.0 task/s, elapsed: 33s, ETA:     0s[>>>>>>>>>>>>>>>>>>>>>>>>>>>> ] 369/371, 11.0 task/s, elapsed: 33s, ETA:     0s[>>>>>>>>>>>>>>>>>>>>>>>>>>>> ] 370/371, 11.0 task/s, elapsed: 33s, ETA:     0s[>>>>>>>>>>>>>>>>>>>>>>>>>>>>>] 371/371, 11.1 task/s, elapsed: 34s, ETA:     0s

2026-05-12 07:30:52,308 - mmdet - INFO - Evaluating bbox...
Loading and preparing results...
DONE (t=0.01s)
creating index...
index created!
Running per image evaluation...
Evaluate annotation type *bbox*
DONE (t=2.21s).
Accumulating evaluation results...
DONE (t=0.16s).
2026-05-12 07:30:54,705 - mmdet - INFO - 
 Average Precision  (AP) @[ IoU=0.50:0.95 | area=   all | maxDets=100 ] = 0.259
 Average Precision  (AP) @[ IoU=0.50      | area=   all | maxDets=1000 ] = 0.644
 Average Precision  (AP) @[ IoU=0.75      | area=   all | maxDets=1000 ] = 0.160
 Average Precision  (AP) @[ IoU=0.50:0.95 | area= small | maxDets=1000 ] = 0.002
 Average Precision  (AP) @[ IoU=0.50:0.95 | area=medium | maxDets=1000 ] = 0.202
 Average Precision  (AP) @[ IoU=0.50:0.95 | area= large | maxDets=1000 ] = 0.339
 Average Recall     (AR) @[ IoU=0.50:0.95 | area=   all | maxDets=100 ] = 0.390
 Average Recall     (AR) @[ IoU=0.50:0.95 | area=   all | maxDets=300 ] = 0.390
 Average Recall     (AR) @[ IoU=0.50:0.95 | area=   all | maxDets=1000 ] = 0.390
 Average Recall     (AR) @[ IoU=0.50:0.95 | area= small | maxDets=1000 ] = 0.034
 Average Recall     (AR) @[ IoU=0.50:0.95 | area=medium | maxDets=1000 ] = 0.345
 Average Recall     (AR) @[ IoU=0.50:0.95 | area= large | maxDets=1000 ] = 0.458

2026-05-12 07:30:54,833 - mmdet - INFO - The previous best checkpoint /home/ahmadreza/Downloads/Research/M2SODAI/baseline_official/runs_r50_hbb/r50_hbb_fold_1_20260512/best_bbox_mAP_epoch_110.pth was removed
2026-05-12 07:30:56,358 - mmdet - INFO - Now best checkpoint is saved as best_bbox_mAP_epoch_140.pth.
2026-05-12 07:30:56,358 - mmdet - INFO - Best bbox_mAP is 0.2590 at 140 epoch.
2026-05-12 07:30:56,359 - mmdet - INFO - Exp name: fold_1_r50_300e_hbb.py
2026-05-12 07:30:56,359 - mmdet - INFO - Epoch(val) [140][371]	bbox_mAP: 0.2590, bbox_mAP_50: 0.6440, bbox_mAP_75: 0.1600, bbox_mAP_s: 0.0020, bbox_mAP_m: 0.2020, bbox_mAP_l: 0.3390, bbox_mAP_copypaste: 0.259 0.644 0.160 0.002 0.202 0.339
2026-05-12 07:31:25,835 - mmdet - INFO - Epoch [141][50/186]	lr: 1.105e-02, eta: 3:37:23, time: 0.587, data_time: 0.084, memory: 6155, loss_rpn_cls: 0.0137, loss_rpn_bbox: 0.0023, loss_cls: 0.0805, acc: 96.9092, loss_bbox: 0.0503, loss: 0.1468, grad_norm: 1.1311
2026-05-12 07:31:51,607 - mmdet - INFO - Epoch [141][100/186]	lr: 1.105e-02, eta: 3:37:05, time: 0.517, data_time: 0.015, memory: 6155, loss_rpn_cls: 0.0159, loss_rpn_bbox: 0.0027, loss_cls: 0.0720, acc: 97.2305, loss_bbox: 0.0449, loss: 0.1354, grad_norm: 1.0773
2026-05-12 07:32:17,536 - mmdet - INFO - Epoch [141][150/186]	lr: 1.105e-02, eta: 3:36:48, time: 0.517, data_time: 0.013, memory: 6155, loss_rpn_cls: 0.0114, loss_rpn_bbox: 0.0020, loss_cls: 0.0710, acc: 97.3076, loss_bbox: 0.0450, loss: 0.1294, grad_norm: 1.0700
2026-05-12 07:33:05,878 - mmdet - INFO - Epoch [142][50/186]	lr: 1.094e-02, eta: 3:36:01, time: 0.593, data_time: 0.084, memory: 6155, loss_rpn_cls: 0.0159, loss_rpn_bbox: 0.0024, loss_cls: 0.0744, acc: 97.1836, loss_bbox: 0.0449, loss: 0.1376, grad_norm: 1.1877
2026-05-12 07:33:31,697 - mmdet - INFO - Epoch [142][100/186]	lr: 1.094e-02, eta: 3:35:43, time: 0.514, data_time: 0.013, memory: 6155, loss_rpn_cls: 0.0220, loss_rpn_bbox: 0.0027, loss_cls: 0.0815, acc: 97.0684, loss_bbox: 0.0515, loss: 0.1577, grad_norm: 1.2388
2026-05-12 07:33:57,660 - mmdet - INFO - Epoch [142][150/186]	lr: 1.094e-02, eta: 3:35:25, time: 0.521, data_time: 0.015, memory: 6155, loss_rpn_cls: 0.0116, loss_rpn_bbox: 0.0021, loss_cls: 0.0641, acc: 97.5400, loss_bbox: 0.0399, loss: 0.1177, grad_norm: 1.1623
2026-05-12 07:34:45,805 - mmdet - INFO - Epoch [143][50/186]	lr: 1.084e-02, eta: 3:34:38, time: 0.587, data_time: 0.084, memory: 6155, loss_rpn_cls: 0.0140, loss_rpn_bbox: 0.0024, loss_cls: 0.0760, acc: 97.1211, loss_bbox: 0.0469, loss: 0.1394, grad_norm: 1.0509
2026-05-12 07:35:11,506 - mmdet - INFO - Epoch [143][100/186]	lr: 1.084e-02, eta: 3:34:21, time: 0.516, data_time: 0.015, memory: 6155, loss_rpn_cls: 0.0118, loss_rpn_bbox: 0.0023, loss_cls: 0.0712, acc: 97.3223, loss_bbox: 0.0467, loss: 0.1320, grad_norm: 1.0526
2026-05-12 07:35:37,293 - mmdet - INFO - Epoch [143][150/186]	lr: 1.084e-02, eta: 3:34:03, time: 0.514, data_time: 0.013, memory: 6155, loss_rpn_cls: 0.0148, loss_rpn_bbox: 0.0025, loss_cls: 0.0703, acc: 97.3809, loss_bbox: 0.0440, loss: 0.1316, grad_norm: 1.0317
2026-05-12 07:36:25,644 - mmdet - INFO - Epoch [144][50/186]	lr: 1.073e-02, eta: 3:33:16, time: 0.592, data_time: 0.084, memory: 6155, loss_rpn_cls: 0.0135, loss_rpn_bbox: 0.0025, loss_cls: 0.0797, acc: 96.9746, loss_bbox: 0.0521, loss: 0.1478, grad_norm: 1.1357
2026-05-12 07:36:51,371 - mmdet - INFO - Epoch [144][100/186]	lr: 1.073e-02, eta: 3:32:58, time: 0.513, data_time: 0.013, memory: 6155, loss_rpn_cls: 0.0107, loss_rpn_bbox: 0.0021, loss_cls: 0.0617, acc: 97.6387, loss_bbox: 0.0385, loss: 0.1130, grad_norm: 1.0755
2026-05-12 07:37:17,304 - mmdet - INFO - Epoch [144][150/186]	lr: 1.073e-02, eta: 3:32:41, time: 0.521, data_time: 0.015, memory: 6155, loss_rpn_cls: 0.0200, loss_rpn_bbox: 0.0027, loss_cls: 0.0750, acc: 97.0820, loss_bbox: 0.0475, loss: 0.1453, grad_norm: 1.0946
2026-05-12 07:38:05,548 - mmdet - INFO - Epoch [145][50/186]	lr: 1.063e-02, eta: 3:31:54, time: 0.589, data_time: 0.084, memory: 6155, loss_rpn_cls: 0.0161, loss_rpn_bbox: 0.0023, loss_cls: 0.0729, acc: 97.2578, loss_bbox: 0.0460, loss: 0.1373, grad_norm: 1.1673
2026-05-12 07:38:31,242 - mmdet - INFO - Epoch [145][100/186]	lr: 1.063e-02, eta: 3:31:36, time: 0.516, data_time: 0.015, memory: 6155, loss_rpn_cls: 0.0171, loss_rpn_bbox: 0.0022, loss_cls: 0.0690, acc: 97.4551, loss_bbox: 0.0475, loss: 0.1358, grad_norm: 1.1630
2026-05-12 07:38:57,116 - mmdet - INFO - Epoch [145][150/186]	lr: 1.063e-02, eta: 3:31:18, time: 0.516, data_time: 0.013, memory: 6155, loss_rpn_cls: 0.0140, loss_rpn_bbox: 0.0025, loss_cls: 0.0810, acc: 96.9004, loss_bbox: 0.0539, loss: 0.1514, grad_norm: 1.1775
2026-05-12 07:39:45,359 - mmdet - INFO - Epoch [146][50/186]	lr: 1.052e-02, eta: 3:30:32, time: 0.591, data_time: 0.083, memory: 6155, loss_rpn_cls: 0.0157, loss_rpn_bbox: 0.0026, loss_cls: 0.0692, acc: 97.3652, loss_bbox: 0.0452, loss: 0.1328, grad_norm: 1.0707
2026-05-12 07:40:11,174 - mmdet - INFO - Epoch [146][100/186]	lr: 1.052e-02, eta: 3:30:14, time: 0.514, data_time: 0.013, memory: 6155, loss_rpn_cls: 0.0169, loss_rpn_bbox: 0.0022, loss_cls: 0.0710, acc: 97.3506, loss_bbox: 0.0446, loss: 0.1348, grad_norm: 1.0961
2026-05-12 07:40:37,106 - mmdet - INFO - Epoch [146][150/186]	lr: 1.052e-02, eta: 3:29:56, time: 0.521, data_time: 0.015, memory: 6155, loss_rpn_cls: 0.0191, loss_rpn_bbox: 0.0027, loss_cls: 0.0784, acc: 97.0469, loss_bbox: 0.0523, loss: 0.1525, grad_norm: 1.1133
2026-05-12 07:41:25,447 - mmdet - INFO - Epoch [147][50/186]	lr: 1.042e-02, eta: 3:29:10, time: 0.589, data_time: 0.084, memory: 6155, loss_rpn_cls: 0.0141, loss_rpn_bbox: 0.0023, loss_cls: 0.0729, acc: 97.2275, loss_bbox: 0.0463, loss: 0.1356, grad_norm: 1.2503
2026-05-12 07:41:51,303 - mmdet - INFO - Epoch [147][100/186]	lr: 1.042e-02, eta: 3:28:52, time: 0.519, data_time: 0.015, memory: 6155, loss_rpn_cls: 0.0134, loss_rpn_bbox: 0.0027, loss_cls: 0.0729, acc: 97.1045, loss_bbox: 0.0471, loss: 0.1361, grad_norm: 1.1790
2026-05-12 07:42:17,278 - mmdet - INFO - Epoch [147][150/186]	lr: 1.042e-02, eta: 3:28:34, time: 0.518, data_time: 0.013, memory: 6155, loss_rpn_cls: 0.0170, loss_rpn_bbox: 0.0029, loss_cls: 0.0800, acc: 96.9199, loss_bbox: 0.0500, loss: 0.1498, grad_norm: 1.1785
2026-05-12 07:43:05,579 - mmdet - INFO - Epoch [148][50/186]	lr: 1.031e-02, eta: 3:27:48, time: 0.591, data_time: 0.084, memory: 6155, loss_rpn_cls: 0.0147, loss_rpn_bbox: 0.0025, loss_cls: 0.0765, acc: 97.1445, loss_bbox: 0.0525, loss: 0.1462, grad_norm: 1.1498
2026-05-12 07:43:31,320 - mmdet - INFO - Epoch [148][100/186]	lr: 1.031e-02, eta: 3:27:30, time: 0.513, data_time: 0.013, memory: 6155, loss_rpn_cls: 0.0143, loss_rpn_bbox: 0.0026, loss_cls: 0.0752, acc: 97.0732, loss_bbox: 0.0504, loss: 0.1425, grad_norm: 1.1970
2026-05-12 07:43:57,271 - mmdet - INFO - Epoch [148][150/186]	lr: 1.031e-02, eta: 3:27:12, time: 0.521, data_time: 0.015, memory: 6155, loss_rpn_cls: 0.0199, loss_rpn_bbox: 0.0027, loss_cls: 0.0722, acc: 97.2803, loss_bbox: 0.0452, loss: 0.1400, grad_norm: 1.1902
2026-05-12 07:44:45,470 - mmdet - INFO - Epoch [149][50/186]	lr: 1.021e-02, eta: 3:26:25, time: 0.588, data_time: 0.083, memory: 6155, loss_rpn_cls: 0.0167, loss_rpn_bbox: 0.0026, loss_cls: 0.0739, acc: 97.2617, loss_bbox: 0.0494, loss: 0.1426, grad_norm: 1.2406
2026-05-12 07:45:11,323 - mmdet - INFO - Epoch [149][100/186]	lr: 1.021e-02, eta: 3:26:08, time: 0.519, data_time: 0.015, memory: 6155, loss_rpn_cls: 0.0199, loss_rpn_bbox: 0.0026, loss_cls: 0.0737, acc: 97.2373, loss_bbox: 0.0486, loss: 0.1448, grad_norm: 1.2878
2026-05-12 07:45:37,234 - mmdet - INFO - Epoch [149][150/186]	lr: 1.021e-02, eta: 3:25:50, time: 0.516, data_time: 0.013, memory: 6155, loss_rpn_cls: 0.0167, loss_rpn_bbox: 0.0025, loss_cls: 0.0745, acc: 97.2012, loss_bbox: 0.0483, loss: 0.1421, grad_norm: 1.2277
2026-05-12 07:46:25,440 - mmdet - INFO - Epoch [150][50/186]	lr: 1.011e-02, eta: 3:25:03, time: 0.591, data_time: 0.084, memory: 6155, loss_rpn_cls: 0.0174, loss_rpn_bbox: 0.0022, loss_cls: 0.0679, acc: 97.4600, loss_bbox: 0.0406, loss: 0.1282, grad_norm: 1.0111
2026-05-12 07:46:51,212 - mmdet - INFO - Epoch [150][100/186]	lr: 1.011e-02, eta: 3:24:45, time: 0.514, data_time: 0.013, memory: 6155, loss_rpn_cls: 0.0132, loss_rpn_bbox: 0.0022, loss_cls: 0.0692, acc: 97.3779, loss_bbox: 0.0439, loss: 0.1285, grad_norm: 1.0973
2026-05-12 07:47:17,194 - mmdet - INFO - Epoch [150][150/186]	lr: 1.011e-02, eta: 3:24:27, time: 0.522, data_time: 0.015, memory: 6155, loss_rpn_cls: 0.0157, loss_rpn_bbox: 0.0027, loss_cls: 0.0821, acc: 97.0381, loss_bbox: 0.0560, loss: 0.1566, grad_norm: 1.1168
2026-05-12 07:47:35,977 - mmdet - INFO - Saving checkpoint at 150 epochs
[                                                  ] 0/371, elapsed: 0s, ETA:[                                 ] 1/371, 0.4 task/s, elapsed: 3s, ETA:   951s[                                 ] 2/371, 0.8 task/s, elapsed: 3s, ETA:   491s[                                 ] 3/371, 1.1 task/s, elapsed: 3s, ETA:   336s[                                 ] 4/371, 1.4 task/s, elapsed: 3s, ETA:   259s[                                 ] 5/371, 1.7 task/s, elapsed: 3s, ETA:   213s[                                 ] 6/371, 2.0 task/s, elapsed: 3s, ETA:   182s[                                 ] 7/371, 2.3 task/s, elapsed: 3s, ETA:   160s[                                 ] 8/371, 2.5 task/s, elapsed: 3s, ETA:   143s[                                 ] 9/371, 2.8 task/s, elapsed: 3s, ETA:   130s[                                ] 10/371, 3.0 task/s, elapsed: 3s, ETA:   120s[                                ] 11/371, 3.2 task/s, elapsed: 3s, ETA:   112s[>                               ] 12/371, 3.4 task/s, elapsed: 3s, ETA:   104s[>                               ] 13/371, 3.6 task/s, elapsed: 4s, ETA:    99s[>                               ] 14/371, 3.8 task/s, elapsed: 4s, ETA:    93s[>                               ] 15/371, 4.0 task/s, elapsed: 4s, ETA:    89s[>                               ] 16/371, 4.2 task/s, elapsed: 4s, ETA:    85s[>                               ] 17/371, 4.3 task/s, elapsed: 4s, ETA:    82s[>                               ] 18/371, 4.5 task/s, elapsed: 4s, ETA:    78s[>                               ] 19/371, 4.7 task/s, elapsed: 4s, ETA:    76s[>                               ] 20/371, 4.8 task/s, elapsed: 4s, ETA:    73s[>                               ] 21/371, 4.9 task/s, elapsed: 4s, ETA:    71s[>                               ] 22/371, 5.1 task/s, elapsed: 4s, ETA:    69s[>                               ] 23/371, 5.2 task/s, elapsed: 4s, ETA:    67s[>>                              ] 24/371, 5.3 task/s, elapsed: 4s, ETA:    65s[>>                              ] 25/371, 5.5 task/s, elapsed: 5s, ETA:    63s[>>                              ] 26/371, 5.6 task/s, elapsed: 5s, ETA:    62s[>>                              ] 27/371, 5.7 task/s, elapsed: 5s, ETA:    61s[>>                              ] 28/371, 5.8 task/s, elapsed: 5s, ETA:    59s[>>                              ] 29/371, 5.9 task/s, elapsed: 5s, ETA:    58s[>>                              ] 30/371, 6.0 task/s, elapsed: 5s, ETA:    57s[>>                              ] 31/371, 6.1 task/s, elapsed: 5s, ETA:    56s[>>                              ] 32/371, 6.2 task/s, elapsed: 5s, ETA:    55s[>>                              ] 33/371, 6.3 task/s, elapsed: 5s, ETA:    54s[>>                              ] 34/371, 6.4 task/s, elapsed: 5s, ETA:    53s[>>>                             ] 35/371, 6.4 task/s, elapsed: 5s, ETA:    52s[>>>                             ] 36/371, 6.5 task/s, elapsed: 6s, ETA:    51s[>>>                             ] 37/371, 6.6 task/s, elapsed: 6s, ETA:    51s[>>>                             ] 38/371, 6.7 task/s, elapsed: 6s, ETA:    50s[>>>                             ] 39/371, 6.8 task/s, elapsed: 6s, ETA:    49s[>>>                             ] 40/371, 6.8 task/s, elapsed: 6s, ETA:    48s[>>>                             ] 41/371, 6.9 task/s, elapsed: 6s, ETA:    48s[>>>                             ] 42/371, 7.0 task/s, elapsed: 6s, ETA:    47s[>>>                             ] 43/371, 7.1 task/s, elapsed: 6s, ETA:    47s[>>>                             ] 44/371, 7.1 task/s, elapsed: 6s, ETA:    46s[>>>                             ] 45/371, 7.2 task/s, elapsed: 6s, ETA:    45s[>>>                             ] 46/371, 7.2 task/s, elapsed: 6s, ETA:    45s[>>>>                            ] 47/371, 7.3 task/s, elapsed: 6s, ETA:    44s[>>>>                            ] 48/371, 7.4 task/s, elapsed: 7s, ETA:    44s[>>>>                            ] 49/371, 7.4 task/s, elapsed: 7s, ETA:    43s[>>>>                            ] 50/371, 7.5 task/s, elapsed: 7s, ETA:    43s[>>>>                            ] 51/371, 7.5 task/s, elapsed: 7s, ETA:    42s[>>>>                            ] 52/371, 7.6 task/s, elapsed: 7s, ETA:    42s[>>>>                            ] 53/371, 7.6 task/s, elapsed: 7s, ETA:    42s[>>>>                            ] 54/371, 7.7 task/s, elapsed: 7s, ETA:    41s[>>>>                            ] 55/371, 7.7 task/s, elapsed: 7s, ETA:    41s[>>>>                            ] 56/371, 7.8 task/s, elapsed: 7s, ETA:    40s[>>>>                            ] 57/371, 7.8 task/s, elapsed: 7s, ETA:    40s[>>>>>                           ] 58/371, 7.9 task/s, elapsed: 7s, ETA:    40s[>>>>>                           ] 59/371, 7.9 task/s, elapsed: 7s, ETA:    39s[>>>>>                           ] 60/371, 8.0 task/s, elapsed: 8s, ETA:    39s[>>>>>                           ] 61/371, 8.0 task/s, elapsed: 8s, ETA:    39s[>>>>>                           ] 62/371, 8.1 task/s, elapsed: 8s, ETA:    38s[>>>>>                           ] 63/371, 8.1 task/s, elapsed: 8s, ETA:    38s[>>>>>                           ] 64/371, 8.1 task/s, elapsed: 8s, ETA:    38s[>>>>>                           ] 65/371, 8.2 task/s, elapsed: 8s, ETA:    37s[>>>>>                           ] 66/371, 8.2 task/s, elapsed: 8s, ETA:    37s[>>>>>                           ] 67/371, 8.3 task/s, elapsed: 8s, ETA:    37s[>>>>>                           ] 68/371, 8.3 task/s, elapsed: 8s, ETA:    37s[>>>>>                           ] 69/371, 8.3 task/s, elapsed: 8s, ETA:    36s[>>>>>>                          ] 70/371, 8.4 task/s, elapsed: 8s, ETA:    36s[>>>>>>                          ] 71/371, 8.4 task/s, elapsed: 8s, ETA:    36s[>>>>>>                          ] 72/371, 8.4 task/s, elapsed: 9s, ETA:    35s[>>>>>>                          ] 73/371, 8.5 task/s, elapsed: 9s, ETA:    35s[>>>>>>                          ] 74/371, 8.5 task/s, elapsed: 9s, ETA:    35s[>>>>>>                          ] 75/371, 8.5 task/s, elapsed: 9s, ETA:    35s[>>>>>>                          ] 76/371, 8.6 task/s, elapsed: 9s, ETA:    34s[>>>>>>                          ] 77/371, 8.6 task/s, elapsed: 9s, ETA:    34s[>>>>>>                          ] 78/371, 8.6 task/s, elapsed: 9s, ETA:    34s[>>>>>>                          ] 79/371, 8.7 task/s, elapsed: 9s, ETA:    34s[>>>>>>                          ] 80/371, 8.7 task/s, elapsed: 9s, ETA:    33s[>>>>>>                          ] 81/371, 8.7 task/s, elapsed: 9s, ETA:    33s[>>>>>>>                         ] 82/371, 8.8 task/s, elapsed: 9s, ETA:    33s[>>>>>>>                         ] 83/371, 8.8 task/s, elapsed: 9s, ETA:    33s[>>>>>>>                        ] 84/371, 8.8 task/s, elapsed: 10s, ETA:    33s[>>>>>>>                        ] 85/371, 8.8 task/s, elapsed: 10s, ETA:    32s[>>>>>>>                        ] 86/371, 8.9 task/s, elapsed: 10s, ETA:    32s[>>>>>>>                        ] 87/371, 8.9 task/s, elapsed: 10s, ETA:    32s[>>>>>>>                        ] 88/371, 8.9 task/s, elapsed: 10s, ETA:    32s[>>>>>>>                        ] 89/371, 8.9 task/s, elapsed: 10s, ETA:    32s[>>>>>>>                        ] 90/371, 9.0 task/s, elapsed: 10s, ETA:    31s[>>>>>>>                        ] 91/371, 9.0 task/s, elapsed: 10s, ETA:    31s[>>>>>>>                        ] 92/371, 9.0 task/s, elapsed: 10s, ETA:    31s[>>>>>>>                        ] 93/371, 9.0 task/s, elapsed: 10s, ETA:    31s[>>>>>>>                        ] 94/371, 9.1 task/s, elapsed: 10s, ETA:    31s[>>>>>>>                        ] 95/371, 9.1 task/s, elapsed: 10s, ETA:    30s[>>>>>>>>                       ] 96/371, 9.1 task/s, elapsed: 11s, ETA:    30s[>>>>>>>>                       ] 97/371, 9.1 task/s, elapsed: 11s, ETA:    30s[>>>>>>>>                       ] 98/371, 9.2 task/s, elapsed: 11s, ETA:    30s[>>>>>>>>                       ] 99/371, 9.2 task/s, elapsed: 11s, ETA:    30s[>>>>>>>>                      ] 100/371, 9.2 task/s, elapsed: 11s, ETA:    29s[>>>>>>>>                      ] 101/371, 9.2 task/s, elapsed: 11s, ETA:    29s[>>>>>>>>                      ] 102/371, 9.2 task/s, elapsed: 11s, ETA:    29s[>>>>>>>>                      ] 103/371, 9.3 task/s, elapsed: 11s, ETA:    29s[>>>>>>>>                      ] 104/371, 9.3 task/s, elapsed: 11s, ETA:    29s[>>>>>>>>                      ] 105/371, 9.3 task/s, elapsed: 11s, ETA:    29s[>>>>>>>>                      ] 106/371, 9.3 task/s, elapsed: 11s, ETA:    28s[>>>>>>>>                      ] 107/371, 9.3 task/s, elapsed: 11s, ETA:    28s[>>>>>>>>                      ] 108/371, 9.4 task/s, elapsed: 12s, ETA:    28s[>>>>>>>>                      ] 109/371, 9.4 task/s, elapsed: 12s, ETA:    28s[>>>>>>>>                      ] 110/371, 9.4 task/s, elapsed: 12s, ETA:    28s[>>>>>>>>                      ] 111/371, 9.4 task/s, elapsed: 12s, ETA:    28s[>>>>>>>>>                     ] 112/371, 9.4 task/s, elapsed: 12s, ETA:    27s[>>>>>>>>>                     ] 113/371, 9.5 task/s, elapsed: 12s, ETA:    27s[>>>>>>>>>                     ] 114/371, 9.5 task/s, elapsed: 12s, ETA:    27s[>>>>>>>>>                     ] 115/371, 9.5 task/s, elapsed: 12s, ETA:    27s[>>>>>>>>>                     ] 116/371, 9.5 task/s, elapsed: 12s, ETA:    27s[>>>>>>>>>                     ] 117/371, 9.5 task/s, elapsed: 12s, ETA:    27s[>>>>>>>>>                     ] 118/371, 9.5 task/s, elapsed: 12s, ETA:    27s[>>>>>>>>>                     ] 119/371, 9.6 task/s, elapsed: 12s, ETA:    26s[>>>>>>>>>                     ] 120/371, 9.6 task/s, elapsed: 13s, ETA:    26s[>>>>>>>>>                     ] 121/371, 9.6 task/s, elapsed: 13s, ETA:    26s[>>>>>>>>>                     ] 122/371, 9.6 task/s, elapsed: 13s, ETA:    26s[>>>>>>>>>                     ] 123/371, 9.6 task/s, elapsed: 13s, ETA:    26s[>>>>>>>>>>                    ] 124/371, 9.6 task/s, elapsed: 13s, ETA:    26s[>>>>>>>>>>                    ] 125/371, 9.7 task/s, elapsed: 13s, ETA:    25s[>>>>>>>>>>                    ] 126/371, 9.7 task/s, elapsed: 13s, ETA:    25s[>>>>>>>>>>                    ] 127/371, 9.7 task/s, elapsed: 13s, ETA:    25s[>>>>>>>>>>                    ] 128/371, 9.7 task/s, elapsed: 13s, ETA:    25s[>>>>>>>>>>                    ] 129/371, 9.7 task/s, elapsed: 13s, ETA:    25s[>>>>>>>>>>                    ] 130/371, 9.7 task/s, elapsed: 13s, ETA:    25s[>>>>>>>>>>                    ] 131/371, 9.7 task/s, elapsed: 13s, ETA:    25s[>>>>>>>>>>                    ] 132/371, 9.8 task/s, elapsed: 14s, ETA:    25s[>>>>>>>>>>                    ] 133/371, 9.8 task/s, elapsed: 14s, ETA:    24s[>>>>>>>>>>                    ] 134/371, 9.8 task/s, elapsed: 14s, ETA:    24s[>>>>>>>>>>                    ] 135/371, 9.8 task/s, elapsed: 14s, ETA:    24s[>>>>>>>>>>                    ] 136/371, 9.8 task/s, elapsed: 14s, ETA:    24s[>>>>>>>>>>>                   ] 137/371, 9.8 task/s, elapsed: 14s, ETA:    24s[>>>>>>>>>>>                   ] 138/371, 9.8 task/s, elapsed: 14s, ETA:    24s[>>>>>>>>>>>                   ] 139/371, 9.8 task/s, elapsed: 14s, ETA:    24s[>>>>>>>>>>>                   ] 140/371, 9.9 task/s, elapsed: 14s, ETA:    23s[>>>>>>>>>>>                   ] 141/371, 9.9 task/s, elapsed: 14s, ETA:    23s[>>>>>>>>>>>                   ] 142/371, 9.9 task/s, elapsed: 14s, ETA:    23s[>>>>>>>>>>>                   ] 143/371, 9.9 task/s, elapsed: 14s, ETA:    23s[>>>>>>>>>>>                   ] 144/371, 9.9 task/s, elapsed: 15s, ETA:    23s[>>>>>>>>>>>                   ] 145/371, 9.9 task/s, elapsed: 15s, ETA:    23s[>>>>>>>>>>>                   ] 146/371, 9.9 task/s, elapsed: 15s, ETA:    23s[>>>>>>>>>>>                   ] 147/371, 9.9 task/s, elapsed: 15s, ETA:    23s[>>>>>>>>>>>                  ] 148/371, 10.0 task/s, elapsed: 15s, ETA:    22s[>>>>>>>>>>>                  ] 149/371, 10.0 task/s, elapsed: 15s, ETA:    22s[>>>>>>>>>>>                  ] 150/371, 10.0 task/s, elapsed: 15s, ETA:    22s[>>>>>>>>>>>                  ] 151/371, 10.0 task/s, elapsed: 15s, ETA:    22s[>>>>>>>>>>>                  ] 152/371, 10.0 task/s, elapsed: 15s, ETA:    22s[>>>>>>>>>>>                  ] 153/371, 10.0 task/s, elapsed: 15s, ETA:    22s[>>>>>>>>>>>>                 ] 154/371, 10.0 task/s, elapsed: 15s, ETA:    22s[>>>>>>>>>>>>                 ] 155/371, 10.0 task/s, elapsed: 15s, ETA:    22s[>>>>>>>>>>>>                 ] 156/371, 10.0 task/s, elapsed: 16s, ETA:    21s[>>>>>>>>>>>>                 ] 157/371, 10.0 task/s, elapsed: 16s, ETA:    21s[>>>>>>>>>>>>                 ] 158/371, 10.1 task/s, elapsed: 16s, ETA:    21s[>>>>>>>>>>>>                 ] 159/371, 10.1 task/s, elapsed: 16s, ETA:    21s[>>>>>>>>>>>>                 ] 160/371, 10.1 task/s, elapsed: 16s, ETA:    21s[>>>>>>>>>>>>                 ] 161/371, 10.1 task/s, elapsed: 16s, ETA:    21s[>>>>>>>>>>>>                 ] 162/371, 10.1 task/s, elapsed: 16s, ETA:    21s[>>>>>>>>>>>>                 ] 163/371, 10.1 task/s, elapsed: 16s, ETA:    21s[>>>>>>>>>>>>                 ] 164/371, 10.1 task/s, elapsed: 16s, ETA:    20s[>>>>>>>>>>>>                 ] 165/371, 10.1 task/s, elapsed: 16s, ETA:    20s[>>>>>>>>>>>>                 ] 166/371, 10.1 task/s, elapsed: 16s, ETA:    20s[>>>>>>>>>>>>>                ] 167/371, 10.1 task/s, elapsed: 16s, ETA:    20s[>>>>>>>>>>>>>                ] 168/371, 10.2 task/s, elapsed: 17s, ETA:    20s[>>>>>>>>>>>>>                ] 169/371, 10.2 task/s, elapsed: 17s, ETA:    20s[>>>>>>>>>>>>>                ] 170/371, 10.2 task/s, elapsed: 17s, ETA:    20s[>>>>>>>>>>>>>                ] 171/371, 10.2 task/s, elapsed: 17s, ETA:    20s[>>>>>>>>>>>>>                ] 172/371, 10.2 task/s, elapsed: 17s, ETA:    20s[>>>>>>>>>>>>>                ] 173/371, 10.2 task/s, elapsed: 17s, ETA:    19s[>>>>>>>>>>>>>                ] 174/371, 10.2 task/s, elapsed: 17s, ETA:    19s[>>>>>>>>>>>>>                ] 175/371, 10.2 task/s, elapsed: 17s, ETA:    19s[>>>>>>>>>>>>>                ] 176/371, 10.2 task/s, elapsed: 17s, ETA:    19s[>>>>>>>>>>>>>                ] 177/371, 10.2 task/s, elapsed: 17s, ETA:    19s[>>>>>>>>>>>>>                ] 178/371, 10.2 task/s, elapsed: 17s, ETA:    19s[>>>>>>>>>>>>>                ] 179/371, 10.3 task/s, elapsed: 17s, ETA:    19s[>>>>>>>>>>>>>>               ] 180/371, 10.3 task/s, elapsed: 18s, ETA:    19s[>>>>>>>>>>>>>>               ] 181/371, 10.3 task/s, elapsed: 18s, ETA:    19s[>>>>>>>>>>>>>>               ] 182/371, 10.3 task/s, elapsed: 18s, ETA:    18s[>>>>>>>>>>>>>>               ] 183/371, 10.3 task/s, elapsed: 18s, ETA:    18s[>>>>>>>>>>>>>>               ] 184/371, 10.3 task/s, elapsed: 18s, ETA:    18s[>>>>>>>>>>>>>>               ] 185/371, 10.3 task/s, elapsed: 18s, ETA:    18s[>>>>>>>>>>>>>>               ] 186/371, 10.3 task/s, elapsed: 18s, ETA:    18s[>>>>>>>>>>>>>>               ] 187/371, 10.3 task/s, elapsed: 18s, ETA:    18s[>>>>>>>>>>>>>>               ] 188/371, 10.3 task/s, elapsed: 18s, ETA:    18s[>>>>>>>>>>>>>>               ] 189/371, 10.3 task/s, elapsed: 18s, ETA:    18s[>>>>>>>>>>>>>>               ] 190/371, 10.3 task/s, elapsed: 18s, ETA:    18s[>>>>>>>>>>>>>>               ] 191/371, 10.3 task/s, elapsed: 18s, ETA:    17s[>>>>>>>>>>>>>>>              ] 192/371, 10.4 task/s, elapsed: 19s, ETA:    17s[>>>>>>>>>>>>>>>              ] 193/371, 10.4 task/s, elapsed: 19s, ETA:    17s[>>>>>>>>>>>>>>>              ] 194/371, 10.4 task/s, elapsed: 19s, ETA:    17s[>>>>>>>>>>>>>>>              ] 195/371, 10.4 task/s, elapsed: 19s, ETA:    17s[>>>>>>>>>>>>>>>              ] 196/371, 10.4 task/s, elapsed: 19s, ETA:    17s[>>>>>>>>>>>>>>>              ] 197/371, 10.4 task/s, elapsed: 19s, ETA:    17s[>>>>>>>>>>>>>>>              ] 198/371, 10.4 task/s, elapsed: 19s, ETA:    17s[>>>>>>>>>>>>>>>              ] 199/371, 10.4 task/s, elapsed: 19s, ETA:    17s[>>>>>>>>>>>>>>>              ] 200/371, 10.4 task/s, elapsed: 19s, ETA:    16s[>>>>>>>>>>>>>>>              ] 201/371, 10.4 task/s, elapsed: 19s, ETA:    16s[>>>>>>>>>>>>>>>              ] 202/371, 10.4 task/s, elapsed: 19s, ETA:    16s[>>>>>>>>>>>>>>>              ] 203/371, 10.4 task/s, elapsed: 19s, ETA:    16s[>>>>>>>>>>>>>>>              ] 204/371, 10.4 task/s, elapsed: 20s, ETA:    16s[>>>>>>>>>>>>>>>>             ] 205/371, 10.4 task/s, elapsed: 20s, ETA:    16s[>>>>>>>>>>>>>>>>             ] 206/371, 10.4 task/s, elapsed: 20s, ETA:    16s[>>>>>>>>>>>>>>>>             ] 207/371, 10.5 task/s, elapsed: 20s, ETA:    16s[>>>>>>>>>>>>>>>>             ] 208/371, 10.5 task/s, elapsed: 20s, ETA:    16s[>>>>>>>>>>>>>>>>             ] 209/371, 10.5 task/s, elapsed: 20s, ETA:    15s[>>>>>>>>>>>>>>>>             ] 210/371, 10.5 task/s, elapsed: 20s, ETA:    15s[>>>>>>>>>>>>>>>>             ] 211/371, 10.5 task/s, elapsed: 20s, ETA:    15s[>>>>>>>>>>>>>>>>             ] 212/371, 10.5 task/s, elapsed: 20s, ETA:    15s[>>>>>>>>>>>>>>>>             ] 213/371, 10.5 task/s, elapsed: 20s, ETA:    15s[>>>>>>>>>>>>>>>>             ] 214/371, 10.5 task/s, elapsed: 20s, ETA:    15s[>>>>>>>>>>>>>>>>             ] 215/371, 10.5 task/s, elapsed: 20s, ETA:    15s[>>>>>>>>>>>>>>>>             ] 216/371, 10.5 task/s, elapsed: 21s, ETA:    15s[>>>>>>>>>>>>>>>>             ] 217/371, 10.5 task/s, elapsed: 21s, ETA:    15s[>>>>>>>>>>>>>>>>>            ] 218/371, 10.5 task/s, elapsed: 21s, ETA:    15s[>>>>>>>>>>>>>>>>>            ] 219/371, 10.5 task/s, elapsed: 21s, ETA:    14s[>>>>>>>>>>>>>>>>>            ] 220/371, 10.5 task/s, elapsed: 21s, ETA:    14s[>>>>>>>>>>>>>>>>>            ] 221/371, 10.5 task/s, elapsed: 21s, ETA:    14s[>>>>>>>>>>>>>>>>>            ] 222/371, 10.5 task/s, elapsed: 21s, ETA:    14s[>>>>>>>>>>>>>>>>>            ] 223/371, 10.5 task/s, elapsed: 21s, ETA:    14s[>>>>>>>>>>>>>>>>>            ] 224/371, 10.6 task/s, elapsed: 21s, ETA:    14s[>>>>>>>>>>>>>>>>>            ] 225/371, 10.6 task/s, elapsed: 21s, ETA:    14s[>>>>>>>>>>>>>>>>>            ] 226/371, 10.6 task/s, elapsed: 21s, ETA:    14s[>>>>>>>>>>>>>>>>>            ] 227/371, 10.6 task/s, elapsed: 21s, ETA:    14s[>>>>>>>>>>>>>>>>>            ] 228/371, 10.6 task/s, elapsed: 22s, ETA:    14s[>>>>>>>>>>>>>>>>>            ] 229/371, 10.6 task/s, elapsed: 22s, ETA:    13s[>>>>>>>>>>>>>>>>>            ] 230/371, 10.6 task/s, elapsed: 22s, ETA:    13s[>>>>>>>>>>>>>>>>>>           ] 231/371, 10.6 task/s, elapsed: 22s, ETA:    13s[>>>>>>>>>>>>>>>>>>           ] 232/371, 10.6 task/s, elapsed: 22s, ETA:    13s[>>>>>>>>>>>>>>>>>>           ] 233/371, 10.6 task/s, elapsed: 22s, ETA:    13s[>>>>>>>>>>>>>>>>>>           ] 234/371, 10.6 task/s, elapsed: 22s, ETA:    13s[>>>>>>>>>>>>>>>>>>           ] 235/371, 10.6 task/s, elapsed: 22s, ETA:    13s[>>>>>>>>>>>>>>>>>>           ] 236/371, 10.6 task/s, elapsed: 22s, ETA:    13s[>>>>>>>>>>>>>>>>>>           ] 237/371, 10.6 task/s, elapsed: 22s, ETA:    13s[>>>>>>>>>>>>>>>>>>           ] 238/371, 10.6 task/s, elapsed: 22s, ETA:    13s[>>>>>>>>>>>>>>>>>>           ] 239/371, 10.6 task/s, elapsed: 22s, ETA:    12s[>>>>>>>>>>>>>>>>>>           ] 240/371, 10.6 task/s, elapsed: 23s, ETA:    12s[>>>>>>>>>>>>>>>>>>           ] 241/371, 10.6 task/s, elapsed: 23s, ETA:    12s[>>>>>>>>>>>>>>>>>>           ] 242/371, 10.6 task/s, elapsed: 23s, ETA:    12s[>>>>>>>>>>>>>>>>>>           ] 243/371, 10.7 task/s, elapsed: 23s, ETA:    12s[>>>>>>>>>>>>>>>>>>>          ] 244/371, 10.7 task/s, elapsed: 23s, ETA:    12s[>>>>>>>>>>>>>>>>>>>          ] 245/371, 10.7 task/s, elapsed: 23s, ETA:    12s[>>>>>>>>>>>>>>>>>>>          ] 246/371, 10.7 task/s, elapsed: 23s, ETA:    12s[>>>>>>>>>>>>>>>>>>>          ] 247/371, 10.7 task/s, elapsed: 23s, ETA:    12s[>>>>>>>>>>>>>>>>>>>          ] 248/371, 10.7 task/s, elapsed: 23s, ETA:    12s[>>>>>>>>>>>>>>>>>>>          ] 249/371, 10.7 task/s, elapsed: 23s, ETA:    11s[>>>>>>>>>>>>>>>>>>>          ] 250/371, 10.7 task/s, elapsed: 23s, ETA:    11s[>>>>>>>>>>>>>>>>>>>          ] 251/371, 10.7 task/s, elapsed: 23s, ETA:    11s[>>>>>>>>>>>>>>>>>>>          ] 252/371, 10.7 task/s, elapsed: 24s, ETA:    11s[>>>>>>>>>>>>>>>>>>>          ] 253/371, 10.7 task/s, elapsed: 24s, ETA:    11s[>>>>>>>>>>>>>>>>>>>          ] 254/371, 10.7 task/s, elapsed: 24s, ETA:    11s[>>>>>>>>>>>>>>>>>>>          ] 255/371, 10.7 task/s, elapsed: 24s, ETA:    11s[>>>>>>>>>>>>>>>>>>>>         ] 256/371, 10.7 task/s, elapsed: 24s, ETA:    11s[>>>>>>>>>>>>>>>>>>>>         ] 257/371, 10.7 task/s, elapsed: 24s, ETA:    11s[>>>>>>>>>>>>>>>>>>>>         ] 258/371, 10.7 task/s, elapsed: 24s, ETA:    11s[>>>>>>>>>>>>>>>>>>>>         ] 259/371, 10.7 task/s, elapsed: 24s, ETA:    10s[>>>>>>>>>>>>>>>>>>>>         ] 260/371, 10.7 task/s, elapsed: 24s, ETA:    10s[>>>>>>>>>>>>>>>>>>>>         ] 261/371, 10.7 task/s, elapsed: 24s, ETA:    10s[>>>>>>>>>>>>>>>>>>>>         ] 262/371, 10.7 task/s, elapsed: 24s, ETA:    10s[>>>>>>>>>>>>>>>>>>>>         ] 263/371, 10.7 task/s, elapsed: 24s, ETA:    10s[>>>>>>>>>>>>>>>>>>>>         ] 264/371, 10.7 task/s, elapsed: 25s, ETA:    10s[>>>>>>>>>>>>>>>>>>>>         ] 265/371, 10.8 task/s, elapsed: 25s, ETA:    10s[>>>>>>>>>>>>>>>>>>>>         ] 266/371, 10.8 task/s, elapsed: 25s, ETA:    10s[>>>>>>>>>>>>>>>>>>>>         ] 267/371, 10.8 task/s, elapsed: 25s, ETA:    10s[>>>>>>>>>>>>>>>>>>>>         ] 268/371, 10.8 task/s, elapsed: 25s, ETA:    10s[>>>>>>>>>>>>>>>>>>>>>        ] 269/371, 10.8 task/s, elapsed: 25s, ETA:     9s[>>>>>>>>>>>>>>>>>>>>>        ] 270/371, 10.8 task/s, elapsed: 25s, ETA:     9s[>>>>>>>>>>>>>>>>>>>>>        ] 271/371, 10.8 task/s, elapsed: 25s, ETA:     9s[>>>>>>>>>>>>>>>>>>>>>        ] 272/371, 10.8 task/s, elapsed: 25s, ETA:     9s[>>>>>>>>>>>>>>>>>>>>>        ] 273/371, 10.8 task/s, elapsed: 25s, ETA:     9s[>>>>>>>>>>>>>>>>>>>>>        ] 274/371, 10.8 task/s, elapsed: 25s, ETA:     9s[>>>>>>>>>>>>>>>>>>>>>        ] 275/371, 10.8 task/s, elapsed: 25s, ETA:     9s[>>>>>>>>>>>>>>>>>>>>>        ] 276/371, 10.8 task/s, elapsed: 26s, ETA:     9s[>>>>>>>>>>>>>>>>>>>>>        ] 277/371, 10.8 task/s, elapsed: 26s, ETA:     9s[>>>>>>>>>>>>>>>>>>>>>        ] 278/371, 10.8 task/s, elapsed: 26s, ETA:     9s[>>>>>>>>>>>>>>>>>>>>>        ] 279/371, 10.8 task/s, elapsed: 26s, ETA:     9s[>>>>>>>>>>>>>>>>>>>>>        ] 280/371, 10.8 task/s, elapsed: 26s, ETA:     8s[>>>>>>>>>>>>>>>>>>>>>        ] 281/371, 10.8 task/s, elapsed: 26s, ETA:     8s[>>>>>>>>>>>>>>>>>>>>>>       ] 282/371, 10.8 task/s, elapsed: 26s, ETA:     8s[>>>>>>>>>>>>>>>>>>>>>>       ] 283/371, 10.8 task/s, elapsed: 26s, ETA:     8s[>>>>>>>>>>>>>>>>>>>>>>       ] 284/371, 10.8 task/s, elapsed: 26s, ETA:     8s[>>>>>>>>>>>>>>>>>>>>>>       ] 285/371, 10.8 task/s, elapsed: 26s, ETA:     8s[>>>>>>>>>>>>>>>>>>>>>>       ] 286/371, 10.8 task/s, elapsed: 26s, ETA:     8s[>>>>>>>>>>>>>>>>>>>>>>       ] 287/371, 10.8 task/s, elapsed: 26s, ETA:     8s[>>>>>>>>>>>>>>>>>>>>>>       ] 288/371, 10.8 task/s, elapsed: 27s, ETA:     8s[>>>>>>>>>>>>>>>>>>>>>>       ] 289/371, 10.8 task/s, elapsed: 27s, ETA:     8s[>>>>>>>>>>>>>>>>>>>>>>       ] 290/371, 10.8 task/s, elapsed: 27s, ETA:     7s[>>>>>>>>>>>>>>>>>>>>>>       ] 291/371, 10.8 task/s, elapsed: 27s, ETA:     7s[>>>>>>>>>>>>>>>>>>>>>>       ] 292/371, 10.9 task/s, elapsed: 27s, ETA:     7s[>>>>>>>>>>>>>>>>>>>>>>       ] 293/371, 10.9 task/s, elapsed: 27s, ETA:     7s[>>>>>>>>>>>>>>>>>>>>>>       ] 294/371, 10.9 task/s, elapsed: 27s, ETA:     7s[>>>>>>>>>>>>>>>>>>>>>>>      ] 295/371, 10.9 task/s, elapsed: 27s, ETA:     7s[>>>>>>>>>>>>>>>>>>>>>>>      ] 296/371, 10.9 task/s, elapsed: 27s, ETA:     7s[>>>>>>>>>>>>>>>>>>>>>>>      ] 297/371, 10.9 task/s, elapsed: 27s, ETA:     7s[>>>>>>>>>>>>>>>>>>>>>>>      ] 298/371, 10.9 task/s, elapsed: 27s, ETA:     7s[>>>>>>>>>>>>>>>>>>>>>>>      ] 299/371, 10.9 task/s, elapsed: 27s, ETA:     7s[>>>>>>>>>>>>>>>>>>>>>>>      ] 300/371, 10.9 task/s, elapsed: 28s, ETA:     7s[>>>>>>>>>>>>>>>>>>>>>>>      ] 301/371, 10.9 task/s, elapsed: 28s, ETA:     6s[>>>>>>>>>>>>>>>>>>>>>>>      ] 302/371, 10.9 task/s, elapsed: 28s, ETA:     6s[>>>>>>>>>>>>>>>>>>>>>>>      ] 303/371, 10.9 task/s, elapsed: 28s, ETA:     6s[>>>>>>>>>>>>>>>>>>>>>>>      ] 304/371, 10.9 task/s, elapsed: 28s, ETA:     6s[>>>>>>>>>>>>>>>>>>>>>>>      ] 305/371, 10.9 task/s, elapsed: 28s, ETA:     6s[>>>>>>>>>>>>>>>>>>>>>>>      ] 306/371, 10.9 task/s, elapsed: 28s, ETA:     6s[>>>>>>>>>>>>>>>>>>>>>>>      ] 307/371, 10.9 task/s, elapsed: 28s, ETA:     6s[>>>>>>>>>>>>>>>>>>>>>>>>     ] 308/371, 10.9 task/s, elapsed: 28s, ETA:     6s[>>>>>>>>>>>>>>>>>>>>>>>>     ] 309/371, 10.9 task/s, elapsed: 28s, ETA:     6s[>>>>>>>>>>>>>>>>>>>>>>>>     ] 310/371, 10.9 task/s, elapsed: 28s, ETA:     6s[>>>>>>>>>>>>>>>>>>>>>>>>     ] 311/371, 10.9 task/s, elapsed: 28s, ETA:     5s[>>>>>>>>>>>>>>>>>>>>>>>>     ] 312/371, 10.9 task/s, elapsed: 29s, ETA:     5s[>>>>>>>>>>>>>>>>>>>>>>>>     ] 313/371, 10.9 task/s, elapsed: 29s, ETA:     5s[>>>>>>>>>>>>>>>>>>>>>>>>     ] 314/371, 10.9 task/s, elapsed: 29s, ETA:     5s[>>>>>>>>>>>>>>>>>>>>>>>>     ] 315/371, 10.9 task/s, elapsed: 29s, ETA:     5s[>>>>>>>>>>>>>>>>>>>>>>>>     ] 316/371, 10.9 task/s, elapsed: 29s, ETA:     5s[>>>>>>>>>>>>>>>>>>>>>>>>     ] 317/371, 10.9 task/s, elapsed: 29s, ETA:     5s[>>>>>>>>>>>>>>>>>>>>>>>>     ] 318/371, 10.9 task/s, elapsed: 29s, ETA:     5s[>>>>>>>>>>>>>>>>>>>>>>>>     ] 319/371, 10.9 task/s, elapsed: 29s, ETA:     5s[>>>>>>>>>>>>>>>>>>>>>>>>>    ] 320/371, 10.9 task/s, elapsed: 29s, ETA:     5s[>>>>>>>>>>>>>>>>>>>>>>>>>    ] 321/371, 10.9 task/s, elapsed: 29s, ETA:     5s[>>>>>>>>>>>>>>>>>>>>>>>>>    ] 322/371, 10.9 task/s, elapsed: 29s, ETA:     4s[>>>>>>>>>>>>>>>>>>>>>>>>>    ] 323/371, 11.0 task/s, elapsed: 29s, ETA:     4s[>>>>>>>>>>>>>>>>>>>>>>>>>    ] 324/371, 11.0 task/s, elapsed: 30s, ETA:     4s[>>>>>>>>>>>>>>>>>>>>>>>>>    ] 325/371, 11.0 task/s, elapsed: 30s, ETA:     4s[>>>>>>>>>>>>>>>>>>>>>>>>>    ] 326/371, 11.0 task/s, elapsed: 30s, ETA:     4s[>>>>>>>>>>>>>>>>>>>>>>>>>    ] 327/371, 11.0 task/s, elapsed: 30s, ETA:     4s[>>>>>>>>>>>>>>>>>>>>>>>>>    ] 328/371, 11.0 task/s, elapsed: 30s, ETA:     4s[>>>>>>>>>>>>>>>>>>>>>>>>>    ] 329/371, 11.0 task/s, elapsed: 30s, ETA:     4s[>>>>>>>>>>>>>>>>>>>>>>>>>    ] 330/371, 11.0 task/s, elapsed: 30s, ETA:     4s[>>>>>>>>>>>>>>>>>>>>>>>>>    ] 331/371, 11.0 task/s, elapsed: 30s, ETA:     4s[>>>>>>>>>>>>>>>>>>>>>>>>>    ] 332/371, 11.0 task/s, elapsed: 30s, ETA:     4s[>>>>>>>>>>>>>>>>>>>>>>>>>>   ] 333/371, 11.0 task/s, elapsed: 30s, ETA:     3s[>>>>>>>>>>>>>>>>>>>>>>>>>>   ] 334/371, 11.0 task/s, elapsed: 30s, ETA:     3s[>>>>>>>>>>>>>>>>>>>>>>>>>>   ] 335/371, 11.0 task/s, elapsed: 30s, ETA:     3s[>>>>>>>>>>>>>>>>>>>>>>>>>>   ] 336/371, 11.0 task/s, elapsed: 31s, ETA:     3s[>>>>>>>>>>>>>>>>>>>>>>>>>>   ] 337/371, 11.0 task/s, elapsed: 31s, ETA:     3s[>>>>>>>>>>>>>>>>>>>>>>>>>>   ] 338/371, 11.0 task/s, elapsed: 31s, ETA:     3s[>>>>>>>>>>>>>>>>>>>>>>>>>>   ] 339/371, 11.0 task/s, elapsed: 31s, ETA:     3s[>>>>>>>>>>>>>>>>>>>>>>>>>>   ] 340/371, 11.0 task/s, elapsed: 31s, ETA:     3s[>>>>>>>>>>>>>>>>>>>>>>>>>>   ] 341/371, 11.0 task/s, elapsed: 31s, ETA:     3s[>>>>>>>>>>>>>>>>>>>>>>>>>>   ] 342/371, 11.0 task/s, elapsed: 31s, ETA:     3s[>>>>>>>>>>>>>>>>>>>>>>>>>>   ] 343/371, 11.0 task/s, elapsed: 31s, ETA:     3s[>>>>>>>>>>>>>>>>>>>>>>>>>>   ] 344/371, 11.0 task/s, elapsed: 31s, ETA:     2s[>>>>>>>>>>>>>>>>>>>>>>>>>>   ] 345/371, 11.0 task/s, elapsed: 31s, ETA:     2s[>>>>>>>>>>>>>>>>>>>>>>>>>>>  ] 346/371, 11.0 task/s, elapsed: 31s, ETA:     2s[>>>>>>>>>>>>>>>>>>>>>>>>>>>  ] 347/371, 11.0 task/s, elapsed: 32s, ETA:     2s[>>>>>>>>>>>>>>>>>>>>>>>>>>>  ] 348/371, 11.0 task/s, elapsed: 32s, ETA:     2s[>>>>>>>>>>>>>>>>>>>>>>>>>>>  ] 349/371, 11.0 task/s, elapsed: 32s, ETA:     2s[>>>>>>>>>>>>>>>>>>>>>>>>>>>  ] 350/371, 11.0 task/s, elapsed: 32s, ETA:     2s[>>>>>>>>>>>>>>>>>>>>>>>>>>>  ] 351/371, 11.0 task/s, elapsed: 32s, ETA:     2s[>>>>>>>>>>>>>>>>>>>>>>>>>>>  ] 352/371, 11.0 task/s, elapsed: 32s, ETA:     2s[>>>>>>>>>>>>>>>>>>>>>>>>>>>  ] 353/371, 11.0 task/s, elapsed: 32s, ETA:     2s[>>>>>>>>>>>>>>>>>>>>>>>>>>>  ] 354/371, 11.0 task/s, elapsed: 32s, ETA:     2s[>>>>>>>>>>>>>>>>>>>>>>>>>>>  ] 355/371, 11.0 task/s, elapsed: 32s, ETA:     1s[>>>>>>>>>>>>>>>>>>>>>>>>>>>  ] 356/371, 11.0 task/s, elapsed: 32s, ETA:     1s[>>>>>>>>>>>>>>>>>>>>>>>>>>>  ] 357/371, 11.0 task/s, elapsed: 32s, ETA:     1s[>>>>>>>>>>>>>>>>>>>>>>>>>>>  ] 358/371, 11.0 task/s, elapsed: 32s, ETA:     1s[>>>>>>>>>>>>>>>>>>>>>>>>>>>> ] 359/371, 11.0 task/s, elapsed: 33s, ETA:     1s[>>>>>>>>>>>>>>>>>>>>>>>>>>>> ] 360/371, 11.0 task/s, elapsed: 33s, ETA:     1s[>>>>>>>>>>>>>>>>>>>>>>>>>>>> ] 361/371, 11.0 task/s, elapsed: 33s, ETA:     1s[>>>>>>>>>>>>>>>>>>>>>>>>>>>> ] 362/371, 11.1 task/s, elapsed: 33s, ETA:     1s[>>>>>>>>>>>>>>>>>>>>>>>>>>>> ] 363/371, 11.1 task/s, elapsed: 33s, ETA:     1s[>>>>>>>>>>>>>>>>>>>>>>>>>>>> ] 364/371, 11.1 task/s, elapsed: 33s, ETA:     1s[>>>>>>>>>>>>>>>>>>>>>>>>>>>> ] 365/371, 11.1 task/s, elapsed: 33s, ETA:     1s[>>>>>>>>>>>>>>>>>>>>>>>>>>>> ] 366/371, 11.1 task/s, elapsed: 33s, ETA:     0s[>>>>>>>>>>>>>>>>>>>>>>>>>>>> ] 367/371, 11.1 task/s, elapsed: 33s, ETA:     0s[>>>>>>>>>>>>>>>>>>>>>>>>>>>> ] 368/371, 11.1 task/s, elapsed: 33s, ETA:     0s[>>>>>>>>>>>>>>>>>>>>>>>>>>>> ] 369/371, 11.1 task/s, elapsed: 33s, ETA:     0s[>>>>>>>>>>>>>>>>>>>>>>>>>>>> ] 370/371, 11.1 task/s, elapsed: 33s, ETA:     0s[>>>>>>>>>>>>>>>>>>>>>>>>>>>>>] 371/371, 11.1 task/s, elapsed: 34s, ETA:     0s

2026-05-12 07:48:11,385 - mmdet - INFO - Evaluating bbox...
Loading and preparing results...
DONE (t=0.00s)
creating index...
index created!
Running per image evaluation...
Evaluate annotation type *bbox*
DONE (t=1.68s).
Accumulating evaluation results...
DONE (t=0.10s).
2026-05-12 07:48:13,182 - mmdet - INFO - 
 Average Precision  (AP) @[ IoU=0.50:0.95 | area=   all | maxDets=100 ] = 0.250
 Average Precision  (AP) @[ IoU=0.50      | area=   all | maxDets=1000 ] = 0.652
 Average Precision  (AP) @[ IoU=0.75      | area=   all | maxDets=1000 ] = 0.128
 Average Precision  (AP) @[ IoU=0.50:0.95 | area= small | maxDets=1000 ] = 0.001
 Average Precision  (AP) @[ IoU=0.50:0.95 | area=medium | maxDets=1000 ] = 0.205
 Average Precision  (AP) @[ IoU=0.50:0.95 | area= large | maxDets=1000 ] = 0.311
 Average Recall     (AR) @[ IoU=0.50:0.95 | area=   all | maxDets=100 ] = 0.359
 Average Recall     (AR) @[ IoU=0.50:0.95 | area=   all | maxDets=300 ] = 0.359
 Average Recall     (AR) @[ IoU=0.50:0.95 | area=   all | maxDets=1000 ] = 0.359
 Average Recall     (AR) @[ IoU=0.50:0.95 | area= small | maxDets=1000 ] = 0.007
 Average Recall     (AR) @[ IoU=0.50:0.95 | area=medium | maxDets=1000 ] = 0.308
 Average Recall     (AR) @[ IoU=0.50:0.95 | area= large | maxDets=1000 ] = 0.433

2026-05-12 07:48:13,187 - mmdet - INFO - Exp name: fold_1_r50_300e_hbb.py
2026-05-12 07:48:13,187 - mmdet - INFO - Epoch(val) [150][371]	bbox_mAP: 0.2500, bbox_mAP_50: 0.6520, bbox_mAP_75: 0.1280, bbox_mAP_s: 0.0010, bbox_mAP_m: 0.2050, bbox_mAP_l: 0.3110, bbox_mAP_copypaste: 0.250 0.652 0.128 0.001 0.205 0.311
2026-05-12 07:48:42,726 - mmdet - INFO - Epoch [151][50/186]	lr: 1.000e-02, eta: 3:23:41, time: 0.589, data_time: 0.083, memory: 6155, loss_rpn_cls: 0.0212, loss_rpn_bbox: 0.0027, loss_cls: 0.0883, acc: 96.7197, loss_bbox: 0.0551, loss: 0.1673, grad_norm: 1.2531
2026-05-12 07:49:08,484 - mmdet - INFO - Exp name: fold_1_r50_300e_hbb.py
2026-05-12 07:49:08,485 - mmdet - INFO - Epoch [151][100/186]	lr: 1.000e-02, eta: 3:23:23, time: 0.517, data_time: 0.015, memory: 6155, loss_rpn_cls: 0.0139, loss_rpn_bbox: 0.0023, loss_cls: 0.0723, acc: 97.2314, loss_bbox: 0.0435, loss: 0.1319, grad_norm: 1.1681
2026-05-12 07:49:34,406 - mmdet - INFO - Epoch [151][150/186]	lr: 1.000e-02, eta: 3:23:05, time: 0.516, data_time: 0.013, memory: 6155, loss_rpn_cls: 0.0143, loss_rpn_bbox: 0.0023, loss_cls: 0.0692, acc: 97.3984, loss_bbox: 0.0486, loss: 0.1345, grad_norm: 1.1466
2026-05-12 07:50:22,570 - mmdet - INFO - Epoch [152][50/186]	lr: 9.896e-03, eta: 3:22:19, time: 0.590, data_time: 0.084, memory: 6155, loss_rpn_cls: 0.0155, loss_rpn_bbox: 0.0021, loss_cls: 0.0654, acc: 97.5576, loss_bbox: 0.0400, loss: 0.1231, grad_norm: 1.0099
2026-05-12 07:50:48,409 - mmdet - INFO - Epoch [152][100/186]	lr: 9.896e-03, eta: 3:22:01, time: 0.515, data_time: 0.013, memory: 6155, loss_rpn_cls: 0.0126, loss_rpn_bbox: 0.0025, loss_cls: 0.0762, acc: 97.1201, loss_bbox: 0.0480, loss: 0.1393, grad_norm: 1.0648
2026-05-12 07:51:14,368 - mmdet - INFO - Epoch [152][150/186]	lr: 9.896e-03, eta: 3:21:43, time: 0.521, data_time: 0.015, memory: 6155, loss_rpn_cls: 0.0164, loss_rpn_bbox: 0.0026, loss_cls: 0.0774, acc: 97.0928, loss_bbox: 0.0486, loss: 0.1449, grad_norm: 1.0947
2026-05-12 07:52:02,758 - mmdet - INFO - Epoch [153][50/186]	lr: 9.791e-03, eta: 3:20:57, time: 0.591, data_time: 0.084, memory: 6155, loss_rpn_cls: 0.0159, loss_rpn_bbox: 0.0023, loss_cls: 0.0733, acc: 97.2852, loss_bbox: 0.0431, loss: 0.1346, grad_norm: 1.1002
2026-05-12 07:52:28,512 - mmdet - INFO - Epoch [153][100/186]	lr: 9.791e-03, eta: 3:20:39, time: 0.517, data_time: 0.015, memory: 6155, loss_rpn_cls: 0.0163, loss_rpn_bbox: 0.0022, loss_cls: 0.0695, acc: 97.3135, loss_bbox: 0.0407, loss: 0.1288, grad_norm: 1.1040
2026-05-12 07:52:54,424 - mmdet - INFO - Epoch [153][150/186]	lr: 9.791e-03, eta: 3:20:21, time: 0.516, data_time: 0.013, memory: 6155, loss_rpn_cls: 0.0231, loss_rpn_bbox: 0.0028, loss_cls: 0.0891, acc: 96.9023, loss_bbox: 0.0517, loss: 0.1666, grad_norm: 1.2476
2026-05-12 07:53:42,637 - mmdet - INFO - Epoch [154][50/186]	lr: 9.686e-03, eta: 3:19:35, time: 0.591, data_time: 0.083, memory: 6155, loss_rpn_cls: 0.0174, loss_rpn_bbox: 0.0026, loss_cls: 0.0814, acc: 96.9717, loss_bbox: 0.0502, loss: 0.1516, grad_norm: 1.1013
2026-05-12 07:54:08,469 - mmdet - INFO - Epoch [154][100/186]	lr: 9.686e-03, eta: 3:19:17, time: 0.515, data_time: 0.013, memory: 6155, loss_rpn_cls: 0.0145, loss_rpn_bbox: 0.0019, loss_cls: 0.0665, acc: 97.5049, loss_bbox: 0.0412, loss: 0.1241, grad_norm: 1.0702
2026-05-12 07:54:34,447 - mmdet - INFO - Epoch [154][150/186]	lr: 9.686e-03, eta: 3:18:59, time: 0.521, data_time: 0.015, memory: 6155, loss_rpn_cls: 0.0154, loss_rpn_bbox: 0.0025, loss_cls: 0.0733, acc: 97.2695, loss_bbox: 0.0464, loss: 0.1376, grad_norm: 1.0914
2026-05-12 07:55:22,751 - mmdet - INFO - Epoch [155][50/186]	lr: 9.582e-03, eta: 3:18:13, time: 0.589, data_time: 0.084, memory: 6155, loss_rpn_cls: 0.0132, loss_rpn_bbox: 0.0023, loss_cls: 0.0718, acc: 97.3408, loss_bbox: 0.0431, loss: 0.1303, grad_norm: 1.1810
2026-05-12 07:55:48,688 - mmdet - INFO - Epoch [155][100/186]	lr: 9.582e-03, eta: 3:17:55, time: 0.521, data_time: 0.015, memory: 6155, loss_rpn_cls: 0.0127, loss_rpn_bbox: 0.0023, loss_cls: 0.0792, acc: 96.9990, loss_bbox: 0.0489, loss: 0.1432, grad_norm: 1.1448
2026-05-12 07:56:14,622 - mmdet - INFO - Epoch [155][150/186]	lr: 9.582e-03, eta: 3:17:37, time: 0.517, data_time: 0.013, memory: 6155, loss_rpn_cls: 0.0134, loss_rpn_bbox: 0.0020, loss_cls: 0.0697, acc: 97.3809, loss_bbox: 0.0425, loss: 0.1276, grad_norm: 1.1071
2026-05-12 07:57:02,999 - mmdet - INFO - Epoch [156][50/186]	lr: 9.477e-03, eta: 3:16:52, time: 0.592, data_time: 0.084, memory: 6155, loss_rpn_cls: 0.0158, loss_rpn_bbox: 0.0019, loss_cls: 0.0634, acc: 97.7178, loss_bbox: 0.0374, loss: 0.1186, grad_norm: 1.0619
2026-05-12 07:57:28,732 - mmdet - INFO - Epoch [156][100/186]	lr: 9.477e-03, eta: 3:16:33, time: 0.513, data_time: 0.013, memory: 6155, loss_rpn_cls: 0.0145, loss_rpn_bbox: 0.0021, loss_cls: 0.0737, acc: 97.2812, loss_bbox: 0.0434, loss: 0.1338, grad_norm: 1.0738
2026-05-12 07:57:54,732 - mmdet - INFO - Epoch [156][150/186]	lr: 9.477e-03, eta: 3:16:15, time: 0.522, data_time: 0.015, memory: 6155, loss_rpn_cls: 0.0162, loss_rpn_bbox: 0.0025, loss_cls: 0.0748, acc: 97.1592, loss_bbox: 0.0478, loss: 0.1413, grad_norm: 1.0808
2026-05-12 07:58:43,088 - mmdet - INFO - Epoch [157][50/186]	lr: 9.373e-03, eta: 3:15:30, time: 0.590, data_time: 0.084, memory: 6155, loss_rpn_cls: 0.0122, loss_rpn_bbox: 0.0019, loss_cls: 0.0688, acc: 97.3682, loss_bbox: 0.0415, loss: 0.1244, grad_norm: 1.0009
2026-05-12 07:59:08,894 - mmdet - INFO - Epoch [157][100/186]	lr: 9.373e-03, eta: 3:15:11, time: 0.518, data_time: 0.015, memory: 6155, loss_rpn_cls: 0.0185, loss_rpn_bbox: 0.0021, loss_cls: 0.0616, acc: 97.6748, loss_bbox: 0.0365, loss: 0.1186, grad_norm: 1.0239
2026-05-12 07:59:34,721 - mmdet - INFO - Epoch [157][150/186]	lr: 9.373e-03, eta: 3:14:53, time: 0.515, data_time: 0.013, memory: 6155, loss_rpn_cls: 0.0143, loss_rpn_bbox: 0.0020, loss_cls: 0.0689, acc: 97.3877, loss_bbox: 0.0450, loss: 0.1303, grad_norm: 1.0410
2026-05-12 08:00:22,972 - mmdet - INFO - Epoch [158][50/186]	lr: 9.268e-03, eta: 3:14:08, time: 0.590, data_time: 0.084, memory: 6155, loss_rpn_cls: 0.0169, loss_rpn_bbox: 0.0023, loss_cls: 0.0665, acc: 97.5049, loss_bbox: 0.0409, loss: 0.1267, grad_norm: 0.9562
2026-05-12 08:00:48,745 - mmdet - INFO - Epoch [158][100/186]	lr: 9.268e-03, eta: 3:13:49, time: 0.514, data_time: 0.013, memory: 6155, loss_rpn_cls: 0.0153, loss_rpn_bbox: 0.0023, loss_cls: 0.0633, acc: 97.6133, loss_bbox: 0.0381, loss: 0.1190, grad_norm: 0.9899
2026-05-12 08:01:14,726 - mmdet - INFO - Epoch [158][150/186]	lr: 9.268e-03, eta: 3:13:31, time: 0.522, data_time: 0.015, memory: 6155, loss_rpn_cls: 0.0104, loss_rpn_bbox: 0.0020, loss_cls: 0.0650, acc: 97.4922, loss_bbox: 0.0415, loss: 0.1189, grad_norm: 0.9911
2026-05-12 08:02:03,093 - mmdet - INFO - Epoch [159][50/186]	lr: 9.164e-03, eta: 3:12:46, time: 0.591, data_time: 0.084, memory: 6155, loss_rpn_cls: 0.0154, loss_rpn_bbox: 0.0023, loss_cls: 0.0720, acc: 97.2334, loss_bbox: 0.0472, loss: 0.1368, grad_norm: 1.2272
2026-05-12 08:02:28,908 - mmdet - INFO - Epoch [159][100/186]	lr: 9.164e-03, eta: 3:12:27, time: 0.518, data_time: 0.015, memory: 6155, loss_rpn_cls: 0.0195, loss_rpn_bbox: 0.0023, loss_cls: 0.0719, acc: 97.4043, loss_bbox: 0.0427, loss: 0.1364, grad_norm: 1.1315
2026-05-12 08:02:54,789 - mmdet - INFO - Epoch [159][150/186]	lr: 9.164e-03, eta: 3:12:09, time: 0.516, data_time: 0.013, memory: 6155, loss_rpn_cls: 0.0177, loss_rpn_bbox: 0.0023, loss_cls: 0.0760, acc: 97.1943, loss_bbox: 0.0447, loss: 0.1407, grad_norm: 1.1625
2026-05-12 08:03:42,929 - mmdet - INFO - Epoch [160][50/186]	lr: 9.059e-03, eta: 3:11:24, time: 0.591, data_time: 0.083, memory: 6155, loss_rpn_cls: 0.0206, loss_rpn_bbox: 0.0022, loss_cls: 0.0700, acc: 97.3887, loss_bbox: 0.0419, loss: 0.1347, grad_norm: 1.1787
2026-05-12 08:04:08,825 - mmdet - INFO - Epoch [160][100/186]	lr: 9.059e-03, eta: 3:11:05, time: 0.516, data_time: 0.013, memory: 6155, loss_rpn_cls: 0.0135, loss_rpn_bbox: 0.0024, loss_cls: 0.0651, acc: 97.5273, loss_bbox: 0.0409, loss: 0.1218, grad_norm: 1.1135
2026-05-12 08:04:34,836 - mmdet - INFO - Epoch [160][150/186]	lr: 9.059e-03, eta: 3:10:47, time: 0.522, data_time: 0.015, memory: 6155, loss_rpn_cls: 0.0100, loss_rpn_bbox: 0.0020, loss_cls: 0.0723, acc: 97.2842, loss_bbox: 0.0436, loss: 0.1279, grad_norm: 1.0857
2026-05-12 08:04:53,558 - mmdet - INFO - Saving checkpoint at 160 epochs
[                                                  ] 0/371, elapsed: 0s, ETA:[                                 ] 1/371, 0.4 task/s, elapsed: 3s, ETA:   949s[                                 ] 2/371, 0.8 task/s, elapsed: 3s, ETA:   490s[                                 ] 3/371, 1.1 task/s, elapsed: 3s, ETA:   336s[                                 ] 4/371, 1.4 task/s, elapsed: 3s, ETA:   259s[                                 ] 5/371, 1.7 task/s, elapsed: 3s, ETA:   213s[                                 ] 6/371, 2.0 task/s, elapsed: 3s, ETA:   182s[                                 ] 7/371, 2.3 task/s, elapsed: 3s, ETA:   160s[                                 ] 8/371, 2.5 task/s, elapsed: 3s, ETA:   143s[                                 ] 9/371, 2.8 task/s, elapsed: 3s, ETA:   130s[                                ] 10/371, 3.0 task/s, elapsed: 3s, ETA:   120s[                                ] 11/371, 3.2 task/s, elapsed: 3s, ETA:   111s[>                               ] 12/371, 3.4 task/s, elapsed: 3s, ETA:   104s[>                               ] 13/371, 3.6 task/s, elapsed: 4s, ETA:    98s[>                               ] 14/371, 3.8 task/s, elapsed: 4s, ETA:    93s[>                               ] 15/371, 4.0 task/s, elapsed: 4s, ETA:    89s[>                               ] 16/371, 4.2 task/s, elapsed: 4s, ETA:    85s[>                               ] 17/371, 4.4 task/s, elapsed: 4s, ETA:    81s[>                               ] 18/371, 4.5 task/s, elapsed: 4s, ETA:    78s[>                               ] 19/371, 4.7 task/s, elapsed: 4s, ETA:    75s[>                               ] 20/371, 4.8 task/s, elapsed: 4s, ETA:    73s[>                               ] 21/371, 5.0 task/s, elapsed: 4s, ETA:    71s[>                               ] 22/371, 5.1 task/s, elapsed: 4s, ETA:    69s[>                               ] 23/371, 5.2 task/s, elapsed: 4s, ETA:    67s[>>                              ] 24/371, 5.3 task/s, elapsed: 4s, ETA:    65s[>>                              ] 25/371, 5.5 task/s, elapsed: 5s, ETA:    63s[>>                              ] 26/371, 5.6 task/s, elapsed: 5s, ETA:    62s[>>                              ] 27/371, 5.7 task/s, elapsed: 5s, ETA:    60s[>>                              ] 28/371, 5.8 task/s, elapsed: 5s, ETA:    59s[>>                              ] 29/371, 5.9 task/s, elapsed: 5s, ETA:    58s[>>                              ] 30/371, 6.0 task/s, elapsed: 5s, ETA:    57s[>>                              ] 31/371, 6.1 task/s, elapsed: 5s, ETA:    56s[>>                              ] 32/371, 6.2 task/s, elapsed: 5s, ETA:    55s[>>                              ] 33/371, 6.3 task/s, elapsed: 5s, ETA:    54s[>>                              ] 34/371, 6.4 task/s, elapsed: 5s, ETA:    53s[>>>                             ] 35/371, 6.5 task/s, elapsed: 5s, ETA:    52s[>>>                             ] 36/371, 6.6 task/s, elapsed: 5s, ETA:    51s[>>>                             ] 37/371, 6.6 task/s, elapsed: 6s, ETA:    50s[>>>                             ] 38/371, 6.7 task/s, elapsed: 6s, ETA:    50s[>>>                             ] 39/371, 6.8 task/s, elapsed: 6s, ETA:    49s[>>>                             ] 40/371, 6.9 task/s, elapsed: 6s, ETA:    48s[>>>                             ] 41/371, 6.9 task/s, elapsed: 6s, ETA:    48s[>>>                             ] 42/371, 7.0 task/s, elapsed: 6s, ETA:    47s[>>>                             ] 43/371, 7.1 task/s, elapsed: 6s, ETA:    46s[>>>                             ] 44/371, 7.1 task/s, elapsed: 6s, ETA:    46s[>>>                             ] 45/371, 7.2 task/s, elapsed: 6s, ETA:    45s[>>>                             ] 46/371, 7.3 task/s, elapsed: 6s, ETA:    45s[>>>>                            ] 47/371, 7.3 task/s, elapsed: 6s, ETA:    44s[>>>>                            ] 48/371, 7.4 task/s, elapsed: 6s, ETA:    44s[>>>>                            ] 49/371, 7.5 task/s, elapsed: 7s, ETA:    43s[>>>>                            ] 50/371, 7.5 task/s, elapsed: 7s, ETA:    43s[>>>>                            ] 51/371, 7.6 task/s, elapsed: 7s, ETA:    42s[>>>>                            ] 52/371, 7.6 task/s, elapsed: 7s, ETA:    42s[>>>>                            ] 53/371, 7.7 task/s, elapsed: 7s, ETA:    41s[>>>>                            ] 54/371, 7.7 task/s, elapsed: 7s, ETA:    41s[>>>>                            ] 55/371, 7.8 task/s, elapsed: 7s, ETA:    41s[>>>>                            ] 56/371, 7.8 task/s, elapsed: 7s, ETA:    40s[>>>>                            ] 57/371, 7.9 task/s, elapsed: 7s, ETA:    40s[>>>>>                           ] 58/371, 7.9 task/s, elapsed: 7s, ETA:    39s[>>>>>                           ] 59/371, 8.0 task/s, elapsed: 7s, ETA:    39s[>>>>>                           ] 60/371, 8.0 task/s, elapsed: 7s, ETA:    39s[>>>>>                           ] 61/371, 8.1 task/s, elapsed: 8s, ETA:    38s[>>>>>                           ] 62/371, 8.1 task/s, elapsed: 8s, ETA:    38s[>>>>>                           ] 63/371, 8.1 task/s, elapsed: 8s, ETA:    38s[>>>>>                           ] 64/371, 8.2 task/s, elapsed: 8s, ETA:    38s[>>>>>                           ] 65/371, 8.2 task/s, elapsed: 8s, ETA:    37s[>>>>>                           ] 66/371, 8.3 task/s, elapsed: 8s, ETA:    37s[>>>>>                           ] 67/371, 8.3 task/s, elapsed: 8s, ETA:    37s[>>>>>                           ] 68/371, 8.3 task/s, elapsed: 8s, ETA:    36s[>>>>>                           ] 69/371, 8.4 task/s, elapsed: 8s, ETA:    36s[>>>>>>                          ] 70/371, 8.4 task/s, elapsed: 8s, ETA:    36s[>>>>>>                          ] 71/371, 8.4 task/s, elapsed: 8s, ETA:    36s[>>>>>>                          ] 72/371, 8.5 task/s, elapsed: 8s, ETA:    35s[>>>>>>                          ] 73/371, 8.5 task/s, elapsed: 9s, ETA:    35s[>>>>>>                          ] 74/371, 8.6 task/s, elapsed: 9s, ETA:    35s[>>>>>>                          ] 75/371, 8.6 task/s, elapsed: 9s, ETA:    34s[>>>>>>                          ] 76/371, 8.6 task/s, elapsed: 9s, ETA:    34s[>>>>>>                          ] 77/371, 8.6 task/s, elapsed: 9s, ETA:    34s[>>>>>>                          ] 78/371, 8.7 task/s, elapsed: 9s, ETA:    34s[>>>>>>                          ] 79/371, 8.7 task/s, elapsed: 9s, ETA:    34s[>>>>>>                          ] 80/371, 8.7 task/s, elapsed: 9s, ETA:    33s[>>>>>>                          ] 81/371, 8.8 task/s, elapsed: 9s, ETA:    33s[>>>>>>>                         ] 82/371, 8.8 task/s, elapsed: 9s, ETA:    33s[>>>>>>>                         ] 83/371, 8.8 task/s, elapsed: 9s, ETA:    33s[>>>>>>>                         ] 84/371, 8.9 task/s, elapsed: 9s, ETA:    32s[>>>>>>>                        ] 85/371, 8.9 task/s, elapsed: 10s, ETA:    32s[>>>>>>>                        ] 86/371, 8.9 task/s, elapsed: 10s, ETA:    32s[>>>>>>>                        ] 87/371, 8.9 task/s, elapsed: 10s, ETA:    32s[>>>>>>>                        ] 88/371, 9.0 task/s, elapsed: 10s, ETA:    32s[>>>>>>>                        ] 89/371, 9.0 task/s, elapsed: 10s, ETA:    31s[>>>>>>>                        ] 90/371, 9.0 task/s, elapsed: 10s, ETA:    31s[>>>>>>>                        ] 91/371, 9.0 task/s, elapsed: 10s, ETA:    31s[>>>>>>>                        ] 92/371, 9.1 task/s, elapsed: 10s, ETA:    31s[>>>>>>>                        ] 93/371, 9.1 task/s, elapsed: 10s, ETA:    31s[>>>>>>>                        ] 94/371, 9.1 task/s, elapsed: 10s, ETA:    30s[>>>>>>>                        ] 95/371, 9.1 task/s, elapsed: 10s, ETA:    30s[>>>>>>>>                       ] 96/371, 9.2 task/s, elapsed: 10s, ETA:    30s[>>>>>>>>                       ] 97/371, 9.2 task/s, elapsed: 11s, ETA:    30s[>>>>>>>>                       ] 98/371, 9.2 task/s, elapsed: 11s, ETA:    30s[>>>>>>>>                       ] 99/371, 9.2 task/s, elapsed: 11s, ETA:    29s[>>>>>>>>                      ] 100/371, 9.2 task/s, elapsed: 11s, ETA:    29s[>>>>>>>>                      ] 101/371, 9.3 task/s, elapsed: 11s, ETA:    29s[>>>>>>>>                      ] 102/371, 9.3 task/s, elapsed: 11s, ETA:    29s[>>>>>>>>                      ] 103/371, 9.3 task/s, elapsed: 11s, ETA:    29s[>>>>>>>>                      ] 104/371, 9.3 task/s, elapsed: 11s, ETA:    29s[>>>>>>>>                      ] 105/371, 9.3 task/s, elapsed: 11s, ETA:    28s[>>>>>>>>                      ] 106/371, 9.4 task/s, elapsed: 11s, ETA:    28s[>>>>>>>>                      ] 107/371, 9.4 task/s, elapsed: 11s, ETA:    28s[>>>>>>>>                      ] 108/371, 9.4 task/s, elapsed: 11s, ETA:    28s[>>>>>>>>                      ] 109/371, 9.4 task/s, elapsed: 12s, ETA:    28s[>>>>>>>>                      ] 110/371, 9.4 task/s, elapsed: 12s, ETA:    28s[>>>>>>>>                      ] 111/371, 9.5 task/s, elapsed: 12s, ETA:    27s[>>>>>>>>>                     ] 112/371, 9.5 task/s, elapsed: 12s, ETA:    27s[>>>>>>>>>                     ] 113/371, 9.5 task/s, elapsed: 12s, ETA:    27s[>>>>>>>>>                     ] 114/371, 9.5 task/s, elapsed: 12s, ETA:    27s[>>>>>>>>>                     ] 115/371, 9.5 task/s, elapsed: 12s, ETA:    27s[>>>>>>>>>                     ] 116/371, 9.5 task/s, elapsed: 12s, ETA:    27s[>>>>>>>>>                     ] 117/371, 9.6 task/s, elapsed: 12s, ETA:    27s[>>>>>>>>>                     ] 118/371, 9.6 task/s, elapsed: 12s, ETA:    26s[>>>>>>>>>                     ] 119/371, 9.6 task/s, elapsed: 12s, ETA:    26s[>>>>>>>>>                     ] 120/371, 9.6 task/s, elapsed: 12s, ETA:    26s[>>>>>>>>>                     ] 121/371, 9.6 task/s, elapsed: 13s, ETA:    26s[>>>>>>>>>                     ] 122/371, 9.6 task/s, elapsed: 13s, ETA:    26s[>>>>>>>>>                     ] 123/371, 9.7 task/s, elapsed: 13s, ETA:    26s[>>>>>>>>>>                    ] 124/371, 9.7 task/s, elapsed: 13s, ETA:    26s[>>>>>>>>>>                    ] 125/371, 9.7 task/s, elapsed: 13s, ETA:    25s[>>>>>>>>>>                    ] 126/371, 9.7 task/s, elapsed: 13s, ETA:    25s[>>>>>>>>>>                    ] 127/371, 9.7 task/s, elapsed: 13s, ETA:    25s[>>>>>>>>>>                    ] 128/371, 9.7 task/s, elapsed: 13s, ETA:    25s[>>>>>>>>>>                    ] 129/371, 9.8 task/s, elapsed: 13s, ETA:    25s[>>>>>>>>>>                    ] 130/371, 9.8 task/s, elapsed: 13s, ETA:    25s[>>>>>>>>>>                    ] 131/371, 9.8 task/s, elapsed: 13s, ETA:    25s[>>>>>>>>>>                    ] 132/371, 9.8 task/s, elapsed: 13s, ETA:    24s[>>>>>>>>>>                    ] 133/371, 9.8 task/s, elapsed: 14s, ETA:    24s[>>>>>>>>>>                    ] 134/371, 9.8 task/s, elapsed: 14s, ETA:    24s[>>>>>>>>>>                    ] 135/371, 9.8 task/s, elapsed: 14s, ETA:    24s[>>>>>>>>>>                    ] 136/371, 9.8 task/s, elapsed: 14s, ETA:    24s[>>>>>>>>>>>                   ] 137/371, 9.9 task/s, elapsed: 14s, ETA:    24s[>>>>>>>>>>>                   ] 138/371, 9.9 task/s, elapsed: 14s, ETA:    24s[>>>>>>>>>>>                   ] 139/371, 9.9 task/s, elapsed: 14s, ETA:    23s[>>>>>>>>>>>                   ] 140/371, 9.9 task/s, elapsed: 14s, ETA:    23s[>>>>>>>>>>>                   ] 141/371, 9.9 task/s, elapsed: 14s, ETA:    23s[>>>>>>>>>>>                   ] 142/371, 9.9 task/s, elapsed: 14s, ETA:    23s[>>>>>>>>>>>                   ] 143/371, 9.9 task/s, elapsed: 14s, ETA:    23s[>>>>>>>>>>>                   ] 144/371, 9.9 task/s, elapsed: 14s, ETA:    23s[>>>>>>>>>>>                  ] 145/371, 10.0 task/s, elapsed: 15s, ETA:    23s[>>>>>>>>>>>                  ] 146/371, 10.0 task/s, elapsed: 15s, ETA:    23s[>>>>>>>>>>>                  ] 147/371, 10.0 task/s, elapsed: 15s, ETA:    22s[>>>>>>>>>>>                  ] 148/371, 10.0 task/s, elapsed: 15s, ETA:    22s[>>>>>>>>>>>                  ] 149/371, 10.0 task/s, elapsed: 15s, ETA:    22s[>>>>>>>>>>>                  ] 150/371, 10.0 task/s, elapsed: 15s, ETA:    22s[>>>>>>>>>>>                  ] 151/371, 10.0 task/s, elapsed: 15s, ETA:    22s[>>>>>>>>>>>                  ] 152/371, 10.0 task/s, elapsed: 15s, ETA:    22s[>>>>>>>>>>>                  ] 153/371, 10.0 task/s, elapsed: 15s, ETA:    22s[>>>>>>>>>>>>                 ] 154/371, 10.1 task/s, elapsed: 15s, ETA:    22s[>>>>>>>>>>>>                 ] 155/371, 10.1 task/s, elapsed: 15s, ETA:    21s[>>>>>>>>>>>>                 ] 156/371, 10.1 task/s, elapsed: 15s, ETA:    21s[>>>>>>>>>>>>                 ] 157/371, 10.1 task/s, elapsed: 16s, ETA:    21s[>>>>>>>>>>>>                 ] 158/371, 10.1 task/s, elapsed: 16s, ETA:    21s[>>>>>>>>>>>>                 ] 159/371, 10.1 task/s, elapsed: 16s, ETA:    21s[>>>>>>>>>>>>                 ] 160/371, 10.1 task/s, elapsed: 16s, ETA:    21s[>>>>>>>>>>>>                 ] 161/371, 10.1 task/s, elapsed: 16s, ETA:    21s[>>>>>>>>>>>>                 ] 162/371, 10.1 task/s, elapsed: 16s, ETA:    21s[>>>>>>>>>>>>                 ] 163/371, 10.1 task/s, elapsed: 16s, ETA:    21s[>>>>>>>>>>>>                 ] 164/371, 10.2 task/s, elapsed: 16s, ETA:    20s[>>>>>>>>>>>>                 ] 165/371, 10.2 task/s, elapsed: 16s, ETA:    20s[>>>>>>>>>>>>                 ] 166/371, 10.2 task/s, elapsed: 16s, ETA:    20s[>>>>>>>>>>>>>                ] 167/371, 10.2 task/s, elapsed: 16s, ETA:    20s[>>>>>>>>>>>>>                ] 168/371, 10.2 task/s, elapsed: 16s, ETA:    20s[>>>>>>>>>>>>>                ] 169/371, 10.2 task/s, elapsed: 17s, ETA:    20s[>>>>>>>>>>>>>                ] 170/371, 10.2 task/s, elapsed: 17s, ETA:    20s[>>>>>>>>>>>>>                ] 171/371, 10.2 task/s, elapsed: 17s, ETA:    20s[>>>>>>>>>>>>>                ] 172/371, 10.2 task/s, elapsed: 17s, ETA:    19s[>>>>>>>>>>>>>                ] 173/371, 10.2 task/s, elapsed: 17s, ETA:    19s[>>>>>>>>>>>>>                ] 174/371, 10.2 task/s, elapsed: 17s, ETA:    19s[>>>>>>>>>>>>>                ] 175/371, 10.3 task/s, elapsed: 17s, ETA:    19s[>>>>>>>>>>>>>                ] 176/371, 10.3 task/s, elapsed: 17s, ETA:    19s[>>>>>>>>>>>>>                ] 177/371, 10.3 task/s, elapsed: 17s, ETA:    19s[>>>>>>>>>>>>>                ] 178/371, 10.3 task/s, elapsed: 17s, ETA:    19s[>>>>>>>>>>>>>                ] 179/371, 10.3 task/s, elapsed: 17s, ETA:    19s[>>>>>>>>>>>>>>               ] 180/371, 10.3 task/s, elapsed: 17s, ETA:    19s[>>>>>>>>>>>>>>               ] 181/371, 10.3 task/s, elapsed: 18s, ETA:    18s[>>>>>>>>>>>>>>               ] 182/371, 10.3 task/s, elapsed: 18s, ETA:    18s[>>>>>>>>>>>>>>               ] 183/371, 10.3 task/s, elapsed: 18s, ETA:    18s[>>>>>>>>>>>>>>               ] 184/371, 10.3 task/s, elapsed: 18s, ETA:    18s[>>>>>>>>>>>>>>               ] 185/371, 10.3 task/s, elapsed: 18s, ETA:    18s[>>>>>>>>>>>>>>               ] 186/371, 10.3 task/s, elapsed: 18s, ETA:    18s[>>>>>>>>>>>>>>               ] 187/371, 10.3 task/s, elapsed: 18s, ETA:    18s[>>>>>>>>>>>>>>               ] 188/371, 10.4 task/s, elapsed: 18s, ETA:    18s[>>>>>>>>>>>>>>               ] 189/371, 10.4 task/s, elapsed: 18s, ETA:    18s[>>>>>>>>>>>>>>               ] 190/371, 10.4 task/s, elapsed: 18s, ETA:    17s[>>>>>>>>>>>>>>               ] 191/371, 10.4 task/s, elapsed: 18s, ETA:    17s[>>>>>>>>>>>>>>>              ] 192/371, 10.4 task/s, elapsed: 18s, ETA:    17s[>>>>>>>>>>>>>>>              ] 193/371, 10.4 task/s, elapsed: 19s, ETA:    17s[>>>>>>>>>>>>>>>              ] 194/371, 10.4 task/s, elapsed: 19s, ETA:    17s[>>>>>>>>>>>>>>>              ] 195/371, 10.4 task/s, elapsed: 19s, ETA:    17s[>>>>>>>>>>>>>>>              ] 196/371, 10.4 task/s, elapsed: 19s, ETA:    17s[>>>>>>>>>>>>>>>              ] 197/371, 10.4 task/s, elapsed: 19s, ETA:    17s[>>>>>>>>>>>>>>>              ] 198/371, 10.4 task/s, elapsed: 19s, ETA:    17s[>>>>>>>>>>>>>>>              ] 199/371, 10.4 task/s, elapsed: 19s, ETA:    16s[>>>>>>>>>>>>>>>              ] 200/371, 10.4 task/s, elapsed: 19s, ETA:    16s[>>>>>>>>>>>>>>>              ] 201/371, 10.4 task/s, elapsed: 19s, ETA:    16s[>>>>>>>>>>>>>>>              ] 202/371, 10.5 task/s, elapsed: 19s, ETA:    16s[>>>>>>>>>>>>>>>              ] 203/371, 10.5 task/s, elapsed: 19s, ETA:    16s[>>>>>>>>>>>>>>>              ] 204/371, 10.5 task/s, elapsed: 19s, ETA:    16s[>>>>>>>>>>>>>>>>             ] 205/371, 10.5 task/s, elapsed: 20s, ETA:    16s[>>>>>>>>>>>>>>>>             ] 206/371, 10.5 task/s, elapsed: 20s, ETA:    16s[>>>>>>>>>>>>>>>>             ] 207/371, 10.5 task/s, elapsed: 20s, ETA:    16s[>>>>>>>>>>>>>>>>             ] 208/371, 10.5 task/s, elapsed: 20s, ETA:    16s[>>>>>>>>>>>>>>>>             ] 209/371, 10.5 task/s, elapsed: 20s, ETA:    15s[>>>>>>>>>>>>>>>>             ] 210/371, 10.5 task/s, elapsed: 20s, ETA:    15s[>>>>>>>>>>>>>>>>             ] 211/371, 10.5 task/s, elapsed: 20s, ETA:    15s[>>>>>>>>>>>>>>>>             ] 212/371, 10.5 task/s, elapsed: 20s, ETA:    15s[>>>>>>>>>>>>>>>>             ] 213/371, 10.5 task/s, elapsed: 20s, ETA:    15s[>>>>>>>>>>>>>>>>             ] 214/371, 10.5 task/s, elapsed: 20s, ETA:    15s[>>>>>>>>>>>>>>>>             ] 215/371, 10.5 task/s, elapsed: 20s, ETA:    15s[>>>>>>>>>>>>>>>>             ] 216/371, 10.5 task/s, elapsed: 20s, ETA:    15s[>>>>>>>>>>>>>>>>             ] 217/371, 10.6 task/s, elapsed: 21s, ETA:    15s[>>>>>>>>>>>>>>>>>            ] 218/371, 10.6 task/s, elapsed: 21s, ETA:    14s[>>>>>>>>>>>>>>>>>            ] 219/371, 10.6 task/s, elapsed: 21s, ETA:    14s[>>>>>>>>>>>>>>>>>            ] 220/371, 10.6 task/s, elapsed: 21s, ETA:    14s[>>>>>>>>>>>>>>>>>            ] 221/371, 10.6 task/s, elapsed: 21s, ETA:    14s[>>>>>>>>>>>>>>>>>            ] 222/371, 10.6 task/s, elapsed: 21s, ETA:    14s[>>>>>>>>>>>>>>>>>            ] 223/371, 10.6 task/s, elapsed: 21s, ETA:    14s[>>>>>>>>>>>>>>>>>            ] 224/371, 10.6 task/s, elapsed: 21s, ETA:    14s[>>>>>>>>>>>>>>>>>            ] 225/371, 10.6 task/s, elapsed: 21s, ETA:    14s[>>>>>>>>>>>>>>>>>            ] 226/371, 10.6 task/s, elapsed: 21s, ETA:    14s[>>>>>>>>>>>>>>>>>            ] 227/371, 10.6 task/s, elapsed: 21s, ETA:    14s[>>>>>>>>>>>>>>>>>            ] 228/371, 10.6 task/s, elapsed: 21s, ETA:    13s[>>>>>>>>>>>>>>>>>            ] 229/371, 10.6 task/s, elapsed: 22s, ETA:    13s[>>>>>>>>>>>>>>>>>            ] 230/371, 10.6 task/s, elapsed: 22s, ETA:    13s[>>>>>>>>>>>>>>>>>>           ] 231/371, 10.6 task/s, elapsed: 22s, ETA:    13s[>>>>>>>>>>>>>>>>>>           ] 232/371, 10.6 task/s, elapsed: 22s, ETA:    13s[>>>>>>>>>>>>>>>>>>           ] 233/371, 10.6 task/s, elapsed: 22s, ETA:    13s[>>>>>>>>>>>>>>>>>>           ] 234/371, 10.6 task/s, elapsed: 22s, ETA:    13s[>>>>>>>>>>>>>>>>>>           ] 235/371, 10.6 task/s, elapsed: 22s, ETA:    13s[>>>>>>>>>>>>>>>>>>           ] 236/371, 10.7 task/s, elapsed: 22s, ETA:    13s[>>>>>>>>>>>>>>>>>>           ] 237/371, 10.7 task/s, elapsed: 22s, ETA:    13s[>>>>>>>>>>>>>>>>>>           ] 238/371, 10.7 task/s, elapsed: 22s, ETA:    12s[>>>>>>>>>>>>>>>>>>           ] 239/371, 10.7 task/s, elapsed: 22s, ETA:    12s[>>>>>>>>>>>>>>>>>>           ] 240/371, 10.7 task/s, elapsed: 22s, ETA:    12s[>>>>>>>>>>>>>>>>>>           ] 241/371, 10.7 task/s, elapsed: 23s, ETA:    12s[>>>>>>>>>>>>>>>>>>           ] 242/371, 10.7 task/s, elapsed: 23s, ETA:    12s[>>>>>>>>>>>>>>>>>>           ] 243/371, 10.7 task/s, elapsed: 23s, ETA:    12s[>>>>>>>>>>>>>>>>>>>          ] 244/371, 10.7 task/s, elapsed: 23s, ETA:    12s[>>>>>>>>>>>>>>>>>>>          ] 245/371, 10.7 task/s, elapsed: 23s, ETA:    12s[>>>>>>>>>>>>>>>>>>>          ] 246/371, 10.7 task/s, elapsed: 23s, ETA:    12s[>>>>>>>>>>>>>>>>>>>          ] 247/371, 10.7 task/s, elapsed: 23s, ETA:    12s[>>>>>>>>>>>>>>>>>>>          ] 248/371, 10.7 task/s, elapsed: 23s, ETA:    11s[>>>>>>>>>>>>>>>>>>>          ] 249/371, 10.7 task/s, elapsed: 23s, ETA:    11s[>>>>>>>>>>>>>>>>>>>          ] 250/371, 10.7 task/s, elapsed: 23s, ETA:    11s[>>>>>>>>>>>>>>>>>>>          ] 251/371, 10.7 task/s, elapsed: 23s, ETA:    11s[>>>>>>>>>>>>>>>>>>>          ] 252/371, 10.7 task/s, elapsed: 24s, ETA:    11s[>>>>>>>>>>>>>>>>>>>          ] 253/371, 10.7 task/s, elapsed: 24s, ETA:    11s[>>>>>>>>>>>>>>>>>>>          ] 254/371, 10.7 task/s, elapsed: 24s, ETA:    11s[>>>>>>>>>>>>>>>>>>>          ] 255/371, 10.7 task/s, elapsed: 24s, ETA:    11s[>>>>>>>>>>>>>>>>>>>>         ] 256/371, 10.7 task/s, elapsed: 24s, ETA:    11s[>>>>>>>>>>>>>>>>>>>>         ] 257/371, 10.7 task/s, elapsed: 24s, ETA:    11s[>>>>>>>>>>>>>>>>>>>>         ] 258/371, 10.7 task/s, elapsed: 24s, ETA:    11s[>>>>>>>>>>>>>>>>>>>>         ] 259/371, 10.8 task/s, elapsed: 24s, ETA:    10s[>>>>>>>>>>>>>>>>>>>>         ] 260/371, 10.8 task/s, elapsed: 24s, ETA:    10s[>>>>>>>>>>>>>>>>>>>>         ] 261/371, 10.8 task/s, elapsed: 24s, ETA:    10s[>>>>>>>>>>>>>>>>>>>>         ] 262/371, 10.8 task/s, elapsed: 24s, ETA:    10s[>>>>>>>>>>>>>>>>>>>>         ] 263/371, 10.8 task/s, elapsed: 24s, ETA:    10s[>>>>>>>>>>>>>>>>>>>>         ] 264/371, 10.8 task/s, elapsed: 25s, ETA:    10s[>>>>>>>>>>>>>>>>>>>>         ] 265/371, 10.8 task/s, elapsed: 25s, ETA:    10s[>>>>>>>>>>>>>>>>>>>>         ] 266/371, 10.8 task/s, elapsed: 25s, ETA:    10s[>>>>>>>>>>>>>>>>>>>>         ] 267/371, 10.8 task/s, elapsed: 25s, ETA:    10s[>>>>>>>>>>>>>>>>>>>>         ] 268/371, 10.8 task/s, elapsed: 25s, ETA:    10s[>>>>>>>>>>>>>>>>>>>>>        ] 269/371, 10.8 task/s, elapsed: 25s, ETA:     9s[>>>>>>>>>>>>>>>>>>>>>        ] 270/371, 10.8 task/s, elapsed: 25s, ETA:     9s[>>>>>>>>>>>>>>>>>>>>>        ] 271/371, 10.8 task/s, elapsed: 25s, ETA:     9s[>>>>>>>>>>>>>>>>>>>>>        ] 272/371, 10.8 task/s, elapsed: 25s, ETA:     9s[>>>>>>>>>>>>>>>>>>>>>        ] 273/371, 10.8 task/s, elapsed: 25s, ETA:     9s[>>>>>>>>>>>>>>>>>>>>>        ] 274/371, 10.8 task/s, elapsed: 25s, ETA:     9s[>>>>>>>>>>>>>>>>>>>>>        ] 275/371, 10.8 task/s, elapsed: 25s, ETA:     9s[>>>>>>>>>>>>>>>>>>>>>        ] 276/371, 10.8 task/s, elapsed: 26s, ETA:     9s[>>>>>>>>>>>>>>>>>>>>>        ] 277/371, 10.8 task/s, elapsed: 26s, ETA:     9s[>>>>>>>>>>>>>>>>>>>>>        ] 278/371, 10.8 task/s, elapsed: 26s, ETA:     9s[>>>>>>>>>>>>>>>>>>>>>        ] 279/371, 10.8 task/s, elapsed: 26s, ETA:     8s[>>>>>>>>>>>>>>>>>>>>>        ] 280/371, 10.8 task/s, elapsed: 26s, ETA:     8s[>>>>>>>>>>>>>>>>>>>>>        ] 281/371, 10.8 task/s, elapsed: 26s, ETA:     8s[>>>>>>>>>>>>>>>>>>>>>>       ] 282/371, 10.8 task/s, elapsed: 26s, ETA:     8s[>>>>>>>>>>>>>>>>>>>>>>       ] 283/371, 10.8 task/s, elapsed: 26s, ETA:     8s[>>>>>>>>>>>>>>>>>>>>>>       ] 284/371, 10.8 task/s, elapsed: 26s, ETA:     8s[>>>>>>>>>>>>>>>>>>>>>>       ] 285/371, 10.9 task/s, elapsed: 26s, ETA:     8s[>>>>>>>>>>>>>>>>>>>>>>       ] 286/371, 10.9 task/s, elapsed: 26s, ETA:     8s[>>>>>>>>>>>>>>>>>>>>>>       ] 287/371, 10.9 task/s, elapsed: 26s, ETA:     8s[>>>>>>>>>>>>>>>>>>>>>>       ] 288/371, 10.9 task/s, elapsed: 27s, ETA:     8s[>>>>>>>>>>>>>>>>>>>>>>       ] 289/371, 10.9 task/s, elapsed: 27s, ETA:     8s[>>>>>>>>>>>>>>>>>>>>>>       ] 290/371, 10.9 task/s, elapsed: 27s, ETA:     7s[>>>>>>>>>>>>>>>>>>>>>>       ] 291/371, 10.9 task/s, elapsed: 27s, ETA:     7s[>>>>>>>>>>>>>>>>>>>>>>       ] 292/371, 10.9 task/s, elapsed: 27s, ETA:     7s[>>>>>>>>>>>>>>>>>>>>>>       ] 293/371, 10.9 task/s, elapsed: 27s, ETA:     7s[>>>>>>>>>>>>>>>>>>>>>>       ] 294/371, 10.9 task/s, elapsed: 27s, ETA:     7s[>>>>>>>>>>>>>>>>>>>>>>>      ] 295/371, 10.9 task/s, elapsed: 27s, ETA:     7s[>>>>>>>>>>>>>>>>>>>>>>>      ] 296/371, 10.9 task/s, elapsed: 27s, ETA:     7s[>>>>>>>>>>>>>>>>>>>>>>>      ] 297/371, 10.9 task/s, elapsed: 27s, ETA:     7s[>>>>>>>>>>>>>>>>>>>>>>>      ] 298/371, 10.9 task/s, elapsed: 27s, ETA:     7s[>>>>>>>>>>>>>>>>>>>>>>>      ] 299/371, 10.9 task/s, elapsed: 27s, ETA:     7s[>>>>>>>>>>>>>>>>>>>>>>>      ] 300/371, 10.9 task/s, elapsed: 28s, ETA:     7s[>>>>>>>>>>>>>>>>>>>>>>>      ] 301/371, 10.9 task/s, elapsed: 28s, ETA:     6s[>>>>>>>>>>>>>>>>>>>>>>>      ] 302/371, 10.9 task/s, elapsed: 28s, ETA:     6s[>>>>>>>>>>>>>>>>>>>>>>>      ] 303/371, 10.9 task/s, elapsed: 28s, ETA:     6s[>>>>>>>>>>>>>>>>>>>>>>>      ] 304/371, 10.9 task/s, elapsed: 28s, ETA:     6s[>>>>>>>>>>>>>>>>>>>>>>>      ] 305/371, 10.9 task/s, elapsed: 28s, ETA:     6s[>>>>>>>>>>>>>>>>>>>>>>>      ] 306/371, 10.9 task/s, elapsed: 28s, ETA:     6s[>>>>>>>>>>>>>>>>>>>>>>>      ] 307/371, 10.9 task/s, elapsed: 28s, ETA:     6s[>>>>>>>>>>>>>>>>>>>>>>>>     ] 308/371, 10.9 task/s, elapsed: 28s, ETA:     6s[>>>>>>>>>>>>>>>>>>>>>>>>     ] 309/371, 10.9 task/s, elapsed: 28s, ETA:     6s[>>>>>>>>>>>>>>>>>>>>>>>>     ] 310/371, 10.9 task/s, elapsed: 28s, ETA:     6s[>>>>>>>>>>>>>>>>>>>>>>>>     ] 311/371, 10.9 task/s, elapsed: 28s, ETA:     5s[>>>>>>>>>>>>>>>>>>>>>>>>     ] 312/371, 10.9 task/s, elapsed: 29s, ETA:     5s[>>>>>>>>>>>>>>>>>>>>>>>>     ] 313/371, 10.9 task/s, elapsed: 29s, ETA:     5s[>>>>>>>>>>>>>>>>>>>>>>>>     ] 314/371, 10.9 task/s, elapsed: 29s, ETA:     5s[>>>>>>>>>>>>>>>>>>>>>>>>     ] 315/371, 10.9 task/s, elapsed: 29s, ETA:     5s[>>>>>>>>>>>>>>>>>>>>>>>>     ] 316/371, 10.9 task/s, elapsed: 29s, ETA:     5s[>>>>>>>>>>>>>>>>>>>>>>>>     ] 317/371, 10.9 task/s, elapsed: 29s, ETA:     5s[>>>>>>>>>>>>>>>>>>>>>>>>     ] 318/371, 10.9 task/s, elapsed: 29s, ETA:     5s[>>>>>>>>>>>>>>>>>>>>>>>>     ] 319/371, 10.9 task/s, elapsed: 29s, ETA:     5s[>>>>>>>>>>>>>>>>>>>>>>>>>    ] 320/371, 11.0 task/s, elapsed: 29s, ETA:     5s[>>>>>>>>>>>>>>>>>>>>>>>>>    ] 321/371, 11.0 task/s, elapsed: 29s, ETA:     5s[>>>>>>>>>>>>>>>>>>>>>>>>>    ] 322/371, 11.0 task/s, elapsed: 29s, ETA:     4s[>>>>>>>>>>>>>>>>>>>>>>>>>    ] 323/371, 11.0 task/s, elapsed: 29s, ETA:     4s[>>>>>>>>>>>>>>>>>>>>>>>>>    ] 324/371, 11.0 task/s, elapsed: 30s, ETA:     4s[>>>>>>>>>>>>>>>>>>>>>>>>>    ] 325/371, 11.0 task/s, elapsed: 30s, ETA:     4s[>>>>>>>>>>>>>>>>>>>>>>>>>    ] 326/371, 11.0 task/s, elapsed: 30s, ETA:     4s[>>>>>>>>>>>>>>>>>>>>>>>>>    ] 327/371, 11.0 task/s, elapsed: 30s, ETA:     4s[>>>>>>>>>>>>>>>>>>>>>>>>>    ] 328/371, 11.0 task/s, elapsed: 30s, ETA:     4s[>>>>>>>>>>>>>>>>>>>>>>>>>    ] 329/371, 11.0 task/s, elapsed: 30s, ETA:     4s[>>>>>>>>>>>>>>>>>>>>>>>>>    ] 330/371, 11.0 task/s, elapsed: 30s, ETA:     4s[>>>>>>>>>>>>>>>>>>>>>>>>>    ] 331/371, 11.0 task/s, elapsed: 30s, ETA:     4s[>>>>>>>>>>>>>>>>>>>>>>>>>    ] 332/371, 11.0 task/s, elapsed: 30s, ETA:     4s[>>>>>>>>>>>>>>>>>>>>>>>>>>   ] 333/371, 11.0 task/s, elapsed: 30s, ETA:     3s[>>>>>>>>>>>>>>>>>>>>>>>>>>   ] 334/371, 11.0 task/s, elapsed: 30s, ETA:     3s[>>>>>>>>>>>>>>>>>>>>>>>>>>   ] 335/371, 11.0 task/s, elapsed: 30s, ETA:     3s[>>>>>>>>>>>>>>>>>>>>>>>>>>   ] 336/371, 11.0 task/s, elapsed: 31s, ETA:     3s[>>>>>>>>>>>>>>>>>>>>>>>>>>   ] 337/371, 11.0 task/s, elapsed: 31s, ETA:     3s[>>>>>>>>>>>>>>>>>>>>>>>>>>   ] 338/371, 11.0 task/s, elapsed: 31s, ETA:     3s[>>>>>>>>>>>>>>>>>>>>>>>>>>   ] 339/371, 11.0 task/s, elapsed: 31s, ETA:     3s[>>>>>>>>>>>>>>>>>>>>>>>>>>   ] 340/371, 11.0 task/s, elapsed: 31s, ETA:     3s[>>>>>>>>>>>>>>>>>>>>>>>>>>   ] 341/371, 11.0 task/s, elapsed: 31s, ETA:     3s[>>>>>>>>>>>>>>>>>>>>>>>>>>   ] 342/371, 11.0 task/s, elapsed: 31s, ETA:     3s[>>>>>>>>>>>>>>>>>>>>>>>>>>   ] 343/371, 11.0 task/s, elapsed: 31s, ETA:     3s[>>>>>>>>>>>>>>>>>>>>>>>>>>   ] 344/371, 11.0 task/s, elapsed: 31s, ETA:     2s[>>>>>>>>>>>>>>>>>>>>>>>>>>   ] 345/371, 11.0 task/s, elapsed: 31s, ETA:     2s[>>>>>>>>>>>>>>>>>>>>>>>>>>>  ] 346/371, 11.0 task/s, elapsed: 31s, ETA:     2s[>>>>>>>>>>>>>>>>>>>>>>>>>>>  ] 347/371, 11.0 task/s, elapsed: 31s, ETA:     2s[>>>>>>>>>>>>>>>>>>>>>>>>>>>  ] 348/371, 11.0 task/s, elapsed: 32s, ETA:     2s[>>>>>>>>>>>>>>>>>>>>>>>>>>>  ] 349/371, 11.0 task/s, elapsed: 32s, ETA:     2s[>>>>>>>>>>>>>>>>>>>>>>>>>>>  ] 350/371, 11.0 task/s, elapsed: 32s, ETA:     2s[>>>>>>>>>>>>>>>>>>>>>>>>>>>  ] 351/371, 11.0 task/s, elapsed: 32s, ETA:     2s[>>>>>>>>>>>>>>>>>>>>>>>>>>>  ] 352/371, 11.0 task/s, elapsed: 32s, ETA:     2s[>>>>>>>>>>>>>>>>>>>>>>>>>>>  ] 353/371, 11.0 task/s, elapsed: 32s, ETA:     2s[>>>>>>>>>>>>>>>>>>>>>>>>>>>  ] 354/371, 11.0 task/s, elapsed: 32s, ETA:     2s[>>>>>>>>>>>>>>>>>>>>>>>>>>>  ] 355/371, 11.0 task/s, elapsed: 32s, ETA:     1s[>>>>>>>>>>>>>>>>>>>>>>>>>>>  ] 356/371, 11.0 task/s, elapsed: 32s, ETA:     1s[>>>>>>>>>>>>>>>>>>>>>>>>>>>  ] 357/371, 11.0 task/s, elapsed: 32s, ETA:     1s[>>>>>>>>>>>>>>>>>>>>>>>>>>>  ] 358/371, 11.0 task/s, elapsed: 32s, ETA:     1s[>>>>>>>>>>>>>>>>>>>>>>>>>>>> ] 359/371, 11.0 task/s, elapsed: 32s, ETA:     1s[>>>>>>>>>>>>>>>>>>>>>>>>>>>> ] 360/371, 11.1 task/s, elapsed: 33s, ETA:     1s[>>>>>>>>>>>>>>>>>>>>>>>>>>>> ] 361/371, 11.1 task/s, elapsed: 33s, ETA:     1s[>>>>>>>>>>>>>>>>>>>>>>>>>>>> ] 362/371, 11.1 task/s, elapsed: 33s, ETA:     1s[>>>>>>>>>>>>>>>>>>>>>>>>>>>> ] 363/371, 11.1 task/s, elapsed: 33s, ETA:     1s[>>>>>>>>>>>>>>>>>>>>>>>>>>>> ] 364/371, 11.1 task/s, elapsed: 33s, ETA:     1s[>>>>>>>>>>>>>>>>>>>>>>>>>>>> ] 365/371, 11.1 task/s, elapsed: 33s, ETA:     1s[>>>>>>>>>>>>>>>>>>>>>>>>>>>> ] 366/371, 11.1 task/s, elapsed: 33s, ETA:     0s[>>>>>>>>>>>>>>>>>>>>>>>>>>>> ] 367/371, 11.1 task/s, elapsed: 33s, ETA:     0s[>>>>>>>>>>>>>>>>>>>>>>>>>>>> ] 368/371, 11.1 task/s, elapsed: 33s, ETA:     0s[>>>>>>>>>>>>>>>>>>>>>>>>>>>> ] 369/371, 11.1 task/s, elapsed: 33s, ETA:     0s[>>>>>>>>>>>>>>>>>>>>>>>>>>>> ] 370/371, 11.1 task/s, elapsed: 33s, ETA:     0s[>>>>>>>>>>>>>>>>>>>>>>>>>>>>>] 371/371, 11.1 task/s, elapsed: 33s, ETA:     0s

2026-05-12 08:05:29,061 - mmdet - INFO - Evaluating bbox...
Loading and preparing results...
DONE (t=0.01s)
creating index...
index created!
Running per image evaluation...
Evaluate annotation type *bbox*
DONE (t=2.31s).
Accumulating evaluation results...
DONE (t=0.15s).
2026-05-12 08:05:31,552 - mmdet - INFO - 
 Average Precision  (AP) @[ IoU=0.50:0.95 | area=   all | maxDets=100 ] = 0.274
 Average Precision  (AP) @[ IoU=0.50      | area=   all | maxDets=1000 ] = 0.662
 Average Precision  (AP) @[ IoU=0.75      | area=   all | maxDets=1000 ] = 0.167
 Average Precision  (AP) @[ IoU=0.50:0.95 | area= small | maxDets=1000 ] = 0.001
 Average Precision  (AP) @[ IoU=0.50:0.95 | area=medium | maxDets=1000 ] = 0.218
 Average Precision  (AP) @[ IoU=0.50:0.95 | area= large | maxDets=1000 ] = 0.351
 Average Recall     (AR) @[ IoU=0.50:0.95 | area=   all | maxDets=100 ] = 0.404
 Average Recall     (AR) @[ IoU=0.50:0.95 | area=   all | maxDets=300 ] = 0.404
 Average Recall     (AR) @[ IoU=0.50:0.95 | area=   all | maxDets=1000 ] = 0.404
 Average Recall     (AR) @[ IoU=0.50:0.95 | area= small | maxDets=1000 ] = 0.007
 Average Recall     (AR) @[ IoU=0.50:0.95 | area=medium | maxDets=1000 ] = 0.353
 Average Recall     (AR) @[ IoU=0.50:0.95 | area= large | maxDets=1000 ] = 0.480

2026-05-12 08:05:31,682 - mmdet - INFO - The previous best checkpoint /home/ahmadreza/Downloads/Research/M2SODAI/baseline_official/runs_r50_hbb/r50_hbb_fold_1_20260512/best_bbox_mAP_epoch_140.pth was removed
2026-05-12 08:05:33,214 - mmdet - INFO - Now best checkpoint is saved as best_bbox_mAP_epoch_160.pth.
2026-05-12 08:05:33,215 - mmdet - INFO - Best bbox_mAP is 0.2740 at 160 epoch.
2026-05-12 08:05:33,215 - mmdet - INFO - Exp name: fold_1_r50_300e_hbb.py
2026-05-12 08:05:33,215 - mmdet - INFO - Epoch(val) [160][371]	bbox_mAP: 0.2740, bbox_mAP_50: 0.6620, bbox_mAP_75: 0.1670, bbox_mAP_s: 0.0010, bbox_mAP_m: 0.2180, bbox_mAP_l: 0.3510, bbox_mAP_copypaste: 0.274 0.662 0.167 0.001 0.218 0.351
2026-05-12 08:06:02,724 - mmdet - INFO - Epoch [161][50/186]	lr: 8.955e-03, eta: 3:10:02, time: 0.588, data_time: 0.084, memory: 6155, loss_rpn_cls: 0.0185, loss_rpn_bbox: 0.0024, loss_cls: 0.0709, acc: 97.3428, loss_bbox: 0.0447, loss: 0.1364, grad_norm: 1.1052
2026-05-12 08:06:28,515 - mmdet - INFO - Epoch [161][100/186]	lr: 8.955e-03, eta: 3:09:44, time: 0.518, data_time: 0.015, memory: 6155, loss_rpn_cls: 0.0137, loss_rpn_bbox: 0.0025, loss_cls: 0.0727, acc: 97.2598, loss_bbox: 0.0477, loss: 0.1365, grad_norm: 1.0867
2026-05-12 08:06:54,422 - mmdet - INFO - Epoch [161][150/186]	lr: 8.955e-03, eta: 3:09:25, time: 0.516, data_time: 0.013, memory: 6155, loss_rpn_cls: 0.0127, loss_rpn_bbox: 0.0024, loss_cls: 0.0731, acc: 97.2617, loss_bbox: 0.0443, loss: 0.1326, grad_norm: 1.0778
2026-05-12 08:07:42,712 - mmdet - INFO - Epoch [162][50/186]	lr: 8.851e-03, eta: 3:08:40, time: 0.592, data_time: 0.084, memory: 6155, loss_rpn_cls: 0.0107, loss_rpn_bbox: 0.0023, loss_cls: 0.0719, acc: 97.2588, loss_bbox: 0.0439, loss: 0.1288, grad_norm: 0.9943
2026-05-12 08:08:08,504 - mmdet - INFO - Epoch [162][100/186]	lr: 8.851e-03, eta: 3:08:21, time: 0.514, data_time: 0.013, memory: 6155, loss_rpn_cls: 0.0147, loss_rpn_bbox: 0.0022, loss_cls: 0.0762, acc: 97.0996, loss_bbox: 0.0459, loss: 0.1390, grad_norm: 1.1248
2026-05-12 08:08:34,476 - mmdet - INFO - Epoch [162][150/186]	lr: 8.851e-03, eta: 3:08:03, time: 0.521, data_time: 0.015, memory: 6155, loss_rpn_cls: 0.0173, loss_rpn_bbox: 0.0023, loss_cls: 0.0684, acc: 97.5430, loss_bbox: 0.0396, loss: 0.1276, grad_norm: 1.1326
2026-05-12 08:09:22,926 - mmdet - INFO - Epoch [163][50/186]	lr: 8.747e-03, eta: 3:07:18, time: 0.591, data_time: 0.083, memory: 6155, loss_rpn_cls: 0.0100, loss_rpn_bbox: 0.0020, loss_cls: 0.0607, acc: 97.7617, loss_bbox: 0.0394, loss: 0.1121, grad_norm: 0.9388
2026-05-12 08:09:48,952 - mmdet - INFO - Epoch [163][100/186]	lr: 8.747e-03, eta: 3:07:00, time: 0.522, data_time: 0.015, memory: 6155, loss_rpn_cls: 0.0168, loss_rpn_bbox: 0.0024, loss_cls: 0.0789, acc: 97.0068, loss_bbox: 0.0482, loss: 0.1462, grad_norm: 1.0122
2026-05-12 08:10:14,993 - mmdet - INFO - Epoch [163][150/186]	lr: 8.747e-03, eta: 3:06:41, time: 0.519, data_time: 0.013, memory: 6155, loss_rpn_cls: 0.0137, loss_rpn_bbox: 0.0023, loss_cls: 0.0696, acc: 97.4170, loss_bbox: 0.0430, loss: 0.1286, grad_norm: 1.0217
2026-05-12 08:11:03,338 - mmdet - INFO - Epoch [164][50/186]	lr: 8.643e-03, eta: 3:05:57, time: 0.592, data_time: 0.083, memory: 6155, loss_rpn_cls: 0.0102, loss_rpn_bbox: 0.0020, loss_cls: 0.0626, acc: 97.6768, loss_bbox: 0.0397, loss: 0.1145, grad_norm: 0.9547
2026-05-12 08:11:29,164 - mmdet - INFO - Epoch [164][100/186]	lr: 8.643e-03, eta: 3:05:38, time: 0.515, data_time: 0.013, memory: 6155, loss_rpn_cls: 0.0187, loss_rpn_bbox: 0.0019, loss_cls: 0.0659, acc: 97.5537, loss_bbox: 0.0382, loss: 0.1247, grad_norm: 1.0079
2026-05-12 08:11:55,217 - mmdet - INFO - Epoch [164][150/186]	lr: 8.643e-03, eta: 3:05:20, time: 0.523, data_time: 0.015, memory: 6155, loss_rpn_cls: 0.0191, loss_rpn_bbox: 0.0027, loss_cls: 0.0776, acc: 97.0693, loss_bbox: 0.0538, loss: 0.1532, grad_norm: 1.0642
2026-05-12 08:12:43,561 - mmdet - INFO - Epoch [165][50/186]	lr: 8.540e-03, eta: 3:04:35, time: 0.589, data_time: 0.083, memory: 6155, loss_rpn_cls: 0.0137, loss_rpn_bbox: 0.0021, loss_cls: 0.0719, acc: 97.3535, loss_bbox: 0.0451, loss: 0.1328, grad_norm: 1.1245
2026-05-12 08:13:09,489 - mmdet - INFO - Epoch [165][100/186]	lr: 8.540e-03, eta: 3:04:16, time: 0.520, data_time: 0.015, memory: 6155, loss_rpn_cls: 0.0221, loss_rpn_bbox: 0.0025, loss_cls: 0.0709, acc: 97.4033, loss_bbox: 0.0431, loss: 0.1386, grad_norm: 1.1065
2026-05-12 08:13:35,427 - mmdet - INFO - Epoch [165][150/186]	lr: 8.540e-03, eta: 3:03:58, time: 0.517, data_time: 0.013, memory: 6155, loss_rpn_cls: 0.0147, loss_rpn_bbox: 0.0022, loss_cls: 0.0703, acc: 97.4463, loss_bbox: 0.0444, loss: 0.1316, grad_norm: 1.0917
2026-05-12 08:14:23,804 - mmdet - INFO - Epoch [166][50/186]	lr: 8.436e-03, eta: 3:03:13, time: 0.593, data_time: 0.084, memory: 6155, loss_rpn_cls: 0.0108, loss_rpn_bbox: 0.0022, loss_cls: 0.0611, acc: 97.6455, loss_bbox: 0.0381, loss: 0.1123, grad_norm: 0.9747
2026-05-12 08:14:49,685 - mmdet - INFO - Epoch [166][100/186]	lr: 8.436e-03, eta: 3:02:55, time: 0.516, data_time: 0.013, memory: 6155, loss_rpn_cls: 0.0115, loss_rpn_bbox: 0.0023, loss_cls: 0.0717, acc: 97.2546, loss_bbox: 0.0484, loss: 0.1339, grad_norm: 0.9983
2026-05-12 08:15:15,685 - mmdet - INFO - Epoch [166][150/186]	lr: 8.436e-03, eta: 3:02:36, time: 0.522, data_time: 0.015, memory: 6155, loss_rpn_cls: 0.0136, loss_rpn_bbox: 0.0025, loss_cls: 0.0673, acc: 97.5156, loss_bbox: 0.0420, loss: 0.1254, grad_norm: 1.0277
2026-05-12 08:16:03,994 - mmdet - INFO - Epoch [167][50/186]	lr: 8.333e-03, eta: 3:01:52, time: 0.589, data_time: 0.083, memory: 6155, loss_rpn_cls: 0.0118, loss_rpn_bbox: 0.0021, loss_cls: 0.0709, acc: 97.4199, loss_bbox: 0.0441, loss: 0.1289, grad_norm: 1.1245
2026-05-12 08:16:29,846 - mmdet - INFO - Epoch [167][100/186]	lr: 8.333e-03, eta: 3:01:33, time: 0.519, data_time: 0.015, memory: 6155, loss_rpn_cls: 0.0116, loss_rpn_bbox: 0.0018, loss_cls: 0.0620, acc: 97.6064, loss_bbox: 0.0362, loss: 0.1116, grad_norm: 1.0706
2026-05-12 08:16:55,830 - mmdet - INFO - Epoch [167][150/186]	lr: 8.333e-03, eta: 3:01:14, time: 0.518, data_time: 0.013, memory: 6155, loss_rpn_cls: 0.0155, loss_rpn_bbox: 0.0026, loss_cls: 0.0730, acc: 97.2500, loss_bbox: 0.0456, loss: 0.1368, grad_norm: 1.1006
2026-05-12 08:17:44,011 - mmdet - INFO - Epoch [168][50/186]	lr: 8.230e-03, eta: 3:00:30, time: 0.590, data_time: 0.083, memory: 6155, loss_rpn_cls: 0.0153, loss_rpn_bbox: 0.0021, loss_cls: 0.0663, acc: 97.4980, loss_bbox: 0.0423, loss: 0.1259, grad_norm: 1.0804
2026-05-12 08:18:09,764 - mmdet - INFO - Epoch [168][100/186]	lr: 8.230e-03, eta: 3:00:11, time: 0.513, data_time: 0.013, memory: 6155, loss_rpn_cls: 0.0131, loss_rpn_bbox: 0.0019, loss_cls: 0.0641, acc: 97.5225, loss_bbox: 0.0374, loss: 0.1166, grad_norm: 1.0464
2026-05-12 08:18:35,713 - mmdet - INFO - Epoch [168][150/186]	lr: 8.230e-03, eta: 2:59:52, time: 0.521, data_time: 0.015, memory: 6155, loss_rpn_cls: 0.0119, loss_rpn_bbox: 0.0021, loss_cls: 0.0635, acc: 97.6306, loss_bbox: 0.0379, loss: 0.1154, grad_norm: 1.0215
2026-05-12 08:19:24,013 - mmdet - INFO - Epoch [169][50/186]	lr: 8.127e-03, eta: 2:59:08, time: 0.588, data_time: 0.083, memory: 6155, loss_rpn_cls: 0.0114, loss_rpn_bbox: 0.0020, loss_cls: 0.0630, acc: 97.6338, loss_bbox: 0.0410, loss: 0.1175, grad_norm: 0.9866
2026-05-12 08:19:49,742 - mmdet - INFO - Epoch [169][100/186]	lr: 8.127e-03, eta: 2:58:49, time: 0.516, data_time: 0.015, memory: 6155, loss_rpn_cls: 0.0112, loss_rpn_bbox: 0.0021, loss_cls: 0.0651, acc: 97.5322, loss_bbox: 0.0413, loss: 0.1197, grad_norm: 1.0191
2026-05-12 08:20:15,676 - mmdet - INFO - Epoch [169][150/186]	lr: 8.127e-03, eta: 2:58:30, time: 0.517, data_time: 0.013, memory: 6155, loss_rpn_cls: 0.0137, loss_rpn_bbox: 0.0023, loss_cls: 0.0707, acc: 97.3408, loss_bbox: 0.0431, loss: 0.1298, grad_norm: 1.0486
2026-05-12 08:21:04,032 - mmdet - INFO - Epoch [170][50/186]	lr: 8.024e-03, eta: 2:57:46, time: 0.592, data_time: 0.084, memory: 6155, loss_rpn_cls: 0.0102, loss_rpn_bbox: 0.0020, loss_cls: 0.0658, acc: 97.5869, loss_bbox: 0.0430, loss: 0.1210, grad_norm: 0.9534
2026-05-12 08:21:29,876 - mmdet - INFO - Epoch [170][100/186]	lr: 8.024e-03, eta: 2:57:27, time: 0.515, data_time: 0.013, memory: 6155, loss_rpn_cls: 0.0097, loss_rpn_bbox: 0.0017, loss_cls: 0.0588, acc: 97.7783, loss_bbox: 0.0377, loss: 0.1078, grad_norm: 0.9574
2026-05-12 08:21:55,851 - mmdet - INFO - Epoch [170][150/186]	lr: 8.024e-03, eta: 2:57:08, time: 0.521, data_time: 0.015, memory: 6155, loss_rpn_cls: 0.0149, loss_rpn_bbox: 0.0022, loss_cls: 0.0722, acc: 97.2314, loss_bbox: 0.0463, loss: 0.1357, grad_norm: 1.0075
2026-05-12 08:22:14,610 - mmdet - INFO - Saving checkpoint at 170 epochs
[                                                  ] 0/371, elapsed: 0s, ETA:[                                 ] 1/371, 0.4 task/s, elapsed: 3s, ETA:   955s[                                 ] 2/371, 0.7 task/s, elapsed: 3s, ETA:   493s[                                 ] 3/371, 1.1 task/s, elapsed: 3s, ETA:   338s[                                 ] 4/371, 1.4 task/s, elapsed: 3s, ETA:   260s[                                 ] 5/371, 1.7 task/s, elapsed: 3s, ETA:   214s[                                 ] 6/371, 2.0 task/s, elapsed: 3s, ETA:   183s[                                 ] 7/371, 2.3 task/s, elapsed: 3s, ETA:   161s[                                 ] 8/371, 2.5 task/s, elapsed: 3s, ETA:   144s[                                 ] 9/371, 2.8 task/s, elapsed: 3s, ETA:   131s[                                ] 10/371, 3.0 task/s, elapsed: 3s, ETA:   121s[                                ] 11/371, 3.2 task/s, elapsed: 3s, ETA:   112s[>                               ] 12/371, 3.4 task/s, elapsed: 4s, ETA:   105s[>                               ] 13/371, 3.6 task/s, elapsed: 4s, ETA:    99s[>                               ] 14/371, 3.8 task/s, elapsed: 4s, ETA:    94s[>                               ] 15/371, 4.0 task/s, elapsed: 4s, ETA:    89s[>                               ] 16/371, 4.2 task/s, elapsed: 4s, ETA:    85s[>                               ] 17/371, 4.3 task/s, elapsed: 4s, ETA:    82s[>                               ] 18/371, 4.5 task/s, elapsed: 4s, ETA:    79s[>                               ] 19/371, 4.6 task/s, elapsed: 4s, ETA:    76s[>                               ] 20/371, 4.8 task/s, elapsed: 4s, ETA:    73s[>                               ] 21/371, 4.9 task/s, elapsed: 4s, ETA:    71s[>                               ] 22/371, 5.1 task/s, elapsed: 4s, ETA:    69s[>                               ] 23/371, 5.2 task/s, elapsed: 4s, ETA:    67s[>>                              ] 24/371, 5.3 task/s, elapsed: 5s, ETA:    65s[>>                              ] 25/371, 5.4 task/s, elapsed: 5s, ETA:    64s[>>                              ] 26/371, 5.6 task/s, elapsed: 5s, ETA:    62s[>>                              ] 27/371, 5.7 task/s, elapsed: 5s, ETA:    61s[>>                              ] 28/371, 5.8 task/s, elapsed: 5s, ETA:    59s[>>                              ] 29/371, 5.9 task/s, elapsed: 5s, ETA:    58s[>>                              ] 30/371, 6.0 task/s, elapsed: 5s, ETA:    57s[>>                              ] 31/371, 6.1 task/s, elapsed: 5s, ETA:    56s[>>                              ] 32/371, 6.2 task/s, elapsed: 5s, ETA:    55s[>>                              ] 33/371, 6.3 task/s, elapsed: 5s, ETA:    54s[>>                              ] 34/371, 6.4 task/s, elapsed: 5s, ETA:    53s[>>>                             ] 35/371, 6.4 task/s, elapsed: 5s, ETA:    52s[>>>                             ] 36/371, 6.5 task/s, elapsed: 6s, ETA:    51s[>>>                             ] 37/371, 6.6 task/s, elapsed: 6s, ETA:    51s[>>>                             ] 38/371, 6.7 task/s, elapsed: 6s, ETA:    50s[>>>                             ] 39/371, 6.8 task/s, elapsed: 6s, ETA:    49s[>>>                             ] 40/371, 6.8 task/s, elapsed: 6s, ETA:    48s[>>>                             ] 41/371, 6.9 task/s, elapsed: 6s, ETA:    48s[>>>                             ] 42/371, 7.0 task/s, elapsed: 6s, ETA:    47s[>>>                             ] 43/371, 7.0 task/s, elapsed: 6s, ETA:    47s[>>>                             ] 44/371, 7.1 task/s, elapsed: 6s, ETA:    46s[>>>                             ] 45/371, 7.2 task/s, elapsed: 6s, ETA:    45s[>>>                             ] 46/371, 7.2 task/s, elapsed: 6s, ETA:    45s[>>>>                            ] 47/371, 7.3 task/s, elapsed: 6s, ETA:    44s[>>>>                            ] 48/371, 7.4 task/s, elapsed: 7s, ETA:    44s[>>>>                            ] 49/371, 7.4 task/s, elapsed: 7s, ETA:    43s[>>>>                            ] 50/371, 7.5 task/s, elapsed: 7s, ETA:    43s[>>>>                            ] 51/371, 7.5 task/s, elapsed: 7s, ETA:    42s[>>>>                            ] 52/371, 7.6 task/s, elapsed: 7s, ETA:    42s[>>>>                            ] 53/371, 7.6 task/s, elapsed: 7s, ETA:    42s[>>>>                            ] 54/371, 7.7 task/s, elapsed: 7s, ETA:    41s[>>>>                            ] 55/371, 7.7 task/s, elapsed: 7s, ETA:    41s[>>>>                            ] 56/371, 7.8 task/s, elapsed: 7s, ETA:    40s[>>>>                            ] 57/371, 7.8 task/s, elapsed: 7s, ETA:    40s[>>>>>                           ] 58/371, 7.9 task/s, elapsed: 7s, ETA:    40s[>>>>>                           ] 59/371, 7.9 task/s, elapsed: 7s, ETA:    39s[>>>>>                           ] 60/371, 8.0 task/s, elapsed: 8s, ETA:    39s[>>>>>                           ] 61/371, 8.0 task/s, elapsed: 8s, ETA:    39s[>>>>>                           ] 62/371, 8.1 task/s, elapsed: 8s, ETA:    38s[>>>>>                           ] 63/371, 8.1 task/s, elapsed: 8s, ETA:    38s[>>>>>                           ] 64/371, 8.2 task/s, elapsed: 8s, ETA:    38s[>>>>>                           ] 65/371, 8.2 task/s, elapsed: 8s, ETA:    37s[>>>>>                           ] 66/371, 8.2 task/s, elapsed: 8s, ETA:    37s[>>>>>                           ] 67/371, 8.3 task/s, elapsed: 8s, ETA:    37s[>>>>>                           ] 68/371, 8.3 task/s, elapsed: 8s, ETA:    36s[>>>>>                           ] 69/371, 8.3 task/s, elapsed: 8s, ETA:    36s[>>>>>>                          ] 70/371, 8.4 task/s, elapsed: 8s, ETA:    36s[>>>>>>                          ] 71/371, 8.4 task/s, elapsed: 8s, ETA:    36s[>>>>>>                          ] 72/371, 8.5 task/s, elapsed: 9s, ETA:    35s[>>>>>>                          ] 73/371, 8.5 task/s, elapsed: 9s, ETA:    35s[>>>>>>                          ] 74/371, 8.5 task/s, elapsed: 9s, ETA:    35s[>>>>>>                          ] 75/371, 8.6 task/s, elapsed: 9s, ETA:    35s[>>>>>>                          ] 76/371, 8.6 task/s, elapsed: 9s, ETA:    34s[>>>>>>                          ] 77/371, 8.6 task/s, elapsed: 9s, ETA:    34s[>>>>>>                          ] 78/371, 8.7 task/s, elapsed: 9s, ETA:    34s[>>>>>>                          ] 79/371, 8.7 task/s, elapsed: 9s, ETA:    34s[>>>>>>                          ] 80/371, 8.7 task/s, elapsed: 9s, ETA:    33s[>>>>>>                          ] 81/371, 8.7 task/s, elapsed: 9s, ETA:    33s[>>>>>>>                         ] 82/371, 8.8 task/s, elapsed: 9s, ETA:    33s[>>>>>>>                         ] 83/371, 8.8 task/s, elapsed: 9s, ETA:    33s[>>>>>>>                        ] 84/371, 8.8 task/s, elapsed: 10s, ETA:    33s[>>>>>>>                        ] 85/371, 8.9 task/s, elapsed: 10s, ETA:    32s[>>>>>>>                        ] 86/371, 8.9 task/s, elapsed: 10s, ETA:    32s[>>>>>>>                        ] 87/371, 8.9 task/s, elapsed: 10s, ETA:    32s[>>>>>>>                        ] 88/371, 8.9 task/s, elapsed: 10s, ETA:    32s[>>>>>>>                        ] 89/371, 9.0 task/s, elapsed: 10s, ETA:    31s[>>>>>>>                        ] 90/371, 9.0 task/s, elapsed: 10s, ETA:    31s[>>>>>>>                        ] 91/371, 9.0 task/s, elapsed: 10s, ETA:    31s[>>>>>>>                        ] 92/371, 9.0 task/s, elapsed: 10s, ETA:    31s[>>>>>>>                        ] 93/371, 9.1 task/s, elapsed: 10s, ETA:    31s[>>>>>>>                        ] 94/371, 9.1 task/s, elapsed: 10s, ETA:    31s[>>>>>>>                        ] 95/371, 9.1 task/s, elapsed: 10s, ETA:    30s[>>>>>>>>                       ] 96/371, 9.1 task/s, elapsed: 11s, ETA:    30s[>>>>>>>>                       ] 97/371, 9.1 task/s, elapsed: 11s, ETA:    30s[>>>>>>>>                       ] 98/371, 9.2 task/s, elapsed: 11s, ETA:    30s[>>>>>>>>                       ] 99/371, 9.2 task/s, elapsed: 11s, ETA:    30s[>>>>>>>>                      ] 100/371, 9.2 task/s, elapsed: 11s, ETA:    29s[>>>>>>>>                      ] 101/371, 9.2 task/s, elapsed: 11s, ETA:    29s[>>>>>>>>                      ] 102/371, 9.2 task/s, elapsed: 11s, ETA:    29s[>>>>>>>>                      ] 103/371, 9.3 task/s, elapsed: 11s, ETA:    29s[>>>>>>>>                      ] 104/371, 9.3 task/s, elapsed: 11s, ETA:    29s[>>>>>>>>                      ] 105/371, 9.3 task/s, elapsed: 11s, ETA:    29s[>>>>>>>>                      ] 106/371, 9.3 task/s, elapsed: 11s, ETA:    28s[>>>>>>>>                      ] 107/371, 9.3 task/s, elapsed: 11s, ETA:    28s[>>>>>>>>                      ] 108/371, 9.4 task/s, elapsed: 12s, ETA:    28s[>>>>>>>>                      ] 109/371, 9.4 task/s, elapsed: 12s, ETA:    28s[>>>>>>>>                      ] 110/371, 9.4 task/s, elapsed: 12s, ETA:    28s[>>>>>>>>                      ] 111/371, 9.4 task/s, elapsed: 12s, ETA:    28s[>>>>>>>>>                     ] 112/371, 9.4 task/s, elapsed: 12s, ETA:    27s[>>>>>>>>>                     ] 113/371, 9.5 task/s, elapsed: 12s, ETA:    27s[>>>>>>>>>                     ] 114/371, 9.5 task/s, elapsed: 12s, ETA:    27s[>>>>>>>>>                     ] 115/371, 9.5 task/s, elapsed: 12s, ETA:    27s[>>>>>>>>>                     ] 116/371, 9.5 task/s, elapsed: 12s, ETA:    27s[>>>>>>>>>                     ] 117/371, 9.5 task/s, elapsed: 12s, ETA:    27s[>>>>>>>>>                     ] 118/371, 9.5 task/s, elapsed: 12s, ETA:    27s[>>>>>>>>>                     ] 119/371, 9.6 task/s, elapsed: 12s, ETA:    26s[>>>>>>>>>                     ] 120/371, 9.6 task/s, elapsed: 13s, ETA:    26s[>>>>>>>>>                     ] 121/371, 9.6 task/s, elapsed: 13s, ETA:    26s[>>>>>>>>>                     ] 122/371, 9.6 task/s, elapsed: 13s, ETA:    26s[>>>>>>>>>                     ] 123/371, 9.6 task/s, elapsed: 13s, ETA:    26s[>>>>>>>>>>                    ] 124/371, 9.6 task/s, elapsed: 13s, ETA:    26s[>>>>>>>>>>                    ] 125/371, 9.6 task/s, elapsed: 13s, ETA:    26s[>>>>>>>>>>                    ] 126/371, 9.7 task/s, elapsed: 13s, ETA:    25s[>>>>>>>>>>                    ] 127/371, 9.7 task/s, elapsed: 13s, ETA:    25s[>>>>>>>>>>                    ] 128/371, 9.7 task/s, elapsed: 13s, ETA:    25s[>>>>>>>>>>                    ] 129/371, 9.7 task/s, elapsed: 13s, ETA:    25s[>>>>>>>>>>                    ] 130/371, 9.7 task/s, elapsed: 13s, ETA:    25s[>>>>>>>>>>                    ] 131/371, 9.7 task/s, elapsed: 13s, ETA:    25s[>>>>>>>>>>                    ] 132/371, 9.7 task/s, elapsed: 14s, ETA:    25s[>>>>>>>>>>                    ] 133/371, 9.8 task/s, elapsed: 14s, ETA:    24s[>>>>>>>>>>                    ] 134/371, 9.8 task/s, elapsed: 14s, ETA:    24s[>>>>>>>>>>                    ] 135/371, 9.8 task/s, elapsed: 14s, ETA:    24s[>>>>>>>>>>                    ] 136/371, 9.8 task/s, elapsed: 14s, ETA:    24s[>>>>>>>>>>>                   ] 137/371, 9.8 task/s, elapsed: 14s, ETA:    24s[>>>>>>>>>>>                   ] 138/371, 9.8 task/s, elapsed: 14s, ETA:    24s[>>>>>>>>>>>                   ] 139/371, 9.8 task/s, elapsed: 14s, ETA:    24s[>>>>>>>>>>>                   ] 140/371, 9.8 task/s, elapsed: 14s, ETA:    23s[>>>>>>>>>>>                   ] 141/371, 9.9 task/s, elapsed: 14s, ETA:    23s[>>>>>>>>>>>                   ] 142/371, 9.9 task/s, elapsed: 14s, ETA:    23s[>>>>>>>>>>>                   ] 143/371, 9.9 task/s, elapsed: 14s, ETA:    23s[>>>>>>>>>>>                   ] 144/371, 9.9 task/s, elapsed: 15s, ETA:    23s[>>>>>>>>>>>                   ] 145/371, 9.9 task/s, elapsed: 15s, ETA:    23s[>>>>>>>>>>>                   ] 146/371, 9.9 task/s, elapsed: 15s, ETA:    23s[>>>>>>>>>>>                   ] 147/371, 9.9 task/s, elapsed: 15s, ETA:    23s[>>>>>>>>>>>                   ] 148/371, 9.9 task/s, elapsed: 15s, ETA:    22s[>>>>>>>>>>>                  ] 149/371, 10.0 task/s, elapsed: 15s, ETA:    22s[>>>>>>>>>>>                  ] 150/371, 10.0 task/s, elapsed: 15s, ETA:    22s[>>>>>>>>>>>                  ] 151/371, 10.0 task/s, elapsed: 15s, ETA:    22s[>>>>>>>>>>>                  ] 152/371, 10.0 task/s, elapsed: 15s, ETA:    22s[>>>>>>>>>>>                  ] 153/371, 10.0 task/s, elapsed: 15s, ETA:    22s[>>>>>>>>>>>>                 ] 154/371, 10.0 task/s, elapsed: 15s, ETA:    22s[>>>>>>>>>>>>                 ] 155/371, 10.0 task/s, elapsed: 15s, ETA:    22s[>>>>>>>>>>>>                 ] 156/371, 10.0 task/s, elapsed: 16s, ETA:    21s[>>>>>>>>>>>>                 ] 157/371, 10.0 task/s, elapsed: 16s, ETA:    21s[>>>>>>>>>>>>                 ] 158/371, 10.0 task/s, elapsed: 16s, ETA:    21s[>>>>>>>>>>>>                 ] 159/371, 10.1 task/s, elapsed: 16s, ETA:    21s[>>>>>>>>>>>>                 ] 160/371, 10.1 task/s, elapsed: 16s, ETA:    21s[>>>>>>>>>>>>                 ] 161/371, 10.1 task/s, elapsed: 16s, ETA:    21s[>>>>>>>>>>>>                 ] 162/371, 10.1 task/s, elapsed: 16s, ETA:    21s[>>>>>>>>>>>>                 ] 163/371, 10.1 task/s, elapsed: 16s, ETA:    21s[>>>>>>>>>>>>                 ] 164/371, 10.1 task/s, elapsed: 16s, ETA:    20s[>>>>>>>>>>>>                 ] 165/371, 10.1 task/s, elapsed: 16s, ETA:    20s[>>>>>>>>>>>>                 ] 166/371, 10.1 task/s, elapsed: 16s, ETA:    20s[>>>>>>>>>>>>>                ] 167/371, 10.1 task/s, elapsed: 16s, ETA:    20s[>>>>>>>>>>>>>                ] 168/371, 10.1 task/s, elapsed: 17s, ETA:    20s[>>>>>>>>>>>>>                ] 169/371, 10.2 task/s, elapsed: 17s, ETA:    20s[>>>>>>>>>>>>>                ] 170/371, 10.2 task/s, elapsed: 17s, ETA:    20s[>>>>>>>>>>>>>                ] 171/371, 10.2 task/s, elapsed: 17s, ETA:    20s[>>>>>>>>>>>>>                ] 172/371, 10.2 task/s, elapsed: 17s, ETA:    20s[>>>>>>>>>>>>>                ] 173/371, 10.2 task/s, elapsed: 17s, ETA:    19s[>>>>>>>>>>>>>                ] 174/371, 10.2 task/s, elapsed: 17s, ETA:    19s[>>>>>>>>>>>>>                ] 175/371, 10.2 task/s, elapsed: 17s, ETA:    19s[>>>>>>>>>>>>>                ] 176/371, 10.2 task/s, elapsed: 17s, ETA:    19s[>>>>>>>>>>>>>                ] 177/371, 10.2 task/s, elapsed: 17s, ETA:    19s[>>>>>>>>>>>>>                ] 178/371, 10.2 task/s, elapsed: 17s, ETA:    19s[>>>>>>>>>>>>>                ] 179/371, 10.2 task/s, elapsed: 17s, ETA:    19s[>>>>>>>>>>>>>>               ] 180/371, 10.2 task/s, elapsed: 18s, ETA:    19s[>>>>>>>>>>>>>>               ] 181/371, 10.3 task/s, elapsed: 18s, ETA:    19s[>>>>>>>>>>>>>>               ] 182/371, 10.3 task/s, elapsed: 18s, ETA:    18s[>>>>>>>>>>>>>>               ] 183/371, 10.3 task/s, elapsed: 18s, ETA:    18s[>>>>>>>>>>>>>>               ] 184/371, 10.3 task/s, elapsed: 18s, ETA:    18s[>>>>>>>>>>>>>>               ] 185/371, 10.3 task/s, elapsed: 18s, ETA:    18s[>>>>>>>>>>>>>>               ] 186/371, 10.3 task/s, elapsed: 18s, ETA:    18s[>>>>>>>>>>>>>>               ] 187/371, 10.3 task/s, elapsed: 18s, ETA:    18s[>>>>>>>>>>>>>>               ] 188/371, 10.3 task/s, elapsed: 18s, ETA:    18s[>>>>>>>>>>>>>>               ] 189/371, 10.3 task/s, elapsed: 18s, ETA:    18s[>>>>>>>>>>>>>>               ] 190/371, 10.3 task/s, elapsed: 18s, ETA:    18s[>>>>>>>>>>>>>>               ] 191/371, 10.3 task/s, elapsed: 18s, ETA:    17s[>>>>>>>>>>>>>>>              ] 192/371, 10.3 task/s, elapsed: 19s, ETA:    17s[>>>>>>>>>>>>>>>              ] 193/371, 10.3 task/s, elapsed: 19s, ETA:    17s[>>>>>>>>>>>>>>>              ] 194/371, 10.4 task/s, elapsed: 19s, ETA:    17s[>>>>>>>>>>>>>>>              ] 195/371, 10.4 task/s, elapsed: 19s, ETA:    17s[>>>>>>>>>>>>>>>              ] 196/371, 10.4 task/s, elapsed: 19s, ETA:    17s[>>>>>>>>>>>>>>>              ] 197/371, 10.4 task/s, elapsed: 19s, ETA:    17s[>>>>>>>>>>>>>>>              ] 198/371, 10.4 task/s, elapsed: 19s, ETA:    17s[>>>>>>>>>>>>>>>              ] 199/371, 10.4 task/s, elapsed: 19s, ETA:    17s[>>>>>>>>>>>>>>>              ] 200/371, 10.4 task/s, elapsed: 19s, ETA:    16s[>>>>>>>>>>>>>>>              ] 201/371, 10.4 task/s, elapsed: 19s, ETA:    16s[>>>>>>>>>>>>>>>              ] 202/371, 10.4 task/s, elapsed: 19s, ETA:    16s[>>>>>>>>>>>>>>>              ] 203/371, 10.4 task/s, elapsed: 19s, ETA:    16s[>>>>>>>>>>>>>>>              ] 204/371, 10.4 task/s, elapsed: 20s, ETA:    16s[>>>>>>>>>>>>>>>>             ] 205/371, 10.4 task/s, elapsed: 20s, ETA:    16s[>>>>>>>>>>>>>>>>             ] 206/371, 10.4 task/s, elapsed: 20s, ETA:    16s[>>>>>>>>>>>>>>>>             ] 207/371, 10.4 task/s, elapsed: 20s, ETA:    16s[>>>>>>>>>>>>>>>>             ] 208/371, 10.4 task/s, elapsed: 20s, ETA:    16s[>>>>>>>>>>>>>>>>             ] 209/371, 10.5 task/s, elapsed: 20s, ETA:    15s[>>>>>>>>>>>>>>>>             ] 210/371, 10.5 task/s, elapsed: 20s, ETA:    15s[>>>>>>>>>>>>>>>>             ] 211/371, 10.5 task/s, elapsed: 20s, ETA:    15s[>>>>>>>>>>>>>>>>             ] 212/371, 10.5 task/s, elapsed: 20s, ETA:    15s[>>>>>>>>>>>>>>>>             ] 213/371, 10.5 task/s, elapsed: 20s, ETA:    15s[>>>>>>>>>>>>>>>>             ] 214/371, 10.5 task/s, elapsed: 20s, ETA:    15s[>>>>>>>>>>>>>>>>             ] 215/371, 10.5 task/s, elapsed: 20s, ETA:    15s[>>>>>>>>>>>>>>>>             ] 216/371, 10.5 task/s, elapsed: 21s, ETA:    15s[>>>>>>>>>>>>>>>>             ] 217/371, 10.5 task/s, elapsed: 21s, ETA:    15s[>>>>>>>>>>>>>>>>>            ] 218/371, 10.5 task/s, elapsed: 21s, ETA:    15s[>>>>>>>>>>>>>>>>>            ] 219/371, 10.5 task/s, elapsed: 21s, ETA:    14s[>>>>>>>>>>>>>>>>>            ] 220/371, 10.5 task/s, elapsed: 21s, ETA:    14s[>>>>>>>>>>>>>>>>>            ] 221/371, 10.5 task/s, elapsed: 21s, ETA:    14s[>>>>>>>>>>>>>>>>>            ] 222/371, 10.5 task/s, elapsed: 21s, ETA:    14s[>>>>>>>>>>>>>>>>>            ] 223/371, 10.5 task/s, elapsed: 21s, ETA:    14s[>>>>>>>>>>>>>>>>>            ] 224/371, 10.5 task/s, elapsed: 21s, ETA:    14s[>>>>>>>>>>>>>>>>>            ] 225/371, 10.5 task/s, elapsed: 21s, ETA:    14s[>>>>>>>>>>>>>>>>>            ] 226/371, 10.6 task/s, elapsed: 21s, ETA:    14s[>>>>>>>>>>>>>>>>>            ] 227/371, 10.6 task/s, elapsed: 21s, ETA:    14s[>>>>>>>>>>>>>>>>>            ] 228/371, 10.6 task/s, elapsed: 22s, ETA:    14s[>>>>>>>>>>>>>>>>>            ] 229/371, 10.6 task/s, elapsed: 22s, ETA:    13s[>>>>>>>>>>>>>>>>>            ] 230/371, 10.6 task/s, elapsed: 22s, ETA:    13s[>>>>>>>>>>>>>>>>>>           ] 231/371, 10.6 task/s, elapsed: 22s, ETA:    13s[>>>>>>>>>>>>>>>>>>           ] 232/371, 10.6 task/s, elapsed: 22s, ETA:    13s[>>>>>>>>>>>>>>>>>>           ] 233/371, 10.6 task/s, elapsed: 22s, ETA:    13s[>>>>>>>>>>>>>>>>>>           ] 234/371, 10.6 task/s, elapsed: 22s, ETA:    13s[>>>>>>>>>>>>>>>>>>           ] 235/371, 10.6 task/s, elapsed: 22s, ETA:    13s[>>>>>>>>>>>>>>>>>>           ] 236/371, 10.6 task/s, elapsed: 22s, ETA:    13s[>>>>>>>>>>>>>>>>>>           ] 237/371, 10.6 task/s, elapsed: 22s, ETA:    13s[>>>>>>>>>>>>>>>>>>           ] 238/371, 10.6 task/s, elapsed: 22s, ETA:    13s[>>>>>>>>>>>>>>>>>>           ] 239/371, 10.6 task/s, elapsed: 23s, ETA:    12s[>>>>>>>>>>>>>>>>>>           ] 240/371, 10.6 task/s, elapsed: 23s, ETA:    12s[>>>>>>>>>>>>>>>>>>           ] 241/371, 10.6 task/s, elapsed: 23s, ETA:    12s[>>>>>>>>>>>>>>>>>>           ] 242/371, 10.6 task/s, elapsed: 23s, ETA:    12s[>>>>>>>>>>>>>>>>>>           ] 243/371, 10.6 task/s, elapsed: 23s, ETA:    12s[>>>>>>>>>>>>>>>>>>>          ] 244/371, 10.6 task/s, elapsed: 23s, ETA:    12s[>>>>>>>>>>>>>>>>>>>          ] 245/371, 10.6 task/s, elapsed: 23s, ETA:    12s[>>>>>>>>>>>>>>>>>>>          ] 246/371, 10.7 task/s, elapsed: 23s, ETA:    12s[>>>>>>>>>>>>>>>>>>>          ] 247/371, 10.7 task/s, elapsed: 23s, ETA:    12s[>>>>>>>>>>>>>>>>>>>          ] 248/371, 10.7 task/s, elapsed: 23s, ETA:    12s[>>>>>>>>>>>>>>>>>>>          ] 249/371, 10.7 task/s, elapsed: 23s, ETA:    11s[>>>>>>>>>>>>>>>>>>>          ] 250/371, 10.7 task/s, elapsed: 23s, ETA:    11s[>>>>>>>>>>>>>>>>>>>          ] 251/371, 10.7 task/s, elapsed: 24s, ETA:    11s[>>>>>>>>>>>>>>>>>>>          ] 252/371, 10.7 task/s, elapsed: 24s, ETA:    11s[>>>>>>>>>>>>>>>>>>>          ] 253/371, 10.7 task/s, elapsed: 24s, ETA:    11s[>>>>>>>>>>>>>>>>>>>          ] 254/371, 10.7 task/s, elapsed: 24s, ETA:    11s[>>>>>>>>>>>>>>>>>>>          ] 255/371, 10.7 task/s, elapsed: 24s, ETA:    11s[>>>>>>>>>>>>>>>>>>>>         ] 256/371, 10.7 task/s, elapsed: 24s, ETA:    11s[>>>>>>>>>>>>>>>>>>>>         ] 257/371, 10.7 task/s, elapsed: 24s, ETA:    11s[>>>>>>>>>>>>>>>>>>>>         ] 258/371, 10.7 task/s, elapsed: 24s, ETA:    11s[>>>>>>>>>>>>>>>>>>>>         ] 259/371, 10.7 task/s, elapsed: 24s, ETA:    10s[>>>>>>>>>>>>>>>>>>>>         ] 260/371, 10.7 task/s, elapsed: 24s, ETA:    10s[>>>>>>>>>>>>>>>>>>>>         ] 261/371, 10.7 task/s, elapsed: 24s, ETA:    10s[>>>>>>>>>>>>>>>>>>>>         ] 262/371, 10.7 task/s, elapsed: 24s, ETA:    10s[>>>>>>>>>>>>>>>>>>>>         ] 263/371, 10.7 task/s, elapsed: 25s, ETA:    10s[>>>>>>>>>>>>>>>>>>>>         ] 264/371, 10.7 task/s, elapsed: 25s, ETA:    10s[>>>>>>>>>>>>>>>>>>>>         ] 265/371, 10.7 task/s, elapsed: 25s, ETA:    10s[>>>>>>>>>>>>>>>>>>>>         ] 266/371, 10.7 task/s, elapsed: 25s, ETA:    10s[>>>>>>>>>>>>>>>>>>>>         ] 267/371, 10.7 task/s, elapsed: 25s, ETA:    10s[>>>>>>>>>>>>>>>>>>>>         ] 268/371, 10.8 task/s, elapsed: 25s, ETA:    10s[>>>>>>>>>>>>>>>>>>>>>        ] 269/371, 10.8 task/s, elapsed: 25s, ETA:     9s[>>>>>>>>>>>>>>>>>>>>>        ] 270/371, 10.8 task/s, elapsed: 25s, ETA:     9s[>>>>>>>>>>>>>>>>>>>>>        ] 271/371, 10.8 task/s, elapsed: 25s, ETA:     9s[>>>>>>>>>>>>>>>>>>>>>        ] 272/371, 10.8 task/s, elapsed: 25s, ETA:     9s[>>>>>>>>>>>>>>>>>>>>>        ] 273/371, 10.8 task/s, elapsed: 25s, ETA:     9s[>>>>>>>>>>>>>>>>>>>>>        ] 274/371, 10.8 task/s, elapsed: 25s, ETA:     9s[>>>>>>>>>>>>>>>>>>>>>        ] 275/371, 10.8 task/s, elapsed: 26s, ETA:     9s[>>>>>>>>>>>>>>>>>>>>>        ] 276/371, 10.8 task/s, elapsed: 26s, ETA:     9s[>>>>>>>>>>>>>>>>>>>>>        ] 277/371, 10.8 task/s, elapsed: 26s, ETA:     9s[>>>>>>>>>>>>>>>>>>>>>        ] 278/371, 10.8 task/s, elapsed: 26s, ETA:     9s[>>>>>>>>>>>>>>>>>>>>>        ] 279/371, 10.8 task/s, elapsed: 26s, ETA:     9s[>>>>>>>>>>>>>>>>>>>>>        ] 280/371, 10.8 task/s, elapsed: 26s, ETA:     8s[>>>>>>>>>>>>>>>>>>>>>        ] 281/371, 10.8 task/s, elapsed: 26s, ETA:     8s[>>>>>>>>>>>>>>>>>>>>>>       ] 282/371, 10.8 task/s, elapsed: 26s, ETA:     8s[>>>>>>>>>>>>>>>>>>>>>>       ] 283/371, 10.8 task/s, elapsed: 26s, ETA:     8s[>>>>>>>>>>>>>>>>>>>>>>       ] 284/371, 10.8 task/s, elapsed: 26s, ETA:     8s[>>>>>>>>>>>>>>>>>>>>>>       ] 285/371, 10.8 task/s, elapsed: 26s, ETA:     8s[>>>>>>>>>>>>>>>>>>>>>>       ] 286/371, 10.8 task/s, elapsed: 26s, ETA:     8s[>>>>>>>>>>>>>>>>>>>>>>       ] 287/371, 10.8 task/s, elapsed: 27s, ETA:     8s[>>>>>>>>>>>>>>>>>>>>>>       ] 288/371, 10.8 task/s, elapsed: 27s, ETA:     8s[>>>>>>>>>>>>>>>>>>>>>>       ] 289/371, 10.8 task/s, elapsed: 27s, ETA:     8s[>>>>>>>>>>>>>>>>>>>>>>       ] 290/371, 10.8 task/s, elapsed: 27s, ETA:     7s[>>>>>>>>>>>>>>>>>>>>>>       ] 291/371, 10.8 task/s, elapsed: 27s, ETA:     7s[>>>>>>>>>>>>>>>>>>>>>>       ] 292/371, 10.8 task/s, elapsed: 27s, ETA:     7s[>>>>>>>>>>>>>>>>>>>>>>       ] 293/371, 10.8 task/s, elapsed: 27s, ETA:     7s[>>>>>>>>>>>>>>>>>>>>>>       ] 294/371, 10.8 task/s, elapsed: 27s, ETA:     7s[>>>>>>>>>>>>>>>>>>>>>>>      ] 295/371, 10.8 task/s, elapsed: 27s, ETA:     7s[>>>>>>>>>>>>>>>>>>>>>>>      ] 296/371, 10.8 task/s, elapsed: 27s, ETA:     7s[>>>>>>>>>>>>>>>>>>>>>>>      ] 297/371, 10.8 task/s, elapsed: 27s, ETA:     7s[>>>>>>>>>>>>>>>>>>>>>>>      ] 298/371, 10.9 task/s, elapsed: 27s, ETA:     7s[>>>>>>>>>>>>>>>>>>>>>>>      ] 299/371, 10.9 task/s, elapsed: 28s, ETA:     7s[>>>>>>>>>>>>>>>>>>>>>>>      ] 300/371, 10.9 task/s, elapsed: 28s, ETA:     7s[>>>>>>>>>>>>>>>>>>>>>>>      ] 301/371, 10.9 task/s, elapsed: 28s, ETA:     6s[>>>>>>>>>>>>>>>>>>>>>>>      ] 302/371, 10.9 task/s, elapsed: 28s, ETA:     6s[>>>>>>>>>>>>>>>>>>>>>>>      ] 303/371, 10.9 task/s, elapsed: 28s, ETA:     6s[>>>>>>>>>>>>>>>>>>>>>>>      ] 304/371, 10.9 task/s, elapsed: 28s, ETA:     6s[>>>>>>>>>>>>>>>>>>>>>>>      ] 305/371, 10.9 task/s, elapsed: 28s, ETA:     6s[>>>>>>>>>>>>>>>>>>>>>>>      ] 306/371, 10.9 task/s, elapsed: 28s, ETA:     6s[>>>>>>>>>>>>>>>>>>>>>>>      ] 307/371, 10.9 task/s, elapsed: 28s, ETA:     6s[>>>>>>>>>>>>>>>>>>>>>>>>     ] 308/371, 10.9 task/s, elapsed: 28s, ETA:     6s[>>>>>>>>>>>>>>>>>>>>>>>>     ] 309/371, 10.9 task/s, elapsed: 28s, ETA:     6s[>>>>>>>>>>>>>>>>>>>>>>>>     ] 310/371, 10.9 task/s, elapsed: 28s, ETA:     6s[>>>>>>>>>>>>>>>>>>>>>>>>     ] 311/371, 10.9 task/s, elapsed: 29s, ETA:     6s[>>>>>>>>>>>>>>>>>>>>>>>>     ] 312/371, 10.9 task/s, elapsed: 29s, ETA:     5s[>>>>>>>>>>>>>>>>>>>>>>>>     ] 313/371, 10.9 task/s, elapsed: 29s, ETA:     5s[>>>>>>>>>>>>>>>>>>>>>>>>     ] 314/371, 10.9 task/s, elapsed: 29s, ETA:     5s[>>>>>>>>>>>>>>>>>>>>>>>>     ] 315/371, 10.9 task/s, elapsed: 29s, ETA:     5s[>>>>>>>>>>>>>>>>>>>>>>>>     ] 316/371, 10.9 task/s, elapsed: 29s, ETA:     5s[>>>>>>>>>>>>>>>>>>>>>>>>     ] 317/371, 10.9 task/s, elapsed: 29s, ETA:     5s[>>>>>>>>>>>>>>>>>>>>>>>>     ] 318/371, 10.9 task/s, elapsed: 29s, ETA:     5s[>>>>>>>>>>>>>>>>>>>>>>>>     ] 319/371, 10.9 task/s, elapsed: 29s, ETA:     5s[>>>>>>>>>>>>>>>>>>>>>>>>>    ] 320/371, 10.9 task/s, elapsed: 29s, ETA:     5s[>>>>>>>>>>>>>>>>>>>>>>>>>    ] 321/371, 10.9 task/s, elapsed: 29s, ETA:     5s[>>>>>>>>>>>>>>>>>>>>>>>>>    ] 322/371, 10.9 task/s, elapsed: 29s, ETA:     4s[>>>>>>>>>>>>>>>>>>>>>>>>>    ] 323/371, 10.9 task/s, elapsed: 30s, ETA:     4s[>>>>>>>>>>>>>>>>>>>>>>>>>    ] 324/371, 10.9 task/s, elapsed: 30s, ETA:     4s[>>>>>>>>>>>>>>>>>>>>>>>>>    ] 325/371, 10.9 task/s, elapsed: 30s, ETA:     4s[>>>>>>>>>>>>>>>>>>>>>>>>>    ] 326/371, 10.9 task/s, elapsed: 30s, ETA:     4s[>>>>>>>>>>>>>>>>>>>>>>>>>    ] 327/371, 10.9 task/s, elapsed: 30s, ETA:     4s[>>>>>>>>>>>>>>>>>>>>>>>>>    ] 328/371, 10.9 task/s, elapsed: 30s, ETA:     4s[>>>>>>>>>>>>>>>>>>>>>>>>>    ] 329/371, 10.9 task/s, elapsed: 30s, ETA:     4s[>>>>>>>>>>>>>>>>>>>>>>>>>    ] 330/371, 10.9 task/s, elapsed: 30s, ETA:     4s[>>>>>>>>>>>>>>>>>>>>>>>>>    ] 331/371, 10.9 task/s, elapsed: 30s, ETA:     4s[>>>>>>>>>>>>>>>>>>>>>>>>>    ] 332/371, 11.0 task/s, elapsed: 30s, ETA:     4s[>>>>>>>>>>>>>>>>>>>>>>>>>>   ] 333/371, 11.0 task/s, elapsed: 30s, ETA:     3s[>>>>>>>>>>>>>>>>>>>>>>>>>>   ] 334/371, 11.0 task/s, elapsed: 30s, ETA:     3s[>>>>>>>>>>>>>>>>>>>>>>>>>>   ] 335/371, 11.0 task/s, elapsed: 31s, ETA:     3s[>>>>>>>>>>>>>>>>>>>>>>>>>>   ] 336/371, 11.0 task/s, elapsed: 31s, ETA:     3s[>>>>>>>>>>>>>>>>>>>>>>>>>>   ] 337/371, 11.0 task/s, elapsed: 31s, ETA:     3s[>>>>>>>>>>>>>>>>>>>>>>>>>>   ] 338/371, 11.0 task/s, elapsed: 31s, ETA:     3s[>>>>>>>>>>>>>>>>>>>>>>>>>>   ] 339/371, 11.0 task/s, elapsed: 31s, ETA:     3s[>>>>>>>>>>>>>>>>>>>>>>>>>>   ] 340/371, 11.0 task/s, elapsed: 31s, ETA:     3s[>>>>>>>>>>>>>>>>>>>>>>>>>>   ] 341/371, 11.0 task/s, elapsed: 31s, ETA:     3s[>>>>>>>>>>>>>>>>>>>>>>>>>>   ] 342/371, 11.0 task/s, elapsed: 31s, ETA:     3s[>>>>>>>>>>>>>>>>>>>>>>>>>>   ] 343/371, 11.0 task/s, elapsed: 31s, ETA:     3s[>>>>>>>>>>>>>>>>>>>>>>>>>>   ] 344/371, 11.0 task/s, elapsed: 31s, ETA:     2s[>>>>>>>>>>>>>>>>>>>>>>>>>>   ] 345/371, 11.0 task/s, elapsed: 31s, ETA:     2s[>>>>>>>>>>>>>>>>>>>>>>>>>>>  ] 346/371, 11.0 task/s, elapsed: 31s, ETA:     2s[>>>>>>>>>>>>>>>>>>>>>>>>>>>  ] 347/371, 11.0 task/s, elapsed: 32s, ETA:     2s[>>>>>>>>>>>>>>>>>>>>>>>>>>>  ] 348/371, 11.0 task/s, elapsed: 32s, ETA:     2s[>>>>>>>>>>>>>>>>>>>>>>>>>>>  ] 349/371, 11.0 task/s, elapsed: 32s, ETA:     2s[>>>>>>>>>>>>>>>>>>>>>>>>>>>  ] 350/371, 11.0 task/s, elapsed: 32s, ETA:     2s[>>>>>>>>>>>>>>>>>>>>>>>>>>>  ] 351/371, 11.0 task/s, elapsed: 32s, ETA:     2s[>>>>>>>>>>>>>>>>>>>>>>>>>>>  ] 352/371, 11.0 task/s, elapsed: 32s, ETA:     2s[>>>>>>>>>>>>>>>>>>>>>>>>>>>  ] 353/371, 11.0 task/s, elapsed: 32s, ETA:     2s[>>>>>>>>>>>>>>>>>>>>>>>>>>>  ] 354/371, 11.0 task/s, elapsed: 32s, ETA:     2s[>>>>>>>>>>>>>>>>>>>>>>>>>>>  ] 355/371, 11.0 task/s, elapsed: 32s, ETA:     1s[>>>>>>>>>>>>>>>>>>>>>>>>>>>  ] 356/371, 11.0 task/s, elapsed: 32s, ETA:     1s[>>>>>>>>>>>>>>>>>>>>>>>>>>>  ] 357/371, 11.0 task/s, elapsed: 32s, ETA:     1s[>>>>>>>>>>>>>>>>>>>>>>>>>>>  ] 358/371, 11.0 task/s, elapsed: 32s, ETA:     1s[>>>>>>>>>>>>>>>>>>>>>>>>>>>> ] 359/371, 11.0 task/s, elapsed: 33s, ETA:     1s[>>>>>>>>>>>>>>>>>>>>>>>>>>>> ] 360/371, 11.0 task/s, elapsed: 33s, ETA:     1s[>>>>>>>>>>>>>>>>>>>>>>>>>>>> ] 361/371, 11.0 task/s, elapsed: 33s, ETA:     1s[>>>>>>>>>>>>>>>>>>>>>>>>>>>> ] 362/371, 11.0 task/s, elapsed: 33s, ETA:     1s[>>>>>>>>>>>>>>>>>>>>>>>>>>>> ] 363/371, 11.0 task/s, elapsed: 33s, ETA:     1s[>>>>>>>>>>>>>>>>>>>>>>>>>>>> ] 364/371, 11.0 task/s, elapsed: 33s, ETA:     1s[>>>>>>>>>>>>>>>>>>>>>>>>>>>> ] 365/371, 11.0 task/s, elapsed: 33s, ETA:     1s[>>>>>>>>>>>>>>>>>>>>>>>>>>>> ] 366/371, 11.0 task/s, elapsed: 33s, ETA:     0s[>>>>>>>>>>>>>>>>>>>>>>>>>>>> ] 367/371, 11.0 task/s, elapsed: 33s, ETA:     0s[>>>>>>>>>>>>>>>>>>>>>>>>>>>> ] 368/371, 11.0 task/s, elapsed: 33s, ETA:     0s[>>>>>>>>>>>>>>>>>>>>>>>>>>>> ] 369/371, 11.0 task/s, elapsed: 33s, ETA:     0s[>>>>>>>>>>>>>>>>>>>>>>>>>>>> ] 370/371, 11.0 task/s, elapsed: 33s, ETA:     0s[>>>>>>>>>>>>>>>>>>>>>>>>>>>>>] 371/371, 11.0 task/s, elapsed: 34s, ETA:     0s

2026-05-12 08:22:50,093 - mmdet - INFO - Evaluating bbox...
Loading and preparing results...
DONE (t=0.00s)
creating index...
index created!
Running per image evaluation...
Evaluate annotation type *bbox*
DONE (t=1.97s).
Accumulating evaluation results...
DONE (t=0.13s).
2026-05-12 08:22:52,215 - mmdet - INFO - 
 Average Precision  (AP) @[ IoU=0.50:0.95 | area=   all | maxDets=100 ] = 0.267
 Average Precision  (AP) @[ IoU=0.50      | area=   all | maxDets=1000 ] = 0.668
 Average Precision  (AP) @[ IoU=0.75      | area=   all | maxDets=1000 ] = 0.141
 Average Precision  (AP) @[ IoU=0.50:0.95 | area= small | maxDets=1000 ] = 0.004
 Average Precision  (AP) @[ IoU=0.50:0.95 | area=medium | maxDets=1000 ] = 0.216
 Average Precision  (AP) @[ IoU=0.50:0.95 | area= large | maxDets=1000 ] = 0.335
 Average Recall     (AR) @[ IoU=0.50:0.95 | area=   all | maxDets=100 ] = 0.390
 Average Recall     (AR) @[ IoU=0.50:0.95 | area=   all | maxDets=300 ] = 0.390
 Average Recall     (AR) @[ IoU=0.50:0.95 | area=   all | maxDets=1000 ] = 0.390
 Average Recall     (AR) @[ IoU=0.50:0.95 | area= small | maxDets=1000 ] = 0.048
 Average Recall     (AR) @[ IoU=0.50:0.95 | area=medium | maxDets=1000 ] = 0.341
 Average Recall     (AR) @[ IoU=0.50:0.95 | area= large | maxDets=1000 ] = 0.461

2026-05-12 08:22:52,220 - mmdet - INFO - Exp name: fold_1_r50_300e_hbb.py
2026-05-12 08:22:52,220 - mmdet - INFO - Epoch(val) [170][371]	bbox_mAP: 0.2670, bbox_mAP_50: 0.6680, bbox_mAP_75: 0.1410, bbox_mAP_s: 0.0040, bbox_mAP_m: 0.2160, bbox_mAP_l: 0.3350, bbox_mAP_copypaste: 0.267 0.668 0.141 0.004 0.216 0.335
2026-05-12 08:23:21,680 - mmdet - INFO - Epoch [171][50/186]	lr: 7.921e-03, eta: 2:56:24, time: 0.587, data_time: 0.084, memory: 6155, loss_rpn_cls: 0.0104, loss_rpn_bbox: 0.0018, loss_cls: 0.0643, acc: 97.6494, loss_bbox: 0.0382, loss: 0.1147, grad_norm: 0.9151
2026-05-12 08:23:47,514 - mmdet - INFO - Epoch [171][100/186]	lr: 7.921e-03, eta: 2:56:05, time: 0.519, data_time: 0.015, memory: 6155, loss_rpn_cls: 0.0281, loss_rpn_bbox: 0.0026, loss_cls: 0.0810, acc: 97.1006, loss_bbox: 0.0511, loss: 0.1627, grad_norm: 1.1439
2026-05-12 08:24:13,439 - mmdet - INFO - Epoch [171][150/186]	lr: 7.921e-03, eta: 2:55:46, time: 0.517, data_time: 0.013, memory: 6155, loss_rpn_cls: 0.0125, loss_rpn_bbox: 0.0022, loss_cls: 0.0681, acc: 97.4189, loss_bbox: 0.0434, loss: 0.1262, grad_norm: 1.1332
2026-05-12 08:25:01,693 - mmdet - INFO - Epoch [172][50/186]	lr: 7.819e-03, eta: 2:55:02, time: 0.591, data_time: 0.084, memory: 6155, loss_rpn_cls: 0.0117, loss_rpn_bbox: 0.0021, loss_cls: 0.0715, acc: 97.3311, loss_bbox: 0.0450, loss: 0.1304, grad_norm: 1.0775
2026-05-12 08:25:27,546 - mmdet - INFO - Epoch [172][100/186]	lr: 7.819e-03, eta: 2:54:43, time: 0.515, data_time: 0.013, memory: 6155, loss_rpn_cls: 0.0115, loss_rpn_bbox: 0.0019, loss_cls: 0.0557, acc: 97.8604, loss_bbox: 0.0342, loss: 0.1033, grad_norm: 1.0160
2026-05-12 08:25:53,599 - mmdet - INFO - Epoch [172][150/186]	lr: 7.819e-03, eta: 2:54:24, time: 0.523, data_time: 0.015, memory: 6155, loss_rpn_cls: 0.0144, loss_rpn_bbox: 0.0027, loss_cls: 0.0737, acc: 97.2627, loss_bbox: 0.0463, loss: 0.1370, grad_norm: 1.0490
2026-05-12 08:26:42,019 - mmdet - INFO - Epoch [173][50/186]	lr: 7.717e-03, eta: 2:53:41, time: 0.591, data_time: 0.084, memory: 6155, loss_rpn_cls: 0.0120, loss_rpn_bbox: 0.0018, loss_cls: 0.0678, acc: 97.4375, loss_bbox: 0.0432, loss: 0.1248, grad_norm: 1.0680
2026-05-12 08:27:07,764 - mmdet - INFO - Epoch [173][100/186]	lr: 7.717e-03, eta: 2:53:21, time: 0.517, data_time: 0.015, memory: 6155, loss_rpn_cls: 0.0155, loss_rpn_bbox: 0.0018, loss_cls: 0.0597, acc: 97.7627, loss_bbox: 0.0346, loss: 0.1115, grad_norm: 1.0405
2026-05-12 08:27:33,703 - mmdet - INFO - Epoch [173][150/186]	lr: 7.717e-03, eta: 2:53:02, time: 0.517, data_time: 0.013, memory: 6155, loss_rpn_cls: 0.0182, loss_rpn_bbox: 0.0026, loss_cls: 0.0786, acc: 97.0791, loss_bbox: 0.0513, loss: 0.1507, grad_norm: 1.0912
2026-05-12 08:28:22,079 - mmdet - INFO - Epoch [174][50/186]	lr: 7.615e-03, eta: 2:52:19, time: 0.593, data_time: 0.084, memory: 6155, loss_rpn_cls: 0.0161, loss_rpn_bbox: 0.0022, loss_cls: 0.0635, acc: 97.6465, loss_bbox: 0.0406, loss: 0.1223, grad_norm: 1.1263
2026-05-12 08:28:47,932 - mmdet - INFO - Epoch [174][100/186]	lr: 7.615e-03, eta: 2:52:00, time: 0.515, data_time: 0.013, memory: 6155, loss_rpn_cls: 0.0152, loss_rpn_bbox: 0.0022, loss_cls: 0.0733, acc: 97.3027, loss_bbox: 0.0469, loss: 0.1376, grad_norm: 1.0965
2026-05-12 08:29:13,911 - mmdet - INFO - Epoch [174][150/186]	lr: 7.615e-03, eta: 2:51:41, time: 0.521, data_time: 0.015, memory: 6155, loss_rpn_cls: 0.0140, loss_rpn_bbox: 0.0022, loss_cls: 0.0718, acc: 97.3125, loss_bbox: 0.0460, loss: 0.1340, grad_norm: 1.1118
2026-05-12 08:30:02,049 - mmdet - INFO - Epoch [175][50/186]	lr: 7.514e-03, eta: 2:50:57, time: 0.587, data_time: 0.084, memory: 6155, loss_rpn_cls: 0.0191, loss_rpn_bbox: 0.0025, loss_cls: 0.0701, acc: 97.2744, loss_bbox: 0.0467, loss: 0.1384, grad_norm: 1.1076
2026-05-12 08:30:27,914 - mmdet - INFO - Epoch [175][100/186]	lr: 7.514e-03, eta: 2:50:38, time: 0.519, data_time: 0.015, memory: 6155, loss_rpn_cls: 0.0178, loss_rpn_bbox: 0.0024, loss_cls: 0.0657, acc: 97.5592, loss_bbox: 0.0420, loss: 0.1278, grad_norm: 1.0499
2026-05-12 08:30:53,824 - mmdet - INFO - Epoch [175][150/186]	lr: 7.514e-03, eta: 2:50:19, time: 0.516, data_time: 0.013, memory: 6155, loss_rpn_cls: 0.0150, loss_rpn_bbox: 0.0021, loss_cls: 0.0611, acc: 97.6484, loss_bbox: 0.0367, loss: 0.1148, grad_norm: 1.0327
2026-05-12 08:31:42,002 - mmdet - INFO - Epoch [176][50/186]	lr: 7.412e-03, eta: 2:49:35, time: 0.590, data_time: 0.084, memory: 6155, loss_rpn_cls: 0.0109, loss_rpn_bbox: 0.0017, loss_cls: 0.0603, acc: 97.7148, loss_bbox: 0.0367, loss: 0.1096, grad_norm: 1.0179
2026-05-12 08:32:07,946 - mmdet - INFO - Epoch [176][100/186]	lr: 7.412e-03, eta: 2:49:16, time: 0.517, data_time: 0.013, memory: 6155, loss_rpn_cls: 0.0217, loss_rpn_bbox: 0.0030, loss_cls: 0.0792, acc: 97.0234, loss_bbox: 0.0518, loss: 0.1557, grad_norm: 1.1437
2026-05-12 08:32:34,049 - mmdet - INFO - Epoch [176][150/186]	lr: 7.412e-03, eta: 2:48:57, time: 0.524, data_time: 0.015, memory: 6155, loss_rpn_cls: 0.0139, loss_rpn_bbox: 0.0021, loss_cls: 0.0685, acc: 97.4766, loss_bbox: 0.0412, loss: 0.1259, grad_norm: 1.1204
2026-05-12 08:33:22,501 - mmdet - INFO - Epoch [177][50/186]	lr: 7.311e-03, eta: 2:48:13, time: 0.591, data_time: 0.084, memory: 6155, loss_rpn_cls: 0.0130, loss_rpn_bbox: 0.0021, loss_cls: 0.0639, acc: 97.5957, loss_bbox: 0.0402, loss: 0.1191, grad_norm: 1.0049
2026-05-12 08:33:48,458 - mmdet - INFO - Epoch [177][100/186]	lr: 7.311e-03, eta: 2:47:54, time: 0.521, data_time: 0.015, memory: 6155, loss_rpn_cls: 0.0165, loss_rpn_bbox: 0.0027, loss_cls: 0.0740, acc: 97.2842, loss_bbox: 0.0464, loss: 0.1396, grad_norm: 1.0353
2026-05-12 08:34:14,453 - mmdet - INFO - Epoch [177][150/186]	lr: 7.311e-03, eta: 2:47:35, time: 0.518, data_time: 0.013, memory: 6155, loss_rpn_cls: 0.0163, loss_rpn_bbox: 0.0023, loss_cls: 0.0643, acc: 97.6162, loss_bbox: 0.0430, loss: 0.1259, grad_norm: 1.0245
2026-05-12 08:35:02,761 - mmdet - INFO - Epoch [178][50/186]	lr: 7.211e-03, eta: 2:46:52, time: 0.592, data_time: 0.083, memory: 6155, loss_rpn_cls: 0.0118, loss_rpn_bbox: 0.0018, loss_cls: 0.0616, acc: 97.6641, loss_bbox: 0.0394, loss: 0.1147, grad_norm: 0.9593
2026-05-12 08:35:28,581 - mmdet - INFO - Epoch [178][100/186]	lr: 7.211e-03, eta: 2:46:33, time: 0.514, data_time: 0.013, memory: 6155, loss_rpn_cls: 0.0170, loss_rpn_bbox: 0.0024, loss_cls: 0.0670, acc: 97.5312, loss_bbox: 0.0416, loss: 0.1280, grad_norm: 1.0365
2026-05-12 08:35:54,586 - mmdet - INFO - Epoch [178][150/186]	lr: 7.211e-03, eta: 2:46:13, time: 0.522, data_time: 0.015, memory: 6155, loss_rpn_cls: 0.0106, loss_rpn_bbox: 0.0024, loss_cls: 0.0642, acc: 97.4980, loss_bbox: 0.0374, loss: 0.1147, grad_norm: 1.0043
2026-05-12 08:36:42,998 - mmdet - INFO - Epoch [179][50/186]	lr: 7.110e-03, eta: 2:45:30, time: 0.590, data_time: 0.084, memory: 6155, loss_rpn_cls: 0.0164, loss_rpn_bbox: 0.0021, loss_cls: 0.0671, acc: 97.4277, loss_bbox: 0.0425, loss: 0.1281, grad_norm: 1.0964
2026-05-12 08:37:08,851 - mmdet - INFO - Epoch [179][100/186]	lr: 7.110e-03, eta: 2:45:11, time: 0.519, data_time: 0.015, memory: 6155, loss_rpn_cls: 0.0095, loss_rpn_bbox: 0.0017, loss_cls: 0.0614, acc: 97.7080, loss_bbox: 0.0350, loss: 0.1075, grad_norm: 1.0774
2026-05-12 08:37:34,725 - mmdet - INFO - Epoch [179][150/186]	lr: 7.110e-03, eta: 2:44:52, time: 0.516, data_time: 0.013, memory: 6155, loss_rpn_cls: 0.0126, loss_rpn_bbox: 0.0018, loss_cls: 0.0615, acc: 97.7344, loss_bbox: 0.0370, loss: 0.1129, grad_norm: 1.0608
2026-05-12 08:38:23,129 - mmdet - INFO - Epoch [180][50/186]	lr: 7.010e-03, eta: 2:44:08, time: 0.593, data_time: 0.084, memory: 6155, loss_rpn_cls: 0.0086, loss_rpn_bbox: 0.0015, loss_cls: 0.0566, acc: 97.8740, loss_bbox: 0.0351, loss: 0.1018, grad_norm: 0.8700
2026-05-12 08:38:49,049 - mmdet - INFO - Epoch [180][100/186]	lr: 7.010e-03, eta: 2:43:49, time: 0.516, data_time: 0.013, memory: 6155, loss_rpn_cls: 0.0145, loss_rpn_bbox: 0.0020, loss_cls: 0.0691, acc: 97.4375, loss_bbox: 0.0420, loss: 0.1276, grad_norm: 0.9943
2026-05-12 08:39:15,061 - mmdet - INFO - Epoch [180][150/186]	lr: 7.010e-03, eta: 2:43:30, time: 0.522, data_time: 0.015, memory: 6155, loss_rpn_cls: 0.0080, loss_rpn_bbox: 0.0017, loss_cls: 0.0598, acc: 97.7451, loss_bbox: 0.0367, loss: 0.1063, grad_norm: 0.9736
2026-05-12 08:39:33,893 - mmdet - INFO - Saving checkpoint at 180 epochs
[                                                  ] 0/371, elapsed: 0s, ETA:[                                 ] 1/371, 0.4 task/s, elapsed: 3s, ETA:   952s[                                 ] 2/371, 0.8 task/s, elapsed: 3s, ETA:   491s[                                 ] 3/371, 1.1 task/s, elapsed: 3s, ETA:   337s[                                 ] 4/371, 1.4 task/s, elapsed: 3s, ETA:   260s[                                 ] 5/371, 1.7 task/s, elapsed: 3s, ETA:   213s[                                 ] 6/371, 2.0 task/s, elapsed: 3s, ETA:   182s[                                 ] 7/371, 2.3 task/s, elapsed: 3s, ETA:   160s[                                 ] 8/371, 2.5 task/s, elapsed: 3s, ETA:   144s[                                 ] 9/371, 2.8 task/s, elapsed: 3s, ETA:   131s[                                ] 10/371, 3.0 task/s, elapsed: 3s, ETA:   120s[                                ] 11/371, 3.2 task/s, elapsed: 3s, ETA:   112s[>                               ] 12/371, 3.4 task/s, elapsed: 3s, ETA:   105s[>                               ] 13/371, 3.6 task/s, elapsed: 4s, ETA:    99s[>                               ] 14/371, 3.8 task/s, elapsed: 4s, ETA:    93s[>                               ] 15/371, 4.0 task/s, elapsed: 4s, ETA:    89s[>                               ] 16/371, 4.2 task/s, elapsed: 4s, ETA:    85s[>                               ] 17/371, 4.3 task/s, elapsed: 4s, ETA:    82s[>                               ] 18/371, 4.5 task/s, elapsed: 4s, ETA:    79s[>                               ] 19/371, 4.7 task/s, elapsed: 4s, ETA:    76s[>                               ] 20/371, 4.8 task/s, elapsed: 4s, ETA:    73s[>                               ] 21/371, 4.9 task/s, elapsed: 4s, ETA:    71s[>                               ] 22/371, 5.1 task/s, elapsed: 4s, ETA:    69s[>                               ] 23/371, 5.2 task/s, elapsed: 4s, ETA:    67s[>>                              ] 24/371, 5.3 task/s, elapsed: 5s, ETA:    65s[>>                              ] 25/371, 5.5 task/s, elapsed: 5s, ETA:    63s[>>                              ] 26/371, 5.6 task/s, elapsed: 5s, ETA:    62s[>>                              ] 27/371, 5.7 task/s, elapsed: 5s, ETA:    61s[>>                              ] 28/371, 5.8 task/s, elapsed: 5s, ETA:    59s[>>                              ] 29/371, 5.9 task/s, elapsed: 5s, ETA:    58s[>>                              ] 30/371, 6.0 task/s, elapsed: 5s, ETA:    57s[>>                              ] 31/371, 6.1 task/s, elapsed: 5s, ETA:    56s[>>                              ] 32/371, 6.2 task/s, elapsed: 5s, ETA:    55s[>>                              ] 33/371, 6.3 task/s, elapsed: 5s, ETA:    54s[>>                              ] 34/371, 6.4 task/s, elapsed: 5s, ETA:    53s[>>>                             ] 35/371, 6.5 task/s, elapsed: 5s, ETA:    52s[>>>                             ] 36/371, 6.5 task/s, elapsed: 6s, ETA:    51s[>>>                             ] 37/371, 6.6 task/s, elapsed: 6s, ETA:    50s[>>>                             ] 38/371, 6.7 task/s, elapsed: 6s, ETA:    50s[>>>                             ] 39/371, 6.8 task/s, elapsed: 6s, ETA:    49s[>>>                             ] 40/371, 6.8 task/s, elapsed: 6s, ETA:    48s[>>>                             ] 41/371, 6.9 task/s, elapsed: 6s, ETA:    48s[>>>                             ] 42/371, 7.0 task/s, elapsed: 6s, ETA:    47s[>>>                             ] 43/371, 7.0 task/s, elapsed: 6s, ETA:    47s[>>>                             ] 44/371, 7.1 task/s, elapsed: 6s, ETA:    46s[>>>                             ] 45/371, 7.2 task/s, elapsed: 6s, ETA:    45s[>>>                             ] 46/371, 7.2 task/s, elapsed: 6s, ETA:    45s[>>>>                            ] 47/371, 7.3 task/s, elapsed: 6s, ETA:    44s[>>>>                            ] 48/371, 7.4 task/s, elapsed: 7s, ETA:    44s[>>>>                            ] 49/371, 7.4 task/s, elapsed: 7s, ETA:    43s[>>>>                            ] 50/371, 7.5 task/s, elapsed: 7s, ETA:    43s[>>>>                            ] 51/371, 7.5 task/s, elapsed: 7s, ETA:    43s[>>>>                            ] 52/371, 7.6 task/s, elapsed: 7s, ETA:    42s[>>>>                            ] 53/371, 7.6 task/s, elapsed: 7s, ETA:    42s[>>>>                            ] 54/371, 7.7 task/s, elapsed: 7s, ETA:    41s[>>>>                            ] 55/371, 7.7 task/s, elapsed: 7s, ETA:    41s[>>>>                            ] 56/371, 7.8 task/s, elapsed: 7s, ETA:    40s[>>>>                            ] 57/371, 7.8 task/s, elapsed: 7s, ETA:    40s[>>>>>                           ] 58/371, 7.9 task/s, elapsed: 7s, ETA:    40s[>>>>>                           ] 59/371, 7.9 task/s, elapsed: 7s, ETA:    39s[>>>>>                           ] 60/371, 8.0 task/s, elapsed: 8s, ETA:    39s[>>>>>                           ] 61/371, 8.0 task/s, elapsed: 8s, ETA:    39s[>>>>>                           ] 62/371, 8.1 task/s, elapsed: 8s, ETA:    38s[>>>>>                           ] 63/371, 8.1 task/s, elapsed: 8s, ETA:    38s[>>>>>                           ] 64/371, 8.1 task/s, elapsed: 8s, ETA:    38s[>>>>>                           ] 65/371, 8.2 task/s, elapsed: 8s, ETA:    37s[>>>>>                           ] 66/371, 8.2 task/s, elapsed: 8s, ETA:    37s[>>>>>                           ] 67/371, 8.3 task/s, elapsed: 8s, ETA:    37s[>>>>>                           ] 68/371, 8.3 task/s, elapsed: 8s, ETA:    37s[>>>>>                           ] 69/371, 8.3 task/s, elapsed: 8s, ETA:    36s[>>>>>>                          ] 70/371, 8.4 task/s, elapsed: 8s, ETA:    36s[>>>>>>                          ] 71/371, 8.4 task/s, elapsed: 8s, ETA:    36s[>>>>>>                          ] 72/371, 8.4 task/s, elapsed: 9s, ETA:    35s[>>>>>>                          ] 73/371, 8.5 task/s, elapsed: 9s, ETA:    35s[>>>>>>                          ] 74/371, 8.5 task/s, elapsed: 9s, ETA:    35s[>>>>>>                          ] 75/371, 8.5 task/s, elapsed: 9s, ETA:    35s[>>>>>>                          ] 76/371, 8.6 task/s, elapsed: 9s, ETA:    34s[>>>>>>                          ] 77/371, 8.6 task/s, elapsed: 9s, ETA:    34s[>>>>>>                          ] 78/371, 8.6 task/s, elapsed: 9s, ETA:    34s[>>>>>>                          ] 79/371, 8.7 task/s, elapsed: 9s, ETA:    34s[>>>>>>                          ] 80/371, 8.7 task/s, elapsed: 9s, ETA:    34s[>>>>>>                          ] 81/371, 8.7 task/s, elapsed: 9s, ETA:    33s[>>>>>>>                         ] 82/371, 8.7 task/s, elapsed: 9s, ETA:    33s[>>>>>>>                         ] 83/371, 8.8 task/s, elapsed: 9s, ETA:    33s[>>>>>>>                        ] 84/371, 8.8 task/s, elapsed: 10s, ETA:    33s[>>>>>>>                        ] 85/371, 8.8 task/s, elapsed: 10s, ETA:    32s[>>>>>>>                        ] 86/371, 8.8 task/s, elapsed: 10s, ETA:    32s[>>>>>>>                        ] 87/371, 8.9 task/s, elapsed: 10s, ETA:    32s[>>>>>>>                        ] 88/371, 8.9 task/s, elapsed: 10s, ETA:    32s[>>>>>>>                        ] 89/371, 8.9 task/s, elapsed: 10s, ETA:    32s[>>>>>>>                        ] 90/371, 8.9 task/s, elapsed: 10s, ETA:    31s[>>>>>>>                        ] 91/371, 9.0 task/s, elapsed: 10s, ETA:    31s[>>>>>>>                        ] 92/371, 9.0 task/s, elapsed: 10s, ETA:    31s[>>>>>>>                        ] 93/371, 9.0 task/s, elapsed: 10s, ETA:    31s[>>>>>>>                        ] 94/371, 9.0 task/s, elapsed: 10s, ETA:    31s[>>>>>>>                        ] 95/371, 9.1 task/s, elapsed: 10s, ETA:    30s[>>>>>>>>                       ] 96/371, 9.1 task/s, elapsed: 11s, ETA:    30s[>>>>>>>>                       ] 97/371, 9.1 task/s, elapsed: 11s, ETA:    30s[>>>>>>>>                       ] 98/371, 9.1 task/s, elapsed: 11s, ETA:    30s[>>>>>>>>                       ] 99/371, 9.2 task/s, elapsed: 11s, ETA:    30s[>>>>>>>>                      ] 100/371, 9.2 task/s, elapsed: 11s, ETA:    30s[>>>>>>>>                      ] 101/371, 9.2 task/s, elapsed: 11s, ETA:    29s[>>>>>>>>                      ] 102/371, 9.2 task/s, elapsed: 11s, ETA:    29s[>>>>>>>>                      ] 103/371, 9.2 task/s, elapsed: 11s, ETA:    29s[>>>>>>>>                      ] 104/371, 9.3 task/s, elapsed: 11s, ETA:    29s[>>>>>>>>                      ] 105/371, 9.3 task/s, elapsed: 11s, ETA:    29s[>>>>>>>>                      ] 106/371, 9.3 task/s, elapsed: 11s, ETA:    29s[>>>>>>>>                      ] 107/371, 9.3 task/s, elapsed: 11s, ETA:    28s[>>>>>>>>                      ] 108/371, 9.3 task/s, elapsed: 12s, ETA:    28s[>>>>>>>>                      ] 109/371, 9.3 task/s, elapsed: 12s, ETA:    28s[>>>>>>>>                      ] 110/371, 9.4 task/s, elapsed: 12s, ETA:    28s[>>>>>>>>                      ] 111/371, 9.4 task/s, elapsed: 12s, ETA:    28s[>>>>>>>>>                     ] 112/371, 9.4 task/s, elapsed: 12s, ETA:    28s[>>>>>>>>>                     ] 113/371, 9.4 task/s, elapsed: 12s, ETA:    27s[>>>>>>>>>                     ] 114/371, 9.4 task/s, elapsed: 12s, ETA:    27s[>>>>>>>>>                     ] 115/371, 9.5 task/s, elapsed: 12s, ETA:    27s[>>>>>>>>>                     ] 116/371, 9.5 task/s, elapsed: 12s, ETA:    27s[>>>>>>>>>                     ] 117/371, 9.5 task/s, elapsed: 12s, ETA:    27s[>>>>>>>>>                     ] 118/371, 9.5 task/s, elapsed: 12s, ETA:    27s[>>>>>>>>>                     ] 119/371, 9.5 task/s, elapsed: 13s, ETA:    26s[>>>>>>>>>                     ] 120/371, 9.5 task/s, elapsed: 13s, ETA:    26s[>>>>>>>>>                     ] 121/371, 9.5 task/s, elapsed: 13s, ETA:    26s[>>>>>>>>>                     ] 122/371, 9.6 task/s, elapsed: 13s, ETA:    26s[>>>>>>>>>                     ] 123/371, 9.6 task/s, elapsed: 13s, ETA:    26s[>>>>>>>>>>                    ] 124/371, 9.6 task/s, elapsed: 13s, ETA:    26s[>>>>>>>>>>                    ] 125/371, 9.6 task/s, elapsed: 13s, ETA:    26s[>>>>>>>>>>                    ] 126/371, 9.6 task/s, elapsed: 13s, ETA:    25s[>>>>>>>>>>                    ] 127/371, 9.6 task/s, elapsed: 13s, ETA:    25s[>>>>>>>>>>                    ] 128/371, 9.7 task/s, elapsed: 13s, ETA:    25s[>>>>>>>>>>                    ] 129/371, 9.7 task/s, elapsed: 13s, ETA:    25s[>>>>>>>>>>                    ] 130/371, 9.7 task/s, elapsed: 13s, ETA:    25s[>>>>>>>>>>                    ] 131/371, 9.7 task/s, elapsed: 14s, ETA:    25s[>>>>>>>>>>                    ] 132/371, 9.7 task/s, elapsed: 14s, ETA:    25s[>>>>>>>>>>                    ] 133/371, 9.7 task/s, elapsed: 14s, ETA:    24s[>>>>>>>>>>                    ] 134/371, 9.7 task/s, elapsed: 14s, ETA:    24s[>>>>>>>>>>                    ] 135/371, 9.7 task/s, elapsed: 14s, ETA:    24s[>>>>>>>>>>                    ] 136/371, 9.8 task/s, elapsed: 14s, ETA:    24s[>>>>>>>>>>>                   ] 137/371, 9.8 task/s, elapsed: 14s, ETA:    24s[>>>>>>>>>>>                   ] 138/371, 9.8 task/s, elapsed: 14s, ETA:    24s[>>>>>>>>>>>                   ] 139/371, 9.8 task/s, elapsed: 14s, ETA:    24s[>>>>>>>>>>>                   ] 140/371, 9.8 task/s, elapsed: 14s, ETA:    24s[>>>>>>>>>>>                   ] 141/371, 9.8 task/s, elapsed: 14s, ETA:    23s[>>>>>>>>>>>                   ] 142/371, 9.8 task/s, elapsed: 14s, ETA:    23s[>>>>>>>>>>>                   ] 143/371, 9.8 task/s, elapsed: 15s, ETA:    23s[>>>>>>>>>>>                   ] 144/371, 9.9 task/s, elapsed: 15s, ETA:    23s[>>>>>>>>>>>                   ] 145/371, 9.9 task/s, elapsed: 15s, ETA:    23s[>>>>>>>>>>>                   ] 146/371, 9.9 task/s, elapsed: 15s, ETA:    23s[>>>>>>>>>>>                   ] 147/371, 9.9 task/s, elapsed: 15s, ETA:    23s[>>>>>>>>>>>                   ] 148/371, 9.9 task/s, elapsed: 15s, ETA:    23s[>>>>>>>>>>>>                  ] 149/371, 9.9 task/s, elapsed: 15s, ETA:    22s[>>>>>>>>>>>>                  ] 150/371, 9.9 task/s, elapsed: 15s, ETA:    22s[>>>>>>>>>>>>                  ] 151/371, 9.9 task/s, elapsed: 15s, ETA:    22s[>>>>>>>>>>>>                  ] 152/371, 9.9 task/s, elapsed: 15s, ETA:    22s[>>>>>>>>>>>                  ] 153/371, 10.0 task/s, elapsed: 15s, ETA:    22s[>>>>>>>>>>>>                 ] 154/371, 10.0 task/s, elapsed: 15s, ETA:    22s[>>>>>>>>>>>>                 ] 155/371, 10.0 task/s, elapsed: 16s, ETA:    22s[>>>>>>>>>>>>                 ] 156/371, 10.0 task/s, elapsed: 16s, ETA:    22s[>>>>>>>>>>>>                 ] 157/371, 10.0 task/s, elapsed: 16s, ETA:    21s[>>>>>>>>>>>>                 ] 158/371, 10.0 task/s, elapsed: 16s, ETA:    21s[>>>>>>>>>>>>                 ] 159/371, 10.0 task/s, elapsed: 16s, ETA:    21s[>>>>>>>>>>>>                 ] 160/371, 10.0 task/s, elapsed: 16s, ETA:    21s[>>>>>>>>>>>>                 ] 161/371, 10.0 task/s, elapsed: 16s, ETA:    21s[>>>>>>>>>>>>                 ] 162/371, 10.0 task/s, elapsed: 16s, ETA:    21s[>>>>>>>>>>>>                 ] 163/371, 10.1 task/s, elapsed: 16s, ETA:    21s[>>>>>>>>>>>>                 ] 164/371, 10.1 task/s, elapsed: 16s, ETA:    21s[>>>>>>>>>>>>                 ] 165/371, 10.1 task/s, elapsed: 16s, ETA:    20s[>>>>>>>>>>>>                 ] 166/371, 10.1 task/s, elapsed: 16s, ETA:    20s[>>>>>>>>>>>>>                ] 167/371, 10.1 task/s, elapsed: 17s, ETA:    20s[>>>>>>>>>>>>>                ] 168/371, 10.1 task/s, elapsed: 17s, ETA:    20s[>>>>>>>>>>>>>                ] 169/371, 10.1 task/s, elapsed: 17s, ETA:    20s[>>>>>>>>>>>>>                ] 170/371, 10.1 task/s, elapsed: 17s, ETA:    20s[>>>>>>>>>>>>>                ] 171/371, 10.1 task/s, elapsed: 17s, ETA:    20s[>>>>>>>>>>>>>                ] 172/371, 10.1 task/s, elapsed: 17s, ETA:    20s[>>>>>>>>>>>>>                ] 173/371, 10.1 task/s, elapsed: 17s, ETA:    20s[>>>>>>>>>>>>>                ] 174/371, 10.2 task/s, elapsed: 17s, ETA:    19s[>>>>>>>>>>>>>                ] 175/371, 10.2 task/s, elapsed: 17s, ETA:    19s[>>>>>>>>>>>>>                ] 176/371, 10.2 task/s, elapsed: 17s, ETA:    19s[>>>>>>>>>>>>>                ] 177/371, 10.2 task/s, elapsed: 17s, ETA:    19s[>>>>>>>>>>>>>                ] 178/371, 10.2 task/s, elapsed: 17s, ETA:    19s[>>>>>>>>>>>>>                ] 179/371, 10.2 task/s, elapsed: 18s, ETA:    19s[>>>>>>>>>>>>>>               ] 180/371, 10.2 task/s, elapsed: 18s, ETA:    19s[>>>>>>>>>>>>>>               ] 181/371, 10.2 task/s, elapsed: 18s, ETA:    19s[>>>>>>>>>>>>>>               ] 182/371, 10.2 task/s, elapsed: 18s, ETA:    18s[>>>>>>>>>>>>>>               ] 183/371, 10.2 task/s, elapsed: 18s, ETA:    18s[>>>>>>>>>>>>>>               ] 184/371, 10.2 task/s, elapsed: 18s, ETA:    18s[>>>>>>>>>>>>>>               ] 185/371, 10.2 task/s, elapsed: 18s, ETA:    18s[>>>>>>>>>>>>>>               ] 186/371, 10.2 task/s, elapsed: 18s, ETA:    18s[>>>>>>>>>>>>>>               ] 187/371, 10.3 task/s, elapsed: 18s, ETA:    18s[>>>>>>>>>>>>>>               ] 188/371, 10.3 task/s, elapsed: 18s, ETA:    18s[>>>>>>>>>>>>>>               ] 189/371, 10.3 task/s, elapsed: 18s, ETA:    18s[>>>>>>>>>>>>>>               ] 190/371, 10.3 task/s, elapsed: 19s, ETA:    18s[>>>>>>>>>>>>>>               ] 191/371, 10.3 task/s, elapsed: 19s, ETA:    18s[>>>>>>>>>>>>>>>              ] 192/371, 10.3 task/s, elapsed: 19s, ETA:    17s[>>>>>>>>>>>>>>>              ] 193/371, 10.3 task/s, elapsed: 19s, ETA:    17s[>>>>>>>>>>>>>>>              ] 194/371, 10.3 task/s, elapsed: 19s, ETA:    17s[>>>>>>>>>>>>>>>              ] 195/371, 10.3 task/s, elapsed: 19s, ETA:    17s[>>>>>>>>>>>>>>>              ] 196/371, 10.3 task/s, elapsed: 19s, ETA:    17s[>>>>>>>>>>>>>>>              ] 197/371, 10.3 task/s, elapsed: 19s, ETA:    17s[>>>>>>>>>>>>>>>              ] 198/371, 10.3 task/s, elapsed: 19s, ETA:    17s[>>>>>>>>>>>>>>>              ] 199/371, 10.3 task/s, elapsed: 19s, ETA:    17s[>>>>>>>>>>>>>>>              ] 200/371, 10.3 task/s, elapsed: 19s, ETA:    17s[>>>>>>>>>>>>>>>              ] 201/371, 10.3 task/s, elapsed: 19s, ETA:    16s[>>>>>>>>>>>>>>>              ] 202/371, 10.4 task/s, elapsed: 20s, ETA:    16s[>>>>>>>>>>>>>>>              ] 203/371, 10.4 task/s, elapsed: 20s, ETA:    16s[>>>>>>>>>>>>>>>              ] 204/371, 10.4 task/s, elapsed: 20s, ETA:    16s[>>>>>>>>>>>>>>>>             ] 205/371, 10.4 task/s, elapsed: 20s, ETA:    16s[>>>>>>>>>>>>>>>>             ] 206/371, 10.4 task/s, elapsed: 20s, ETA:    16s[>>>>>>>>>>>>>>>>             ] 207/371, 10.4 task/s, elapsed: 20s, ETA:    16s[>>>>>>>>>>>>>>>>             ] 208/371, 10.4 task/s, elapsed: 20s, ETA:    16s[>>>>>>>>>>>>>>>>             ] 209/371, 10.4 task/s, elapsed: 20s, ETA:    16s[>>>>>>>>>>>>>>>>             ] 210/371, 10.4 task/s, elapsed: 20s, ETA:    15s[>>>>>>>>>>>>>>>>             ] 211/371, 10.4 task/s, elapsed: 20s, ETA:    15s[>>>>>>>>>>>>>>>>             ] 212/371, 10.4 task/s, elapsed: 20s, ETA:    15s[>>>>>>>>>>>>>>>>             ] 213/371, 10.4 task/s, elapsed: 20s, ETA:    15s[>>>>>>>>>>>>>>>>             ] 214/371, 10.4 task/s, elapsed: 21s, ETA:    15s[>>>>>>>>>>>>>>>>             ] 215/371, 10.4 task/s, elapsed: 21s, ETA:    15s[>>>>>>>>>>>>>>>>             ] 216/371, 10.4 task/s, elapsed: 21s, ETA:    15s[>>>>>>>>>>>>>>>>             ] 217/371, 10.4 task/s, elapsed: 21s, ETA:    15s[>>>>>>>>>>>>>>>>>            ] 218/371, 10.5 task/s, elapsed: 21s, ETA:    15s[>>>>>>>>>>>>>>>>>            ] 219/371, 10.5 task/s, elapsed: 21s, ETA:    15s[>>>>>>>>>>>>>>>>>            ] 220/371, 10.5 task/s, elapsed: 21s, ETA:    14s[>>>>>>>>>>>>>>>>>            ] 221/371, 10.5 task/s, elapsed: 21s, ETA:    14s[>>>>>>>>>>>>>>>>>            ] 222/371, 10.5 task/s, elapsed: 21s, ETA:    14s[>>>>>>>>>>>>>>>>>            ] 223/371, 10.5 task/s, elapsed: 21s, ETA:    14s[>>>>>>>>>>>>>>>>>            ] 224/371, 10.5 task/s, elapsed: 21s, ETA:    14s[>>>>>>>>>>>>>>>>>            ] 225/371, 10.5 task/s, elapsed: 21s, ETA:    14s[>>>>>>>>>>>>>>>>>            ] 226/371, 10.5 task/s, elapsed: 22s, ETA:    14s[>>>>>>>>>>>>>>>>>            ] 227/371, 10.5 task/s, elapsed: 22s, ETA:    14s[>>>>>>>>>>>>>>>>>            ] 228/371, 10.5 task/s, elapsed: 22s, ETA:    14s[>>>>>>>>>>>>>>>>>            ] 229/371, 10.5 task/s, elapsed: 22s, ETA:    14s[>>>>>>>>>>>>>>>>>            ] 230/371, 10.5 task/s, elapsed: 22s, ETA:    13s[>>>>>>>>>>>>>>>>>>           ] 231/371, 10.5 task/s, elapsed: 22s, ETA:    13s[>>>>>>>>>>>>>>>>>>           ] 232/371, 10.5 task/s, elapsed: 22s, ETA:    13s[>>>>>>>>>>>>>>>>>>           ] 233/371, 10.5 task/s, elapsed: 22s, ETA:    13s[>>>>>>>>>>>>>>>>>>           ] 234/371, 10.5 task/s, elapsed: 22s, ETA:    13s[>>>>>>>>>>>>>>>>>>           ] 235/371, 10.5 task/s, elapsed: 22s, ETA:    13s[>>>>>>>>>>>>>>>>>>           ] 236/371, 10.5 task/s, elapsed: 22s, ETA:    13s[>>>>>>>>>>>>>>>>>>           ] 237/371, 10.6 task/s, elapsed: 22s, ETA:    13s[>>>>>>>>>>>>>>>>>>           ] 238/371, 10.6 task/s, elapsed: 23s, ETA:    13s[>>>>>>>>>>>>>>>>>>           ] 239/371, 10.6 task/s, elapsed: 23s, ETA:    12s[>>>>>>>>>>>>>>>>>>           ] 240/371, 10.6 task/s, elapsed: 23s, ETA:    12s[>>>>>>>>>>>>>>>>>>           ] 241/371, 10.6 task/s, elapsed: 23s, ETA:    12s[>>>>>>>>>>>>>>>>>>           ] 242/371, 10.6 task/s, elapsed: 23s, ETA:    12s[>>>>>>>>>>>>>>>>>>           ] 243/371, 10.6 task/s, elapsed: 23s, ETA:    12s[>>>>>>>>>>>>>>>>>>>          ] 244/371, 10.6 task/s, elapsed: 23s, ETA:    12s[>>>>>>>>>>>>>>>>>>>          ] 245/371, 10.6 task/s, elapsed: 23s, ETA:    12s[>>>>>>>>>>>>>>>>>>>          ] 246/371, 10.6 task/s, elapsed: 23s, ETA:    12s[>>>>>>>>>>>>>>>>>>>          ] 247/371, 10.6 task/s, elapsed: 23s, ETA:    12s[>>>>>>>>>>>>>>>>>>>          ] 248/371, 10.6 task/s, elapsed: 23s, ETA:    12s[>>>>>>>>>>>>>>>>>>>          ] 249/371, 10.6 task/s, elapsed: 23s, ETA:    11s[>>>>>>>>>>>>>>>>>>>          ] 250/371, 10.6 task/s, elapsed: 24s, ETA:    11s[>>>>>>>>>>>>>>>>>>>          ] 251/371, 10.6 task/s, elapsed: 24s, ETA:    11s[>>>>>>>>>>>>>>>>>>>          ] 252/371, 10.6 task/s, elapsed: 24s, ETA:    11s[>>>>>>>>>>>>>>>>>>>          ] 253/371, 10.6 task/s, elapsed: 24s, ETA:    11s[>>>>>>>>>>>>>>>>>>>          ] 254/371, 10.6 task/s, elapsed: 24s, ETA:    11s[>>>>>>>>>>>>>>>>>>>          ] 255/371, 10.6 task/s, elapsed: 24s, ETA:    11s[>>>>>>>>>>>>>>>>>>>>         ] 256/371, 10.6 task/s, elapsed: 24s, ETA:    11s[>>>>>>>>>>>>>>>>>>>>         ] 257/371, 10.7 task/s, elapsed: 24s, ETA:    11s[>>>>>>>>>>>>>>>>>>>>         ] 258/371, 10.7 task/s, elapsed: 24s, ETA:    11s[>>>>>>>>>>>>>>>>>>>>         ] 259/371, 10.7 task/s, elapsed: 24s, ETA:    11s[>>>>>>>>>>>>>>>>>>>>         ] 260/371, 10.7 task/s, elapsed: 24s, ETA:    10s[>>>>>>>>>>>>>>>>>>>>         ] 261/371, 10.7 task/s, elapsed: 24s, ETA:    10s[>>>>>>>>>>>>>>>>>>>>         ] 262/371, 10.7 task/s, elapsed: 25s, ETA:    10s[>>>>>>>>>>>>>>>>>>>>         ] 263/371, 10.7 task/s, elapsed: 25s, ETA:    10s[>>>>>>>>>>>>>>>>>>>>         ] 264/371, 10.7 task/s, elapsed: 25s, ETA:    10s[>>>>>>>>>>>>>>>>>>>>         ] 265/371, 10.7 task/s, elapsed: 25s, ETA:    10s[>>>>>>>>>>>>>>>>>>>>         ] 266/371, 10.7 task/s, elapsed: 25s, ETA:    10s[>>>>>>>>>>>>>>>>>>>>         ] 267/371, 10.7 task/s, elapsed: 25s, ETA:    10s[>>>>>>>>>>>>>>>>>>>>         ] 268/371, 10.7 task/s, elapsed: 25s, ETA:    10s[>>>>>>>>>>>>>>>>>>>>>        ] 269/371, 10.7 task/s, elapsed: 25s, ETA:    10s[>>>>>>>>>>>>>>>>>>>>>        ] 270/371, 10.7 task/s, elapsed: 25s, ETA:     9s[>>>>>>>>>>>>>>>>>>>>>        ] 271/371, 10.7 task/s, elapsed: 25s, ETA:     9s[>>>>>>>>>>>>>>>>>>>>>        ] 272/371, 10.7 task/s, elapsed: 25s, ETA:     9s[>>>>>>>>>>>>>>>>>>>>>        ] 273/371, 10.7 task/s, elapsed: 25s, ETA:     9s[>>>>>>>>>>>>>>>>>>>>>        ] 274/371, 10.7 task/s, elapsed: 26s, ETA:     9s[>>>>>>>>>>>>>>>>>>>>>        ] 275/371, 10.7 task/s, elapsed: 26s, ETA:     9s[>>>>>>>>>>>>>>>>>>>>>        ] 276/371, 10.7 task/s, elapsed: 26s, ETA:     9s[>>>>>>>>>>>>>>>>>>>>>        ] 277/371, 10.7 task/s, elapsed: 26s, ETA:     9s[>>>>>>>>>>>>>>>>>>>>>        ] 278/371, 10.7 task/s, elapsed: 26s, ETA:     9s[>>>>>>>>>>>>>>>>>>>>>        ] 279/371, 10.7 task/s, elapsed: 26s, ETA:     9s[>>>>>>>>>>>>>>>>>>>>>        ] 280/371, 10.7 task/s, elapsed: 26s, ETA:     8s[>>>>>>>>>>>>>>>>>>>>>        ] 281/371, 10.7 task/s, elapsed: 26s, ETA:     8s[>>>>>>>>>>>>>>>>>>>>>>       ] 282/371, 10.7 task/s, elapsed: 26s, ETA:     8s[>>>>>>>>>>>>>>>>>>>>>>       ] 283/371, 10.7 task/s, elapsed: 26s, ETA:     8s[>>>>>>>>>>>>>>>>>>>>>>       ] 284/371, 10.8 task/s, elapsed: 26s, ETA:     8s[>>>>>>>>>>>>>>>>>>>>>>       ] 285/371, 10.8 task/s, elapsed: 27s, ETA:     8s[>>>>>>>>>>>>>>>>>>>>>>       ] 286/371, 10.8 task/s, elapsed: 27s, ETA:     8s[>>>>>>>>>>>>>>>>>>>>>>       ] 287/371, 10.8 task/s, elapsed: 27s, ETA:     8s[>>>>>>>>>>>>>>>>>>>>>>       ] 288/371, 10.8 task/s, elapsed: 27s, ETA:     8s[>>>>>>>>>>>>>>>>>>>>>>       ] 289/371, 10.8 task/s, elapsed: 27s, ETA:     8s[>>>>>>>>>>>>>>>>>>>>>>       ] 290/371, 10.8 task/s, elapsed: 27s, ETA:     8s[>>>>>>>>>>>>>>>>>>>>>>       ] 291/371, 10.8 task/s, elapsed: 27s, ETA:     7s[>>>>>>>>>>>>>>>>>>>>>>       ] 292/371, 10.8 task/s, elapsed: 27s, ETA:     7s[>>>>>>>>>>>>>>>>>>>>>>       ] 293/371, 10.8 task/s, elapsed: 27s, ETA:     7s[>>>>>>>>>>>>>>>>>>>>>>       ] 294/371, 10.8 task/s, elapsed: 27s, ETA:     7s[>>>>>>>>>>>>>>>>>>>>>>>      ] 295/371, 10.8 task/s, elapsed: 27s, ETA:     7s[>>>>>>>>>>>>>>>>>>>>>>>      ] 296/371, 10.8 task/s, elapsed: 27s, ETA:     7s[>>>>>>>>>>>>>>>>>>>>>>>      ] 297/371, 10.8 task/s, elapsed: 28s, ETA:     7s[>>>>>>>>>>>>>>>>>>>>>>>      ] 298/371, 10.8 task/s, elapsed: 28s, ETA:     7s[>>>>>>>>>>>>>>>>>>>>>>>      ] 299/371, 10.8 task/s, elapsed: 28s, ETA:     7s[>>>>>>>>>>>>>>>>>>>>>>>      ] 300/371, 10.8 task/s, elapsed: 28s, ETA:     7s[>>>>>>>>>>>>>>>>>>>>>>>      ] 301/371, 10.8 task/s, elapsed: 28s, ETA:     6s[>>>>>>>>>>>>>>>>>>>>>>>      ] 302/371, 10.8 task/s, elapsed: 28s, ETA:     6s[>>>>>>>>>>>>>>>>>>>>>>>      ] 303/371, 10.8 task/s, elapsed: 28s, ETA:     6s[>>>>>>>>>>>>>>>>>>>>>>>      ] 304/371, 10.8 task/s, elapsed: 28s, ETA:     6s[>>>>>>>>>>>>>>>>>>>>>>>      ] 305/371, 10.8 task/s, elapsed: 28s, ETA:     6s[>>>>>>>>>>>>>>>>>>>>>>>      ] 306/371, 10.8 task/s, elapsed: 28s, ETA:     6s[>>>>>>>>>>>>>>>>>>>>>>>      ] 307/371, 10.8 task/s, elapsed: 28s, ETA:     6s[>>>>>>>>>>>>>>>>>>>>>>>>     ] 308/371, 10.8 task/s, elapsed: 28s, ETA:     6s[>>>>>>>>>>>>>>>>>>>>>>>>     ] 309/371, 10.8 task/s, elapsed: 29s, ETA:     6s[>>>>>>>>>>>>>>>>>>>>>>>>     ] 310/371, 10.8 task/s, elapsed: 29s, ETA:     6s[>>>>>>>>>>>>>>>>>>>>>>>>     ] 311/371, 10.8 task/s, elapsed: 29s, ETA:     6s[>>>>>>>>>>>>>>>>>>>>>>>>     ] 312/371, 10.8 task/s, elapsed: 29s, ETA:     5s[>>>>>>>>>>>>>>>>>>>>>>>>     ] 313/371, 10.8 task/s, elapsed: 29s, ETA:     5s[>>>>>>>>>>>>>>>>>>>>>>>>     ] 314/371, 10.9 task/s, elapsed: 29s, ETA:     5s[>>>>>>>>>>>>>>>>>>>>>>>>     ] 315/371, 10.9 task/s, elapsed: 29s, ETA:     5s[>>>>>>>>>>>>>>>>>>>>>>>>     ] 316/371, 10.9 task/s, elapsed: 29s, ETA:     5s[>>>>>>>>>>>>>>>>>>>>>>>>     ] 317/371, 10.9 task/s, elapsed: 29s, ETA:     5s[>>>>>>>>>>>>>>>>>>>>>>>>     ] 318/371, 10.9 task/s, elapsed: 29s, ETA:     5s[>>>>>>>>>>>>>>>>>>>>>>>>     ] 319/371, 10.9 task/s, elapsed: 29s, ETA:     5s[>>>>>>>>>>>>>>>>>>>>>>>>>    ] 320/371, 10.9 task/s, elapsed: 29s, ETA:     5s[>>>>>>>>>>>>>>>>>>>>>>>>>    ] 321/371, 10.9 task/s, elapsed: 30s, ETA:     5s[>>>>>>>>>>>>>>>>>>>>>>>>>    ] 322/371, 10.9 task/s, elapsed: 30s, ETA:     5s[>>>>>>>>>>>>>>>>>>>>>>>>>    ] 323/371, 10.9 task/s, elapsed: 30s, ETA:     4s[>>>>>>>>>>>>>>>>>>>>>>>>>    ] 324/371, 10.9 task/s, elapsed: 30s, ETA:     4s[>>>>>>>>>>>>>>>>>>>>>>>>>    ] 325/371, 10.9 task/s, elapsed: 30s, ETA:     4s[>>>>>>>>>>>>>>>>>>>>>>>>>    ] 326/371, 10.9 task/s, elapsed: 30s, ETA:     4s[>>>>>>>>>>>>>>>>>>>>>>>>>    ] 327/371, 10.9 task/s, elapsed: 30s, ETA:     4s[>>>>>>>>>>>>>>>>>>>>>>>>>    ] 328/371, 10.9 task/s, elapsed: 30s, ETA:     4s[>>>>>>>>>>>>>>>>>>>>>>>>>    ] 329/371, 10.9 task/s, elapsed: 30s, ETA:     4s[>>>>>>>>>>>>>>>>>>>>>>>>>    ] 330/371, 10.9 task/s, elapsed: 30s, ETA:     4s[>>>>>>>>>>>>>>>>>>>>>>>>>    ] 331/371, 10.9 task/s, elapsed: 30s, ETA:     4s[>>>>>>>>>>>>>>>>>>>>>>>>>    ] 332/371, 10.9 task/s, elapsed: 30s, ETA:     4s[>>>>>>>>>>>>>>>>>>>>>>>>>>   ] 333/371, 10.9 task/s, elapsed: 31s, ETA:     3s[>>>>>>>>>>>>>>>>>>>>>>>>>>   ] 334/371, 10.9 task/s, elapsed: 31s, ETA:     3s[>>>>>>>>>>>>>>>>>>>>>>>>>>   ] 335/371, 10.9 task/s, elapsed: 31s, ETA:     3s[>>>>>>>>>>>>>>>>>>>>>>>>>>   ] 336/371, 10.9 task/s, elapsed: 31s, ETA:     3s[>>>>>>>>>>>>>>>>>>>>>>>>>>   ] 337/371, 10.9 task/s, elapsed: 31s, ETA:     3s[>>>>>>>>>>>>>>>>>>>>>>>>>>   ] 338/371, 10.9 task/s, elapsed: 31s, ETA:     3s[>>>>>>>>>>>>>>>>>>>>>>>>>>   ] 339/371, 10.9 task/s, elapsed: 31s, ETA:     3s[>>>>>>>>>>>>>>>>>>>>>>>>>>   ] 340/371, 10.9 task/s, elapsed: 31s, ETA:     3s[>>>>>>>>>>>>>>>>>>>>>>>>>>   ] 341/371, 10.9 task/s, elapsed: 31s, ETA:     3s[>>>>>>>>>>>>>>>>>>>>>>>>>>   ] 342/371, 10.9 task/s, elapsed: 31s, ETA:     3s[>>>>>>>>>>>>>>>>>>>>>>>>>>   ] 343/371, 10.9 task/s, elapsed: 31s, ETA:     3s[>>>>>>>>>>>>>>>>>>>>>>>>>>   ] 344/371, 10.9 task/s, elapsed: 31s, ETA:     2s[>>>>>>>>>>>>>>>>>>>>>>>>>>   ] 345/371, 10.9 task/s, elapsed: 32s, ETA:     2s[>>>>>>>>>>>>>>>>>>>>>>>>>>>  ] 346/371, 10.9 task/s, elapsed: 32s, ETA:     2s[>>>>>>>>>>>>>>>>>>>>>>>>>>>  ] 347/371, 10.9 task/s, elapsed: 32s, ETA:     2s[>>>>>>>>>>>>>>>>>>>>>>>>>>>  ] 348/371, 10.9 task/s, elapsed: 32s, ETA:     2s[>>>>>>>>>>>>>>>>>>>>>>>>>>>  ] 349/371, 10.9 task/s, elapsed: 32s, ETA:     2s[>>>>>>>>>>>>>>>>>>>>>>>>>>>  ] 350/371, 10.9 task/s, elapsed: 32s, ETA:     2s[>>>>>>>>>>>>>>>>>>>>>>>>>>>  ] 351/371, 10.9 task/s, elapsed: 32s, ETA:     2s[>>>>>>>>>>>>>>>>>>>>>>>>>>>  ] 352/371, 11.0 task/s, elapsed: 32s, ETA:     2s[>>>>>>>>>>>>>>>>>>>>>>>>>>>  ] 353/371, 11.0 task/s, elapsed: 32s, ETA:     2s[>>>>>>>>>>>>>>>>>>>>>>>>>>>  ] 354/371, 11.0 task/s, elapsed: 32s, ETA:     2s[>>>>>>>>>>>>>>>>>>>>>>>>>>>  ] 355/371, 11.0 task/s, elapsed: 32s, ETA:     1s[>>>>>>>>>>>>>>>>>>>>>>>>>>>  ] 356/371, 11.0 task/s, elapsed: 32s, ETA:     1s[>>>>>>>>>>>>>>>>>>>>>>>>>>>  ] 357/371, 11.0 task/s, elapsed: 33s, ETA:     1s[>>>>>>>>>>>>>>>>>>>>>>>>>>>  ] 358/371, 11.0 task/s, elapsed: 33s, ETA:     1s[>>>>>>>>>>>>>>>>>>>>>>>>>>>> ] 359/371, 11.0 task/s, elapsed: 33s, ETA:     1s[>>>>>>>>>>>>>>>>>>>>>>>>>>>> ] 360/371, 11.0 task/s, elapsed: 33s, ETA:     1s[>>>>>>>>>>>>>>>>>>>>>>>>>>>> ] 361/371, 11.0 task/s, elapsed: 33s, ETA:     1s[>>>>>>>>>>>>>>>>>>>>>>>>>>>> ] 362/371, 11.0 task/s, elapsed: 33s, ETA:     1s[>>>>>>>>>>>>>>>>>>>>>>>>>>>> ] 363/371, 11.0 task/s, elapsed: 33s, ETA:     1s[>>>>>>>>>>>>>>>>>>>>>>>>>>>> ] 364/371, 11.0 task/s, elapsed: 33s, ETA:     1s[>>>>>>>>>>>>>>>>>>>>>>>>>>>> ] 365/371, 11.0 task/s, elapsed: 33s, ETA:     1s[>>>>>>>>>>>>>>>>>>>>>>>>>>>> ] 366/371, 11.0 task/s, elapsed: 33s, ETA:     0s[>>>>>>>>>>>>>>>>>>>>>>>>>>>> ] 367/371, 11.0 task/s, elapsed: 33s, ETA:     0s[>>>>>>>>>>>>>>>>>>>>>>>>>>>> ] 368/371, 11.0 task/s, elapsed: 33s, ETA:     0s[>>>>>>>>>>>>>>>>>>>>>>>>>>>> ] 369/371, 11.0 task/s, elapsed: 34s, ETA:     0s[>>>>>>>>>>>>>>>>>>>>>>>>>>>> ] 370/371, 11.0 task/s, elapsed: 34s, ETA:     0s[>>>>>>>>>>>>>>>>>>>>>>>>>>>>>] 371/371, 11.0 task/s, elapsed: 34s, ETA:     0s

2026-05-12 08:40:09,547 - mmdet - INFO - Evaluating bbox...
Loading and preparing results...
DONE (t=0.01s)
creating index...
index created!
Running per image evaluation...
Evaluate annotation type *bbox*
DONE (t=2.36s).
Accumulating evaluation results...
DONE (t=0.16s).
2026-05-12 08:40:12,189 - mmdet - INFO - 
 Average Precision  (AP) @[ IoU=0.50:0.95 | area=   all | maxDets=100 ] = 0.265
 Average Precision  (AP) @[ IoU=0.50      | area=   all | maxDets=1000 ] = 0.668
 Average Precision  (AP) @[ IoU=0.75      | area=   all | maxDets=1000 ] = 0.143
 Average Precision  (AP) @[ IoU=0.50:0.95 | area= small | maxDets=1000 ] = 0.001
 Average Precision  (AP) @[ IoU=0.50:0.95 | area=medium | maxDets=1000 ] = 0.220
 Average Precision  (AP) @[ IoU=0.50:0.95 | area= large | maxDets=1000 ] = 0.333
 Average Recall     (AR) @[ IoU=0.50:0.95 | area=   all | maxDets=100 ] = 0.400
 Average Recall     (AR) @[ IoU=0.50:0.95 | area=   all | maxDets=300 ] = 0.400
 Average Recall     (AR) @[ IoU=0.50:0.95 | area=   all | maxDets=1000 ] = 0.400
 Average Recall     (AR) @[ IoU=0.50:0.95 | area= small | maxDets=1000 ] = 0.010
 Average Recall     (AR) @[ IoU=0.50:0.95 | area=medium | maxDets=1000 ] = 0.357
 Average Recall     (AR) @[ IoU=0.50:0.95 | area= large | maxDets=1000 ] = 0.466

2026-05-12 08:40:12,195 - mmdet - INFO - Exp name: fold_1_r50_300e_hbb.py
2026-05-12 08:40:12,195 - mmdet - INFO - Epoch(val) [180][371]	bbox_mAP: 0.2650, bbox_mAP_50: 0.6680, bbox_mAP_75: 0.1430, bbox_mAP_s: 0.0010, bbox_mAP_m: 0.2200, bbox_mAP_l: 0.3330, bbox_mAP_copypaste: 0.265 0.668 0.143 0.001 0.220 0.333
2026-05-12 08:40:41,689 - mmdet - INFO - Epoch [181][50/186]	lr: 6.910e-03, eta: 2:42:47, time: 0.588, data_time: 0.083, memory: 6155, loss_rpn_cls: 0.0106, loss_rpn_bbox: 0.0018, loss_cls: 0.0588, acc: 97.7012, loss_bbox: 0.0369, loss: 0.1080, grad_norm: 0.9546
2026-05-12 08:41:07,475 - mmdet - INFO - Epoch [181][100/186]	lr: 6.910e-03, eta: 2:42:27, time: 0.518, data_time: 0.015, memory: 6155, loss_rpn_cls: 0.0155, loss_rpn_bbox: 0.0023, loss_cls: 0.0671, acc: 97.4544, loss_bbox: 0.0418, loss: 0.1266, grad_norm: 1.0176
2026-05-12 08:41:33,345 - mmdet - INFO - Epoch [181][150/186]	lr: 6.910e-03, eta: 2:42:08, time: 0.515, data_time: 0.013, memory: 6155, loss_rpn_cls: 0.0150, loss_rpn_bbox: 0.0023, loss_cls: 0.0674, acc: 97.4189, loss_bbox: 0.0424, loss: 0.1271, grad_norm: 1.0403
2026-05-12 08:42:21,615 - mmdet - INFO - Epoch [182][50/186]	lr: 6.811e-03, eta: 2:41:25, time: 0.592, data_time: 0.084, memory: 6155, loss_rpn_cls: 0.0130, loss_rpn_bbox: 0.0020, loss_cls: 0.0727, acc: 97.2959, loss_bbox: 0.0437, loss: 0.1313, grad_norm: 1.1614
2026-05-12 08:42:47,481 - mmdet - INFO - Epoch [182][100/186]	lr: 6.811e-03, eta: 2:41:05, time: 0.515, data_time: 0.013, memory: 6155, loss_rpn_cls: 0.0095, loss_rpn_bbox: 0.0018, loss_cls: 0.0670, acc: 97.4414, loss_bbox: 0.0411, loss: 0.1195, grad_norm: 1.1010
2026-05-12 08:43:13,379 - mmdet - INFO - Epoch [182][150/186]	lr: 6.811e-03, eta: 2:40:46, time: 0.520, data_time: 0.015, memory: 6155, loss_rpn_cls: 0.0091, loss_rpn_bbox: 0.0020, loss_cls: 0.0660, acc: 97.5674, loss_bbox: 0.0427, loss: 0.1198, grad_norm: 1.0621
2026-05-12 08:44:01,785 - mmdet - INFO - Epoch [183][50/186]	lr: 6.712e-03, eta: 2:40:03, time: 0.591, data_time: 0.084, memory: 6155, loss_rpn_cls: 0.0122, loss_rpn_bbox: 0.0018, loss_cls: 0.0648, acc: 97.5830, loss_bbox: 0.0403, loss: 0.1191, grad_norm: 0.9984
2026-05-12 08:44:27,667 - mmdet - INFO - Epoch [183][100/186]	lr: 6.712e-03, eta: 2:39:44, time: 0.520, data_time: 0.015, memory: 6155, loss_rpn_cls: 0.0224, loss_rpn_bbox: 0.0025, loss_cls: 0.0624, acc: 97.7158, loss_bbox: 0.0349, loss: 0.1221, grad_norm: 1.0949
2026-05-12 08:44:53,615 - mmdet - INFO - Epoch [183][150/186]	lr: 6.712e-03, eta: 2:39:24, time: 0.517, data_time: 0.013, memory: 6155, loss_rpn_cls: 0.0175, loss_rpn_bbox: 0.0023, loss_cls: 0.0707, acc: 97.3389, loss_bbox: 0.0461, loss: 0.1365, grad_norm: 1.0975
2026-05-12 08:45:41,899 - mmdet - INFO - Epoch [184][50/186]	lr: 6.613e-03, eta: 2:38:41, time: 0.591, data_time: 0.083, memory: 6155, loss_rpn_cls: 0.0120, loss_rpn_bbox: 0.0022, loss_cls: 0.0656, acc: 97.5625, loss_bbox: 0.0410, loss: 0.1207, grad_norm: 1.0735
2026-05-12 08:46:07,784 - mmdet - INFO - Epoch [184][100/186]	lr: 6.613e-03, eta: 2:38:22, time: 0.516, data_time: 0.013, memory: 6155, loss_rpn_cls: 0.0099, loss_rpn_bbox: 0.0018, loss_cls: 0.0578, acc: 97.7705, loss_bbox: 0.0354, loss: 0.1049, grad_norm: 1.0125
2026-05-12 08:46:33,796 - mmdet - INFO - Epoch [184][150/186]	lr: 6.613e-03, eta: 2:38:03, time: 0.522, data_time: 0.015, memory: 6155, loss_rpn_cls: 0.0156, loss_rpn_bbox: 0.0022, loss_cls: 0.0704, acc: 97.3486, loss_bbox: 0.0453, loss: 0.1335, grad_norm: 1.0548
2026-05-12 08:47:22,198 - mmdet - INFO - Epoch [185][50/186]	lr: 6.515e-03, eta: 2:37:20, time: 0.590, data_time: 0.084, memory: 6155, loss_rpn_cls: 0.0105, loss_rpn_bbox: 0.0016, loss_cls: 0.0543, acc: 97.9336, loss_bbox: 0.0339, loss: 0.1003, grad_norm: 0.8810
2026-05-12 08:47:48,055 - mmdet - INFO - Epoch [185][100/186]	lr: 6.515e-03, eta: 2:37:00, time: 0.519, data_time: 0.015, memory: 6155, loss_rpn_cls: 0.0184, loss_rpn_bbox: 0.0023, loss_cls: 0.0691, acc: 97.3867, loss_bbox: 0.0439, loss: 0.1336, grad_norm: 1.0200
2026-05-12 08:48:14,035 - mmdet - INFO - Epoch [185][150/186]	lr: 6.515e-03, eta: 2:36:41, time: 0.518, data_time: 0.013, memory: 6155, loss_rpn_cls: 0.0158, loss_rpn_bbox: 0.0024, loss_cls: 0.0668, acc: 97.5505, loss_bbox: 0.0429, loss: 0.1278, grad_norm: 1.0560
2026-05-12 08:49:02,478 - mmdet - INFO - Epoch [186][50/186]	lr: 6.417e-03, eta: 2:35:58, time: 0.594, data_time: 0.084, memory: 6155, loss_rpn_cls: 0.0187, loss_rpn_bbox: 0.0024, loss_cls: 0.0718, acc: 97.3281, loss_bbox: 0.0444, loss: 0.1373, grad_norm: 1.2503
2026-05-12 08:49:28,341 - mmdet - INFO - Epoch [186][100/186]	lr: 6.417e-03, eta: 2:35:39, time: 0.515, data_time: 0.013, memory: 6155, loss_rpn_cls: 0.0144, loss_rpn_bbox: 0.0021, loss_cls: 0.0647, acc: 97.5752, loss_bbox: 0.0411, loss: 0.1223, grad_norm: 1.1523
2026-05-12 08:49:54,384 - mmdet - INFO - Epoch [186][150/186]	lr: 6.417e-03, eta: 2:35:19, time: 0.523, data_time: 0.015, memory: 6155, loss_rpn_cls: 0.0159, loss_rpn_bbox: 0.0024, loss_cls: 0.0712, acc: 97.3525, loss_bbox: 0.0442, loss: 0.1337, grad_norm: 1.1311
2026-05-12 08:50:42,849 - mmdet - INFO - Epoch [187][50/186]	lr: 6.319e-03, eta: 2:34:36, time: 0.591, data_time: 0.084, memory: 6155, loss_rpn_cls: 0.0151, loss_rpn_bbox: 0.0022, loss_cls: 0.0685, acc: 97.4756, loss_bbox: 0.0438, loss: 0.1297, grad_norm: 1.2306
2026-05-12 08:51:08,798 - mmdet - INFO - Epoch [187][100/186]	lr: 6.319e-03, eta: 2:34:17, time: 0.521, data_time: 0.015, memory: 6155, loss_rpn_cls: 0.0119, loss_rpn_bbox: 0.0020, loss_cls: 0.0706, acc: 97.2861, loss_bbox: 0.0467, loss: 0.1312, grad_norm: 1.1551
2026-05-12 08:51:34,758 - mmdet - INFO - Epoch [187][150/186]	lr: 6.319e-03, eta: 2:33:57, time: 0.517, data_time: 0.013, memory: 6155, loss_rpn_cls: 0.0147, loss_rpn_bbox: 0.0018, loss_cls: 0.0590, acc: 97.7568, loss_bbox: 0.0380, loss: 0.1135, grad_norm: 1.1411
2026-05-12 08:52:23,102 - mmdet - INFO - Epoch [188][50/186]	lr: 6.222e-03, eta: 2:33:15, time: 0.591, data_time: 0.084, memory: 6155, loss_rpn_cls: 0.0101, loss_rpn_bbox: 0.0019, loss_cls: 0.0619, acc: 97.6049, loss_bbox: 0.0401, loss: 0.1141, grad_norm: 0.9420
2026-05-12 08:52:48,853 - mmdet - INFO - Epoch [188][100/186]	lr: 6.222e-03, eta: 2:32:55, time: 0.513, data_time: 0.013, memory: 6155, loss_rpn_cls: 0.0151, loss_rpn_bbox: 0.0018, loss_cls: 0.0624, acc: 97.7480, loss_bbox: 0.0360, loss: 0.1152, grad_norm: 1.0434
2026-05-12 08:53:14,841 - mmdet - INFO - Epoch [188][150/186]	lr: 6.222e-03, eta: 2:32:36, time: 0.522, data_time: 0.015, memory: 6155, loss_rpn_cls: 0.0116, loss_rpn_bbox: 0.0018, loss_cls: 0.0589, acc: 97.8564, loss_bbox: 0.0353, loss: 0.1077, grad_norm: 1.0574
2026-05-12 08:54:03,290 - mmdet - INFO - Epoch [189][50/186]	lr: 6.126e-03, eta: 2:31:53, time: 0.591, data_time: 0.084, memory: 6155, loss_rpn_cls: 0.0141, loss_rpn_bbox: 0.0024, loss_cls: 0.0742, acc: 97.1406, loss_bbox: 0.0474, loss: 0.1380, grad_norm: 1.1935
2026-05-12 08:54:29,044 - mmdet - INFO - Epoch [189][100/186]	lr: 6.126e-03, eta: 2:31:33, time: 0.517, data_time: 0.015, memory: 6155, loss_rpn_cls: 0.0117, loss_rpn_bbox: 0.0018, loss_cls: 0.0615, acc: 97.7617, loss_bbox: 0.0373, loss: 0.1123, grad_norm: 1.1904
2026-05-12 08:54:54,882 - mmdet - INFO - Epoch [189][150/186]	lr: 6.126e-03, eta: 2:31:14, time: 0.515, data_time: 0.013, memory: 6155, loss_rpn_cls: 0.0157, loss_rpn_bbox: 0.0021, loss_cls: 0.0667, acc: 97.5664, loss_bbox: 0.0403, loss: 0.1247, grad_norm: 1.1866
2026-05-12 08:55:43,278 - mmdet - INFO - Epoch [190][50/186]	lr: 6.029e-03, eta: 2:30:31, time: 0.593, data_time: 0.084, memory: 6155, loss_rpn_cls: 0.0125, loss_rpn_bbox: 0.0022, loss_cls: 0.0607, acc: 97.7637, loss_bbox: 0.0388, loss: 0.1141, grad_norm: 0.9714
2026-05-12 08:56:09,106 - mmdet - INFO - Epoch [190][100/186]	lr: 6.029e-03, eta: 2:30:12, time: 0.515, data_time: 0.013, memory: 6155, loss_rpn_cls: 0.0104, loss_rpn_bbox: 0.0017, loss_cls: 0.0555, acc: 97.8818, loss_bbox: 0.0333, loss: 0.1009, grad_norm: 0.9570
2026-05-12 08:56:35,094 - mmdet - INFO - Epoch [190][150/186]	lr: 6.029e-03, eta: 2:29:52, time: 0.522, data_time: 0.015, memory: 6155, loss_rpn_cls: 0.0133, loss_rpn_bbox: 0.0019, loss_cls: 0.0705, acc: 97.3955, loss_bbox: 0.0436, loss: 0.1293, grad_norm: 1.0083
2026-05-12 08:56:53,923 - mmdet - INFO - Saving checkpoint at 190 epochs
[                                                  ] 0/371, elapsed: 0s, ETA:[                                 ] 1/371, 0.4 task/s, elapsed: 3s, ETA:   952s[                                 ] 2/371, 0.8 task/s, elapsed: 3s, ETA:   491s[                                 ] 3/371, 1.1 task/s, elapsed: 3s, ETA:   337s[                                 ] 4/371, 1.4 task/s, elapsed: 3s, ETA:   259s[                                 ] 5/371, 1.7 task/s, elapsed: 3s, ETA:   214s[                                 ] 6/371, 2.0 task/s, elapsed: 3s, ETA:   183s[                                 ] 7/371, 2.3 task/s, elapsed: 3s, ETA:   160s[                                 ] 8/371, 2.5 task/s, elapsed: 3s, ETA:   144s[                                 ] 9/371, 2.8 task/s, elapsed: 3s, ETA:   131s[                                ] 10/371, 3.0 task/s, elapsed: 3s, ETA:   120s[                                ] 11/371, 3.2 task/s, elapsed: 3s, ETA:   112s[>                               ] 12/371, 3.4 task/s, elapsed: 4s, ETA:   105s[>                               ] 13/371, 3.6 task/s, elapsed: 4s, ETA:    99s[>                               ] 14/371, 3.8 task/s, elapsed: 4s, ETA:    94s[>                               ] 15/371, 4.0 task/s, elapsed: 4s, ETA:    89s[>                               ] 16/371, 4.2 task/s, elapsed: 4s, ETA:    85s[>                               ] 17/371, 4.3 task/s, elapsed: 4s, ETA:    82s[>                               ] 18/371, 4.5 task/s, elapsed: 4s, ETA:    79s[>                               ] 19/371, 4.6 task/s, elapsed: 4s, ETA:    76s[>                               ] 20/371, 4.8 task/s, elapsed: 4s, ETA:    73s[>                               ] 21/371, 4.9 task/s, elapsed: 4s, ETA:    71s[>                               ] 22/371, 5.1 task/s, elapsed: 4s, ETA:    69s[>                               ] 23/371, 5.2 task/s, elapsed: 4s, ETA:    67s[>>                              ] 24/371, 5.3 task/s, elapsed: 5s, ETA:    65s[>>                              ] 25/371, 5.4 task/s, elapsed: 5s, ETA:    64s[>>                              ] 26/371, 5.6 task/s, elapsed: 5s, ETA:    62s[>>                              ] 27/371, 5.7 task/s, elapsed: 5s, ETA:    61s[>>                              ] 28/371, 5.8 task/s, elapsed: 5s, ETA:    59s[>>                              ] 29/371, 5.9 task/s, elapsed: 5s, ETA:    58s[>>                              ] 30/371, 6.0 task/s, elapsed: 5s, ETA:    57s[>>                              ] 31/371, 6.1 task/s, elapsed: 5s, ETA:    56s[>>                              ] 32/371, 6.2 task/s, elapsed: 5s, ETA:    55s[>>                              ] 33/371, 6.3 task/s, elapsed: 5s, ETA:    54s[>>                              ] 34/371, 6.4 task/s, elapsed: 5s, ETA:    53s[>>>                             ] 35/371, 6.4 task/s, elapsed: 5s, ETA:    52s[>>>                             ] 36/371, 6.5 task/s, elapsed: 6s, ETA:    51s[>>>                             ] 37/371, 6.6 task/s, elapsed: 6s, ETA:    51s[>>>                             ] 38/371, 6.7 task/s, elapsed: 6s, ETA:    50s[>>>                             ] 39/371, 6.8 task/s, elapsed: 6s, ETA:    49s[>>>                             ] 40/371, 6.8 task/s, elapsed: 6s, ETA:    48s[>>>                             ] 41/371, 6.9 task/s, elapsed: 6s, ETA:    48s[>>>                             ] 42/371, 7.0 task/s, elapsed: 6s, ETA:    47s[>>>                             ] 43/371, 7.0 task/s, elapsed: 6s, ETA:    47s[>>>                             ] 44/371, 7.1 task/s, elapsed: 6s, ETA:    46s[>>>                             ] 45/371, 7.2 task/s, elapsed: 6s, ETA:    45s[>>>                             ] 46/371, 7.2 task/s, elapsed: 6s, ETA:    45s[>>>>                            ] 47/371, 7.3 task/s, elapsed: 6s, ETA:    44s[>>>>                            ] 48/371, 7.4 task/s, elapsed: 7s, ETA:    44s[>>>>                            ] 49/371, 7.4 task/s, elapsed: 7s, ETA:    43s[>>>>                            ] 50/371, 7.5 task/s, elapsed: 7s, ETA:    43s[>>>>                            ] 51/371, 7.5 task/s, elapsed: 7s, ETA:    42s[>>>>                            ] 52/371, 7.6 task/s, elapsed: 7s, ETA:    42s[>>>>                            ] 53/371, 7.6 task/s, elapsed: 7s, ETA:    42s[>>>>                            ] 54/371, 7.7 task/s, elapsed: 7s, ETA:    41s[>>>>                            ] 55/371, 7.7 task/s, elapsed: 7s, ETA:    41s[>>>>                            ] 56/371, 7.8 task/s, elapsed: 7s, ETA:    40s[>>>>                            ] 57/371, 7.8 task/s, elapsed: 7s, ETA:    40s[>>>>>                           ] 58/371, 7.9 task/s, elapsed: 7s, ETA:    40s[>>>>>                           ] 59/371, 7.9 task/s, elapsed: 7s, ETA:    39s[>>>>>                           ] 60/371, 8.0 task/s, elapsed: 8s, ETA:    39s[>>>>>                           ] 61/371, 8.0 task/s, elapsed: 8s, ETA:    39s[>>>>>                           ] 62/371, 8.1 task/s, elapsed: 8s, ETA:    38s[>>>>>                           ] 63/371, 8.1 task/s, elapsed: 8s, ETA:    38s[>>>>>                           ] 64/371, 8.1 task/s, elapsed: 8s, ETA:    38s[>>>>>                           ] 65/371, 8.2 task/s, elapsed: 8s, ETA:    37s[>>>>>                           ] 66/371, 8.2 task/s, elapsed: 8s, ETA:    37s[>>>>>                           ] 67/371, 8.3 task/s, elapsed: 8s, ETA:    37s[>>>>>                           ] 68/371, 8.3 task/s, elapsed: 8s, ETA:    37s[>>>>>                           ] 69/371, 8.3 task/s, elapsed: 8s, ETA:    36s[>>>>>>                          ] 70/371, 8.4 task/s, elapsed: 8s, ETA:    36s[>>>>>>                          ] 71/371, 8.4 task/s, elapsed: 8s, ETA:    36s[>>>>>>                          ] 72/371, 8.4 task/s, elapsed: 9s, ETA:    35s[>>>>>>                          ] 73/371, 8.5 task/s, elapsed: 9s, ETA:    35s[>>>>>>                          ] 74/371, 8.5 task/s, elapsed: 9s, ETA:    35s[>>>>>>                          ] 75/371, 8.5 task/s, elapsed: 9s, ETA:    35s[>>>>>>                          ] 76/371, 8.6 task/s, elapsed: 9s, ETA:    34s[>>>>>>                          ] 77/371, 8.6 task/s, elapsed: 9s, ETA:    34s[>>>>>>                          ] 78/371, 8.6 task/s, elapsed: 9s, ETA:    34s[>>>>>>                          ] 79/371, 8.7 task/s, elapsed: 9s, ETA:    34s[>>>>>>                          ] 80/371, 8.7 task/s, elapsed: 9s, ETA:    33s[>>>>>>                          ] 81/371, 8.7 task/s, elapsed: 9s, ETA:    33s[>>>>>>>                         ] 82/371, 8.8 task/s, elapsed: 9s, ETA:    33s[>>>>>>>                         ] 83/371, 8.8 task/s, elapsed: 9s, ETA:    33s[>>>>>>>                        ] 84/371, 8.8 task/s, elapsed: 10s, ETA:    33s[>>>>>>>                        ] 85/371, 8.8 task/s, elapsed: 10s, ETA:    32s[>>>>>>>                        ] 86/371, 8.9 task/s, elapsed: 10s, ETA:    32s[>>>>>>>                        ] 87/371, 8.9 task/s, elapsed: 10s, ETA:    32s[>>>>>>>                        ] 88/371, 8.9 task/s, elapsed: 10s, ETA:    32s[>>>>>>>                        ] 89/371, 8.9 task/s, elapsed: 10s, ETA:    32s[>>>>>>>                        ] 90/371, 9.0 task/s, elapsed: 10s, ETA:    31s[>>>>>>>                        ] 91/371, 9.0 task/s, elapsed: 10s, ETA:    31s[>>>>>>>                        ] 92/371, 9.0 task/s, elapsed: 10s, ETA:    31s[>>>>>>>                        ] 93/371, 9.0 task/s, elapsed: 10s, ETA:    31s[>>>>>>>                        ] 94/371, 9.1 task/s, elapsed: 10s, ETA:    31s[>>>>>>>                        ] 95/371, 9.1 task/s, elapsed: 10s, ETA:    30s[>>>>>>>>                       ] 96/371, 9.1 task/s, elapsed: 11s, ETA:    30s[>>>>>>>>                       ] 97/371, 9.1 task/s, elapsed: 11s, ETA:    30s[>>>>>>>>                       ] 98/371, 9.2 task/s, elapsed: 11s, ETA:    30s[>>>>>>>>                       ] 99/371, 9.2 task/s, elapsed: 11s, ETA:    30s[>>>>>>>>                      ] 100/371, 9.2 task/s, elapsed: 11s, ETA:    29s[>>>>>>>>                      ] 101/371, 9.2 task/s, elapsed: 11s, ETA:    29s[>>>>>>>>                      ] 102/371, 9.2 task/s, elapsed: 11s, ETA:    29s[>>>>>>>>                      ] 103/371, 9.3 task/s, elapsed: 11s, ETA:    29s[>>>>>>>>                      ] 104/371, 9.3 task/s, elapsed: 11s, ETA:    29s[>>>>>>>>                      ] 105/371, 9.3 task/s, elapsed: 11s, ETA:    29s[>>>>>>>>                      ] 106/371, 9.3 task/s, elapsed: 11s, ETA:    28s[>>>>>>>>                      ] 107/371, 9.3 task/s, elapsed: 11s, ETA:    28s[>>>>>>>>                      ] 108/371, 9.4 task/s, elapsed: 12s, ETA:    28s[>>>>>>>>                      ] 109/371, 9.4 task/s, elapsed: 12s, ETA:    28s[>>>>>>>>                      ] 110/371, 9.4 task/s, elapsed: 12s, ETA:    28s[>>>>>>>>                      ] 111/371, 9.4 task/s, elapsed: 12s, ETA:    28s[>>>>>>>>>                     ] 112/371, 9.4 task/s, elapsed: 12s, ETA:    27s[>>>>>>>>>                     ] 113/371, 9.5 task/s, elapsed: 12s, ETA:    27s[>>>>>>>>>                     ] 114/371, 9.5 task/s, elapsed: 12s, ETA:    27s[>>>>>>>>>                     ] 115/371, 9.5 task/s, elapsed: 12s, ETA:    27s[>>>>>>>>>                     ] 116/371, 9.5 task/s, elapsed: 12s, ETA:    27s[>>>>>>>>>                     ] 117/371, 9.5 task/s, elapsed: 12s, ETA:    27s[>>>>>>>>>                     ] 118/371, 9.5 task/s, elapsed: 12s, ETA:    27s[>>>>>>>>>                     ] 119/371, 9.6 task/s, elapsed: 12s, ETA:    26s[>>>>>>>>>                     ] 120/371, 9.6 task/s, elapsed: 13s, ETA:    26s[>>>>>>>>>                     ] 121/371, 9.6 task/s, elapsed: 13s, ETA:    26s[>>>>>>>>>                     ] 122/371, 9.6 task/s, elapsed: 13s, ETA:    26s[>>>>>>>>>                     ] 123/371, 9.6 task/s, elapsed: 13s, ETA:    26s[>>>>>>>>>>                    ] 124/371, 9.6 task/s, elapsed: 13s, ETA:    26s[>>>>>>>>>>                    ] 125/371, 9.6 task/s, elapsed: 13s, ETA:    26s[>>>>>>>>>>                    ] 126/371, 9.7 task/s, elapsed: 13s, ETA:    25s[>>>>>>>>>>                    ] 127/371, 9.7 task/s, elapsed: 13s, ETA:    25s[>>>>>>>>>>                    ] 128/371, 9.7 task/s, elapsed: 13s, ETA:    25s[>>>>>>>>>>                    ] 129/371, 9.7 task/s, elapsed: 13s, ETA:    25s[>>>>>>>>>>                    ] 130/371, 9.7 task/s, elapsed: 13s, ETA:    25s[>>>>>>>>>>                    ] 131/371, 9.7 task/s, elapsed: 13s, ETA:    25s[>>>>>>>>>>                    ] 132/371, 9.7 task/s, elapsed: 14s, ETA:    25s[>>>>>>>>>>                    ] 133/371, 9.8 task/s, elapsed: 14s, ETA:    24s[>>>>>>>>>>                    ] 134/371, 9.8 task/s, elapsed: 14s, ETA:    24s[>>>>>>>>>>                    ] 135/371, 9.8 task/s, elapsed: 14s, ETA:    24s[>>>>>>>>>>                    ] 136/371, 9.8 task/s, elapsed: 14s, ETA:    24s[>>>>>>>>>>>                   ] 137/371, 9.8 task/s, elapsed: 14s, ETA:    24s[>>>>>>>>>>>                   ] 138/371, 9.8 task/s, elapsed: 14s, ETA:    24s[>>>>>>>>>>>                   ] 139/371, 9.8 task/s, elapsed: 14s, ETA:    24s[>>>>>>>>>>>                   ] 140/371, 9.8 task/s, elapsed: 14s, ETA:    23s[>>>>>>>>>>>                   ] 141/371, 9.9 task/s, elapsed: 14s, ETA:    23s[>>>>>>>>>>>                   ] 142/371, 9.9 task/s, elapsed: 14s, ETA:    23s[>>>>>>>>>>>                   ] 143/371, 9.9 task/s, elapsed: 14s, ETA:    23s[>>>>>>>>>>>                   ] 144/371, 9.9 task/s, elapsed: 15s, ETA:    23s[>>>>>>>>>>>                   ] 145/371, 9.9 task/s, elapsed: 15s, ETA:    23s[>>>>>>>>>>>                   ] 146/371, 9.9 task/s, elapsed: 15s, ETA:    23s[>>>>>>>>>>>                   ] 147/371, 9.9 task/s, elapsed: 15s, ETA:    23s[>>>>>>>>>>>                   ] 148/371, 9.9 task/s, elapsed: 15s, ETA:    22s[>>>>>>>>>>>                  ] 149/371, 10.0 task/s, elapsed: 15s, ETA:    22s[>>>>>>>>>>>                  ] 150/371, 10.0 task/s, elapsed: 15s, ETA:    22s[>>>>>>>>>>>                  ] 151/371, 10.0 task/s, elapsed: 15s, ETA:    22s[>>>>>>>>>>>                  ] 152/371, 10.0 task/s, elapsed: 15s, ETA:    22s[>>>>>>>>>>>                  ] 153/371, 10.0 task/s, elapsed: 15s, ETA:    22s[>>>>>>>>>>>>                 ] 154/371, 10.0 task/s, elapsed: 15s, ETA:    22s[>>>>>>>>>>>>                 ] 155/371, 10.0 task/s, elapsed: 15s, ETA:    22s[>>>>>>>>>>>>                 ] 156/371, 10.0 task/s, elapsed: 16s, ETA:    21s[>>>>>>>>>>>>                 ] 157/371, 10.0 task/s, elapsed: 16s, ETA:    21s[>>>>>>>>>>>>                 ] 158/371, 10.0 task/s, elapsed: 16s, ETA:    21s[>>>>>>>>>>>>                 ] 159/371, 10.1 task/s, elapsed: 16s, ETA:    21s[>>>>>>>>>>>>                 ] 160/371, 10.1 task/s, elapsed: 16s, ETA:    21s[>>>>>>>>>>>>                 ] 161/371, 10.1 task/s, elapsed: 16s, ETA:    21s[>>>>>>>>>>>>                 ] 162/371, 10.1 task/s, elapsed: 16s, ETA:    21s[>>>>>>>>>>>>                 ] 163/371, 10.1 task/s, elapsed: 16s, ETA:    21s[>>>>>>>>>>>>                 ] 164/371, 10.1 task/s, elapsed: 16s, ETA:    21s[>>>>>>>>>>>>                 ] 165/371, 10.1 task/s, elapsed: 16s, ETA:    20s[>>>>>>>>>>>>                 ] 166/371, 10.1 task/s, elapsed: 16s, ETA:    20s[>>>>>>>>>>>>>                ] 167/371, 10.1 task/s, elapsed: 16s, ETA:    20s[>>>>>>>>>>>>>                ] 168/371, 10.1 task/s, elapsed: 17s, ETA:    20s[>>>>>>>>>>>>>                ] 169/371, 10.1 task/s, elapsed: 17s, ETA:    20s[>>>>>>>>>>>>>                ] 170/371, 10.2 task/s, elapsed: 17s, ETA:    20s[>>>>>>>>>>>>>                ] 171/371, 10.2 task/s, elapsed: 17s, ETA:    20s[>>>>>>>>>>>>>                ] 172/371, 10.2 task/s, elapsed: 17s, ETA:    20s[>>>>>>>>>>>>>                ] 173/371, 10.2 task/s, elapsed: 17s, ETA:    19s[>>>>>>>>>>>>>                ] 174/371, 10.2 task/s, elapsed: 17s, ETA:    19s[>>>>>>>>>>>>>                ] 175/371, 10.2 task/s, elapsed: 17s, ETA:    19s[>>>>>>>>>>>>>                ] 176/371, 10.2 task/s, elapsed: 17s, ETA:    19s[>>>>>>>>>>>>>                ] 177/371, 10.2 task/s, elapsed: 17s, ETA:    19s[>>>>>>>>>>>>>                ] 178/371, 10.2 task/s, elapsed: 17s, ETA:    19s[>>>>>>>>>>>>>                ] 179/371, 10.2 task/s, elapsed: 17s, ETA:    19s[>>>>>>>>>>>>>>               ] 180/371, 10.2 task/s, elapsed: 18s, ETA:    19s[>>>>>>>>>>>>>>               ] 181/371, 10.2 task/s, elapsed: 18s, ETA:    19s[>>>>>>>>>>>>>>               ] 182/371, 10.3 task/s, elapsed: 18s, ETA:    18s[>>>>>>>>>>>>>>               ] 183/371, 10.3 task/s, elapsed: 18s, ETA:    18s[>>>>>>>>>>>>>>               ] 184/371, 10.3 task/s, elapsed: 18s, ETA:    18s[>>>>>>>>>>>>>>               ] 185/371, 10.3 task/s, elapsed: 18s, ETA:    18s[>>>>>>>>>>>>>>               ] 186/371, 10.3 task/s, elapsed: 18s, ETA:    18s[>>>>>>>>>>>>>>               ] 187/371, 10.3 task/s, elapsed: 18s, ETA:    18s[>>>>>>>>>>>>>>               ] 188/371, 10.3 task/s, elapsed: 18s, ETA:    18s[>>>>>>>>>>>>>>               ] 189/371, 10.3 task/s, elapsed: 18s, ETA:    18s[>>>>>>>>>>>>>>               ] 190/371, 10.3 task/s, elapsed: 18s, ETA:    18s[>>>>>>>>>>>>>>               ] 191/371, 10.3 task/s, elapsed: 18s, ETA:    17s[>>>>>>>>>>>>>>>              ] 192/371, 10.3 task/s, elapsed: 19s, ETA:    17s[>>>>>>>>>>>>>>>              ] 193/371, 10.3 task/s, elapsed: 19s, ETA:    17s[>>>>>>>>>>>>>>>              ] 194/371, 10.3 task/s, elapsed: 19s, ETA:    17s[>>>>>>>>>>>>>>>              ] 195/371, 10.4 task/s, elapsed: 19s, ETA:    17s[>>>>>>>>>>>>>>>              ] 196/371, 10.4 task/s, elapsed: 19s, ETA:    17s[>>>>>>>>>>>>>>>              ] 197/371, 10.4 task/s, elapsed: 19s, ETA:    17s[>>>>>>>>>>>>>>>              ] 198/371, 10.4 task/s, elapsed: 19s, ETA:    17s[>>>>>>>>>>>>>>>              ] 199/371, 10.4 task/s, elapsed: 19s, ETA:    17s[>>>>>>>>>>>>>>>              ] 200/371, 10.4 task/s, elapsed: 19s, ETA:    16s[>>>>>>>>>>>>>>>              ] 201/371, 10.4 task/s, elapsed: 19s, ETA:    16s[>>>>>>>>>>>>>>>              ] 202/371, 10.4 task/s, elapsed: 19s, ETA:    16s[>>>>>>>>>>>>>>>              ] 203/371, 10.4 task/s, elapsed: 20s, ETA:    16s[>>>>>>>>>>>>>>>              ] 204/371, 10.4 task/s, elapsed: 20s, ETA:    16s[>>>>>>>>>>>>>>>>             ] 205/371, 10.4 task/s, elapsed: 20s, ETA:    16s[>>>>>>>>>>>>>>>>             ] 206/371, 10.4 task/s, elapsed: 20s, ETA:    16s[>>>>>>>>>>>>>>>>             ] 207/371, 10.4 task/s, elapsed: 20s, ETA:    16s[>>>>>>>>>>>>>>>>             ] 208/371, 10.4 task/s, elapsed: 20s, ETA:    16s[>>>>>>>>>>>>>>>>             ] 209/371, 10.4 task/s, elapsed: 20s, ETA:    16s[>>>>>>>>>>>>>>>>             ] 210/371, 10.5 task/s, elapsed: 20s, ETA:    15s[>>>>>>>>>>>>>>>>             ] 211/371, 10.5 task/s, elapsed: 20s, ETA:    15s[>>>>>>>>>>>>>>>>             ] 212/371, 10.5 task/s, elapsed: 20s, ETA:    15s[>>>>>>>>>>>>>>>>             ] 213/371, 10.5 task/s, elapsed: 20s, ETA:    15s[>>>>>>>>>>>>>>>>             ] 214/371, 10.5 task/s, elapsed: 20s, ETA:    15s[>>>>>>>>>>>>>>>>             ] 215/371, 10.5 task/s, elapsed: 21s, ETA:    15s[>>>>>>>>>>>>>>>>             ] 216/371, 10.5 task/s, elapsed: 21s, ETA:    15s[>>>>>>>>>>>>>>>>             ] 217/371, 10.5 task/s, elapsed: 21s, ETA:    15s[>>>>>>>>>>>>>>>>>            ] 218/371, 10.5 task/s, elapsed: 21s, ETA:    15s[>>>>>>>>>>>>>>>>>            ] 219/371, 10.5 task/s, elapsed: 21s, ETA:    14s[>>>>>>>>>>>>>>>>>            ] 220/371, 10.5 task/s, elapsed: 21s, ETA:    14s[>>>>>>>>>>>>>>>>>            ] 221/371, 10.5 task/s, elapsed: 21s, ETA:    14s[>>>>>>>>>>>>>>>>>            ] 222/371, 10.5 task/s, elapsed: 21s, ETA:    14s[>>>>>>>>>>>>>>>>>            ] 223/371, 10.5 task/s, elapsed: 21s, ETA:    14s[>>>>>>>>>>>>>>>>>            ] 224/371, 10.5 task/s, elapsed: 21s, ETA:    14s[>>>>>>>>>>>>>>>>>            ] 225/371, 10.5 task/s, elapsed: 21s, ETA:    14s[>>>>>>>>>>>>>>>>>            ] 226/371, 10.5 task/s, elapsed: 21s, ETA:    14s[>>>>>>>>>>>>>>>>>            ] 227/371, 10.5 task/s, elapsed: 22s, ETA:    14s[>>>>>>>>>>>>>>>>>            ] 228/371, 10.5 task/s, elapsed: 22s, ETA:    14s[>>>>>>>>>>>>>>>>>            ] 229/371, 10.5 task/s, elapsed: 22s, ETA:    13s[>>>>>>>>>>>>>>>>>            ] 230/371, 10.6 task/s, elapsed: 22s, ETA:    13s[>>>>>>>>>>>>>>>>>>           ] 231/371, 10.6 task/s, elapsed: 22s, ETA:    13s[>>>>>>>>>>>>>>>>>>           ] 232/371, 10.6 task/s, elapsed: 22s, ETA:    13s[>>>>>>>>>>>>>>>>>>           ] 233/371, 10.6 task/s, elapsed: 22s, ETA:    13s[>>>>>>>>>>>>>>>>>>           ] 234/371, 10.6 task/s, elapsed: 22s, ETA:    13s[>>>>>>>>>>>>>>>>>>           ] 235/371, 10.6 task/s, elapsed: 22s, ETA:    13s[>>>>>>>>>>>>>>>>>>           ] 236/371, 10.6 task/s, elapsed: 22s, ETA:    13s[>>>>>>>>>>>>>>>>>>           ] 237/371, 10.6 task/s, elapsed: 22s, ETA:    13s[>>>>>>>>>>>>>>>>>>           ] 238/371, 10.6 task/s, elapsed: 22s, ETA:    13s[>>>>>>>>>>>>>>>>>>           ] 239/371, 10.6 task/s, elapsed: 23s, ETA:    12s[>>>>>>>>>>>>>>>>>>           ] 240/371, 10.6 task/s, elapsed: 23s, ETA:    12s[>>>>>>>>>>>>>>>>>>           ] 241/371, 10.6 task/s, elapsed: 23s, ETA:    12s[>>>>>>>>>>>>>>>>>>           ] 242/371, 10.6 task/s, elapsed: 23s, ETA:    12s[>>>>>>>>>>>>>>>>>>           ] 243/371, 10.6 task/s, elapsed: 23s, ETA:    12s[>>>>>>>>>>>>>>>>>>>          ] 244/371, 10.6 task/s, elapsed: 23s, ETA:    12s[>>>>>>>>>>>>>>>>>>>          ] 245/371, 10.6 task/s, elapsed: 23s, ETA:    12s[>>>>>>>>>>>>>>>>>>>          ] 246/371, 10.6 task/s, elapsed: 23s, ETA:    12s[>>>>>>>>>>>>>>>>>>>          ] 247/371, 10.6 task/s, elapsed: 23s, ETA:    12s[>>>>>>>>>>>>>>>>>>>          ] 248/371, 10.6 task/s, elapsed: 23s, ETA:    12s[>>>>>>>>>>>>>>>>>>>          ] 249/371, 10.6 task/s, elapsed: 23s, ETA:    11s[>>>>>>>>>>>>>>>>>>>          ] 250/371, 10.7 task/s, elapsed: 23s, ETA:    11s[>>>>>>>>>>>>>>>>>>>          ] 251/371, 10.7 task/s, elapsed: 24s, ETA:    11s[>>>>>>>>>>>>>>>>>>>          ] 252/371, 10.7 task/s, elapsed: 24s, ETA:    11s[>>>>>>>>>>>>>>>>>>>          ] 253/371, 10.7 task/s, elapsed: 24s, ETA:    11s[>>>>>>>>>>>>>>>>>>>          ] 254/371, 10.7 task/s, elapsed: 24s, ETA:    11s[>>>>>>>>>>>>>>>>>>>          ] 255/371, 10.7 task/s, elapsed: 24s, ETA:    11s[>>>>>>>>>>>>>>>>>>>>         ] 256/371, 10.7 task/s, elapsed: 24s, ETA:    11s[>>>>>>>>>>>>>>>>>>>>         ] 257/371, 10.7 task/s, elapsed: 24s, ETA:    11s[>>>>>>>>>>>>>>>>>>>>         ] 258/371, 10.7 task/s, elapsed: 24s, ETA:    11s[>>>>>>>>>>>>>>>>>>>>         ] 259/371, 10.7 task/s, elapsed: 24s, ETA:    10s[>>>>>>>>>>>>>>>>>>>>         ] 260/371, 10.7 task/s, elapsed: 24s, ETA:    10s[>>>>>>>>>>>>>>>>>>>>         ] 261/371, 10.7 task/s, elapsed: 24s, ETA:    10s[>>>>>>>>>>>>>>>>>>>>         ] 262/371, 10.7 task/s, elapsed: 24s, ETA:    10s[>>>>>>>>>>>>>>>>>>>>         ] 263/371, 10.7 task/s, elapsed: 25s, ETA:    10s[>>>>>>>>>>>>>>>>>>>>         ] 264/371, 10.7 task/s, elapsed: 25s, ETA:    10s[>>>>>>>>>>>>>>>>>>>>         ] 265/371, 10.7 task/s, elapsed: 25s, ETA:    10s[>>>>>>>>>>>>>>>>>>>>         ] 266/371, 10.7 task/s, elapsed: 25s, ETA:    10s[>>>>>>>>>>>>>>>>>>>>         ] 267/371, 10.7 task/s, elapsed: 25s, ETA:    10s[>>>>>>>>>>>>>>>>>>>>         ] 268/371, 10.7 task/s, elapsed: 25s, ETA:    10s[>>>>>>>>>>>>>>>>>>>>>        ] 269/371, 10.7 task/s, elapsed: 25s, ETA:    10s[>>>>>>>>>>>>>>>>>>>>>        ] 270/371, 10.7 task/s, elapsed: 25s, ETA:     9s[>>>>>>>>>>>>>>>>>>>>>        ] 271/371, 10.7 task/s, elapsed: 25s, ETA:     9s[>>>>>>>>>>>>>>>>>>>>>        ] 272/371, 10.7 task/s, elapsed: 25s, ETA:     9s[>>>>>>>>>>>>>>>>>>>>>        ] 273/371, 10.7 task/s, elapsed: 25s, ETA:     9s[>>>>>>>>>>>>>>>>>>>>>        ] 274/371, 10.7 task/s, elapsed: 25s, ETA:     9s[>>>>>>>>>>>>>>>>>>>>>        ] 275/371, 10.8 task/s, elapsed: 26s, ETA:     9s[>>>>>>>>>>>>>>>>>>>>>        ] 276/371, 10.8 task/s, elapsed: 26s, ETA:     9s[>>>>>>>>>>>>>>>>>>>>>        ] 277/371, 10.8 task/s, elapsed: 26s, ETA:     9s[>>>>>>>>>>>>>>>>>>>>>        ] 278/371, 10.8 task/s, elapsed: 26s, ETA:     9s[>>>>>>>>>>>>>>>>>>>>>        ] 279/371, 10.8 task/s, elapsed: 26s, ETA:     9s[>>>>>>>>>>>>>>>>>>>>>        ] 280/371, 10.8 task/s, elapsed: 26s, ETA:     8s[>>>>>>>>>>>>>>>>>>>>>        ] 281/371, 10.8 task/s, elapsed: 26s, ETA:     8s[>>>>>>>>>>>>>>>>>>>>>>       ] 282/371, 10.8 task/s, elapsed: 26s, ETA:     8s[>>>>>>>>>>>>>>>>>>>>>>       ] 283/371, 10.8 task/s, elapsed: 26s, ETA:     8s[>>>>>>>>>>>>>>>>>>>>>>       ] 284/371, 10.8 task/s, elapsed: 26s, ETA:     8s[>>>>>>>>>>>>>>>>>>>>>>       ] 285/371, 10.8 task/s, elapsed: 26s, ETA:     8s[>>>>>>>>>>>>>>>>>>>>>>       ] 286/371, 10.8 task/s, elapsed: 27s, ETA:     8s[>>>>>>>>>>>>>>>>>>>>>>       ] 287/371, 10.8 task/s, elapsed: 27s, ETA:     8s[>>>>>>>>>>>>>>>>>>>>>>       ] 288/371, 10.8 task/s, elapsed: 27s, ETA:     8s[>>>>>>>>>>>>>>>>>>>>>>       ] 289/371, 10.8 task/s, elapsed: 27s, ETA:     8s[>>>>>>>>>>>>>>>>>>>>>>       ] 290/371, 10.8 task/s, elapsed: 27s, ETA:     7s[>>>>>>>>>>>>>>>>>>>>>>       ] 291/371, 10.8 task/s, elapsed: 27s, ETA:     7s[>>>>>>>>>>>>>>>>>>>>>>       ] 292/371, 10.8 task/s, elapsed: 27s, ETA:     7s[>>>>>>>>>>>>>>>>>>>>>>       ] 293/371, 10.8 task/s, elapsed: 27s, ETA:     7s[>>>>>>>>>>>>>>>>>>>>>>       ] 294/371, 10.8 task/s, elapsed: 27s, ETA:     7s[>>>>>>>>>>>>>>>>>>>>>>>      ] 295/371, 10.8 task/s, elapsed: 27s, ETA:     7s[>>>>>>>>>>>>>>>>>>>>>>>      ] 296/371, 10.8 task/s, elapsed: 27s, ETA:     7s[>>>>>>>>>>>>>>>>>>>>>>>      ] 297/371, 10.8 task/s, elapsed: 27s, ETA:     7s[>>>>>>>>>>>>>>>>>>>>>>>      ] 298/371, 10.8 task/s, elapsed: 28s, ETA:     7s[>>>>>>>>>>>>>>>>>>>>>>>      ] 299/371, 10.8 task/s, elapsed: 28s, ETA:     7s[>>>>>>>>>>>>>>>>>>>>>>>      ] 300/371, 10.8 task/s, elapsed: 28s, ETA:     7s[>>>>>>>>>>>>>>>>>>>>>>>      ] 301/371, 10.8 task/s, elapsed: 28s, ETA:     6s[>>>>>>>>>>>>>>>>>>>>>>>      ] 302/371, 10.8 task/s, elapsed: 28s, ETA:     6s[>>>>>>>>>>>>>>>>>>>>>>>      ] 303/371, 10.8 task/s, elapsed: 28s, ETA:     6s[>>>>>>>>>>>>>>>>>>>>>>>      ] 304/371, 10.8 task/s, elapsed: 28s, ETA:     6s[>>>>>>>>>>>>>>>>>>>>>>>      ] 305/371, 10.9 task/s, elapsed: 28s, ETA:     6s[>>>>>>>>>>>>>>>>>>>>>>>      ] 306/371, 10.9 task/s, elapsed: 28s, ETA:     6s[>>>>>>>>>>>>>>>>>>>>>>>      ] 307/371, 10.9 task/s, elapsed: 28s, ETA:     6s[>>>>>>>>>>>>>>>>>>>>>>>>     ] 308/371, 10.9 task/s, elapsed: 28s, ETA:     6s[>>>>>>>>>>>>>>>>>>>>>>>>     ] 309/371, 10.9 task/s, elapsed: 28s, ETA:     6s[>>>>>>>>>>>>>>>>>>>>>>>>     ] 310/371, 10.9 task/s, elapsed: 29s, ETA:     6s[>>>>>>>>>>>>>>>>>>>>>>>>     ] 311/371, 10.9 task/s, elapsed: 29s, ETA:     6s[>>>>>>>>>>>>>>>>>>>>>>>>     ] 312/371, 10.9 task/s, elapsed: 29s, ETA:     5s[>>>>>>>>>>>>>>>>>>>>>>>>     ] 313/371, 10.9 task/s, elapsed: 29s, ETA:     5s[>>>>>>>>>>>>>>>>>>>>>>>>     ] 314/371, 10.9 task/s, elapsed: 29s, ETA:     5s[>>>>>>>>>>>>>>>>>>>>>>>>     ] 315/371, 10.9 task/s, elapsed: 29s, ETA:     5s[>>>>>>>>>>>>>>>>>>>>>>>>     ] 316/371, 10.9 task/s, elapsed: 29s, ETA:     5s[>>>>>>>>>>>>>>>>>>>>>>>>     ] 317/371, 10.9 task/s, elapsed: 29s, ETA:     5s[>>>>>>>>>>>>>>>>>>>>>>>>     ] 318/371, 10.9 task/s, elapsed: 29s, ETA:     5s[>>>>>>>>>>>>>>>>>>>>>>>>     ] 319/371, 10.9 task/s, elapsed: 29s, ETA:     5s[>>>>>>>>>>>>>>>>>>>>>>>>>    ] 320/371, 10.9 task/s, elapsed: 29s, ETA:     5s[>>>>>>>>>>>>>>>>>>>>>>>>>    ] 321/371, 10.9 task/s, elapsed: 29s, ETA:     5s[>>>>>>>>>>>>>>>>>>>>>>>>>    ] 322/371, 10.9 task/s, elapsed: 30s, ETA:     4s[>>>>>>>>>>>>>>>>>>>>>>>>>    ] 323/371, 10.9 task/s, elapsed: 30s, ETA:     4s[>>>>>>>>>>>>>>>>>>>>>>>>>    ] 324/371, 10.9 task/s, elapsed: 30s, ETA:     4s[>>>>>>>>>>>>>>>>>>>>>>>>>    ] 325/371, 10.9 task/s, elapsed: 30s, ETA:     4s[>>>>>>>>>>>>>>>>>>>>>>>>>    ] 326/371, 10.9 task/s, elapsed: 30s, ETA:     4s[>>>>>>>>>>>>>>>>>>>>>>>>>    ] 327/371, 10.9 task/s, elapsed: 30s, ETA:     4s[>>>>>>>>>>>>>>>>>>>>>>>>>    ] 328/371, 10.9 task/s, elapsed: 30s, ETA:     4s[>>>>>>>>>>>>>>>>>>>>>>>>>    ] 329/371, 10.9 task/s, elapsed: 30s, ETA:     4s[>>>>>>>>>>>>>>>>>>>>>>>>>    ] 330/371, 10.9 task/s, elapsed: 30s, ETA:     4s[>>>>>>>>>>>>>>>>>>>>>>>>>    ] 331/371, 10.9 task/s, elapsed: 30s, ETA:     4s[>>>>>>>>>>>>>>>>>>>>>>>>>    ] 332/371, 10.9 task/s, elapsed: 30s, ETA:     4s[>>>>>>>>>>>>>>>>>>>>>>>>>>   ] 333/371, 10.9 task/s, elapsed: 30s, ETA:     3s[>>>>>>>>>>>>>>>>>>>>>>>>>>   ] 334/371, 10.9 task/s, elapsed: 31s, ETA:     3s[>>>>>>>>>>>>>>>>>>>>>>>>>>   ] 335/371, 10.9 task/s, elapsed: 31s, ETA:     3s[>>>>>>>>>>>>>>>>>>>>>>>>>>   ] 336/371, 10.9 task/s, elapsed: 31s, ETA:     3s[>>>>>>>>>>>>>>>>>>>>>>>>>>   ] 337/371, 10.9 task/s, elapsed: 31s, ETA:     3s[>>>>>>>>>>>>>>>>>>>>>>>>>>   ] 338/371, 10.9 task/s, elapsed: 31s, ETA:     3s[>>>>>>>>>>>>>>>>>>>>>>>>>>   ] 339/371, 11.0 task/s, elapsed: 31s, ETA:     3s[>>>>>>>>>>>>>>>>>>>>>>>>>>   ] 340/371, 11.0 task/s, elapsed: 31s, ETA:     3s[>>>>>>>>>>>>>>>>>>>>>>>>>>   ] 341/371, 11.0 task/s, elapsed: 31s, ETA:     3s[>>>>>>>>>>>>>>>>>>>>>>>>>>   ] 342/371, 11.0 task/s, elapsed: 31s, ETA:     3s[>>>>>>>>>>>>>>>>>>>>>>>>>>   ] 343/371, 11.0 task/s, elapsed: 31s, ETA:     3s[>>>>>>>>>>>>>>>>>>>>>>>>>>   ] 344/371, 11.0 task/s, elapsed: 31s, ETA:     2s[>>>>>>>>>>>>>>>>>>>>>>>>>>   ] 345/371, 11.0 task/s, elapsed: 31s, ETA:     2s[>>>>>>>>>>>>>>>>>>>>>>>>>>>  ] 346/371, 11.0 task/s, elapsed: 32s, ETA:     2s[>>>>>>>>>>>>>>>>>>>>>>>>>>>  ] 347/371, 11.0 task/s, elapsed: 32s, ETA:     2s[>>>>>>>>>>>>>>>>>>>>>>>>>>>  ] 348/371, 11.0 task/s, elapsed: 32s, ETA:     2s[>>>>>>>>>>>>>>>>>>>>>>>>>>>  ] 349/371, 11.0 task/s, elapsed: 32s, ETA:     2s[>>>>>>>>>>>>>>>>>>>>>>>>>>>  ] 350/371, 11.0 task/s, elapsed: 32s, ETA:     2s[>>>>>>>>>>>>>>>>>>>>>>>>>>>  ] 351/371, 11.0 task/s, elapsed: 32s, ETA:     2s[>>>>>>>>>>>>>>>>>>>>>>>>>>>  ] 352/371, 11.0 task/s, elapsed: 32s, ETA:     2s[>>>>>>>>>>>>>>>>>>>>>>>>>>>  ] 353/371, 11.0 task/s, elapsed: 32s, ETA:     2s[>>>>>>>>>>>>>>>>>>>>>>>>>>>  ] 354/371, 11.0 task/s, elapsed: 32s, ETA:     2s[>>>>>>>>>>>>>>>>>>>>>>>>>>>  ] 355/371, 11.0 task/s, elapsed: 32s, ETA:     1s[>>>>>>>>>>>>>>>>>>>>>>>>>>>  ] 356/371, 11.0 task/s, elapsed: 32s, ETA:     1s[>>>>>>>>>>>>>>>>>>>>>>>>>>>  ] 357/371, 11.0 task/s, elapsed: 32s, ETA:     1s[>>>>>>>>>>>>>>>>>>>>>>>>>>>  ] 358/371, 11.0 task/s, elapsed: 33s, ETA:     1s[>>>>>>>>>>>>>>>>>>>>>>>>>>>> ] 359/371, 11.0 task/s, elapsed: 33s, ETA:     1s[>>>>>>>>>>>>>>>>>>>>>>>>>>>> ] 360/371, 11.0 task/s, elapsed: 33s, ETA:     1s[>>>>>>>>>>>>>>>>>>>>>>>>>>>> ] 361/371, 11.0 task/s, elapsed: 33s, ETA:     1s[>>>>>>>>>>>>>>>>>>>>>>>>>>>> ] 362/371, 11.0 task/s, elapsed: 33s, ETA:     1s[>>>>>>>>>>>>>>>>>>>>>>>>>>>> ] 363/371, 11.0 task/s, elapsed: 33s, ETA:     1s[>>>>>>>>>>>>>>>>>>>>>>>>>>>> ] 364/371, 11.0 task/s, elapsed: 33s, ETA:     1s[>>>>>>>>>>>>>>>>>>>>>>>>>>>> ] 365/371, 11.0 task/s, elapsed: 33s, ETA:     1s[>>>>>>>>>>>>>>>>>>>>>>>>>>>> ] 366/371, 11.0 task/s, elapsed: 33s, ETA:     0s[>>>>>>>>>>>>>>>>>>>>>>>>>>>> ] 367/371, 11.0 task/s, elapsed: 33s, ETA:     0s[>>>>>>>>>>>>>>>>>>>>>>>>>>>> ] 368/371, 11.0 task/s, elapsed: 33s, ETA:     0s[>>>>>>>>>>>>>>>>>>>>>>>>>>>> ] 369/371, 11.0 task/s, elapsed: 33s, ETA:     0s[>>>>>>>>>>>>>>>>>>>>>>>>>>>> ] 370/371, 11.0 task/s, elapsed: 34s, ETA:     0s[>>>>>>>>>>>>>>>>>>>>>>>>>>>>>] 371/371, 11.0 task/s, elapsed: 34s, ETA:     0s

2026-05-12 08:57:29,466 - mmdet - INFO - Evaluating bbox...
Loading and preparing results...
DONE (t=0.00s)
creating index...
index created!
Running per image evaluation...
Evaluate annotation type *bbox*
DONE (t=1.99s).
Accumulating evaluation results...
DONE (t=0.13s).
2026-05-12 08:57:31,610 - mmdet - INFO - 
 Average Precision  (AP) @[ IoU=0.50:0.95 | area=   all | maxDets=100 ] = 0.269
 Average Precision  (AP) @[ IoU=0.50      | area=   all | maxDets=1000 ] = 0.679
 Average Precision  (AP) @[ IoU=0.75      | area=   all | maxDets=1000 ] = 0.148
 Average Precision  (AP) @[ IoU=0.50:0.95 | area= small | maxDets=1000 ] = 0.002
 Average Precision  (AP) @[ IoU=0.50:0.95 | area=medium | maxDets=1000 ] = 0.221
 Average Precision  (AP) @[ IoU=0.50:0.95 | area= large | maxDets=1000 ] = 0.344
 Average Recall     (AR) @[ IoU=0.50:0.95 | area=   all | maxDets=100 ] = 0.397
 Average Recall     (AR) @[ IoU=0.50:0.95 | area=   all | maxDets=300 ] = 0.397
 Average Recall     (AR) @[ IoU=0.50:0.95 | area=   all | maxDets=1000 ] = 0.397
 Average Recall     (AR) @[ IoU=0.50:0.95 | area= small | maxDets=1000 ] = 0.031
 Average Recall     (AR) @[ IoU=0.50:0.95 | area=medium | maxDets=1000 ] = 0.349
 Average Recall     (AR) @[ IoU=0.50:0.95 | area= large | maxDets=1000 ] = 0.468

2026-05-12 08:57:31,615 - mmdet - INFO - Exp name: fold_1_r50_300e_hbb.py
2026-05-12 08:57:31,615 - mmdet - INFO - Epoch(val) [190][371]	bbox_mAP: 0.2690, bbox_mAP_50: 0.6790, bbox_mAP_75: 0.1480, bbox_mAP_s: 0.0020, bbox_mAP_m: 0.2210, bbox_mAP_l: 0.3440, bbox_mAP_copypaste: 0.269 0.679 0.148 0.002 0.221 0.344
2026-05-12 08:58:01,264 - mmdet - INFO - Epoch [191][50/186]	lr: 5.933e-03, eta: 2:29:10, time: 0.591, data_time: 0.083, memory: 6155, loss_rpn_cls: 0.0140, loss_rpn_bbox: 0.0021, loss_cls: 0.0663, acc: 97.5010, loss_bbox: 0.0407, loss: 0.1231, grad_norm: 1.1447
2026-05-12 08:58:27,106 - mmdet - INFO - Epoch [191][100/186]	lr: 5.933e-03, eta: 2:28:50, time: 0.519, data_time: 0.015, memory: 6155, loss_rpn_cls: 0.0107, loss_rpn_bbox: 0.0018, loss_cls: 0.0616, acc: 97.7168, loss_bbox: 0.0384, loss: 0.1125, grad_norm: 1.0253
2026-05-12 08:58:53,002 - mmdet - INFO - Epoch [191][150/186]	lr: 5.933e-03, eta: 2:28:30, time: 0.516, data_time: 0.013, memory: 6155, loss_rpn_cls: 0.0152, loss_rpn_bbox: 0.0022, loss_cls: 0.0623, acc: 97.6709, loss_bbox: 0.0393, loss: 0.1191, grad_norm: 1.0231
2026-05-12 08:59:41,370 - mmdet - INFO - Epoch [192][50/186]	lr: 5.838e-03, eta: 2:27:48, time: 0.593, data_time: 0.083, memory: 6155, loss_rpn_cls: 0.0157, loss_rpn_bbox: 0.0021, loss_cls: 0.0608, acc: 97.7715, loss_bbox: 0.0380, loss: 0.1165, grad_norm: 1.0661
2026-05-12 09:00:07,207 - mmdet - INFO - Epoch [192][100/186]	lr: 5.838e-03, eta: 2:27:28, time: 0.515, data_time: 0.013, memory: 6155, loss_rpn_cls: 0.0127, loss_rpn_bbox: 0.0023, loss_cls: 0.0643, acc: 97.6035, loss_bbox: 0.0422, loss: 0.1214, grad_norm: 1.0840
2026-05-12 09:00:33,068 - mmdet - INFO - Epoch [192][150/186]	lr: 5.838e-03, eta: 2:27:09, time: 0.519, data_time: 0.015, memory: 6155, loss_rpn_cls: 0.0142, loss_rpn_bbox: 0.0020, loss_cls: 0.0674, acc: 97.4863, loss_bbox: 0.0419, loss: 0.1256, grad_norm: 1.0773
2026-05-12 09:01:21,397 - mmdet - INFO - Epoch [193][50/186]	lr: 5.743e-03, eta: 2:26:26, time: 0.589, data_time: 0.083, memory: 6155, loss_rpn_cls: 0.0097, loss_rpn_bbox: 0.0016, loss_cls: 0.0588, acc: 97.7803, loss_bbox: 0.0364, loss: 0.1066, grad_norm: 1.0887
2026-05-12 09:01:47,308 - mmdet - INFO - Epoch [193][100/186]	lr: 5.743e-03, eta: 2:26:07, time: 0.520, data_time: 0.015, memory: 6155, loss_rpn_cls: 0.0178, loss_rpn_bbox: 0.0023, loss_cls: 0.0662, acc: 97.4785, loss_bbox: 0.0410, loss: 0.1272, grad_norm: 1.1404
2026-05-12 09:02:13,313 - mmdet - INFO - Epoch [193][150/186]	lr: 5.743e-03, eta: 2:25:47, time: 0.518, data_time: 0.013, memory: 6155, loss_rpn_cls: 0.0099, loss_rpn_bbox: 0.0020, loss_cls: 0.0635, acc: 97.5879, loss_bbox: 0.0396, loss: 0.1150, grad_norm: 1.0887
2026-05-12 09:03:01,671 - mmdet - INFO - Epoch [194][50/186]	lr: 5.648e-03, eta: 2:25:05, time: 0.592, data_time: 0.084, memory: 6155, loss_rpn_cls: 0.0133, loss_rpn_bbox: 0.0020, loss_cls: 0.0686, acc: 97.4766, loss_bbox: 0.0423, loss: 0.1262, grad_norm: 1.1516
2026-05-12 09:03:27,558 - mmdet - INFO - Epoch [194][100/186]	lr: 5.648e-03, eta: 2:24:45, time: 0.516, data_time: 0.013, memory: 6155, loss_rpn_cls: 0.0121, loss_rpn_bbox: 0.0019, loss_cls: 0.0594, acc: 97.8018, loss_bbox: 0.0356, loss: 0.1090, grad_norm: 1.0997
2026-05-12 09:03:53,563 - mmdet - INFO - Epoch [194][150/186]	lr: 5.648e-03, eta: 2:24:25, time: 0.522, data_time: 0.015, memory: 6155, loss_rpn_cls: 0.0180, loss_rpn_bbox: 0.0022, loss_cls: 0.0588, acc: 97.8105, loss_bbox: 0.0379, loss: 0.1169, grad_norm: 1.0858
2026-05-12 09:04:42,017 - mmdet - INFO - Epoch [195][50/186]	lr: 5.554e-03, eta: 2:23:43, time: 0.590, data_time: 0.084, memory: 6155, loss_rpn_cls: 0.0107, loss_rpn_bbox: 0.0018, loss_cls: 0.0608, acc: 97.7402, loss_bbox: 0.0401, loss: 0.1134, grad_norm: 1.0168
2026-05-12 09:05:07,940 - mmdet - INFO - Epoch [195][100/186]	lr: 5.554e-03, eta: 2:23:23, time: 0.520, data_time: 0.015, memory: 6155, loss_rpn_cls: 0.0150, loss_rpn_bbox: 0.0019, loss_cls: 0.0627, acc: 97.5996, loss_bbox: 0.0412, loss: 0.1209, grad_norm: 1.0441
2026-05-12 09:05:33,881 - mmdet - INFO - Epoch [195][150/186]	lr: 5.554e-03, eta: 2:23:03, time: 0.517, data_time: 0.013, memory: 6155, loss_rpn_cls: 0.0108, loss_rpn_bbox: 0.0019, loss_cls: 0.0644, acc: 97.5820, loss_bbox: 0.0399, loss: 0.1169, grad_norm: 1.0777
2026-05-12 09:06:22,162 - mmdet - INFO - Epoch [196][50/186]	lr: 5.461e-03, eta: 2:22:21, time: 0.591, data_time: 0.084, memory: 6155, loss_rpn_cls: 0.0117, loss_rpn_bbox: 0.0020, loss_cls: 0.0653, acc: 97.5137, loss_bbox: 0.0412, loss: 0.1202, grad_norm: 1.0665
2026-05-12 09:06:47,988 - mmdet - INFO - Epoch [196][100/186]	lr: 5.461e-03, eta: 2:22:01, time: 0.515, data_time: 0.013, memory: 6155, loss_rpn_cls: 0.0182, loss_rpn_bbox: 0.0022, loss_cls: 0.0689, acc: 97.4033, loss_bbox: 0.0434, loss: 0.1328, grad_norm: 1.1229
2026-05-12 09:07:13,941 - mmdet - INFO - Epoch [196][150/186]	lr: 5.461e-03, eta: 2:21:42, time: 0.521, data_time: 0.015, memory: 6155, loss_rpn_cls: 0.0087, loss_rpn_bbox: 0.0018, loss_cls: 0.0615, acc: 97.6807, loss_bbox: 0.0387, loss: 0.1108, grad_norm: 1.0752
2026-05-12 09:08:02,418 - mmdet - INFO - Epoch [197][50/186]	lr: 5.368e-03, eta: 2:21:00, time: 0.591, data_time: 0.083, memory: 6155, loss_rpn_cls: 0.0107, loss_rpn_bbox: 0.0016, loss_cls: 0.0553, acc: 97.9404, loss_bbox: 0.0348, loss: 0.1024, grad_norm: 0.9877
2026-05-12 09:08:28,232 - mmdet - INFO - Epoch [197][100/186]	lr: 5.368e-03, eta: 2:20:40, time: 0.518, data_time: 0.015, memory: 6155, loss_rpn_cls: 0.0194, loss_rpn_bbox: 0.0021, loss_cls: 0.0686, acc: 97.4248, loss_bbox: 0.0423, loss: 0.1324, grad_norm: 1.0924
2026-05-12 09:08:54,241 - mmdet - INFO - Epoch [197][150/186]	lr: 5.368e-03, eta: 2:20:20, time: 0.518, data_time: 0.013, memory: 6155, loss_rpn_cls: 0.0100, loss_rpn_bbox: 0.0021, loss_cls: 0.0679, acc: 97.4111, loss_bbox: 0.0444, loss: 0.1244, grad_norm: 1.0776
2026-05-12 09:09:42,519 - mmdet - INFO - Epoch [198][50/186]	lr: 5.275e-03, eta: 2:19:38, time: 0.591, data_time: 0.084, memory: 6155, loss_rpn_cls: 0.0082, loss_rpn_bbox: 0.0020, loss_cls: 0.0671, acc: 97.4912, loss_bbox: 0.0432, loss: 0.1204, grad_norm: 1.0448
2026-05-12 09:10:08,401 - mmdet - INFO - Epoch [198][100/186]	lr: 5.275e-03, eta: 2:19:18, time: 0.516, data_time: 0.013, memory: 6155, loss_rpn_cls: 0.0165, loss_rpn_bbox: 0.0021, loss_cls: 0.0676, acc: 97.6084, loss_bbox: 0.0405, loss: 0.1266, grad_norm: 1.1069
2026-05-12 09:10:34,338 - mmdet - INFO - Epoch [198][150/186]	lr: 5.275e-03, eta: 2:18:58, time: 0.521, data_time: 0.015, memory: 6155, loss_rpn_cls: 0.0107, loss_rpn_bbox: 0.0017, loss_cls: 0.0590, acc: 97.8418, loss_bbox: 0.0348, loss: 0.1062, grad_norm: 1.0641
2026-05-12 09:11:22,786 - mmdet - INFO - Epoch [199][50/186]	lr: 5.183e-03, eta: 2:18:16, time: 0.591, data_time: 0.084, memory: 6155, loss_rpn_cls: 0.0121, loss_rpn_bbox: 0.0020, loss_cls: 0.0619, acc: 97.7148, loss_bbox: 0.0390, loss: 0.1150, grad_norm: 1.0674
2026-05-12 09:11:48,687 - mmdet - INFO - Epoch [199][100/186]	lr: 5.183e-03, eta: 2:17:56, time: 0.520, data_time: 0.015, memory: 6155, loss_rpn_cls: 0.0180, loss_rpn_bbox: 0.0020, loss_cls: 0.0652, acc: 97.5566, loss_bbox: 0.0386, loss: 0.1239, grad_norm: 1.1704
2026-05-12 09:12:14,686 - mmdet - INFO - Epoch [199][150/186]	lr: 5.183e-03, eta: 2:17:37, time: 0.518, data_time: 0.013, memory: 6155, loss_rpn_cls: 0.0093, loss_rpn_bbox: 0.0017, loss_cls: 0.0635, acc: 97.6250, loss_bbox: 0.0388, loss: 0.1134, grad_norm: 1.1142
2026-05-12 09:13:03,039 - mmdet - INFO - Epoch [200][50/186]	lr: 5.092e-03, eta: 2:16:55, time: 0.591, data_time: 0.084, memory: 6155, loss_rpn_cls: 0.0142, loss_rpn_bbox: 0.0020, loss_cls: 0.0605, acc: 97.7158, loss_bbox: 0.0385, loss: 0.1152, grad_norm: 1.0693
2026-05-12 09:13:28,819 - mmdet - INFO - Epoch [200][100/186]	lr: 5.092e-03, eta: 2:16:35, time: 0.514, data_time: 0.013, memory: 6155, loss_rpn_cls: 0.0117, loss_rpn_bbox: 0.0017, loss_cls: 0.0490, acc: 98.1709, loss_bbox: 0.0310, loss: 0.0935, grad_norm: 0.9729
2026-05-12 09:13:54,747 - mmdet - INFO - Epoch [200][150/186]	lr: 5.092e-03, eta: 2:16:15, time: 0.520, data_time: 0.015, memory: 6155, loss_rpn_cls: 0.0147, loss_rpn_bbox: 0.0019, loss_cls: 0.0600, acc: 97.7819, loss_bbox: 0.0394, loss: 0.1161, grad_norm: 0.9909
2026-05-12 09:14:13,486 - mmdet - INFO - Saving checkpoint at 200 epochs
[                                                  ] 0/371, elapsed: 0s, ETA:[                                 ] 1/371, 0.4 task/s, elapsed: 3s, ETA:   954s[                                 ] 2/371, 0.7 task/s, elapsed: 3s, ETA:   493s[                                 ] 3/371, 1.1 task/s, elapsed: 3s, ETA:   338s[                                 ] 4/371, 1.4 task/s, elapsed: 3s, ETA:   260s[                                 ] 5/371, 1.7 task/s, elapsed: 3s, ETA:   214s[                                 ] 6/371, 2.0 task/s, elapsed: 3s, ETA:   183s[                                 ] 7/371, 2.3 task/s, elapsed: 3s, ETA:   161s[                                 ] 8/371, 2.5 task/s, elapsed: 3s, ETA:   144s[                                 ] 9/371, 2.8 task/s, elapsed: 3s, ETA:   131s[                                ] 10/371, 3.0 task/s, elapsed: 3s, ETA:   121s[                                ] 11/371, 3.2 task/s, elapsed: 3s, ETA:   112s[>                               ] 12/371, 3.4 task/s, elapsed: 4s, ETA:   105s[>                               ] 13/371, 3.6 task/s, elapsed: 4s, ETA:    99s[>                               ] 14/371, 3.8 task/s, elapsed: 4s, ETA:    94s[>                               ] 15/371, 4.0 task/s, elapsed: 4s, ETA:    89s[>                               ] 16/371, 4.2 task/s, elapsed: 4s, ETA:    85s[>                               ] 17/371, 4.3 task/s, elapsed: 4s, ETA:    82s[>                               ] 18/371, 4.5 task/s, elapsed: 4s, ETA:    79s[>                               ] 19/371, 4.6 task/s, elapsed: 4s, ETA:    76s[>                               ] 20/371, 4.8 task/s, elapsed: 4s, ETA:    73s[>                               ] 21/371, 4.9 task/s, elapsed: 4s, ETA:    71s[>                               ] 22/371, 5.1 task/s, elapsed: 4s, ETA:    69s[>                               ] 23/371, 5.2 task/s, elapsed: 4s, ETA:    67s[>>                              ] 24/371, 5.3 task/s, elapsed: 5s, ETA:    65s[>>                              ] 25/371, 5.4 task/s, elapsed: 5s, ETA:    64s[>>                              ] 26/371, 5.6 task/s, elapsed: 5s, ETA:    62s[>>                              ] 27/371, 5.7 task/s, elapsed: 5s, ETA:    61s[>>                              ] 28/371, 5.8 task/s, elapsed: 5s, ETA:    59s[>>                              ] 29/371, 5.9 task/s, elapsed: 5s, ETA:    58s[>>                              ] 30/371, 6.0 task/s, elapsed: 5s, ETA:    57s[>>                              ] 31/371, 6.1 task/s, elapsed: 5s, ETA:    56s[>>                              ] 32/371, 6.2 task/s, elapsed: 5s, ETA:    55s[>>                              ] 33/371, 6.3 task/s, elapsed: 5s, ETA:    54s[>>                              ] 34/371, 6.4 task/s, elapsed: 5s, ETA:    53s[>>>                             ] 35/371, 6.4 task/s, elapsed: 5s, ETA:    52s[>>>                             ] 36/371, 6.5 task/s, elapsed: 6s, ETA:    51s[>>>                             ] 37/371, 6.6 task/s, elapsed: 6s, ETA:    51s[>>>                             ] 38/371, 6.7 task/s, elapsed: 6s, ETA:    50s[>>>                             ] 39/371, 6.8 task/s, elapsed: 6s, ETA:    49s[>>>                             ] 40/371, 6.8 task/s, elapsed: 6s, ETA:    48s[>>>                             ] 41/371, 6.9 task/s, elapsed: 6s, ETA:    48s[>>>                             ] 42/371, 7.0 task/s, elapsed: 6s, ETA:    47s[>>>                             ] 43/371, 7.0 task/s, elapsed: 6s, ETA:    47s[>>>                             ] 44/371, 7.1 task/s, elapsed: 6s, ETA:    46s[>>>                             ] 45/371, 7.2 task/s, elapsed: 6s, ETA:    45s[>>>                             ] 46/371, 7.2 task/s, elapsed: 6s, ETA:    45s[>>>>                            ] 47/371, 7.3 task/s, elapsed: 6s, ETA:    44s[>>>>                            ] 48/371, 7.4 task/s, elapsed: 7s, ETA:    44s[>>>>                            ] 49/371, 7.4 task/s, elapsed: 7s, ETA:    43s[>>>>                            ] 50/371, 7.5 task/s, elapsed: 7s, ETA:    43s[>>>>                            ] 51/371, 7.5 task/s, elapsed: 7s, ETA:    42s[>>>>                            ] 52/371, 7.6 task/s, elapsed: 7s, ETA:    42s[>>>>                            ] 53/371, 7.6 task/s, elapsed: 7s, ETA:    42s[>>>>                            ] 54/371, 7.7 task/s, elapsed: 7s, ETA:    41s[>>>>                            ] 55/371, 7.7 task/s, elapsed: 7s, ETA:    41s[>>>>                            ] 56/371, 7.8 task/s, elapsed: 7s, ETA:    40s[>>>>                            ] 57/371, 7.8 task/s, elapsed: 7s, ETA:    40s[>>>>>                           ] 58/371, 7.9 task/s, elapsed: 7s, ETA:    40s[>>>>>                           ] 59/371, 7.9 task/s, elapsed: 7s, ETA:    39s[>>>>>                           ] 60/371, 8.0 task/s, elapsed: 8s, ETA:    39s[>>>>>                           ] 61/371, 8.0 task/s, elapsed: 8s, ETA:    39s[>>>>>                           ] 62/371, 8.1 task/s, elapsed: 8s, ETA:    38s[>>>>>                           ] 63/371, 8.1 task/s, elapsed: 8s, ETA:    38s[>>>>>                           ] 64/371, 8.1 task/s, elapsed: 8s, ETA:    38s[>>>>>                           ] 65/371, 8.2 task/s, elapsed: 8s, ETA:    37s[>>>>>                           ] 66/371, 8.2 task/s, elapsed: 8s, ETA:    37s[>>>>>                           ] 67/371, 8.3 task/s, elapsed: 8s, ETA:    37s[>>>>>                           ] 68/371, 8.3 task/s, elapsed: 8s, ETA:    37s[>>>>>                           ] 69/371, 8.3 task/s, elapsed: 8s, ETA:    36s[>>>>>>                          ] 70/371, 8.4 task/s, elapsed: 8s, ETA:    36s[>>>>>>                          ] 71/371, 8.4 task/s, elapsed: 8s, ETA:    36s[>>>>>>                          ] 72/371, 8.4 task/s, elapsed: 9s, ETA:    35s[>>>>>>                          ] 73/371, 8.5 task/s, elapsed: 9s, ETA:    35s[>>>>>>                          ] 74/371, 8.5 task/s, elapsed: 9s, ETA:    35s[>>>>>>                          ] 75/371, 8.5 task/s, elapsed: 9s, ETA:    35s[>>>>>>                          ] 76/371, 8.6 task/s, elapsed: 9s, ETA:    34s[>>>>>>                          ] 77/371, 8.6 task/s, elapsed: 9s, ETA:    34s[>>>>>>                          ] 78/371, 8.6 task/s, elapsed: 9s, ETA:    34s[>>>>>>                          ] 79/371, 8.7 task/s, elapsed: 9s, ETA:    34s[>>>>>>                          ] 80/371, 8.7 task/s, elapsed: 9s, ETA:    33s[>>>>>>                          ] 81/371, 8.7 task/s, elapsed: 9s, ETA:    33s[>>>>>>>                         ] 82/371, 8.8 task/s, elapsed: 9s, ETA:    33s[>>>>>>>                         ] 83/371, 8.8 task/s, elapsed: 9s, ETA:    33s[>>>>>>>                        ] 84/371, 8.8 task/s, elapsed: 10s, ETA:    33s[>>>>>>>                        ] 85/371, 8.8 task/s, elapsed: 10s, ETA:    32s[>>>>>>>                        ] 86/371, 8.9 task/s, elapsed: 10s, ETA:    32s[>>>>>>>                        ] 87/371, 8.9 task/s, elapsed: 10s, ETA:    32s[>>>>>>>                        ] 88/371, 8.9 task/s, elapsed: 10s, ETA:    32s[>>>>>>>                        ] 89/371, 8.9 task/s, elapsed: 10s, ETA:    32s[>>>>>>>                        ] 90/371, 9.0 task/s, elapsed: 10s, ETA:    31s[>>>>>>>                        ] 91/371, 9.0 task/s, elapsed: 10s, ETA:    31s[>>>>>>>                        ] 92/371, 9.0 task/s, elapsed: 10s, ETA:    31s[>>>>>>>                        ] 93/371, 9.0 task/s, elapsed: 10s, ETA:    31s[>>>>>>>                        ] 94/371, 9.1 task/s, elapsed: 10s, ETA:    31s[>>>>>>>                        ] 95/371, 9.1 task/s, elapsed: 10s, ETA:    30s[>>>>>>>>                       ] 96/371, 9.1 task/s, elapsed: 11s, ETA:    30s[>>>>>>>>                       ] 97/371, 9.1 task/s, elapsed: 11s, ETA:    30s[>>>>>>>>                       ] 98/371, 9.2 task/s, elapsed: 11s, ETA:    30s[>>>>>>>>                       ] 99/371, 9.2 task/s, elapsed: 11s, ETA:    30s[>>>>>>>>                      ] 100/371, 9.2 task/s, elapsed: 11s, ETA:    29s[>>>>>>>>                      ] 101/371, 9.2 task/s, elapsed: 11s, ETA:    29s[>>>>>>>>                      ] 102/371, 9.2 task/s, elapsed: 11s, ETA:    29s[>>>>>>>>                      ] 103/371, 9.3 task/s, elapsed: 11s, ETA:    29s[>>>>>>>>                      ] 104/371, 9.3 task/s, elapsed: 11s, ETA:    29s[>>>>>>>>                      ] 105/371, 9.3 task/s, elapsed: 11s, ETA:    29s[>>>>>>>>                      ] 106/371, 9.3 task/s, elapsed: 11s, ETA:    28s[>>>>>>>>                      ] 107/371, 9.3 task/s, elapsed: 11s, ETA:    28s[>>>>>>>>                      ] 108/371, 9.4 task/s, elapsed: 12s, ETA:    28s[>>>>>>>>                      ] 109/371, 9.4 task/s, elapsed: 12s, ETA:    28s[>>>>>>>>                      ] 110/371, 9.4 task/s, elapsed: 12s, ETA:    28s[>>>>>>>>                      ] 111/371, 9.4 task/s, elapsed: 12s, ETA:    28s[>>>>>>>>>                     ] 112/371, 9.4 task/s, elapsed: 12s, ETA:    27s[>>>>>>>>>                     ] 113/371, 9.4 task/s, elapsed: 12s, ETA:    27s[>>>>>>>>>                     ] 114/371, 9.5 task/s, elapsed: 12s, ETA:    27s[>>>>>>>>>                     ] 115/371, 9.5 task/s, elapsed: 12s, ETA:    27s[>>>>>>>>>                     ] 116/371, 9.5 task/s, elapsed: 12s, ETA:    27s[>>>>>>>>>                     ] 117/371, 9.5 task/s, elapsed: 12s, ETA:    27s[>>>>>>>>>                     ] 118/371, 9.5 task/s, elapsed: 12s, ETA:    27s[>>>>>>>>>                     ] 119/371, 9.5 task/s, elapsed: 12s, ETA:    26s[>>>>>>>>>                     ] 120/371, 9.6 task/s, elapsed: 13s, ETA:    26s[>>>>>>>>>                     ] 121/371, 9.6 task/s, elapsed: 13s, ETA:    26s[>>>>>>>>>                     ] 122/371, 9.6 task/s, elapsed: 13s, ETA:    26s[>>>>>>>>>                     ] 123/371, 9.6 task/s, elapsed: 13s, ETA:    26s[>>>>>>>>>>                    ] 124/371, 9.6 task/s, elapsed: 13s, ETA:    26s[>>>>>>>>>>                    ] 125/371, 9.6 task/s, elapsed: 13s, ETA:    26s[>>>>>>>>>>                    ] 126/371, 9.7 task/s, elapsed: 13s, ETA:    25s[>>>>>>>>>>                    ] 127/371, 9.7 task/s, elapsed: 13s, ETA:    25s[>>>>>>>>>>                    ] 128/371, 9.7 task/s, elapsed: 13s, ETA:    25s[>>>>>>>>>>                    ] 129/371, 9.7 task/s, elapsed: 13s, ETA:    25s[>>>>>>>>>>                    ] 130/371, 9.7 task/s, elapsed: 13s, ETA:    25s[>>>>>>>>>>                    ] 131/371, 9.7 task/s, elapsed: 13s, ETA:    25s[>>>>>>>>>>                    ] 132/371, 9.7 task/s, elapsed: 14s, ETA:    25s[>>>>>>>>>>                    ] 133/371, 9.8 task/s, elapsed: 14s, ETA:    24s[>>>>>>>>>>                    ] 134/371, 9.8 task/s, elapsed: 14s, ETA:    24s[>>>>>>>>>>                    ] 135/371, 9.8 task/s, elapsed: 14s, ETA:    24s[>>>>>>>>>>                    ] 136/371, 9.8 task/s, elapsed: 14s, ETA:    24s[>>>>>>>>>>>                   ] 137/371, 9.8 task/s, elapsed: 14s, ETA:    24s[>>>>>>>>>>>                   ] 138/371, 9.8 task/s, elapsed: 14s, ETA:    24s[>>>>>>>>>>>                   ] 139/371, 9.8 task/s, elapsed: 14s, ETA:    24s[>>>>>>>>>>>                   ] 140/371, 9.8 task/s, elapsed: 14s, ETA:    23s[>>>>>>>>>>>                   ] 141/371, 9.9 task/s, elapsed: 14s, ETA:    23s[>>>>>>>>>>>                   ] 142/371, 9.9 task/s, elapsed: 14s, ETA:    23s[>>>>>>>>>>>                   ] 143/371, 9.9 task/s, elapsed: 14s, ETA:    23s[>>>>>>>>>>>                   ] 144/371, 9.9 task/s, elapsed: 15s, ETA:    23s[>>>>>>>>>>>                   ] 145/371, 9.9 task/s, elapsed: 15s, ETA:    23s[>>>>>>>>>>>                   ] 146/371, 9.9 task/s, elapsed: 15s, ETA:    23s[>>>>>>>>>>>                   ] 147/371, 9.9 task/s, elapsed: 15s, ETA:    23s[>>>>>>>>>>>                   ] 148/371, 9.9 task/s, elapsed: 15s, ETA:    22s[>>>>>>>>>>>>                  ] 149/371, 9.9 task/s, elapsed: 15s, ETA:    22s[>>>>>>>>>>>                  ] 150/371, 10.0 task/s, elapsed: 15s, ETA:    22s[>>>>>>>>>>>                  ] 151/371, 10.0 task/s, elapsed: 15s, ETA:    22s[>>>>>>>>>>>                  ] 152/371, 10.0 task/s, elapsed: 15s, ETA:    22s[>>>>>>>>>>>                  ] 153/371, 10.0 task/s, elapsed: 15s, ETA:    22s[>>>>>>>>>>>>                 ] 154/371, 10.0 task/s, elapsed: 15s, ETA:    22s[>>>>>>>>>>>>                 ] 155/371, 10.0 task/s, elapsed: 15s, ETA:    22s[>>>>>>>>>>>>                 ] 156/371, 10.0 task/s, elapsed: 16s, ETA:    21s[>>>>>>>>>>>>                 ] 157/371, 10.0 task/s, elapsed: 16s, ETA:    21s[>>>>>>>>>>>>                 ] 158/371, 10.0 task/s, elapsed: 16s, ETA:    21s[>>>>>>>>>>>>                 ] 159/371, 10.1 task/s, elapsed: 16s, ETA:    21s[>>>>>>>>>>>>                 ] 160/371, 10.1 task/s, elapsed: 16s, ETA:    21s[>>>>>>>>>>>>                 ] 161/371, 10.1 task/s, elapsed: 16s, ETA:    21s[>>>>>>>>>>>>                 ] 162/371, 10.1 task/s, elapsed: 16s, ETA:    21s[>>>>>>>>>>>>                 ] 163/371, 10.1 task/s, elapsed: 16s, ETA:    21s[>>>>>>>>>>>>                 ] 164/371, 10.1 task/s, elapsed: 16s, ETA:    20s[>>>>>>>>>>>>                 ] 165/371, 10.1 task/s, elapsed: 16s, ETA:    20s[>>>>>>>>>>>>                 ] 166/371, 10.1 task/s, elapsed: 16s, ETA:    20s[>>>>>>>>>>>>>                ] 167/371, 10.1 task/s, elapsed: 16s, ETA:    20s[>>>>>>>>>>>>>                ] 168/371, 10.1 task/s, elapsed: 17s, ETA:    20s[>>>>>>>>>>>>>                ] 169/371, 10.1 task/s, elapsed: 17s, ETA:    20s[>>>>>>>>>>>>>                ] 170/371, 10.2 task/s, elapsed: 17s, ETA:    20s[>>>>>>>>>>>>>                ] 171/371, 10.2 task/s, elapsed: 17s, ETA:    20s[>>>>>>>>>>>>>                ] 172/371, 10.2 task/s, elapsed: 17s, ETA:    20s[>>>>>>>>>>>>>                ] 173/371, 10.2 task/s, elapsed: 17s, ETA:    19s[>>>>>>>>>>>>>                ] 174/371, 10.2 task/s, elapsed: 17s, ETA:    19s[>>>>>>>>>>>>>                ] 175/371, 10.2 task/s, elapsed: 17s, ETA:    19s[>>>>>>>>>>>>>                ] 176/371, 10.2 task/s, elapsed: 17s, ETA:    19s[>>>>>>>>>>>>>                ] 177/371, 10.2 task/s, elapsed: 17s, ETA:    19s[>>>>>>>>>>>>>                ] 178/371, 10.2 task/s, elapsed: 17s, ETA:    19s[>>>>>>>>>>>>>                ] 179/371, 10.2 task/s, elapsed: 17s, ETA:    19s[>>>>>>>>>>>>>>               ] 180/371, 10.2 task/s, elapsed: 18s, ETA:    19s[>>>>>>>>>>>>>>               ] 181/371, 10.3 task/s, elapsed: 18s, ETA:    19s[>>>>>>>>>>>>>>               ] 182/371, 10.3 task/s, elapsed: 18s, ETA:    18s[>>>>>>>>>>>>>>               ] 183/371, 10.3 task/s, elapsed: 18s, ETA:    18s[>>>>>>>>>>>>>>               ] 184/371, 10.3 task/s, elapsed: 18s, ETA:    18s[>>>>>>>>>>>>>>               ] 185/371, 10.3 task/s, elapsed: 18s, ETA:    18s[>>>>>>>>>>>>>>               ] 186/371, 10.3 task/s, elapsed: 18s, ETA:    18s[>>>>>>>>>>>>>>               ] 187/371, 10.3 task/s, elapsed: 18s, ETA:    18s[>>>>>>>>>>>>>>               ] 188/371, 10.3 task/s, elapsed: 18s, ETA:    18s[>>>>>>>>>>>>>>               ] 189/371, 10.3 task/s, elapsed: 18s, ETA:    18s[>>>>>>>>>>>>>>               ] 190/371, 10.3 task/s, elapsed: 18s, ETA:    18s[>>>>>>>>>>>>>>               ] 191/371, 10.3 task/s, elapsed: 18s, ETA:    17s[>>>>>>>>>>>>>>>              ] 192/371, 10.3 task/s, elapsed: 19s, ETA:    17s[>>>>>>>>>>>>>>>              ] 193/371, 10.3 task/s, elapsed: 19s, ETA:    17s[>>>>>>>>>>>>>>>              ] 194/371, 10.3 task/s, elapsed: 19s, ETA:    17s[>>>>>>>>>>>>>>>              ] 195/371, 10.4 task/s, elapsed: 19s, ETA:    17s[>>>>>>>>>>>>>>>              ] 196/371, 10.4 task/s, elapsed: 19s, ETA:    17s[>>>>>>>>>>>>>>>              ] 197/371, 10.4 task/s, elapsed: 19s, ETA:    17s[>>>>>>>>>>>>>>>              ] 198/371, 10.4 task/s, elapsed: 19s, ETA:    17s[>>>>>>>>>>>>>>>              ] 199/371, 10.4 task/s, elapsed: 19s, ETA:    17s[>>>>>>>>>>>>>>>              ] 200/371, 10.4 task/s, elapsed: 19s, ETA:    16s[>>>>>>>>>>>>>>>              ] 201/371, 10.4 task/s, elapsed: 19s, ETA:    16s[>>>>>>>>>>>>>>>              ] 202/371, 10.4 task/s, elapsed: 19s, ETA:    16s[>>>>>>>>>>>>>>>              ] 203/371, 10.4 task/s, elapsed: 19s, ETA:    16s[>>>>>>>>>>>>>>>              ] 204/371, 10.4 task/s, elapsed: 20s, ETA:    16s[>>>>>>>>>>>>>>>>             ] 205/371, 10.4 task/s, elapsed: 20s, ETA:    16s[>>>>>>>>>>>>>>>>             ] 206/371, 10.4 task/s, elapsed: 20s, ETA:    16s[>>>>>>>>>>>>>>>>             ] 207/371, 10.4 task/s, elapsed: 20s, ETA:    16s[>>>>>>>>>>>>>>>>             ] 208/371, 10.4 task/s, elapsed: 20s, ETA:    16s[>>>>>>>>>>>>>>>>             ] 209/371, 10.4 task/s, elapsed: 20s, ETA:    16s[>>>>>>>>>>>>>>>>             ] 210/371, 10.5 task/s, elapsed: 20s, ETA:    15s[>>>>>>>>>>>>>>>>             ] 211/371, 10.5 task/s, elapsed: 20s, ETA:    15s[>>>>>>>>>>>>>>>>             ] 212/371, 10.5 task/s, elapsed: 20s, ETA:    15s[>>>>>>>>>>>>>>>>             ] 213/371, 10.5 task/s, elapsed: 20s, ETA:    15s[>>>>>>>>>>>>>>>>             ] 214/371, 10.5 task/s, elapsed: 20s, ETA:    15s[>>>>>>>>>>>>>>>>             ] 215/371, 10.5 task/s, elapsed: 21s, ETA:    15s[>>>>>>>>>>>>>>>>             ] 216/371, 10.5 task/s, elapsed: 21s, ETA:    15s[>>>>>>>>>>>>>>>>             ] 217/371, 10.5 task/s, elapsed: 21s, ETA:    15s[>>>>>>>>>>>>>>>>>            ] 218/371, 10.5 task/s, elapsed: 21s, ETA:    15s[>>>>>>>>>>>>>>>>>            ] 219/371, 10.5 task/s, elapsed: 21s, ETA:    14s[>>>>>>>>>>>>>>>>>            ] 220/371, 10.5 task/s, elapsed: 21s, ETA:    14s[>>>>>>>>>>>>>>>>>            ] 221/371, 10.5 task/s, elapsed: 21s, ETA:    14s[>>>>>>>>>>>>>>>>>            ] 222/371, 10.5 task/s, elapsed: 21s, ETA:    14s[>>>>>>>>>>>>>>>>>            ] 223/371, 10.5 task/s, elapsed: 21s, ETA:    14s[>>>>>>>>>>>>>>>>>            ] 224/371, 10.5 task/s, elapsed: 21s, ETA:    14s[>>>>>>>>>>>>>>>>>            ] 225/371, 10.5 task/s, elapsed: 21s, ETA:    14s[>>>>>>>>>>>>>>>>>            ] 226/371, 10.5 task/s, elapsed: 21s, ETA:    14s[>>>>>>>>>>>>>>>>>            ] 227/371, 10.5 task/s, elapsed: 22s, ETA:    14s[>>>>>>>>>>>>>>>>>            ] 228/371, 10.6 task/s, elapsed: 22s, ETA:    14s[>>>>>>>>>>>>>>>>>            ] 229/371, 10.6 task/s, elapsed: 22s, ETA:    13s[>>>>>>>>>>>>>>>>>            ] 230/371, 10.6 task/s, elapsed: 22s, ETA:    13s[>>>>>>>>>>>>>>>>>>           ] 231/371, 10.6 task/s, elapsed: 22s, ETA:    13s[>>>>>>>>>>>>>>>>>>           ] 232/371, 10.6 task/s, elapsed: 22s, ETA:    13s[>>>>>>>>>>>>>>>>>>           ] 233/371, 10.6 task/s, elapsed: 22s, ETA:    13s[>>>>>>>>>>>>>>>>>>           ] 234/371, 10.6 task/s, elapsed: 22s, ETA:    13s[>>>>>>>>>>>>>>>>>>           ] 235/371, 10.6 task/s, elapsed: 22s, ETA:    13s[>>>>>>>>>>>>>>>>>>           ] 236/371, 10.6 task/s, elapsed: 22s, ETA:    13s[>>>>>>>>>>>>>>>>>>           ] 237/371, 10.6 task/s, elapsed: 22s, ETA:    13s[>>>>>>>>>>>>>>>>>>           ] 238/371, 10.6 task/s, elapsed: 22s, ETA:    13s[>>>>>>>>>>>>>>>>>>           ] 239/371, 10.6 task/s, elapsed: 23s, ETA:    12s[>>>>>>>>>>>>>>>>>>           ] 240/371, 10.6 task/s, elapsed: 23s, ETA:    12s[>>>>>>>>>>>>>>>>>>           ] 241/371, 10.6 task/s, elapsed: 23s, ETA:    12s[>>>>>>>>>>>>>>>>>>           ] 242/371, 10.6 task/s, elapsed: 23s, ETA:    12s[>>>>>>>>>>>>>>>>>>           ] 243/371, 10.6 task/s, elapsed: 23s, ETA:    12s[>>>>>>>>>>>>>>>>>>>          ] 244/371, 10.6 task/s, elapsed: 23s, ETA:    12s[>>>>>>>>>>>>>>>>>>>          ] 245/371, 10.6 task/s, elapsed: 23s, ETA:    12s[>>>>>>>>>>>>>>>>>>>          ] 246/371, 10.6 task/s, elapsed: 23s, ETA:    12s[>>>>>>>>>>>>>>>>>>>          ] 247/371, 10.6 task/s, elapsed: 23s, ETA:    12s[>>>>>>>>>>>>>>>>>>>          ] 248/371, 10.7 task/s, elapsed: 23s, ETA:    12s[>>>>>>>>>>>>>>>>>>>          ] 249/371, 10.7 task/s, elapsed: 23s, ETA:    11s[>>>>>>>>>>>>>>>>>>>          ] 250/371, 10.7 task/s, elapsed: 23s, ETA:    11s[>>>>>>>>>>>>>>>>>>>          ] 251/371, 10.7 task/s, elapsed: 24s, ETA:    11s[>>>>>>>>>>>>>>>>>>>          ] 252/371, 10.7 task/s, elapsed: 24s, ETA:    11s[>>>>>>>>>>>>>>>>>>>          ] 253/371, 10.7 task/s, elapsed: 24s, ETA:    11s[>>>>>>>>>>>>>>>>>>>          ] 254/371, 10.7 task/s, elapsed: 24s, ETA:    11s[>>>>>>>>>>>>>>>>>>>          ] 255/371, 10.7 task/s, elapsed: 24s, ETA:    11s[>>>>>>>>>>>>>>>>>>>>         ] 256/371, 10.7 task/s, elapsed: 24s, ETA:    11s[>>>>>>>>>>>>>>>>>>>>         ] 257/371, 10.7 task/s, elapsed: 24s, ETA:    11s[>>>>>>>>>>>>>>>>>>>>         ] 258/371, 10.7 task/s, elapsed: 24s, ETA:    11s[>>>>>>>>>>>>>>>>>>>>         ] 259/371, 10.7 task/s, elapsed: 24s, ETA:    10s[>>>>>>>>>>>>>>>>>>>>         ] 260/371, 10.7 task/s, elapsed: 24s, ETA:    10s[>>>>>>>>>>>>>>>>>>>>         ] 261/371, 10.7 task/s, elapsed: 24s, ETA:    10s[>>>>>>>>>>>>>>>>>>>>         ] 262/371, 10.7 task/s, elapsed: 24s, ETA:    10s[>>>>>>>>>>>>>>>>>>>>         ] 263/371, 10.7 task/s, elapsed: 25s, ETA:    10s[>>>>>>>>>>>>>>>>>>>>         ] 264/371, 10.7 task/s, elapsed: 25s, ETA:    10s[>>>>>>>>>>>>>>>>>>>>         ] 265/371, 10.7 task/s, elapsed: 25s, ETA:    10s[>>>>>>>>>>>>>>>>>>>>         ] 266/371, 10.7 task/s, elapsed: 25s, ETA:    10s[>>>>>>>>>>>>>>>>>>>>         ] 267/371, 10.7 task/s, elapsed: 25s, ETA:    10s[>>>>>>>>>>>>>>>>>>>>         ] 268/371, 10.7 task/s, elapsed: 25s, ETA:    10s[>>>>>>>>>>>>>>>>>>>>>        ] 269/371, 10.7 task/s, elapsed: 25s, ETA:     9s[>>>>>>>>>>>>>>>>>>>>>        ] 270/371, 10.7 task/s, elapsed: 25s, ETA:     9s[>>>>>>>>>>>>>>>>>>>>>        ] 271/371, 10.8 task/s, elapsed: 25s, ETA:     9s[>>>>>>>>>>>>>>>>>>>>>        ] 272/371, 10.8 task/s, elapsed: 25s, ETA:     9s[>>>>>>>>>>>>>>>>>>>>>        ] 273/371, 10.8 task/s, elapsed: 25s, ETA:     9s[>>>>>>>>>>>>>>>>>>>>>        ] 274/371, 10.8 task/s, elapsed: 25s, ETA:     9s[>>>>>>>>>>>>>>>>>>>>>        ] 275/371, 10.8 task/s, elapsed: 26s, ETA:     9s[>>>>>>>>>>>>>>>>>>>>>        ] 276/371, 10.8 task/s, elapsed: 26s, ETA:     9s[>>>>>>>>>>>>>>>>>>>>>        ] 277/371, 10.8 task/s, elapsed: 26s, ETA:     9s[>>>>>>>>>>>>>>>>>>>>>        ] 278/371, 10.8 task/s, elapsed: 26s, ETA:     9s[>>>>>>>>>>>>>>>>>>>>>        ] 279/371, 10.8 task/s, elapsed: 26s, ETA:     9s[>>>>>>>>>>>>>>>>>>>>>        ] 280/371, 10.8 task/s, elapsed: 26s, ETA:     8s[>>>>>>>>>>>>>>>>>>>>>        ] 281/371, 10.8 task/s, elapsed: 26s, ETA:     8s[>>>>>>>>>>>>>>>>>>>>>>       ] 282/371, 10.8 task/s, elapsed: 26s, ETA:     8s[>>>>>>>>>>>>>>>>>>>>>>       ] 283/371, 10.8 task/s, elapsed: 26s, ETA:     8s[>>>>>>>>>>>>>>>>>>>>>>       ] 284/371, 10.8 task/s, elapsed: 26s, ETA:     8s[>>>>>>>>>>>>>>>>>>>>>>       ] 285/371, 10.8 task/s, elapsed: 26s, ETA:     8s[>>>>>>>>>>>>>>>>>>>>>>       ] 286/371, 10.8 task/s, elapsed: 26s, ETA:     8s[>>>>>>>>>>>>>>>>>>>>>>       ] 287/371, 10.8 task/s, elapsed: 27s, ETA:     8s[>>>>>>>>>>>>>>>>>>>>>>       ] 288/371, 10.8 task/s, elapsed: 27s, ETA:     8s[>>>>>>>>>>>>>>>>>>>>>>       ] 289/371, 10.8 task/s, elapsed: 27s, ETA:     8s[>>>>>>>>>>>>>>>>>>>>>>       ] 290/371, 10.8 task/s, elapsed: 27s, ETA:     7s[>>>>>>>>>>>>>>>>>>>>>>       ] 291/371, 10.8 task/s, elapsed: 27s, ETA:     7s[>>>>>>>>>>>>>>>>>>>>>>       ] 292/371, 10.8 task/s, elapsed: 27s, ETA:     7s[>>>>>>>>>>>>>>>>>>>>>>       ] 293/371, 10.8 task/s, elapsed: 27s, ETA:     7s[>>>>>>>>>>>>>>>>>>>>>>       ] 294/371, 10.8 task/s, elapsed: 27s, ETA:     7s[>>>>>>>>>>>>>>>>>>>>>>>      ] 295/371, 10.8 task/s, elapsed: 27s, ETA:     7s[>>>>>>>>>>>>>>>>>>>>>>>      ] 296/371, 10.8 task/s, elapsed: 27s, ETA:     7s[>>>>>>>>>>>>>>>>>>>>>>>      ] 297/371, 10.8 task/s, elapsed: 27s, ETA:     7s[>>>>>>>>>>>>>>>>>>>>>>>      ] 298/371, 10.9 task/s, elapsed: 27s, ETA:     7s[>>>>>>>>>>>>>>>>>>>>>>>      ] 299/371, 10.9 task/s, elapsed: 28s, ETA:     7s[>>>>>>>>>>>>>>>>>>>>>>>      ] 300/371, 10.9 task/s, elapsed: 28s, ETA:     7s[>>>>>>>>>>>>>>>>>>>>>>>      ] 301/371, 10.9 task/s, elapsed: 28s, ETA:     6s[>>>>>>>>>>>>>>>>>>>>>>>      ] 302/371, 10.9 task/s, elapsed: 28s, ETA:     6s[>>>>>>>>>>>>>>>>>>>>>>>      ] 303/371, 10.9 task/s, elapsed: 28s, ETA:     6s[>>>>>>>>>>>>>>>>>>>>>>>      ] 304/371, 10.9 task/s, elapsed: 28s, ETA:     6s[>>>>>>>>>>>>>>>>>>>>>>>      ] 305/371, 10.9 task/s, elapsed: 28s, ETA:     6s[>>>>>>>>>>>>>>>>>>>>>>>      ] 306/371, 10.9 task/s, elapsed: 28s, ETA:     6s[>>>>>>>>>>>>>>>>>>>>>>>      ] 307/371, 10.9 task/s, elapsed: 28s, ETA:     6s[>>>>>>>>>>>>>>>>>>>>>>>>     ] 308/371, 10.9 task/s, elapsed: 28s, ETA:     6s[>>>>>>>>>>>>>>>>>>>>>>>>     ] 309/371, 10.9 task/s, elapsed: 28s, ETA:     6s[>>>>>>>>>>>>>>>>>>>>>>>>     ] 310/371, 10.9 task/s, elapsed: 28s, ETA:     6s[>>>>>>>>>>>>>>>>>>>>>>>>     ] 311/371, 10.9 task/s, elapsed: 29s, ETA:     6s[>>>>>>>>>>>>>>>>>>>>>>>>     ] 312/371, 10.9 task/s, elapsed: 29s, ETA:     5s[>>>>>>>>>>>>>>>>>>>>>>>>     ] 313/371, 10.9 task/s, elapsed: 29s, ETA:     5s[>>>>>>>>>>>>>>>>>>>>>>>>     ] 314/371, 10.9 task/s, elapsed: 29s, ETA:     5s[>>>>>>>>>>>>>>>>>>>>>>>>     ] 315/371, 10.9 task/s, elapsed: 29s, ETA:     5s[>>>>>>>>>>>>>>>>>>>>>>>>     ] 316/371, 10.9 task/s, elapsed: 29s, ETA:     5s[>>>>>>>>>>>>>>>>>>>>>>>>     ] 317/371, 10.9 task/s, elapsed: 29s, ETA:     5s[>>>>>>>>>>>>>>>>>>>>>>>>     ] 318/371, 10.9 task/s, elapsed: 29s, ETA:     5s[>>>>>>>>>>>>>>>>>>>>>>>>     ] 319/371, 10.9 task/s, elapsed: 29s, ETA:     5s[>>>>>>>>>>>>>>>>>>>>>>>>>    ] 320/371, 10.9 task/s, elapsed: 29s, ETA:     5s[>>>>>>>>>>>>>>>>>>>>>>>>>    ] 321/371, 10.9 task/s, elapsed: 29s, ETA:     5s[>>>>>>>>>>>>>>>>>>>>>>>>>    ] 322/371, 10.9 task/s, elapsed: 29s, ETA:     4s[>>>>>>>>>>>>>>>>>>>>>>>>>    ] 323/371, 10.9 task/s, elapsed: 30s, ETA:     4s[>>>>>>>>>>>>>>>>>>>>>>>>>    ] 324/371, 10.9 task/s, elapsed: 30s, ETA:     4s[>>>>>>>>>>>>>>>>>>>>>>>>>    ] 325/371, 10.9 task/s, elapsed: 30s, ETA:     4s[>>>>>>>>>>>>>>>>>>>>>>>>>    ] 326/371, 10.9 task/s, elapsed: 30s, ETA:     4s[>>>>>>>>>>>>>>>>>>>>>>>>>    ] 327/371, 10.9 task/s, elapsed: 30s, ETA:     4s[>>>>>>>>>>>>>>>>>>>>>>>>>    ] 328/371, 10.9 task/s, elapsed: 30s, ETA:     4s[>>>>>>>>>>>>>>>>>>>>>>>>>    ] 329/371, 10.9 task/s, elapsed: 30s, ETA:     4s[>>>>>>>>>>>>>>>>>>>>>>>>>    ] 330/371, 10.9 task/s, elapsed: 30s, ETA:     4s[>>>>>>>>>>>>>>>>>>>>>>>>>    ] 331/371, 10.9 task/s, elapsed: 30s, ETA:     4s[>>>>>>>>>>>>>>>>>>>>>>>>>    ] 332/371, 11.0 task/s, elapsed: 30s, ETA:     4s[>>>>>>>>>>>>>>>>>>>>>>>>>>   ] 333/371, 11.0 task/s, elapsed: 30s, ETA:     3s[>>>>>>>>>>>>>>>>>>>>>>>>>>   ] 334/371, 11.0 task/s, elapsed: 30s, ETA:     3s[>>>>>>>>>>>>>>>>>>>>>>>>>>   ] 335/371, 11.0 task/s, elapsed: 31s, ETA:     3s[>>>>>>>>>>>>>>>>>>>>>>>>>>   ] 336/371, 11.0 task/s, elapsed: 31s, ETA:     3s[>>>>>>>>>>>>>>>>>>>>>>>>>>   ] 337/371, 11.0 task/s, elapsed: 31s, ETA:     3s[>>>>>>>>>>>>>>>>>>>>>>>>>>   ] 338/371, 11.0 task/s, elapsed: 31s, ETA:     3s[>>>>>>>>>>>>>>>>>>>>>>>>>>   ] 339/371, 11.0 task/s, elapsed: 31s, ETA:     3s[>>>>>>>>>>>>>>>>>>>>>>>>>>   ] 340/371, 11.0 task/s, elapsed: 31s, ETA:     3s[>>>>>>>>>>>>>>>>>>>>>>>>>>   ] 341/371, 11.0 task/s, elapsed: 31s, ETA:     3s[>>>>>>>>>>>>>>>>>>>>>>>>>>   ] 342/371, 11.0 task/s, elapsed: 31s, ETA:     3s[>>>>>>>>>>>>>>>>>>>>>>>>>>   ] 343/371, 11.0 task/s, elapsed: 31s, ETA:     3s[>>>>>>>>>>>>>>>>>>>>>>>>>>   ] 344/371, 11.0 task/s, elapsed: 31s, ETA:     2s[>>>>>>>>>>>>>>>>>>>>>>>>>>   ] 345/371, 11.0 task/s, elapsed: 31s, ETA:     2s[>>>>>>>>>>>>>>>>>>>>>>>>>>>  ] 346/371, 11.0 task/s, elapsed: 31s, ETA:     2s[>>>>>>>>>>>>>>>>>>>>>>>>>>>  ] 347/371, 11.0 task/s, elapsed: 32s, ETA:     2s[>>>>>>>>>>>>>>>>>>>>>>>>>>>  ] 348/371, 11.0 task/s, elapsed: 32s, ETA:     2s[>>>>>>>>>>>>>>>>>>>>>>>>>>>  ] 349/371, 11.0 task/s, elapsed: 32s, ETA:     2s[>>>>>>>>>>>>>>>>>>>>>>>>>>>  ] 350/371, 11.0 task/s, elapsed: 32s, ETA:     2s[>>>>>>>>>>>>>>>>>>>>>>>>>>>  ] 351/371, 11.0 task/s, elapsed: 32s, ETA:     2s[>>>>>>>>>>>>>>>>>>>>>>>>>>>  ] 352/371, 11.0 task/s, elapsed: 32s, ETA:     2s[>>>>>>>>>>>>>>>>>>>>>>>>>>>  ] 353/371, 11.0 task/s, elapsed: 32s, ETA:     2s[>>>>>>>>>>>>>>>>>>>>>>>>>>>  ] 354/371, 11.0 task/s, elapsed: 32s, ETA:     2s[>>>>>>>>>>>>>>>>>>>>>>>>>>>  ] 355/371, 11.0 task/s, elapsed: 32s, ETA:     1s[>>>>>>>>>>>>>>>>>>>>>>>>>>>  ] 356/371, 11.0 task/s, elapsed: 32s, ETA:     1s[>>>>>>>>>>>>>>>>>>>>>>>>>>>  ] 357/371, 11.0 task/s, elapsed: 32s, ETA:     1s[>>>>>>>>>>>>>>>>>>>>>>>>>>>  ] 358/371, 11.0 task/s, elapsed: 32s, ETA:     1s[>>>>>>>>>>>>>>>>>>>>>>>>>>>> ] 359/371, 11.0 task/s, elapsed: 33s, ETA:     1s[>>>>>>>>>>>>>>>>>>>>>>>>>>>> ] 360/371, 11.0 task/s, elapsed: 33s, ETA:     1s[>>>>>>>>>>>>>>>>>>>>>>>>>>>> ] 361/371, 11.0 task/s, elapsed: 33s, ETA:     1s[>>>>>>>>>>>>>>>>>>>>>>>>>>>> ] 362/371, 11.0 task/s, elapsed: 33s, ETA:     1s[>>>>>>>>>>>>>>>>>>>>>>>>>>>> ] 363/371, 11.0 task/s, elapsed: 33s, ETA:     1s[>>>>>>>>>>>>>>>>>>>>>>>>>>>> ] 364/371, 11.0 task/s, elapsed: 33s, ETA:     1s[>>>>>>>>>>>>>>>>>>>>>>>>>>>> ] 365/371, 11.0 task/s, elapsed: 33s, ETA:     1s[>>>>>>>>>>>>>>>>>>>>>>>>>>>> ] 366/371, 11.0 task/s, elapsed: 33s, ETA:     0s[>>>>>>>>>>>>>>>>>>>>>>>>>>>> ] 367/371, 11.0 task/s, elapsed: 33s, ETA:     0s[>>>>>>>>>>>>>>>>>>>>>>>>>>>> ] 368/371, 11.0 task/s, elapsed: 33s, ETA:     0s[>>>>>>>>>>>>>>>>>>>>>>>>>>>> ] 369/371, 11.0 task/s, elapsed: 33s, ETA:     0s[>>>>>>>>>>>>>>>>>>>>>>>>>>>> ] 370/371, 11.0 task/s, elapsed: 33s, ETA:     0s[>>>>>>>>>>>>>>>>>>>>>>>>>>>>>] 371/371, 11.0 task/s, elapsed: 34s, ETA:     0s

2026-05-12 09:14:48,998 - mmdet - INFO - Evaluating bbox...
Loading and preparing results...
DONE (t=0.01s)
creating index...
index created!
Running per image evaluation...
Evaluate annotation type *bbox*
DONE (t=2.34s).
Accumulating evaluation results...
DONE (t=0.15s).
2026-05-12 09:14:51,519 - mmdet - INFO - 
 Average Precision  (AP) @[ IoU=0.50:0.95 | area=   all | maxDets=100 ] = 0.265
 Average Precision  (AP) @[ IoU=0.50      | area=   all | maxDets=1000 ] = 0.665
 Average Precision  (AP) @[ IoU=0.75      | area=   all | maxDets=1000 ] = 0.160
 Average Precision  (AP) @[ IoU=0.50:0.95 | area= small | maxDets=1000 ] = 0.002
 Average Precision  (AP) @[ IoU=0.50:0.95 | area=medium | maxDets=1000 ] = 0.213
 Average Precision  (AP) @[ IoU=0.50:0.95 | area= large | maxDets=1000 ] = 0.340
 Average Recall     (AR) @[ IoU=0.50:0.95 | area=   all | maxDets=100 ] = 0.399
 Average Recall     (AR) @[ IoU=0.50:0.95 | area=   all | maxDets=300 ] = 0.399
 Average Recall     (AR) @[ IoU=0.50:0.95 | area=   all | maxDets=1000 ] = 0.399
 Average Recall     (AR) @[ IoU=0.50:0.95 | area= small | maxDets=1000 ] = 0.031
 Average Recall     (AR) @[ IoU=0.50:0.95 | area=medium | maxDets=1000 ] = 0.352
 Average Recall     (AR) @[ IoU=0.50:0.95 | area= large | maxDets=1000 ] = 0.468

2026-05-12 09:14:51,525 - mmdet - INFO - Exp name: fold_1_r50_300e_hbb.py
2026-05-12 09:14:51,525 - mmdet - INFO - Epoch(val) [200][371]	bbox_mAP: 0.2650, bbox_mAP_50: 0.6650, bbox_mAP_75: 0.1600, bbox_mAP_s: 0.0020, bbox_mAP_m: 0.2130, bbox_mAP_l: 0.3400, bbox_mAP_copypaste: 0.265 0.665 0.160 0.002 0.213 0.340
2026-05-12 09:15:21,043 - mmdet - INFO - Epoch [201][50/186]	lr: 5.001e-03, eta: 2:15:33, time: 0.588, data_time: 0.084, memory: 6155, loss_rpn_cls: 0.0121, loss_rpn_bbox: 0.0020, loss_cls: 0.0634, acc: 97.6123, loss_bbox: 0.0412, loss: 0.1187, grad_norm: 0.9978
2026-05-12 09:15:46,943 - mmdet - INFO - Epoch [201][100/186]	lr: 5.001e-03, eta: 2:15:13, time: 0.520, data_time: 0.015, memory: 6155, loss_rpn_cls: 0.0117, loss_rpn_bbox: 0.0021, loss_cls: 0.0665, acc: 97.5098, loss_bbox: 0.0433, loss: 0.1236, grad_norm: 1.0127
2026-05-12 09:16:12,818 - mmdet - INFO - Epoch [201][150/186]	lr: 5.001e-03, eta: 2:14:53, time: 0.516, data_time: 0.013, memory: 6155, loss_rpn_cls: 0.0157, loss_rpn_bbox: 0.0022, loss_cls: 0.0666, acc: 97.5293, loss_bbox: 0.0415, loss: 0.1260, grad_norm: 1.0673
2026-05-12 09:17:01,082 - mmdet - INFO - Epoch [202][50/186]	lr: 4.910e-03, eta: 2:14:11, time: 0.592, data_time: 0.084, memory: 6155, loss_rpn_cls: 0.0103, loss_rpn_bbox: 0.0019, loss_cls: 0.0610, acc: 97.6660, loss_bbox: 0.0375, loss: 0.1106, grad_norm: 1.0715
2026-05-12 09:17:26,932 - mmdet - INFO - Epoch [202][100/186]	lr: 4.910e-03, eta: 2:13:51, time: 0.515, data_time: 0.013, memory: 6155, loss_rpn_cls: 0.0132, loss_rpn_bbox: 0.0020, loss_cls: 0.0653, acc: 97.5410, loss_bbox: 0.0420, loss: 0.1224, grad_norm: 1.1183
2026-05-12 09:17:52,870 - mmdet - INFO - Epoch [202][150/186]	lr: 4.910e-03, eta: 2:13:31, time: 0.521, data_time: 0.015, memory: 6155, loss_rpn_cls: 0.0100, loss_rpn_bbox: 0.0018, loss_cls: 0.0668, acc: 97.4805, loss_bbox: 0.0427, loss: 0.1214, grad_norm: 1.1066
2026-05-12 09:18:41,351 - mmdet - INFO - Epoch [203][50/186]	lr: 4.820e-03, eta: 2:12:50, time: 0.591, data_time: 0.084, memory: 6155, loss_rpn_cls: 0.0118, loss_rpn_bbox: 0.0018, loss_cls: 0.0643, acc: 97.6182, loss_bbox: 0.0397, loss: 0.1177, grad_norm: 0.9838
2026-05-12 09:19:07,240 - mmdet - INFO - Epoch [203][100/186]	lr: 4.820e-03, eta: 2:12:30, time: 0.520, data_time: 0.015, memory: 6155, loss_rpn_cls: 0.0107, loss_rpn_bbox: 0.0018, loss_cls: 0.0650, acc: 97.5957, loss_bbox: 0.0403, loss: 0.1179, grad_norm: 1.0378
2026-05-12 09:19:33,230 - mmdet - INFO - Epoch [203][150/186]	lr: 4.820e-03, eta: 2:12:10, time: 0.518, data_time: 0.013, memory: 6155, loss_rpn_cls: 0.0086, loss_rpn_bbox: 0.0018, loss_cls: 0.0622, acc: 97.6484, loss_bbox: 0.0386, loss: 0.1112, grad_norm: 1.0508
2026-05-12 09:20:21,509 - mmdet - INFO - Epoch [204][50/186]	lr: 4.731e-03, eta: 2:11:28, time: 0.591, data_time: 0.084, memory: 6155, loss_rpn_cls: 0.0136, loss_rpn_bbox: 0.0020, loss_cls: 0.0646, acc: 97.5928, loss_bbox: 0.0404, loss: 0.1206, grad_norm: 1.1178
2026-05-12 09:20:47,280 - mmdet - INFO - Epoch [204][100/186]	lr: 4.731e-03, eta: 2:11:08, time: 0.513, data_time: 0.013, memory: 6155, loss_rpn_cls: 0.0189, loss_rpn_bbox: 0.0019, loss_cls: 0.0635, acc: 97.7119, loss_bbox: 0.0408, loss: 0.1251, grad_norm: 1.1574
2026-05-12 09:21:13,223 - mmdet - INFO - Epoch [204][150/186]	lr: 4.731e-03, eta: 2:10:48, time: 0.521, data_time: 0.015, memory: 6155, loss_rpn_cls: 0.0145, loss_rpn_bbox: 0.0023, loss_cls: 0.0619, acc: 97.7266, loss_bbox: 0.0397, loss: 0.1184, grad_norm: 1.1242
2026-05-12 09:22:01,642 - mmdet - INFO - Epoch [205][50/186]	lr: 4.642e-03, eta: 2:10:06, time: 0.591, data_time: 0.083, memory: 6155, loss_rpn_cls: 0.0136, loss_rpn_bbox: 0.0020, loss_cls: 0.0704, acc: 97.3496, loss_bbox: 0.0448, loss: 0.1308, grad_norm: 1.1571
2026-05-12 09:22:27,509 - mmdet - INFO - Epoch [205][100/186]	lr: 4.642e-03, eta: 2:09:46, time: 0.519, data_time: 0.015, memory: 6155, loss_rpn_cls: 0.0137, loss_rpn_bbox: 0.0020, loss_cls: 0.0590, acc: 97.7070, loss_bbox: 0.0407, loss: 0.1154, grad_norm: 1.0610
2026-05-12 09:22:53,539 - mmdet - INFO - Epoch [205][150/186]	lr: 4.642e-03, eta: 2:09:26, time: 0.519, data_time: 0.013, memory: 6155, loss_rpn_cls: 0.0121, loss_rpn_bbox: 0.0021, loss_cls: 0.0567, acc: 97.8975, loss_bbox: 0.0346, loss: 0.1056, grad_norm: 1.0290
2026-05-12 09:23:41,819 - mmdet - INFO - Epoch [206][50/186]	lr: 4.554e-03, eta: 2:08:45, time: 0.590, data_time: 0.083, memory: 6155, loss_rpn_cls: 0.0115, loss_rpn_bbox: 0.0019, loss_cls: 0.0628, acc: 97.6387, loss_bbox: 0.0426, loss: 0.1187, grad_norm: 1.0137
2026-05-12 09:24:07,645 - mmdet - INFO - Epoch [206][100/186]	lr: 4.554e-03, eta: 2:08:25, time: 0.515, data_time: 0.013, memory: 6155, loss_rpn_cls: 0.0133, loss_rpn_bbox: 0.0018, loss_cls: 0.0593, acc: 97.7910, loss_bbox: 0.0347, loss: 0.1091, grad_norm: 1.0338
2026-05-12 09:24:33,636 - mmdet - INFO - Epoch [206][150/186]	lr: 4.554e-03, eta: 2:08:04, time: 0.522, data_time: 0.015, memory: 6155, loss_rpn_cls: 0.0148, loss_rpn_bbox: 0.0022, loss_cls: 0.0659, acc: 97.5195, loss_bbox: 0.0433, loss: 0.1262, grad_norm: 1.0454
2026-05-12 09:25:21,853 - mmdet - INFO - Epoch [207][50/186]	lr: 4.467e-03, eta: 2:07:23, time: 0.586, data_time: 0.083, memory: 6155, loss_rpn_cls: 0.0123, loss_rpn_bbox: 0.0019, loss_cls: 0.0588, acc: 97.7812, loss_bbox: 0.0366, loss: 0.1095, grad_norm: 1.0533
2026-05-12 09:25:47,656 - mmdet - INFO - Epoch [207][100/186]	lr: 4.467e-03, eta: 2:07:03, time: 0.518, data_time: 0.015, memory: 6155, loss_rpn_cls: 0.0133, loss_rpn_bbox: 0.0016, loss_cls: 0.0598, acc: 97.8789, loss_bbox: 0.0351, loss: 0.1099, grad_norm: 1.0150
2026-05-12 09:26:13,657 - mmdet - INFO - Epoch [207][150/186]	lr: 4.467e-03, eta: 2:06:43, time: 0.518, data_time: 0.013, memory: 6155, loss_rpn_cls: 0.0145, loss_rpn_bbox: 0.0023, loss_cls: 0.0707, acc: 97.3945, loss_bbox: 0.0435, loss: 0.1310, grad_norm: 1.0632
2026-05-12 09:27:01,998 - mmdet - INFO - Epoch [208][50/186]	lr: 4.380e-03, eta: 2:06:01, time: 0.592, data_time: 0.084, memory: 6155, loss_rpn_cls: 0.0116, loss_rpn_bbox: 0.0018, loss_cls: 0.0596, acc: 97.8223, loss_bbox: 0.0385, loss: 0.1114, grad_norm: 1.0127
2026-05-12 09:27:27,932 - mmdet - INFO - Epoch [208][100/186]	lr: 4.380e-03, eta: 2:05:41, time: 0.517, data_time: 0.013, memory: 6155, loss_rpn_cls: 0.0120, loss_rpn_bbox: 0.0022, loss_cls: 0.0642, acc: 97.5918, loss_bbox: 0.0414, loss: 0.1198, grad_norm: 1.0294
2026-05-12 09:27:53,975 - mmdet - INFO - Epoch [208][150/186]	lr: 4.380e-03, eta: 2:05:21, time: 0.523, data_time: 0.015, memory: 6155, loss_rpn_cls: 0.0146, loss_rpn_bbox: 0.0020, loss_cls: 0.0613, acc: 97.7526, loss_bbox: 0.0378, loss: 0.1158, grad_norm: 1.0420
2026-05-12 09:28:42,394 - mmdet - INFO - Epoch [209][50/186]	lr: 4.294e-03, eta: 2:04:40, time: 0.590, data_time: 0.083, memory: 6155, loss_rpn_cls: 0.0122, loss_rpn_bbox: 0.0018, loss_cls: 0.0633, acc: 97.7012, loss_bbox: 0.0385, loss: 0.1158, grad_norm: 1.0318
2026-05-12 09:29:08,272 - mmdet - INFO - Epoch [209][100/186]	lr: 4.294e-03, eta: 2:04:20, time: 0.519, data_time: 0.015, memory: 6155, loss_rpn_cls: 0.0093, loss_rpn_bbox: 0.0019, loss_cls: 0.0596, acc: 97.7295, loss_bbox: 0.0384, loss: 0.1093, grad_norm: 1.0208
2026-05-12 09:29:34,179 - mmdet - INFO - Epoch [209][150/186]	lr: 4.294e-03, eta: 2:03:59, time: 0.516, data_time: 0.013, memory: 6155, loss_rpn_cls: 0.0147, loss_rpn_bbox: 0.0019, loss_cls: 0.0620, acc: 97.7666, loss_bbox: 0.0351, loss: 0.1137, grad_norm: 1.0206
2026-05-12 09:30:22,505 - mmdet - INFO - Epoch [210][50/186]	lr: 4.208e-03, eta: 2:03:18, time: 0.592, data_time: 0.084, memory: 6155, loss_rpn_cls: 0.0145, loss_rpn_bbox: 0.0022, loss_cls: 0.0650, acc: 97.5566, loss_bbox: 0.0382, loss: 0.1199, grad_norm: 1.1317
2026-05-12 09:30:48,433 - mmdet - INFO - Epoch [210][100/186]	lr: 4.208e-03, eta: 2:02:58, time: 0.517, data_time: 0.013, memory: 6155, loss_rpn_cls: 0.0132, loss_rpn_bbox: 0.0018, loss_cls: 0.0623, acc: 97.6816, loss_bbox: 0.0376, loss: 0.1149, grad_norm: 1.0656
2026-05-12 09:31:14,353 - mmdet - INFO - Epoch [210][150/186]	lr: 4.208e-03, eta: 2:02:38, time: 0.520, data_time: 0.015, memory: 6155, loss_rpn_cls: 0.0096, loss_rpn_bbox: 0.0019, loss_cls: 0.0644, acc: 97.5547, loss_bbox: 0.0423, loss: 0.1182, grad_norm: 1.0408
2026-05-12 09:31:33,119 - mmdet - INFO - Saving checkpoint at 210 epochs
[                                                  ] 0/371, elapsed: 0s, ETA:[                                 ] 1/371, 0.4 task/s, elapsed: 3s, ETA:   952s[                                 ] 2/371, 0.8 task/s, elapsed: 3s, ETA:   492s[                                 ] 3/371, 1.1 task/s, elapsed: 3s, ETA:   337s[                                 ] 4/371, 1.4 task/s, elapsed: 3s, ETA:   260s[                                 ] 5/371, 1.7 task/s, elapsed: 3s, ETA:   213s[                                 ] 6/371, 2.0 task/s, elapsed: 3s, ETA:   182s[                                 ] 7/371, 2.3 task/s, elapsed: 3s, ETA:   160s[                                 ] 8/371, 2.5 task/s, elapsed: 3s, ETA:   144s[                                 ] 9/371, 2.8 task/s, elapsed: 3s, ETA:   131s[                                ] 10/371, 3.0 task/s, elapsed: 3s, ETA:   120s[                                ] 11/371, 3.2 task/s, elapsed: 3s, ETA:   112s[>                               ] 12/371, 3.4 task/s, elapsed: 3s, ETA:   105s[>                               ] 13/371, 3.6 task/s, elapsed: 4s, ETA:    99s[>                               ] 14/371, 3.8 task/s, elapsed: 4s, ETA:    93s[>                               ] 15/371, 4.0 task/s, elapsed: 4s, ETA:    89s[>                               ] 16/371, 4.2 task/s, elapsed: 4s, ETA:    85s[>                               ] 17/371, 4.3 task/s, elapsed: 4s, ETA:    82s[>                               ] 18/371, 4.5 task/s, elapsed: 4s, ETA:    78s[>                               ] 19/371, 4.7 task/s, elapsed: 4s, ETA:    76s[>                               ] 20/371, 4.8 task/s, elapsed: 4s, ETA:    73s[>                               ] 21/371, 4.9 task/s, elapsed: 4s, ETA:    71s[>                               ] 22/371, 5.1 task/s, elapsed: 4s, ETA:    69s[>                               ] 23/371, 5.2 task/s, elapsed: 4s, ETA:    67s[>>                              ] 24/371, 5.3 task/s, elapsed: 4s, ETA:    65s[>>                              ] 25/371, 5.5 task/s, elapsed: 5s, ETA:    63s[>>                              ] 26/371, 5.6 task/s, elapsed: 5s, ETA:    62s[>>                              ] 27/371, 5.7 task/s, elapsed: 5s, ETA:    61s[>>                              ] 28/371, 5.8 task/s, elapsed: 5s, ETA:    59s[>>                              ] 29/371, 5.9 task/s, elapsed: 5s, ETA:    58s[>>                              ] 30/371, 6.0 task/s, elapsed: 5s, ETA:    57s[>>                              ] 31/371, 6.1 task/s, elapsed: 5s, ETA:    56s[>>                              ] 32/371, 6.2 task/s, elapsed: 5s, ETA:    55s[>>                              ] 33/371, 6.3 task/s, elapsed: 5s, ETA:    54s[>>                              ] 34/371, 6.4 task/s, elapsed: 5s, ETA:    53s[>>>                             ] 35/371, 6.5 task/s, elapsed: 5s, ETA:    52s[>>>                             ] 36/371, 6.5 task/s, elapsed: 6s, ETA:    51s[>>>                             ] 37/371, 6.6 task/s, elapsed: 6s, ETA:    50s[>>>                             ] 38/371, 6.7 task/s, elapsed: 6s, ETA:    50s[>>>                             ] 39/371, 6.8 task/s, elapsed: 6s, ETA:    49s[>>>                             ] 40/371, 6.9 task/s, elapsed: 6s, ETA:    48s[>>>                             ] 41/371, 6.9 task/s, elapsed: 6s, ETA:    48s[>>>                             ] 42/371, 7.0 task/s, elapsed: 6s, ETA:    47s[>>>                             ] 43/371, 7.1 task/s, elapsed: 6s, ETA:    46s[>>>                             ] 44/371, 7.1 task/s, elapsed: 6s, ETA:    46s[>>>                             ] 45/371, 7.2 task/s, elapsed: 6s, ETA:    45s[>>>                             ] 46/371, 7.3 task/s, elapsed: 6s, ETA:    45s[>>>>                            ] 47/371, 7.3 task/s, elapsed: 6s, ETA:    44s[>>>>                            ] 48/371, 7.4 task/s, elapsed: 7s, ETA:    44s[>>>>                            ] 49/371, 7.4 task/s, elapsed: 7s, ETA:    43s[>>>>                            ] 50/371, 7.5 task/s, elapsed: 7s, ETA:    43s[>>>>                            ] 51/371, 7.5 task/s, elapsed: 7s, ETA:    42s[>>>>                            ] 52/371, 7.6 task/s, elapsed: 7s, ETA:    42s[>>>>                            ] 53/371, 7.7 task/s, elapsed: 7s, ETA:    42s[>>>>                            ] 54/371, 7.7 task/s, elapsed: 7s, ETA:    41s[>>>>                            ] 55/371, 7.8 task/s, elapsed: 7s, ETA:    41s[>>>>                            ] 56/371, 7.8 task/s, elapsed: 7s, ETA:    40s[>>>>                            ] 57/371, 7.9 task/s, elapsed: 7s, ETA:    40s[>>>>>                           ] 58/371, 7.9 task/s, elapsed: 7s, ETA:    40s[>>>>>                           ] 59/371, 7.9 task/s, elapsed: 7s, ETA:    39s[>>>>>                           ] 60/371, 8.0 task/s, elapsed: 8s, ETA:    39s[>>>>>                           ] 61/371, 8.0 task/s, elapsed: 8s, ETA:    39s[>>>>>                           ] 62/371, 8.1 task/s, elapsed: 8s, ETA:    38s[>>>>>                           ] 63/371, 8.1 task/s, elapsed: 8s, ETA:    38s[>>>>>                           ] 64/371, 8.2 task/s, elapsed: 8s, ETA:    38s[>>>>>                           ] 65/371, 8.2 task/s, elapsed: 8s, ETA:    37s[>>>>>                           ] 66/371, 8.2 task/s, elapsed: 8s, ETA:    37s[>>>>>                           ] 67/371, 8.3 task/s, elapsed: 8s, ETA:    37s[>>>>>                           ] 68/371, 8.3 task/s, elapsed: 8s, ETA:    36s[>>>>>                           ] 69/371, 8.3 task/s, elapsed: 8s, ETA:    36s[>>>>>>                          ] 70/371, 8.4 task/s, elapsed: 8s, ETA:    36s[>>>>>>                          ] 71/371, 8.4 task/s, elapsed: 8s, ETA:    36s[>>>>>>                          ] 72/371, 8.5 task/s, elapsed: 9s, ETA:    35s[>>>>>>                          ] 73/371, 8.5 task/s, elapsed: 9s, ETA:    35s[>>>>>>                          ] 74/371, 8.5 task/s, elapsed: 9s, ETA:    35s[>>>>>>                          ] 75/371, 8.6 task/s, elapsed: 9s, ETA:    35s[>>>>>>                          ] 76/371, 8.6 task/s, elapsed: 9s, ETA:    34s[>>>>>>                          ] 77/371, 8.6 task/s, elapsed: 9s, ETA:    34s[>>>>>>                          ] 78/371, 8.7 task/s, elapsed: 9s, ETA:    34s[>>>>>>                          ] 79/371, 8.7 task/s, elapsed: 9s, ETA:    34s[>>>>>>                          ] 80/371, 8.7 task/s, elapsed: 9s, ETA:    33s[>>>>>>                          ] 81/371, 8.7 task/s, elapsed: 9s, ETA:    33s[>>>>>>>                         ] 82/371, 8.8 task/s, elapsed: 9s, ETA:    33s[>>>>>>>                         ] 83/371, 8.8 task/s, elapsed: 9s, ETA:    33s[>>>>>>>                        ] 84/371, 8.8 task/s, elapsed: 10s, ETA:    33s[>>>>>>>                        ] 85/371, 8.8 task/s, elapsed: 10s, ETA:    32s[>>>>>>>                        ] 86/371, 8.9 task/s, elapsed: 10s, ETA:    32s[>>>>>>>                        ] 87/371, 8.9 task/s, elapsed: 10s, ETA:    32s[>>>>>>>                        ] 88/371, 8.9 task/s, elapsed: 10s, ETA:    32s[>>>>>>>                        ] 89/371, 8.9 task/s, elapsed: 10s, ETA:    32s[>>>>>>>                        ] 90/371, 9.0 task/s, elapsed: 10s, ETA:    31s[>>>>>>>                        ] 91/371, 9.0 task/s, elapsed: 10s, ETA:    31s[>>>>>>>                        ] 92/371, 9.0 task/s, elapsed: 10s, ETA:    31s[>>>>>>>                        ] 93/371, 9.0 task/s, elapsed: 10s, ETA:    31s[>>>>>>>                        ] 94/371, 9.1 task/s, elapsed: 10s, ETA:    31s[>>>>>>>                        ] 95/371, 9.1 task/s, elapsed: 10s, ETA:    30s[>>>>>>>>                       ] 96/371, 9.1 task/s, elapsed: 11s, ETA:    30s[>>>>>>>>                       ] 97/371, 9.1 task/s, elapsed: 11s, ETA:    30s[>>>>>>>>                       ] 98/371, 9.2 task/s, elapsed: 11s, ETA:    30s[>>>>>>>>                       ] 99/371, 9.2 task/s, elapsed: 11s, ETA:    30s[>>>>>>>>                      ] 100/371, 9.2 task/s, elapsed: 11s, ETA:    29s[>>>>>>>>                      ] 101/371, 9.2 task/s, elapsed: 11s, ETA:    29s[>>>>>>>>                      ] 102/371, 9.2 task/s, elapsed: 11s, ETA:    29s[>>>>>>>>                      ] 103/371, 9.3 task/s, elapsed: 11s, ETA:    29s[>>>>>>>>                      ] 104/371, 9.3 task/s, elapsed: 11s, ETA:    29s[>>>>>>>>                      ] 105/371, 9.3 task/s, elapsed: 11s, ETA:    29s[>>>>>>>>                      ] 106/371, 9.3 task/s, elapsed: 11s, ETA:    28s[>>>>>>>>                      ] 107/371, 9.3 task/s, elapsed: 11s, ETA:    28s[>>>>>>>>                      ] 108/371, 9.4 task/s, elapsed: 12s, ETA:    28s[>>>>>>>>                      ] 109/371, 9.4 task/s, elapsed: 12s, ETA:    28s[>>>>>>>>                      ] 110/371, 9.4 task/s, elapsed: 12s, ETA:    28s[>>>>>>>>                      ] 111/371, 9.4 task/s, elapsed: 12s, ETA:    28s[>>>>>>>>>                     ] 112/371, 9.4 task/s, elapsed: 12s, ETA:    27s[>>>>>>>>>                     ] 113/371, 9.5 task/s, elapsed: 12s, ETA:    27s[>>>>>>>>>                     ] 114/371, 9.5 task/s, elapsed: 12s, ETA:    27s[>>>>>>>>>                     ] 115/371, 9.5 task/s, elapsed: 12s, ETA:    27s[>>>>>>>>>                     ] 116/371, 9.5 task/s, elapsed: 12s, ETA:    27s[>>>>>>>>>                     ] 117/371, 9.5 task/s, elapsed: 12s, ETA:    27s[>>>>>>>>>                     ] 118/371, 9.5 task/s, elapsed: 12s, ETA:    27s[>>>>>>>>>                     ] 119/371, 9.6 task/s, elapsed: 12s, ETA:    26s[>>>>>>>>>                     ] 120/371, 9.6 task/s, elapsed: 13s, ETA:    26s[>>>>>>>>>                     ] 121/371, 9.6 task/s, elapsed: 13s, ETA:    26s[>>>>>>>>>                     ] 122/371, 9.6 task/s, elapsed: 13s, ETA:    26s[>>>>>>>>>                     ] 123/371, 9.6 task/s, elapsed: 13s, ETA:    26s[>>>>>>>>>>                    ] 124/371, 9.6 task/s, elapsed: 13s, ETA:    26s[>>>>>>>>>>                    ] 125/371, 9.7 task/s, elapsed: 13s, ETA:    25s[>>>>>>>>>>                    ] 126/371, 9.7 task/s, elapsed: 13s, ETA:    25s[>>>>>>>>>>                    ] 127/371, 9.7 task/s, elapsed: 13s, ETA:    25s[>>>>>>>>>>                    ] 128/371, 9.7 task/s, elapsed: 13s, ETA:    25s[>>>>>>>>>>                    ] 129/371, 9.7 task/s, elapsed: 13s, ETA:    25s[>>>>>>>>>>                    ] 130/371, 9.7 task/s, elapsed: 13s, ETA:    25s[>>>>>>>>>>                    ] 131/371, 9.7 task/s, elapsed: 13s, ETA:    25s[>>>>>>>>>>                    ] 132/371, 9.8 task/s, elapsed: 14s, ETA:    25s[>>>>>>>>>>                    ] 133/371, 9.8 task/s, elapsed: 14s, ETA:    24s[>>>>>>>>>>                    ] 134/371, 9.8 task/s, elapsed: 14s, ETA:    24s[>>>>>>>>>>                    ] 135/371, 9.8 task/s, elapsed: 14s, ETA:    24s[>>>>>>>>>>                    ] 136/371, 9.8 task/s, elapsed: 14s, ETA:    24s[>>>>>>>>>>>                   ] 137/371, 9.8 task/s, elapsed: 14s, ETA:    24s[>>>>>>>>>>>                   ] 138/371, 9.8 task/s, elapsed: 14s, ETA:    24s[>>>>>>>>>>>                   ] 139/371, 9.8 task/s, elapsed: 14s, ETA:    24s[>>>>>>>>>>>                   ] 140/371, 9.9 task/s, elapsed: 14s, ETA:    23s[>>>>>>>>>>>                   ] 141/371, 9.9 task/s, elapsed: 14s, ETA:    23s[>>>>>>>>>>>                   ] 142/371, 9.9 task/s, elapsed: 14s, ETA:    23s[>>>>>>>>>>>                   ] 143/371, 9.9 task/s, elapsed: 14s, ETA:    23s[>>>>>>>>>>>                   ] 144/371, 9.9 task/s, elapsed: 15s, ETA:    23s[>>>>>>>>>>>                   ] 145/371, 9.9 task/s, elapsed: 15s, ETA:    23s[>>>>>>>>>>>                   ] 146/371, 9.9 task/s, elapsed: 15s, ETA:    23s[>>>>>>>>>>>                   ] 147/371, 9.9 task/s, elapsed: 15s, ETA:    23s[>>>>>>>>>>>                  ] 148/371, 10.0 task/s, elapsed: 15s, ETA:    22s[>>>>>>>>>>>                  ] 149/371, 10.0 task/s, elapsed: 15s, ETA:    22s[>>>>>>>>>>>                  ] 150/371, 10.0 task/s, elapsed: 15s, ETA:    22s[>>>>>>>>>>>                  ] 151/371, 10.0 task/s, elapsed: 15s, ETA:    22s[>>>>>>>>>>>                  ] 152/371, 10.0 task/s, elapsed: 15s, ETA:    22s[>>>>>>>>>>>                  ] 153/371, 10.0 task/s, elapsed: 15s, ETA:    22s[>>>>>>>>>>>>                 ] 154/371, 10.0 task/s, elapsed: 15s, ETA:    22s[>>>>>>>>>>>>                 ] 155/371, 10.0 task/s, elapsed: 15s, ETA:    22s[>>>>>>>>>>>>                 ] 156/371, 10.0 task/s, elapsed: 16s, ETA:    21s[>>>>>>>>>>>>                 ] 157/371, 10.0 task/s, elapsed: 16s, ETA:    21s[>>>>>>>>>>>>                 ] 158/371, 10.1 task/s, elapsed: 16s, ETA:    21s[>>>>>>>>>>>>                 ] 159/371, 10.1 task/s, elapsed: 16s, ETA:    21s[>>>>>>>>>>>>                 ] 160/371, 10.1 task/s, elapsed: 16s, ETA:    21s[>>>>>>>>>>>>                 ] 161/371, 10.1 task/s, elapsed: 16s, ETA:    21s[>>>>>>>>>>>>                 ] 162/371, 10.1 task/s, elapsed: 16s, ETA:    21s[>>>>>>>>>>>>                 ] 163/371, 10.1 task/s, elapsed: 16s, ETA:    21s[>>>>>>>>>>>>                 ] 164/371, 10.1 task/s, elapsed: 16s, ETA:    20s[>>>>>>>>>>>>                 ] 165/371, 10.1 task/s, elapsed: 16s, ETA:    20s[>>>>>>>>>>>>                 ] 166/371, 10.1 task/s, elapsed: 16s, ETA:    20s[>>>>>>>>>>>>>                ] 167/371, 10.1 task/s, elapsed: 16s, ETA:    20s[>>>>>>>>>>>>>                ] 168/371, 10.2 task/s, elapsed: 17s, ETA:    20s[>>>>>>>>>>>>>                ] 169/371, 10.2 task/s, elapsed: 17s, ETA:    20s[>>>>>>>>>>>>>                ] 170/371, 10.2 task/s, elapsed: 17s, ETA:    20s[>>>>>>>>>>>>>                ] 171/371, 10.2 task/s, elapsed: 17s, ETA:    20s[>>>>>>>>>>>>>                ] 172/371, 10.2 task/s, elapsed: 17s, ETA:    20s[>>>>>>>>>>>>>                ] 173/371, 10.2 task/s, elapsed: 17s, ETA:    19s[>>>>>>>>>>>>>                ] 174/371, 10.2 task/s, elapsed: 17s, ETA:    19s[>>>>>>>>>>>>>                ] 175/371, 10.2 task/s, elapsed: 17s, ETA:    19s[>>>>>>>>>>>>>                ] 176/371, 10.2 task/s, elapsed: 17s, ETA:    19s[>>>>>>>>>>>>>                ] 177/371, 10.2 task/s, elapsed: 17s, ETA:    19s[>>>>>>>>>>>>>                ] 178/371, 10.2 task/s, elapsed: 17s, ETA:    19s[>>>>>>>>>>>>>                ] 179/371, 10.3 task/s, elapsed: 17s, ETA:    19s[>>>>>>>>>>>>>>               ] 180/371, 10.3 task/s, elapsed: 18s, ETA:    19s[>>>>>>>>>>>>>>               ] 181/371, 10.3 task/s, elapsed: 18s, ETA:    19s[>>>>>>>>>>>>>>               ] 182/371, 10.3 task/s, elapsed: 18s, ETA:    18s[>>>>>>>>>>>>>>               ] 183/371, 10.3 task/s, elapsed: 18s, ETA:    18s[>>>>>>>>>>>>>>               ] 184/371, 10.3 task/s, elapsed: 18s, ETA:    18s[>>>>>>>>>>>>>>               ] 185/371, 10.3 task/s, elapsed: 18s, ETA:    18s[>>>>>>>>>>>>>>               ] 186/371, 10.3 task/s, elapsed: 18s, ETA:    18s[>>>>>>>>>>>>>>               ] 187/371, 10.3 task/s, elapsed: 18s, ETA:    18s[>>>>>>>>>>>>>>               ] 188/371, 10.3 task/s, elapsed: 18s, ETA:    18s[>>>>>>>>>>>>>>               ] 189/371, 10.3 task/s, elapsed: 18s, ETA:    18s[>>>>>>>>>>>>>>               ] 190/371, 10.3 task/s, elapsed: 18s, ETA:    18s[>>>>>>>>>>>>>>               ] 191/371, 10.3 task/s, elapsed: 18s, ETA:    17s[>>>>>>>>>>>>>>>              ] 192/371, 10.4 task/s, elapsed: 19s, ETA:    17s[>>>>>>>>>>>>>>>              ] 193/371, 10.4 task/s, elapsed: 19s, ETA:    17s[>>>>>>>>>>>>>>>              ] 194/371, 10.4 task/s, elapsed: 19s, ETA:    17s[>>>>>>>>>>>>>>>              ] 195/371, 10.4 task/s, elapsed: 19s, ETA:    17s[>>>>>>>>>>>>>>>              ] 196/371, 10.4 task/s, elapsed: 19s, ETA:    17s[>>>>>>>>>>>>>>>              ] 197/371, 10.4 task/s, elapsed: 19s, ETA:    17s[>>>>>>>>>>>>>>>              ] 198/371, 10.4 task/s, elapsed: 19s, ETA:    17s[>>>>>>>>>>>>>>>              ] 199/371, 10.4 task/s, elapsed: 19s, ETA:    17s[>>>>>>>>>>>>>>>              ] 200/371, 10.4 task/s, elapsed: 19s, ETA:    16s[>>>>>>>>>>>>>>>              ] 201/371, 10.4 task/s, elapsed: 19s, ETA:    16s[>>>>>>>>>>>>>>>              ] 202/371, 10.4 task/s, elapsed: 19s, ETA:    16s[>>>>>>>>>>>>>>>              ] 203/371, 10.4 task/s, elapsed: 19s, ETA:    16s[>>>>>>>>>>>>>>>              ] 204/371, 10.4 task/s, elapsed: 20s, ETA:    16s[>>>>>>>>>>>>>>>>             ] 205/371, 10.4 task/s, elapsed: 20s, ETA:    16s[>>>>>>>>>>>>>>>>             ] 206/371, 10.4 task/s, elapsed: 20s, ETA:    16s[>>>>>>>>>>>>>>>>             ] 207/371, 10.5 task/s, elapsed: 20s, ETA:    16s[>>>>>>>>>>>>>>>>             ] 208/371, 10.5 task/s, elapsed: 20s, ETA:    16s[>>>>>>>>>>>>>>>>             ] 209/371, 10.5 task/s, elapsed: 20s, ETA:    15s[>>>>>>>>>>>>>>>>             ] 210/371, 10.5 task/s, elapsed: 20s, ETA:    15s[>>>>>>>>>>>>>>>>             ] 211/371, 10.5 task/s, elapsed: 20s, ETA:    15s[>>>>>>>>>>>>>>>>             ] 212/371, 10.5 task/s, elapsed: 20s, ETA:    15s[>>>>>>>>>>>>>>>>             ] 213/371, 10.5 task/s, elapsed: 20s, ETA:    15s[>>>>>>>>>>>>>>>>             ] 214/371, 10.5 task/s, elapsed: 20s, ETA:    15s[>>>>>>>>>>>>>>>>             ] 215/371, 10.5 task/s, elapsed: 20s, ETA:    15s[>>>>>>>>>>>>>>>>             ] 216/371, 10.5 task/s, elapsed: 21s, ETA:    15s[>>>>>>>>>>>>>>>>             ] 217/371, 10.5 task/s, elapsed: 21s, ETA:    15s[>>>>>>>>>>>>>>>>>            ] 218/371, 10.5 task/s, elapsed: 21s, ETA:    15s[>>>>>>>>>>>>>>>>>            ] 219/371, 10.5 task/s, elapsed: 21s, ETA:    14s[>>>>>>>>>>>>>>>>>            ] 220/371, 10.5 task/s, elapsed: 21s, ETA:    14s[>>>>>>>>>>>>>>>>>            ] 221/371, 10.5 task/s, elapsed: 21s, ETA:    14s[>>>>>>>>>>>>>>>>>            ] 222/371, 10.5 task/s, elapsed: 21s, ETA:    14s[>>>>>>>>>>>>>>>>>            ] 223/371, 10.5 task/s, elapsed: 21s, ETA:    14s[>>>>>>>>>>>>>>>>>            ] 224/371, 10.6 task/s, elapsed: 21s, ETA:    14s[>>>>>>>>>>>>>>>>>            ] 225/371, 10.6 task/s, elapsed: 21s, ETA:    14s[>>>>>>>>>>>>>>>>>            ] 226/371, 10.6 task/s, elapsed: 21s, ETA:    14s[>>>>>>>>>>>>>>>>>            ] 227/371, 10.6 task/s, elapsed: 21s, ETA:    14s[>>>>>>>>>>>>>>>>>            ] 228/371, 10.6 task/s, elapsed: 22s, ETA:    14s[>>>>>>>>>>>>>>>>>            ] 229/371, 10.6 task/s, elapsed: 22s, ETA:    13s[>>>>>>>>>>>>>>>>>            ] 230/371, 10.6 task/s, elapsed: 22s, ETA:    13s[>>>>>>>>>>>>>>>>>>           ] 231/371, 10.6 task/s, elapsed: 22s, ETA:    13s[>>>>>>>>>>>>>>>>>>           ] 232/371, 10.6 task/s, elapsed: 22s, ETA:    13s[>>>>>>>>>>>>>>>>>>           ] 233/371, 10.6 task/s, elapsed: 22s, ETA:    13s[>>>>>>>>>>>>>>>>>>           ] 234/371, 10.6 task/s, elapsed: 22s, ETA:    13s[>>>>>>>>>>>>>>>>>>           ] 235/371, 10.6 task/s, elapsed: 22s, ETA:    13s[>>>>>>>>>>>>>>>>>>           ] 236/371, 10.6 task/s, elapsed: 22s, ETA:    13s[>>>>>>>>>>>>>>>>>>           ] 237/371, 10.6 task/s, elapsed: 22s, ETA:    13s[>>>>>>>>>>>>>>>>>>           ] 238/371, 10.6 task/s, elapsed: 22s, ETA:    13s[>>>>>>>>>>>>>>>>>>           ] 239/371, 10.6 task/s, elapsed: 22s, ETA:    12s[>>>>>>>>>>>>>>>>>>           ] 240/371, 10.6 task/s, elapsed: 23s, ETA:    12s[>>>>>>>>>>>>>>>>>>           ] 241/371, 10.6 task/s, elapsed: 23s, ETA:    12s[>>>>>>>>>>>>>>>>>>           ] 242/371, 10.6 task/s, elapsed: 23s, ETA:    12s[>>>>>>>>>>>>>>>>>>           ] 243/371, 10.7 task/s, elapsed: 23s, ETA:    12s[>>>>>>>>>>>>>>>>>>>          ] 244/371, 10.7 task/s, elapsed: 23s, ETA:    12s[>>>>>>>>>>>>>>>>>>>          ] 245/371, 10.7 task/s, elapsed: 23s, ETA:    12s[>>>>>>>>>>>>>>>>>>>          ] 246/371, 10.7 task/s, elapsed: 23s, ETA:    12s[>>>>>>>>>>>>>>>>>>>          ] 247/371, 10.7 task/s, elapsed: 23s, ETA:    12s[>>>>>>>>>>>>>>>>>>>          ] 248/371, 10.7 task/s, elapsed: 23s, ETA:    12s[>>>>>>>>>>>>>>>>>>>          ] 249/371, 10.7 task/s, elapsed: 23s, ETA:    11s[>>>>>>>>>>>>>>>>>>>          ] 250/371, 10.7 task/s, elapsed: 23s, ETA:    11s[>>>>>>>>>>>>>>>>>>>          ] 251/371, 10.7 task/s, elapsed: 23s, ETA:    11s[>>>>>>>>>>>>>>>>>>>          ] 252/371, 10.7 task/s, elapsed: 24s, ETA:    11s[>>>>>>>>>>>>>>>>>>>          ] 253/371, 10.7 task/s, elapsed: 24s, ETA:    11s[>>>>>>>>>>>>>>>>>>>          ] 254/371, 10.7 task/s, elapsed: 24s, ETA:    11s[>>>>>>>>>>>>>>>>>>>          ] 255/371, 10.7 task/s, elapsed: 24s, ETA:    11s[>>>>>>>>>>>>>>>>>>>>         ] 256/371, 10.7 task/s, elapsed: 24s, ETA:    11s[>>>>>>>>>>>>>>>>>>>>         ] 257/371, 10.7 task/s, elapsed: 24s, ETA:    11s[>>>>>>>>>>>>>>>>>>>>         ] 258/371, 10.7 task/s, elapsed: 24s, ETA:    11s[>>>>>>>>>>>>>>>>>>>>         ] 259/371, 10.7 task/s, elapsed: 24s, ETA:    10s[>>>>>>>>>>>>>>>>>>>>         ] 260/371, 10.7 task/s, elapsed: 24s, ETA:    10s[>>>>>>>>>>>>>>>>>>>>         ] 261/371, 10.7 task/s, elapsed: 24s, ETA:    10s[>>>>>>>>>>>>>>>>>>>>         ] 262/371, 10.7 task/s, elapsed: 24s, ETA:    10s[>>>>>>>>>>>>>>>>>>>>         ] 263/371, 10.7 task/s, elapsed: 24s, ETA:    10s[>>>>>>>>>>>>>>>>>>>>         ] 264/371, 10.7 task/s, elapsed: 25s, ETA:    10s[>>>>>>>>>>>>>>>>>>>>         ] 265/371, 10.7 task/s, elapsed: 25s, ETA:    10s[>>>>>>>>>>>>>>>>>>>>         ] 266/371, 10.8 task/s, elapsed: 25s, ETA:    10s[>>>>>>>>>>>>>>>>>>>>         ] 267/371, 10.8 task/s, elapsed: 25s, ETA:    10s[>>>>>>>>>>>>>>>>>>>>         ] 268/371, 10.8 task/s, elapsed: 25s, ETA:    10s[>>>>>>>>>>>>>>>>>>>>>        ] 269/371, 10.8 task/s, elapsed: 25s, ETA:     9s[>>>>>>>>>>>>>>>>>>>>>        ] 270/371, 10.8 task/s, elapsed: 25s, ETA:     9s[>>>>>>>>>>>>>>>>>>>>>        ] 271/371, 10.8 task/s, elapsed: 25s, ETA:     9s[>>>>>>>>>>>>>>>>>>>>>        ] 272/371, 10.8 task/s, elapsed: 25s, ETA:     9s[>>>>>>>>>>>>>>>>>>>>>        ] 273/371, 10.8 task/s, elapsed: 25s, ETA:     9s[>>>>>>>>>>>>>>>>>>>>>        ] 274/371, 10.8 task/s, elapsed: 25s, ETA:     9s[>>>>>>>>>>>>>>>>>>>>>        ] 275/371, 10.8 task/s, elapsed: 25s, ETA:     9s[>>>>>>>>>>>>>>>>>>>>>        ] 276/371, 10.8 task/s, elapsed: 26s, ETA:     9s[>>>>>>>>>>>>>>>>>>>>>        ] 277/371, 10.8 task/s, elapsed: 26s, ETA:     9s[>>>>>>>>>>>>>>>>>>>>>        ] 278/371, 10.8 task/s, elapsed: 26s, ETA:     9s[>>>>>>>>>>>>>>>>>>>>>        ] 279/371, 10.8 task/s, elapsed: 26s, ETA:     9s[>>>>>>>>>>>>>>>>>>>>>        ] 280/371, 10.8 task/s, elapsed: 26s, ETA:     8s[>>>>>>>>>>>>>>>>>>>>>        ] 281/371, 10.8 task/s, elapsed: 26s, ETA:     8s[>>>>>>>>>>>>>>>>>>>>>>       ] 282/371, 10.8 task/s, elapsed: 26s, ETA:     8s[>>>>>>>>>>>>>>>>>>>>>>       ] 283/371, 10.8 task/s, elapsed: 26s, ETA:     8s[>>>>>>>>>>>>>>>>>>>>>>       ] 284/371, 10.8 task/s, elapsed: 26s, ETA:     8s[>>>>>>>>>>>>>>>>>>>>>>       ] 285/371, 10.8 task/s, elapsed: 26s, ETA:     8s[>>>>>>>>>>>>>>>>>>>>>>       ] 286/371, 10.8 task/s, elapsed: 26s, ETA:     8s[>>>>>>>>>>>>>>>>>>>>>>       ] 287/371, 10.8 task/s, elapsed: 27s, ETA:     8s[>>>>>>>>>>>>>>>>>>>>>>       ] 288/371, 10.8 task/s, elapsed: 27s, ETA:     8s[>>>>>>>>>>>>>>>>>>>>>>       ] 289/371, 10.8 task/s, elapsed: 27s, ETA:     8s[>>>>>>>>>>>>>>>>>>>>>>       ] 290/371, 10.8 task/s, elapsed: 27s, ETA:     7s[>>>>>>>>>>>>>>>>>>>>>>       ] 291/371, 10.8 task/s, elapsed: 27s, ETA:     7s[>>>>>>>>>>>>>>>>>>>>>>       ] 292/371, 10.8 task/s, elapsed: 27s, ETA:     7s[>>>>>>>>>>>>>>>>>>>>>>       ] 293/371, 10.8 task/s, elapsed: 27s, ETA:     7s[>>>>>>>>>>>>>>>>>>>>>>       ] 294/371, 10.9 task/s, elapsed: 27s, ETA:     7s[>>>>>>>>>>>>>>>>>>>>>>>      ] 295/371, 10.9 task/s, elapsed: 27s, ETA:     7s[>>>>>>>>>>>>>>>>>>>>>>>      ] 296/371, 10.9 task/s, elapsed: 27s, ETA:     7s[>>>>>>>>>>>>>>>>>>>>>>>      ] 297/371, 10.9 task/s, elapsed: 27s, ETA:     7s[>>>>>>>>>>>>>>>>>>>>>>>      ] 298/371, 10.9 task/s, elapsed: 27s, ETA:     7s[>>>>>>>>>>>>>>>>>>>>>>>      ] 299/371, 10.9 task/s, elapsed: 28s, ETA:     7s[>>>>>>>>>>>>>>>>>>>>>>>      ] 300/371, 10.9 task/s, elapsed: 28s, ETA:     7s[>>>>>>>>>>>>>>>>>>>>>>>      ] 301/371, 10.9 task/s, elapsed: 28s, ETA:     6s[>>>>>>>>>>>>>>>>>>>>>>>      ] 302/371, 10.9 task/s, elapsed: 28s, ETA:     6s[>>>>>>>>>>>>>>>>>>>>>>>      ] 303/371, 10.9 task/s, elapsed: 28s, ETA:     6s[>>>>>>>>>>>>>>>>>>>>>>>      ] 304/371, 10.9 task/s, elapsed: 28s, ETA:     6s[>>>>>>>>>>>>>>>>>>>>>>>      ] 305/371, 10.9 task/s, elapsed: 28s, ETA:     6s[>>>>>>>>>>>>>>>>>>>>>>>      ] 306/371, 10.9 task/s, elapsed: 28s, ETA:     6s[>>>>>>>>>>>>>>>>>>>>>>>      ] 307/371, 10.9 task/s, elapsed: 28s, ETA:     6s[>>>>>>>>>>>>>>>>>>>>>>>>     ] 308/371, 10.9 task/s, elapsed: 28s, ETA:     6s[>>>>>>>>>>>>>>>>>>>>>>>>     ] 309/371, 10.9 task/s, elapsed: 28s, ETA:     6s[>>>>>>>>>>>>>>>>>>>>>>>>     ] 310/371, 10.9 task/s, elapsed: 28s, ETA:     6s[>>>>>>>>>>>>>>>>>>>>>>>>     ] 311/371, 10.9 task/s, elapsed: 29s, ETA:     6s[>>>>>>>>>>>>>>>>>>>>>>>>     ] 312/371, 10.9 task/s, elapsed: 29s, ETA:     5s[>>>>>>>>>>>>>>>>>>>>>>>>     ] 313/371, 10.9 task/s, elapsed: 29s, ETA:     5s[>>>>>>>>>>>>>>>>>>>>>>>>     ] 314/371, 10.9 task/s, elapsed: 29s, ETA:     5s[>>>>>>>>>>>>>>>>>>>>>>>>     ] 315/371, 10.9 task/s, elapsed: 29s, ETA:     5s[>>>>>>>>>>>>>>>>>>>>>>>>     ] 316/371, 10.9 task/s, elapsed: 29s, ETA:     5s[>>>>>>>>>>>>>>>>>>>>>>>>     ] 317/371, 10.9 task/s, elapsed: 29s, ETA:     5s[>>>>>>>>>>>>>>>>>>>>>>>>     ] 318/371, 10.9 task/s, elapsed: 29s, ETA:     5s[>>>>>>>>>>>>>>>>>>>>>>>>     ] 319/371, 10.9 task/s, elapsed: 29s, ETA:     5s[>>>>>>>>>>>>>>>>>>>>>>>>>    ] 320/371, 10.9 task/s, elapsed: 29s, ETA:     5s[>>>>>>>>>>>>>>>>>>>>>>>>>    ] 321/371, 10.9 task/s, elapsed: 29s, ETA:     5s[>>>>>>>>>>>>>>>>>>>>>>>>>    ] 322/371, 10.9 task/s, elapsed: 29s, ETA:     4s[>>>>>>>>>>>>>>>>>>>>>>>>>    ] 323/371, 10.9 task/s, elapsed: 30s, ETA:     4s[>>>>>>>>>>>>>>>>>>>>>>>>>    ] 324/371, 10.9 task/s, elapsed: 30s, ETA:     4s[>>>>>>>>>>>>>>>>>>>>>>>>>    ] 325/371, 10.9 task/s, elapsed: 30s, ETA:     4s[>>>>>>>>>>>>>>>>>>>>>>>>>    ] 326/371, 10.9 task/s, elapsed: 30s, ETA:     4s[>>>>>>>>>>>>>>>>>>>>>>>>>    ] 327/371, 11.0 task/s, elapsed: 30s, ETA:     4s[>>>>>>>>>>>>>>>>>>>>>>>>>    ] 328/371, 11.0 task/s, elapsed: 30s, ETA:     4s[>>>>>>>>>>>>>>>>>>>>>>>>>    ] 329/371, 11.0 task/s, elapsed: 30s, ETA:     4s[>>>>>>>>>>>>>>>>>>>>>>>>>    ] 330/371, 11.0 task/s, elapsed: 30s, ETA:     4s[>>>>>>>>>>>>>>>>>>>>>>>>>    ] 331/371, 11.0 task/s, elapsed: 30s, ETA:     4s[>>>>>>>>>>>>>>>>>>>>>>>>>    ] 332/371, 11.0 task/s, elapsed: 30s, ETA:     4s[>>>>>>>>>>>>>>>>>>>>>>>>>>   ] 333/371, 11.0 task/s, elapsed: 30s, ETA:     3s[>>>>>>>>>>>>>>>>>>>>>>>>>>   ] 334/371, 11.0 task/s, elapsed: 30s, ETA:     3s[>>>>>>>>>>>>>>>>>>>>>>>>>>   ] 335/371, 11.0 task/s, elapsed: 31s, ETA:     3s[>>>>>>>>>>>>>>>>>>>>>>>>>>   ] 336/371, 11.0 task/s, elapsed: 31s, ETA:     3s[>>>>>>>>>>>>>>>>>>>>>>>>>>   ] 337/371, 11.0 task/s, elapsed: 31s, ETA:     3s[>>>>>>>>>>>>>>>>>>>>>>>>>>   ] 338/371, 11.0 task/s, elapsed: 31s, ETA:     3s[>>>>>>>>>>>>>>>>>>>>>>>>>>   ] 339/371, 11.0 task/s, elapsed: 31s, ETA:     3s[>>>>>>>>>>>>>>>>>>>>>>>>>>   ] 340/371, 11.0 task/s, elapsed: 31s, ETA:     3s[>>>>>>>>>>>>>>>>>>>>>>>>>>   ] 341/371, 11.0 task/s, elapsed: 31s, ETA:     3s[>>>>>>>>>>>>>>>>>>>>>>>>>>   ] 342/371, 11.0 task/s, elapsed: 31s, ETA:     3s[>>>>>>>>>>>>>>>>>>>>>>>>>>   ] 343/371, 11.0 task/s, elapsed: 31s, ETA:     3s[>>>>>>>>>>>>>>>>>>>>>>>>>>   ] 344/371, 11.0 task/s, elapsed: 31s, ETA:     2s[>>>>>>>>>>>>>>>>>>>>>>>>>>   ] 345/371, 11.0 task/s, elapsed: 31s, ETA:     2s[>>>>>>>>>>>>>>>>>>>>>>>>>>>  ] 346/371, 11.0 task/s, elapsed: 31s, ETA:     2s[>>>>>>>>>>>>>>>>>>>>>>>>>>>  ] 347/371, 11.0 task/s, elapsed: 32s, ETA:     2s[>>>>>>>>>>>>>>>>>>>>>>>>>>>  ] 348/371, 11.0 task/s, elapsed: 32s, ETA:     2s[>>>>>>>>>>>>>>>>>>>>>>>>>>>  ] 349/371, 11.0 task/s, elapsed: 32s, ETA:     2s[>>>>>>>>>>>>>>>>>>>>>>>>>>>  ] 350/371, 11.0 task/s, elapsed: 32s, ETA:     2s[>>>>>>>>>>>>>>>>>>>>>>>>>>>  ] 351/371, 11.0 task/s, elapsed: 32s, ETA:     2s[>>>>>>>>>>>>>>>>>>>>>>>>>>>  ] 352/371, 11.0 task/s, elapsed: 32s, ETA:     2s[>>>>>>>>>>>>>>>>>>>>>>>>>>>  ] 353/371, 11.0 task/s, elapsed: 32s, ETA:     2s[>>>>>>>>>>>>>>>>>>>>>>>>>>>  ] 354/371, 11.0 task/s, elapsed: 32s, ETA:     2s[>>>>>>>>>>>>>>>>>>>>>>>>>>>  ] 355/371, 11.0 task/s, elapsed: 32s, ETA:     1s[>>>>>>>>>>>>>>>>>>>>>>>>>>>  ] 356/371, 11.0 task/s, elapsed: 32s, ETA:     1s[>>>>>>>>>>>>>>>>>>>>>>>>>>>  ] 357/371, 11.0 task/s, elapsed: 32s, ETA:     1s[>>>>>>>>>>>>>>>>>>>>>>>>>>>  ] 358/371, 11.0 task/s, elapsed: 32s, ETA:     1s[>>>>>>>>>>>>>>>>>>>>>>>>>>>> ] 359/371, 11.0 task/s, elapsed: 33s, ETA:     1s[>>>>>>>>>>>>>>>>>>>>>>>>>>>> ] 360/371, 11.0 task/s, elapsed: 33s, ETA:     1s[>>>>>>>>>>>>>>>>>>>>>>>>>>>> ] 361/371, 11.0 task/s, elapsed: 33s, ETA:     1s[>>>>>>>>>>>>>>>>>>>>>>>>>>>> ] 362/371, 11.0 task/s, elapsed: 33s, ETA:     1s[>>>>>>>>>>>>>>>>>>>>>>>>>>>> ] 363/371, 11.0 task/s, elapsed: 33s, ETA:     1s[>>>>>>>>>>>>>>>>>>>>>>>>>>>> ] 364/371, 11.0 task/s, elapsed: 33s, ETA:     1s[>>>>>>>>>>>>>>>>>>>>>>>>>>>> ] 365/371, 11.0 task/s, elapsed: 33s, ETA:     1s[>>>>>>>>>>>>>>>>>>>>>>>>>>>> ] 366/371, 11.0 task/s, elapsed: 33s, ETA:     0s[>>>>>>>>>>>>>>>>>>>>>>>>>>>> ] 367/371, 11.0 task/s, elapsed: 33s, ETA:     0s[>>>>>>>>>>>>>>>>>>>>>>>>>>>> ] 368/371, 11.0 task/s, elapsed: 33s, ETA:     0s[>>>>>>>>>>>>>>>>>>>>>>>>>>>> ] 369/371, 11.1 task/s, elapsed: 33s, ETA:     0s[>>>>>>>>>>>>>>>>>>>>>>>>>>>> ] 370/371, 11.1 task/s, elapsed: 33s, ETA:     0s[>>>>>>>>>>>>>>>>>>>>>>>>>>>>>] 371/371, 11.1 task/s, elapsed: 34s, ETA:     0s

2026-05-12 09:32:08,592 - mmdet - INFO - Evaluating bbox...
Loading and preparing results...
DONE (t=0.00s)
creating index...
index created!
Running per image evaluation...
Evaluate annotation type *bbox*
DONE (t=2.01s).
Accumulating evaluation results...
DONE (t=0.13s).
2026-05-12 09:32:10,756 - mmdet - INFO - 
 Average Precision  (AP) @[ IoU=0.50:0.95 | area=   all | maxDets=100 ] = 0.264
 Average Precision  (AP) @[ IoU=0.50      | area=   all | maxDets=1000 ] = 0.681
 Average Precision  (AP) @[ IoU=0.75      | area=   all | maxDets=1000 ] = 0.137
 Average Precision  (AP) @[ IoU=0.50:0.95 | area= small | maxDets=1000 ] = 0.002
 Average Precision  (AP) @[ IoU=0.50:0.95 | area=medium | maxDets=1000 ] = 0.213
 Average Precision  (AP) @[ IoU=0.50:0.95 | area= large | maxDets=1000 ] = 0.333
 Average Recall     (AR) @[ IoU=0.50:0.95 | area=   all | maxDets=100 ] = 0.385
 Average Recall     (AR) @[ IoU=0.50:0.95 | area=   all | maxDets=300 ] = 0.385
 Average Recall     (AR) @[ IoU=0.50:0.95 | area=   all | maxDets=1000 ] = 0.385
 Average Recall     (AR) @[ IoU=0.50:0.95 | area= small | maxDets=1000 ] = 0.034
 Average Recall     (AR) @[ IoU=0.50:0.95 | area=medium | maxDets=1000 ] = 0.333
 Average Recall     (AR) @[ IoU=0.50:0.95 | area= large | maxDets=1000 ] = 0.460

2026-05-12 09:32:10,761 - mmdet - INFO - Exp name: fold_1_r50_300e_hbb.py
2026-05-12 09:32:10,761 - mmdet - INFO - Epoch(val) [210][371]	bbox_mAP: 0.2640, bbox_mAP_50: 0.6810, bbox_mAP_75: 0.1370, bbox_mAP_s: 0.0020, bbox_mAP_m: 0.2130, bbox_mAP_l: 0.3330, bbox_mAP_copypaste: 0.264 0.681 0.137 0.002 0.213 0.333
2026-05-12 09:32:40,383 - mmdet - INFO - Epoch [211][50/186]	lr: 4.123e-03, eta: 2:01:57, time: 0.590, data_time: 0.083, memory: 6155, loss_rpn_cls: 0.0101, loss_rpn_bbox: 0.0018, loss_cls: 0.0605, acc: 97.7246, loss_bbox: 0.0384, loss: 0.1107, grad_norm: 0.9676
2026-05-12 09:33:06,171 - mmdet - INFO - Epoch [211][100/186]	lr: 4.123e-03, eta: 2:01:36, time: 0.518, data_time: 0.015, memory: 6155, loss_rpn_cls: 0.0150, loss_rpn_bbox: 0.0016, loss_cls: 0.0529, acc: 98.0420, loss_bbox: 0.0309, loss: 0.1003, grad_norm: 0.9825
2026-05-12 09:33:32,067 - mmdet - INFO - Epoch [211][150/186]	lr: 4.123e-03, eta: 2:01:16, time: 0.516, data_time: 0.013, memory: 6155, loss_rpn_cls: 0.0133, loss_rpn_bbox: 0.0020, loss_cls: 0.0632, acc: 97.6299, loss_bbox: 0.0389, loss: 0.1175, grad_norm: 1.0014
2026-05-12 09:34:20,294 - mmdet - INFO - Epoch [212][50/186]	lr: 4.039e-03, eta: 2:00:35, time: 0.589, data_time: 0.083, memory: 6155, loss_rpn_cls: 0.0133, loss_rpn_bbox: 0.0022, loss_cls: 0.0615, acc: 97.6924, loss_bbox: 0.0405, loss: 0.1175, grad_norm: 1.0300
2026-05-12 09:34:46,080 - mmdet - INFO - Epoch [212][100/186]	lr: 4.039e-03, eta: 2:00:14, time: 0.514, data_time: 0.013, memory: 6155, loss_rpn_cls: 0.0142, loss_rpn_bbox: 0.0022, loss_cls: 0.0623, acc: 97.6865, loss_bbox: 0.0402, loss: 0.1189, grad_norm: 1.0553
2026-05-12 09:35:12,114 - mmdet - INFO - Epoch [212][150/186]	lr: 4.039e-03, eta: 1:59:54, time: 0.523, data_time: 0.015, memory: 6155, loss_rpn_cls: 0.0096, loss_rpn_bbox: 0.0020, loss_cls: 0.0629, acc: 97.6582, loss_bbox: 0.0394, loss: 0.1140, grad_norm: 1.0385
2026-05-12 09:36:00,456 - mmdet - INFO - Epoch [213][50/186]	lr: 3.955e-03, eta: 1:59:13, time: 0.590, data_time: 0.084, memory: 6155, loss_rpn_cls: 0.0090, loss_rpn_bbox: 0.0015, loss_cls: 0.0546, acc: 97.9385, loss_bbox: 0.0346, loss: 0.0997, grad_norm: 1.0212
2026-05-12 09:36:26,344 - mmdet - INFO - Epoch [213][100/186]	lr: 3.955e-03, eta: 1:58:53, time: 0.520, data_time: 0.015, memory: 6155, loss_rpn_cls: 0.0079, loss_rpn_bbox: 0.0020, loss_cls: 0.0551, acc: 97.9346, loss_bbox: 0.0344, loss: 0.0994, grad_norm: 0.9883
2026-05-12 09:36:52,348 - mmdet - INFO - Epoch [213][150/186]	lr: 3.955e-03, eta: 1:58:33, time: 0.518, data_time: 0.013, memory: 6155, loss_rpn_cls: 0.0161, loss_rpn_bbox: 0.0026, loss_cls: 0.0749, acc: 97.1592, loss_bbox: 0.0501, loss: 0.1438, grad_norm: 1.0483
2026-05-12 09:37:40,628 - mmdet - INFO - Epoch [214][50/186]	lr: 3.872e-03, eta: 1:57:52, time: 0.591, data_time: 0.083, memory: 6155, loss_rpn_cls: 0.0089, loss_rpn_bbox: 0.0017, loss_cls: 0.0576, acc: 97.8643, loss_bbox: 0.0358, loss: 0.1040, grad_norm: 1.0743
2026-05-12 09:38:06,518 - mmdet - INFO - Epoch [214][100/186]	lr: 3.872e-03, eta: 1:57:31, time: 0.516, data_time: 0.013, memory: 6155, loss_rpn_cls: 0.0094, loss_rpn_bbox: 0.0017, loss_cls: 0.0566, acc: 97.8611, loss_bbox: 0.0387, loss: 0.1065, grad_norm: 1.0824
2026-05-12 09:38:32,347 - mmdet - INFO - Epoch [214][150/186]	lr: 3.872e-03, eta: 1:57:11, time: 0.519, data_time: 0.015, memory: 6155, loss_rpn_cls: 0.0114, loss_rpn_bbox: 0.0019, loss_cls: 0.0579, acc: 97.8350, loss_bbox: 0.0349, loss: 0.1060, grad_norm: 1.0986
2026-05-12 09:39:20,747 - mmdet - INFO - Epoch [215][50/186]	lr: 3.789e-03, eta: 1:56:30, time: 0.591, data_time: 0.083, memory: 6155, loss_rpn_cls: 0.0110, loss_rpn_bbox: 0.0020, loss_cls: 0.0596, acc: 97.6865, loss_bbox: 0.0384, loss: 0.1110, grad_norm: 0.9908
2026-05-12 09:39:46,656 - mmdet - INFO - Epoch [215][100/186]	lr: 3.789e-03, eta: 1:56:10, time: 0.520, data_time: 0.015, memory: 6155, loss_rpn_cls: 0.0153, loss_rpn_bbox: 0.0019, loss_cls: 0.0588, acc: 97.7793, loss_bbox: 0.0379, loss: 0.1139, grad_norm: 1.0952
2026-05-12 09:40:12,626 - mmdet - INFO - Epoch [215][150/186]	lr: 3.789e-03, eta: 1:55:49, time: 0.517, data_time: 0.013, memory: 6155, loss_rpn_cls: 0.0131, loss_rpn_bbox: 0.0021, loss_cls: 0.0634, acc: 97.6387, loss_bbox: 0.0435, loss: 0.1221, grad_norm: 1.1153
2026-05-12 09:41:00,865 - mmdet - INFO - Epoch [216][50/186]	lr: 3.708e-03, eta: 1:55:08, time: 0.591, data_time: 0.083, memory: 6155, loss_rpn_cls: 0.0113, loss_rpn_bbox: 0.0018, loss_cls: 0.0559, acc: 97.8467, loss_bbox: 0.0353, loss: 0.1043, grad_norm: 0.9859
2026-05-12 09:41:26,584 - mmdet - INFO - Epoch [216][100/186]	lr: 3.708e-03, eta: 1:54:48, time: 0.512, data_time: 0.013, memory: 6155, loss_rpn_cls: 0.0134, loss_rpn_bbox: 0.0018, loss_cls: 0.0548, acc: 97.9326, loss_bbox: 0.0333, loss: 0.1032, grad_norm: 1.0070
2026-05-12 09:41:52,571 - mmdet - INFO - Epoch [216][150/186]	lr: 3.708e-03, eta: 1:54:28, time: 0.522, data_time: 0.015, memory: 6155, loss_rpn_cls: 0.0119, loss_rpn_bbox: 0.0023, loss_cls: 0.0668, acc: 97.4385, loss_bbox: 0.0447, loss: 0.1256, grad_norm: 1.0263
2026-05-12 09:42:40,908 - mmdet - INFO - Epoch [217][50/186]	lr: 3.627e-03, eta: 1:53:47, time: 0.589, data_time: 0.084, memory: 6155, loss_rpn_cls: 0.0107, loss_rpn_bbox: 0.0019, loss_cls: 0.0649, acc: 97.4004, loss_bbox: 0.0447, loss: 0.1223, grad_norm: 1.0343
2026-05-12 09:43:06,740 - mmdet - INFO - Epoch [217][100/186]	lr: 3.627e-03, eta: 1:53:26, time: 0.519, data_time: 0.015, memory: 6155, loss_rpn_cls: 0.0110, loss_rpn_bbox: 0.0016, loss_cls: 0.0569, acc: 97.8516, loss_bbox: 0.0337, loss: 0.1032, grad_norm: 0.9961
2026-05-12 09:43:32,654 - mmdet - INFO - Epoch [217][150/186]	lr: 3.627e-03, eta: 1:53:06, time: 0.516, data_time: 0.013, memory: 6155, loss_rpn_cls: 0.0144, loss_rpn_bbox: 0.0020, loss_cls: 0.0646, acc: 97.5811, loss_bbox: 0.0375, loss: 0.1185, grad_norm: 1.0769
2026-05-12 09:44:21,019 - mmdet - INFO - Epoch [218][50/186]	lr: 3.546e-03, eta: 1:52:25, time: 0.593, data_time: 0.084, memory: 6155, loss_rpn_cls: 0.0088, loss_rpn_bbox: 0.0020, loss_cls: 0.0597, acc: 97.8428, loss_bbox: 0.0374, loss: 0.1079, grad_norm: 0.9251
2026-05-12 09:44:46,842 - mmdet - INFO - Epoch [218][100/186]	lr: 3.546e-03, eta: 1:52:05, time: 0.515, data_time: 0.013, memory: 6155, loss_rpn_cls: 0.0099, loss_rpn_bbox: 0.0018, loss_cls: 0.0589, acc: 97.7236, loss_bbox: 0.0366, loss: 0.1072, grad_norm: 0.9811
2026-05-12 09:45:12,843 - mmdet - INFO - Epoch [218][150/186]	lr: 3.546e-03, eta: 1:51:44, time: 0.522, data_time: 0.015, memory: 6155, loss_rpn_cls: 0.0104, loss_rpn_bbox: 0.0019, loss_cls: 0.0602, acc: 97.7412, loss_bbox: 0.0383, loss: 0.1109, grad_norm: 0.9816
2026-05-12 09:46:01,210 - mmdet - INFO - Epoch [219][50/186]	lr: 3.467e-03, eta: 1:51:03, time: 0.589, data_time: 0.083, memory: 6155, loss_rpn_cls: 0.0088, loss_rpn_bbox: 0.0017, loss_cls: 0.0536, acc: 98.0039, loss_bbox: 0.0356, loss: 0.0997, grad_norm: 0.8851
2026-05-12 09:46:27,093 - mmdet - INFO - Epoch [219][100/186]	lr: 3.467e-03, eta: 1:50:43, time: 0.520, data_time: 0.015, memory: 6155, loss_rpn_cls: 0.0154, loss_rpn_bbox: 0.0020, loss_cls: 0.0622, acc: 97.6758, loss_bbox: 0.0401, loss: 0.1197, grad_norm: 0.9990
2026-05-12 09:46:52,995 - mmdet - INFO - Epoch [219][150/186]	lr: 3.467e-03, eta: 1:50:23, time: 0.516, data_time: 0.013, memory: 6155, loss_rpn_cls: 0.0126, loss_rpn_bbox: 0.0019, loss_cls: 0.0633, acc: 97.6942, loss_bbox: 0.0407, loss: 0.1184, grad_norm: 1.0114
2026-05-12 09:47:41,232 - mmdet - INFO - Epoch [220][50/186]	lr: 3.388e-03, eta: 1:49:42, time: 0.591, data_time: 0.083, memory: 6155, loss_rpn_cls: 0.0127, loss_rpn_bbox: 0.0017, loss_cls: 0.0617, acc: 97.7363, loss_bbox: 0.0402, loss: 0.1163, grad_norm: 1.1203
2026-05-12 09:48:07,051 - mmdet - INFO - Epoch [220][100/186]	lr: 3.388e-03, eta: 1:49:21, time: 0.514, data_time: 0.013, memory: 6155, loss_rpn_cls: 0.0112, loss_rpn_bbox: 0.0017, loss_cls: 0.0601, acc: 97.7412, loss_bbox: 0.0366, loss: 0.1096, grad_norm: 1.0824
2026-05-12 09:48:32,952 - mmdet - INFO - Epoch [220][150/186]	lr: 3.388e-03, eta: 1:49:01, time: 0.520, data_time: 0.015, memory: 6155, loss_rpn_cls: 0.0113, loss_rpn_bbox: 0.0023, loss_cls: 0.0613, acc: 97.6387, loss_bbox: 0.0391, loss: 0.1140, grad_norm: 1.0367
2026-05-12 09:48:51,764 - mmdet - INFO - Saving checkpoint at 220 epochs
[                                                  ] 0/371, elapsed: 0s, ETA:[                                 ] 1/371, 0.4 task/s, elapsed: 3s, ETA:   950s[                                 ] 2/371, 0.8 task/s, elapsed: 3s, ETA:   490s[                                 ] 3/371, 1.1 task/s, elapsed: 3s, ETA:   336s[                                 ] 4/371, 1.4 task/s, elapsed: 3s, ETA:   259s[                                 ] 5/371, 1.7 task/s, elapsed: 3s, ETA:   213s[                                 ] 6/371, 2.0 task/s, elapsed: 3s, ETA:   182s[                                 ] 7/371, 2.3 task/s, elapsed: 3s, ETA:   160s[                                 ] 8/371, 2.5 task/s, elapsed: 3s, ETA:   143s[                                 ] 9/371, 2.8 task/s, elapsed: 3s, ETA:   130s[                                ] 10/371, 3.0 task/s, elapsed: 3s, ETA:   120s[                                ] 11/371, 3.2 task/s, elapsed: 3s, ETA:   111s[>                               ] 12/371, 3.4 task/s, elapsed: 3s, ETA:   104s[>                               ] 13/371, 3.6 task/s, elapsed: 4s, ETA:    98s[>                               ] 14/371, 3.8 task/s, elapsed: 4s, ETA:    93s[>                               ] 15/371, 4.0 task/s, elapsed: 4s, ETA:    89s[>                               ] 16/371, 4.2 task/s, elapsed: 4s, ETA:    85s[>                               ] 17/371, 4.4 task/s, elapsed: 4s, ETA:    81s[>                               ] 18/371, 4.5 task/s, elapsed: 4s, ETA:    78s[>                               ] 19/371, 4.7 task/s, elapsed: 4s, ETA:    75s[>                               ] 20/371, 4.8 task/s, elapsed: 4s, ETA:    73s[>                               ] 21/371, 5.0 task/s, elapsed: 4s, ETA:    71s[>                               ] 22/371, 5.1 task/s, elapsed: 4s, ETA:    69s[>                               ] 23/371, 5.2 task/s, elapsed: 4s, ETA:    67s[>>                              ] 24/371, 5.3 task/s, elapsed: 4s, ETA:    65s[>>                              ] 25/371, 5.5 task/s, elapsed: 5s, ETA:    63s[>>                              ] 26/371, 5.6 task/s, elapsed: 5s, ETA:    62s[>>                              ] 27/371, 5.7 task/s, elapsed: 5s, ETA:    60s[>>                              ] 28/371, 5.8 task/s, elapsed: 5s, ETA:    59s[>>                              ] 29/371, 5.9 task/s, elapsed: 5s, ETA:    58s[>>                              ] 30/371, 6.0 task/s, elapsed: 5s, ETA:    57s[>>                              ] 31/371, 6.1 task/s, elapsed: 5s, ETA:    56s[>>                              ] 32/371, 6.2 task/s, elapsed: 5s, ETA:    55s[>>                              ] 33/371, 6.3 task/s, elapsed: 5s, ETA:    54s[>>                              ] 34/371, 6.4 task/s, elapsed: 5s, ETA:    53s[>>>                             ] 35/371, 6.5 task/s, elapsed: 5s, ETA:    52s[>>>                             ] 36/371, 6.5 task/s, elapsed: 5s, ETA:    51s[>>>                             ] 37/371, 6.6 task/s, elapsed: 6s, ETA:    50s[>>>                             ] 38/371, 6.7 task/s, elapsed: 6s, ETA:    50s[>>>                             ] 39/371, 6.8 task/s, elapsed: 6s, ETA:    49s[>>>                             ] 40/371, 6.9 task/s, elapsed: 6s, ETA:    48s[>>>                             ] 41/371, 6.9 task/s, elapsed: 6s, ETA:    48s[>>>                             ] 42/371, 7.0 task/s, elapsed: 6s, ETA:    47s[>>>                             ] 43/371, 7.1 task/s, elapsed: 6s, ETA:    46s[>>>                             ] 44/371, 7.1 task/s, elapsed: 6s, ETA:    46s[>>>                             ] 45/371, 7.2 task/s, elapsed: 6s, ETA:    45s[>>>                             ] 46/371, 7.3 task/s, elapsed: 6s, ETA:    45s[>>>>                            ] 47/371, 7.3 task/s, elapsed: 6s, ETA:    44s[>>>>                            ] 48/371, 7.4 task/s, elapsed: 7s, ETA:    44s[>>>>                            ] 49/371, 7.4 task/s, elapsed: 7s, ETA:    43s[>>>>                            ] 50/371, 7.5 task/s, elapsed: 7s, ETA:    43s[>>>>                            ] 51/371, 7.6 task/s, elapsed: 7s, ETA:    42s[>>>>                            ] 52/371, 7.6 task/s, elapsed: 7s, ETA:    42s[>>>>                            ] 53/371, 7.7 task/s, elapsed: 7s, ETA:    41s[>>>>                            ] 54/371, 7.7 task/s, elapsed: 7s, ETA:    41s[>>>>                            ] 55/371, 7.8 task/s, elapsed: 7s, ETA:    41s[>>>>                            ] 56/371, 7.8 task/s, elapsed: 7s, ETA:    40s[>>>>                            ] 57/371, 7.9 task/s, elapsed: 7s, ETA:    40s[>>>>>                           ] 58/371, 7.9 task/s, elapsed: 7s, ETA:    40s[>>>>>                           ] 59/371, 8.0 task/s, elapsed: 7s, ETA:    39s[>>>>>                           ] 60/371, 8.0 task/s, elapsed: 7s, ETA:    39s[>>>>>                           ] 61/371, 8.0 task/s, elapsed: 8s, ETA:    39s[>>>>>                           ] 62/371, 8.1 task/s, elapsed: 8s, ETA:    38s[>>>>>                           ] 63/371, 8.1 task/s, elapsed: 8s, ETA:    38s[>>>>>                           ] 64/371, 8.2 task/s, elapsed: 8s, ETA:    38s[>>>>>                           ] 65/371, 8.2 task/s, elapsed: 8s, ETA:    37s[>>>>>                           ] 66/371, 8.2 task/s, elapsed: 8s, ETA:    37s[>>>>>                           ] 67/371, 8.3 task/s, elapsed: 8s, ETA:    37s[>>>>>                           ] 68/371, 8.3 task/s, elapsed: 8s, ETA:    36s[>>>>>                           ] 69/371, 8.4 task/s, elapsed: 8s, ETA:    36s[>>>>>>                          ] 70/371, 8.4 task/s, elapsed: 8s, ETA:    36s[>>>>>>                          ] 71/371, 8.4 task/s, elapsed: 8s, ETA:    36s[>>>>>>                          ] 72/371, 8.5 task/s, elapsed: 9s, ETA:    35s[>>>>>>                          ] 73/371, 8.5 task/s, elapsed: 9s, ETA:    35s[>>>>>>                          ] 74/371, 8.5 task/s, elapsed: 9s, ETA:    35s[>>>>>>                          ] 75/371, 8.6 task/s, elapsed: 9s, ETA:    35s[>>>>>>                          ] 76/371, 8.6 task/s, elapsed: 9s, ETA:    34s[>>>>>>                          ] 77/371, 8.6 task/s, elapsed: 9s, ETA:    34s[>>>>>>                          ] 78/371, 8.7 task/s, elapsed: 9s, ETA:    34s[>>>>>>                          ] 79/371, 8.7 task/s, elapsed: 9s, ETA:    34s[>>>>>>                          ] 80/371, 8.7 task/s, elapsed: 9s, ETA:    33s[>>>>>>                          ] 81/371, 8.7 task/s, elapsed: 9s, ETA:    33s[>>>>>>>                         ] 82/371, 8.8 task/s, elapsed: 9s, ETA:    33s[>>>>>>>                         ] 83/371, 8.8 task/s, elapsed: 9s, ETA:    33s[>>>>>>>                        ] 84/371, 8.8 task/s, elapsed: 10s, ETA:    32s[>>>>>>>                        ] 85/371, 8.9 task/s, elapsed: 10s, ETA:    32s[>>>>>>>                        ] 86/371, 8.9 task/s, elapsed: 10s, ETA:    32s[>>>>>>>                        ] 87/371, 8.9 task/s, elapsed: 10s, ETA:    32s[>>>>>>>                        ] 88/371, 8.9 task/s, elapsed: 10s, ETA:    32s[>>>>>>>                        ] 89/371, 9.0 task/s, elapsed: 10s, ETA:    31s[>>>>>>>                        ] 90/371, 9.0 task/s, elapsed: 10s, ETA:    31s[>>>>>>>                        ] 91/371, 9.0 task/s, elapsed: 10s, ETA:    31s[>>>>>>>                        ] 92/371, 9.0 task/s, elapsed: 10s, ETA:    31s[>>>>>>>                        ] 93/371, 9.1 task/s, elapsed: 10s, ETA:    31s[>>>>>>>                        ] 94/371, 9.1 task/s, elapsed: 10s, ETA:    31s[>>>>>>>                        ] 95/371, 9.1 task/s, elapsed: 10s, ETA:    30s[>>>>>>>>                       ] 96/371, 9.1 task/s, elapsed: 11s, ETA:    30s[>>>>>>>>                       ] 97/371, 9.1 task/s, elapsed: 11s, ETA:    30s[>>>>>>>>                       ] 98/371, 9.2 task/s, elapsed: 11s, ETA:    30s[>>>>>>>>                       ] 99/371, 9.2 task/s, elapsed: 11s, ETA:    30s[>>>>>>>>                      ] 100/371, 9.2 task/s, elapsed: 11s, ETA:    29s[>>>>>>>>                      ] 101/371, 9.2 task/s, elapsed: 11s, ETA:    29s[>>>>>>>>                      ] 102/371, 9.3 task/s, elapsed: 11s, ETA:    29s[>>>>>>>>                      ] 103/371, 9.3 task/s, elapsed: 11s, ETA:    29s[>>>>>>>>                      ] 104/371, 9.3 task/s, elapsed: 11s, ETA:    29s[>>>>>>>>                      ] 105/371, 9.3 task/s, elapsed: 11s, ETA:    29s[>>>>>>>>                      ] 106/371, 9.3 task/s, elapsed: 11s, ETA:    28s[>>>>>>>>                      ] 107/371, 9.4 task/s, elapsed: 11s, ETA:    28s[>>>>>>>>                      ] 108/371, 9.4 task/s, elapsed: 12s, ETA:    28s[>>>>>>>>                      ] 109/371, 9.4 task/s, elapsed: 12s, ETA:    28s[>>>>>>>>                      ] 110/371, 9.4 task/s, elapsed: 12s, ETA:    28s[>>>>>>>>                      ] 111/371, 9.4 task/s, elapsed: 12s, ETA:    28s[>>>>>>>>>                     ] 112/371, 9.4 task/s, elapsed: 12s, ETA:    27s[>>>>>>>>>                     ] 113/371, 9.5 task/s, elapsed: 12s, ETA:    27s[>>>>>>>>>                     ] 114/371, 9.5 task/s, elapsed: 12s, ETA:    27s[>>>>>>>>>                     ] 115/371, 9.5 task/s, elapsed: 12s, ETA:    27s[>>>>>>>>>                     ] 116/371, 9.5 task/s, elapsed: 12s, ETA:    27s[>>>>>>>>>                     ] 117/371, 9.5 task/s, elapsed: 12s, ETA:    27s[>>>>>>>>>                     ] 118/371, 9.6 task/s, elapsed: 12s, ETA:    26s[>>>>>>>>>                     ] 119/371, 9.6 task/s, elapsed: 12s, ETA:    26s[>>>>>>>>>                     ] 120/371, 9.6 task/s, elapsed: 13s, ETA:    26s[>>>>>>>>>                     ] 121/371, 9.6 task/s, elapsed: 13s, ETA:    26s[>>>>>>>>>                     ] 122/371, 9.6 task/s, elapsed: 13s, ETA:    26s[>>>>>>>>>                     ] 123/371, 9.6 task/s, elapsed: 13s, ETA:    26s[>>>>>>>>>>                    ] 124/371, 9.6 task/s, elapsed: 13s, ETA:    26s[>>>>>>>>>>                    ] 125/371, 9.7 task/s, elapsed: 13s, ETA:    25s[>>>>>>>>>>                    ] 126/371, 9.7 task/s, elapsed: 13s, ETA:    25s[>>>>>>>>>>                    ] 127/371, 9.7 task/s, elapsed: 13s, ETA:    25s[>>>>>>>>>>                    ] 128/371, 9.7 task/s, elapsed: 13s, ETA:    25s[>>>>>>>>>>                    ] 129/371, 9.7 task/s, elapsed: 13s, ETA:    25s[>>>>>>>>>>                    ] 130/371, 9.7 task/s, elapsed: 13s, ETA:    25s[>>>>>>>>>>                    ] 131/371, 9.7 task/s, elapsed: 13s, ETA:    25s[>>>>>>>>>>                    ] 132/371, 9.8 task/s, elapsed: 14s, ETA:    24s[>>>>>>>>>>                    ] 133/371, 9.8 task/s, elapsed: 14s, ETA:    24s[>>>>>>>>>>                    ] 134/371, 9.8 task/s, elapsed: 14s, ETA:    24s[>>>>>>>>>>                    ] 135/371, 9.8 task/s, elapsed: 14s, ETA:    24s[>>>>>>>>>>                    ] 136/371, 9.8 task/s, elapsed: 14s, ETA:    24s[>>>>>>>>>>>                   ] 137/371, 9.8 task/s, elapsed: 14s, ETA:    24s[>>>>>>>>>>>                   ] 138/371, 9.8 task/s, elapsed: 14s, ETA:    24s[>>>>>>>>>>>                   ] 139/371, 9.9 task/s, elapsed: 14s, ETA:    24s[>>>>>>>>>>>                   ] 140/371, 9.9 task/s, elapsed: 14s, ETA:    23s[>>>>>>>>>>>                   ] 141/371, 9.9 task/s, elapsed: 14s, ETA:    23s[>>>>>>>>>>>                   ] 142/371, 9.9 task/s, elapsed: 14s, ETA:    23s[>>>>>>>>>>>                   ] 143/371, 9.9 task/s, elapsed: 14s, ETA:    23s[>>>>>>>>>>>                   ] 144/371, 9.9 task/s, elapsed: 15s, ETA:    23s[>>>>>>>>>>>                   ] 145/371, 9.9 task/s, elapsed: 15s, ETA:    23s[>>>>>>>>>>>                   ] 146/371, 9.9 task/s, elapsed: 15s, ETA:    23s[>>>>>>>>>>>                   ] 147/371, 9.9 task/s, elapsed: 15s, ETA:    23s[>>>>>>>>>>>                  ] 148/371, 10.0 task/s, elapsed: 15s, ETA:    22s[>>>>>>>>>>>                  ] 149/371, 10.0 task/s, elapsed: 15s, ETA:    22s[>>>>>>>>>>>                  ] 150/371, 10.0 task/s, elapsed: 15s, ETA:    22s[>>>>>>>>>>>                  ] 151/371, 10.0 task/s, elapsed: 15s, ETA:    22s[>>>>>>>>>>>                  ] 152/371, 10.0 task/s, elapsed: 15s, ETA:    22s[>>>>>>>>>>>                  ] 153/371, 10.0 task/s, elapsed: 15s, ETA:    22s[>>>>>>>>>>>>                 ] 154/371, 10.0 task/s, elapsed: 15s, ETA:    22s[>>>>>>>>>>>>                 ] 155/371, 10.0 task/s, elapsed: 15s, ETA:    22s[>>>>>>>>>>>>                 ] 156/371, 10.0 task/s, elapsed: 16s, ETA:    21s[>>>>>>>>>>>>                 ] 157/371, 10.1 task/s, elapsed: 16s, ETA:    21s[>>>>>>>>>>>>                 ] 158/371, 10.1 task/s, elapsed: 16s, ETA:    21s[>>>>>>>>>>>>                 ] 159/371, 10.1 task/s, elapsed: 16s, ETA:    21s[>>>>>>>>>>>>                 ] 160/371, 10.1 task/s, elapsed: 16s, ETA:    21s[>>>>>>>>>>>>                 ] 161/371, 10.1 task/s, elapsed: 16s, ETA:    21s[>>>>>>>>>>>>                 ] 162/371, 10.1 task/s, elapsed: 16s, ETA:    21s[>>>>>>>>>>>>                 ] 163/371, 10.1 task/s, elapsed: 16s, ETA:    21s[>>>>>>>>>>>>                 ] 164/371, 10.1 task/s, elapsed: 16s, ETA:    20s[>>>>>>>>>>>>                 ] 165/371, 10.1 task/s, elapsed: 16s, ETA:    20s[>>>>>>>>>>>>                 ] 166/371, 10.1 task/s, elapsed: 16s, ETA:    20s[>>>>>>>>>>>>>                ] 167/371, 10.2 task/s, elapsed: 16s, ETA:    20s[>>>>>>>>>>>>>                ] 168/371, 10.2 task/s, elapsed: 17s, ETA:    20s[>>>>>>>>>>>>>                ] 169/371, 10.2 task/s, elapsed: 17s, ETA:    20s[>>>>>>>>>>>>>                ] 170/371, 10.2 task/s, elapsed: 17s, ETA:    20s[>>>>>>>>>>>>>                ] 171/371, 10.2 task/s, elapsed: 17s, ETA:    20s[>>>>>>>>>>>>>                ] 172/371, 10.2 task/s, elapsed: 17s, ETA:    20s[>>>>>>>>>>>>>                ] 173/371, 10.2 task/s, elapsed: 17s, ETA:    19s[>>>>>>>>>>>>>                ] 174/371, 10.2 task/s, elapsed: 17s, ETA:    19s[>>>>>>>>>>>>>                ] 175/371, 10.2 task/s, elapsed: 17s, ETA:    19s[>>>>>>>>>>>>>                ] 176/371, 10.2 task/s, elapsed: 17s, ETA:    19s[>>>>>>>>>>>>>                ] 177/371, 10.2 task/s, elapsed: 17s, ETA:    19s[>>>>>>>>>>>>>                ] 178/371, 10.2 task/s, elapsed: 17s, ETA:    19s[>>>>>>>>>>>>>                ] 179/371, 10.3 task/s, elapsed: 17s, ETA:    19s[>>>>>>>>>>>>>>               ] 180/371, 10.3 task/s, elapsed: 18s, ETA:    19s[>>>>>>>>>>>>>>               ] 181/371, 10.3 task/s, elapsed: 18s, ETA:    18s[>>>>>>>>>>>>>>               ] 182/371, 10.3 task/s, elapsed: 18s, ETA:    18s[>>>>>>>>>>>>>>               ] 183/371, 10.3 task/s, elapsed: 18s, ETA:    18s[>>>>>>>>>>>>>>               ] 184/371, 10.3 task/s, elapsed: 18s, ETA:    18s[>>>>>>>>>>>>>>               ] 185/371, 10.3 task/s, elapsed: 18s, ETA:    18s[>>>>>>>>>>>>>>               ] 186/371, 10.3 task/s, elapsed: 18s, ETA:    18s[>>>>>>>>>>>>>>               ] 187/371, 10.3 task/s, elapsed: 18s, ETA:    18s[>>>>>>>>>>>>>>               ] 188/371, 10.3 task/s, elapsed: 18s, ETA:    18s[>>>>>>>>>>>>>>               ] 189/371, 10.3 task/s, elapsed: 18s, ETA:    18s[>>>>>>>>>>>>>>               ] 190/371, 10.3 task/s, elapsed: 18s, ETA:    18s[>>>>>>>>>>>>>>               ] 191/371, 10.3 task/s, elapsed: 18s, ETA:    17s[>>>>>>>>>>>>>>>              ] 192/371, 10.4 task/s, elapsed: 19s, ETA:    17s[>>>>>>>>>>>>>>>              ] 193/371, 10.4 task/s, elapsed: 19s, ETA:    17s[>>>>>>>>>>>>>>>              ] 194/371, 10.4 task/s, elapsed: 19s, ETA:    17s[>>>>>>>>>>>>>>>              ] 195/371, 10.4 task/s, elapsed: 19s, ETA:    17s[>>>>>>>>>>>>>>>              ] 196/371, 10.4 task/s, elapsed: 19s, ETA:    17s[>>>>>>>>>>>>>>>              ] 197/371, 10.4 task/s, elapsed: 19s, ETA:    17s[>>>>>>>>>>>>>>>              ] 198/371, 10.4 task/s, elapsed: 19s, ETA:    17s[>>>>>>>>>>>>>>>              ] 199/371, 10.4 task/s, elapsed: 19s, ETA:    17s[>>>>>>>>>>>>>>>              ] 200/371, 10.4 task/s, elapsed: 19s, ETA:    16s[>>>>>>>>>>>>>>>              ] 201/371, 10.4 task/s, elapsed: 19s, ETA:    16s[>>>>>>>>>>>>>>>              ] 202/371, 10.4 task/s, elapsed: 19s, ETA:    16s[>>>>>>>>>>>>>>>              ] 203/371, 10.4 task/s, elapsed: 19s, ETA:    16s[>>>>>>>>>>>>>>>              ] 204/371, 10.4 task/s, elapsed: 20s, ETA:    16s[>>>>>>>>>>>>>>>>             ] 205/371, 10.4 task/s, elapsed: 20s, ETA:    16s[>>>>>>>>>>>>>>>>             ] 206/371, 10.5 task/s, elapsed: 20s, ETA:    16s[>>>>>>>>>>>>>>>>             ] 207/371, 10.5 task/s, elapsed: 20s, ETA:    16s[>>>>>>>>>>>>>>>>             ] 208/371, 10.5 task/s, elapsed: 20s, ETA:    16s[>>>>>>>>>>>>>>>>             ] 209/371, 10.5 task/s, elapsed: 20s, ETA:    15s[>>>>>>>>>>>>>>>>             ] 210/371, 10.5 task/s, elapsed: 20s, ETA:    15s[>>>>>>>>>>>>>>>>             ] 211/371, 10.5 task/s, elapsed: 20s, ETA:    15s[>>>>>>>>>>>>>>>>             ] 212/371, 10.5 task/s, elapsed: 20s, ETA:    15s[>>>>>>>>>>>>>>>>             ] 213/371, 10.5 task/s, elapsed: 20s, ETA:    15s[>>>>>>>>>>>>>>>>             ] 214/371, 10.5 task/s, elapsed: 20s, ETA:    15s[>>>>>>>>>>>>>>>>             ] 215/371, 10.5 task/s, elapsed: 20s, ETA:    15s[>>>>>>>>>>>>>>>>             ] 216/371, 10.5 task/s, elapsed: 21s, ETA:    15s[>>>>>>>>>>>>>>>>             ] 217/371, 10.5 task/s, elapsed: 21s, ETA:    15s[>>>>>>>>>>>>>>>>>            ] 218/371, 10.5 task/s, elapsed: 21s, ETA:    15s[>>>>>>>>>>>>>>>>>            ] 219/371, 10.5 task/s, elapsed: 21s, ETA:    14s[>>>>>>>>>>>>>>>>>            ] 220/371, 10.5 task/s, elapsed: 21s, ETA:    14s[>>>>>>>>>>>>>>>>>            ] 221/371, 10.5 task/s, elapsed: 21s, ETA:    14s[>>>>>>>>>>>>>>>>>            ] 222/371, 10.5 task/s, elapsed: 21s, ETA:    14s[>>>>>>>>>>>>>>>>>            ] 223/371, 10.6 task/s, elapsed: 21s, ETA:    14s[>>>>>>>>>>>>>>>>>            ] 224/371, 10.6 task/s, elapsed: 21s, ETA:    14s[>>>>>>>>>>>>>>>>>            ] 225/371, 10.6 task/s, elapsed: 21s, ETA:    14s[>>>>>>>>>>>>>>>>>            ] 226/371, 10.6 task/s, elapsed: 21s, ETA:    14s[>>>>>>>>>>>>>>>>>            ] 227/371, 10.6 task/s, elapsed: 21s, ETA:    14s[>>>>>>>>>>>>>>>>>            ] 228/371, 10.6 task/s, elapsed: 22s, ETA:    14s[>>>>>>>>>>>>>>>>>            ] 229/371, 10.6 task/s, elapsed: 22s, ETA:    13s[>>>>>>>>>>>>>>>>>            ] 230/371, 10.6 task/s, elapsed: 22s, ETA:    13s[>>>>>>>>>>>>>>>>>>           ] 231/371, 10.6 task/s, elapsed: 22s, ETA:    13s[>>>>>>>>>>>>>>>>>>           ] 232/371, 10.6 task/s, elapsed: 22s, ETA:    13s[>>>>>>>>>>>>>>>>>>           ] 233/371, 10.6 task/s, elapsed: 22s, ETA:    13s[>>>>>>>>>>>>>>>>>>           ] 234/371, 10.6 task/s, elapsed: 22s, ETA:    13s[>>>>>>>>>>>>>>>>>>           ] 235/371, 10.6 task/s, elapsed: 22s, ETA:    13s[>>>>>>>>>>>>>>>>>>           ] 236/371, 10.6 task/s, elapsed: 22s, ETA:    13s[>>>>>>>>>>>>>>>>>>           ] 237/371, 10.6 task/s, elapsed: 22s, ETA:    13s[>>>>>>>>>>>>>>>>>>           ] 238/371, 10.6 task/s, elapsed: 22s, ETA:    13s[>>>>>>>>>>>>>>>>>>           ] 239/371, 10.6 task/s, elapsed: 22s, ETA:    12s[>>>>>>>>>>>>>>>>>>           ] 240/371, 10.6 task/s, elapsed: 23s, ETA:    12s[>>>>>>>>>>>>>>>>>>           ] 241/371, 10.6 task/s, elapsed: 23s, ETA:    12s[>>>>>>>>>>>>>>>>>>           ] 242/371, 10.6 task/s, elapsed: 23s, ETA:    12s[>>>>>>>>>>>>>>>>>>           ] 243/371, 10.7 task/s, elapsed: 23s, ETA:    12s[>>>>>>>>>>>>>>>>>>>          ] 244/371, 10.7 task/s, elapsed: 23s, ETA:    12s[>>>>>>>>>>>>>>>>>>>          ] 245/371, 10.7 task/s, elapsed: 23s, ETA:    12s[>>>>>>>>>>>>>>>>>>>          ] 246/371, 10.7 task/s, elapsed: 23s, ETA:    12s[>>>>>>>>>>>>>>>>>>>          ] 247/371, 10.7 task/s, elapsed: 23s, ETA:    12s[>>>>>>>>>>>>>>>>>>>          ] 248/371, 10.7 task/s, elapsed: 23s, ETA:    12s[>>>>>>>>>>>>>>>>>>>          ] 249/371, 10.7 task/s, elapsed: 23s, ETA:    11s[>>>>>>>>>>>>>>>>>>>          ] 250/371, 10.7 task/s, elapsed: 23s, ETA:    11s[>>>>>>>>>>>>>>>>>>>          ] 251/371, 10.7 task/s, elapsed: 23s, ETA:    11s[>>>>>>>>>>>>>>>>>>>          ] 252/371, 10.7 task/s, elapsed: 24s, ETA:    11s[>>>>>>>>>>>>>>>>>>>          ] 253/371, 10.7 task/s, elapsed: 24s, ETA:    11s[>>>>>>>>>>>>>>>>>>>          ] 254/371, 10.7 task/s, elapsed: 24s, ETA:    11s[>>>>>>>>>>>>>>>>>>>          ] 255/371, 10.7 task/s, elapsed: 24s, ETA:    11s[>>>>>>>>>>>>>>>>>>>>         ] 256/371, 10.7 task/s, elapsed: 24s, ETA:    11s[>>>>>>>>>>>>>>>>>>>>         ] 257/371, 10.7 task/s, elapsed: 24s, ETA:    11s[>>>>>>>>>>>>>>>>>>>>         ] 258/371, 10.7 task/s, elapsed: 24s, ETA:    11s[>>>>>>>>>>>>>>>>>>>>         ] 259/371, 10.7 task/s, elapsed: 24s, ETA:    10s[>>>>>>>>>>>>>>>>>>>>         ] 260/371, 10.7 task/s, elapsed: 24s, ETA:    10s[>>>>>>>>>>>>>>>>>>>>         ] 261/371, 10.7 task/s, elapsed: 24s, ETA:    10s[>>>>>>>>>>>>>>>>>>>>         ] 262/371, 10.7 task/s, elapsed: 24s, ETA:    10s[>>>>>>>>>>>>>>>>>>>>         ] 263/371, 10.7 task/s, elapsed: 24s, ETA:    10s[>>>>>>>>>>>>>>>>>>>>         ] 264/371, 10.7 task/s, elapsed: 25s, ETA:    10s[>>>>>>>>>>>>>>>>>>>>         ] 265/371, 10.7 task/s, elapsed: 25s, ETA:    10s[>>>>>>>>>>>>>>>>>>>>         ] 266/371, 10.8 task/s, elapsed: 25s, ETA:    10s[>>>>>>>>>>>>>>>>>>>>         ] 267/371, 10.8 task/s, elapsed: 25s, ETA:    10s[>>>>>>>>>>>>>>>>>>>>         ] 268/371, 10.8 task/s, elapsed: 25s, ETA:    10s[>>>>>>>>>>>>>>>>>>>>>        ] 269/371, 10.8 task/s, elapsed: 25s, ETA:     9s[>>>>>>>>>>>>>>>>>>>>>        ] 270/371, 10.8 task/s, elapsed: 25s, ETA:     9s[>>>>>>>>>>>>>>>>>>>>>        ] 271/371, 10.8 task/s, elapsed: 25s, ETA:     9s[>>>>>>>>>>>>>>>>>>>>>        ] 272/371, 10.8 task/s, elapsed: 25s, ETA:     9s[>>>>>>>>>>>>>>>>>>>>>        ] 273/371, 10.8 task/s, elapsed: 25s, ETA:     9s[>>>>>>>>>>>>>>>>>>>>>        ] 274/371, 10.8 task/s, elapsed: 25s, ETA:     9s[>>>>>>>>>>>>>>>>>>>>>        ] 275/371, 10.8 task/s, elapsed: 25s, ETA:     9s[>>>>>>>>>>>>>>>>>>>>>        ] 276/371, 10.8 task/s, elapsed: 26s, ETA:     9s[>>>>>>>>>>>>>>>>>>>>>        ] 277/371, 10.8 task/s, elapsed: 26s, ETA:     9s[>>>>>>>>>>>>>>>>>>>>>        ] 278/371, 10.8 task/s, elapsed: 26s, ETA:     9s[>>>>>>>>>>>>>>>>>>>>>        ] 279/371, 10.8 task/s, elapsed: 26s, ETA:     9s[>>>>>>>>>>>>>>>>>>>>>        ] 280/371, 10.8 task/s, elapsed: 26s, ETA:     8s[>>>>>>>>>>>>>>>>>>>>>        ] 281/371, 10.8 task/s, elapsed: 26s, ETA:     8s[>>>>>>>>>>>>>>>>>>>>>>       ] 282/371, 10.8 task/s, elapsed: 26s, ETA:     8s[>>>>>>>>>>>>>>>>>>>>>>       ] 283/371, 10.8 task/s, elapsed: 26s, ETA:     8s[>>>>>>>>>>>>>>>>>>>>>>       ] 284/371, 10.8 task/s, elapsed: 26s, ETA:     8s[>>>>>>>>>>>>>>>>>>>>>>       ] 285/371, 10.8 task/s, elapsed: 26s, ETA:     8s[>>>>>>>>>>>>>>>>>>>>>>       ] 286/371, 10.8 task/s, elapsed: 26s, ETA:     8s[>>>>>>>>>>>>>>>>>>>>>>       ] 287/371, 10.8 task/s, elapsed: 26s, ETA:     8s[>>>>>>>>>>>>>>>>>>>>>>       ] 288/371, 10.8 task/s, elapsed: 27s, ETA:     8s[>>>>>>>>>>>>>>>>>>>>>>       ] 289/371, 10.8 task/s, elapsed: 27s, ETA:     8s[>>>>>>>>>>>>>>>>>>>>>>       ] 290/371, 10.8 task/s, elapsed: 27s, ETA:     7s[>>>>>>>>>>>>>>>>>>>>>>       ] 291/371, 10.8 task/s, elapsed: 27s, ETA:     7s[>>>>>>>>>>>>>>>>>>>>>>       ] 292/371, 10.8 task/s, elapsed: 27s, ETA:     7s[>>>>>>>>>>>>>>>>>>>>>>       ] 293/371, 10.9 task/s, elapsed: 27s, ETA:     7s[>>>>>>>>>>>>>>>>>>>>>>       ] 294/371, 10.9 task/s, elapsed: 27s, ETA:     7s[>>>>>>>>>>>>>>>>>>>>>>>      ] 295/371, 10.9 task/s, elapsed: 27s, ETA:     7s[>>>>>>>>>>>>>>>>>>>>>>>      ] 296/371, 10.9 task/s, elapsed: 27s, ETA:     7s[>>>>>>>>>>>>>>>>>>>>>>>      ] 297/371, 10.9 task/s, elapsed: 27s, ETA:     7s[>>>>>>>>>>>>>>>>>>>>>>>      ] 298/371, 10.9 task/s, elapsed: 27s, ETA:     7s[>>>>>>>>>>>>>>>>>>>>>>>      ] 299/371, 10.9 task/s, elapsed: 28s, ETA:     7s[>>>>>>>>>>>>>>>>>>>>>>>      ] 300/371, 10.9 task/s, elapsed: 28s, ETA:     7s[>>>>>>>>>>>>>>>>>>>>>>>      ] 301/371, 10.9 task/s, elapsed: 28s, ETA:     6s[>>>>>>>>>>>>>>>>>>>>>>>      ] 302/371, 10.9 task/s, elapsed: 28s, ETA:     6s[>>>>>>>>>>>>>>>>>>>>>>>      ] 303/371, 10.9 task/s, elapsed: 28s, ETA:     6s[>>>>>>>>>>>>>>>>>>>>>>>      ] 304/371, 10.9 task/s, elapsed: 28s, ETA:     6s[>>>>>>>>>>>>>>>>>>>>>>>      ] 305/371, 10.9 task/s, elapsed: 28s, ETA:     6s[>>>>>>>>>>>>>>>>>>>>>>>      ] 306/371, 10.9 task/s, elapsed: 28s, ETA:     6s[>>>>>>>>>>>>>>>>>>>>>>>      ] 307/371, 10.9 task/s, elapsed: 28s, ETA:     6s[>>>>>>>>>>>>>>>>>>>>>>>>     ] 308/371, 10.9 task/s, elapsed: 28s, ETA:     6s[>>>>>>>>>>>>>>>>>>>>>>>>     ] 309/371, 10.9 task/s, elapsed: 28s, ETA:     6s[>>>>>>>>>>>>>>>>>>>>>>>>     ] 310/371, 10.9 task/s, elapsed: 28s, ETA:     6s[>>>>>>>>>>>>>>>>>>>>>>>>     ] 311/371, 10.9 task/s, elapsed: 29s, ETA:     6s[>>>>>>>>>>>>>>>>>>>>>>>>     ] 312/371, 10.9 task/s, elapsed: 29s, ETA:     5s[>>>>>>>>>>>>>>>>>>>>>>>>     ] 313/371, 10.9 task/s, elapsed: 29s, ETA:     5s[>>>>>>>>>>>>>>>>>>>>>>>>     ] 314/371, 10.9 task/s, elapsed: 29s, ETA:     5s[>>>>>>>>>>>>>>>>>>>>>>>>     ] 315/371, 10.9 task/s, elapsed: 29s, ETA:     5s[>>>>>>>>>>>>>>>>>>>>>>>>     ] 316/371, 10.9 task/s, elapsed: 29s, ETA:     5s[>>>>>>>>>>>>>>>>>>>>>>>>     ] 317/371, 10.9 task/s, elapsed: 29s, ETA:     5s[>>>>>>>>>>>>>>>>>>>>>>>>     ] 318/371, 10.9 task/s, elapsed: 29s, ETA:     5s[>>>>>>>>>>>>>>>>>>>>>>>>     ] 319/371, 10.9 task/s, elapsed: 29s, ETA:     5s[>>>>>>>>>>>>>>>>>>>>>>>>>    ] 320/371, 10.9 task/s, elapsed: 29s, ETA:     5s[>>>>>>>>>>>>>>>>>>>>>>>>>    ] 321/371, 10.9 task/s, elapsed: 29s, ETA:     5s[>>>>>>>>>>>>>>>>>>>>>>>>>    ] 322/371, 10.9 task/s, elapsed: 29s, ETA:     4s[>>>>>>>>>>>>>>>>>>>>>>>>>    ] 323/371, 10.9 task/s, elapsed: 30s, ETA:     4s[>>>>>>>>>>>>>>>>>>>>>>>>>    ] 324/371, 10.9 task/s, elapsed: 30s, ETA:     4s[>>>>>>>>>>>>>>>>>>>>>>>>>    ] 325/371, 10.9 task/s, elapsed: 30s, ETA:     4s[>>>>>>>>>>>>>>>>>>>>>>>>>    ] 326/371, 11.0 task/s, elapsed: 30s, ETA:     4s[>>>>>>>>>>>>>>>>>>>>>>>>>    ] 327/371, 11.0 task/s, elapsed: 30s, ETA:     4s[>>>>>>>>>>>>>>>>>>>>>>>>>    ] 328/371, 11.0 task/s, elapsed: 30s, ETA:     4s[>>>>>>>>>>>>>>>>>>>>>>>>>    ] 329/371, 11.0 task/s, elapsed: 30s, ETA:     4s[>>>>>>>>>>>>>>>>>>>>>>>>>    ] 330/371, 11.0 task/s, elapsed: 30s, ETA:     4s[>>>>>>>>>>>>>>>>>>>>>>>>>    ] 331/371, 11.0 task/s, elapsed: 30s, ETA:     4s[>>>>>>>>>>>>>>>>>>>>>>>>>    ] 332/371, 11.0 task/s, elapsed: 30s, ETA:     4s[>>>>>>>>>>>>>>>>>>>>>>>>>>   ] 333/371, 11.0 task/s, elapsed: 30s, ETA:     3s[>>>>>>>>>>>>>>>>>>>>>>>>>>   ] 334/371, 11.0 task/s, elapsed: 30s, ETA:     3s[>>>>>>>>>>>>>>>>>>>>>>>>>>   ] 335/371, 11.0 task/s, elapsed: 31s, ETA:     3s[>>>>>>>>>>>>>>>>>>>>>>>>>>   ] 336/371, 11.0 task/s, elapsed: 31s, ETA:     3s[>>>>>>>>>>>>>>>>>>>>>>>>>>   ] 337/371, 11.0 task/s, elapsed: 31s, ETA:     3s[>>>>>>>>>>>>>>>>>>>>>>>>>>   ] 338/371, 11.0 task/s, elapsed: 31s, ETA:     3s[>>>>>>>>>>>>>>>>>>>>>>>>>>   ] 339/371, 11.0 task/s, elapsed: 31s, ETA:     3s[>>>>>>>>>>>>>>>>>>>>>>>>>>   ] 340/371, 11.0 task/s, elapsed: 31s, ETA:     3s[>>>>>>>>>>>>>>>>>>>>>>>>>>   ] 341/371, 11.0 task/s, elapsed: 31s, ETA:     3s[>>>>>>>>>>>>>>>>>>>>>>>>>>   ] 342/371, 11.0 task/s, elapsed: 31s, ETA:     3s[>>>>>>>>>>>>>>>>>>>>>>>>>>   ] 343/371, 11.0 task/s, elapsed: 31s, ETA:     3s[>>>>>>>>>>>>>>>>>>>>>>>>>>   ] 344/371, 11.0 task/s, elapsed: 31s, ETA:     2s[>>>>>>>>>>>>>>>>>>>>>>>>>>   ] 345/371, 11.0 task/s, elapsed: 31s, ETA:     2s[>>>>>>>>>>>>>>>>>>>>>>>>>>>  ] 346/371, 11.0 task/s, elapsed: 31s, ETA:     2s[>>>>>>>>>>>>>>>>>>>>>>>>>>>  ] 347/371, 11.0 task/s, elapsed: 32s, ETA:     2s[>>>>>>>>>>>>>>>>>>>>>>>>>>>  ] 348/371, 11.0 task/s, elapsed: 32s, ETA:     2s[>>>>>>>>>>>>>>>>>>>>>>>>>>>  ] 349/371, 11.0 task/s, elapsed: 32s, ETA:     2s[>>>>>>>>>>>>>>>>>>>>>>>>>>>  ] 350/371, 11.0 task/s, elapsed: 32s, ETA:     2s[>>>>>>>>>>>>>>>>>>>>>>>>>>>  ] 351/371, 11.0 task/s, elapsed: 32s, ETA:     2s[>>>>>>>>>>>>>>>>>>>>>>>>>>>  ] 352/371, 11.0 task/s, elapsed: 32s, ETA:     2s[>>>>>>>>>>>>>>>>>>>>>>>>>>>  ] 353/371, 11.0 task/s, elapsed: 32s, ETA:     2s[>>>>>>>>>>>>>>>>>>>>>>>>>>>  ] 354/371, 11.0 task/s, elapsed: 32s, ETA:     2s[>>>>>>>>>>>>>>>>>>>>>>>>>>>  ] 355/371, 11.0 task/s, elapsed: 32s, ETA:     1s[>>>>>>>>>>>>>>>>>>>>>>>>>>>  ] 356/371, 11.0 task/s, elapsed: 32s, ETA:     1s[>>>>>>>>>>>>>>>>>>>>>>>>>>>  ] 357/371, 11.0 task/s, elapsed: 32s, ETA:     1s[>>>>>>>>>>>>>>>>>>>>>>>>>>>  ] 358/371, 11.0 task/s, elapsed: 32s, ETA:     1s[>>>>>>>>>>>>>>>>>>>>>>>>>>>> ] 359/371, 11.0 task/s, elapsed: 33s, ETA:     1s[>>>>>>>>>>>>>>>>>>>>>>>>>>>> ] 360/371, 11.0 task/s, elapsed: 33s, ETA:     1s[>>>>>>>>>>>>>>>>>>>>>>>>>>>> ] 361/371, 11.0 task/s, elapsed: 33s, ETA:     1s[>>>>>>>>>>>>>>>>>>>>>>>>>>>> ] 362/371, 11.0 task/s, elapsed: 33s, ETA:     1s[>>>>>>>>>>>>>>>>>>>>>>>>>>>> ] 363/371, 11.0 task/s, elapsed: 33s, ETA:     1s[>>>>>>>>>>>>>>>>>>>>>>>>>>>> ] 364/371, 11.0 task/s, elapsed: 33s, ETA:     1s[>>>>>>>>>>>>>>>>>>>>>>>>>>>> ] 365/371, 11.0 task/s, elapsed: 33s, ETA:     1s[>>>>>>>>>>>>>>>>>>>>>>>>>>>> ] 366/371, 11.0 task/s, elapsed: 33s, ETA:     0s[>>>>>>>>>>>>>>>>>>>>>>>>>>>> ] 367/371, 11.1 task/s, elapsed: 33s, ETA:     0s[>>>>>>>>>>>>>>>>>>>>>>>>>>>> ] 368/371, 11.1 task/s, elapsed: 33s, ETA:     0s[>>>>>>>>>>>>>>>>>>>>>>>>>>>> ] 369/371, 11.1 task/s, elapsed: 33s, ETA:     0s[>>>>>>>>>>>>>>>>>>>>>>>>>>>> ] 370/371, 11.1 task/s, elapsed: 33s, ETA:     0s[>>>>>>>>>>>>>>>>>>>>>>>>>>>>>] 371/371, 11.1 task/s, elapsed: 34s, ETA:     0s

2026-05-12 09:49:27,191 - mmdet - INFO - Evaluating bbox...
Loading and preparing results...
DONE (t=0.00s)
creating index...
index created!
Running per image evaluation...
Evaluate annotation type *bbox*
DONE (t=2.04s).
Accumulating evaluation results...
DONE (t=0.13s).
2026-05-12 09:49:29,384 - mmdet - INFO - 
 Average Precision  (AP) @[ IoU=0.50:0.95 | area=   all | maxDets=100 ] = 0.265
 Average Precision  (AP) @[ IoU=0.50      | area=   all | maxDets=1000 ] = 0.677
 Average Precision  (AP) @[ IoU=0.75      | area=   all | maxDets=1000 ] = 0.144
 Average Precision  (AP) @[ IoU=0.50:0.95 | area= small | maxDets=1000 ] = 0.002
 Average Precision  (AP) @[ IoU=0.50:0.95 | area=medium | maxDets=1000 ] = 0.216
 Average Precision  (AP) @[ IoU=0.50:0.95 | area= large | maxDets=1000 ] = 0.332
 Average Recall     (AR) @[ IoU=0.50:0.95 | area=   all | maxDets=100 ] = 0.388
 Average Recall     (AR) @[ IoU=0.50:0.95 | area=   all | maxDets=300 ] = 0.388
 Average Recall     (AR) @[ IoU=0.50:0.95 | area=   all | maxDets=1000 ] = 0.388
 Average Recall     (AR) @[ IoU=0.50:0.95 | area= small | maxDets=1000 ] = 0.031
 Average Recall     (AR) @[ IoU=0.50:0.95 | area=medium | maxDets=1000 ] = 0.342
 Average Recall     (AR) @[ IoU=0.50:0.95 | area= large | maxDets=1000 ] = 0.458

2026-05-12 09:49:29,389 - mmdet - INFO - Exp name: fold_1_r50_300e_hbb.py
2026-05-12 09:49:29,389 - mmdet - INFO - Epoch(val) [220][371]	bbox_mAP: 0.2650, bbox_mAP_50: 0.6770, bbox_mAP_75: 0.1440, bbox_mAP_s: 0.0020, bbox_mAP_m: 0.2160, bbox_mAP_l: 0.3320, bbox_mAP_copypaste: 0.265 0.677 0.144 0.002 0.216 0.332
2026-05-12 09:49:58,956 - mmdet - INFO - Epoch [221][50/186]	lr: 3.310e-03, eta: 1:48:20, time: 0.589, data_time: 0.084, memory: 6155, loss_rpn_cls: 0.0124, loss_rpn_bbox: 0.0023, loss_cls: 0.0619, acc: 97.5713, loss_bbox: 0.0385, loss: 0.1151, grad_norm: 1.0629
2026-05-12 09:50:24,804 - mmdet - INFO - Epoch [221][100/186]	lr: 3.310e-03, eta: 1:48:00, time: 0.519, data_time: 0.015, memory: 6155, loss_rpn_cls: 0.0123, loss_rpn_bbox: 0.0025, loss_cls: 0.0691, acc: 97.4082, loss_bbox: 0.0438, loss: 0.1276, grad_norm: 1.0526
2026-05-12 09:50:50,692 - mmdet - INFO - Epoch [221][150/186]	lr: 3.310e-03, eta: 1:47:39, time: 0.516, data_time: 0.013, memory: 6155, loss_rpn_cls: 0.0113, loss_rpn_bbox: 0.0020, loss_cls: 0.0531, acc: 97.9863, loss_bbox: 0.0342, loss: 0.1007, grad_norm: 1.0270
2026-05-12 09:51:38,928 - mmdet - INFO - Epoch [222][50/186]	lr: 3.232e-03, eta: 1:46:59, time: 0.592, data_time: 0.084, memory: 6155, loss_rpn_cls: 0.0106, loss_rpn_bbox: 0.0019, loss_cls: 0.0596, acc: 97.6680, loss_bbox: 0.0378, loss: 0.1100, grad_norm: 0.9899
2026-05-12 09:52:04,746 - mmdet - INFO - Epoch [222][100/186]	lr: 3.232e-03, eta: 1:46:38, time: 0.514, data_time: 0.013, memory: 6155, loss_rpn_cls: 0.0141, loss_rpn_bbox: 0.0016, loss_cls: 0.0567, acc: 97.8701, loss_bbox: 0.0339, loss: 0.1063, grad_norm: 1.0270
2026-05-12 09:52:30,704 - mmdet - INFO - Epoch [222][150/186]	lr: 3.232e-03, eta: 1:46:18, time: 0.521, data_time: 0.015, memory: 6155, loss_rpn_cls: 0.0120, loss_rpn_bbox: 0.0019, loss_cls: 0.0603, acc: 97.7268, loss_bbox: 0.0390, loss: 0.1133, grad_norm: 1.0197
2026-05-12 09:53:19,146 - mmdet - INFO - Epoch [223][50/186]	lr: 3.155e-03, eta: 1:45:37, time: 0.590, data_time: 0.083, memory: 6155, loss_rpn_cls: 0.0099, loss_rpn_bbox: 0.0019, loss_cls: 0.0592, acc: 97.7666, loss_bbox: 0.0390, loss: 0.1101, grad_norm: 0.9017
2026-05-12 09:53:44,944 - mmdet - INFO - Epoch [223][100/186]	lr: 3.155e-03, eta: 1:45:16, time: 0.518, data_time: 0.015, memory: 6155, loss_rpn_cls: 0.0091, loss_rpn_bbox: 0.0016, loss_cls: 0.0556, acc: 97.9688, loss_bbox: 0.0335, loss: 0.0998, grad_norm: 0.9522
2026-05-12 09:54:10,986 - mmdet - INFO - Epoch [223][150/186]	lr: 3.155e-03, eta: 1:44:56, time: 0.519, data_time: 0.013, memory: 6155, loss_rpn_cls: 0.0109, loss_rpn_bbox: 0.0023, loss_cls: 0.0609, acc: 97.6904, loss_bbox: 0.0413, loss: 0.1154, grad_norm: 0.9740
2026-05-12 09:54:59,359 - mmdet - INFO - Epoch [224][50/186]	lr: 3.079e-03, eta: 1:44:15, time: 0.593, data_time: 0.084, memory: 6155, loss_rpn_cls: 0.0107, loss_rpn_bbox: 0.0018, loss_cls: 0.0594, acc: 97.8193, loss_bbox: 0.0361, loss: 0.1080, grad_norm: 0.9807
2026-05-12 09:55:25,198 - mmdet - INFO - Epoch [224][100/186]	lr: 3.079e-03, eta: 1:43:55, time: 0.515, data_time: 0.013, memory: 6155, loss_rpn_cls: 0.0144, loss_rpn_bbox: 0.0019, loss_cls: 0.0603, acc: 97.8125, loss_bbox: 0.0384, loss: 0.1150, grad_norm: 1.0681
2026-05-12 09:55:51,232 - mmdet - INFO - Epoch [224][150/186]	lr: 3.079e-03, eta: 1:43:34, time: 0.523, data_time: 0.015, memory: 6155, loss_rpn_cls: 0.0116, loss_rpn_bbox: 0.0020, loss_cls: 0.0580, acc: 97.8105, loss_bbox: 0.0358, loss: 0.1074, grad_norm: 1.0425
2026-05-12 09:56:39,615 - mmdet - INFO - Epoch [225][50/186]	lr: 3.004e-03, eta: 1:42:54, time: 0.589, data_time: 0.083, memory: 6155, loss_rpn_cls: 0.0098, loss_rpn_bbox: 0.0017, loss_cls: 0.0540, acc: 98.0273, loss_bbox: 0.0338, loss: 0.0992, grad_norm: 0.9683
2026-05-12 09:57:05,470 - mmdet - INFO - Epoch [225][100/186]	lr: 3.004e-03, eta: 1:42:33, time: 0.519, data_time: 0.015, memory: 6155, loss_rpn_cls: 0.0123, loss_rpn_bbox: 0.0019, loss_cls: 0.0583, acc: 97.8525, loss_bbox: 0.0386, loss: 0.1111, grad_norm: 0.9796
2026-05-12 09:57:31,466 - mmdet - INFO - Epoch [225][150/186]	lr: 3.004e-03, eta: 1:42:13, time: 0.518, data_time: 0.013, memory: 6155, loss_rpn_cls: 0.0118, loss_rpn_bbox: 0.0019, loss_cls: 0.0591, acc: 97.8125, loss_bbox: 0.0371, loss: 0.1099, grad_norm: 1.0111
2026-05-12 09:58:19,867 - mmdet - INFO - Epoch [226][50/186]	lr: 2.930e-03, eta: 1:41:32, time: 0.593, data_time: 0.084, memory: 6155, loss_rpn_cls: 0.0123, loss_rpn_bbox: 0.0018, loss_cls: 0.0578, acc: 97.7832, loss_bbox: 0.0371, loss: 0.1089, grad_norm: 1.0266
2026-05-12 09:58:45,695 - mmdet - INFO - Epoch [226][100/186]	lr: 2.930e-03, eta: 1:41:12, time: 0.515, data_time: 0.013, memory: 6155, loss_rpn_cls: 0.0104, loss_rpn_bbox: 0.0015, loss_cls: 0.0544, acc: 97.9258, loss_bbox: 0.0337, loss: 0.1000, grad_norm: 0.9639
2026-05-12 09:59:11,703 - mmdet - INFO - Exp name: fold_1_r50_300e_hbb.py
2026-05-12 09:59:11,704 - mmdet - INFO - Epoch [226][150/186]	lr: 2.930e-03, eta: 1:40:51, time: 0.522, data_time: 0.015, memory: 6155, loss_rpn_cls: 0.0115, loss_rpn_bbox: 0.0019, loss_cls: 0.0617, acc: 97.7441, loss_bbox: 0.0404, loss: 0.1155, grad_norm: 1.0109
2026-05-12 10:00:00,217 - mmdet - INFO - Epoch [227][50/186]	lr: 2.856e-03, eta: 1:40:11, time: 0.592, data_time: 0.084, memory: 6155, loss_rpn_cls: 0.0115, loss_rpn_bbox: 0.0021, loss_cls: 0.0680, acc: 97.4062, loss_bbox: 0.0429, loss: 0.1245, grad_norm: 1.0764
2026-05-12 10:00:26,050 - mmdet - INFO - Epoch [227][100/186]	lr: 2.856e-03, eta: 1:39:50, time: 0.519, data_time: 0.015, memory: 6155, loss_rpn_cls: 0.0086, loss_rpn_bbox: 0.0017, loss_cls: 0.0528, acc: 98.0723, loss_bbox: 0.0329, loss: 0.0960, grad_norm: 0.9737
2026-05-12 10:00:51,993 - mmdet - INFO - Epoch [227][150/186]	lr: 2.856e-03, eta: 1:39:29, time: 0.517, data_time: 0.013, memory: 6155, loss_rpn_cls: 0.0130, loss_rpn_bbox: 0.0021, loss_cls: 0.0605, acc: 97.7100, loss_bbox: 0.0388, loss: 0.1144, grad_norm: 1.0330
2026-05-12 10:01:40,392 - mmdet - INFO - Epoch [228][50/186]	lr: 2.783e-03, eta: 1:38:49, time: 0.593, data_time: 0.085, memory: 6155, loss_rpn_cls: 0.0095, loss_rpn_bbox: 0.0018, loss_cls: 0.0641, acc: 97.6465, loss_bbox: 0.0409, loss: 0.1164, grad_norm: 1.2399
2026-05-12 10:02:06,213 - mmdet - INFO - Epoch [228][100/186]	lr: 2.783e-03, eta: 1:38:28, time: 0.514, data_time: 0.013, memory: 6155, loss_rpn_cls: 0.0107, loss_rpn_bbox: 0.0015, loss_cls: 0.0511, acc: 98.1484, loss_bbox: 0.0304, loss: 0.0938, grad_norm: 1.1235
2026-05-12 10:02:32,201 - mmdet - INFO - Epoch [228][150/186]	lr: 2.783e-03, eta: 1:38:08, time: 0.522, data_time: 0.015, memory: 6155, loss_rpn_cls: 0.0120, loss_rpn_bbox: 0.0017, loss_cls: 0.0545, acc: 98.0049, loss_bbox: 0.0323, loss: 0.1004, grad_norm: 1.0882
2026-05-12 10:03:20,618 - mmdet - INFO - Epoch [229][50/186]	lr: 2.711e-03, eta: 1:37:28, time: 0.591, data_time: 0.083, memory: 6155, loss_rpn_cls: 0.0118, loss_rpn_bbox: 0.0018, loss_cls: 0.0618, acc: 97.6973, loss_bbox: 0.0404, loss: 0.1158, grad_norm: 1.0816
2026-05-12 10:03:46,452 - mmdet - INFO - Epoch [229][100/186]	lr: 2.711e-03, eta: 1:37:07, time: 0.519, data_time: 0.015, memory: 6155, loss_rpn_cls: 0.0061, loss_rpn_bbox: 0.0013, loss_cls: 0.0513, acc: 98.0537, loss_bbox: 0.0329, loss: 0.0917, grad_norm: 1.0053
2026-05-12 10:04:12,444 - mmdet - INFO - Epoch [229][150/186]	lr: 2.711e-03, eta: 1:36:46, time: 0.518, data_time: 0.013, memory: 6155, loss_rpn_cls: 0.0075, loss_rpn_bbox: 0.0017, loss_cls: 0.0530, acc: 97.9961, loss_bbox: 0.0317, loss: 0.0939, grad_norm: 0.9842
2026-05-12 10:05:00,841 - mmdet - INFO - Epoch [230][50/186]	lr: 2.640e-03, eta: 1:36:06, time: 0.592, data_time: 0.084, memory: 6155, loss_rpn_cls: 0.0079, loss_rpn_bbox: 0.0016, loss_cls: 0.0481, acc: 98.1992, loss_bbox: 0.0313, loss: 0.0888, grad_norm: 0.8814
2026-05-12 10:05:26,784 - mmdet - INFO - Epoch [230][100/186]	lr: 2.640e-03, eta: 1:35:45, time: 0.517, data_time: 0.013, memory: 6155, loss_rpn_cls: 0.0128, loss_rpn_bbox: 0.0019, loss_cls: 0.0635, acc: 97.7002, loss_bbox: 0.0413, loss: 0.1195, grad_norm: 1.0083
2026-05-12 10:05:52,796 - mmdet - INFO - Epoch [230][150/186]	lr: 2.640e-03, eta: 1:35:25, time: 0.522, data_time: 0.015, memory: 6155, loss_rpn_cls: 0.0147, loss_rpn_bbox: 0.0020, loss_cls: 0.0584, acc: 97.8662, loss_bbox: 0.0354, loss: 0.1105, grad_norm: 1.0279
2026-05-12 10:06:11,616 - mmdet - INFO - Saving checkpoint at 230 epochs
[                                                  ] 0/371, elapsed: 0s, ETA:[                                 ] 1/371, 0.4 task/s, elapsed: 3s, ETA:   953s[                                 ] 2/371, 0.8 task/s, elapsed: 3s, ETA:   492s[                                 ] 3/371, 1.1 task/s, elapsed: 3s, ETA:   337s[                                 ] 4/371, 1.4 task/s, elapsed: 3s, ETA:   260s[                                 ] 5/371, 1.7 task/s, elapsed: 3s, ETA:   213s[                                 ] 6/371, 2.0 task/s, elapsed: 3s, ETA:   182s[                                 ] 7/371, 2.3 task/s, elapsed: 3s, ETA:   160s[                                 ] 8/371, 2.5 task/s, elapsed: 3s, ETA:   144s[                                 ] 9/371, 2.8 task/s, elapsed: 3s, ETA:   131s[                                ] 10/371, 3.0 task/s, elapsed: 3s, ETA:   120s[                                ] 11/371, 3.2 task/s, elapsed: 3s, ETA:   112s[>                               ] 12/371, 3.4 task/s, elapsed: 3s, ETA:   105s[>                               ] 13/371, 3.6 task/s, elapsed: 4s, ETA:    99s[>                               ] 14/371, 3.8 task/s, elapsed: 4s, ETA:    93s[>                               ] 15/371, 4.0 task/s, elapsed: 4s, ETA:    89s[>                               ] 16/371, 4.2 task/s, elapsed: 4s, ETA:    85s[>                               ] 17/371, 4.3 task/s, elapsed: 4s, ETA:    82s[>                               ] 18/371, 4.5 task/s, elapsed: 4s, ETA:    78s[>                               ] 19/371, 4.7 task/s, elapsed: 4s, ETA:    76s[>                               ] 20/371, 4.8 task/s, elapsed: 4s, ETA:    73s[>                               ] 21/371, 4.9 task/s, elapsed: 4s, ETA:    71s[>                               ] 22/371, 5.1 task/s, elapsed: 4s, ETA:    69s[>                               ] 23/371, 5.2 task/s, elapsed: 4s, ETA:    67s[>>                              ] 24/371, 5.3 task/s, elapsed: 4s, ETA:    65s[>>                              ] 25/371, 5.5 task/s, elapsed: 5s, ETA:    63s[>>                              ] 26/371, 5.6 task/s, elapsed: 5s, ETA:    62s[>>                              ] 27/371, 5.7 task/s, elapsed: 5s, ETA:    61s[>>                              ] 28/371, 5.8 task/s, elapsed: 5s, ETA:    59s[>>                              ] 29/371, 5.9 task/s, elapsed: 5s, ETA:    58s[>>                              ] 30/371, 6.0 task/s, elapsed: 5s, ETA:    57s[>>                              ] 31/371, 6.1 task/s, elapsed: 5s, ETA:    56s[>>                              ] 32/371, 6.2 task/s, elapsed: 5s, ETA:    55s[>>                              ] 33/371, 6.3 task/s, elapsed: 5s, ETA:    54s[>>                              ] 34/371, 6.4 task/s, elapsed: 5s, ETA:    53s[>>>                             ] 35/371, 6.5 task/s, elapsed: 5s, ETA:    52s[>>>                             ] 36/371, 6.5 task/s, elapsed: 6s, ETA:    51s[>>>                             ] 37/371, 6.6 task/s, elapsed: 6s, ETA:    50s[>>>                             ] 38/371, 6.7 task/s, elapsed: 6s, ETA:    50s[>>>                             ] 39/371, 6.8 task/s, elapsed: 6s, ETA:    49s[>>>                             ] 40/371, 6.9 task/s, elapsed: 6s, ETA:    48s[>>>                             ] 41/371, 6.9 task/s, elapsed: 6s, ETA:    48s[>>>                             ] 42/371, 7.0 task/s, elapsed: 6s, ETA:    47s[>>>                             ] 43/371, 7.1 task/s, elapsed: 6s, ETA:    46s[>>>                             ] 44/371, 7.1 task/s, elapsed: 6s, ETA:    46s[>>>                             ] 45/371, 7.2 task/s, elapsed: 6s, ETA:    45s[>>>                             ] 46/371, 7.3 task/s, elapsed: 6s, ETA:    45s[>>>>                            ] 47/371, 7.3 task/s, elapsed: 6s, ETA:    44s[>>>>                            ] 48/371, 7.4 task/s, elapsed: 7s, ETA:    44s[>>>>                            ] 49/371, 7.4 task/s, elapsed: 7s, ETA:    43s[>>>>                            ] 50/371, 7.5 task/s, elapsed: 7s, ETA:    43s[>>>>                            ] 51/371, 7.5 task/s, elapsed: 7s, ETA:    42s[>>>>                            ] 52/371, 7.6 task/s, elapsed: 7s, ETA:    42s[>>>>                            ] 53/371, 7.7 task/s, elapsed: 7s, ETA:    42s[>>>>                            ] 54/371, 7.7 task/s, elapsed: 7s, ETA:    41s[>>>>                            ] 55/371, 7.8 task/s, elapsed: 7s, ETA:    41s[>>>>                            ] 56/371, 7.8 task/s, elapsed: 7s, ETA:    40s[>>>>                            ] 57/371, 7.8 task/s, elapsed: 7s, ETA:    40s[>>>>>                           ] 58/371, 7.9 task/s, elapsed: 7s, ETA:    40s[>>>>>                           ] 59/371, 7.9 task/s, elapsed: 7s, ETA:    39s[>>>>>                           ] 60/371, 8.0 task/s, elapsed: 8s, ETA:    39s[>>>>>                           ] 61/371, 8.0 task/s, elapsed: 8s, ETA:    39s[>>>>>                           ] 62/371, 8.1 task/s, elapsed: 8s, ETA:    38s[>>>>>                           ] 63/371, 8.1 task/s, elapsed: 8s, ETA:    38s[>>>>>                           ] 64/371, 8.2 task/s, elapsed: 8s, ETA:    38s[>>>>>                           ] 65/371, 8.2 task/s, elapsed: 8s, ETA:    37s[>>>>>                           ] 66/371, 8.2 task/s, elapsed: 8s, ETA:    37s[>>>>>                           ] 67/371, 8.3 task/s, elapsed: 8s, ETA:    37s[>>>>>                           ] 68/371, 8.3 task/s, elapsed: 8s, ETA:    36s[>>>>>                           ] 69/371, 8.3 task/s, elapsed: 8s, ETA:    36s[>>>>>>                          ] 70/371, 8.4 task/s, elapsed: 8s, ETA:    36s[>>>>>>                          ] 71/371, 8.4 task/s, elapsed: 8s, ETA:    36s[>>>>>>                          ] 72/371, 8.4 task/s, elapsed: 9s, ETA:    35s[>>>>>>                          ] 73/371, 8.5 task/s, elapsed: 9s, ETA:    35s[>>>>>>                          ] 74/371, 8.5 task/s, elapsed: 9s, ETA:    35s[>>>>>>                          ] 75/371, 8.5 task/s, elapsed: 9s, ETA:    35s[>>>>>>                          ] 76/371, 8.6 task/s, elapsed: 9s, ETA:    34s[>>>>>>                          ] 77/371, 8.6 task/s, elapsed: 9s, ETA:    34s[>>>>>>                          ] 78/371, 8.6 task/s, elapsed: 9s, ETA:    34s[>>>>>>                          ] 79/371, 8.7 task/s, elapsed: 9s, ETA:    34s[>>>>>>                          ] 80/371, 8.7 task/s, elapsed: 9s, ETA:    33s[>>>>>>                          ] 81/371, 8.7 task/s, elapsed: 9s, ETA:    33s[>>>>>>>                         ] 82/371, 8.8 task/s, elapsed: 9s, ETA:    33s[>>>>>>>                         ] 83/371, 8.8 task/s, elapsed: 9s, ETA:    33s[>>>>>>>                        ] 84/371, 8.8 task/s, elapsed: 10s, ETA:    33s[>>>>>>>                        ] 85/371, 8.8 task/s, elapsed: 10s, ETA:    32s[>>>>>>>                        ] 86/371, 8.9 task/s, elapsed: 10s, ETA:    32s[>>>>>>>                        ] 87/371, 8.9 task/s, elapsed: 10s, ETA:    32s[>>>>>>>                        ] 88/371, 8.9 task/s, elapsed: 10s, ETA:    32s[>>>>>>>                        ] 89/371, 8.9 task/s, elapsed: 10s, ETA:    32s[>>>>>>>                        ] 90/371, 9.0 task/s, elapsed: 10s, ETA:    31s[>>>>>>>                        ] 91/371, 9.0 task/s, elapsed: 10s, ETA:    31s[>>>>>>>                        ] 92/371, 9.0 task/s, elapsed: 10s, ETA:    31s[>>>>>>>                        ] 93/371, 9.0 task/s, elapsed: 10s, ETA:    31s[>>>>>>>                        ] 94/371, 9.1 task/s, elapsed: 10s, ETA:    31s[>>>>>>>                        ] 95/371, 9.1 task/s, elapsed: 10s, ETA:    30s[>>>>>>>>                       ] 96/371, 9.1 task/s, elapsed: 11s, ETA:    30s[>>>>>>>>                       ] 97/371, 9.1 task/s, elapsed: 11s, ETA:    30s[>>>>>>>>                       ] 98/371, 9.2 task/s, elapsed: 11s, ETA:    30s[>>>>>>>>                       ] 99/371, 9.2 task/s, elapsed: 11s, ETA:    30s[>>>>>>>>                      ] 100/371, 9.2 task/s, elapsed: 11s, ETA:    29s[>>>>>>>>                      ] 101/371, 9.2 task/s, elapsed: 11s, ETA:    29s[>>>>>>>>                      ] 102/371, 9.2 task/s, elapsed: 11s, ETA:    29s[>>>>>>>>                      ] 103/371, 9.3 task/s, elapsed: 11s, ETA:    29s[>>>>>>>>                      ] 104/371, 9.3 task/s, elapsed: 11s, ETA:    29s[>>>>>>>>                      ] 105/371, 9.3 task/s, elapsed: 11s, ETA:    29s[>>>>>>>>                      ] 106/371, 9.3 task/s, elapsed: 11s, ETA:    28s[>>>>>>>>                      ] 107/371, 9.3 task/s, elapsed: 11s, ETA:    28s[>>>>>>>>                      ] 108/371, 9.4 task/s, elapsed: 12s, ETA:    28s[>>>>>>>>                      ] 109/371, 9.4 task/s, elapsed: 12s, ETA:    28s[>>>>>>>>                      ] 110/371, 9.4 task/s, elapsed: 12s, ETA:    28s[>>>>>>>>                      ] 111/371, 9.4 task/s, elapsed: 12s, ETA:    28s[>>>>>>>>>                     ] 112/371, 9.4 task/s, elapsed: 12s, ETA:    27s[>>>>>>>>>                     ] 113/371, 9.5 task/s, elapsed: 12s, ETA:    27s[>>>>>>>>>                     ] 114/371, 9.5 task/s, elapsed: 12s, ETA:    27s[>>>>>>>>>                     ] 115/371, 9.5 task/s, elapsed: 12s, ETA:    27s[>>>>>>>>>                     ] 116/371, 9.5 task/s, elapsed: 12s, ETA:    27s[>>>>>>>>>                     ] 117/371, 9.5 task/s, elapsed: 12s, ETA:    27s[>>>>>>>>>                     ] 118/371, 9.5 task/s, elapsed: 12s, ETA:    27s[>>>>>>>>>                     ] 119/371, 9.6 task/s, elapsed: 12s, ETA:    26s[>>>>>>>>>                     ] 120/371, 9.6 task/s, elapsed: 13s, ETA:    26s[>>>>>>>>>                     ] 121/371, 9.6 task/s, elapsed: 13s, ETA:    26s[>>>>>>>>>                     ] 122/371, 9.6 task/s, elapsed: 13s, ETA:    26s[>>>>>>>>>                     ] 123/371, 9.6 task/s, elapsed: 13s, ETA:    26s[>>>>>>>>>>                    ] 124/371, 9.6 task/s, elapsed: 13s, ETA:    26s[>>>>>>>>>>                    ] 125/371, 9.6 task/s, elapsed: 13s, ETA:    26s[>>>>>>>>>>                    ] 126/371, 9.7 task/s, elapsed: 13s, ETA:    25s[>>>>>>>>>>                    ] 127/371, 9.7 task/s, elapsed: 13s, ETA:    25s[>>>>>>>>>>                    ] 128/371, 9.7 task/s, elapsed: 13s, ETA:    25s[>>>>>>>>>>                    ] 129/371, 9.7 task/s, elapsed: 13s, ETA:    25s[>>>>>>>>>>                    ] 130/371, 9.7 task/s, elapsed: 13s, ETA:    25s[>>>>>>>>>>                    ] 131/371, 9.7 task/s, elapsed: 13s, ETA:    25s[>>>>>>>>>>                    ] 132/371, 9.7 task/s, elapsed: 14s, ETA:    25s[>>>>>>>>>>                    ] 133/371, 9.8 task/s, elapsed: 14s, ETA:    24s[>>>>>>>>>>                    ] 134/371, 9.8 task/s, elapsed: 14s, ETA:    24s[>>>>>>>>>>                    ] 135/371, 9.8 task/s, elapsed: 14s, ETA:    24s[>>>>>>>>>>                    ] 136/371, 9.8 task/s, elapsed: 14s, ETA:    24s[>>>>>>>>>>>                   ] 137/371, 9.8 task/s, elapsed: 14s, ETA:    24s[>>>>>>>>>>>                   ] 138/371, 9.8 task/s, elapsed: 14s, ETA:    24s[>>>>>>>>>>>                   ] 139/371, 9.8 task/s, elapsed: 14s, ETA:    24s[>>>>>>>>>>>                   ] 140/371, 9.8 task/s, elapsed: 14s, ETA:    23s[>>>>>>>>>>>                   ] 141/371, 9.9 task/s, elapsed: 14s, ETA:    23s[>>>>>>>>>>>                   ] 142/371, 9.9 task/s, elapsed: 14s, ETA:    23s[>>>>>>>>>>>                   ] 143/371, 9.9 task/s, elapsed: 14s, ETA:    23s[>>>>>>>>>>>                   ] 144/371, 9.9 task/s, elapsed: 15s, ETA:    23s[>>>>>>>>>>>                   ] 145/371, 9.9 task/s, elapsed: 15s, ETA:    23s[>>>>>>>>>>>                   ] 146/371, 9.9 task/s, elapsed: 15s, ETA:    23s[>>>>>>>>>>>                   ] 147/371, 9.9 task/s, elapsed: 15s, ETA:    23s[>>>>>>>>>>>                   ] 148/371, 9.9 task/s, elapsed: 15s, ETA:    22s[>>>>>>>>>>>                  ] 149/371, 10.0 task/s, elapsed: 15s, ETA:    22s[>>>>>>>>>>>                  ] 150/371, 10.0 task/s, elapsed: 15s, ETA:    22s[>>>>>>>>>>>                  ] 151/371, 10.0 task/s, elapsed: 15s, ETA:    22s[>>>>>>>>>>>                  ] 152/371, 10.0 task/s, elapsed: 15s, ETA:    22s[>>>>>>>>>>>                  ] 153/371, 10.0 task/s, elapsed: 15s, ETA:    22s[>>>>>>>>>>>>                 ] 154/371, 10.0 task/s, elapsed: 15s, ETA:    22s[>>>>>>>>>>>>                 ] 155/371, 10.0 task/s, elapsed: 15s, ETA:    22s[>>>>>>>>>>>>                 ] 156/371, 10.0 task/s, elapsed: 16s, ETA:    21s[>>>>>>>>>>>>                 ] 157/371, 10.0 task/s, elapsed: 16s, ETA:    21s[>>>>>>>>>>>>                 ] 158/371, 10.0 task/s, elapsed: 16s, ETA:    21s[>>>>>>>>>>>>                 ] 159/371, 10.1 task/s, elapsed: 16s, ETA:    21s[>>>>>>>>>>>>                 ] 160/371, 10.1 task/s, elapsed: 16s, ETA:    21s[>>>>>>>>>>>>                 ] 161/371, 10.1 task/s, elapsed: 16s, ETA:    21s[>>>>>>>>>>>>                 ] 162/371, 10.1 task/s, elapsed: 16s, ETA:    21s[>>>>>>>>>>>>                 ] 163/371, 10.1 task/s, elapsed: 16s, ETA:    21s[>>>>>>>>>>>>                 ] 164/371, 10.1 task/s, elapsed: 16s, ETA:    20s[>>>>>>>>>>>>                 ] 165/371, 10.1 task/s, elapsed: 16s, ETA:    20s[>>>>>>>>>>>>                 ] 166/371, 10.1 task/s, elapsed: 16s, ETA:    20s[>>>>>>>>>>>>>                ] 167/371, 10.1 task/s, elapsed: 16s, ETA:    20s[>>>>>>>>>>>>>                ] 168/371, 10.1 task/s, elapsed: 17s, ETA:    20s[>>>>>>>>>>>>>                ] 169/371, 10.1 task/s, elapsed: 17s, ETA:    20s[>>>>>>>>>>>>>                ] 170/371, 10.2 task/s, elapsed: 17s, ETA:    20s[>>>>>>>>>>>>>                ] 171/371, 10.2 task/s, elapsed: 17s, ETA:    20s[>>>>>>>>>>>>>                ] 172/371, 10.2 task/s, elapsed: 17s, ETA:    20s[>>>>>>>>>>>>>                ] 173/371, 10.2 task/s, elapsed: 17s, ETA:    19s[>>>>>>>>>>>>>                ] 174/371, 10.2 task/s, elapsed: 17s, ETA:    19s[>>>>>>>>>>>>>                ] 175/371, 10.2 task/s, elapsed: 17s, ETA:    19s[>>>>>>>>>>>>>                ] 176/371, 10.2 task/s, elapsed: 17s, ETA:    19s[>>>>>>>>>>>>>                ] 177/371, 10.2 task/s, elapsed: 17s, ETA:    19s[>>>>>>>>>>>>>                ] 178/371, 10.2 task/s, elapsed: 17s, ETA:    19s[>>>>>>>>>>>>>                ] 179/371, 10.2 task/s, elapsed: 17s, ETA:    19s[>>>>>>>>>>>>>>               ] 180/371, 10.2 task/s, elapsed: 18s, ETA:    19s[>>>>>>>>>>>>>>               ] 181/371, 10.3 task/s, elapsed: 18s, ETA:    19s[>>>>>>>>>>>>>>               ] 182/371, 10.3 task/s, elapsed: 18s, ETA:    18s[>>>>>>>>>>>>>>               ] 183/371, 10.3 task/s, elapsed: 18s, ETA:    18s[>>>>>>>>>>>>>>               ] 184/371, 10.3 task/s, elapsed: 18s, ETA:    18s[>>>>>>>>>>>>>>               ] 185/371, 10.3 task/s, elapsed: 18s, ETA:    18s[>>>>>>>>>>>>>>               ] 186/371, 10.3 task/s, elapsed: 18s, ETA:    18s[>>>>>>>>>>>>>>               ] 187/371, 10.3 task/s, elapsed: 18s, ETA:    18s[>>>>>>>>>>>>>>               ] 188/371, 10.3 task/s, elapsed: 18s, ETA:    18s[>>>>>>>>>>>>>>               ] 189/371, 10.3 task/s, elapsed: 18s, ETA:    18s[>>>>>>>>>>>>>>               ] 190/371, 10.3 task/s, elapsed: 18s, ETA:    18s[>>>>>>>>>>>>>>               ] 191/371, 10.3 task/s, elapsed: 18s, ETA:    17s[>>>>>>>>>>>>>>>              ] 192/371, 10.3 task/s, elapsed: 19s, ETA:    17s[>>>>>>>>>>>>>>>              ] 193/371, 10.3 task/s, elapsed: 19s, ETA:    17s[>>>>>>>>>>>>>>>              ] 194/371, 10.3 task/s, elapsed: 19s, ETA:    17s[>>>>>>>>>>>>>>>              ] 195/371, 10.4 task/s, elapsed: 19s, ETA:    17s[>>>>>>>>>>>>>>>              ] 196/371, 10.4 task/s, elapsed: 19s, ETA:    17s[>>>>>>>>>>>>>>>              ] 197/371, 10.4 task/s, elapsed: 19s, ETA:    17s[>>>>>>>>>>>>>>>              ] 198/371, 10.4 task/s, elapsed: 19s, ETA:    17s[>>>>>>>>>>>>>>>              ] 199/371, 10.4 task/s, elapsed: 19s, ETA:    17s[>>>>>>>>>>>>>>>              ] 200/371, 10.4 task/s, elapsed: 19s, ETA:    16s[>>>>>>>>>>>>>>>              ] 201/371, 10.4 task/s, elapsed: 19s, ETA:    16s[>>>>>>>>>>>>>>>              ] 202/371, 10.4 task/s, elapsed: 19s, ETA:    16s[>>>>>>>>>>>>>>>              ] 203/371, 10.4 task/s, elapsed: 20s, ETA:    16s[>>>>>>>>>>>>>>>              ] 204/371, 10.4 task/s, elapsed: 20s, ETA:    16s[>>>>>>>>>>>>>>>>             ] 205/371, 10.4 task/s, elapsed: 20s, ETA:    16s[>>>>>>>>>>>>>>>>             ] 206/371, 10.4 task/s, elapsed: 20s, ETA:    16s[>>>>>>>>>>>>>>>>             ] 207/371, 10.4 task/s, elapsed: 20s, ETA:    16s[>>>>>>>>>>>>>>>>             ] 208/371, 10.4 task/s, elapsed: 20s, ETA:    16s[>>>>>>>>>>>>>>>>             ] 209/371, 10.4 task/s, elapsed: 20s, ETA:    16s[>>>>>>>>>>>>>>>>             ] 210/371, 10.5 task/s, elapsed: 20s, ETA:    15s[>>>>>>>>>>>>>>>>             ] 211/371, 10.5 task/s, elapsed: 20s, ETA:    15s[>>>>>>>>>>>>>>>>             ] 212/371, 10.5 task/s, elapsed: 20s, ETA:    15s[>>>>>>>>>>>>>>>>             ] 213/371, 10.5 task/s, elapsed: 20s, ETA:    15s[>>>>>>>>>>>>>>>>             ] 214/371, 10.5 task/s, elapsed: 20s, ETA:    15s[>>>>>>>>>>>>>>>>             ] 215/371, 10.5 task/s, elapsed: 21s, ETA:    15s[>>>>>>>>>>>>>>>>             ] 216/371, 10.5 task/s, elapsed: 21s, ETA:    15s[>>>>>>>>>>>>>>>>             ] 217/371, 10.5 task/s, elapsed: 21s, ETA:    15s[>>>>>>>>>>>>>>>>>            ] 218/371, 10.5 task/s, elapsed: 21s, ETA:    15s[>>>>>>>>>>>>>>>>>            ] 219/371, 10.5 task/s, elapsed: 21s, ETA:    14s[>>>>>>>>>>>>>>>>>            ] 220/371, 10.5 task/s, elapsed: 21s, ETA:    14s[>>>>>>>>>>>>>>>>>            ] 221/371, 10.5 task/s, elapsed: 21s, ETA:    14s[>>>>>>>>>>>>>>>>>            ] 222/371, 10.5 task/s, elapsed: 21s, ETA:    14s[>>>>>>>>>>>>>>>>>            ] 223/371, 10.5 task/s, elapsed: 21s, ETA:    14s[>>>>>>>>>>>>>>>>>            ] 224/371, 10.5 task/s, elapsed: 21s, ETA:    14s[>>>>>>>>>>>>>>>>>            ] 225/371, 10.5 task/s, elapsed: 21s, ETA:    14s[>>>>>>>>>>>>>>>>>            ] 226/371, 10.5 task/s, elapsed: 21s, ETA:    14s[>>>>>>>>>>>>>>>>>            ] 227/371, 10.6 task/s, elapsed: 22s, ETA:    14s[>>>>>>>>>>>>>>>>>            ] 228/371, 10.6 task/s, elapsed: 22s, ETA:    14s[>>>>>>>>>>>>>>>>>            ] 229/371, 10.6 task/s, elapsed: 22s, ETA:    13s[>>>>>>>>>>>>>>>>>            ] 230/371, 10.6 task/s, elapsed: 22s, ETA:    13s[>>>>>>>>>>>>>>>>>>           ] 231/371, 10.6 task/s, elapsed: 22s, ETA:    13s[>>>>>>>>>>>>>>>>>>           ] 232/371, 10.6 task/s, elapsed: 22s, ETA:    13s[>>>>>>>>>>>>>>>>>>           ] 233/371, 10.6 task/s, elapsed: 22s, ETA:    13s[>>>>>>>>>>>>>>>>>>           ] 234/371, 10.6 task/s, elapsed: 22s, ETA:    13s[>>>>>>>>>>>>>>>>>>           ] 235/371, 10.6 task/s, elapsed: 22s, ETA:    13s[>>>>>>>>>>>>>>>>>>           ] 236/371, 10.6 task/s, elapsed: 22s, ETA:    13s[>>>>>>>>>>>>>>>>>>           ] 237/371, 10.6 task/s, elapsed: 22s, ETA:    13s[>>>>>>>>>>>>>>>>>>           ] 238/371, 10.6 task/s, elapsed: 22s, ETA:    13s[>>>>>>>>>>>>>>>>>>           ] 239/371, 10.6 task/s, elapsed: 23s, ETA:    12s[>>>>>>>>>>>>>>>>>>           ] 240/371, 10.6 task/s, elapsed: 23s, ETA:    12s[>>>>>>>>>>>>>>>>>>           ] 241/371, 10.6 task/s, elapsed: 23s, ETA:    12s[>>>>>>>>>>>>>>>>>>           ] 242/371, 10.6 task/s, elapsed: 23s, ETA:    12s[>>>>>>>>>>>>>>>>>>           ] 243/371, 10.6 task/s, elapsed: 23s, ETA:    12s[>>>>>>>>>>>>>>>>>>>          ] 244/371, 10.6 task/s, elapsed: 23s, ETA:    12s[>>>>>>>>>>>>>>>>>>>          ] 245/371, 10.6 task/s, elapsed: 23s, ETA:    12s[>>>>>>>>>>>>>>>>>>>          ] 246/371, 10.6 task/s, elapsed: 23s, ETA:    12s[>>>>>>>>>>>>>>>>>>>          ] 247/371, 10.7 task/s, elapsed: 23s, ETA:    12s[>>>>>>>>>>>>>>>>>>>          ] 248/371, 10.7 task/s, elapsed: 23s, ETA:    12s[>>>>>>>>>>>>>>>>>>>          ] 249/371, 10.7 task/s, elapsed: 23s, ETA:    11s[>>>>>>>>>>>>>>>>>>>          ] 250/371, 10.7 task/s, elapsed: 23s, ETA:    11s[>>>>>>>>>>>>>>>>>>>          ] 251/371, 10.7 task/s, elapsed: 24s, ETA:    11s[>>>>>>>>>>>>>>>>>>>          ] 252/371, 10.7 task/s, elapsed: 24s, ETA:    11s[>>>>>>>>>>>>>>>>>>>          ] 253/371, 10.7 task/s, elapsed: 24s, ETA:    11s[>>>>>>>>>>>>>>>>>>>          ] 254/371, 10.7 task/s, elapsed: 24s, ETA:    11s[>>>>>>>>>>>>>>>>>>>          ] 255/371, 10.7 task/s, elapsed: 24s, ETA:    11s[>>>>>>>>>>>>>>>>>>>>         ] 256/371, 10.7 task/s, elapsed: 24s, ETA:    11s[>>>>>>>>>>>>>>>>>>>>         ] 257/371, 10.7 task/s, elapsed: 24s, ETA:    11s[>>>>>>>>>>>>>>>>>>>>         ] 258/371, 10.7 task/s, elapsed: 24s, ETA:    11s[>>>>>>>>>>>>>>>>>>>>         ] 259/371, 10.7 task/s, elapsed: 24s, ETA:    10s[>>>>>>>>>>>>>>>>>>>>         ] 260/371, 10.7 task/s, elapsed: 24s, ETA:    10s[>>>>>>>>>>>>>>>>>>>>         ] 261/371, 10.7 task/s, elapsed: 24s, ETA:    10s[>>>>>>>>>>>>>>>>>>>>         ] 262/371, 10.7 task/s, elapsed: 24s, ETA:    10s[>>>>>>>>>>>>>>>>>>>>         ] 263/371, 10.7 task/s, elapsed: 25s, ETA:    10s[>>>>>>>>>>>>>>>>>>>>         ] 264/371, 10.7 task/s, elapsed: 25s, ETA:    10s[>>>>>>>>>>>>>>>>>>>>         ] 265/371, 10.7 task/s, elapsed: 25s, ETA:    10s[>>>>>>>>>>>>>>>>>>>>         ] 266/371, 10.7 task/s, elapsed: 25s, ETA:    10s[>>>>>>>>>>>>>>>>>>>>         ] 267/371, 10.7 task/s, elapsed: 25s, ETA:    10s[>>>>>>>>>>>>>>>>>>>>         ] 268/371, 10.7 task/s, elapsed: 25s, ETA:    10s[>>>>>>>>>>>>>>>>>>>>>        ] 269/371, 10.7 task/s, elapsed: 25s, ETA:     9s[>>>>>>>>>>>>>>>>>>>>>        ] 270/371, 10.8 task/s, elapsed: 25s, ETA:     9s[>>>>>>>>>>>>>>>>>>>>>        ] 271/371, 10.8 task/s, elapsed: 25s, ETA:     9s[>>>>>>>>>>>>>>>>>>>>>        ] 272/371, 10.8 task/s, elapsed: 25s, ETA:     9s[>>>>>>>>>>>>>>>>>>>>>        ] 273/371, 10.8 task/s, elapsed: 25s, ETA:     9s[>>>>>>>>>>>>>>>>>>>>>        ] 274/371, 10.8 task/s, elapsed: 25s, ETA:     9s[>>>>>>>>>>>>>>>>>>>>>        ] 275/371, 10.8 task/s, elapsed: 26s, ETA:     9s[>>>>>>>>>>>>>>>>>>>>>        ] 276/371, 10.8 task/s, elapsed: 26s, ETA:     9s[>>>>>>>>>>>>>>>>>>>>>        ] 277/371, 10.8 task/s, elapsed: 26s, ETA:     9s[>>>>>>>>>>>>>>>>>>>>>        ] 278/371, 10.8 task/s, elapsed: 26s, ETA:     9s[>>>>>>>>>>>>>>>>>>>>>        ] 279/371, 10.8 task/s, elapsed: 26s, ETA:     9s[>>>>>>>>>>>>>>>>>>>>>        ] 280/371, 10.8 task/s, elapsed: 26s, ETA:     8s[>>>>>>>>>>>>>>>>>>>>>        ] 281/371, 10.8 task/s, elapsed: 26s, ETA:     8s[>>>>>>>>>>>>>>>>>>>>>>       ] 282/371, 10.8 task/s, elapsed: 26s, ETA:     8s[>>>>>>>>>>>>>>>>>>>>>>       ] 283/371, 10.8 task/s, elapsed: 26s, ETA:     8s[>>>>>>>>>>>>>>>>>>>>>>       ] 284/371, 10.8 task/s, elapsed: 26s, ETA:     8s[>>>>>>>>>>>>>>>>>>>>>>       ] 285/371, 10.8 task/s, elapsed: 26s, ETA:     8s[>>>>>>>>>>>>>>>>>>>>>>       ] 286/371, 10.8 task/s, elapsed: 26s, ETA:     8s[>>>>>>>>>>>>>>>>>>>>>>       ] 287/371, 10.8 task/s, elapsed: 27s, ETA:     8s[>>>>>>>>>>>>>>>>>>>>>>       ] 288/371, 10.8 task/s, elapsed: 27s, ETA:     8s[>>>>>>>>>>>>>>>>>>>>>>       ] 289/371, 10.8 task/s, elapsed: 27s, ETA:     8s[>>>>>>>>>>>>>>>>>>>>>>       ] 290/371, 10.8 task/s, elapsed: 27s, ETA:     7s[>>>>>>>>>>>>>>>>>>>>>>       ] 291/371, 10.8 task/s, elapsed: 27s, ETA:     7s[>>>>>>>>>>>>>>>>>>>>>>       ] 292/371, 10.8 task/s, elapsed: 27s, ETA:     7s[>>>>>>>>>>>>>>>>>>>>>>       ] 293/371, 10.8 task/s, elapsed: 27s, ETA:     7s[>>>>>>>>>>>>>>>>>>>>>>       ] 294/371, 10.8 task/s, elapsed: 27s, ETA:     7s[>>>>>>>>>>>>>>>>>>>>>>>      ] 295/371, 10.8 task/s, elapsed: 27s, ETA:     7s[>>>>>>>>>>>>>>>>>>>>>>>      ] 296/371, 10.8 task/s, elapsed: 27s, ETA:     7s[>>>>>>>>>>>>>>>>>>>>>>>      ] 297/371, 10.8 task/s, elapsed: 27s, ETA:     7s[>>>>>>>>>>>>>>>>>>>>>>>      ] 298/371, 10.8 task/s, elapsed: 27s, ETA:     7s[>>>>>>>>>>>>>>>>>>>>>>>      ] 299/371, 10.9 task/s, elapsed: 28s, ETA:     7s[>>>>>>>>>>>>>>>>>>>>>>>      ] 300/371, 10.9 task/s, elapsed: 28s, ETA:     7s[>>>>>>>>>>>>>>>>>>>>>>>      ] 301/371, 10.9 task/s, elapsed: 28s, ETA:     6s[>>>>>>>>>>>>>>>>>>>>>>>      ] 302/371, 10.9 task/s, elapsed: 28s, ETA:     6s[>>>>>>>>>>>>>>>>>>>>>>>      ] 303/371, 10.9 task/s, elapsed: 28s, ETA:     6s[>>>>>>>>>>>>>>>>>>>>>>>      ] 304/371, 10.9 task/s, elapsed: 28s, ETA:     6s[>>>>>>>>>>>>>>>>>>>>>>>      ] 305/371, 10.9 task/s, elapsed: 28s, ETA:     6s[>>>>>>>>>>>>>>>>>>>>>>>      ] 306/371, 10.9 task/s, elapsed: 28s, ETA:     6s[>>>>>>>>>>>>>>>>>>>>>>>      ] 307/371, 10.9 task/s, elapsed: 28s, ETA:     6s[>>>>>>>>>>>>>>>>>>>>>>>>     ] 308/371, 10.9 task/s, elapsed: 28s, ETA:     6s[>>>>>>>>>>>>>>>>>>>>>>>>     ] 309/371, 10.9 task/s, elapsed: 28s, ETA:     6s[>>>>>>>>>>>>>>>>>>>>>>>>     ] 310/371, 10.9 task/s, elapsed: 28s, ETA:     6s[>>>>>>>>>>>>>>>>>>>>>>>>     ] 311/371, 10.9 task/s, elapsed: 29s, ETA:     6s[>>>>>>>>>>>>>>>>>>>>>>>>     ] 312/371, 10.9 task/s, elapsed: 29s, ETA:     5s[>>>>>>>>>>>>>>>>>>>>>>>>     ] 313/371, 10.9 task/s, elapsed: 29s, ETA:     5s[>>>>>>>>>>>>>>>>>>>>>>>>     ] 314/371, 10.9 task/s, elapsed: 29s, ETA:     5s[>>>>>>>>>>>>>>>>>>>>>>>>     ] 315/371, 10.9 task/s, elapsed: 29s, ETA:     5s[>>>>>>>>>>>>>>>>>>>>>>>>     ] 316/371, 10.9 task/s, elapsed: 29s, ETA:     5s[>>>>>>>>>>>>>>>>>>>>>>>>     ] 317/371, 10.9 task/s, elapsed: 29s, ETA:     5s[>>>>>>>>>>>>>>>>>>>>>>>>     ] 318/371, 10.9 task/s, elapsed: 29s, ETA:     5s[>>>>>>>>>>>>>>>>>>>>>>>>     ] 319/371, 10.9 task/s, elapsed: 29s, ETA:     5s[>>>>>>>>>>>>>>>>>>>>>>>>>    ] 320/371, 10.9 task/s, elapsed: 29s, ETA:     5s[>>>>>>>>>>>>>>>>>>>>>>>>>    ] 321/371, 10.9 task/s, elapsed: 29s, ETA:     5s[>>>>>>>>>>>>>>>>>>>>>>>>>    ] 322/371, 10.9 task/s, elapsed: 29s, ETA:     4s[>>>>>>>>>>>>>>>>>>>>>>>>>    ] 323/371, 10.9 task/s, elapsed: 30s, ETA:     4s[>>>>>>>>>>>>>>>>>>>>>>>>>    ] 324/371, 10.9 task/s, elapsed: 30s, ETA:     4s[>>>>>>>>>>>>>>>>>>>>>>>>>    ] 325/371, 10.9 task/s, elapsed: 30s, ETA:     4s[>>>>>>>>>>>>>>>>>>>>>>>>>    ] 326/371, 10.9 task/s, elapsed: 30s, ETA:     4s[>>>>>>>>>>>>>>>>>>>>>>>>>    ] 327/371, 10.9 task/s, elapsed: 30s, ETA:     4s[>>>>>>>>>>>>>>>>>>>>>>>>>    ] 328/371, 10.9 task/s, elapsed: 30s, ETA:     4s[>>>>>>>>>>>>>>>>>>>>>>>>>    ] 329/371, 10.9 task/s, elapsed: 30s, ETA:     4s[>>>>>>>>>>>>>>>>>>>>>>>>>    ] 330/371, 10.9 task/s, elapsed: 30s, ETA:     4s[>>>>>>>>>>>>>>>>>>>>>>>>>    ] 331/371, 10.9 task/s, elapsed: 30s, ETA:     4s[>>>>>>>>>>>>>>>>>>>>>>>>>    ] 332/371, 11.0 task/s, elapsed: 30s, ETA:     4s[>>>>>>>>>>>>>>>>>>>>>>>>>>   ] 333/371, 11.0 task/s, elapsed: 30s, ETA:     3s[>>>>>>>>>>>>>>>>>>>>>>>>>>   ] 334/371, 11.0 task/s, elapsed: 30s, ETA:     3s[>>>>>>>>>>>>>>>>>>>>>>>>>>   ] 335/371, 11.0 task/s, elapsed: 31s, ETA:     3s[>>>>>>>>>>>>>>>>>>>>>>>>>>   ] 336/371, 11.0 task/s, elapsed: 31s, ETA:     3s[>>>>>>>>>>>>>>>>>>>>>>>>>>   ] 337/371, 11.0 task/s, elapsed: 31s, ETA:     3s[>>>>>>>>>>>>>>>>>>>>>>>>>>   ] 338/371, 11.0 task/s, elapsed: 31s, ETA:     3s[>>>>>>>>>>>>>>>>>>>>>>>>>>   ] 339/371, 11.0 task/s, elapsed: 31s, ETA:     3s[>>>>>>>>>>>>>>>>>>>>>>>>>>   ] 340/371, 11.0 task/s, elapsed: 31s, ETA:     3s[>>>>>>>>>>>>>>>>>>>>>>>>>>   ] 341/371, 11.0 task/s, elapsed: 31s, ETA:     3s[>>>>>>>>>>>>>>>>>>>>>>>>>>   ] 342/371, 11.0 task/s, elapsed: 31s, ETA:     3s[>>>>>>>>>>>>>>>>>>>>>>>>>>   ] 343/371, 11.0 task/s, elapsed: 31s, ETA:     3s[>>>>>>>>>>>>>>>>>>>>>>>>>>   ] 344/371, 11.0 task/s, elapsed: 31s, ETA:     2s[>>>>>>>>>>>>>>>>>>>>>>>>>>   ] 345/371, 11.0 task/s, elapsed: 31s, ETA:     2s[>>>>>>>>>>>>>>>>>>>>>>>>>>>  ] 346/371, 11.0 task/s, elapsed: 32s, ETA:     2s[>>>>>>>>>>>>>>>>>>>>>>>>>>>  ] 347/371, 11.0 task/s, elapsed: 32s, ETA:     2s[>>>>>>>>>>>>>>>>>>>>>>>>>>>  ] 348/371, 11.0 task/s, elapsed: 32s, ETA:     2s[>>>>>>>>>>>>>>>>>>>>>>>>>>>  ] 349/371, 11.0 task/s, elapsed: 32s, ETA:     2s[>>>>>>>>>>>>>>>>>>>>>>>>>>>  ] 350/371, 11.0 task/s, elapsed: 32s, ETA:     2s[>>>>>>>>>>>>>>>>>>>>>>>>>>>  ] 351/371, 11.0 task/s, elapsed: 32s, ETA:     2s[>>>>>>>>>>>>>>>>>>>>>>>>>>>  ] 352/371, 11.0 task/s, elapsed: 32s, ETA:     2s[>>>>>>>>>>>>>>>>>>>>>>>>>>>  ] 353/371, 11.0 task/s, elapsed: 32s, ETA:     2s[>>>>>>>>>>>>>>>>>>>>>>>>>>>  ] 354/371, 11.0 task/s, elapsed: 32s, ETA:     2s[>>>>>>>>>>>>>>>>>>>>>>>>>>>  ] 355/371, 11.0 task/s, elapsed: 32s, ETA:     1s[>>>>>>>>>>>>>>>>>>>>>>>>>>>  ] 356/371, 11.0 task/s, elapsed: 32s, ETA:     1s[>>>>>>>>>>>>>>>>>>>>>>>>>>>  ] 357/371, 11.0 task/s, elapsed: 32s, ETA:     1s[>>>>>>>>>>>>>>>>>>>>>>>>>>>  ] 358/371, 11.0 task/s, elapsed: 33s, ETA:     1s[>>>>>>>>>>>>>>>>>>>>>>>>>>>> ] 359/371, 11.0 task/s, elapsed: 33s, ETA:     1s[>>>>>>>>>>>>>>>>>>>>>>>>>>>> ] 360/371, 11.0 task/s, elapsed: 33s, ETA:     1s[>>>>>>>>>>>>>>>>>>>>>>>>>>>> ] 361/371, 11.0 task/s, elapsed: 33s, ETA:     1s[>>>>>>>>>>>>>>>>>>>>>>>>>>>> ] 362/371, 11.0 task/s, elapsed: 33s, ETA:     1s[>>>>>>>>>>>>>>>>>>>>>>>>>>>> ] 363/371, 11.0 task/s, elapsed: 33s, ETA:     1s[>>>>>>>>>>>>>>>>>>>>>>>>>>>> ] 364/371, 11.0 task/s, elapsed: 33s, ETA:     1s[>>>>>>>>>>>>>>>>>>>>>>>>>>>> ] 365/371, 11.0 task/s, elapsed: 33s, ETA:     1s[>>>>>>>>>>>>>>>>>>>>>>>>>>>> ] 366/371, 11.0 task/s, elapsed: 33s, ETA:     0s[>>>>>>>>>>>>>>>>>>>>>>>>>>>> ] 367/371, 11.0 task/s, elapsed: 33s, ETA:     0s[>>>>>>>>>>>>>>>>>>>>>>>>>>>> ] 368/371, 11.0 task/s, elapsed: 33s, ETA:     0s[>>>>>>>>>>>>>>>>>>>>>>>>>>>> ] 369/371, 11.0 task/s, elapsed: 33s, ETA:     0s[>>>>>>>>>>>>>>>>>>>>>>>>>>>> ] 370/371, 11.0 task/s, elapsed: 34s, ETA:     0s[>>>>>>>>>>>>>>>>>>>>>>>>>>>>>] 371/371, 11.0 task/s, elapsed: 34s, ETA:     0s

2026-05-12 10:06:47,106 - mmdet - INFO - Evaluating bbox...
Loading and preparing results...
DONE (t=0.01s)
creating index...
index created!
Running per image evaluation...
Evaluate annotation type *bbox*
DONE (t=2.26s).
Accumulating evaluation results...
DONE (t=0.14s).
2026-05-12 10:06:49,544 - mmdet - INFO - 
 Average Precision  (AP) @[ IoU=0.50:0.95 | area=   all | maxDets=100 ] = 0.266
 Average Precision  (AP) @[ IoU=0.50      | area=   all | maxDets=1000 ] = 0.681
 Average Precision  (AP) @[ IoU=0.75      | area=   all | maxDets=1000 ] = 0.144
 Average Precision  (AP) @[ IoU=0.50:0.95 | area= small | maxDets=1000 ] = 0.003
 Average Precision  (AP) @[ IoU=0.50:0.95 | area=medium | maxDets=1000 ] = 0.218
 Average Precision  (AP) @[ IoU=0.50:0.95 | area= large | maxDets=1000 ] = 0.334
 Average Recall     (AR) @[ IoU=0.50:0.95 | area=   all | maxDets=100 ] = 0.391
 Average Recall     (AR) @[ IoU=0.50:0.95 | area=   all | maxDets=300 ] = 0.391
 Average Recall     (AR) @[ IoU=0.50:0.95 | area=   all | maxDets=1000 ] = 0.391
 Average Recall     (AR) @[ IoU=0.50:0.95 | area= small | maxDets=1000 ] = 0.034
 Average Recall     (AR) @[ IoU=0.50:0.95 | area=medium | maxDets=1000 ] = 0.344
 Average Recall     (AR) @[ IoU=0.50:0.95 | area= large | maxDets=1000 ] = 0.460

2026-05-12 10:06:49,550 - mmdet - INFO - Exp name: fold_1_r50_300e_hbb.py
2026-05-12 10:06:49,550 - mmdet - INFO - Epoch(val) [230][371]	bbox_mAP: 0.2660, bbox_mAP_50: 0.6810, bbox_mAP_75: 0.1440, bbox_mAP_s: 0.0030, bbox_mAP_m: 0.2180, bbox_mAP_l: 0.3340, bbox_mAP_copypaste: 0.266 0.681 0.144 0.003 0.218 0.334
2026-05-12 10:07:19,075 - mmdet - INFO - Epoch [231][50/186]	lr: 2.569e-03, eta: 1:34:44, time: 0.588, data_time: 0.084, memory: 6155, loss_rpn_cls: 0.0108, loss_rpn_bbox: 0.0018, loss_cls: 0.0593, acc: 97.7549, loss_bbox: 0.0391, loss: 0.1111, grad_norm: 0.9411
2026-05-12 10:07:44,989 - mmdet - INFO - Epoch [231][100/186]	lr: 2.569e-03, eta: 1:34:24, time: 0.520, data_time: 0.015, memory: 6155, loss_rpn_cls: 0.0113, loss_rpn_bbox: 0.0017, loss_cls: 0.0589, acc: 97.8232, loss_bbox: 0.0383, loss: 0.1101, grad_norm: 0.9962
2026-05-12 10:08:10,959 - mmdet - INFO - Epoch [231][150/186]	lr: 2.569e-03, eta: 1:34:03, time: 0.517, data_time: 0.013, memory: 6155, loss_rpn_cls: 0.0130, loss_rpn_bbox: 0.0025, loss_cls: 0.0581, acc: 97.8171, loss_bbox: 0.0349, loss: 0.1086, grad_norm: 1.0071
2026-05-12 10:08:59,206 - mmdet - INFO - Epoch [232][50/186]	lr: 2.500e-03, eta: 1:33:23, time: 0.591, data_time: 0.083, memory: 6155, loss_rpn_cls: 0.0105, loss_rpn_bbox: 0.0016, loss_cls: 0.0509, acc: 98.1650, loss_bbox: 0.0295, loss: 0.0926, grad_norm: 0.8853
2026-05-12 10:09:25,114 - mmdet - INFO - Epoch [232][100/186]	lr: 2.500e-03, eta: 1:33:02, time: 0.516, data_time: 0.013, memory: 6155, loss_rpn_cls: 0.0173, loss_rpn_bbox: 0.0018, loss_cls: 0.0535, acc: 98.0361, loss_bbox: 0.0340, loss: 0.1067, grad_norm: 0.9454
2026-05-12 10:09:51,144 - mmdet - INFO - Epoch [232][150/186]	lr: 2.500e-03, eta: 1:32:41, time: 0.523, data_time: 0.015, memory: 6155, loss_rpn_cls: 0.0090, loss_rpn_bbox: 0.0017, loss_cls: 0.0521, acc: 97.9746, loss_bbox: 0.0348, loss: 0.0975, grad_norm: 0.9375
2026-05-12 10:10:39,601 - mmdet - INFO - Epoch [233][50/186]	lr: 2.431e-03, eta: 1:32:01, time: 0.590, data_time: 0.084, memory: 6155, loss_rpn_cls: 0.0069, loss_rpn_bbox: 0.0016, loss_cls: 0.0503, acc: 98.0771, loss_bbox: 0.0337, loss: 0.0925, grad_norm: 0.8355
2026-05-12 10:11:05,473 - mmdet - INFO - Epoch [233][100/186]	lr: 2.431e-03, eta: 1:31:41, time: 0.519, data_time: 0.015, memory: 6155, loss_rpn_cls: 0.0087, loss_rpn_bbox: 0.0016, loss_cls: 0.0566, acc: 97.8740, loss_bbox: 0.0350, loss: 0.1019, grad_norm: 0.9160
2026-05-12 10:11:31,480 - mmdet - INFO - Epoch [233][150/186]	lr: 2.431e-03, eta: 1:31:20, time: 0.518, data_time: 0.013, memory: 6155, loss_rpn_cls: 0.0124, loss_rpn_bbox: 0.0020, loss_cls: 0.0614, acc: 97.7256, loss_bbox: 0.0380, loss: 0.1137, grad_norm: 0.9394
2026-05-12 10:12:19,832 - mmdet - INFO - Epoch [234][50/186]	lr: 2.363e-03, eta: 1:30:40, time: 0.592, data_time: 0.083, memory: 6155, loss_rpn_cls: 0.0112, loss_rpn_bbox: 0.0023, loss_cls: 0.0668, acc: 97.4062, loss_bbox: 0.0400, loss: 0.1203, grad_norm: 1.1126
2026-05-12 10:12:45,675 - mmdet - INFO - Epoch [234][100/186]	lr: 2.363e-03, eta: 1:30:19, time: 0.515, data_time: 0.013, memory: 6155, loss_rpn_cls: 0.0112, loss_rpn_bbox: 0.0021, loss_cls: 0.0642, acc: 97.6123, loss_bbox: 0.0404, loss: 0.1179, grad_norm: 1.0551
2026-05-12 10:13:11,649 - mmdet - INFO - Epoch [234][150/186]	lr: 2.363e-03, eta: 1:29:58, time: 0.521, data_time: 0.015, memory: 6155, loss_rpn_cls: 0.0111, loss_rpn_bbox: 0.0016, loss_cls: 0.0517, acc: 98.0645, loss_bbox: 0.0309, loss: 0.0953, grad_norm: 1.0181
2026-05-12 10:14:00,080 - mmdet - INFO - Epoch [235][50/186]	lr: 2.296e-03, eta: 1:29:18, time: 0.592, data_time: 0.083, memory: 6155, loss_rpn_cls: 0.0114, loss_rpn_bbox: 0.0023, loss_cls: 0.0579, acc: 97.8232, loss_bbox: 0.0364, loss: 0.1080, grad_norm: 0.9644
2026-05-12 10:14:25,958 - mmdet - INFO - Epoch [235][100/186]	lr: 2.296e-03, eta: 1:28:57, time: 0.519, data_time: 0.015, memory: 6155, loss_rpn_cls: 0.0100, loss_rpn_bbox: 0.0019, loss_cls: 0.0555, acc: 97.8438, loss_bbox: 0.0338, loss: 0.1012, grad_norm: 0.9570
2026-05-12 10:14:51,964 - mmdet - INFO - Epoch [235][150/186]	lr: 2.296e-03, eta: 1:28:37, time: 0.518, data_time: 0.013, memory: 6155, loss_rpn_cls: 0.0123, loss_rpn_bbox: 0.0019, loss_cls: 0.0610, acc: 97.8184, loss_bbox: 0.0412, loss: 0.1165, grad_norm: 1.0025
2026-05-12 10:15:40,284 - mmdet - INFO - Epoch [236][50/186]	lr: 2.229e-03, eta: 1:27:57, time: 0.592, data_time: 0.084, memory: 6155, loss_rpn_cls: 0.0112, loss_rpn_bbox: 0.0017, loss_cls: 0.0550, acc: 97.9556, loss_bbox: 0.0342, loss: 0.1021, grad_norm: 0.9149
2026-05-12 10:16:06,127 - mmdet - INFO - Epoch [236][100/186]	lr: 2.229e-03, eta: 1:27:36, time: 0.515, data_time: 0.013, memory: 6155, loss_rpn_cls: 0.0126, loss_rpn_bbox: 0.0016, loss_cls: 0.0612, acc: 97.7754, loss_bbox: 0.0407, loss: 0.1161, grad_norm: 1.0014
2026-05-12 10:16:32,183 - mmdet - INFO - Epoch [236][150/186]	lr: 2.229e-03, eta: 1:27:15, time: 0.523, data_time: 0.015, memory: 6155, loss_rpn_cls: 0.0094, loss_rpn_bbox: 0.0018, loss_cls: 0.0575, acc: 97.8008, loss_bbox: 0.0365, loss: 0.1053, grad_norm: 1.0011
2026-05-12 10:17:20,723 - mmdet - INFO - Epoch [237][50/186]	lr: 2.164e-03, eta: 1:26:35, time: 0.593, data_time: 0.084, memory: 6155, loss_rpn_cls: 0.0158, loss_rpn_bbox: 0.0019, loss_cls: 0.0531, acc: 98.0273, loss_bbox: 0.0316, loss: 0.1024, grad_norm: 0.9784
2026-05-12 10:17:46,550 - mmdet - INFO - Epoch [237][100/186]	lr: 2.164e-03, eta: 1:26:14, time: 0.518, data_time: 0.015, memory: 6155, loss_rpn_cls: 0.0087, loss_rpn_bbox: 0.0019, loss_cls: 0.0559, acc: 97.9238, loss_bbox: 0.0337, loss: 0.1002, grad_norm: 0.9250
2026-05-12 10:18:12,573 - mmdet - INFO - Epoch [237][150/186]	lr: 2.164e-03, eta: 1:25:53, time: 0.519, data_time: 0.013, memory: 6155, loss_rpn_cls: 0.0100, loss_rpn_bbox: 0.0018, loss_cls: 0.0588, acc: 97.8203, loss_bbox: 0.0387, loss: 0.1092, grad_norm: 0.9422
2026-05-12 10:19:00,889 - mmdet - INFO - Epoch [238][50/186]	lr: 2.099e-03, eta: 1:25:14, time: 0.592, data_time: 0.084, memory: 6155, loss_rpn_cls: 0.0104, loss_rpn_bbox: 0.0018, loss_cls: 0.0539, acc: 97.9854, loss_bbox: 0.0330, loss: 0.0990, grad_norm: 0.9357
2026-05-12 10:19:26,802 - mmdet - INFO - Epoch [238][100/186]	lr: 2.099e-03, eta: 1:24:53, time: 0.516, data_time: 0.013, memory: 6155, loss_rpn_cls: 0.0097, loss_rpn_bbox: 0.0017, loss_cls: 0.0514, acc: 98.0693, loss_bbox: 0.0349, loss: 0.0977, grad_norm: 0.9686
2026-05-12 10:19:52,975 - mmdet - INFO - Epoch [238][150/186]	lr: 2.099e-03, eta: 1:24:32, time: 0.525, data_time: 0.015, memory: 6155, loss_rpn_cls: 0.0138, loss_rpn_bbox: 0.0023, loss_cls: 0.0579, acc: 97.8018, loss_bbox: 0.0377, loss: 0.1117, grad_norm: 0.9925
2026-05-12 10:20:41,390 - mmdet - INFO - Epoch [239][50/186]	lr: 2.036e-03, eta: 1:23:52, time: 0.590, data_time: 0.084, memory: 6155, loss_rpn_cls: 0.0137, loss_rpn_bbox: 0.0019, loss_cls: 0.0555, acc: 97.9531, loss_bbox: 0.0348, loss: 0.1059, grad_norm: 1.0576
2026-05-12 10:21:07,238 - mmdet - INFO - Epoch [239][100/186]	lr: 2.036e-03, eta: 1:23:31, time: 0.519, data_time: 0.015, memory: 6155, loss_rpn_cls: 0.0103, loss_rpn_bbox: 0.0015, loss_cls: 0.0571, acc: 97.8174, loss_bbox: 0.0387, loss: 0.1077, grad_norm: 1.0483
2026-05-12 10:21:33,226 - mmdet - INFO - Epoch [239][150/186]	lr: 2.036e-03, eta: 1:23:10, time: 0.518, data_time: 0.013, memory: 6155, loss_rpn_cls: 0.0171, loss_rpn_bbox: 0.0022, loss_cls: 0.0632, acc: 97.6455, loss_bbox: 0.0449, loss: 0.1275, grad_norm: 1.0855
2026-05-12 10:22:21,651 - mmdet - INFO - Epoch [240][50/186]	lr: 1.973e-03, eta: 1:22:31, time: 0.594, data_time: 0.083, memory: 6155, loss_rpn_cls: 0.0144, loss_rpn_bbox: 0.0019, loss_cls: 0.0612, acc: 97.7129, loss_bbox: 0.0390, loss: 0.1165, grad_norm: 1.0788
2026-05-12 10:22:47,550 - mmdet - INFO - Epoch [240][100/186]	lr: 1.973e-03, eta: 1:22:10, time: 0.516, data_time: 0.013, memory: 6155, loss_rpn_cls: 0.0152, loss_rpn_bbox: 0.0021, loss_cls: 0.0663, acc: 97.4473, loss_bbox: 0.0419, loss: 0.1255, grad_norm: 1.0703
2026-05-12 10:23:13,550 - mmdet - INFO - Epoch [240][150/186]	lr: 1.973e-03, eta: 1:21:49, time: 0.522, data_time: 0.015, memory: 6155, loss_rpn_cls: 0.0088, loss_rpn_bbox: 0.0017, loss_cls: 0.0505, acc: 98.1436, loss_bbox: 0.0305, loss: 0.0916, grad_norm: 1.0335
2026-05-12 10:23:32,369 - mmdet - INFO - Saving checkpoint at 240 epochs
[                                                  ] 0/371, elapsed: 0s, ETA:[                                 ] 1/371, 0.4 task/s, elapsed: 3s, ETA:   951s[                                 ] 2/371, 0.8 task/s, elapsed: 3s, ETA:   491s[                                 ] 3/371, 1.1 task/s, elapsed: 3s, ETA:   337s[                                 ] 4/371, 1.4 task/s, elapsed: 3s, ETA:   260s[                                 ] 5/371, 1.7 task/s, elapsed: 3s, ETA:   214s[                                 ] 6/371, 2.0 task/s, elapsed: 3s, ETA:   183s[                                 ] 7/371, 2.3 task/s, elapsed: 3s, ETA:   160s[                                 ] 8/371, 2.5 task/s, elapsed: 3s, ETA:   144s[                                 ] 9/371, 2.8 task/s, elapsed: 3s, ETA:   131s[                                ] 10/371, 3.0 task/s, elapsed: 3s, ETA:   120s[                                ] 11/371, 3.2 task/s, elapsed: 3s, ETA:   112s[>                               ] 12/371, 3.4 task/s, elapsed: 4s, ETA:   105s[>                               ] 13/371, 3.6 task/s, elapsed: 4s, ETA:    99s[>                               ] 14/371, 3.8 task/s, elapsed: 4s, ETA:    94s[>                               ] 15/371, 4.0 task/s, elapsed: 4s, ETA:    89s[>                               ] 16/371, 4.2 task/s, elapsed: 4s, ETA:    85s[>                               ] 17/371, 4.3 task/s, elapsed: 4s, ETA:    82s[>                               ] 18/371, 4.5 task/s, elapsed: 4s, ETA:    79s[>                               ] 19/371, 4.6 task/s, elapsed: 4s, ETA:    76s[>                               ] 20/371, 4.8 task/s, elapsed: 4s, ETA:    73s[>                               ] 21/371, 4.9 task/s, elapsed: 4s, ETA:    71s[>                               ] 22/371, 5.1 task/s, elapsed: 4s, ETA:    69s[>                               ] 23/371, 5.2 task/s, elapsed: 4s, ETA:    67s[>>                              ] 24/371, 5.3 task/s, elapsed: 5s, ETA:    65s[>>                              ] 25/371, 5.4 task/s, elapsed: 5s, ETA:    64s[>>                              ] 26/371, 5.6 task/s, elapsed: 5s, ETA:    62s[>>                              ] 27/371, 5.7 task/s, elapsed: 5s, ETA:    61s[>>                              ] 28/371, 5.8 task/s, elapsed: 5s, ETA:    59s[>>                              ] 29/371, 5.9 task/s, elapsed: 5s, ETA:    58s[>>                              ] 30/371, 6.0 task/s, elapsed: 5s, ETA:    57s[>>                              ] 31/371, 6.1 task/s, elapsed: 5s, ETA:    56s[>>                              ] 32/371, 6.2 task/s, elapsed: 5s, ETA:    55s[>>                              ] 33/371, 6.3 task/s, elapsed: 5s, ETA:    54s[>>                              ] 34/371, 6.4 task/s, elapsed: 5s, ETA:    53s[>>>                             ] 35/371, 6.4 task/s, elapsed: 5s, ETA:    52s[>>>                             ] 36/371, 6.5 task/s, elapsed: 6s, ETA:    51s[>>>                             ] 37/371, 6.6 task/s, elapsed: 6s, ETA:    51s[>>>                             ] 38/371, 6.7 task/s, elapsed: 6s, ETA:    50s[>>>                             ] 39/371, 6.8 task/s, elapsed: 6s, ETA:    49s[>>>                             ] 40/371, 6.8 task/s, elapsed: 6s, ETA:    48s[>>>                             ] 41/371, 6.9 task/s, elapsed: 6s, ETA:    48s[>>>                             ] 42/371, 7.0 task/s, elapsed: 6s, ETA:    47s[>>>                             ] 43/371, 7.0 task/s, elapsed: 6s, ETA:    47s[>>>                             ] 44/371, 7.1 task/s, elapsed: 6s, ETA:    46s[>>>                             ] 45/371, 7.2 task/s, elapsed: 6s, ETA:    45s[>>>                             ] 46/371, 7.2 task/s, elapsed: 6s, ETA:    45s[>>>>                            ] 47/371, 7.3 task/s, elapsed: 6s, ETA:    44s[>>>>                            ] 48/371, 7.4 task/s, elapsed: 7s, ETA:    44s[>>>>                            ] 49/371, 7.4 task/s, elapsed: 7s, ETA:    43s[>>>>                            ] 50/371, 7.5 task/s, elapsed: 7s, ETA:    43s[>>>>                            ] 51/371, 7.5 task/s, elapsed: 7s, ETA:    42s[>>>>                            ] 52/371, 7.6 task/s, elapsed: 7s, ETA:    42s[>>>>                            ] 53/371, 7.6 task/s, elapsed: 7s, ETA:    42s[>>>>                            ] 54/371, 7.7 task/s, elapsed: 7s, ETA:    41s[>>>>                            ] 55/371, 7.7 task/s, elapsed: 7s, ETA:    41s[>>>>                            ] 56/371, 7.8 task/s, elapsed: 7s, ETA:    40s[>>>>                            ] 57/371, 7.8 task/s, elapsed: 7s, ETA:    40s[>>>>>                           ] 58/371, 7.9 task/s, elapsed: 7s, ETA:    40s[>>>>>                           ] 59/371, 7.9 task/s, elapsed: 7s, ETA:    39s[>>>>>                           ] 60/371, 8.0 task/s, elapsed: 8s, ETA:    39s[>>>>>                           ] 61/371, 8.0 task/s, elapsed: 8s, ETA:    39s[>>>>>                           ] 62/371, 8.1 task/s, elapsed: 8s, ETA:    38s[>>>>>                           ] 63/371, 8.1 task/s, elapsed: 8s, ETA:    38s[>>>>>                           ] 64/371, 8.1 task/s, elapsed: 8s, ETA:    38s[>>>>>                           ] 65/371, 8.2 task/s, elapsed: 8s, ETA:    37s[>>>>>                           ] 66/371, 8.2 task/s, elapsed: 8s, ETA:    37s[>>>>>                           ] 67/371, 8.3 task/s, elapsed: 8s, ETA:    37s[>>>>>                           ] 68/371, 8.3 task/s, elapsed: 8s, ETA:    37s[>>>>>                           ] 69/371, 8.3 task/s, elapsed: 8s, ETA:    36s[>>>>>>                          ] 70/371, 8.4 task/s, elapsed: 8s, ETA:    36s[>>>>>>                          ] 71/371, 8.4 task/s, elapsed: 8s, ETA:    36s[>>>>>>                          ] 72/371, 8.4 task/s, elapsed: 9s, ETA:    35s[>>>>>>                          ] 73/371, 8.5 task/s, elapsed: 9s, ETA:    35s[>>>>>>                          ] 74/371, 8.5 task/s, elapsed: 9s, ETA:    35s[>>>>>>                          ] 75/371, 8.5 task/s, elapsed: 9s, ETA:    35s[>>>>>>                          ] 76/371, 8.6 task/s, elapsed: 9s, ETA:    34s[>>>>>>                          ] 77/371, 8.6 task/s, elapsed: 9s, ETA:    34s[>>>>>>                          ] 78/371, 8.6 task/s, elapsed: 9s, ETA:    34s[>>>>>>                          ] 79/371, 8.7 task/s, elapsed: 9s, ETA:    34s[>>>>>>                          ] 80/371, 8.7 task/s, elapsed: 9s, ETA:    33s[>>>>>>                          ] 81/371, 8.7 task/s, elapsed: 9s, ETA:    33s[>>>>>>>                         ] 82/371, 8.7 task/s, elapsed: 9s, ETA:    33s[>>>>>>>                         ] 83/371, 8.8 task/s, elapsed: 9s, ETA:    33s[>>>>>>>                        ] 84/371, 8.8 task/s, elapsed: 10s, ETA:    33s[>>>>>>>                        ] 85/371, 8.8 task/s, elapsed: 10s, ETA:    32s[>>>>>>>                        ] 86/371, 8.9 task/s, elapsed: 10s, ETA:    32s[>>>>>>>                        ] 87/371, 8.9 task/s, elapsed: 10s, ETA:    32s[>>>>>>>                        ] 88/371, 8.9 task/s, elapsed: 10s, ETA:    32s[>>>>>>>                        ] 89/371, 8.9 task/s, elapsed: 10s, ETA:    32s[>>>>>>>                        ] 90/371, 9.0 task/s, elapsed: 10s, ETA:    31s[>>>>>>>                        ] 91/371, 9.0 task/s, elapsed: 10s, ETA:    31s[>>>>>>>                        ] 92/371, 9.0 task/s, elapsed: 10s, ETA:    31s[>>>>>>>                        ] 93/371, 9.0 task/s, elapsed: 10s, ETA:    31s[>>>>>>>                        ] 94/371, 9.1 task/s, elapsed: 10s, ETA:    31s[>>>>>>>                        ] 95/371, 9.1 task/s, elapsed: 10s, ETA:    30s[>>>>>>>>                       ] 96/371, 9.1 task/s, elapsed: 11s, ETA:    30s[>>>>>>>>                       ] 97/371, 9.1 task/s, elapsed: 11s, ETA:    30s[>>>>>>>>                       ] 98/371, 9.1 task/s, elapsed: 11s, ETA:    30s[>>>>>>>>                       ] 99/371, 9.2 task/s, elapsed: 11s, ETA:    30s[>>>>>>>>                      ] 100/371, 9.2 task/s, elapsed: 11s, ETA:    30s[>>>>>>>>                      ] 101/371, 9.2 task/s, elapsed: 11s, ETA:    29s[>>>>>>>>                      ] 102/371, 9.2 task/s, elapsed: 11s, ETA:    29s[>>>>>>>>                      ] 103/371, 9.2 task/s, elapsed: 11s, ETA:    29s[>>>>>>>>                      ] 104/371, 9.3 task/s, elapsed: 11s, ETA:    29s[>>>>>>>>                      ] 105/371, 9.3 task/s, elapsed: 11s, ETA:    29s[>>>>>>>>                      ] 106/371, 9.3 task/s, elapsed: 11s, ETA:    29s[>>>>>>>>                      ] 107/371, 9.3 task/s, elapsed: 11s, ETA:    28s[>>>>>>>>                      ] 108/371, 9.3 task/s, elapsed: 12s, ETA:    28s[>>>>>>>>                      ] 109/371, 9.4 task/s, elapsed: 12s, ETA:    28s[>>>>>>>>                      ] 110/371, 9.4 task/s, elapsed: 12s, ETA:    28s[>>>>>>>>                      ] 111/371, 9.4 task/s, elapsed: 12s, ETA:    28s[>>>>>>>>>                     ] 112/371, 9.4 task/s, elapsed: 12s, ETA:    28s[>>>>>>>>>                     ] 113/371, 9.4 task/s, elapsed: 12s, ETA:    27s[>>>>>>>>>                     ] 114/371, 9.4 task/s, elapsed: 12s, ETA:    27s[>>>>>>>>>                     ] 115/371, 9.5 task/s, elapsed: 12s, ETA:    27s[>>>>>>>>>                     ] 116/371, 9.5 task/s, elapsed: 12s, ETA:    27s[>>>>>>>>>                     ] 117/371, 9.5 task/s, elapsed: 12s, ETA:    27s[>>>>>>>>>                     ] 118/371, 9.5 task/s, elapsed: 12s, ETA:    27s[>>>>>>>>>                     ] 119/371, 9.5 task/s, elapsed: 12s, ETA:    26s[>>>>>>>>>                     ] 120/371, 9.5 task/s, elapsed: 13s, ETA:    26s[>>>>>>>>>                     ] 121/371, 9.6 task/s, elapsed: 13s, ETA:    26s[>>>>>>>>>                     ] 122/371, 9.6 task/s, elapsed: 13s, ETA:    26s[>>>>>>>>>                     ] 123/371, 9.6 task/s, elapsed: 13s, ETA:    26s[>>>>>>>>>>                    ] 124/371, 9.6 task/s, elapsed: 13s, ETA:    26s[>>>>>>>>>>                    ] 125/371, 9.6 task/s, elapsed: 13s, ETA:    26s[>>>>>>>>>>                    ] 126/371, 9.6 task/s, elapsed: 13s, ETA:    25s[>>>>>>>>>>                    ] 127/371, 9.6 task/s, elapsed: 13s, ETA:    25s[>>>>>>>>>>                    ] 128/371, 9.7 task/s, elapsed: 13s, ETA:    25s[>>>>>>>>>>                    ] 129/371, 9.7 task/s, elapsed: 13s, ETA:    25s[>>>>>>>>>>                    ] 130/371, 9.7 task/s, elapsed: 13s, ETA:    25s[>>>>>>>>>>                    ] 131/371, 9.7 task/s, elapsed: 13s, ETA:    25s[>>>>>>>>>>                    ] 132/371, 9.7 task/s, elapsed: 14s, ETA:    25s[>>>>>>>>>>                    ] 133/371, 9.7 task/s, elapsed: 14s, ETA:    24s[>>>>>>>>>>                    ] 134/371, 9.7 task/s, elapsed: 14s, ETA:    24s[>>>>>>>>>>                    ] 135/371, 9.8 task/s, elapsed: 14s, ETA:    24s[>>>>>>>>>>                    ] 136/371, 9.8 task/s, elapsed: 14s, ETA:    24s[>>>>>>>>>>>                   ] 137/371, 9.8 task/s, elapsed: 14s, ETA:    24s[>>>>>>>>>>>                   ] 138/371, 9.8 task/s, elapsed: 14s, ETA:    24s[>>>>>>>>>>>                   ] 139/371, 9.8 task/s, elapsed: 14s, ETA:    24s[>>>>>>>>>>>                   ] 140/371, 9.8 task/s, elapsed: 14s, ETA:    24s[>>>>>>>>>>>                   ] 141/371, 9.8 task/s, elapsed: 14s, ETA:    23s[>>>>>>>>>>>                   ] 142/371, 9.8 task/s, elapsed: 14s, ETA:    23s[>>>>>>>>>>>                   ] 143/371, 9.9 task/s, elapsed: 15s, ETA:    23s[>>>>>>>>>>>                   ] 144/371, 9.9 task/s, elapsed: 15s, ETA:    23s[>>>>>>>>>>>                   ] 145/371, 9.9 task/s, elapsed: 15s, ETA:    23s[>>>>>>>>>>>                   ] 146/371, 9.9 task/s, elapsed: 15s, ETA:    23s[>>>>>>>>>>>                   ] 147/371, 9.9 task/s, elapsed: 15s, ETA:    23s[>>>>>>>>>>>                   ] 148/371, 9.9 task/s, elapsed: 15s, ETA:    22s[>>>>>>>>>>>>                  ] 149/371, 9.9 task/s, elapsed: 15s, ETA:    22s[>>>>>>>>>>>>                  ] 150/371, 9.9 task/s, elapsed: 15s, ETA:    22s[>>>>>>>>>>>>                  ] 151/371, 9.9 task/s, elapsed: 15s, ETA:    22s[>>>>>>>>>>>                  ] 152/371, 10.0 task/s, elapsed: 15s, ETA:    22s[>>>>>>>>>>>                  ] 153/371, 10.0 task/s, elapsed: 15s, ETA:    22s[>>>>>>>>>>>>                 ] 154/371, 10.0 task/s, elapsed: 15s, ETA:    22s[>>>>>>>>>>>>                 ] 155/371, 10.0 task/s, elapsed: 16s, ETA:    22s[>>>>>>>>>>>>                 ] 156/371, 10.0 task/s, elapsed: 16s, ETA:    22s[>>>>>>>>>>>>                 ] 157/371, 10.0 task/s, elapsed: 16s, ETA:    21s[>>>>>>>>>>>>                 ] 158/371, 10.0 task/s, elapsed: 16s, ETA:    21s[>>>>>>>>>>>>                 ] 159/371, 10.0 task/s, elapsed: 16s, ETA:    21s[>>>>>>>>>>>>                 ] 160/371, 10.0 task/s, elapsed: 16s, ETA:    21s[>>>>>>>>>>>>                 ] 161/371, 10.0 task/s, elapsed: 16s, ETA:    21s[>>>>>>>>>>>>                 ] 162/371, 10.1 task/s, elapsed: 16s, ETA:    21s[>>>>>>>>>>>>                 ] 163/371, 10.1 task/s, elapsed: 16s, ETA:    21s[>>>>>>>>>>>>                 ] 164/371, 10.1 task/s, elapsed: 16s, ETA:    21s[>>>>>>>>>>>>                 ] 165/371, 10.1 task/s, elapsed: 16s, ETA:    20s[>>>>>>>>>>>>                 ] 166/371, 10.1 task/s, elapsed: 16s, ETA:    20s[>>>>>>>>>>>>>                ] 167/371, 10.1 task/s, elapsed: 17s, ETA:    20s[>>>>>>>>>>>>>                ] 168/371, 10.1 task/s, elapsed: 17s, ETA:    20s[>>>>>>>>>>>>>                ] 169/371, 10.1 task/s, elapsed: 17s, ETA:    20s[>>>>>>>>>>>>>                ] 170/371, 10.1 task/s, elapsed: 17s, ETA:    20s[>>>>>>>>>>>>>                ] 171/371, 10.1 task/s, elapsed: 17s, ETA:    20s[>>>>>>>>>>>>>                ] 172/371, 10.1 task/s, elapsed: 17s, ETA:    20s[>>>>>>>>>>>>>                ] 173/371, 10.2 task/s, elapsed: 17s, ETA:    19s[>>>>>>>>>>>>>                ] 174/371, 10.2 task/s, elapsed: 17s, ETA:    19s[>>>>>>>>>>>>>                ] 175/371, 10.2 task/s, elapsed: 17s, ETA:    19s[>>>>>>>>>>>>>                ] 176/371, 10.2 task/s, elapsed: 17s, ETA:    19s[>>>>>>>>>>>>>                ] 177/371, 10.2 task/s, elapsed: 17s, ETA:    19s[>>>>>>>>>>>>>                ] 178/371, 10.2 task/s, elapsed: 17s, ETA:    19s[>>>>>>>>>>>>>                ] 179/371, 10.2 task/s, elapsed: 18s, ETA:    19s[>>>>>>>>>>>>>>               ] 180/371, 10.2 task/s, elapsed: 18s, ETA:    19s[>>>>>>>>>>>>>>               ] 181/371, 10.2 task/s, elapsed: 18s, ETA:    19s[>>>>>>>>>>>>>>               ] 182/371, 10.2 task/s, elapsed: 18s, ETA:    18s[>>>>>>>>>>>>>>               ] 183/371, 10.2 task/s, elapsed: 18s, ETA:    18s[>>>>>>>>>>>>>>               ] 184/371, 10.2 task/s, elapsed: 18s, ETA:    18s[>>>>>>>>>>>>>>               ] 185/371, 10.3 task/s, elapsed: 18s, ETA:    18s[>>>>>>>>>>>>>>               ] 186/371, 10.3 task/s, elapsed: 18s, ETA:    18s[>>>>>>>>>>>>>>               ] 187/371, 10.3 task/s, elapsed: 18s, ETA:    18s[>>>>>>>>>>>>>>               ] 188/371, 10.3 task/s, elapsed: 18s, ETA:    18s[>>>>>>>>>>>>>>               ] 189/371, 10.3 task/s, elapsed: 18s, ETA:    18s[>>>>>>>>>>>>>>               ] 190/371, 10.3 task/s, elapsed: 18s, ETA:    18s[>>>>>>>>>>>>>>               ] 191/371, 10.3 task/s, elapsed: 19s, ETA:    17s[>>>>>>>>>>>>>>>              ] 192/371, 10.3 task/s, elapsed: 19s, ETA:    17s[>>>>>>>>>>>>>>>              ] 193/371, 10.3 task/s, elapsed: 19s, ETA:    17s[>>>>>>>>>>>>>>>              ] 194/371, 10.3 task/s, elapsed: 19s, ETA:    17s[>>>>>>>>>>>>>>>              ] 195/371, 10.3 task/s, elapsed: 19s, ETA:    17s[>>>>>>>>>>>>>>>              ] 196/371, 10.3 task/s, elapsed: 19s, ETA:    17s[>>>>>>>>>>>>>>>              ] 197/371, 10.3 task/s, elapsed: 19s, ETA:    17s[>>>>>>>>>>>>>>>              ] 198/371, 10.4 task/s, elapsed: 19s, ETA:    17s[>>>>>>>>>>>>>>>              ] 199/371, 10.4 task/s, elapsed: 19s, ETA:    17s[>>>>>>>>>>>>>>>              ] 200/371, 10.4 task/s, elapsed: 19s, ETA:    16s[>>>>>>>>>>>>>>>              ] 201/371, 10.4 task/s, elapsed: 19s, ETA:    16s[>>>>>>>>>>>>>>>              ] 202/371, 10.4 task/s, elapsed: 19s, ETA:    16s[>>>>>>>>>>>>>>>              ] 203/371, 10.4 task/s, elapsed: 20s, ETA:    16s[>>>>>>>>>>>>>>>              ] 204/371, 10.4 task/s, elapsed: 20s, ETA:    16s[>>>>>>>>>>>>>>>>             ] 205/371, 10.4 task/s, elapsed: 20s, ETA:    16s[>>>>>>>>>>>>>>>>             ] 206/371, 10.4 task/s, elapsed: 20s, ETA:    16s[>>>>>>>>>>>>>>>>             ] 207/371, 10.4 task/s, elapsed: 20s, ETA:    16s[>>>>>>>>>>>>>>>>             ] 208/371, 10.4 task/s, elapsed: 20s, ETA:    16s[>>>>>>>>>>>>>>>>             ] 209/371, 10.4 task/s, elapsed: 20s, ETA:    16s[>>>>>>>>>>>>>>>>             ] 210/371, 10.4 task/s, elapsed: 20s, ETA:    15s[>>>>>>>>>>>>>>>>             ] 211/371, 10.4 task/s, elapsed: 20s, ETA:    15s[>>>>>>>>>>>>>>>>             ] 212/371, 10.4 task/s, elapsed: 20s, ETA:    15s[>>>>>>>>>>>>>>>>             ] 213/371, 10.4 task/s, elapsed: 20s, ETA:    15s[>>>>>>>>>>>>>>>>             ] 214/371, 10.5 task/s, elapsed: 20s, ETA:    15s[>>>>>>>>>>>>>>>>             ] 215/371, 10.5 task/s, elapsed: 21s, ETA:    15s[>>>>>>>>>>>>>>>>             ] 216/371, 10.5 task/s, elapsed: 21s, ETA:    15s[>>>>>>>>>>>>>>>>             ] 217/371, 10.5 task/s, elapsed: 21s, ETA:    15s[>>>>>>>>>>>>>>>>>            ] 218/371, 10.5 task/s, elapsed: 21s, ETA:    15s[>>>>>>>>>>>>>>>>>            ] 219/371, 10.5 task/s, elapsed: 21s, ETA:    15s[>>>>>>>>>>>>>>>>>            ] 220/371, 10.5 task/s, elapsed: 21s, ETA:    14s[>>>>>>>>>>>>>>>>>            ] 221/371, 10.5 task/s, elapsed: 21s, ETA:    14s[>>>>>>>>>>>>>>>>>            ] 222/371, 10.5 task/s, elapsed: 21s, ETA:    14s[>>>>>>>>>>>>>>>>>            ] 223/371, 10.5 task/s, elapsed: 21s, ETA:    14s[>>>>>>>>>>>>>>>>>            ] 224/371, 10.5 task/s, elapsed: 21s, ETA:    14s[>>>>>>>>>>>>>>>>>            ] 225/371, 10.5 task/s, elapsed: 21s, ETA:    14s[>>>>>>>>>>>>>>>>>            ] 226/371, 10.5 task/s, elapsed: 21s, ETA:    14s[>>>>>>>>>>>>>>>>>            ] 227/371, 10.5 task/s, elapsed: 22s, ETA:    14s[>>>>>>>>>>>>>>>>>            ] 228/371, 10.5 task/s, elapsed: 22s, ETA:    14s[>>>>>>>>>>>>>>>>>            ] 229/371, 10.5 task/s, elapsed: 22s, ETA:    13s[>>>>>>>>>>>>>>>>>            ] 230/371, 10.5 task/s, elapsed: 22s, ETA:    13s[>>>>>>>>>>>>>>>>>>           ] 231/371, 10.5 task/s, elapsed: 22s, ETA:    13s[>>>>>>>>>>>>>>>>>>           ] 232/371, 10.6 task/s, elapsed: 22s, ETA:    13s[>>>>>>>>>>>>>>>>>>           ] 233/371, 10.6 task/s, elapsed: 22s, ETA:    13s[>>>>>>>>>>>>>>>>>>           ] 234/371, 10.6 task/s, elapsed: 22s, ETA:    13s[>>>>>>>>>>>>>>>>>>           ] 235/371, 10.6 task/s, elapsed: 22s, ETA:    13s[>>>>>>>>>>>>>>>>>>           ] 236/371, 10.6 task/s, elapsed: 22s, ETA:    13s[>>>>>>>>>>>>>>>>>>           ] 237/371, 10.6 task/s, elapsed: 22s, ETA:    13s[>>>>>>>>>>>>>>>>>>           ] 238/371, 10.6 task/s, elapsed: 22s, ETA:    13s[>>>>>>>>>>>>>>>>>>           ] 239/371, 10.6 task/s, elapsed: 23s, ETA:    12s[>>>>>>>>>>>>>>>>>>           ] 240/371, 10.6 task/s, elapsed: 23s, ETA:    12s[>>>>>>>>>>>>>>>>>>           ] 241/371, 10.6 task/s, elapsed: 23s, ETA:    12s[>>>>>>>>>>>>>>>>>>           ] 242/371, 10.6 task/s, elapsed: 23s, ETA:    12s[>>>>>>>>>>>>>>>>>>           ] 243/371, 10.6 task/s, elapsed: 23s, ETA:    12s[>>>>>>>>>>>>>>>>>>>          ] 244/371, 10.6 task/s, elapsed: 23s, ETA:    12s[>>>>>>>>>>>>>>>>>>>          ] 245/371, 10.6 task/s, elapsed: 23s, ETA:    12s[>>>>>>>>>>>>>>>>>>>          ] 246/371, 10.6 task/s, elapsed: 23s, ETA:    12s[>>>>>>>>>>>>>>>>>>>          ] 247/371, 10.6 task/s, elapsed: 23s, ETA:    12s[>>>>>>>>>>>>>>>>>>>          ] 248/371, 10.6 task/s, elapsed: 23s, ETA:    12s[>>>>>>>>>>>>>>>>>>>          ] 249/371, 10.6 task/s, elapsed: 23s, ETA:    11s[>>>>>>>>>>>>>>>>>>>          ] 250/371, 10.6 task/s, elapsed: 24s, ETA:    11s[>>>>>>>>>>>>>>>>>>>          ] 251/371, 10.6 task/s, elapsed: 24s, ETA:    11s[>>>>>>>>>>>>>>>>>>>          ] 252/371, 10.6 task/s, elapsed: 24s, ETA:    11s[>>>>>>>>>>>>>>>>>>>          ] 253/371, 10.7 task/s, elapsed: 24s, ETA:    11s[>>>>>>>>>>>>>>>>>>>          ] 254/371, 10.7 task/s, elapsed: 24s, ETA:    11s[>>>>>>>>>>>>>>>>>>>          ] 255/371, 10.7 task/s, elapsed: 24s, ETA:    11s[>>>>>>>>>>>>>>>>>>>>         ] 256/371, 10.7 task/s, elapsed: 24s, ETA:    11s[>>>>>>>>>>>>>>>>>>>>         ] 257/371, 10.7 task/s, elapsed: 24s, ETA:    11s[>>>>>>>>>>>>>>>>>>>>         ] 258/371, 10.7 task/s, elapsed: 24s, ETA:    11s[>>>>>>>>>>>>>>>>>>>>         ] 259/371, 10.7 task/s, elapsed: 24s, ETA:    10s[>>>>>>>>>>>>>>>>>>>>         ] 260/371, 10.7 task/s, elapsed: 24s, ETA:    10s[>>>>>>>>>>>>>>>>>>>>         ] 261/371, 10.7 task/s, elapsed: 24s, ETA:    10s[>>>>>>>>>>>>>>>>>>>>         ] 262/371, 10.7 task/s, elapsed: 25s, ETA:    10s[>>>>>>>>>>>>>>>>>>>>         ] 263/371, 10.7 task/s, elapsed: 25s, ETA:    10s[>>>>>>>>>>>>>>>>>>>>         ] 264/371, 10.7 task/s, elapsed: 25s, ETA:    10s[>>>>>>>>>>>>>>>>>>>>         ] 265/371, 10.7 task/s, elapsed: 25s, ETA:    10s[>>>>>>>>>>>>>>>>>>>>         ] 266/371, 10.7 task/s, elapsed: 25s, ETA:    10s[>>>>>>>>>>>>>>>>>>>>         ] 267/371, 10.7 task/s, elapsed: 25s, ETA:    10s[>>>>>>>>>>>>>>>>>>>>         ] 268/371, 10.7 task/s, elapsed: 25s, ETA:    10s[>>>>>>>>>>>>>>>>>>>>>        ] 269/371, 10.7 task/s, elapsed: 25s, ETA:    10s[>>>>>>>>>>>>>>>>>>>>>        ] 270/371, 10.7 task/s, elapsed: 25s, ETA:     9s[>>>>>>>>>>>>>>>>>>>>>        ] 271/371, 10.7 task/s, elapsed: 25s, ETA:     9s[>>>>>>>>>>>>>>>>>>>>>        ] 272/371, 10.7 task/s, elapsed: 25s, ETA:     9s[>>>>>>>>>>>>>>>>>>>>>        ] 273/371, 10.7 task/s, elapsed: 25s, ETA:     9s[>>>>>>>>>>>>>>>>>>>>>        ] 274/371, 10.7 task/s, elapsed: 26s, ETA:     9s[>>>>>>>>>>>>>>>>>>>>>        ] 275/371, 10.7 task/s, elapsed: 26s, ETA:     9s[>>>>>>>>>>>>>>>>>>>>>        ] 276/371, 10.7 task/s, elapsed: 26s, ETA:     9s[>>>>>>>>>>>>>>>>>>>>>        ] 277/371, 10.7 task/s, elapsed: 26s, ETA:     9s[>>>>>>>>>>>>>>>>>>>>>        ] 278/371, 10.7 task/s, elapsed: 26s, ETA:     9s[>>>>>>>>>>>>>>>>>>>>>        ] 279/371, 10.8 task/s, elapsed: 26s, ETA:     9s[>>>>>>>>>>>>>>>>>>>>>        ] 280/371, 10.8 task/s, elapsed: 26s, ETA:     8s[>>>>>>>>>>>>>>>>>>>>>        ] 281/371, 10.8 task/s, elapsed: 26s, ETA:     8s[>>>>>>>>>>>>>>>>>>>>>>       ] 282/371, 10.8 task/s, elapsed: 26s, ETA:     8s[>>>>>>>>>>>>>>>>>>>>>>       ] 283/371, 10.8 task/s, elapsed: 26s, ETA:     8s[>>>>>>>>>>>>>>>>>>>>>>       ] 284/371, 10.8 task/s, elapsed: 26s, ETA:     8s[>>>>>>>>>>>>>>>>>>>>>>       ] 285/371, 10.8 task/s, elapsed: 26s, ETA:     8s[>>>>>>>>>>>>>>>>>>>>>>       ] 286/371, 10.8 task/s, elapsed: 27s, ETA:     8s[>>>>>>>>>>>>>>>>>>>>>>       ] 287/371, 10.8 task/s, elapsed: 27s, ETA:     8s[>>>>>>>>>>>>>>>>>>>>>>       ] 288/371, 10.8 task/s, elapsed: 27s, ETA:     8s[>>>>>>>>>>>>>>>>>>>>>>       ] 289/371, 10.8 task/s, elapsed: 27s, ETA:     8s[>>>>>>>>>>>>>>>>>>>>>>       ] 290/371, 10.8 task/s, elapsed: 27s, ETA:     8s[>>>>>>>>>>>>>>>>>>>>>>       ] 291/371, 10.8 task/s, elapsed: 27s, ETA:     7s[>>>>>>>>>>>>>>>>>>>>>>       ] 292/371, 10.8 task/s, elapsed: 27s, ETA:     7s[>>>>>>>>>>>>>>>>>>>>>>       ] 293/371, 10.8 task/s, elapsed: 27s, ETA:     7s[>>>>>>>>>>>>>>>>>>>>>>       ] 294/371, 10.8 task/s, elapsed: 27s, ETA:     7s[>>>>>>>>>>>>>>>>>>>>>>>      ] 295/371, 10.8 task/s, elapsed: 27s, ETA:     7s[>>>>>>>>>>>>>>>>>>>>>>>      ] 296/371, 10.8 task/s, elapsed: 27s, ETA:     7s[>>>>>>>>>>>>>>>>>>>>>>>      ] 297/371, 10.8 task/s, elapsed: 27s, ETA:     7s[>>>>>>>>>>>>>>>>>>>>>>>      ] 298/371, 10.8 task/s, elapsed: 28s, ETA:     7s[>>>>>>>>>>>>>>>>>>>>>>>      ] 299/371, 10.8 task/s, elapsed: 28s, ETA:     7s[>>>>>>>>>>>>>>>>>>>>>>>      ] 300/371, 10.8 task/s, elapsed: 28s, ETA:     7s[>>>>>>>>>>>>>>>>>>>>>>>      ] 301/371, 10.8 task/s, elapsed: 28s, ETA:     6s[>>>>>>>>>>>>>>>>>>>>>>>      ] 302/371, 10.8 task/s, elapsed: 28s, ETA:     6s[>>>>>>>>>>>>>>>>>>>>>>>      ] 303/371, 10.8 task/s, elapsed: 28s, ETA:     6s[>>>>>>>>>>>>>>>>>>>>>>>      ] 304/371, 10.8 task/s, elapsed: 28s, ETA:     6s[>>>>>>>>>>>>>>>>>>>>>>>      ] 305/371, 10.8 task/s, elapsed: 28s, ETA:     6s[>>>>>>>>>>>>>>>>>>>>>>>      ] 306/371, 10.8 task/s, elapsed: 28s, ETA:     6s[>>>>>>>>>>>>>>>>>>>>>>>      ] 307/371, 10.8 task/s, elapsed: 28s, ETA:     6s[>>>>>>>>>>>>>>>>>>>>>>>>     ] 308/371, 10.9 task/s, elapsed: 28s, ETA:     6s[>>>>>>>>>>>>>>>>>>>>>>>>     ] 309/371, 10.9 task/s, elapsed: 28s, ETA:     6s[>>>>>>>>>>>>>>>>>>>>>>>>     ] 310/371, 10.9 task/s, elapsed: 29s, ETA:     6s[>>>>>>>>>>>>>>>>>>>>>>>>     ] 311/371, 10.9 task/s, elapsed: 29s, ETA:     6s[>>>>>>>>>>>>>>>>>>>>>>>>     ] 312/371, 10.9 task/s, elapsed: 29s, ETA:     5s[>>>>>>>>>>>>>>>>>>>>>>>>     ] 313/371, 10.9 task/s, elapsed: 29s, ETA:     5s[>>>>>>>>>>>>>>>>>>>>>>>>     ] 314/371, 10.9 task/s, elapsed: 29s, ETA:     5s[>>>>>>>>>>>>>>>>>>>>>>>>     ] 315/371, 10.9 task/s, elapsed: 29s, ETA:     5s[>>>>>>>>>>>>>>>>>>>>>>>>     ] 316/371, 10.9 task/s, elapsed: 29s, ETA:     5s[>>>>>>>>>>>>>>>>>>>>>>>>     ] 317/371, 10.9 task/s, elapsed: 29s, ETA:     5s[>>>>>>>>>>>>>>>>>>>>>>>>     ] 318/371, 10.9 task/s, elapsed: 29s, ETA:     5s[>>>>>>>>>>>>>>>>>>>>>>>>     ] 319/371, 10.9 task/s, elapsed: 29s, ETA:     5s[>>>>>>>>>>>>>>>>>>>>>>>>>    ] 320/371, 10.9 task/s, elapsed: 29s, ETA:     5s[>>>>>>>>>>>>>>>>>>>>>>>>>    ] 321/371, 10.9 task/s, elapsed: 29s, ETA:     5s[>>>>>>>>>>>>>>>>>>>>>>>>>    ] 322/371, 10.9 task/s, elapsed: 30s, ETA:     4s[>>>>>>>>>>>>>>>>>>>>>>>>>    ] 323/371, 10.9 task/s, elapsed: 30s, ETA:     4s[>>>>>>>>>>>>>>>>>>>>>>>>>    ] 324/371, 10.9 task/s, elapsed: 30s, ETA:     4s[>>>>>>>>>>>>>>>>>>>>>>>>>    ] 325/371, 10.9 task/s, elapsed: 30s, ETA:     4s[>>>>>>>>>>>>>>>>>>>>>>>>>    ] 326/371, 10.9 task/s, elapsed: 30s, ETA:     4s[>>>>>>>>>>>>>>>>>>>>>>>>>    ] 327/371, 10.9 task/s, elapsed: 30s, ETA:     4s[>>>>>>>>>>>>>>>>>>>>>>>>>    ] 328/371, 10.9 task/s, elapsed: 30s, ETA:     4s[>>>>>>>>>>>>>>>>>>>>>>>>>    ] 329/371, 10.9 task/s, elapsed: 30s, ETA:     4s[>>>>>>>>>>>>>>>>>>>>>>>>>    ] 330/371, 10.9 task/s, elapsed: 30s, ETA:     4s[>>>>>>>>>>>>>>>>>>>>>>>>>    ] 331/371, 10.9 task/s, elapsed: 30s, ETA:     4s[>>>>>>>>>>>>>>>>>>>>>>>>>    ] 332/371, 10.9 task/s, elapsed: 30s, ETA:     4s[>>>>>>>>>>>>>>>>>>>>>>>>>>   ] 333/371, 10.9 task/s, elapsed: 30s, ETA:     3s[>>>>>>>>>>>>>>>>>>>>>>>>>>   ] 334/371, 10.9 task/s, elapsed: 31s, ETA:     3s[>>>>>>>>>>>>>>>>>>>>>>>>>>   ] 335/371, 10.9 task/s, elapsed: 31s, ETA:     3s[>>>>>>>>>>>>>>>>>>>>>>>>>>   ] 336/371, 10.9 task/s, elapsed: 31s, ETA:     3s[>>>>>>>>>>>>>>>>>>>>>>>>>>   ] 337/371, 10.9 task/s, elapsed: 31s, ETA:     3s[>>>>>>>>>>>>>>>>>>>>>>>>>>   ] 338/371, 10.9 task/s, elapsed: 31s, ETA:     3s[>>>>>>>>>>>>>>>>>>>>>>>>>>   ] 339/371, 10.9 task/s, elapsed: 31s, ETA:     3s[>>>>>>>>>>>>>>>>>>>>>>>>>>   ] 340/371, 10.9 task/s, elapsed: 31s, ETA:     3s[>>>>>>>>>>>>>>>>>>>>>>>>>>   ] 341/371, 10.9 task/s, elapsed: 31s, ETA:     3s[>>>>>>>>>>>>>>>>>>>>>>>>>>   ] 342/371, 10.9 task/s, elapsed: 31s, ETA:     3s[>>>>>>>>>>>>>>>>>>>>>>>>>>   ] 343/371, 10.9 task/s, elapsed: 31s, ETA:     3s[>>>>>>>>>>>>>>>>>>>>>>>>>>   ] 344/371, 11.0 task/s, elapsed: 31s, ETA:     2s[>>>>>>>>>>>>>>>>>>>>>>>>>>   ] 345/371, 11.0 task/s, elapsed: 31s, ETA:     2s[>>>>>>>>>>>>>>>>>>>>>>>>>>>  ] 346/371, 11.0 task/s, elapsed: 32s, ETA:     2s[>>>>>>>>>>>>>>>>>>>>>>>>>>>  ] 347/371, 11.0 task/s, elapsed: 32s, ETA:     2s[>>>>>>>>>>>>>>>>>>>>>>>>>>>  ] 348/371, 11.0 task/s, elapsed: 32s, ETA:     2s[>>>>>>>>>>>>>>>>>>>>>>>>>>>  ] 349/371, 11.0 task/s, elapsed: 32s, ETA:     2s[>>>>>>>>>>>>>>>>>>>>>>>>>>>  ] 350/371, 11.0 task/s, elapsed: 32s, ETA:     2s[>>>>>>>>>>>>>>>>>>>>>>>>>>>  ] 351/371, 11.0 task/s, elapsed: 32s, ETA:     2s[>>>>>>>>>>>>>>>>>>>>>>>>>>>  ] 352/371, 11.0 task/s, elapsed: 32s, ETA:     2s[>>>>>>>>>>>>>>>>>>>>>>>>>>>  ] 353/371, 11.0 task/s, elapsed: 32s, ETA:     2s[>>>>>>>>>>>>>>>>>>>>>>>>>>>  ] 354/371, 11.0 task/s, elapsed: 32s, ETA:     2s[>>>>>>>>>>>>>>>>>>>>>>>>>>>  ] 355/371, 11.0 task/s, elapsed: 32s, ETA:     1s[>>>>>>>>>>>>>>>>>>>>>>>>>>>  ] 356/371, 11.0 task/s, elapsed: 32s, ETA:     1s[>>>>>>>>>>>>>>>>>>>>>>>>>>>  ] 357/371, 11.0 task/s, elapsed: 33s, ETA:     1s[>>>>>>>>>>>>>>>>>>>>>>>>>>>  ] 358/371, 11.0 task/s, elapsed: 33s, ETA:     1s[>>>>>>>>>>>>>>>>>>>>>>>>>>>> ] 359/371, 11.0 task/s, elapsed: 33s, ETA:     1s[>>>>>>>>>>>>>>>>>>>>>>>>>>>> ] 360/371, 11.0 task/s, elapsed: 33s, ETA:     1s[>>>>>>>>>>>>>>>>>>>>>>>>>>>> ] 361/371, 11.0 task/s, elapsed: 33s, ETA:     1s[>>>>>>>>>>>>>>>>>>>>>>>>>>>> ] 362/371, 11.0 task/s, elapsed: 33s, ETA:     1s[>>>>>>>>>>>>>>>>>>>>>>>>>>>> ] 363/371, 11.0 task/s, elapsed: 33s, ETA:     1s[>>>>>>>>>>>>>>>>>>>>>>>>>>>> ] 364/371, 11.0 task/s, elapsed: 33s, ETA:     1s[>>>>>>>>>>>>>>>>>>>>>>>>>>>> ] 365/371, 11.0 task/s, elapsed: 33s, ETA:     1s[>>>>>>>>>>>>>>>>>>>>>>>>>>>> ] 366/371, 11.0 task/s, elapsed: 33s, ETA:     0s[>>>>>>>>>>>>>>>>>>>>>>>>>>>> ] 367/371, 11.0 task/s, elapsed: 33s, ETA:     0s[>>>>>>>>>>>>>>>>>>>>>>>>>>>> ] 368/371, 11.0 task/s, elapsed: 33s, ETA:     0s[>>>>>>>>>>>>>>>>>>>>>>>>>>>> ] 369/371, 11.0 task/s, elapsed: 34s, ETA:     0s[>>>>>>>>>>>>>>>>>>>>>>>>>>>> ] 370/371, 11.0 task/s, elapsed: 34s, ETA:     0s[>>>>>>>>>>>>>>>>>>>>>>>>>>>>>] 371/371, 11.0 task/s, elapsed: 34s, ETA:     0s

2026-05-12 10:24:07,954 - mmdet - INFO - Evaluating bbox...
Loading and preparing results...
DONE (t=0.01s)
creating index...
index created!
Running per image evaluation...
Evaluate annotation type *bbox*
DONE (t=2.16s).
Accumulating evaluation results...
DONE (t=0.14s).
2026-05-12 10:24:10,278 - mmdet - INFO - 
 Average Precision  (AP) @[ IoU=0.50:0.95 | area=   all | maxDets=100 ] = 0.272
 Average Precision  (AP) @[ IoU=0.50      | area=   all | maxDets=1000 ] = 0.682
 Average Precision  (AP) @[ IoU=0.75      | area=   all | maxDets=1000 ] = 0.155
 Average Precision  (AP) @[ IoU=0.50:0.95 | area= small | maxDets=1000 ] = 0.001
 Average Precision  (AP) @[ IoU=0.50:0.95 | area=medium | maxDets=1000 ] = 0.220
 Average Precision  (AP) @[ IoU=0.50:0.95 | area= large | maxDets=1000 ] = 0.341
 Average Recall     (AR) @[ IoU=0.50:0.95 | area=   all | maxDets=100 ] = 0.395
 Average Recall     (AR) @[ IoU=0.50:0.95 | area=   all | maxDets=300 ] = 0.395
 Average Recall     (AR) @[ IoU=0.50:0.95 | area=   all | maxDets=1000 ] = 0.395
 Average Recall     (AR) @[ IoU=0.50:0.95 | area= small | maxDets=1000 ] = 0.010
 Average Recall     (AR) @[ IoU=0.50:0.95 | area=medium | maxDets=1000 ] = 0.346
 Average Recall     (AR) @[ IoU=0.50:0.95 | area= large | maxDets=1000 ] = 0.468

2026-05-12 10:24:10,283 - mmdet - INFO - Exp name: fold_1_r50_300e_hbb.py
2026-05-12 10:24:10,283 - mmdet - INFO - Epoch(val) [240][371]	bbox_mAP: 0.2720, bbox_mAP_50: 0.6820, bbox_mAP_75: 0.1550, bbox_mAP_s: 0.0010, bbox_mAP_m: 0.2200, bbox_mAP_l: 0.3410, bbox_mAP_copypaste: 0.272 0.682 0.155 0.001 0.220 0.341
2026-05-12 10:24:39,789 - mmdet - INFO - Epoch [241][50/186]	lr: 1.911e-03, eta: 1:21:09, time: 0.588, data_time: 0.084, memory: 6155, loss_rpn_cls: 0.0115, loss_rpn_bbox: 0.0019, loss_cls: 0.0556, acc: 97.9629, loss_bbox: 0.0362, loss: 0.1052, grad_norm: 0.9597
2026-05-12 10:25:05,595 - mmdet - INFO - Epoch [241][100/186]	lr: 1.911e-03, eta: 1:20:48, time: 0.518, data_time: 0.015, memory: 6155, loss_rpn_cls: 0.0149, loss_rpn_bbox: 0.0020, loss_cls: 0.0545, acc: 97.9326, loss_bbox: 0.0346, loss: 0.1060, grad_norm: 1.0215
2026-05-12 10:25:31,519 - mmdet - INFO - Epoch [241][150/186]	lr: 1.911e-03, eta: 1:20:27, time: 0.517, data_time: 0.013, memory: 6155, loss_rpn_cls: 0.0124, loss_rpn_bbox: 0.0018, loss_cls: 0.0587, acc: 97.8721, loss_bbox: 0.0392, loss: 0.1122, grad_norm: 1.0348
2026-05-12 10:26:19,873 - mmdet - INFO - Epoch [242][50/186]	lr: 1.850e-03, eta: 1:19:47, time: 0.593, data_time: 0.084, memory: 6155, loss_rpn_cls: 0.0134, loss_rpn_bbox: 0.0018, loss_cls: 0.0510, acc: 98.1689, loss_bbox: 0.0309, loss: 0.0972, grad_norm: 0.9490
2026-05-12 10:26:45,765 - mmdet - INFO - Epoch [242][100/186]	lr: 1.850e-03, eta: 1:19:26, time: 0.516, data_time: 0.013, memory: 6155, loss_rpn_cls: 0.0105, loss_rpn_bbox: 0.0016, loss_cls: 0.0526, acc: 98.0283, loss_bbox: 0.0329, loss: 0.0976, grad_norm: 0.9438
2026-05-12 10:27:11,838 - mmdet - INFO - Epoch [242][150/186]	lr: 1.850e-03, eta: 1:19:06, time: 0.523, data_time: 0.015, memory: 6155, loss_rpn_cls: 0.0134, loss_rpn_bbox: 0.0020, loss_cls: 0.0655, acc: 97.6055, loss_bbox: 0.0419, loss: 0.1228, grad_norm: 0.9777
2026-05-12 10:28:00,295 - mmdet - INFO - Epoch [243][50/186]	lr: 1.789e-03, eta: 1:18:26, time: 0.591, data_time: 0.084, memory: 6155, loss_rpn_cls: 0.0101, loss_rpn_bbox: 0.0017, loss_cls: 0.0547, acc: 98.0215, loss_bbox: 0.0344, loss: 0.1009, grad_norm: 0.9101
2026-05-12 10:28:26,254 - mmdet - INFO - Epoch [243][100/186]	lr: 1.789e-03, eta: 1:18:05, time: 0.521, data_time: 0.015, memory: 6155, loss_rpn_cls: 0.0104, loss_rpn_bbox: 0.0015, loss_cls: 0.0581, acc: 97.9043, loss_bbox: 0.0369, loss: 0.1069, grad_norm: 0.9827
2026-05-12 10:28:52,277 - mmdet - INFO - Epoch [243][150/186]	lr: 1.789e-03, eta: 1:17:44, time: 0.518, data_time: 0.013, memory: 6155, loss_rpn_cls: 0.0074, loss_rpn_bbox: 0.0018, loss_cls: 0.0556, acc: 97.8555, loss_bbox: 0.0359, loss: 0.1007, grad_norm: 0.9752
2026-05-12 10:29:40,673 - mmdet - INFO - Epoch [244][50/186]	lr: 1.730e-03, eta: 1:17:04, time: 0.592, data_time: 0.083, memory: 6155, loss_rpn_cls: 0.0106, loss_rpn_bbox: 0.0018, loss_cls: 0.0583, acc: 97.7949, loss_bbox: 0.0375, loss: 0.1081, grad_norm: 1.0657
2026-05-12 10:30:06,559 - mmdet - INFO - Epoch [244][100/186]	lr: 1.730e-03, eta: 1:16:43, time: 0.516, data_time: 0.013, memory: 6155, loss_rpn_cls: 0.0125, loss_rpn_bbox: 0.0022, loss_cls: 0.0572, acc: 97.8740, loss_bbox: 0.0349, loss: 0.1068, grad_norm: 1.0315
2026-05-12 10:30:32,664 - mmdet - INFO - Epoch [244][150/186]	lr: 1.730e-03, eta: 1:16:22, time: 0.524, data_time: 0.015, memory: 6155, loss_rpn_cls: 0.0140, loss_rpn_bbox: 0.0021, loss_cls: 0.0640, acc: 97.6064, loss_bbox: 0.0415, loss: 0.1216, grad_norm: 1.0543
2026-05-12 10:31:20,963 - mmdet - INFO - Epoch [245][50/186]	lr: 1.672e-03, eta: 1:15:43, time: 0.588, data_time: 0.083, memory: 6155, loss_rpn_cls: 0.0083, loss_rpn_bbox: 0.0015, loss_cls: 0.0498, acc: 98.1201, loss_bbox: 0.0305, loss: 0.0901, grad_norm: 0.9109
2026-05-12 10:31:46,798 - mmdet - INFO - Epoch [245][100/186]	lr: 1.672e-03, eta: 1:15:22, time: 0.519, data_time: 0.015, memory: 6155, loss_rpn_cls: 0.0129, loss_rpn_bbox: 0.0018, loss_cls: 0.0570, acc: 97.9316, loss_bbox: 0.0338, loss: 0.1056, grad_norm: 0.9817
2026-05-12 10:32:12,662 - mmdet - INFO - Epoch [245][150/186]	lr: 1.672e-03, eta: 1:15:01, time: 0.515, data_time: 0.013, memory: 6155, loss_rpn_cls: 0.0088, loss_rpn_bbox: 0.0019, loss_cls: 0.0559, acc: 97.9023, loss_bbox: 0.0361, loss: 0.1027, grad_norm: 0.9771
2026-05-12 10:33:00,910 - mmdet - INFO - Epoch [246][50/186]	lr: 1.614e-03, eta: 1:14:21, time: 0.590, data_time: 0.083, memory: 6155, loss_rpn_cls: 0.0085, loss_rpn_bbox: 0.0016, loss_cls: 0.0543, acc: 97.9580, loss_bbox: 0.0351, loss: 0.0995, grad_norm: 1.0105
2026-05-12 10:33:26,677 - mmdet - INFO - Epoch [246][100/186]	lr: 1.614e-03, eta: 1:14:00, time: 0.513, data_time: 0.013, memory: 6155, loss_rpn_cls: 0.0084, loss_rpn_bbox: 0.0013, loss_cls: 0.0470, acc: 98.2891, loss_bbox: 0.0280, loss: 0.0848, grad_norm: 1.0027
2026-05-12 10:33:52,668 - mmdet - INFO - Epoch [246][150/186]	lr: 1.614e-03, eta: 1:13:39, time: 0.522, data_time: 0.015, memory: 6155, loss_rpn_cls: 0.0109, loss_rpn_bbox: 0.0018, loss_cls: 0.0593, acc: 97.8027, loss_bbox: 0.0391, loss: 0.1112, grad_norm: 1.0256
2026-05-12 10:34:41,064 - mmdet - INFO - Epoch [247][50/186]	lr: 1.558e-03, eta: 1:13:00, time: 0.591, data_time: 0.084, memory: 6155, loss_rpn_cls: 0.0084, loss_rpn_bbox: 0.0014, loss_cls: 0.0504, acc: 98.0781, loss_bbox: 0.0323, loss: 0.0925, grad_norm: 0.8747
2026-05-12 10:35:06,917 - mmdet - INFO - Epoch [247][100/186]	lr: 1.558e-03, eta: 1:12:39, time: 0.519, data_time: 0.015, memory: 6155, loss_rpn_cls: 0.0111, loss_rpn_bbox: 0.0019, loss_cls: 0.0537, acc: 97.9746, loss_bbox: 0.0341, loss: 0.1007, grad_norm: 0.9362
