2026-05-07 20:43:11,575 - mmdet - INFO - Environment info:
------------------------------------------------------------
sys.platform: linux
Python: 3.7.16 (default, Jan 17 2023, 22:20:44) [GCC 11.2.0]
CUDA available: True
GPU 0: NVIDIA GeForce RTX 2080 Ti
CUDA_HOME: /usr
NVCC: Build cuda_11.5.r11.5/compiler.30672275_0
GCC: gcc (Ubuntu 11.4.0-1ubuntu1~22.04.3) 11.4.0
PyTorch: 1.7.1+cu110
PyTorch compiling details: PyTorch built with:
  - GCC 7.3
  - C++ Version: 201402
  - Intel(R) Math Kernel Library Version 2020.0.0 Product Build 20191122 for Intel(R) 64 architecture applications
  - Intel(R) MKL-DNN v1.6.0 (Git Hash 5ef631a030a6f73131c77892041042805a06064f)
  - OpenMP 201511 (a.k.a. OpenMP 4.5)
  - NNPACK is enabled
  - CPU capability usage: AVX2
  - CUDA Runtime 11.0
  - NVCC architecture flags: -gencode;arch=compute_37,code=sm_37;-gencode;arch=compute_50,code=sm_50;-gencode;arch=compute_60,code=sm_60;-gencode;arch=compute_70,code=sm_70;-gencode;arch=compute_75,code=sm_75;-gencode;arch=compute_80,code=sm_80
  - CuDNN 8.0.5
  - Magma 2.5.2
  - Build settings: BLAS=MKL, BUILD_TYPE=Release, CXX_FLAGS= -Wno-deprecated -fvisibility-inlines-hidden -DUSE_PTHREADPOOL -fopenmp -DNDEBUG -DUSE_FBGEMM -DUSE_QNNPACK -DUSE_PYTORCH_QNNPACK -DUSE_XNNPACK -DUSE_VULKAN_WRAPPER -O2 -fPIC -Wno-narrowing -Wall -Wextra -Werror=return-type -Wno-missing-field-initializers -Wno-type-limits -Wno-array-bounds -Wno-unknown-pragmas -Wno-sign-compare -Wno-unused-parameter -Wno-unused-variable -Wno-unused-function -Wno-unused-result -Wno-unused-local-typedefs -Wno-strict-overflow -Wno-strict-aliasing -Wno-error=deprecated-declarations -Wno-stringop-overflow -Wno-psabi -Wno-error=pedantic -Wno-error=redundant-decls -Wno-error=old-style-cast -fdiagnostics-color=always -faligned-new -Wno-unused-but-set-variable -Wno-maybe-uninitialized -fno-math-errno -fno-trapping-math -Werror=format -Wno-stringop-overflow, PERF_WITH_AVX=1, PERF_WITH_AVX2=1, PERF_WITH_AVX512=1, USE_CUDA=ON, USE_EXCEPTION_PTR=1, USE_GFLAGS=OFF, USE_GLOG=OFF, USE_MKL=ON, USE_MKLDNN=ON, USE_MPI=OFF, USE_NCCL=ON, USE_NNPACK=ON, USE_OPENMP=ON, 

TorchVision: 0.8.2+cu110
OpenCV: 4.13.0
MMCV: 1.3.17
MMCV Compiler: GCC 7.3
MMCV CUDA Compiler: 11.0
MMDetection: 2.23.0+2544401
------------------------------------------------------------

2026-05-07 20:43:12,753 - mmdet - INFO - Distributed training: True
2026-05-07 20:43:13,987 - mmdet - INFO - Config:
norm_cfg = dict(type='GN', num_groups=32, requires_grad=True)
model = dict(
    type='FasterRCNN',
    backbone=dict(
        type='SwinTransformer',
        embed_dims=96,
        depths=[2, 2, 6, 2],
        num_heads=[3, 6, 12, 24],
        window_size=7,
        mlp_ratio=4,
        qkv_bias=True,
        qk_scale=None,
        drop_rate=0.0,
        attn_drop_rate=0.0,
        drop_path_rate=0.2,
        patch_norm=True,
        out_indices=(0, 1, 2, 3),
        with_cp=False,
        convert_weights=True,
        init_cfg=dict(
            type='Pretrained', checkpoint='orcn-swin-t-dota-latest.pth')),
    neck=dict(
        type='FPN',
        in_channels=[96, 192, 384, 768],
        out_channels=256,
        num_outs=5),
    rpn_head=dict(
        type='RPNHead',
        in_channels=256,
        feat_channels=256,
        anchor_generator=dict(
            type='AnchorGenerator',
            scales=[8],
            ratios=[0.5, 1.0, 2.0],
            strides=[4, 8, 16, 32, 64]),
        bbox_coder=dict(
            type='DeltaXYWHBBoxCoder',
            target_means=[0.0, 0.0, 0.0, 0.0],
            target_stds=[1.0, 1.0, 1.0, 1.0]),
        loss_cls=dict(
            type='CrossEntropyLoss', use_sigmoid=True, loss_weight=1.0),
        loss_bbox=dict(type='SmoothL1Loss', loss_weight=1.0)),
    roi_head=dict(
        type='StandardRoIHead',
        bbox_roi_extractor=dict(
            type='SingleRoIExtractor',
            roi_layer=dict(type='RoIAlign', output_size=7, sampling_ratio=0),
            out_channels=256,
            featmap_strides=[4, 8, 16, 32]),
        bbox_head=dict(
            type='Shared4Conv1FCBBoxHead',
            conv_out_channels=256,
            norm_cfg=dict(type='GN', num_groups=32, requires_grad=True),
            in_channels=256,
            fc_out_channels=1024,
            roi_feat_size=7,
            num_classes=1,
            bbox_coder=dict(
                type='DeltaXYWHBBoxCoder',
                target_means=[0.0, 0.0, 0.0, 0.0],
                target_stds=[0.1, 0.1, 0.2, 0.2]),
            reg_class_agnostic=False,
            loss_cls=dict(
                type='CrossEntropyLoss', use_sigmoid=False, loss_weight=1.0),
            loss_bbox=dict(type='SmoothL1Loss', loss_weight=1.0))),
    train_cfg=dict(
        rpn=dict(
            assigner=dict(
                type='MaxIoUAssigner',
                pos_iou_thr=0.7,
                neg_iou_thr=0.3,
                min_pos_iou=0.3,
                match_low_quality=True,
                ignore_iof_thr=-1),
            sampler=dict(
                type='RandomSampler',
                num=256,
                pos_fraction=0.5,
                neg_pos_ub=-1,
                add_gt_as_proposals=False),
            allowed_border=-1,
            pos_weight=-1,
            debug=False),
        rpn_proposal=dict(
            nms_pre=2000,
            max_per_img=1000,
            nms=dict(type='nms', iou_threshold=0.7),
            min_bbox_size=0),
        rcnn=dict(
            assigner=dict(
                type='MaxIoUAssigner',
                pos_iou_thr=0.5,
                neg_iou_thr=0.5,
                min_pos_iou=0.5,
                match_low_quality=False,
                ignore_iof_thr=-1),
            sampler=dict(
                type='RandomSampler',
                num=512,
                pos_fraction=0.25,
                neg_pos_ub=-1,
                add_gt_as_proposals=True),
            pos_weight=-1,
            debug=False)),
    test_cfg=dict(
        rpn=dict(
            nms_pre=1000,
            max_per_img=1000,
            nms=dict(type='nms', iou_threshold=0.9),
            min_bbox_size=0),
        rcnn=dict(
            score_thr=0.01,
            nms=dict(type='soft_nms', iou_threshold=0.5, min_score=0.01),
            max_per_img=100)))
dataset_type = 'CocoDataset'
data_root = '/home/ahmadreza/Downloads/Research/M2SODAI/baseline_official/'
img_norm_cfg = dict(
    mean=[123.675, 116.28, 103.53], std=[58.395, 57.12, 57.375], to_rgb=True)
train_pipeline = [
    dict(type='LoadImageFromFile'),
    dict(type='LoadAnnotations', with_bbox=True),
    dict(type='Resize', img_scale=(640, 640), keep_ratio=True),
    dict(
        type='RandomFlip',
        flip_ratio=0.5,
        direction=['horizontal', 'vertical']),
    dict(
        type='Normalize',
        mean=[123.675, 116.28, 103.53],
        std=[58.395, 57.12, 57.375],
        to_rgb=True),
    dict(type='Pad', size_divisor=32),
    dict(type='DefaultFormatBundle'),
    dict(type='Collect', keys=['img', 'gt_bboxes', 'gt_labels'])
]
test_pipeline = [
    dict(type='LoadImageFromFile'),
    dict(
        type='MultiScaleFlipAug',
        img_scale=(640, 640),
        flip=False,
        transforms=[
            dict(type='Resize', keep_ratio=True),
            dict(type='RandomFlip'),
            dict(
                type='Normalize',
                mean=[123.675, 116.28, 103.53],
                std=[58.395, 57.12, 57.375],
                to_rgb=True),
            dict(type='Pad', size_divisor=32),
            dict(type='ImageToTensor', keys=['img']),
            dict(type='Collect', keys=['img'])
        ])
]
data = dict(
    samples_per_gpu=4,
    workers_per_gpu=4,
    train=dict(
        type='CocoDataset',
        ann_file=
        '/home/ahmadreza/Downloads/Research/M2SODAI/baseline_official/fold_2/train/annotations.json',
        img_prefix=
        '/home/ahmadreza/Downloads/Research/M2SODAI/baseline_official/fold_2/train/images/',
        classes=('ship', ),
        pipeline=[
            dict(type='LoadImageFromFile'),
            dict(type='LoadAnnotations', with_bbox=True),
            dict(type='Resize', img_scale=(640, 640), keep_ratio=True),
            dict(
                type='RandomFlip',
                flip_ratio=0.5,
                direction=['horizontal', 'vertical']),
            dict(
                type='Normalize',
                mean=[123.675, 116.28, 103.53],
                std=[58.395, 57.12, 57.375],
                to_rgb=True),
            dict(type='Pad', size_divisor=32),
            dict(type='DefaultFormatBundle'),
            dict(type='Collect', keys=['img', 'gt_bboxes', 'gt_labels'])
        ]),
    val=dict(
        type='CocoDataset',
        ann_file=
        '/home/ahmadreza/Downloads/Research/M2SODAI/baseline_official/fold_2/val/annotations.json',
        img_prefix=
        '/home/ahmadreza/Downloads/Research/M2SODAI/baseline_official/fold_2/val/images/',
        classes=('ship', ),
        pipeline=[
            dict(type='LoadImageFromFile'),
            dict(
                type='MultiScaleFlipAug',
                img_scale=(640, 640),
                flip=False,
                transforms=[
                    dict(type='Resize', keep_ratio=True),
                    dict(type='RandomFlip'),
                    dict(
                        type='Normalize',
                        mean=[123.675, 116.28, 103.53],
                        std=[58.395, 57.12, 57.375],
                        to_rgb=True),
                    dict(type='Pad', size_divisor=32),
                    dict(type='ImageToTensor', keys=['img']),
                    dict(type='Collect', keys=['img'])
                ])
        ]),
    test=dict(
        type='CocoDataset',
        ann_file=
        '/home/ahmadreza/Downloads/Research/M2SODAI/baseline_official/fold_2/val/annotations.json',
        img_prefix=
        '/home/ahmadreza/Downloads/Research/M2SODAI/baseline_official/fold_2/val/images/',
        classes=('ship', ),
        pipeline=[
            dict(type='LoadImageFromFile'),
            dict(
                type='MultiScaleFlipAug',
                img_scale=(640, 640),
                flip=False,
                transforms=[
                    dict(type='Resize', keep_ratio=True),
                    dict(type='RandomFlip'),
                    dict(
                        type='Normalize',
                        mean=[123.675, 116.28, 103.53],
                        std=[58.395, 57.12, 57.375],
                        to_rgb=True),
                    dict(type='Pad', size_divisor=32),
                    dict(type='ImageToTensor', keys=['img']),
                    dict(type='Collect', keys=['img'])
                ])
        ]))
optimizer = dict(type='AdamW', lr=0.0001, weight_decay=0.05)
optimizer_config = dict(grad_clip=None)
lr_config = dict(
    policy='step',
    warmup='linear',
    warmup_iters=500,
    warmup_ratio=0.001,
    step=[200, 250])
runner = dict(type='EpochBasedRunner', max_epochs=300)
evaluation = dict(interval=10, metric='bbox')
checkpoint_config = dict(interval=10, max_keep_ckpts=3)
log_config = dict(
    interval=50,
    hooks=[dict(type='TextLoggerHook'),
           dict(type='TensorboardLoggerHook')])
custom_hooks = [
    dict(
        type='EarlyStoppingHook',
        monitor='bbox_mAP',
        patience=5,
        min_delta=0.001)
]
dist_params = dict(backend='nccl')
log_level = 'INFO'
load_from = None
resume_from = None
workflow = [('train', 1)]
work_dir = '/home/ahmadreza/Downloads/Research/M2SODAI/baseline_official/runs_swin_hbb/swin_t_hbb_fold_2'
seed = 0
deterministic = True
auto_resume = False
gpu_ids = range(0, 1)

2026-05-07 20:43:13,988 - mmdet - INFO - Set random seed to 42, deterministic: False
2026-05-07 20:43:14,607 - mmdet - INFO - load checkpoint from local path: orcn-swin-t-dota-latest.pth
2026-05-07 20:43:15,246 - mmdet - INFO - initialize FPN with init_cfg {'type': 'Xavier', 'layer': 'Conv2d', 'distribution': 'uniform'}
2026-05-07 20:43:15,270 - mmdet - INFO - initialize RPNHead with init_cfg {'type': 'Normal', 'layer': 'Conv2d', 'std': 0.01}
2026-05-07 20:43:15,281 - mmdet - INFO - initialize Shared4Conv1FCBBoxHead with init_cfg [{'type': 'Normal', 'std': 0.01, 'override': {'name': 'fc_cls'}}, {'type': 'Normal', 'std': 0.001, 'override': {'name': 'fc_reg'}}, {'type': 'Xavier', 'distribution': 'uniform', 'override': [{'name': 'shared_fcs'}, {'name': 'cls_fcs'}, {'name': 'reg_fcs'}]}]
Name of parameter - Initialization information

backbone.patch_embed.projection.weight - torch.Size([96, 3, 4, 4]): 
Initialized by user-defined `init_weights` in SwinTransformer  

backbone.patch_embed.projection.bias - torch.Size([96]): 
Initialized by user-defined `init_weights` in SwinTransformer  

backbone.patch_embed.norm.weight - torch.Size([96]): 
Initialized by user-defined `init_weights` in SwinTransformer  

backbone.patch_embed.norm.bias - torch.Size([96]): 
Initialized by user-defined `init_weights` in SwinTransformer  

backbone.stages.0.blocks.0.norm1.weight - torch.Size([96]): 
Initialized by user-defined `init_weights` in SwinTransformer  

backbone.stages.0.blocks.0.norm1.bias - torch.Size([96]): 
Initialized by user-defined `init_weights` in SwinTransformer  

backbone.stages.0.blocks.0.attn.w_msa.relative_position_bias_table - torch.Size([169, 3]): 
Initialized by user-defined `init_weights` in SwinTransformer  

backbone.stages.0.blocks.0.attn.w_msa.qkv.weight - torch.Size([288, 96]): 
Initialized by user-defined `init_weights` in SwinTransformer  

backbone.stages.0.blocks.0.attn.w_msa.qkv.bias - torch.Size([288]): 
Initialized by user-defined `init_weights` in SwinTransformer  

backbone.stages.0.blocks.0.attn.w_msa.proj.weight - torch.Size([96, 96]): 
Initialized by user-defined `init_weights` in SwinTransformer  

backbone.stages.0.blocks.0.attn.w_msa.proj.bias - torch.Size([96]): 
Initialized by user-defined `init_weights` in SwinTransformer  

backbone.stages.0.blocks.0.norm2.weight - torch.Size([96]): 
Initialized by user-defined `init_weights` in SwinTransformer  

backbone.stages.0.blocks.0.norm2.bias - torch.Size([96]): 
Initialized by user-defined `init_weights` in SwinTransformer  

backbone.stages.0.blocks.0.ffn.layers.0.0.weight - torch.Size([384, 96]): 
Initialized by user-defined `init_weights` in SwinTransformer  

backbone.stages.0.blocks.0.ffn.layers.0.0.bias - torch.Size([384]): 
Initialized by user-defined `init_weights` in SwinTransformer  

backbone.stages.0.blocks.0.ffn.layers.1.weight - torch.Size([96, 384]): 
Initialized by user-defined `init_weights` in SwinTransformer  

backbone.stages.0.blocks.0.ffn.layers.1.bias - torch.Size([96]): 
Initialized by user-defined `init_weights` in SwinTransformer  

backbone.stages.0.blocks.1.norm1.weight - torch.Size([96]): 
Initialized by user-defined `init_weights` in SwinTransformer  

backbone.stages.0.blocks.1.norm1.bias - torch.Size([96]): 
Initialized by user-defined `init_weights` in SwinTransformer  

backbone.stages.0.blocks.1.attn.w_msa.relative_position_bias_table - torch.Size([169, 3]): 
Initialized by user-defined `init_weights` in SwinTransformer  

backbone.stages.0.blocks.1.attn.w_msa.qkv.weight - torch.Size([288, 96]): 
Initialized by user-defined `init_weights` in SwinTransformer  

backbone.stages.0.blocks.1.attn.w_msa.qkv.bias - torch.Size([288]): 
Initialized by user-defined `init_weights` in SwinTransformer  

backbone.stages.0.blocks.1.attn.w_msa.proj.weight - torch.Size([96, 96]): 
Initialized by user-defined `init_weights` in SwinTransformer  

backbone.stages.0.blocks.1.attn.w_msa.proj.bias - torch.Size([96]): 
Initialized by user-defined `init_weights` in SwinTransformer  

backbone.stages.0.blocks.1.norm2.weight - torch.Size([96]): 
Initialized by user-defined `init_weights` in SwinTransformer  

backbone.stages.0.blocks.1.norm2.bias - torch.Size([96]): 
Initialized by user-defined `init_weights` in SwinTransformer  

backbone.stages.0.blocks.1.ffn.layers.0.0.weight - torch.Size([384, 96]): 
Initialized by user-defined `init_weights` in SwinTransformer  

backbone.stages.0.blocks.1.ffn.layers.0.0.bias - torch.Size([384]): 
Initialized by user-defined `init_weights` in SwinTransformer  

backbone.stages.0.blocks.1.ffn.layers.1.weight - torch.Size([96, 384]): 
Initialized by user-defined `init_weights` in SwinTransformer  

backbone.stages.0.blocks.1.ffn.layers.1.bias - torch.Size([96]): 
Initialized by user-defined `init_weights` in SwinTransformer  

backbone.stages.0.downsample.norm.weight - torch.Size([384]): 
Initialized by user-defined `init_weights` in SwinTransformer  

backbone.stages.0.downsample.norm.bias - torch.Size([384]): 
Initialized by user-defined `init_weights` in SwinTransformer  

backbone.stages.0.downsample.reduction.weight - torch.Size([192, 384]): 
Initialized by user-defined `init_weights` in SwinTransformer  

backbone.stages.1.blocks.0.norm1.weight - torch.Size([192]): 
Initialized by user-defined `init_weights` in SwinTransformer  

backbone.stages.1.blocks.0.norm1.bias - torch.Size([192]): 
Initialized by user-defined `init_weights` in SwinTransformer  

backbone.stages.1.blocks.0.attn.w_msa.relative_position_bias_table - torch.Size([169, 6]): 
Initialized by user-defined `init_weights` in SwinTransformer  

backbone.stages.1.blocks.0.attn.w_msa.qkv.weight - torch.Size([576, 192]): 
Initialized by user-defined `init_weights` in SwinTransformer  

backbone.stages.1.blocks.0.attn.w_msa.qkv.bias - torch.Size([576]): 
Initialized by user-defined `init_weights` in SwinTransformer  

backbone.stages.1.blocks.0.attn.w_msa.proj.weight - torch.Size([192, 192]): 
Initialized by user-defined `init_weights` in SwinTransformer  

backbone.stages.1.blocks.0.attn.w_msa.proj.bias - torch.Size([192]): 
Initialized by user-defined `init_weights` in SwinTransformer  

backbone.stages.1.blocks.0.norm2.weight - torch.Size([192]): 
Initialized by user-defined `init_weights` in SwinTransformer  

backbone.stages.1.blocks.0.norm2.bias - torch.Size([192]): 
Initialized by user-defined `init_weights` in SwinTransformer  

backbone.stages.1.blocks.0.ffn.layers.0.0.weight - torch.Size([768, 192]): 
Initialized by user-defined `init_weights` in SwinTransformer  

backbone.stages.1.blocks.0.ffn.layers.0.0.bias - torch.Size([768]): 
Initialized by user-defined `init_weights` in SwinTransformer  

backbone.stages.1.blocks.0.ffn.layers.1.weight - torch.Size([192, 768]): 
Initialized by user-defined `init_weights` in SwinTransformer  

backbone.stages.1.blocks.0.ffn.layers.1.bias - torch.Size([192]): 
Initialized by user-defined `init_weights` in SwinTransformer  

backbone.stages.1.blocks.1.norm1.weight - torch.Size([192]): 
Initialized by user-defined `init_weights` in SwinTransformer  

backbone.stages.1.blocks.1.norm1.bias - torch.Size([192]): 
Initialized by user-defined `init_weights` in SwinTransformer  

backbone.stages.1.blocks.1.attn.w_msa.relative_position_bias_table - torch.Size([169, 6]): 
Initialized by user-defined `init_weights` in SwinTransformer  

backbone.stages.1.blocks.1.attn.w_msa.qkv.weight - torch.Size([576, 192]): 
Initialized by user-defined `init_weights` in SwinTransformer  

backbone.stages.1.blocks.1.attn.w_msa.qkv.bias - torch.Size([576]): 
Initialized by user-defined `init_weights` in SwinTransformer  

backbone.stages.1.blocks.1.attn.w_msa.proj.weight - torch.Size([192, 192]): 
Initialized by user-defined `init_weights` in SwinTransformer  

backbone.stages.1.blocks.1.attn.w_msa.proj.bias - torch.Size([192]): 
Initialized by user-defined `init_weights` in SwinTransformer  

backbone.stages.1.blocks.1.norm2.weight - torch.Size([192]): 
Initialized by user-defined `init_weights` in SwinTransformer  

backbone.stages.1.blocks.1.norm2.bias - torch.Size([192]): 
Initialized by user-defined `init_weights` in SwinTransformer  

backbone.stages.1.blocks.1.ffn.layers.0.0.weight - torch.Size([768, 192]): 
Initialized by user-defined `init_weights` in SwinTransformer  

backbone.stages.1.blocks.1.ffn.layers.0.0.bias - torch.Size([768]): 
Initialized by user-defined `init_weights` in SwinTransformer  

backbone.stages.1.blocks.1.ffn.layers.1.weight - torch.Size([192, 768]): 
Initialized by user-defined `init_weights` in SwinTransformer  

backbone.stages.1.blocks.1.ffn.layers.1.bias - torch.Size([192]): 
Initialized by user-defined `init_weights` in SwinTransformer  

backbone.stages.1.downsample.norm.weight - torch.Size([768]): 
Initialized by user-defined `init_weights` in SwinTransformer  

backbone.stages.1.downsample.norm.bias - torch.Size([768]): 
Initialized by user-defined `init_weights` in SwinTransformer  

backbone.stages.1.downsample.reduction.weight - torch.Size([384, 768]): 
Initialized by user-defined `init_weights` in SwinTransformer  

backbone.stages.2.blocks.0.norm1.weight - torch.Size([384]): 
Initialized by user-defined `init_weights` in SwinTransformer  

backbone.stages.2.blocks.0.norm1.bias - torch.Size([384]): 
Initialized by user-defined `init_weights` in SwinTransformer  

backbone.stages.2.blocks.0.attn.w_msa.relative_position_bias_table - torch.Size([169, 12]): 
Initialized by user-defined `init_weights` in SwinTransformer  

backbone.stages.2.blocks.0.attn.w_msa.qkv.weight - torch.Size([1152, 384]): 
Initialized by user-defined `init_weights` in SwinTransformer  

backbone.stages.2.blocks.0.attn.w_msa.qkv.bias - torch.Size([1152]): 
Initialized by user-defined `init_weights` in SwinTransformer  

backbone.stages.2.blocks.0.attn.w_msa.proj.weight - torch.Size([384, 384]): 
Initialized by user-defined `init_weights` in SwinTransformer  

backbone.stages.2.blocks.0.attn.w_msa.proj.bias - torch.Size([384]): 
Initialized by user-defined `init_weights` in SwinTransformer  

backbone.stages.2.blocks.0.norm2.weight - torch.Size([384]): 
Initialized by user-defined `init_weights` in SwinTransformer  

backbone.stages.2.blocks.0.norm2.bias - torch.Size([384]): 
Initialized by user-defined `init_weights` in SwinTransformer  

backbone.stages.2.blocks.0.ffn.layers.0.0.weight - torch.Size([1536, 384]): 
Initialized by user-defined `init_weights` in SwinTransformer  

backbone.stages.2.blocks.0.ffn.layers.0.0.bias - torch.Size([1536]): 
Initialized by user-defined `init_weights` in SwinTransformer  

backbone.stages.2.blocks.0.ffn.layers.1.weight - torch.Size([384, 1536]): 
Initialized by user-defined `init_weights` in SwinTransformer  

backbone.stages.2.blocks.0.ffn.layers.1.bias - torch.Size([384]): 
Initialized by user-defined `init_weights` in SwinTransformer  

backbone.stages.2.blocks.1.norm1.weight - torch.Size([384]): 
Initialized by user-defined `init_weights` in SwinTransformer  

backbone.stages.2.blocks.1.norm1.bias - torch.Size([384]): 
Initialized by user-defined `init_weights` in SwinTransformer  

backbone.stages.2.blocks.1.attn.w_msa.relative_position_bias_table - torch.Size([169, 12]): 
Initialized by user-defined `init_weights` in SwinTransformer  

backbone.stages.2.blocks.1.attn.w_msa.qkv.weight - torch.Size([1152, 384]): 
Initialized by user-defined `init_weights` in SwinTransformer  

backbone.stages.2.blocks.1.attn.w_msa.qkv.bias - torch.Size([1152]): 
Initialized by user-defined `init_weights` in SwinTransformer  

backbone.stages.2.blocks.1.attn.w_msa.proj.weight - torch.Size([384, 384]): 
Initialized by user-defined `init_weights` in SwinTransformer  

backbone.stages.2.blocks.1.attn.w_msa.proj.bias - torch.Size([384]): 
Initialized by user-defined `init_weights` in SwinTransformer  

backbone.stages.2.blocks.1.norm2.weight - torch.Size([384]): 
Initialized by user-defined `init_weights` in SwinTransformer  

backbone.stages.2.blocks.1.norm2.bias - torch.Size([384]): 
Initialized by user-defined `init_weights` in SwinTransformer  

backbone.stages.2.blocks.1.ffn.layers.0.0.weight - torch.Size([1536, 384]): 
Initialized by user-defined `init_weights` in SwinTransformer  

backbone.stages.2.blocks.1.ffn.layers.0.0.bias - torch.Size([1536]): 
Initialized by user-defined `init_weights` in SwinTransformer  

backbone.stages.2.blocks.1.ffn.layers.1.weight - torch.Size([384, 1536]): 
Initialized by user-defined `init_weights` in SwinTransformer  

backbone.stages.2.blocks.1.ffn.layers.1.bias - torch.Size([384]): 
Initialized by user-defined `init_weights` in SwinTransformer  

backbone.stages.2.blocks.2.norm1.weight - torch.Size([384]): 
Initialized by user-defined `init_weights` in SwinTransformer  

backbone.stages.2.blocks.2.norm1.bias - torch.Size([384]): 
Initialized by user-defined `init_weights` in SwinTransformer  

backbone.stages.2.blocks.2.attn.w_msa.relative_position_bias_table - torch.Size([169, 12]): 
Initialized by user-defined `init_weights` in SwinTransformer  

backbone.stages.2.blocks.2.attn.w_msa.qkv.weight - torch.Size([1152, 384]): 
Initialized by user-defined `init_weights` in SwinTransformer  

backbone.stages.2.blocks.2.attn.w_msa.qkv.bias - torch.Size([1152]): 
Initialized by user-defined `init_weights` in SwinTransformer  

backbone.stages.2.blocks.2.attn.w_msa.proj.weight - torch.Size([384, 384]): 
Initialized by user-defined `init_weights` in SwinTransformer  

backbone.stages.2.blocks.2.attn.w_msa.proj.bias - torch.Size([384]): 
Initialized by user-defined `init_weights` in SwinTransformer  

backbone.stages.2.blocks.2.norm2.weight - torch.Size([384]): 
Initialized by user-defined `init_weights` in SwinTransformer  

backbone.stages.2.blocks.2.norm2.bias - torch.Size([384]): 
Initialized by user-defined `init_weights` in SwinTransformer  

backbone.stages.2.blocks.2.ffn.layers.0.0.weight - torch.Size([1536, 384]): 
Initialized by user-defined `init_weights` in SwinTransformer  

backbone.stages.2.blocks.2.ffn.layers.0.0.bias - torch.Size([1536]): 
Initialized by user-defined `init_weights` in SwinTransformer  

backbone.stages.2.blocks.2.ffn.layers.1.weight - torch.Size([384, 1536]): 
Initialized by user-defined `init_weights` in SwinTransformer  

backbone.stages.2.blocks.2.ffn.layers.1.bias - torch.Size([384]): 
Initialized by user-defined `init_weights` in SwinTransformer  

backbone.stages.2.blocks.3.norm1.weight - torch.Size([384]): 
Initialized by user-defined `init_weights` in SwinTransformer  

backbone.stages.2.blocks.3.norm1.bias - torch.Size([384]): 
Initialized by user-defined `init_weights` in SwinTransformer  

backbone.stages.2.blocks.3.attn.w_msa.relative_position_bias_table - torch.Size([169, 12]): 
Initialized by user-defined `init_weights` in SwinTransformer  

backbone.stages.2.blocks.3.attn.w_msa.qkv.weight - torch.Size([1152, 384]): 
Initialized by user-defined `init_weights` in SwinTransformer  

backbone.stages.2.blocks.3.attn.w_msa.qkv.bias - torch.Size([1152]): 
Initialized by user-defined `init_weights` in SwinTransformer  

backbone.stages.2.blocks.3.attn.w_msa.proj.weight - torch.Size([384, 384]): 
Initialized by user-defined `init_weights` in SwinTransformer  

backbone.stages.2.blocks.3.attn.w_msa.proj.bias - torch.Size([384]): 
Initialized by user-defined `init_weights` in SwinTransformer  

backbone.stages.2.blocks.3.norm2.weight - torch.Size([384]): 
Initialized by user-defined `init_weights` in SwinTransformer  

backbone.stages.2.blocks.3.norm2.bias - torch.Size([384]): 
Initialized by user-defined `init_weights` in SwinTransformer  

backbone.stages.2.blocks.3.ffn.layers.0.0.weight - torch.Size([1536, 384]): 
Initialized by user-defined `init_weights` in SwinTransformer  

backbone.stages.2.blocks.3.ffn.layers.0.0.bias - torch.Size([1536]): 
Initialized by user-defined `init_weights` in SwinTransformer  

backbone.stages.2.blocks.3.ffn.layers.1.weight - torch.Size([384, 1536]): 
Initialized by user-defined `init_weights` in SwinTransformer  

backbone.stages.2.blocks.3.ffn.layers.1.bias - torch.Size([384]): 
Initialized by user-defined `init_weights` in SwinTransformer  

backbone.stages.2.blocks.4.norm1.weight - torch.Size([384]): 
Initialized by user-defined `init_weights` in SwinTransformer  

backbone.stages.2.blocks.4.norm1.bias - torch.Size([384]): 
Initialized by user-defined `init_weights` in SwinTransformer  

backbone.stages.2.blocks.4.attn.w_msa.relative_position_bias_table - torch.Size([169, 12]): 
Initialized by user-defined `init_weights` in SwinTransformer  

backbone.stages.2.blocks.4.attn.w_msa.qkv.weight - torch.Size([1152, 384]): 
Initialized by user-defined `init_weights` in SwinTransformer  

backbone.stages.2.blocks.4.attn.w_msa.qkv.bias - torch.Size([1152]): 
Initialized by user-defined `init_weights` in SwinTransformer  

backbone.stages.2.blocks.4.attn.w_msa.proj.weight - torch.Size([384, 384]): 
Initialized by user-defined `init_weights` in SwinTransformer  

backbone.stages.2.blocks.4.attn.w_msa.proj.bias - torch.Size([384]): 
Initialized by user-defined `init_weights` in SwinTransformer  

backbone.stages.2.blocks.4.norm2.weight - torch.Size([384]): 
Initialized by user-defined `init_weights` in SwinTransformer  

backbone.stages.2.blocks.4.norm2.bias - torch.Size([384]): 
Initialized by user-defined `init_weights` in SwinTransformer  

backbone.stages.2.blocks.4.ffn.layers.0.0.weight - torch.Size([1536, 384]): 
Initialized by user-defined `init_weights` in SwinTransformer  

backbone.stages.2.blocks.4.ffn.layers.0.0.bias - torch.Size([1536]): 
Initialized by user-defined `init_weights` in SwinTransformer  

backbone.stages.2.blocks.4.ffn.layers.1.weight - torch.Size([384, 1536]): 
Initialized by user-defined `init_weights` in SwinTransformer  

backbone.stages.2.blocks.4.ffn.layers.1.bias - torch.Size([384]): 
Initialized by user-defined `init_weights` in SwinTransformer  

backbone.stages.2.blocks.5.norm1.weight - torch.Size([384]): 
Initialized by user-defined `init_weights` in SwinTransformer  

backbone.stages.2.blocks.5.norm1.bias - torch.Size([384]): 
Initialized by user-defined `init_weights` in SwinTransformer  

backbone.stages.2.blocks.5.attn.w_msa.relative_position_bias_table - torch.Size([169, 12]): 
Initialized by user-defined `init_weights` in SwinTransformer  

backbone.stages.2.blocks.5.attn.w_msa.qkv.weight - torch.Size([1152, 384]): 
Initialized by user-defined `init_weights` in SwinTransformer  

backbone.stages.2.blocks.5.attn.w_msa.qkv.bias - torch.Size([1152]): 
Initialized by user-defined `init_weights` in SwinTransformer  

backbone.stages.2.blocks.5.attn.w_msa.proj.weight - torch.Size([384, 384]): 
Initialized by user-defined `init_weights` in SwinTransformer  

backbone.stages.2.blocks.5.attn.w_msa.proj.bias - torch.Size([384]): 
Initialized by user-defined `init_weights` in SwinTransformer  

backbone.stages.2.blocks.5.norm2.weight - torch.Size([384]): 
Initialized by user-defined `init_weights` in SwinTransformer  

backbone.stages.2.blocks.5.norm2.bias - torch.Size([384]): 
Initialized by user-defined `init_weights` in SwinTransformer  

backbone.stages.2.blocks.5.ffn.layers.0.0.weight - torch.Size([1536, 384]): 
Initialized by user-defined `init_weights` in SwinTransformer  

backbone.stages.2.blocks.5.ffn.layers.0.0.bias - torch.Size([1536]): 
Initialized by user-defined `init_weights` in SwinTransformer  

backbone.stages.2.blocks.5.ffn.layers.1.weight - torch.Size([384, 1536]): 
Initialized by user-defined `init_weights` in SwinTransformer  

backbone.stages.2.blocks.5.ffn.layers.1.bias - torch.Size([384]): 
Initialized by user-defined `init_weights` in SwinTransformer  

backbone.stages.2.downsample.norm.weight - torch.Size([1536]): 
Initialized by user-defined `init_weights` in SwinTransformer  

backbone.stages.2.downsample.norm.bias - torch.Size([1536]): 
Initialized by user-defined `init_weights` in SwinTransformer  

backbone.stages.2.downsample.reduction.weight - torch.Size([768, 1536]): 
Initialized by user-defined `init_weights` in SwinTransformer  

backbone.stages.3.blocks.0.norm1.weight - torch.Size([768]): 
Initialized by user-defined `init_weights` in SwinTransformer  

backbone.stages.3.blocks.0.norm1.bias - torch.Size([768]): 
Initialized by user-defined `init_weights` in SwinTransformer  

backbone.stages.3.blocks.0.attn.w_msa.relative_position_bias_table - torch.Size([169, 24]): 
Initialized by user-defined `init_weights` in SwinTransformer  

backbone.stages.3.blocks.0.attn.w_msa.qkv.weight - torch.Size([2304, 768]): 
Initialized by user-defined `init_weights` in SwinTransformer  

backbone.stages.3.blocks.0.attn.w_msa.qkv.bias - torch.Size([2304]): 
Initialized by user-defined `init_weights` in SwinTransformer  

backbone.stages.3.blocks.0.attn.w_msa.proj.weight - torch.Size([768, 768]): 
Initialized by user-defined `init_weights` in SwinTransformer  

backbone.stages.3.blocks.0.attn.w_msa.proj.bias - torch.Size([768]): 
Initialized by user-defined `init_weights` in SwinTransformer  

backbone.stages.3.blocks.0.norm2.weight - torch.Size([768]): 
Initialized by user-defined `init_weights` in SwinTransformer  

backbone.stages.3.blocks.0.norm2.bias - torch.Size([768]): 
Initialized by user-defined `init_weights` in SwinTransformer  

backbone.stages.3.blocks.0.ffn.layers.0.0.weight - torch.Size([3072, 768]): 
Initialized by user-defined `init_weights` in SwinTransformer  

backbone.stages.3.blocks.0.ffn.layers.0.0.bias - torch.Size([3072]): 
Initialized by user-defined `init_weights` in SwinTransformer  

backbone.stages.3.blocks.0.ffn.layers.1.weight - torch.Size([768, 3072]): 
Initialized by user-defined `init_weights` in SwinTransformer  

backbone.stages.3.blocks.0.ffn.layers.1.bias - torch.Size([768]): 
Initialized by user-defined `init_weights` in SwinTransformer  

backbone.stages.3.blocks.1.norm1.weight - torch.Size([768]): 
Initialized by user-defined `init_weights` in SwinTransformer  

backbone.stages.3.blocks.1.norm1.bias - torch.Size([768]): 
Initialized by user-defined `init_weights` in SwinTransformer  

backbone.stages.3.blocks.1.attn.w_msa.relative_position_bias_table - torch.Size([169, 24]): 
Initialized by user-defined `init_weights` in SwinTransformer  

backbone.stages.3.blocks.1.attn.w_msa.qkv.weight - torch.Size([2304, 768]): 
Initialized by user-defined `init_weights` in SwinTransformer  

backbone.stages.3.blocks.1.attn.w_msa.qkv.bias - torch.Size([2304]): 
Initialized by user-defined `init_weights` in SwinTransformer  

backbone.stages.3.blocks.1.attn.w_msa.proj.weight - torch.Size([768, 768]): 
Initialized by user-defined `init_weights` in SwinTransformer  

backbone.stages.3.blocks.1.attn.w_msa.proj.bias - torch.Size([768]): 
Initialized by user-defined `init_weights` in SwinTransformer  

backbone.stages.3.blocks.1.norm2.weight - torch.Size([768]): 
Initialized by user-defined `init_weights` in SwinTransformer  

backbone.stages.3.blocks.1.norm2.bias - torch.Size([768]): 
Initialized by user-defined `init_weights` in SwinTransformer  

backbone.stages.3.blocks.1.ffn.layers.0.0.weight - torch.Size([3072, 768]): 
Initialized by user-defined `init_weights` in SwinTransformer  

backbone.stages.3.blocks.1.ffn.layers.0.0.bias - torch.Size([3072]): 
Initialized by user-defined `init_weights` in SwinTransformer  

backbone.stages.3.blocks.1.ffn.layers.1.weight - torch.Size([768, 3072]): 
Initialized by user-defined `init_weights` in SwinTransformer  

backbone.stages.3.blocks.1.ffn.layers.1.bias - torch.Size([768]): 
Initialized by user-defined `init_weights` in SwinTransformer  

backbone.norm0.weight - torch.Size([96]): 
Initialized by user-defined `init_weights` in SwinTransformer  

backbone.norm0.bias - torch.Size([96]): 
Initialized by user-defined `init_weights` in SwinTransformer  

backbone.norm1.weight - torch.Size([192]): 
Initialized by user-defined `init_weights` in SwinTransformer  

backbone.norm1.bias - torch.Size([192]): 
Initialized by user-defined `init_weights` in SwinTransformer  

backbone.norm2.weight - torch.Size([384]): 
Initialized by user-defined `init_weights` in SwinTransformer  

backbone.norm2.bias - torch.Size([384]): 
Initialized by user-defined `init_weights` in SwinTransformer  

backbone.norm3.weight - torch.Size([768]): 
Initialized by user-defined `init_weights` in SwinTransformer  

backbone.norm3.bias - torch.Size([768]): 
Initialized by user-defined `init_weights` in SwinTransformer  

neck.lateral_convs.0.conv.weight - torch.Size([256, 96, 1, 1]): 
XavierInit: gain=1, distribution=uniform, bias=0 

neck.lateral_convs.0.conv.bias - torch.Size([256]): 
The value is the same before and after calling `init_weights` of FasterRCNN  

neck.lateral_convs.1.conv.weight - torch.Size([256, 192, 1, 1]): 
XavierInit: gain=1, distribution=uniform, bias=0 

neck.lateral_convs.1.conv.bias - torch.Size([256]): 
The value is the same before and after calling `init_weights` of FasterRCNN  

neck.lateral_convs.2.conv.weight - torch.Size([256, 384, 1, 1]): 
XavierInit: gain=1, distribution=uniform, bias=0 

neck.lateral_convs.2.conv.bias - torch.Size([256]): 
The value is the same before and after calling `init_weights` of FasterRCNN  

neck.lateral_convs.3.conv.weight - torch.Size([256, 768, 1, 1]): 
XavierInit: gain=1, distribution=uniform, bias=0 

neck.lateral_convs.3.conv.bias - torch.Size([256]): 
The value is the same before and after calling `init_weights` of FasterRCNN  

neck.fpn_convs.0.conv.weight - torch.Size([256, 256, 3, 3]): 
XavierInit: gain=1, distribution=uniform, bias=0 

neck.fpn_convs.0.conv.bias - torch.Size([256]): 
The value is the same before and after calling `init_weights` of FasterRCNN  

neck.fpn_convs.1.conv.weight - torch.Size([256, 256, 3, 3]): 
XavierInit: gain=1, distribution=uniform, bias=0 

neck.fpn_convs.1.conv.bias - torch.Size([256]): 
The value is the same before and after calling `init_weights` of FasterRCNN  

neck.fpn_convs.2.conv.weight - torch.Size([256, 256, 3, 3]): 
XavierInit: gain=1, distribution=uniform, bias=0 

neck.fpn_convs.2.conv.bias - torch.Size([256]): 
The value is the same before and after calling `init_weights` of FasterRCNN  

neck.fpn_convs.3.conv.weight - torch.Size([256, 256, 3, 3]): 
XavierInit: gain=1, distribution=uniform, bias=0 

neck.fpn_convs.3.conv.bias - torch.Size([256]): 
The value is the same before and after calling `init_weights` of FasterRCNN  

rpn_head.rpn_conv.weight - torch.Size([256, 256, 3, 3]): 
NormalInit: mean=0, std=0.01, bias=0 

rpn_head.rpn_conv.bias - torch.Size([256]): 
NormalInit: mean=0, std=0.01, bias=0 

rpn_head.rpn_cls.weight - torch.Size([3, 256, 1, 1]): 
NormalInit: mean=0, std=0.01, bias=0 

rpn_head.rpn_cls.bias - torch.Size([3]): 
NormalInit: mean=0, std=0.01, bias=0 

rpn_head.rpn_reg.weight - torch.Size([12, 256, 1, 1]): 
NormalInit: mean=0, std=0.01, bias=0 

rpn_head.rpn_reg.bias - torch.Size([12]): 
NormalInit: mean=0, std=0.01, bias=0 

roi_head.bbox_head.fc_cls.weight - torch.Size([2, 1024]): 
NormalInit: mean=0, std=0.01, bias=0 

roi_head.bbox_head.fc_cls.bias - torch.Size([2]): 
NormalInit: mean=0, std=0.01, bias=0 

roi_head.bbox_head.fc_reg.weight - torch.Size([4, 1024]): 
NormalInit: mean=0, std=0.001, bias=0 

roi_head.bbox_head.fc_reg.bias - torch.Size([4]): 
NormalInit: mean=0, std=0.001, bias=0 

roi_head.bbox_head.shared_convs.0.conv.weight - torch.Size([256, 256, 3, 3]): 
The value is the same before and after calling `init_weights` of FasterRCNN  

roi_head.bbox_head.shared_convs.0.gn.weight - torch.Size([256]): 
The value is the same before and after calling `init_weights` of FasterRCNN  

roi_head.bbox_head.shared_convs.0.gn.bias - torch.Size([256]): 
The value is the same before and after calling `init_weights` of FasterRCNN  

roi_head.bbox_head.shared_convs.1.conv.weight - torch.Size([256, 256, 3, 3]): 
The value is the same before and after calling `init_weights` of FasterRCNN  

roi_head.bbox_head.shared_convs.1.gn.weight - torch.Size([256]): 
The value is the same before and after calling `init_weights` of FasterRCNN  

roi_head.bbox_head.shared_convs.1.gn.bias - torch.Size([256]): 
The value is the same before and after calling `init_weights` of FasterRCNN  

roi_head.bbox_head.shared_convs.2.conv.weight - torch.Size([256, 256, 3, 3]): 
The value is the same before and after calling `init_weights` of FasterRCNN  

roi_head.bbox_head.shared_convs.2.gn.weight - torch.Size([256]): 
The value is the same before and after calling `init_weights` of FasterRCNN  

roi_head.bbox_head.shared_convs.2.gn.bias - torch.Size([256]): 
The value is the same before and after calling `init_weights` of FasterRCNN  

roi_head.bbox_head.shared_convs.3.conv.weight - torch.Size([256, 256, 3, 3]): 
The value is the same before and after calling `init_weights` of FasterRCNN  

roi_head.bbox_head.shared_convs.3.gn.weight - torch.Size([256]): 
The value is the same before and after calling `init_weights` of FasterRCNN  

roi_head.bbox_head.shared_convs.3.gn.bias - torch.Size([256]): 
The value is the same before and after calling `init_weights` of FasterRCNN  

roi_head.bbox_head.shared_fcs.0.weight - torch.Size([1024, 12544]): 
XavierInit: gain=1, distribution=uniform, bias=0 

roi_head.bbox_head.shared_fcs.0.bias - torch.Size([1024]): 
XavierInit: gain=1, distribution=uniform, bias=0 
2026-05-07 20:43:15,812 - mmdet - INFO - Start running, host: ahmadreza@quartz, work_dir: /home/ahmadreza/Downloads/Research/M2SODAI/baseline_official/runs_swin_hbb/swin_t_hbb_fold_2
2026-05-07 20:43:15,813 - mmdet - INFO - Hooks will be executed in the following order:
before_run:
(VERY_HIGH   ) StepLrUpdaterHook                  
(NORMAL      ) CheckpointHook                     
(LOW         ) DistEvalHook                       
(VERY_LOW    ) TextLoggerHook                     
(VERY_LOW    ) TensorboardLoggerHook              
 -------------------- 
before_train_epoch:
(VERY_HIGH   ) StepLrUpdaterHook                  
(NORMAL      ) DistSamplerSeedHook                
(LOW         ) IterTimerHook                      
(LOW         ) DistEvalHook                       
(VERY_LOW    ) TextLoggerHook                     
(VERY_LOW    ) TensorboardLoggerHook              
 -------------------- 
before_train_iter:
(VERY_HIGH   ) StepLrUpdaterHook                  
(LOW         ) IterTimerHook                      
(LOW         ) DistEvalHook                       
 -------------------- 
after_train_iter:
(ABOVE_NORMAL) OptimizerHook                      
(NORMAL      ) CheckpointHook                     
(LOW         ) IterTimerHook                      
(LOW         ) DistEvalHook                       
(VERY_LOW    ) TextLoggerHook                     
(VERY_LOW    ) TensorboardLoggerHook              
 -------------------- 
after_train_epoch:
(NORMAL      ) CheckpointHook                     
(NORMAL      ) EarlyStoppingHook                  
(LOW         ) DistEvalHook                       
(VERY_LOW    ) TextLoggerHook                     
(VERY_LOW    ) TensorboardLoggerHook              
 -------------------- 
before_val_epoch:
(NORMAL      ) DistSamplerSeedHook                
(LOW         ) IterTimerHook                      
(VERY_LOW    ) TextLoggerHook                     
(VERY_LOW    ) TensorboardLoggerHook              
 -------------------- 
before_val_iter:
(LOW         ) IterTimerHook                      
 -------------------- 
after_val_iter:
(LOW         ) IterTimerHook                      
 -------------------- 
after_val_epoch:
(VERY_LOW    ) TextLoggerHook                     
(VERY_LOW    ) TensorboardLoggerHook              
 -------------------- 
after_run:
(VERY_LOW    ) TextLoggerHook                     
(VERY_LOW    ) TensorboardLoggerHook              
 -------------------- 
2026-05-07 20:43:15,813 - mmdet - INFO - workflow: [('train', 1)], max: 300 epochs
2026-05-07 20:43:15,813 - mmdet - INFO - Checkpoints will be saved to /home/ahmadreza/Downloads/Research/M2SODAI/baseline_official/runs_swin_hbb/swin_t_hbb_fold_2 by HardDiskBackend.
2026-05-07 20:43:49,569 - mmdet - INFO - Epoch [1][50/101]	lr: 9.890e-06, eta: 5:39:32, time: 0.673, data_time: 0.066, memory: 7275, loss_rpn_cls: 0.6339, loss_rpn_bbox: 0.0123, loss_cls: 0.2914, acc: 95.3486, loss_bbox: 0.0514, loss: 0.9890
2026-05-07 20:44:20,783 - mmdet - INFO - Epoch [1][100/101]	lr: 1.988e-05, eta: 5:26:36, time: 0.624, data_time: 0.012, memory: 7275, loss_rpn_cls: 0.2973, loss_rpn_bbox: 0.0124, loss_cls: 0.1905, acc: 93.9551, loss_bbox: 0.1286, loss: 0.6288
2026-05-07 20:44:55,226 - mmdet - INFO - Epoch [2][50/101]	lr: 3.007e-05, eta: 5:27:54, time: 0.673, data_time: 0.065, memory: 7275, loss_rpn_cls: 0.1003, loss_rpn_bbox: 0.0110, loss_cls: 0.2247, acc: 91.6025, loss_bbox: 0.1931, loss: 0.5290
2026-05-07 20:45:26,179 - mmdet - INFO - Epoch [2][100/101]	lr: 4.006e-05, eta: 5:23:11, time: 0.619, data_time: 0.013, memory: 7275, loss_rpn_cls: 0.0699, loss_rpn_bbox: 0.0102, loss_cls: 0.1923, acc: 92.7373, loss_bbox: 0.1640, loss: 0.4365
2026-05-07 20:46:00,635 - mmdet - INFO - Epoch [3][50/101]	lr: 5.025e-05, eta: 5:24:13, time: 0.673, data_time: 0.065, memory: 7275, loss_rpn_cls: 0.0569, loss_rpn_bbox: 0.0091, loss_cls: 0.2127, acc: 91.4180, loss_bbox: 0.1921, loss: 0.4708
2026-05-07 20:46:31,625 - mmdet - INFO - Epoch [3][100/101]	lr: 6.024e-05, eta: 5:21:23, time: 0.620, data_time: 0.013, memory: 7275, loss_rpn_cls: 0.0471, loss_rpn_bbox: 0.0081, loss_cls: 0.2186, acc: 90.8691, loss_bbox: 0.1959, loss: 0.4696
2026-05-07 20:47:06,265 - mmdet - INFO - Epoch [4][50/101]	lr: 7.043e-05, eta: 5:22:20, time: 0.677, data_time: 0.066, memory: 7275, loss_rpn_cls: 0.0417, loss_rpn_bbox: 0.0086, loss_cls: 0.2296, acc: 90.1172, loss_bbox: 0.2197, loss: 0.4996
2026-05-07 20:47:37,254 - mmdet - INFO - Epoch [4][100/101]	lr: 8.042e-05, eta: 5:20:12, time: 0.620, data_time: 0.013, memory: 7275, loss_rpn_cls: 0.0372, loss_rpn_bbox: 0.0065, loss_cls: 0.2112, acc: 91.0195, loss_bbox: 0.1818, loss: 0.4367
2026-05-07 20:48:11,747 - mmdet - INFO - Epoch [5][50/101]	lr: 9.061e-05, eta: 5:20:39, time: 0.674, data_time: 0.065, memory: 7275, loss_rpn_cls: 0.0346, loss_rpn_bbox: 0.0079, loss_cls: 0.2134, acc: 90.8271, loss_bbox: 0.1981, loss: 0.4540
2026-05-07 20:48:42,718 - mmdet - INFO - Epoch [5][100/101]	lr: 1.000e-04, eta: 5:18:53, time: 0.619, data_time: 0.013, memory: 7275, loss_rpn_cls: 0.0348, loss_rpn_bbox: 0.0068, loss_cls: 0.2045, acc: 91.3330, loss_bbox: 0.1809, loss: 0.4270
2026-05-07 20:49:17,312 - mmdet - INFO - Epoch [6][50/101]	lr: 1.000e-04, eta: 5:19:14, time: 0.675, data_time: 0.066, memory: 7275, loss_rpn_cls: 0.0267, loss_rpn_bbox: 0.0069, loss_cls: 0.2057, acc: 91.0322, loss_bbox: 0.1877, loss: 0.4270
2026-05-07 20:49:48,266 - mmdet - INFO - Epoch [6][100/101]	lr: 1.000e-04, eta: 5:17:41, time: 0.619, data_time: 0.013, memory: 7275, loss_rpn_cls: 0.0278, loss_rpn_bbox: 0.0053, loss_cls: 0.1871, acc: 91.8633, loss_bbox: 0.1669, loss: 0.3870
2026-05-07 20:50:22,730 - mmdet - INFO - Epoch [7][50/101]	lr: 1.000e-04, eta: 5:17:50, time: 0.673, data_time: 0.065, memory: 7275, loss_rpn_cls: 0.0262, loss_rpn_bbox: 0.0045, loss_cls: 0.1800, acc: 92.3467, loss_bbox: 0.1550, loss: 0.3657
2026-05-07 20:50:53,759 - mmdet - INFO - Epoch [7][100/101]	lr: 1.000e-04, eta: 5:16:31, time: 0.621, data_time: 0.013, memory: 7275, loss_rpn_cls: 0.0246, loss_rpn_bbox: 0.0066, loss_cls: 0.2014, acc: 91.1201, loss_bbox: 0.1790, loss: 0.4116
2026-05-07 20:51:28,265 - mmdet - INFO - Epoch [8][50/101]	lr: 1.000e-04, eta: 5:16:36, time: 0.674, data_time: 0.065, memory: 7275, loss_rpn_cls: 0.0186, loss_rpn_bbox: 0.0064, loss_cls: 0.1687, acc: 92.7852, loss_bbox: 0.1480, loss: 0.3418
2026-05-07 20:51:59,247 - mmdet - INFO - Epoch [8][100/101]	lr: 1.000e-04, eta: 5:15:21, time: 0.620, data_time: 0.013, memory: 7275, loss_rpn_cls: 0.0243, loss_rpn_bbox: 0.0054, loss_cls: 0.1837, acc: 92.2266, loss_bbox: 0.1605, loss: 0.3739
2026-05-07 20:52:33,809 - mmdet - INFO - Epoch [9][50/101]	lr: 1.000e-04, eta: 5:15:24, time: 0.675, data_time: 0.065, memory: 7275, loss_rpn_cls: 0.0183, loss_rpn_bbox: 0.0058, loss_cls: 0.1717, acc: 92.5430, loss_bbox: 0.1511, loss: 0.3469
2026-05-07 20:53:04,771 - mmdet - INFO - Epoch [9][100/101]	lr: 1.000e-04, eta: 5:14:14, time: 0.619, data_time: 0.013, memory: 7275, loss_rpn_cls: 0.0173, loss_rpn_bbox: 0.0046, loss_cls: 0.1616, acc: 93.1914, loss_bbox: 0.1409, loss: 0.3244
2026-05-07 20:53:39,228 - mmdet - INFO - Epoch [10][50/101]	lr: 1.000e-04, eta: 5:14:10, time: 0.673, data_time: 0.065, memory: 7275, loss_rpn_cls: 0.0157, loss_rpn_bbox: 0.0055, loss_cls: 0.1697, acc: 92.7227, loss_bbox: 0.1508, loss: 0.3417
2026-05-07 20:54:10,154 - mmdet - INFO - Epoch [10][100/101]	lr: 1.000e-04, eta: 5:13:03, time: 0.619, data_time: 0.013, memory: 7275, loss_rpn_cls: 0.0148, loss_rpn_bbox: 0.0043, loss_cls: 0.1557, acc: 93.3340, loss_bbox: 0.1353, loss: 0.3101
2026-05-07 20:54:10,941 - mmdet - INFO - Saving checkpoint at 10 epochs
2026-05-07 20:54:50,988 - mmdet - INFO - Evaluating bbox...
2026-05-07 20:54:56,144 - mmdet - INFO - 
 Average Precision  (AP) @[ IoU=0.50:0.95 | area=   all | maxDets=100 ] = 0.272
 Average Precision  (AP) @[ IoU=0.50      | area=   all | maxDets=1000 ] = 0.639
 Average Precision  (AP) @[ IoU=0.75      | area=   all | maxDets=1000 ] = 0.173
 Average Precision  (AP) @[ IoU=0.50:0.95 | area= small | maxDets=1000 ] = 0.040
 Average Precision  (AP) @[ IoU=0.50:0.95 | area=medium | maxDets=1000 ] = 0.231
 Average Precision  (AP) @[ IoU=0.50:0.95 | area= large | maxDets=1000 ] = 0.354
 Average Recall     (AR) @[ IoU=0.50:0.95 | area=   all | maxDets=100 ] = 0.435
 Average Recall     (AR) @[ IoU=0.50:0.95 | area=   all | maxDets=300 ] = 0.435
 Average Recall     (AR) @[ IoU=0.50:0.95 | area=   all | maxDets=1000 ] = 0.435
 Average Recall     (AR) @[ IoU=0.50:0.95 | area= small | maxDets=1000 ] = 0.037
 Average Recall     (AR) @[ IoU=0.50:0.95 | area=medium | maxDets=1000 ] = 0.384
 Average Recall     (AR) @[ IoU=0.50:0.95 | area= large | maxDets=1000 ] = 0.537

2026-05-07 20:54:56,154 - mmdet - INFO - Exp name: fold_2_swin_t_3x_hbb.py
2026-05-07 20:54:56,155 - mmdet - INFO - Epoch(val) [10][371]	bbox_mAP: 0.2720, bbox_mAP_50: 0.6390, bbox_mAP_75: 0.1730, bbox_mAP_s: 0.0400, bbox_mAP_m: 0.2310, bbox_mAP_l: 0.3540, bbox_mAP_copypaste: 0.272 0.639 0.173 0.040 0.231 0.354
2026-05-07 20:55:29,642 - mmdet - INFO - Epoch [11][50/101]	lr: 1.000e-04, eta: 5:12:52, time: 0.669, data_time: 0.066, memory: 7275, loss_rpn_cls: 0.0132, loss_rpn_bbox: 0.0045, loss_cls: 0.1692, acc: 92.6777, loss_bbox: 0.1484, loss: 0.3354
2026-05-07 20:56:00,527 - mmdet - INFO - Epoch [11][100/101]	lr: 1.000e-04, eta: 5:11:48, time: 0.618, data_time: 0.013, memory: 7275, loss_rpn_cls: 0.0128, loss_rpn_bbox: 0.0048, loss_cls: 0.1514, acc: 93.5820, loss_bbox: 0.1285, loss: 0.2975
2026-05-07 20:56:34,940 - mmdet - INFO - Epoch [12][50/101]	lr: 1.000e-04, eta: 5:11:39, time: 0.672, data_time: 0.066, memory: 7275, loss_rpn_cls: 0.0130, loss_rpn_bbox: 0.0046, loss_cls: 0.1546, acc: 93.4170, loss_bbox: 0.1255, loss: 0.2978
2026-05-07 20:57:05,935 - mmdet - INFO - Epoch [12][100/101]	lr: 1.000e-04, eta: 5:10:40, time: 0.620, data_time: 0.013, memory: 7275, loss_rpn_cls: 0.0138, loss_rpn_bbox: 0.0043, loss_cls: 0.1582, acc: 93.1512, loss_bbox: 0.1324, loss: 0.3087
2026-05-07 20:57:40,396 - mmdet - INFO - Epoch [13][50/101]	lr: 1.000e-04, eta: 5:10:30, time: 0.673, data_time: 0.066, memory: 7275, loss_rpn_cls: 0.0131, loss_rpn_bbox: 0.0045, loss_cls: 0.1509, acc: 93.4805, loss_bbox: 0.1289, loss: 0.2974
2026-05-07 20:58:11,296 - mmdet - INFO - Epoch [13][100/101]	lr: 1.000e-04, eta: 5:09:32, time: 0.618, data_time: 0.013, memory: 7275, loss_rpn_cls: 0.0108, loss_rpn_bbox: 0.0043, loss_cls: 0.1416, acc: 93.8145, loss_bbox: 0.1220, loss: 0.2788
2026-05-07 20:58:45,904 - mmdet - INFO - Epoch [14][50/101]	lr: 1.000e-04, eta: 5:09:24, time: 0.677, data_time: 0.066, memory: 7275, loss_rpn_cls: 0.0140, loss_rpn_bbox: 0.0043, loss_cls: 0.1475, acc: 93.6792, loss_bbox: 0.1252, loss: 0.2910
2026-05-07 20:59:16,727 - mmdet - INFO - Epoch [14][100/101]	lr: 1.000e-04, eta: 5:08:26, time: 0.616, data_time: 0.013, memory: 7275, loss_rpn_cls: 0.0110, loss_rpn_bbox: 0.0036, loss_cls: 0.1286, acc: 94.5273, loss_bbox: 0.1075, loss: 0.2507
2026-05-07 20:59:51,136 - mmdet - INFO - Epoch [15][50/101]	lr: 1.000e-04, eta: 5:08:13, time: 0.673, data_time: 0.066, memory: 7275, loss_rpn_cls: 0.0107, loss_rpn_bbox: 0.0042, loss_cls: 0.1281, acc: 94.5035, loss_bbox: 0.1002, loss: 0.2432
2026-05-07 21:00:22,156 - mmdet - INFO - Epoch [15][100/101]	lr: 1.000e-04, eta: 5:07:21, time: 0.620, data_time: 0.013, memory: 7275, loss_rpn_cls: 0.0108, loss_rpn_bbox: 0.0040, loss_cls: 0.1445, acc: 93.6992, loss_bbox: 0.1203, loss: 0.2796
2026-05-07 21:00:56,679 - mmdet - INFO - Epoch [16][50/101]	lr: 1.000e-04, eta: 5:07:07, time: 0.675, data_time: 0.066, memory: 7275, loss_rpn_cls: 0.0100, loss_rpn_bbox: 0.0037, loss_cls: 0.1339, acc: 94.2314, loss_bbox: 0.1047, loss: 0.2523
2026-05-07 21:01:27,653 - mmdet - INFO - Epoch [16][100/101]	lr: 1.000e-04, eta: 5:06:16, time: 0.619, data_time: 0.013, memory: 7275, loss_rpn_cls: 0.0118, loss_rpn_bbox: 0.0036, loss_cls: 0.1324, acc: 94.3057, loss_bbox: 0.1080, loss: 0.2558
2026-05-07 21:02:02,093 - mmdet - INFO - Epoch [17][50/101]	lr: 1.000e-04, eta: 5:06:00, time: 0.673, data_time: 0.066, memory: 7275, loss_rpn_cls: 0.0105, loss_rpn_bbox: 0.0035, loss_cls: 0.1260, acc: 94.5840, loss_bbox: 0.1000, loss: 0.2400
2026-05-07 21:02:33,069 - mmdet - INFO - Epoch [17][100/101]	lr: 1.000e-04, eta: 5:05:10, time: 0.620, data_time: 0.013, memory: 7275, loss_rpn_cls: 0.0103, loss_rpn_bbox: 0.0038, loss_cls: 0.1290, acc: 94.5068, loss_bbox: 0.1023, loss: 0.2454
2026-05-07 21:03:07,550 - mmdet - INFO - Epoch [18][50/101]	lr: 1.000e-04, eta: 5:04:54, time: 0.674, data_time: 0.066, memory: 7275, loss_rpn_cls: 0.0098, loss_rpn_bbox: 0.0037, loss_cls: 0.1275, acc: 94.4869, loss_bbox: 0.1034, loss: 0.2443
2026-05-07 21:03:38,499 - mmdet - INFO - Epoch [18][100/101]	lr: 1.000e-04, eta: 5:04:04, time: 0.619, data_time: 0.013, memory: 7275, loss_rpn_cls: 0.0093, loss_rpn_bbox: 0.0036, loss_cls: 0.1256, acc: 94.6064, loss_bbox: 0.1006, loss: 0.2390
2026-05-07 21:04:12,985 - mmdet - INFO - Epoch [19][50/101]	lr: 1.000e-04, eta: 5:03:47, time: 0.674, data_time: 0.066, memory: 7275, loss_rpn_cls: 0.0072, loss_rpn_bbox: 0.0037, loss_cls: 0.1233, acc: 94.7158, loss_bbox: 0.0971, loss: 0.2314
2026-05-07 21:04:43,964 - mmdet - INFO - Epoch [19][100/101]	lr: 1.000e-04, eta: 5:02:59, time: 0.620, data_time: 0.013, memory: 7275, loss_rpn_cls: 0.0081, loss_rpn_bbox: 0.0034, loss_cls: 0.1277, acc: 94.5420, loss_bbox: 0.1027, loss: 0.2418
2026-05-07 21:05:18,454 - mmdet - INFO - Epoch [20][50/101]	lr: 1.000e-04, eta: 5:02:41, time: 0.674, data_time: 0.066, memory: 7275, loss_rpn_cls: 0.0069, loss_rpn_bbox: 0.0031, loss_cls: 0.1191, acc: 94.7871, loss_bbox: 0.0955, loss: 0.2246
2026-05-07 21:05:49,410 - mmdet - INFO - Epoch [20][100/101]	lr: 1.000e-04, eta: 5:01:54, time: 0.619, data_time: 0.013, memory: 7275, loss_rpn_cls: 0.0073, loss_rpn_bbox: 0.0036, loss_cls: 0.1164, acc: 94.9795, loss_bbox: 0.0906, loss: 0.2180
2026-05-07 21:05:50,176 - mmdet - INFO - Saving checkpoint at 20 epochs
2026-05-07 21:06:30,102 - mmdet - INFO - Evaluating bbox...
2026-05-07 21:06:34,887 - mmdet - INFO - 
 Average Precision  (AP) @[ IoU=0.50:0.95 | area=   all | maxDets=100 ] = 0.292
 Average Precision  (AP) @[ IoU=0.50      | area=   all | maxDets=1000 ] = 0.681
 Average Precision  (AP) @[ IoU=0.75      | area=   all | maxDets=1000 ] = 0.193
 Average Precision  (AP) @[ IoU=0.50:0.95 | area= small | maxDets=1000 ] = 0.013
 Average Precision  (AP) @[ IoU=0.50:0.95 | area=medium | maxDets=1000 ] = 0.255
 Average Precision  (AP) @[ IoU=0.50:0.95 | area= large | maxDets=1000 ] = 0.368
 Average Recall     (AR) @[ IoU=0.50:0.95 | area=   all | maxDets=100 ] = 0.439
 Average Recall     (AR) @[ IoU=0.50:0.95 | area=   all | maxDets=300 ] = 0.439
 Average Recall     (AR) @[ IoU=0.50:0.95 | area=   all | maxDets=1000 ] = 0.439
 Average Recall     (AR) @[ IoU=0.50:0.95 | area= small | maxDets=1000 ] = 0.022
 Average Recall     (AR) @[ IoU=0.50:0.95 | area=medium | maxDets=1000 ] = 0.394
 Average Recall     (AR) @[ IoU=0.50:0.95 | area= large | maxDets=1000 ] = 0.532

2026-05-07 21:06:34,896 - mmdet - INFO - Exp name: fold_2_swin_t_3x_hbb.py
2026-05-07 21:06:34,896 - mmdet - INFO - Epoch(val) [20][371]	bbox_mAP: 0.2920, bbox_mAP_50: 0.6810, bbox_mAP_75: 0.1930, bbox_mAP_s: 0.0130, bbox_mAP_m: 0.2550, bbox_mAP_l: 0.3680, bbox_mAP_copypaste: 0.292 0.681 0.193 0.013 0.255 0.368
2026-05-07 21:07:08,426 - mmdet - INFO - Epoch [21][50/101]	lr: 1.000e-04, eta: 5:01:33, time: 0.670, data_time: 0.066, memory: 7275, loss_rpn_cls: 0.0075, loss_rpn_bbox: 0.0032, loss_cls: 0.1081, acc: 95.3896, loss_bbox: 0.0836, loss: 0.2023
2026-05-07 21:07:39,398 - mmdet - INFO - Epoch [21][100/101]	lr: 1.000e-04, eta: 5:00:46, time: 0.619, data_time: 0.013, memory: 7275, loss_rpn_cls: 0.0090, loss_rpn_bbox: 0.0039, loss_cls: 0.1255, acc: 94.5238, loss_bbox: 0.0938, loss: 0.2321
2026-05-07 21:08:13,806 - mmdet - INFO - Epoch [22][50/101]	lr: 1.000e-04, eta: 5:00:26, time: 0.672, data_time: 0.066, memory: 7275, loss_rpn_cls: 0.0096, loss_rpn_bbox: 0.0033, loss_cls: 0.1137, acc: 95.0889, loss_bbox: 0.0880, loss: 0.2147
2026-05-07 21:08:44,765 - mmdet - INFO - Epoch [22][100/101]	lr: 1.000e-04, eta: 4:59:40, time: 0.619, data_time: 0.013, memory: 7275, loss_rpn_cls: 0.0072, loss_rpn_bbox: 0.0029, loss_cls: 0.1082, acc: 95.2489, loss_bbox: 0.0832, loss: 0.2015
2026-05-07 21:09:19,204 - mmdet - INFO - Epoch [23][50/101]	lr: 1.000e-04, eta: 4:59:20, time: 0.673, data_time: 0.066, memory: 7275, loss_rpn_cls: 0.0051, loss_rpn_bbox: 0.0029, loss_cls: 0.1034, acc: 95.4911, loss_bbox: 0.0790, loss: 0.1904
2026-05-07 21:09:50,102 - mmdet - INFO - Epoch [23][100/101]	lr: 1.000e-04, eta: 4:58:34, time: 0.618, data_time: 0.013, memory: 7275, loss_rpn_cls: 0.0072, loss_rpn_bbox: 0.0034, loss_cls: 0.1154, acc: 94.9941, loss_bbox: 0.0872, loss: 0.2133
2026-05-07 21:10:24,519 - mmdet - INFO - Epoch [24][50/101]	lr: 1.000e-04, eta: 4:58:13, time: 0.673, data_time: 0.066, memory: 7275, loss_rpn_cls: 0.0048, loss_rpn_bbox: 0.0029, loss_cls: 0.1012, acc: 95.6212, loss_bbox: 0.0767, loss: 0.1856
2026-05-07 21:10:55,480 - mmdet - INFO - Epoch [24][100/101]	lr: 1.000e-04, eta: 4:57:28, time: 0.619, data_time: 0.013, memory: 7275, loss_rpn_cls: 0.0070, loss_rpn_bbox: 0.0032, loss_cls: 0.1096, acc: 95.2695, loss_bbox: 0.0818, loss: 0.2016
2026-05-07 21:11:30,011 - mmdet - INFO - Epoch [25][50/101]	lr: 1.000e-04, eta: 4:57:08, time: 0.675, data_time: 0.066, memory: 7275, loss_rpn_cls: 0.0074, loss_rpn_bbox: 0.0030, loss_cls: 0.1075, acc: 95.4219, loss_bbox: 0.0815, loss: 0.1993
2026-05-07 21:12:00,964 - mmdet - INFO - Epoch [25][100/101]	lr: 1.000e-04, eta: 4:56:24, time: 0.619, data_time: 0.013, memory: 7275, loss_rpn_cls: 0.0078, loss_rpn_bbox: 0.0029, loss_cls: 0.1012, acc: 95.6504, loss_bbox: 0.0778, loss: 0.1897
2026-05-07 21:12:35,424 - mmdet - INFO - Epoch [26][50/101]	lr: 1.000e-04, eta: 4:56:03, time: 0.674, data_time: 0.066, memory: 7275, loss_rpn_cls: 0.0069, loss_rpn_bbox: 0.0030, loss_cls: 0.1035, acc: 95.5557, loss_bbox: 0.0776, loss: 0.1911
2026-05-07 21:13:06,384 - mmdet - INFO - Epoch [26][100/101]	lr: 1.000e-04, eta: 4:55:19, time: 0.619, data_time: 0.013, memory: 7275, loss_rpn_cls: 0.0074, loss_rpn_bbox: 0.0029, loss_cls: 0.0966, acc: 95.7832, loss_bbox: 0.0721, loss: 0.1790
2026-05-07 21:13:40,793 - mmdet - INFO - Epoch [27][50/101]	lr: 1.000e-04, eta: 4:54:56, time: 0.672, data_time: 0.066, memory: 7275, loss_rpn_cls: 0.0053, loss_rpn_bbox: 0.0028, loss_cls: 0.1007, acc: 95.6514, loss_bbox: 0.0786, loss: 0.1875
2026-05-07 21:14:11,689 - mmdet - INFO - Epoch [27][100/101]	lr: 1.000e-04, eta: 4:54:13, time: 0.618, data_time: 0.013, memory: 7275, loss_rpn_cls: 0.0054, loss_rpn_bbox: 0.0027, loss_cls: 0.0994, acc: 95.7726, loss_bbox: 0.0711, loss: 0.1786
2026-05-07 21:14:46,178 - mmdet - INFO - Epoch [28][50/101]	lr: 1.000e-04, eta: 4:53:51, time: 0.674, data_time: 0.065, memory: 7275, loss_rpn_cls: 0.0090, loss_rpn_bbox: 0.0037, loss_cls: 0.1125, acc: 95.1433, loss_bbox: 0.0821, loss: 0.2072
2026-05-07 21:15:17,005 - mmdet - INFO - Epoch [28][100/101]	lr: 1.000e-04, eta: 4:53:07, time: 0.617, data_time: 0.013, memory: 7275, loss_rpn_cls: 0.0040, loss_rpn_bbox: 0.0022, loss_cls: 0.0870, acc: 96.2676, loss_bbox: 0.0603, loss: 0.1535
2026-05-07 21:15:51,443 - mmdet - INFO - Epoch [29][50/101]	lr: 1.000e-04, eta: 4:52:44, time: 0.673, data_time: 0.066, memory: 7275, loss_rpn_cls: 0.0062, loss_rpn_bbox: 0.0028, loss_cls: 0.1049, acc: 95.4346, loss_bbox: 0.0736, loss: 0.1875
2026-05-07 21:16:22,281 - mmdet - INFO - Epoch [29][100/101]	lr: 1.000e-04, eta: 4:52:01, time: 0.617, data_time: 0.013, memory: 7275, loss_rpn_cls: 0.0057, loss_rpn_bbox: 0.0024, loss_cls: 0.0901, acc: 96.2383, loss_bbox: 0.0644, loss: 0.1626
2026-05-07 21:16:56,676 - mmdet - INFO - Epoch [30][50/101]	lr: 1.000e-04, eta: 4:51:37, time: 0.672, data_time: 0.066, memory: 7275, loss_rpn_cls: 0.0047, loss_rpn_bbox: 0.0023, loss_cls: 0.0853, acc: 96.3672, loss_bbox: 0.0581, loss: 0.1504
2026-05-07 21:17:27,649 - mmdet - INFO - Epoch [30][100/101]	lr: 1.000e-04, eta: 4:50:55, time: 0.619, data_time: 0.013, memory: 7275, loss_rpn_cls: 0.0061, loss_rpn_bbox: 0.0026, loss_cls: 0.0924, acc: 96.0635, loss_bbox: 0.0671, loss: 0.1681
2026-05-07 21:17:28,419 - mmdet - INFO - Saving checkpoint at 30 epochs
2026-05-07 21:18:08,141 - mmdet - INFO - Evaluating bbox...
2026-05-07 21:18:12,628 - mmdet - INFO - 
 Average Precision  (AP) @[ IoU=0.50:0.95 | area=   all | maxDets=100 ] = 0.295
 Average Precision  (AP) @[ IoU=0.50      | area=   all | maxDets=1000 ] = 0.668
 Average Precision  (AP) @[ IoU=0.75      | area=   all | maxDets=1000 ] = 0.209
 Average Precision  (AP) @[ IoU=0.50:0.95 | area= small | maxDets=1000 ] = 0.010
 Average Precision  (AP) @[ IoU=0.50:0.95 | area=medium | maxDets=1000 ] = 0.248
 Average Precision  (AP) @[ IoU=0.50:0.95 | area= large | maxDets=1000 ] = 0.384
 Average Recall     (AR) @[ IoU=0.50:0.95 | area=   all | maxDets=100 ] = 0.446
 Average Recall     (AR) @[ IoU=0.50:0.95 | area=   all | maxDets=300 ] = 0.446
 Average Recall     (AR) @[ IoU=0.50:0.95 | area=   all | maxDets=1000 ] = 0.446
 Average Recall     (AR) @[ IoU=0.50:0.95 | area= small | maxDets=1000 ] = 0.013
 Average Recall     (AR) @[ IoU=0.50:0.95 | area=medium | maxDets=1000 ] = 0.396
 Average Recall     (AR) @[ IoU=0.50:0.95 | area= large | maxDets=1000 ] = 0.549

2026-05-07 21:18:12,636 - mmdet - INFO - Exp name: fold_2_swin_t_3x_hbb.py
2026-05-07 21:18:12,636 - mmdet - INFO - Epoch(val) [30][371]	bbox_mAP: 0.2950, bbox_mAP_50: 0.6680, bbox_mAP_75: 0.2090, bbox_mAP_s: 0.0100, bbox_mAP_m: 0.2480, bbox_mAP_l: 0.3840, bbox_mAP_copypaste: 0.295 0.668 0.209 0.010 0.248 0.384
2026-05-07 21:18:46,214 - mmdet - INFO - Epoch [31][50/101]	lr: 1.000e-04, eta: 4:50:31, time: 0.671, data_time: 0.066, memory: 7275, loss_rpn_cls: 0.0047, loss_rpn_bbox: 0.0025, loss_cls: 0.0891, acc: 96.2290, loss_bbox: 0.0631, loss: 0.1593
2026-05-07 21:19:17,189 - mmdet - INFO - Epoch [31][100/101]	lr: 1.000e-04, eta: 4:49:50, time: 0.620, data_time: 0.013, memory: 7275, loss_rpn_cls: 0.0056, loss_rpn_bbox: 0.0028, loss_cls: 0.0964, acc: 95.9443, loss_bbox: 0.0682, loss: 0.1731
2026-05-07 21:19:51,566 - mmdet - INFO - Epoch [32][50/101]	lr: 1.000e-04, eta: 4:49:25, time: 0.672, data_time: 0.066, memory: 7275, loss_rpn_cls: 0.0057, loss_rpn_bbox: 0.0027, loss_cls: 0.0913, acc: 96.0811, loss_bbox: 0.0618, loss: 0.1615
2026-05-07 21:20:22,502 - mmdet - INFO - Epoch [32][100/101]	lr: 1.000e-04, eta: 4:48:44, time: 0.619, data_time: 0.013, memory: 7275, loss_rpn_cls: 0.0036, loss_rpn_bbox: 0.0024, loss_cls: 0.0843, acc: 96.3740, loss_bbox: 0.0606, loss: 0.1509
2026-05-07 21:20:56,952 - mmdet - INFO - Epoch [33][50/101]	lr: 1.000e-04, eta: 4:48:20, time: 0.673, data_time: 0.066, memory: 7275, loss_rpn_cls: 0.0041, loss_rpn_bbox: 0.0022, loss_cls: 0.0798, acc: 96.5498, loss_bbox: 0.0549, loss: 0.1410
2026-05-07 21:21:27,876 - mmdet - INFO - Epoch [33][100/101]	lr: 1.000e-04, eta: 4:47:39, time: 0.618, data_time: 0.013, memory: 7275, loss_rpn_cls: 0.0056, loss_rpn_bbox: 0.0026, loss_cls: 0.0871, acc: 96.2773, loss_bbox: 0.0628, loss: 0.1581
2026-05-07 21:22:02,282 - mmdet - INFO - Epoch [34][50/101]	lr: 1.000e-04, eta: 4:47:14, time: 0.673, data_time: 0.066, memory: 7275, loss_rpn_cls: 0.0034, loss_rpn_bbox: 0.0022, loss_cls: 0.0763, acc: 96.7840, loss_bbox: 0.0532, loss: 0.1351
2026-05-07 21:22:33,218 - mmdet - INFO - Epoch [34][100/101]	lr: 1.000e-04, eta: 4:46:34, time: 0.619, data_time: 0.013, memory: 7275, loss_rpn_cls: 0.0051, loss_rpn_bbox: 0.0027, loss_cls: 0.0880, acc: 96.1992, loss_bbox: 0.0595, loss: 0.1553
2026-05-07 21:23:07,482 - mmdet - INFO - Epoch [35][50/101]	lr: 1.000e-04, eta: 4:46:07, time: 0.669, data_time: 0.066, memory: 7275, loss_rpn_cls: 0.0066, loss_rpn_bbox: 0.0024, loss_cls: 0.0811, acc: 96.5615, loss_bbox: 0.0586, loss: 0.1488
2026-05-07 21:23:38,317 - mmdet - INFO - Epoch [35][100/101]	lr: 1.000e-04, eta: 4:45:27, time: 0.617, data_time: 0.013, memory: 7275, loss_rpn_cls: 0.0052, loss_rpn_bbox: 0.0024, loss_cls: 0.0835, acc: 96.4329, loss_bbox: 0.0551, loss: 0.1462
2026-05-07 21:24:12,687 - mmdet - INFO - Epoch [36][50/101]	lr: 1.000e-04, eta: 4:45:01, time: 0.672, data_time: 0.066, memory: 7275, loss_rpn_cls: 0.0036, loss_rpn_bbox: 0.0022, loss_cls: 0.0717, acc: 96.9492, loss_bbox: 0.0471, loss: 0.1246
2026-05-07 21:24:43,673 - mmdet - INFO - Epoch [36][100/101]	lr: 1.000e-04, eta: 4:44:21, time: 0.620, data_time: 0.013, memory: 7275, loss_rpn_cls: 0.0040, loss_rpn_bbox: 0.0022, loss_cls: 0.0841, acc: 96.4170, loss_bbox: 0.0564, loss: 0.1468
2026-05-07 21:25:17,974 - mmdet - INFO - Epoch [37][50/101]	lr: 1.000e-04, eta: 4:43:55, time: 0.670, data_time: 0.066, memory: 7275, loss_rpn_cls: 0.0039, loss_rpn_bbox: 0.0022, loss_cls: 0.0763, acc: 96.7393, loss_bbox: 0.0517, loss: 0.1341
2026-05-07 21:25:48,975 - mmdet - INFO - Epoch [37][100/101]	lr: 1.000e-04, eta: 4:43:16, time: 0.620, data_time: 0.013, memory: 7275, loss_rpn_cls: 0.0048, loss_rpn_bbox: 0.0027, loss_cls: 0.0853, acc: 96.3382, loss_bbox: 0.0613, loss: 0.1541
2026-05-07 21:26:23,324 - mmdet - INFO - Epoch [38][50/101]	lr: 1.000e-04, eta: 4:42:50, time: 0.671, data_time: 0.066, memory: 7275, loss_rpn_cls: 0.0050, loss_rpn_bbox: 0.0021, loss_cls: 0.0815, acc: 96.5957, loss_bbox: 0.0565, loss: 0.1452
2026-05-07 21:26:54,330 - mmdet - INFO - Epoch [38][100/101]	lr: 1.000e-04, eta: 4:42:11, time: 0.620, data_time: 0.013, memory: 7275, loss_rpn_cls: 0.0053, loss_rpn_bbox: 0.0023, loss_cls: 0.0766, acc: 96.7231, loss_bbox: 0.0523, loss: 0.1365
2026-05-07 21:27:28,848 - mmdet - INFO - Epoch [39][50/101]	lr: 1.000e-04, eta: 4:41:46, time: 0.675, data_time: 0.066, memory: 7275, loss_rpn_cls: 0.0033, loss_rpn_bbox: 0.0021, loss_cls: 0.0741, acc: 96.8541, loss_bbox: 0.0488, loss: 0.1283
2026-05-07 21:27:59,797 - mmdet - INFO - Epoch [39][100/101]	lr: 1.000e-04, eta: 4:41:07, time: 0.619, data_time: 0.013, memory: 7275, loss_rpn_cls: 0.0032, loss_rpn_bbox: 0.0023, loss_cls: 0.0741, acc: 96.8154, loss_bbox: 0.0515, loss: 0.1311
2026-05-07 21:28:34,299 - mmdet - INFO - Epoch [40][50/101]	lr: 1.000e-04, eta: 4:40:41, time: 0.674, data_time: 0.066, memory: 7275, loss_rpn_cls: 0.0036, loss_rpn_bbox: 0.0022, loss_cls: 0.0749, acc: 96.7796, loss_bbox: 0.0509, loss: 0.1316
2026-05-07 21:29:05,251 - mmdet - INFO - Epoch [40][100/101]	lr: 1.000e-04, eta: 4:40:02, time: 0.619, data_time: 0.013, memory: 7275, loss_rpn_cls: 0.0030, loss_rpn_bbox: 0.0021, loss_cls: 0.0736, acc: 96.8857, loss_bbox: 0.0468, loss: 0.1256
2026-05-07 21:29:06,024 - mmdet - INFO - Saving checkpoint at 40 epochs
2026-05-07 21:29:46,043 - mmdet - INFO - Evaluating bbox...
2026-05-07 21:29:50,306 - mmdet - INFO - 
 Average Precision  (AP) @[ IoU=0.50:0.95 | area=   all | maxDets=100 ] = 0.304
 Average Precision  (AP) @[ IoU=0.50      | area=   all | maxDets=1000 ] = 0.691
 Average Precision  (AP) @[ IoU=0.75      | area=   all | maxDets=1000 ] = 0.204
 Average Precision  (AP) @[ IoU=0.50:0.95 | area= small | maxDets=1000 ] = 0.008
 Average Precision  (AP) @[ IoU=0.50:0.95 | area=medium | maxDets=1000 ] = 0.265
 Average Precision  (AP) @[ IoU=0.50:0.95 | area= large | maxDets=1000 ] = 0.383
 Average Recall     (AR) @[ IoU=0.50:0.95 | area=   all | maxDets=100 ] = 0.449
 Average Recall     (AR) @[ IoU=0.50:0.95 | area=   all | maxDets=300 ] = 0.449
 Average Recall     (AR) @[ IoU=0.50:0.95 | area=   all | maxDets=1000 ] = 0.449
 Average Recall     (AR) @[ IoU=0.50:0.95 | area= small | maxDets=1000 ] = 0.006
 Average Recall     (AR) @[ IoU=0.50:0.95 | area=medium | maxDets=1000 ] = 0.405
 Average Recall     (AR) @[ IoU=0.50:0.95 | area= large | maxDets=1000 ] = 0.542

2026-05-07 21:29:50,312 - mmdet - INFO - Exp name: fold_2_swin_t_3x_hbb.py
2026-05-07 21:29:50,312 - mmdet - INFO - Epoch(val) [40][371]	bbox_mAP: 0.3040, bbox_mAP_50: 0.6910, bbox_mAP_75: 0.2040, bbox_mAP_s: 0.0080, bbox_mAP_m: 0.2650, bbox_mAP_l: 0.3830, bbox_mAP_copypaste: 0.304 0.691 0.204 0.008 0.265 0.383
2026-05-07 21:30:23,717 - mmdet - INFO - Epoch [41][50/101]	lr: 1.000e-04, eta: 4:39:35, time: 0.668, data_time: 0.065, memory: 7275, loss_rpn_cls: 0.0036, loss_rpn_bbox: 0.0020, loss_cls: 0.0771, acc: 96.7080, loss_bbox: 0.0501, loss: 0.1328
2026-05-07 21:30:54,556 - mmdet - INFO - Epoch [41][100/101]	lr: 1.000e-04, eta: 4:38:55, time: 0.617, data_time: 0.013, memory: 7275, loss_rpn_cls: 0.0037, loss_rpn_bbox: 0.0026, loss_cls: 0.0744, acc: 96.8428, loss_bbox: 0.0492, loss: 0.1299
2026-05-07 21:31:29,002 - mmdet - INFO - Epoch [42][50/101]	lr: 1.000e-04, eta: 4:38:29, time: 0.673, data_time: 0.066, memory: 7275, loss_rpn_cls: 0.0042, loss_rpn_bbox: 0.0023, loss_cls: 0.0726, acc: 96.8809, loss_bbox: 0.0460, loss: 0.1250
2026-05-07 21:31:59,923 - mmdet - INFO - Epoch [42][100/101]	lr: 1.000e-04, eta: 4:37:50, time: 0.618, data_time: 0.013, memory: 7275, loss_rpn_cls: 0.0051, loss_rpn_bbox: 0.0024, loss_cls: 0.0762, acc: 96.6922, loss_bbox: 0.0488, loss: 0.1325
2026-05-07 21:32:34,240 - mmdet - INFO - Epoch [43][50/101]	lr: 1.000e-04, eta: 4:37:23, time: 0.671, data_time: 0.066, memory: 7275, loss_rpn_cls: 0.0032, loss_rpn_bbox: 0.0021, loss_cls: 0.0683, acc: 97.0932, loss_bbox: 0.0428, loss: 0.1164
2026-05-07 21:33:05,024 - mmdet - INFO - Epoch [43][100/101]	lr: 1.000e-04, eta: 4:36:44, time: 0.616, data_time: 0.013, memory: 7275, loss_rpn_cls: 0.0036, loss_rpn_bbox: 0.0025, loss_cls: 0.0776, acc: 96.6113, loss_bbox: 0.0506, loss: 0.1342
2026-05-07 21:33:39,358 - mmdet - INFO - Epoch [44][50/101]	lr: 1.000e-04, eta: 4:36:17, time: 0.671, data_time: 0.066, memory: 7275, loss_rpn_cls: 0.0038, loss_rpn_bbox: 0.0023, loss_cls: 0.0723, acc: 96.9586, loss_bbox: 0.0482, loss: 0.1266
2026-05-07 21:34:10,145 - mmdet - INFO - Epoch [44][100/101]	lr: 1.000e-04, eta: 4:35:38, time: 0.616, data_time: 0.013, memory: 7275, loss_rpn_cls: 0.0034, loss_rpn_bbox: 0.0018, loss_cls: 0.0662, acc: 97.1719, loss_bbox: 0.0438, loss: 0.1151
2026-05-07 21:34:44,565 - mmdet - INFO - Epoch [45][50/101]	lr: 1.000e-04, eta: 4:35:11, time: 0.673, data_time: 0.066, memory: 7275, loss_rpn_cls: 0.0033, loss_rpn_bbox: 0.0021, loss_cls: 0.0782, acc: 96.6729, loss_bbox: 0.0493, loss: 0.1329
2026-05-07 21:35:15,542 - mmdet - INFO - Epoch [45][100/101]	lr: 1.000e-04, eta: 4:34:33, time: 0.620, data_time: 0.013, memory: 7275, loss_rpn_cls: 0.0042, loss_rpn_bbox: 0.0021, loss_cls: 0.0716, acc: 96.9315, loss_bbox: 0.0469, loss: 0.1248
2026-05-07 21:35:50,054 - mmdet - INFO - Epoch [46][50/101]	lr: 1.000e-04, eta: 4:34:07, time: 0.675, data_time: 0.066, memory: 7275, loss_rpn_cls: 0.0045, loss_rpn_bbox: 0.0023, loss_cls: 0.0720, acc: 96.9121, loss_bbox: 0.0481, loss: 0.1268
2026-05-07 21:36:21,063 - mmdet - INFO - Epoch [46][100/101]	lr: 1.000e-04, eta: 4:33:29, time: 0.620, data_time: 0.013, memory: 7275, loss_rpn_cls: 0.0044, loss_rpn_bbox: 0.0022, loss_cls: 0.0731, acc: 96.9258, loss_bbox: 0.0483, loss: 0.1279
2026-05-07 21:36:55,460 - mmdet - INFO - Epoch [47][50/101]	lr: 1.000e-04, eta: 4:33:02, time: 0.672, data_time: 0.066, memory: 7275, loss_rpn_cls: 0.0034, loss_rpn_bbox: 0.0024, loss_cls: 0.0684, acc: 97.1338, loss_bbox: 0.0443, loss: 0.1185
2026-05-07 21:37:26,534 - mmdet - INFO - Epoch [47][100/101]	lr: 1.000e-04, eta: 4:32:25, time: 0.621, data_time: 0.013, memory: 7275, loss_rpn_cls: 0.0032, loss_rpn_bbox: 0.0020, loss_cls: 0.0705, acc: 97.0254, loss_bbox: 0.0431, loss: 0.1188
2026-05-07 21:38:01,172 - mmdet - INFO - Epoch [48][50/101]	lr: 1.000e-04, eta: 4:31:59, time: 0.677, data_time: 0.066, memory: 7275, loss_rpn_cls: 0.0057, loss_rpn_bbox: 0.0024, loss_cls: 0.0765, acc: 96.7052, loss_bbox: 0.0468, loss: 0.1314
2026-05-07 21:38:32,116 - mmdet - INFO - Epoch [48][100/101]	lr: 1.000e-04, eta: 4:31:22, time: 0.619, data_time: 0.013, memory: 7275, loss_rpn_cls: 0.0031, loss_rpn_bbox: 0.0014, loss_cls: 0.0563, acc: 97.5967, loss_bbox: 0.0370, loss: 0.0978
2026-05-07 21:39:06,599 - mmdet - INFO - Epoch [49][50/101]	lr: 1.000e-04, eta: 4:30:55, time: 0.674, data_time: 0.066, memory: 7275, loss_rpn_cls: 0.0040, loss_rpn_bbox: 0.0019, loss_cls: 0.0656, acc: 97.2002, loss_bbox: 0.0449, loss: 0.1164
2026-05-07 21:39:37,481 - mmdet - INFO - Epoch [49][100/101]	lr: 1.000e-04, eta: 4:30:17, time: 0.618, data_time: 0.013, memory: 7275, loss_rpn_cls: 0.0031, loss_rpn_bbox: 0.0018, loss_cls: 0.0598, acc: 97.4072, loss_bbox: 0.0367, loss: 0.1013
2026-05-07 21:40:11,816 - mmdet - INFO - Epoch [50][50/101]	lr: 1.000e-04, eta: 4:29:49, time: 0.671, data_time: 0.066, memory: 7275, loss_rpn_cls: 0.0029, loss_rpn_bbox: 0.0018, loss_cls: 0.0632, acc: 97.3213, loss_bbox: 0.0375, loss: 0.1054
2026-05-07 21:40:42,701 - mmdet - INFO - Epoch [50][100/101]	lr: 1.000e-04, eta: 4:29:11, time: 0.618, data_time: 0.013, memory: 7275, loss_rpn_cls: 0.0030, loss_rpn_bbox: 0.0020, loss_cls: 0.0624, acc: 97.3701, loss_bbox: 0.0385, loss: 0.1059
2026-05-07 21:40:43,468 - mmdet - INFO - Saving checkpoint at 50 epochs
2026-05-07 21:41:23,345 - mmdet - INFO - Evaluating bbox...
2026-05-07 21:41:27,171 - mmdet - INFO - 
 Average Precision  (AP) @[ IoU=0.50:0.95 | area=   all | maxDets=100 ] = 0.309
 Average Precision  (AP) @[ IoU=0.50      | area=   all | maxDets=1000 ] = 0.683
 Average Precision  (AP) @[ IoU=0.75      | area=   all | maxDets=1000 ] = 0.228
 Average Precision  (AP) @[ IoU=0.50:0.95 | area= small | maxDets=1000 ] = 0.013
 Average Precision  (AP) @[ IoU=0.50:0.95 | area=medium | maxDets=1000 ] = 0.259
 Average Precision  (AP) @[ IoU=0.50:0.95 | area= large | maxDets=1000 ] = 0.404
 Average Recall     (AR) @[ IoU=0.50:0.95 | area=   all | maxDets=100 ] = 0.442
 Average Recall     (AR) @[ IoU=0.50:0.95 | area=   all | maxDets=300 ] = 0.442
 Average Recall     (AR) @[ IoU=0.50:0.95 | area=   all | maxDets=1000 ] = 0.442
 Average Recall     (AR) @[ IoU=0.50:0.95 | area= small | maxDets=1000 ] = 0.016
 Average Recall     (AR) @[ IoU=0.50:0.95 | area=medium | maxDets=1000 ] = 0.384
 Average Recall     (AR) @[ IoU=0.50:0.95 | area= large | maxDets=1000 ] = 0.557

2026-05-07 21:41:27,177 - mmdet - INFO - Exp name: fold_2_swin_t_3x_hbb.py
2026-05-07 21:41:27,177 - mmdet - INFO - Epoch(val) [50][371]	bbox_mAP: 0.3090, bbox_mAP_50: 0.6830, bbox_mAP_75: 0.2280, bbox_mAP_s: 0.0130, bbox_mAP_m: 0.2590, bbox_mAP_l: 0.4040, bbox_mAP_copypaste: 0.309 0.683 0.228 0.013 0.259 0.404
2026-05-07 21:42:00,863 - mmdet - INFO - Epoch [51][50/101]	lr: 1.000e-04, eta: 4:28:44, time: 0.673, data_time: 0.066, memory: 7275, loss_rpn_cls: 0.0032, loss_rpn_bbox: 0.0022, loss_cls: 0.0715, acc: 97.0006, loss_bbox: 0.0452, loss: 0.1222
2026-05-07 21:42:31,590 - mmdet - INFO - Epoch [51][100/101]	lr: 1.000e-04, eta: 4:28:06, time: 0.615, data_time: 0.013, memory: 7275, loss_rpn_cls: 0.0029, loss_rpn_bbox: 0.0020, loss_cls: 0.0614, acc: 97.4033, loss_bbox: 0.0371, loss: 0.1034
2026-05-07 21:43:06,045 - mmdet - INFO - Epoch [52][50/101]	lr: 1.000e-04, eta: 4:27:38, time: 0.673, data_time: 0.066, memory: 7275, loss_rpn_cls: 0.0033, loss_rpn_bbox: 0.0020, loss_cls: 0.0685, acc: 97.0925, loss_bbox: 0.0425, loss: 0.1164
2026-05-07 21:43:36,986 - mmdet - INFO - Epoch [52][100/101]	lr: 1.000e-04, eta: 4:27:01, time: 0.619, data_time: 0.013, memory: 7275, loss_rpn_cls: 0.0025, loss_rpn_bbox: 0.0018, loss_cls: 0.0630, acc: 97.2949, loss_bbox: 0.0377, loss: 0.1050
2026-05-07 21:44:11,341 - mmdet - INFO - Epoch [53][50/101]	lr: 1.000e-04, eta: 4:26:33, time: 0.672, data_time: 0.066, memory: 7275, loss_rpn_cls: 0.0024, loss_rpn_bbox: 0.0017, loss_cls: 0.0620, acc: 97.3477, loss_bbox: 0.0365, loss: 0.1027
2026-05-07 21:44:42,266 - mmdet - INFO - Epoch [53][100/101]	lr: 1.000e-04, eta: 4:25:56, time: 0.618, data_time: 0.013, memory: 7275, loss_rpn_cls: 0.0031, loss_rpn_bbox: 0.0017, loss_cls: 0.0584, acc: 97.5068, loss_bbox: 0.0341, loss: 0.0972
2026-05-07 21:45:16,636 - mmdet - INFO - Epoch [54][50/101]	lr: 1.000e-04, eta: 4:25:28, time: 0.672, data_time: 0.066, memory: 7275, loss_rpn_cls: 0.0032, loss_rpn_bbox: 0.0020, loss_cls: 0.0644, acc: 97.2256, loss_bbox: 0.0372, loss: 0.1068
2026-05-07 21:45:47,517 - mmdet - INFO - Epoch [54][100/101]	lr: 1.000e-04, eta: 4:24:51, time: 0.618, data_time: 0.013, memory: 7275, loss_rpn_cls: 0.0029, loss_rpn_bbox: 0.0017, loss_cls: 0.0601, acc: 97.4365, loss_bbox: 0.0353, loss: 0.1000
2026-05-07 21:46:21,991 - mmdet - INFO - Epoch [55][50/101]	lr: 1.000e-04, eta: 4:24:23, time: 0.674, data_time: 0.066, memory: 7275, loss_rpn_cls: 0.0021, loss_rpn_bbox: 0.0017, loss_cls: 0.0623, acc: 97.3369, loss_bbox: 0.0386, loss: 0.1048
2026-05-07 21:46:52,961 - mmdet - INFO - Epoch [55][100/101]	lr: 1.000e-04, eta: 4:23:47, time: 0.619, data_time: 0.013, memory: 7275, loss_rpn_cls: 0.0032, loss_rpn_bbox: 0.0016, loss_cls: 0.0579, acc: 97.5748, loss_bbox: 0.0367, loss: 0.0994
2026-05-07 21:47:27,329 - mmdet - INFO - Epoch [56][50/101]	lr: 1.000e-04, eta: 4:23:18, time: 0.672, data_time: 0.066, memory: 7275, loss_rpn_cls: 0.0021, loss_rpn_bbox: 0.0018, loss_cls: 0.0605, acc: 97.3818, loss_bbox: 0.0385, loss: 0.1029
2026-05-07 21:47:58,265 - mmdet - INFO - Epoch [56][100/101]	lr: 1.000e-04, eta: 4:22:42, time: 0.619, data_time: 0.013, memory: 7275, loss_rpn_cls: 0.0041, loss_rpn_bbox: 0.0019, loss_cls: 0.0630, acc: 97.3446, loss_bbox: 0.0364, loss: 0.1055
2026-05-07 21:48:32,589 - mmdet - INFO - Epoch [57][50/101]	lr: 1.000e-04, eta: 4:22:13, time: 0.671, data_time: 0.066, memory: 7275, loss_rpn_cls: 0.0038, loss_rpn_bbox: 0.0018, loss_cls: 0.0555, acc: 97.6201, loss_bbox: 0.0345, loss: 0.0955
2026-05-07 21:49:03,637 - mmdet - INFO - Epoch [57][100/101]	lr: 1.000e-04, eta: 4:21:37, time: 0.621, data_time: 0.013, memory: 7275, loss_rpn_cls: 0.0037, loss_rpn_bbox: 0.0020, loss_cls: 0.0716, acc: 96.9714, loss_bbox: 0.0426, loss: 0.1198
2026-05-07 21:49:38,084 - mmdet - INFO - Epoch [58][50/101]	lr: 1.000e-04, eta: 4:21:09, time: 0.673, data_time: 0.066, memory: 7275, loss_rpn_cls: 0.0042, loss_rpn_bbox: 0.0019, loss_cls: 0.0645, acc: 97.2412, loss_bbox: 0.0384, loss: 0.1089
2026-05-07 21:50:08,978 - mmdet - INFO - Epoch [58][100/101]	lr: 1.000e-04, eta: 4:20:32, time: 0.618, data_time: 0.013, memory: 7275, loss_rpn_cls: 0.0036, loss_rpn_bbox: 0.0017, loss_cls: 0.0629, acc: 97.3320, loss_bbox: 0.0367, loss: 0.1049
2026-05-07 21:50:43,507 - mmdet - INFO - Epoch [59][50/101]	lr: 1.000e-04, eta: 4:20:04, time: 0.675, data_time: 0.066, memory: 7275, loss_rpn_cls: 0.0031, loss_rpn_bbox: 0.0019, loss_cls: 0.0606, acc: 97.3907, loss_bbox: 0.0371, loss: 0.1027
2026-05-07 21:51:14,482 - mmdet - INFO - Epoch [59][100/101]	lr: 1.000e-04, eta: 4:19:28, time: 0.620, data_time: 0.013, memory: 7275, loss_rpn_cls: 0.0031, loss_rpn_bbox: 0.0016, loss_cls: 0.0604, acc: 97.4590, loss_bbox: 0.0352, loss: 0.1003
2026-05-07 21:51:49,091 - mmdet - INFO - Epoch [60][50/101]	lr: 1.000e-04, eta: 4:19:00, time: 0.676, data_time: 0.066, memory: 7275, loss_rpn_cls: 0.0026, loss_rpn_bbox: 0.0018, loss_cls: 0.0652, acc: 97.2389, loss_bbox: 0.0379, loss: 0.1075
2026-05-07 21:52:20,022 - mmdet - INFO - Epoch [60][100/101]	lr: 1.000e-04, eta: 4:18:24, time: 0.619, data_time: 0.013, memory: 7275, loss_rpn_cls: 0.0019, loss_rpn_bbox: 0.0017, loss_cls: 0.0574, acc: 97.4990, loss_bbox: 0.0319, loss: 0.0929
2026-05-07 21:52:20,798 - mmdet - INFO - Saving checkpoint at 60 epochs
2026-05-07 21:53:00,914 - mmdet - INFO - Evaluating bbox...
2026-05-07 21:53:04,551 - mmdet - INFO - 
 Average Precision  (AP) @[ IoU=0.50:0.95 | area=   all | maxDets=100 ] = 0.307
 Average Precision  (AP) @[ IoU=0.50      | area=   all | maxDets=1000 ] = 0.676
 Average Precision  (AP) @[ IoU=0.75      | area=   all | maxDets=1000 ] = 0.232
 Average Precision  (AP) @[ IoU=0.50:0.95 | area= small | maxDets=1000 ] = 0.003
 Average Precision  (AP) @[ IoU=0.50:0.95 | area=medium | maxDets=1000 ] = 0.257
 Average Precision  (AP) @[ IoU=0.50:0.95 | area= large | maxDets=1000 ] = 0.406
 Average Recall     (AR) @[ IoU=0.50:0.95 | area=   all | maxDets=100 ] = 0.433
 Average Recall     (AR) @[ IoU=0.50:0.95 | area=   all | maxDets=300 ] = 0.433
 Average Recall     (AR) @[ IoU=0.50:0.95 | area=   all | maxDets=1000 ] = 0.433
 Average Recall     (AR) @[ IoU=0.50:0.95 | area= small | maxDets=1000 ] = 0.013
 Average Recall     (AR) @[ IoU=0.50:0.95 | area=medium | maxDets=1000 ] = 0.371
 Average Recall     (AR) @[ IoU=0.50:0.95 | area= large | maxDets=1000 ] = 0.554

2026-05-07 21:53:04,556 - mmdet - INFO - Exp name: fold_2_swin_t_3x_hbb.py
2026-05-07 21:53:04,556 - mmdet - INFO - Epoch(val) [60][371]	bbox_mAP: 0.3070, bbox_mAP_50: 0.6760, bbox_mAP_75: 0.2320, bbox_mAP_s: 0.0030, bbox_mAP_m: 0.2570, bbox_mAP_l: 0.4060, bbox_mAP_copypaste: 0.307 0.676 0.232 0.003 0.257 0.406
2026-05-07 21:53:38,239 - mmdet - INFO - Epoch [61][50/101]	lr: 1.000e-04, eta: 4:17:56, time: 0.673, data_time: 0.066, memory: 7275, loss_rpn_cls: 0.0033, loss_rpn_bbox: 0.0018, loss_cls: 0.0636, acc: 97.3125, loss_bbox: 0.0379, loss: 0.1066
2026-05-07 21:54:09,176 - mmdet - INFO - Epoch [61][100/101]	lr: 1.000e-04, eta: 4:17:20, time: 0.619, data_time: 0.013, memory: 7275, loss_rpn_cls: 0.0022, loss_rpn_bbox: 0.0018, loss_cls: 0.0647, acc: 97.2274, loss_bbox: 0.0391, loss: 0.1078
2026-05-07 21:54:43,584 - mmdet - INFO - Epoch [62][50/101]	lr: 1.000e-04, eta: 4:16:51, time: 0.672, data_time: 0.066, memory: 7275, loss_rpn_cls: 0.0030, loss_rpn_bbox: 0.0019, loss_cls: 0.0634, acc: 97.3050, loss_bbox: 0.0375, loss: 0.1058
2026-05-07 21:55:14,566 - mmdet - INFO - Epoch [62][100/101]	lr: 1.000e-04, eta: 4:16:15, time: 0.620, data_time: 0.013, memory: 7275, loss_rpn_cls: 0.0022, loss_rpn_bbox: 0.0018, loss_cls: 0.0606, acc: 97.3916, loss_bbox: 0.0375, loss: 0.1021
2026-05-07 21:55:48,930 - mmdet - INFO - Epoch [63][50/101]	lr: 1.000e-04, eta: 4:15:46, time: 0.672, data_time: 0.066, memory: 7275, loss_rpn_cls: 0.0038, loss_rpn_bbox: 0.0017, loss_cls: 0.0619, acc: 97.3867, loss_bbox: 0.0372, loss: 0.1046
2026-05-07 21:56:19,849 - mmdet - INFO - Epoch [63][100/101]	lr: 1.000e-04, eta: 4:15:10, time: 0.618, data_time: 0.013, memory: 7275, loss_rpn_cls: 0.0027, loss_rpn_bbox: 0.0018, loss_cls: 0.0601, acc: 97.4483, loss_bbox: 0.0392, loss: 0.1039
2026-05-07 21:56:54,188 - mmdet - INFO - Epoch [64][50/101]	lr: 1.000e-04, eta: 4:14:41, time: 0.671, data_time: 0.066, memory: 7275, loss_rpn_cls: 0.0021, loss_rpn_bbox: 0.0015, loss_cls: 0.0566, acc: 97.5518, loss_bbox: 0.0328, loss: 0.0930
2026-05-07 21:57:25,140 - mmdet - INFO - Epoch [64][100/101]	lr: 1.000e-04, eta: 4:14:05, time: 0.619, data_time: 0.013, memory: 7275, loss_rpn_cls: 0.0024, loss_rpn_bbox: 0.0017, loss_cls: 0.0581, acc: 97.5464, loss_bbox: 0.0359, loss: 0.0981
2026-05-07 21:57:59,453 - mmdet - INFO - Epoch [65][50/101]	lr: 1.000e-04, eta: 4:13:36, time: 0.671, data_time: 0.066, memory: 7275, loss_rpn_cls: 0.0025, loss_rpn_bbox: 0.0014, loss_cls: 0.0516, acc: 97.7803, loss_bbox: 0.0299, loss: 0.0853
2026-05-07 21:58:30,374 - mmdet - INFO - Epoch [65][100/101]	lr: 1.000e-04, eta: 4:13:00, time: 0.618, data_time: 0.013, memory: 7275, loss_rpn_cls: 0.0033, loss_rpn_bbox: 0.0019, loss_cls: 0.0606, acc: 97.4653, loss_bbox: 0.0338, loss: 0.0996
2026-05-07 21:59:04,708 - mmdet - INFO - Epoch [66][50/101]	lr: 1.000e-04, eta: 4:12:31, time: 0.671, data_time: 0.066, memory: 7275, loss_rpn_cls: 0.0019, loss_rpn_bbox: 0.0016, loss_cls: 0.0552, acc: 97.6104, loss_bbox: 0.0316, loss: 0.0903
2026-05-07 21:59:35,670 - mmdet - INFO - Epoch [66][100/101]	lr: 1.000e-04, eta: 4:11:55, time: 0.619, data_time: 0.013, memory: 7275, loss_rpn_cls: 0.0018, loss_rpn_bbox: 0.0015, loss_cls: 0.0534, acc: 97.7619, loss_bbox: 0.0299, loss: 0.0865
2026-05-07 22:00:10,035 - mmdet - INFO - Epoch [67][50/101]	lr: 1.000e-04, eta: 4:11:26, time: 0.672, data_time: 0.066, memory: 7275, loss_rpn_cls: 0.0044, loss_rpn_bbox: 0.0019, loss_cls: 0.0631, acc: 97.3145, loss_bbox: 0.0401, loss: 0.1095
2026-05-07 22:00:40,846 - mmdet - INFO - Epoch [67][100/101]	lr: 1.000e-04, eta: 4:10:50, time: 0.616, data_time: 0.013, memory: 7275, loss_rpn_cls: 0.0023, loss_rpn_bbox: 0.0014, loss_cls: 0.0529, acc: 97.7343, loss_bbox: 0.0354, loss: 0.0921
2026-05-07 22:01:15,044 - mmdet - INFO - Epoch [68][50/101]	lr: 1.000e-04, eta: 4:10:20, time: 0.668, data_time: 0.066, memory: 7275, loss_rpn_cls: 0.0017, loss_rpn_bbox: 0.0013, loss_cls: 0.0486, acc: 97.9502, loss_bbox: 0.0282, loss: 0.0798
2026-05-07 22:01:46,049 - mmdet - INFO - Epoch [68][100/101]	lr: 1.000e-04, eta: 4:09:45, time: 0.620, data_time: 0.013, memory: 7275, loss_rpn_cls: 0.0023, loss_rpn_bbox: 0.0018, loss_cls: 0.0567, acc: 97.5493, loss_bbox: 0.0312, loss: 0.0920
2026-05-07 22:02:20,450 - mmdet - INFO - Epoch [69][50/101]	lr: 1.000e-04, eta: 4:09:15, time: 0.672, data_time: 0.066, memory: 7275, loss_rpn_cls: 0.0022, loss_rpn_bbox: 0.0015, loss_cls: 0.0518, acc: 97.7971, loss_bbox: 0.0286, loss: 0.0841
2026-05-07 22:02:51,431 - mmdet - INFO - Epoch [69][100/101]	lr: 1.000e-04, eta: 4:08:40, time: 0.620, data_time: 0.013, memory: 7275, loss_rpn_cls: 0.0024, loss_rpn_bbox: 0.0017, loss_cls: 0.0541, acc: 97.6846, loss_bbox: 0.0298, loss: 0.0880
2026-05-07 22:03:25,959 - mmdet - INFO - Epoch [70][50/101]	lr: 1.000e-04, eta: 4:08:11, time: 0.675, data_time: 0.066, memory: 7275, loss_rpn_cls: 0.0025, loss_rpn_bbox: 0.0017, loss_cls: 0.0576, acc: 97.5085, loss_bbox: 0.0322, loss: 0.0940
2026-05-07 22:03:56,902 - mmdet - INFO - Epoch [70][100/101]	lr: 1.000e-04, eta: 4:07:36, time: 0.619, data_time: 0.013, memory: 7275, loss_rpn_cls: 0.0030, loss_rpn_bbox: 0.0017, loss_cls: 0.0564, acc: 97.6123, loss_bbox: 0.0325, loss: 0.0936
2026-05-07 22:03:57,682 - mmdet - INFO - Saving checkpoint at 70 epochs
2026-05-07 22:04:37,646 - mmdet - INFO - Evaluating bbox...
2026-05-07 22:04:41,370 - mmdet - INFO - 
 Average Precision  (AP) @[ IoU=0.50:0.95 | area=   all | maxDets=100 ] = 0.317
 Average Precision  (AP) @[ IoU=0.50      | area=   all | maxDets=1000 ] = 0.683
 Average Precision  (AP) @[ IoU=0.75      | area=   all | maxDets=1000 ] = 0.256
 Average Precision  (AP) @[ IoU=0.50:0.95 | area= small | maxDets=1000 ] = 0.021
 Average Precision  (AP) @[ IoU=0.50:0.95 | area=medium | maxDets=1000 ] = 0.267
 Average Precision  (AP) @[ IoU=0.50:0.95 | area= large | maxDets=1000 ] = 0.414
 Average Recall     (AR) @[ IoU=0.50:0.95 | area=   all | maxDets=100 ] = 0.443
 Average Recall     (AR) @[ IoU=0.50:0.95 | area=   all | maxDets=300 ] = 0.443
 Average Recall     (AR) @[ IoU=0.50:0.95 | area=   all | maxDets=1000 ] = 0.443
 Average Recall     (AR) @[ IoU=0.50:0.95 | area= small | maxDets=1000 ] = 0.028
 Average Recall     (AR) @[ IoU=0.50:0.95 | area=medium | maxDets=1000 ] = 0.380
 Average Recall     (AR) @[ IoU=0.50:0.95 | area= large | maxDets=1000 ] = 0.565

2026-05-07 22:04:41,375 - mmdet - INFO - Exp name: fold_2_swin_t_3x_hbb.py
2026-05-07 22:04:41,376 - mmdet - INFO - Epoch(val) [70][371]	bbox_mAP: 0.3170, bbox_mAP_50: 0.6830, bbox_mAP_75: 0.2560, bbox_mAP_s: 0.0210, bbox_mAP_m: 0.2670, bbox_mAP_l: 0.4140, bbox_mAP_copypaste: 0.317 0.683 0.256 0.021 0.267 0.414
2026-05-07 22:05:14,905 - mmdet - INFO - Epoch [71][50/101]	lr: 1.000e-04, eta: 4:07:06, time: 0.670, data_time: 0.066, memory: 7275, loss_rpn_cls: 0.0024, loss_rpn_bbox: 0.0016, loss_cls: 0.0501, acc: 97.8721, loss_bbox: 0.0278, loss: 0.0819
2026-05-07 22:05:45,817 - mmdet - INFO - Epoch [71][100/101]	lr: 1.000e-04, eta: 4:06:30, time: 0.618, data_time: 0.013, memory: 7275, loss_rpn_cls: 0.0019, loss_rpn_bbox: 0.0015, loss_cls: 0.0523, acc: 97.7370, loss_bbox: 0.0298, loss: 0.0855
2026-05-07 22:06:20,231 - mmdet - INFO - Epoch [72][50/101]	lr: 1.000e-04, eta: 4:06:01, time: 0.672, data_time: 0.066, memory: 7275, loss_rpn_cls: 0.0017, loss_rpn_bbox: 0.0016, loss_cls: 0.0554, acc: 97.6292, loss_bbox: 0.0320, loss: 0.0906
2026-05-07 22:06:51,132 - mmdet - INFO - Epoch [72][100/101]	lr: 1.000e-04, eta: 4:05:26, time: 0.618, data_time: 0.013, memory: 7275, loss_rpn_cls: 0.0016, loss_rpn_bbox: 0.0015, loss_cls: 0.0512, acc: 97.7842, loss_bbox: 0.0288, loss: 0.0832
2026-05-07 22:07:25,695 - mmdet - INFO - Epoch [73][50/101]	lr: 1.000e-04, eta: 4:04:57, time: 0.675, data_time: 0.067, memory: 7275, loss_rpn_cls: 0.0021, loss_rpn_bbox: 0.0015, loss_cls: 0.0539, acc: 97.7324, loss_bbox: 0.0269, loss: 0.0845
2026-05-07 22:07:56,590 - mmdet - INFO - Epoch [73][100/101]	lr: 1.000e-04, eta: 4:04:21, time: 0.618, data_time: 0.013, memory: 7275, loss_rpn_cls: 0.0023, loss_rpn_bbox: 0.0016, loss_cls: 0.0500, acc: 97.8618, loss_bbox: 0.0301, loss: 0.0839
2026-05-07 22:08:31,003 - mmdet - INFO - Epoch [74][50/101]	lr: 1.000e-04, eta: 4:03:52, time: 0.673, data_time: 0.066, memory: 7275, loss_rpn_cls: 0.0022, loss_rpn_bbox: 0.0014, loss_cls: 0.0491, acc: 97.8877, loss_bbox: 0.0264, loss: 0.0791
2026-05-07 22:09:01,965 - mmdet - INFO - Epoch [74][100/101]	lr: 1.000e-04, eta: 4:03:17, time: 0.619, data_time: 0.013, memory: 7275, loss_rpn_cls: 0.0019, loss_rpn_bbox: 0.0015, loss_cls: 0.0489, acc: 97.9061, loss_bbox: 0.0294, loss: 0.0817
2026-05-07 22:09:36,421 - mmdet - INFO - Epoch [75][50/101]	lr: 1.000e-04, eta: 4:02:47, time: 0.673, data_time: 0.066, memory: 7275, loss_rpn_cls: 0.0011, loss_rpn_bbox: 0.0013, loss_cls: 0.0478, acc: 97.9236, loss_bbox: 0.0276, loss: 0.0776
2026-05-07 22:10:07,410 - mmdet - INFO - Epoch [75][100/101]	lr: 1.000e-04, eta: 4:02:12, time: 0.620, data_time: 0.013, memory: 7275, loss_rpn_cls: 0.0024, loss_rpn_bbox: 0.0017, loss_cls: 0.0522, acc: 97.7842, loss_bbox: 0.0297, loss: 0.0860
2026-05-07 22:10:41,839 - mmdet - INFO - Epoch [76][50/101]	lr: 1.000e-04, eta: 4:01:43, time: 0.673, data_time: 0.066, memory: 7275, loss_rpn_cls: 0.0014, loss_rpn_bbox: 0.0016, loss_cls: 0.0559, acc: 97.6326, loss_bbox: 0.0306, loss: 0.0895
2026-05-07 22:11:12,778 - mmdet - INFO - Epoch [76][100/101]	lr: 1.000e-04, eta: 4:01:08, time: 0.619, data_time: 0.013, memory: 7275, loss_rpn_cls: 0.0017, loss_rpn_bbox: 0.0014, loss_cls: 0.0494, acc: 97.9199, loss_bbox: 0.0268, loss: 0.0794
2026-05-07 22:11:47,168 - mmdet - INFO - Epoch [77][50/101]	lr: 1.000e-04, eta: 4:00:38, time: 0.672, data_time: 0.066, memory: 7275, loss_rpn_cls: 0.0017, loss_rpn_bbox: 0.0013, loss_cls: 0.0445, acc: 98.1172, loss_bbox: 0.0256, loss: 0.0731
2026-05-07 22:12:18,141 - mmdet - INFO - Epoch [77][100/101]	lr: 1.000e-04, eta: 4:00:03, time: 0.619, data_time: 0.013, memory: 7275, loss_rpn_cls: 0.0026, loss_rpn_bbox: 0.0015, loss_cls: 0.0519, acc: 97.7779, loss_bbox: 0.0294, loss: 0.0854
2026-05-07 22:12:52,704 - mmdet - INFO - Epoch [78][50/101]	lr: 1.000e-04, eta: 3:59:34, time: 0.675, data_time: 0.066, memory: 7275, loss_rpn_cls: 0.0024, loss_rpn_bbox: 0.0015, loss_cls: 0.0526, acc: 97.7400, loss_bbox: 0.0287, loss: 0.0852
2026-05-07 22:13:23,621 - mmdet - INFO - Epoch [78][100/101]	lr: 1.000e-04, eta: 3:58:59, time: 0.618, data_time: 0.013, memory: 7275, loss_rpn_cls: 0.0024, loss_rpn_bbox: 0.0014, loss_cls: 0.0487, acc: 97.9160, loss_bbox: 0.0257, loss: 0.0782
2026-05-07 22:13:58,076 - mmdet - INFO - Epoch [79][50/101]	lr: 1.000e-04, eta: 3:58:29, time: 0.673, data_time: 0.066, memory: 7275, loss_rpn_cls: 0.0013, loss_rpn_bbox: 0.0012, loss_cls: 0.0490, acc: 97.8828, loss_bbox: 0.0263, loss: 0.0778
2026-05-07 22:14:29,098 - mmdet - INFO - Epoch [79][100/101]	lr: 1.000e-04, eta: 3:57:54, time: 0.620, data_time: 0.013, memory: 7275, loss_rpn_cls: 0.0016, loss_rpn_bbox: 0.0013, loss_cls: 0.0477, acc: 98.0048, loss_bbox: 0.0254, loss: 0.0759
2026-05-07 22:15:03,422 - mmdet - INFO - Epoch [80][50/101]	lr: 1.000e-04, eta: 3:57:24, time: 0.671, data_time: 0.066, memory: 7275, loss_rpn_cls: 0.0014, loss_rpn_bbox: 0.0011, loss_cls: 0.0440, acc: 98.1494, loss_bbox: 0.0251, loss: 0.0716
2026-05-07 22:15:34,509 - mmdet - INFO - Epoch [80][100/101]	lr: 1.000e-04, eta: 3:56:50, time: 0.622, data_time: 0.013, memory: 7275, loss_rpn_cls: 0.0026, loss_rpn_bbox: 0.0017, loss_cls: 0.0555, acc: 97.6583, loss_bbox: 0.0308, loss: 0.0906
2026-05-07 22:15:35,294 - mmdet - INFO - Saving checkpoint at 80 epochs
2026-05-07 22:16:15,546 - mmdet - INFO - Evaluating bbox...
2026-05-07 22:16:19,272 - mmdet - INFO - 
 Average Precision  (AP) @[ IoU=0.50:0.95 | area=   all | maxDets=100 ] = 0.314
 Average Precision  (AP) @[ IoU=0.50      | area=   all | maxDets=1000 ] = 0.691
 Average Precision  (AP) @[ IoU=0.75      | area=   all | maxDets=1000 ] = 0.230
 Average Precision  (AP) @[ IoU=0.50:0.95 | area= small | maxDets=1000 ] = 0.008
 Average Precision  (AP) @[ IoU=0.50:0.95 | area=medium | maxDets=1000 ] = 0.266
 Average Precision  (AP) @[ IoU=0.50:0.95 | area= large | maxDets=1000 ] = 0.409
 Average Recall     (AR) @[ IoU=0.50:0.95 | area=   all | maxDets=100 ] = 0.447
 Average Recall     (AR) @[ IoU=0.50:0.95 | area=   all | maxDets=300 ] = 0.447
 Average Recall     (AR) @[ IoU=0.50:0.95 | area=   all | maxDets=1000 ] = 0.447
 Average Recall     (AR) @[ IoU=0.50:0.95 | area= small | maxDets=1000 ] = 0.022
 Average Recall     (AR) @[ IoU=0.50:0.95 | area=medium | maxDets=1000 ] = 0.388
 Average Recall     (AR) @[ IoU=0.50:0.95 | area= large | maxDets=1000 ] = 0.563

2026-05-07 22:16:19,277 - mmdet - INFO - Exp name: fold_2_swin_t_3x_hbb.py
2026-05-07 22:16:19,277 - mmdet - INFO - Epoch(val) [80][371]	bbox_mAP: 0.3140, bbox_mAP_50: 0.6910, bbox_mAP_75: 0.2300, bbox_mAP_s: 0.0080, bbox_mAP_m: 0.2660, bbox_mAP_l: 0.4090, bbox_mAP_copypaste: 0.314 0.691 0.230 0.008 0.266 0.409
2026-05-07 22:16:52,855 - mmdet - INFO - Epoch [81][50/101]	lr: 1.000e-04, eta: 3:56:20, time: 0.671, data_time: 0.066, memory: 7275, loss_rpn_cls: 0.0013, loss_rpn_bbox: 0.0014, loss_cls: 0.0458, acc: 98.0547, loss_bbox: 0.0226, loss: 0.0710
2026-05-07 22:17:23,866 - mmdet - INFO - Epoch [81][100/101]	lr: 1.000e-04, eta: 3:55:45, time: 0.620, data_time: 0.013, memory: 7275, loss_rpn_cls: 0.0026, loss_rpn_bbox: 0.0016, loss_cls: 0.0541, acc: 97.6591, loss_bbox: 0.0307, loss: 0.0890
2026-05-07 22:17:58,330 - mmdet - INFO - Epoch [82][50/101]	lr: 1.000e-04, eta: 3:55:16, time: 0.674, data_time: 0.066, memory: 7275, loss_rpn_cls: 0.0041, loss_rpn_bbox: 0.0014, loss_cls: 0.0530, acc: 97.7865, loss_bbox: 0.0278, loss: 0.0863
2026-05-07 22:18:29,260 - mmdet - INFO - Epoch [82][100/101]	lr: 1.000e-04, eta: 3:54:41, time: 0.619, data_time: 0.013, memory: 7275, loss_rpn_cls: 0.0017, loss_rpn_bbox: 0.0015, loss_cls: 0.0529, acc: 97.7119, loss_bbox: 0.0303, loss: 0.0864
2026-05-07 22:19:03,749 - mmdet - INFO - Epoch [83][50/101]	lr: 1.000e-04, eta: 3:54:11, time: 0.674, data_time: 0.066, memory: 7275, loss_rpn_cls: 0.0020, loss_rpn_bbox: 0.0017, loss_cls: 0.0528, acc: 97.7516, loss_bbox: 0.0288, loss: 0.0853
2026-05-07 22:19:34,655 - mmdet - INFO - Epoch [83][100/101]	lr: 1.000e-04, eta: 3:53:36, time: 0.618, data_time: 0.013, memory: 7275, loss_rpn_cls: 0.0032, loss_rpn_bbox: 0.0016, loss_cls: 0.0531, acc: 97.8066, loss_bbox: 0.0275, loss: 0.0853
2026-05-07 22:20:09,115 - mmdet - INFO - Epoch [84][50/101]	lr: 1.000e-04, eta: 3:53:06, time: 0.673, data_time: 0.066, memory: 7275, loss_rpn_cls: 0.0021, loss_rpn_bbox: 0.0015, loss_cls: 0.0517, acc: 97.7900, loss_bbox: 0.0282, loss: 0.0836
2026-05-07 22:20:40,040 - mmdet - INFO - Epoch [84][100/101]	lr: 1.000e-04, eta: 3:52:32, time: 0.619, data_time: 0.013, memory: 7275, loss_rpn_cls: 0.0020, loss_rpn_bbox: 0.0014, loss_cls: 0.0487, acc: 97.9178, loss_bbox: 0.0271, loss: 0.0792
2026-05-07 22:21:14,596 - mmdet - INFO - Epoch [85][50/101]	lr: 1.000e-04, eta: 3:52:02, time: 0.675, data_time: 0.066, memory: 7275, loss_rpn_cls: 0.0031, loss_rpn_bbox: 0.0015, loss_cls: 0.0514, acc: 97.8323, loss_bbox: 0.0272, loss: 0.0832
2026-05-07 22:21:45,625 - mmdet - INFO - Epoch [85][100/101]	lr: 1.000e-04, eta: 3:51:28, time: 0.621, data_time: 0.013, memory: 7275, loss_rpn_cls: 0.0018, loss_rpn_bbox: 0.0016, loss_cls: 0.0500, acc: 97.8504, loss_bbox: 0.0309, loss: 0.0843
2026-05-07 22:22:20,060 - mmdet - INFO - Epoch [86][50/101]	lr: 1.000e-04, eta: 3:50:58, time: 0.673, data_time: 0.066, memory: 7275, loss_rpn_cls: 0.0021, loss_rpn_bbox: 0.0014, loss_cls: 0.0490, acc: 97.9463, loss_bbox: 0.0257, loss: 0.0783
2026-05-07 22:22:50,993 - mmdet - INFO - Epoch [86][100/101]	lr: 1.000e-04, eta: 3:50:23, time: 0.619, data_time: 0.013, memory: 7275, loss_rpn_cls: 0.0024, loss_rpn_bbox: 0.0014, loss_cls: 0.0464, acc: 98.0479, loss_bbox: 0.0252, loss: 0.0753
2026-05-07 22:23:25,492 - mmdet - INFO - Epoch [87][50/101]	lr: 1.000e-04, eta: 3:49:53, time: 0.674, data_time: 0.066, memory: 7275, loss_rpn_cls: 0.0017, loss_rpn_bbox: 0.0013, loss_cls: 0.0453, acc: 98.0615, loss_bbox: 0.0239, loss: 0.0721
2026-05-07 22:23:56,527 - mmdet - INFO - Epoch [87][100/101]	lr: 1.000e-04, eta: 3:49:19, time: 0.621, data_time: 0.013, memory: 7275, loss_rpn_cls: 0.0018, loss_rpn_bbox: 0.0014, loss_cls: 0.0535, acc: 97.7148, loss_bbox: 0.0281, loss: 0.0848
2026-05-07 22:24:30,912 - mmdet - INFO - Epoch [88][50/101]	lr: 1.000e-04, eta: 3:48:48, time: 0.672, data_time: 0.066, memory: 7275, loss_rpn_cls: 0.0013, loss_rpn_bbox: 0.0014, loss_cls: 0.0470, acc: 97.9795, loss_bbox: 0.0250, loss: 0.0748
2026-05-07 22:25:01,702 - mmdet - INFO - Epoch [88][100/101]	lr: 1.000e-04, eta: 3:48:14, time: 0.616, data_time: 0.013, memory: 7275, loss_rpn_cls: 0.0012, loss_rpn_bbox: 0.0013, loss_cls: 0.0476, acc: 97.9756, loss_bbox: 0.0258, loss: 0.0760
2026-05-07 22:25:36,171 - mmdet - INFO - Epoch [89][50/101]	lr: 1.000e-04, eta: 3:47:43, time: 0.673, data_time: 0.066, memory: 7275, loss_rpn_cls: 0.0022, loss_rpn_bbox: 0.0014, loss_cls: 0.0486, acc: 97.9522, loss_bbox: 0.0270, loss: 0.0791
2026-05-07 22:26:07,097 - mmdet - INFO - Epoch [89][100/101]	lr: 1.000e-04, eta: 3:47:09, time: 0.619, data_time: 0.013, memory: 7275, loss_rpn_cls: 0.0018, loss_rpn_bbox: 0.0013, loss_cls: 0.0479, acc: 97.9365, loss_bbox: 0.0253, loss: 0.0764
2026-05-07 22:26:41,464 - mmdet - INFO - Epoch [90][50/101]	lr: 1.000e-04, eta: 3:46:39, time: 0.671, data_time: 0.066, memory: 7275, loss_rpn_cls: 0.0016, loss_rpn_bbox: 0.0013, loss_cls: 0.0500, acc: 97.8742, loss_bbox: 0.0270, loss: 0.0800
2026-05-07 22:27:12,479 - mmdet - INFO - Epoch [90][100/101]	lr: 1.000e-04, eta: 3:46:04, time: 0.620, data_time: 0.013, memory: 7275, loss_rpn_cls: 0.0038, loss_rpn_bbox: 0.0016, loss_cls: 0.0507, acc: 97.8269, loss_bbox: 0.0285, loss: 0.0845
2026-05-07 22:27:13,251 - mmdet - INFO - Saving checkpoint at 90 epochs
2026-05-07 22:27:53,064 - mmdet - INFO - Evaluating bbox...
2026-05-07 22:27:56,745 - mmdet - INFO - 
 Average Precision  (AP) @[ IoU=0.50:0.95 | area=   all | maxDets=100 ] = 0.302
 Average Precision  (AP) @[ IoU=0.50      | area=   all | maxDets=1000 ] = 0.684
 Average Precision  (AP) @[ IoU=0.75      | area=   all | maxDets=1000 ] = 0.214
 Average Precision  (AP) @[ IoU=0.50:0.95 | area= small | maxDets=1000 ] = 0.006
 Average Precision  (AP) @[ IoU=0.50:0.95 | area=medium | maxDets=1000 ] = 0.261
 Average Precision  (AP) @[ IoU=0.50:0.95 | area= large | maxDets=1000 ] = 0.388
 Average Recall     (AR) @[ IoU=0.50:0.95 | area=   all | maxDets=100 ] = 0.431
 Average Recall     (AR) @[ IoU=0.50:0.95 | area=   all | maxDets=300 ] = 0.431
 Average Recall     (AR) @[ IoU=0.50:0.95 | area=   all | maxDets=1000 ] = 0.431
 Average Recall     (AR) @[ IoU=0.50:0.95 | area= small | maxDets=1000 ] = 0.022
 Average Recall     (AR) @[ IoU=0.50:0.95 | area=medium | maxDets=1000 ] = 0.387
 Average Recall     (AR) @[ IoU=0.50:0.95 | area= large | maxDets=1000 ] = 0.523

2026-05-07 22:27:56,750 - mmdet - INFO - Exp name: fold_2_swin_t_3x_hbb.py
2026-05-07 22:27:56,750 - mmdet - INFO - Epoch(val) [90][371]	bbox_mAP: 0.3020, bbox_mAP_50: 0.6840, bbox_mAP_75: 0.2140, bbox_mAP_s: 0.0060, bbox_mAP_m: 0.2610, bbox_mAP_l: 0.3880, bbox_mAP_copypaste: 0.302 0.684 0.214 0.006 0.261 0.388
2026-05-07 22:28:30,374 - mmdet - INFO - Epoch [91][50/101]	lr: 1.000e-04, eta: 3:45:34, time: 0.672, data_time: 0.066, memory: 7275, loss_rpn_cls: 0.0030, loss_rpn_bbox: 0.0015, loss_cls: 0.0522, acc: 97.7344, loss_bbox: 0.0267, loss: 0.0834
2026-05-07 22:29:01,266 - mmdet - INFO - Epoch [91][100/101]	lr: 1.000e-04, eta: 3:45:00, time: 0.618, data_time: 0.013, memory: 7275, loss_rpn_cls: 0.0027, loss_rpn_bbox: 0.0015, loss_cls: 0.0453, acc: 98.0659, loss_bbox: 0.0247, loss: 0.0743
2026-05-07 22:29:35,602 - mmdet - INFO - Epoch [92][50/101]	lr: 1.000e-04, eta: 3:44:29, time: 0.670, data_time: 0.066, memory: 7275, loss_rpn_cls: 0.0012, loss_rpn_bbox: 0.0012, loss_cls: 0.0439, acc: 98.0938, loss_bbox: 0.0215, loss: 0.0678
2026-05-07 22:30:06,647 - mmdet - INFO - Epoch [92][100/101]	lr: 1.000e-04, eta: 3:43:55, time: 0.621, data_time: 0.013, memory: 7275, loss_rpn_cls: 0.0031, loss_rpn_bbox: 0.0015, loss_cls: 0.0499, acc: 97.9223, loss_bbox: 0.0271, loss: 0.0816
2026-05-07 22:30:41,214 - mmdet - INFO - Epoch [93][50/101]	lr: 1.000e-04, eta: 3:43:25, time: 0.675, data_time: 0.066, memory: 7275, loss_rpn_cls: 0.0018, loss_rpn_bbox: 0.0012, loss_cls: 0.0480, acc: 97.9243, loss_bbox: 0.0249, loss: 0.0759
2026-05-07 22:31:12,256 - mmdet - INFO - Epoch [93][100/101]	lr: 1.000e-04, eta: 3:42:51, time: 0.621, data_time: 0.013, memory: 7275, loss_rpn_cls: 0.0016, loss_rpn_bbox: 0.0013, loss_cls: 0.0504, acc: 97.8682, loss_bbox: 0.0265, loss: 0.0798
2026-05-07 22:31:46,758 - mmdet - INFO - Epoch [94][50/101]	lr: 1.000e-04, eta: 3:42:21, time: 0.674, data_time: 0.066, memory: 7275, loss_rpn_cls: 0.0023, loss_rpn_bbox: 0.0013, loss_cls: 0.0479, acc: 97.9670, loss_bbox: 0.0270, loss: 0.0785
2026-05-07 22:32:17,740 - mmdet - INFO - Epoch [94][100/101]	lr: 1.000e-04, eta: 3:41:46, time: 0.620, data_time: 0.013, memory: 7275, loss_rpn_cls: 0.0014, loss_rpn_bbox: 0.0014, loss_cls: 0.0479, acc: 97.9043, loss_bbox: 0.0247, loss: 0.0754
2026-05-07 22:32:52,246 - mmdet - INFO - Epoch [95][50/101]	lr: 1.000e-04, eta: 3:41:16, time: 0.674, data_time: 0.066, memory: 7275, loss_rpn_cls: 0.0023, loss_rpn_bbox: 0.0015, loss_cls: 0.0513, acc: 97.7473, loss_bbox: 0.0262, loss: 0.0813
2026-05-07 22:33:23,246 - mmdet - INFO - Epoch [95][100/101]	lr: 1.000e-04, eta: 3:40:42, time: 0.620, data_time: 0.013, memory: 7275, loss_rpn_cls: 0.0014, loss_rpn_bbox: 0.0011, loss_cls: 0.0441, acc: 98.0723, loss_bbox: 0.0230, loss: 0.0697
2026-05-07 22:33:57,669 - mmdet - INFO - Epoch [96][50/101]	lr: 1.000e-04, eta: 3:40:12, time: 0.673, data_time: 0.066, memory: 7275, loss_rpn_cls: 0.0011, loss_rpn_bbox: 0.0012, loss_cls: 0.0460, acc: 98.0098, loss_bbox: 0.0222, loss: 0.0704
2026-05-07 22:34:28,643 - mmdet - INFO - Epoch [96][100/101]	lr: 1.000e-04, eta: 3:39:38, time: 0.619, data_time: 0.013, memory: 7275, loss_rpn_cls: 0.0013, loss_rpn_bbox: 0.0013, loss_cls: 0.0483, acc: 97.9350, loss_bbox: 0.0261, loss: 0.0771
2026-05-07 22:35:03,022 - mmdet - INFO - Epoch [97][50/101]	lr: 1.000e-04, eta: 3:39:07, time: 0.672, data_time: 0.066, memory: 7275, loss_rpn_cls: 0.0011, loss_rpn_bbox: 0.0014, loss_cls: 0.0461, acc: 98.0225, loss_bbox: 0.0241, loss: 0.0726
2026-05-07 22:35:33,933 - mmdet - INFO - Epoch [97][100/101]	lr: 1.000e-04, eta: 3:38:33, time: 0.618, data_time: 0.013, memory: 7275, loss_rpn_cls: 0.0014, loss_rpn_bbox: 0.0012, loss_cls: 0.0443, acc: 98.1167, loss_bbox: 0.0221, loss: 0.0689
2026-05-07 22:36:08,354 - mmdet - INFO - Epoch [98][50/101]	lr: 1.000e-04, eta: 3:38:02, time: 0.673, data_time: 0.066, memory: 7275, loss_rpn_cls: 0.0013, loss_rpn_bbox: 0.0012, loss_cls: 0.0446, acc: 98.0391, loss_bbox: 0.0236, loss: 0.0708
2026-05-07 22:36:39,286 - mmdet - INFO - Epoch [98][100/101]	lr: 1.000e-04, eta: 3:37:28, time: 0.619, data_time: 0.013, memory: 7275, loss_rpn_cls: 0.0010, loss_rpn_bbox: 0.0012, loss_cls: 0.0440, acc: 98.1552, loss_bbox: 0.0209, loss: 0.0671
2026-05-07 22:37:13,738 - mmdet - INFO - Epoch [99][50/101]	lr: 1.000e-04, eta: 3:36:58, time: 0.673, data_time: 0.066, memory: 7275, loss_rpn_cls: 0.0009, loss_rpn_bbox: 0.0009, loss_cls: 0.0403, acc: 98.2764, loss_bbox: 0.0180, loss: 0.0601
2026-05-07 22:37:44,731 - mmdet - INFO - Epoch [99][100/101]	lr: 1.000e-04, eta: 3:36:24, time: 0.620, data_time: 0.013, memory: 7275, loss_rpn_cls: 0.0017, loss_rpn_bbox: 0.0012, loss_cls: 0.0462, acc: 98.0159, loss_bbox: 0.0239, loss: 0.0730
2026-05-07 22:38:19,205 - mmdet - INFO - Epoch [100][50/101]	lr: 1.000e-04, eta: 3:35:53, time: 0.673, data_time: 0.066, memory: 7275, loss_rpn_cls: 0.0012, loss_rpn_bbox: 0.0011, loss_cls: 0.0438, acc: 98.1114, loss_bbox: 0.0221, loss: 0.0682
2026-05-07 22:38:50,126 - mmdet - INFO - Epoch [100][100/101]	lr: 1.000e-04, eta: 3:35:19, time: 0.618, data_time: 0.013, memory: 7275, loss_rpn_cls: 0.0009, loss_rpn_bbox: 0.0011, loss_cls: 0.0456, acc: 98.0784, loss_bbox: 0.0213, loss: 0.0689
2026-05-07 22:38:50,903 - mmdet - INFO - Saving checkpoint at 100 epochs
2026-05-07 22:39:30,910 - mmdet - INFO - Evaluating bbox...
2026-05-07 22:39:34,498 - mmdet - INFO - 
 Average Precision  (AP) @[ IoU=0.50:0.95 | area=   all | maxDets=100 ] = 0.323
 Average Precision  (AP) @[ IoU=0.50      | area=   all | maxDets=1000 ] = 0.691
 Average Precision  (AP) @[ IoU=0.75      | area=   all | maxDets=1000 ] = 0.261
 Average Precision  (AP) @[ IoU=0.50:0.95 | area= small | maxDets=1000 ] = 0.012
 Average Precision  (AP) @[ IoU=0.50:0.95 | area=medium | maxDets=1000 ] = 0.274
 Average Precision  (AP) @[ IoU=0.50:0.95 | area= large | maxDets=1000 ] = 0.418
 Average Recall     (AR) @[ IoU=0.50:0.95 | area=   all | maxDets=100 ] = 0.439
 Average Recall     (AR) @[ IoU=0.50:0.95 | area=   all | maxDets=300 ] = 0.439
 Average Recall     (AR) @[ IoU=0.50:0.95 | area=   all | maxDets=1000 ] = 0.439
 Average Recall     (AR) @[ IoU=0.50:0.95 | area= small | maxDets=1000 ] = 0.025
 Average Recall     (AR) @[ IoU=0.50:0.95 | area=medium | maxDets=1000 ] = 0.379
 Average Recall     (AR) @[ IoU=0.50:0.95 | area= large | maxDets=1000 ] = 0.557

2026-05-07 22:39:34,503 - mmdet - INFO - Exp name: fold_2_swin_t_3x_hbb.py
2026-05-07 22:39:34,503 - mmdet - INFO - Epoch(val) [100][371]	bbox_mAP: 0.3230, bbox_mAP_50: 0.6910, bbox_mAP_75: 0.2610, bbox_mAP_s: 0.0120, bbox_mAP_m: 0.2740, bbox_mAP_l: 0.4180, bbox_mAP_copypaste: 0.323 0.691 0.261 0.012 0.274 0.418
2026-05-07 22:40:08,132 - mmdet - INFO - Epoch [101][50/101]	lr: 1.000e-04, eta: 3:34:48, time: 0.672, data_time: 0.066, memory: 7275, loss_rpn_cls: 0.0012, loss_rpn_bbox: 0.0011, loss_cls: 0.0454, acc: 98.0418, loss_bbox: 0.0235, loss: 0.0712
2026-05-07 22:40:39,067 - mmdet - INFO - Epoch [101][100/101]	lr: 1.000e-04, eta: 3:34:14, time: 0.619, data_time: 0.013, memory: 7275, loss_rpn_cls: 0.0018, loss_rpn_bbox: 0.0014, loss_cls: 0.0451, acc: 98.0625, loss_bbox: 0.0226, loss: 0.0709
2026-05-07 22:41:13,457 - mmdet - INFO - Epoch [102][50/101]	lr: 1.000e-04, eta: 3:33:44, time: 0.672, data_time: 0.066, memory: 7275, loss_rpn_cls: 0.0014, loss_rpn_bbox: 0.0013, loss_cls: 0.0430, acc: 98.2139, loss_bbox: 0.0212, loss: 0.0668
2026-05-07 22:41:44,308 - mmdet - INFO - Epoch [102][100/101]	lr: 1.000e-04, eta: 3:33:09, time: 0.617, data_time: 0.013, memory: 7275, loss_rpn_cls: 0.0014, loss_rpn_bbox: 0.0012, loss_cls: 0.0457, acc: 98.0239, loss_bbox: 0.0242, loss: 0.0725
2026-05-07 22:42:18,733 - mmdet - INFO - Epoch [103][50/101]	lr: 1.000e-04, eta: 3:32:39, time: 0.673, data_time: 0.066, memory: 7275, loss_rpn_cls: 0.0028, loss_rpn_bbox: 0.0012, loss_cls: 0.0406, acc: 98.2646, loss_bbox: 0.0215, loss: 0.0661
2026-05-07 22:42:49,795 - mmdet - INFO - Epoch [103][100/101]	lr: 1.000e-04, eta: 3:32:05, time: 0.621, data_time: 0.013, memory: 7275, loss_rpn_cls: 0.0018, loss_rpn_bbox: 0.0014, loss_cls: 0.0502, acc: 97.8421, loss_bbox: 0.0265, loss: 0.0799
2026-05-07 22:43:24,300 - mmdet - INFO - Epoch [104][50/101]	lr: 1.000e-04, eta: 3:31:35, time: 0.674, data_time: 0.066, memory: 7275, loss_rpn_cls: 0.0018, loss_rpn_bbox: 0.0013, loss_cls: 0.0466, acc: 97.9851, loss_bbox: 0.0225, loss: 0.0722
2026-05-07 22:43:55,221 - mmdet - INFO - Epoch [104][100/101]	lr: 1.000e-04, eta: 3:31:01, time: 0.618, data_time: 0.013, memory: 7275, loss_rpn_cls: 0.0015, loss_rpn_bbox: 0.0014, loss_cls: 0.0460, acc: 98.0684, loss_bbox: 0.0254, loss: 0.0743
2026-05-07 22:44:29,734 - mmdet - INFO - Epoch [105][50/101]	lr: 1.000e-04, eta: 3:30:30, time: 0.675, data_time: 0.066, memory: 7275, loss_rpn_cls: 0.0011, loss_rpn_bbox: 0.0012, loss_cls: 0.0460, acc: 98.0240, loss_bbox: 0.0233, loss: 0.0716
2026-05-07 22:45:00,690 - mmdet - INFO - Epoch [105][100/101]	lr: 1.000e-04, eta: 3:29:56, time: 0.619, data_time: 0.013, memory: 7275, loss_rpn_cls: 0.0012, loss_rpn_bbox: 0.0010, loss_cls: 0.0400, acc: 98.3125, loss_bbox: 0.0199, loss: 0.0622
2026-05-07 22:45:35,156 - mmdet - INFO - Epoch [106][50/101]	lr: 1.000e-04, eta: 3:29:25, time: 0.673, data_time: 0.066, memory: 7275, loss_rpn_cls: 0.0013, loss_rpn_bbox: 0.0012, loss_cls: 0.0412, acc: 98.3005, loss_bbox: 0.0212, loss: 0.0648
2026-05-07 22:46:06,084 - mmdet - INFO - Epoch [106][100/101]	lr: 1.000e-04, eta: 3:28:52, time: 0.619, data_time: 0.013, memory: 7275, loss_rpn_cls: 0.0011, loss_rpn_bbox: 0.0012, loss_cls: 0.0404, acc: 98.2568, loss_bbox: 0.0193, loss: 0.0620
2026-05-07 22:46:40,570 - mmdet - INFO - Epoch [107][50/101]	lr: 1.000e-04, eta: 3:28:21, time: 0.674, data_time: 0.066, memory: 7275, loss_rpn_cls: 0.0018, loss_rpn_bbox: 0.0012, loss_cls: 0.0424, acc: 98.1533, loss_bbox: 0.0203, loss: 0.0657
2026-05-07 22:47:11,420 - mmdet - INFO - Epoch [107][100/101]	lr: 1.000e-04, eta: 3:27:47, time: 0.617, data_time: 0.013, memory: 7275, loss_rpn_cls: 0.0022, loss_rpn_bbox: 0.0011, loss_cls: 0.0416, acc: 98.2038, loss_bbox: 0.0202, loss: 0.0652
2026-05-07 22:47:45,809 - mmdet - INFO - Epoch [108][50/101]	lr: 1.000e-04, eta: 3:27:16, time: 0.672, data_time: 0.066, memory: 7275, loss_rpn_cls: 0.0015, loss_rpn_bbox: 0.0012, loss_cls: 0.0438, acc: 98.1482, loss_bbox: 0.0225, loss: 0.0691
2026-05-07 22:48:16,683 - mmdet - INFO - Epoch [108][100/101]	lr: 1.000e-04, eta: 3:26:42, time: 0.617, data_time: 0.013, memory: 7275, loss_rpn_cls: 0.0017, loss_rpn_bbox: 0.0010, loss_cls: 0.0379, acc: 98.4033, loss_bbox: 0.0181, loss: 0.0587
2026-05-07 22:48:51,125 - mmdet - INFO - Epoch [109][50/101]	lr: 1.000e-04, eta: 3:26:11, time: 0.673, data_time: 0.066, memory: 7275, loss_rpn_cls: 0.0010, loss_rpn_bbox: 0.0011, loss_cls: 0.0429, acc: 98.1769, loss_bbox: 0.0218, loss: 0.0667
2026-05-07 22:49:22,105 - mmdet - INFO - Epoch [109][100/101]	lr: 1.000e-04, eta: 3:25:38, time: 0.620, data_time: 0.013, memory: 7275, loss_rpn_cls: 0.0012, loss_rpn_bbox: 0.0013, loss_cls: 0.0441, acc: 98.1445, loss_bbox: 0.0216, loss: 0.0681
2026-05-07 22:49:56,492 - mmdet - INFO - Epoch [110][50/101]	lr: 1.000e-04, eta: 3:25:07, time: 0.672, data_time: 0.066, memory: 7275, loss_rpn_cls: 0.0012, loss_rpn_bbox: 0.0010, loss_cls: 0.0374, acc: 98.4251, loss_bbox: 0.0188, loss: 0.0585
2026-05-07 22:50:27,468 - mmdet - INFO - Epoch [110][100/101]	lr: 1.000e-04, eta: 3:24:33, time: 0.620, data_time: 0.013, memory: 7275, loss_rpn_cls: 0.0014, loss_rpn_bbox: 0.0012, loss_cls: 0.0434, acc: 98.1523, loss_bbox: 0.0213, loss: 0.0673
2026-05-07 22:50:28,239 - mmdet - INFO - Saving checkpoint at 110 epochs
2026-05-07 22:51:08,224 - mmdet - INFO - Evaluating bbox...
2026-05-07 22:51:11,903 - mmdet - INFO - 
 Average Precision  (AP) @[ IoU=0.50:0.95 | area=   all | maxDets=100 ] = 0.320
 Average Precision  (AP) @[ IoU=0.50      | area=   all | maxDets=1000 ] = 0.692
 Average Precision  (AP) @[ IoU=0.75      | area=   all | maxDets=1000 ] = 0.252
 Average Precision  (AP) @[ IoU=0.50:0.95 | area= small | maxDets=1000 ] = 0.011
 Average Precision  (AP) @[ IoU=0.50:0.95 | area=medium | maxDets=1000 ] = 0.270
 Average Precision  (AP) @[ IoU=0.50:0.95 | area= large | maxDets=1000 ] = 0.418
 Average Recall     (AR) @[ IoU=0.50:0.95 | area=   all | maxDets=100 ] = 0.442
 Average Recall     (AR) @[ IoU=0.50:0.95 | area=   all | maxDets=300 ] = 0.442
 Average Recall     (AR) @[ IoU=0.50:0.95 | area=   all | maxDets=1000 ] = 0.442
 Average Recall     (AR) @[ IoU=0.50:0.95 | area= small | maxDets=1000 ] = 0.013
 Average Recall     (AR) @[ IoU=0.50:0.95 | area=medium | maxDets=1000 ] = 0.381
 Average Recall     (AR) @[ IoU=0.50:0.95 | area= large | maxDets=1000 ] = 0.563

2026-05-07 22:51:11,908 - mmdet - INFO - Exp name: fold_2_swin_t_3x_hbb.py
2026-05-07 22:51:11,909 - mmdet - INFO - Epoch(val) [110][371]	bbox_mAP: 0.3200, bbox_mAP_50: 0.6920, bbox_mAP_75: 0.2520, bbox_mAP_s: 0.0110, bbox_mAP_m: 0.2700, bbox_mAP_l: 0.4180, bbox_mAP_copypaste: 0.320 0.692 0.252 0.011 0.270 0.418
2026-05-07 22:51:45,385 - mmdet - INFO - Epoch [111][50/101]	lr: 1.000e-04, eta: 3:24:02, time: 0.669, data_time: 0.066, memory: 7275, loss_rpn_cls: 0.0011, loss_rpn_bbox: 0.0009, loss_cls: 0.0346, acc: 98.5049, loss_bbox: 0.0159, loss: 0.0524
2026-05-07 22:52:16,344 - mmdet - INFO - Epoch [111][100/101]	lr: 1.000e-04, eta: 3:23:28, time: 0.619, data_time: 0.013, memory: 7275, loss_rpn_cls: 0.0014, loss_rpn_bbox: 0.0013, loss_cls: 0.0460, acc: 98.0827, loss_bbox: 0.0221, loss: 0.0706
2026-05-07 22:52:50,734 - mmdet - INFO - Epoch [112][50/101]	lr: 1.000e-04, eta: 3:22:57, time: 0.672, data_time: 0.066, memory: 7275, loss_rpn_cls: 0.0019, loss_rpn_bbox: 0.0012, loss_cls: 0.0380, acc: 98.3750, loss_bbox: 0.0195, loss: 0.0605
2026-05-07 22:53:21,589 - mmdet - INFO - Epoch [112][100/101]	lr: 1.000e-04, eta: 3:22:23, time: 0.617, data_time: 0.013, memory: 7275, loss_rpn_cls: 0.0022, loss_rpn_bbox: 0.0012, loss_cls: 0.0460, acc: 97.9868, loss_bbox: 0.0235, loss: 0.0728
2026-05-07 22:53:55,957 - mmdet - INFO - Epoch [113][50/101]	lr: 1.000e-04, eta: 3:21:52, time: 0.671, data_time: 0.066, memory: 7275, loss_rpn_cls: 0.0032, loss_rpn_bbox: 0.0013, loss_cls: 0.0467, acc: 98.0273, loss_bbox: 0.0236, loss: 0.0748
2026-05-07 22:54:26,819 - mmdet - INFO - Epoch [113][100/101]	lr: 1.000e-04, eta: 3:21:18, time: 0.617, data_time: 0.013, memory: 7275, loss_rpn_cls: 0.0026, loss_rpn_bbox: 0.0013, loss_cls: 0.0434, acc: 98.1364, loss_bbox: 0.0224, loss: 0.0698
2026-05-07 22:55:01,170 - mmdet - INFO - Epoch [114][50/101]	lr: 1.000e-04, eta: 3:20:47, time: 0.671, data_time: 0.067, memory: 7275, loss_rpn_cls: 0.0017, loss_rpn_bbox: 0.0014, loss_cls: 0.0412, acc: 98.2969, loss_bbox: 0.0203, loss: 0.0647
2026-05-07 22:55:32,070 - mmdet - INFO - Epoch [114][100/101]	lr: 1.000e-04, eta: 3:20:14, time: 0.618, data_time: 0.013, memory: 7275, loss_rpn_cls: 0.0016, loss_rpn_bbox: 0.0011, loss_cls: 0.0393, acc: 98.3182, loss_bbox: 0.0193, loss: 0.0613
2026-05-07 22:56:06,432 - mmdet - INFO - Epoch [115][50/101]	lr: 1.000e-04, eta: 3:19:43, time: 0.671, data_time: 0.066, memory: 7275, loss_rpn_cls: 0.0009, loss_rpn_bbox: 0.0010, loss_cls: 0.0407, acc: 98.2783, loss_bbox: 0.0189, loss: 0.0616
2026-05-07 22:56:37,329 - mmdet - INFO - Epoch [115][100/101]	lr: 1.000e-04, eta: 3:19:09, time: 0.618, data_time: 0.013, memory: 7275, loss_rpn_cls: 0.0014, loss_rpn_bbox: 0.0011, loss_cls: 0.0398, acc: 98.3115, loss_bbox: 0.0211, loss: 0.0635
2026-05-07 22:57:11,778 - mmdet - INFO - Epoch [116][50/101]	lr: 1.000e-04, eta: 3:18:38, time: 0.673, data_time: 0.066, memory: 7275, loss_rpn_cls: 0.0020, loss_rpn_bbox: 0.0011, loss_cls: 0.0418, acc: 98.2402, loss_bbox: 0.0204, loss: 0.0653
2026-05-07 22:57:42,679 - mmdet - INFO - Epoch [116][100/101]	lr: 1.000e-04, eta: 3:18:04, time: 0.618, data_time: 0.013, memory: 7275, loss_rpn_cls: 0.0018, loss_rpn_bbox: 0.0012, loss_cls: 0.0395, acc: 98.3211, loss_bbox: 0.0193, loss: 0.0618
2026-05-07 22:58:17,077 - mmdet - INFO - Epoch [117][50/101]	lr: 1.000e-04, eta: 3:17:33, time: 0.672, data_time: 0.066, memory: 7275, loss_rpn_cls: 0.0011, loss_rpn_bbox: 0.0011, loss_cls: 0.0413, acc: 98.2490, loss_bbox: 0.0201, loss: 0.0636
2026-05-07 22:58:47,958 - mmdet - INFO - Epoch [117][100/101]	lr: 1.000e-04, eta: 3:16:59, time: 0.618, data_time: 0.013, memory: 7275, loss_rpn_cls: 0.0013, loss_rpn_bbox: 0.0012, loss_cls: 0.0408, acc: 98.2454, loss_bbox: 0.0228, loss: 0.0660
2026-05-07 22:59:22,359 - mmdet - INFO - Epoch [118][50/101]	lr: 1.000e-04, eta: 3:16:28, time: 0.672, data_time: 0.066, memory: 7275, loss_rpn_cls: 0.0019, loss_rpn_bbox: 0.0010, loss_cls: 0.0416, acc: 98.2297, loss_bbox: 0.0209, loss: 0.0653
2026-05-07 22:59:53,316 - mmdet - INFO - Epoch [118][100/101]	lr: 1.000e-04, eta: 3:15:55, time: 0.619, data_time: 0.013, memory: 7275, loss_rpn_cls: 0.0011, loss_rpn_bbox: 0.0012, loss_cls: 0.0393, acc: 98.3350, loss_bbox: 0.0204, loss: 0.0620
2026-05-07 23:00:27,723 - mmdet - INFO - Epoch [119][50/101]	lr: 1.000e-04, eta: 3:15:24, time: 0.672, data_time: 0.066, memory: 7275, loss_rpn_cls: 0.0011, loss_rpn_bbox: 0.0011, loss_cls: 0.0398, acc: 98.2842, loss_bbox: 0.0188, loss: 0.0607
2026-05-07 23:00:58,618 - mmdet - INFO - Epoch [119][100/101]	lr: 1.000e-04, eta: 3:14:50, time: 0.618, data_time: 0.013, memory: 7275, loss_rpn_cls: 0.0014, loss_rpn_bbox: 0.0011, loss_cls: 0.0378, acc: 98.3594, loss_bbox: 0.0194, loss: 0.0598
2026-05-07 23:01:33,076 - mmdet - INFO - Epoch [120][50/101]	lr: 1.000e-04, eta: 3:14:19, time: 0.673, data_time: 0.066, memory: 7275, loss_rpn_cls: 0.0017, loss_rpn_bbox: 0.0011, loss_cls: 0.0439, acc: 98.1160, loss_bbox: 0.0215, loss: 0.0683
2026-05-07 23:02:04,064 - mmdet - INFO - Epoch [120][100/101]	lr: 1.000e-04, eta: 3:13:46, time: 0.620, data_time: 0.013, memory: 7275, loss_rpn_cls: 0.0012, loss_rpn_bbox: 0.0010, loss_cls: 0.0388, acc: 98.2962, loss_bbox: 0.0196, loss: 0.0606
2026-05-07 23:02:04,846 - mmdet - INFO - Saving checkpoint at 120 epochs
2026-05-07 23:02:44,987 - mmdet - INFO - Evaluating bbox...
2026-05-07 23:02:48,751 - mmdet - INFO - 
 Average Precision  (AP) @[ IoU=0.50:0.95 | area=   all | maxDets=100 ] = 0.317
 Average Precision  (AP) @[ IoU=0.50      | area=   all | maxDets=1000 ] = 0.684
 Average Precision  (AP) @[ IoU=0.75      | area=   all | maxDets=1000 ] = 0.236
 Average Precision  (AP) @[ IoU=0.50:0.95 | area= small | maxDets=1000 ] = 0.022
 Average Precision  (AP) @[ IoU=0.50:0.95 | area=medium | maxDets=1000 ] = 0.267
 Average Precision  (AP) @[ IoU=0.50:0.95 | area= large | maxDets=1000 ] = 0.415
 Average Recall     (AR) @[ IoU=0.50:0.95 | area=   all | maxDets=100 ] = 0.436
 Average Recall     (AR) @[ IoU=0.50:0.95 | area=   all | maxDets=300 ] = 0.436
 Average Recall     (AR) @[ IoU=0.50:0.95 | area=   all | maxDets=1000 ] = 0.436
 Average Recall     (AR) @[ IoU=0.50:0.95 | area= small | maxDets=1000 ] = 0.031
 Average Recall     (AR) @[ IoU=0.50:0.95 | area=medium | maxDets=1000 ] = 0.384
 Average Recall     (AR) @[ IoU=0.50:0.95 | area= large | maxDets=1000 ] = 0.540

2026-05-07 23:02:48,756 - mmdet - INFO - Exp name: fold_2_swin_t_3x_hbb.py
2026-05-07 23:02:48,757 - mmdet - INFO - Epoch(val) [120][371]	bbox_mAP: 0.3170, bbox_mAP_50: 0.6840, bbox_mAP_75: 0.2360, bbox_mAP_s: 0.0220, bbox_mAP_m: 0.2670, bbox_mAP_l: 0.4150, bbox_mAP_copypaste: 0.317 0.684 0.236 0.022 0.267 0.415
2026-05-07 23:03:22,451 - mmdet - INFO - Epoch [121][50/101]	lr: 1.000e-04, eta: 3:13:15, time: 0.674, data_time: 0.066, memory: 7275, loss_rpn_cls: 0.0016, loss_rpn_bbox: 0.0012, loss_cls: 0.0438, acc: 98.0993, loss_bbox: 0.0239, loss: 0.0706
2026-05-07 23:03:53,352 - mmdet - INFO - Epoch [121][100/101]	lr: 1.000e-04, eta: 3:12:41, time: 0.618, data_time: 0.013, memory: 7275, loss_rpn_cls: 0.0014, loss_rpn_bbox: 0.0011, loss_cls: 0.0405, acc: 98.2715, loss_bbox: 0.0189, loss: 0.0619
2026-05-07 23:04:27,816 - mmdet - INFO - Epoch [122][50/101]	lr: 1.000e-04, eta: 3:12:10, time: 0.673, data_time: 0.066, memory: 7275, loss_rpn_cls: 0.0008, loss_rpn_bbox: 0.0010, loss_cls: 0.0390, acc: 98.2939, loss_bbox: 0.0175, loss: 0.0583
2026-05-07 23:04:58,803 - mmdet - INFO - Epoch [122][100/101]	lr: 1.000e-04, eta: 3:11:37, time: 0.620, data_time: 0.013, memory: 7275, loss_rpn_cls: 0.0015, loss_rpn_bbox: 0.0011, loss_cls: 0.0400, acc: 98.3148, loss_bbox: 0.0206, loss: 0.0632
2026-05-07 23:05:33,154 - mmdet - INFO - Epoch [123][50/101]	lr: 1.000e-04, eta: 3:11:05, time: 0.671, data_time: 0.066, memory: 7275, loss_rpn_cls: 0.0009, loss_rpn_bbox: 0.0009, loss_cls: 0.0360, acc: 98.4482, loss_bbox: 0.0175, loss: 0.0552
2026-05-07 23:06:04,175 - mmdet - INFO - Epoch [123][100/101]	lr: 1.000e-04, eta: 3:10:32, time: 0.620, data_time: 0.013, memory: 7275, loss_rpn_cls: 0.0015, loss_rpn_bbox: 0.0013, loss_cls: 0.0416, acc: 98.2178, loss_bbox: 0.0208, loss: 0.0652
2026-05-07 23:06:38,551 - mmdet - INFO - Epoch [124][50/101]	lr: 1.000e-04, eta: 3:10:01, time: 0.672, data_time: 0.066, memory: 7275, loss_rpn_cls: 0.0008, loss_rpn_bbox: 0.0011, loss_cls: 0.0382, acc: 98.3900, loss_bbox: 0.0194, loss: 0.0595
2026-05-07 23:07:09,458 - mmdet - INFO - Epoch [124][100/101]	lr: 1.000e-04, eta: 3:09:27, time: 0.618, data_time: 0.013, memory: 7275, loss_rpn_cls: 0.0014, loss_rpn_bbox: 0.0011, loss_cls: 0.0413, acc: 98.2383, loss_bbox: 0.0197, loss: 0.0635
2026-05-07 23:07:43,741 - mmdet - INFO - Epoch [125][50/101]	lr: 1.000e-04, eta: 3:08:56, time: 0.670, data_time: 0.066, memory: 7275, loss_rpn_cls: 0.0017, loss_rpn_bbox: 0.0010, loss_cls: 0.0364, acc: 98.4336, loss_bbox: 0.0173, loss: 0.0564
2026-05-07 23:08:14,759 - mmdet - INFO - Epoch [125][100/101]	lr: 1.000e-04, eta: 3:08:23, time: 0.620, data_time: 0.013, memory: 7275, loss_rpn_cls: 0.0017, loss_rpn_bbox: 0.0013, loss_cls: 0.0437, acc: 98.1144, loss_bbox: 0.0216, loss: 0.0684
2026-05-07 23:08:49,312 - mmdet - INFO - Epoch [126][50/101]	lr: 1.000e-04, eta: 3:07:52, time: 0.675, data_time: 0.066, memory: 7275, loss_rpn_cls: 0.0035, loss_rpn_bbox: 0.0012, loss_cls: 0.0447, acc: 98.1424, loss_bbox: 0.0223, loss: 0.0716
2026-05-07 23:09:20,183 - mmdet - INFO - Epoch [126][100/101]	lr: 1.000e-04, eta: 3:07:18, time: 0.617, data_time: 0.013, memory: 7275, loss_rpn_cls: 0.0017, loss_rpn_bbox: 0.0012, loss_cls: 0.0420, acc: 98.2285, loss_bbox: 0.0196, loss: 0.0645
2026-05-07 23:09:54,612 - mmdet - INFO - Epoch [127][50/101]	lr: 1.000e-04, eta: 3:06:47, time: 0.673, data_time: 0.066, memory: 7275, loss_rpn_cls: 0.0021, loss_rpn_bbox: 0.0014, loss_cls: 0.0465, acc: 98.0371, loss_bbox: 0.0229, loss: 0.0729
2026-05-07 23:10:25,428 - mmdet - INFO - Epoch [127][100/101]	lr: 1.000e-04, eta: 3:06:13, time: 0.616, data_time: 0.013, memory: 7275, loss_rpn_cls: 0.0014, loss_rpn_bbox: 0.0012, loss_cls: 0.0408, acc: 98.2705, loss_bbox: 0.0204, loss: 0.0638
2026-05-07 23:10:59,832 - mmdet - INFO - Epoch [128][50/101]	lr: 1.000e-04, eta: 3:05:42, time: 0.672, data_time: 0.066, memory: 7275, loss_rpn_cls: 0.0015, loss_rpn_bbox: 0.0011, loss_cls: 0.0381, acc: 98.3811, loss_bbox: 0.0180, loss: 0.0586
2026-05-07 23:11:30,731 - mmdet - INFO - Epoch [128][100/101]	lr: 1.000e-04, eta: 3:05:09, time: 0.618, data_time: 0.013, memory: 7275, loss_rpn_cls: 0.0012, loss_rpn_bbox: 0.0010, loss_cls: 0.0406, acc: 98.3008, loss_bbox: 0.0193, loss: 0.0620
2026-05-07 23:12:05,098 - mmdet - INFO - Epoch [129][50/101]	lr: 1.000e-04, eta: 3:04:37, time: 0.672, data_time: 0.066, memory: 7275, loss_rpn_cls: 0.0011, loss_rpn_bbox: 0.0009, loss_cls: 0.0380, acc: 98.3652, loss_bbox: 0.0181, loss: 0.0581
2026-05-07 23:12:36,140 - mmdet - INFO - Epoch [129][100/101]	lr: 1.000e-04, eta: 3:04:04, time: 0.621, data_time: 0.013, memory: 7275, loss_rpn_cls: 0.0010, loss_rpn_bbox: 0.0012, loss_cls: 0.0423, acc: 98.1879, loss_bbox: 0.0212, loss: 0.0657
2026-05-07 23:13:10,536 - mmdet - INFO - Epoch [130][50/101]	lr: 1.000e-04, eta: 3:03:33, time: 0.672, data_time: 0.066, memory: 7275, loss_rpn_cls: 0.0008, loss_rpn_bbox: 0.0010, loss_cls: 0.0375, acc: 98.4307, loss_bbox: 0.0169, loss: 0.0562
2026-05-07 23:13:41,348 - mmdet - INFO - Epoch [130][100/101]	lr: 1.000e-04, eta: 3:02:59, time: 0.616, data_time: 0.013, memory: 7275, loss_rpn_cls: 0.0031, loss_rpn_bbox: 0.0013, loss_cls: 0.0452, acc: 98.1074, loss_bbox: 0.0214, loss: 0.0710
2026-05-07 23:13:42,115 - mmdet - INFO - Saving checkpoint at 130 epochs
2026-05-07 23:14:21,999 - mmdet - INFO - Evaluating bbox...
2026-05-07 23:14:25,666 - mmdet - INFO - 
 Average Precision  (AP) @[ IoU=0.50:0.95 | area=   all | maxDets=100 ] = 0.313
 Average Precision  (AP) @[ IoU=0.50      | area=   all | maxDets=1000 ] = 0.689
 Average Precision  (AP) @[ IoU=0.75      | area=   all | maxDets=1000 ] = 0.237
 Average Precision  (AP) @[ IoU=0.50:0.95 | area= small | maxDets=1000 ] = 0.011
 Average Precision  (AP) @[ IoU=0.50:0.95 | area=medium | maxDets=1000 ] = 0.261
 Average Precision  (AP) @[ IoU=0.50:0.95 | area= large | maxDets=1000 ] = 0.413
 Average Recall     (AR) @[ IoU=0.50:0.95 | area=   all | maxDets=100 ] = 0.434
 Average Recall     (AR) @[ IoU=0.50:0.95 | area=   all | maxDets=300 ] = 0.434
 Average Recall     (AR) @[ IoU=0.50:0.95 | area=   all | maxDets=1000 ] = 0.434
 Average Recall     (AR) @[ IoU=0.50:0.95 | area= small | maxDets=1000 ] = 0.016
 Average Recall     (AR) @[ IoU=0.50:0.95 | area=medium | maxDets=1000 ] = 0.374
 Average Recall     (AR) @[ IoU=0.50:0.95 | area= large | maxDets=1000 ] = 0.554

2026-05-07 23:14:25,671 - mmdet - INFO - Exp name: fold_2_swin_t_3x_hbb.py
2026-05-07 23:14:25,671 - mmdet - INFO - Epoch(val) [130][371]	bbox_mAP: 0.3130, bbox_mAP_50: 0.6890, bbox_mAP_75: 0.2370, bbox_mAP_s: 0.0110, bbox_mAP_m: 0.2610, bbox_mAP_l: 0.4130, bbox_mAP_copypaste: 0.313 0.689 0.237 0.011 0.261 0.413
2026-05-07 23:14:59,306 - mmdet - INFO - Epoch [131][50/101]	lr: 1.000e-04, eta: 3:02:28, time: 0.672, data_time: 0.066, memory: 7275, loss_rpn_cls: 0.0019, loss_rpn_bbox: 0.0014, loss_cls: 0.0425, acc: 98.2069, loss_bbox: 0.0223, loss: 0.0681
2026-05-07 23:15:30,140 - mmdet - INFO - Epoch [131][100/101]	lr: 1.000e-04, eta: 3:01:55, time: 0.617, data_time: 0.013, memory: 7275, loss_rpn_cls: 0.0012, loss_rpn_bbox: 0.0008, loss_cls: 0.0316, acc: 98.6611, loss_bbox: 0.0160, loss: 0.0497
2026-05-07 23:16:04,557 - mmdet - INFO - Epoch [132][50/101]	lr: 1.000e-04, eta: 3:01:23, time: 0.672, data_time: 0.066, memory: 7275, loss_rpn_cls: 0.0011, loss_rpn_bbox: 0.0010, loss_cls: 0.0365, acc: 98.4146, loss_bbox: 0.0179, loss: 0.0565
2026-05-07 23:16:35,435 - mmdet - INFO - Epoch [132][100/101]	lr: 1.000e-04, eta: 3:00:50, time: 0.618, data_time: 0.013, memory: 7275, loss_rpn_cls: 0.0009, loss_rpn_bbox: 0.0011, loss_cls: 0.0387, acc: 98.3164, loss_bbox: 0.0205, loss: 0.0613
2026-05-07 23:17:09,916 - mmdet - INFO - Epoch [133][50/101]	lr: 1.000e-04, eta: 3:00:19, time: 0.674, data_time: 0.066, memory: 7275, loss_rpn_cls: 0.0011, loss_rpn_bbox: 0.0012, loss_cls: 0.0399, acc: 98.2959, loss_bbox: 0.0202, loss: 0.0622
2026-05-07 23:17:40,881 - mmdet - INFO - Epoch [133][100/101]	lr: 1.000e-04, eta: 2:59:45, time: 0.619, data_time: 0.013, memory: 7275, loss_rpn_cls: 0.0021, loss_rpn_bbox: 0.0010, loss_cls: 0.0378, acc: 98.4219, loss_bbox: 0.0166, loss: 0.0575
2026-05-07 23:18:15,397 - mmdet - INFO - Epoch [134][50/101]	lr: 1.000e-04, eta: 2:59:14, time: 0.675, data_time: 0.066, memory: 7275, loss_rpn_cls: 0.0013, loss_rpn_bbox: 0.0010, loss_cls: 0.0350, acc: 98.4561, loss_bbox: 0.0170, loss: 0.0543
2026-05-07 23:18:46,398 - mmdet - INFO - Epoch [134][100/101]	lr: 1.000e-04, eta: 2:58:41, time: 0.620, data_time: 0.013, memory: 7275, loss_rpn_cls: 0.0013, loss_rpn_bbox: 0.0010, loss_cls: 0.0366, acc: 98.4629, loss_bbox: 0.0171, loss: 0.0560
2026-05-07 23:19:20,861 - mmdet - INFO - Epoch [135][50/101]	lr: 1.000e-04, eta: 2:58:10, time: 0.673, data_time: 0.066, memory: 7275, loss_rpn_cls: 0.0022, loss_rpn_bbox: 0.0010, loss_cls: 0.0343, acc: 98.5458, loss_bbox: 0.0182, loss: 0.0557
2026-05-07 23:19:51,803 - mmdet - INFO - Epoch [135][100/101]	lr: 1.000e-04, eta: 2:57:36, time: 0.619, data_time: 0.013, memory: 7275, loss_rpn_cls: 0.0018, loss_rpn_bbox: 0.0012, loss_cls: 0.0383, acc: 98.3774, loss_bbox: 0.0184, loss: 0.0597
2026-05-07 23:20:26,243 - mmdet - INFO - Epoch [136][50/101]	lr: 1.000e-04, eta: 2:57:05, time: 0.673, data_time: 0.066, memory: 7275, loss_rpn_cls: 0.0010, loss_rpn_bbox: 0.0011, loss_cls: 0.0377, acc: 98.3989, loss_bbox: 0.0188, loss: 0.0586
2026-05-07 23:20:57,205 - mmdet - INFO - Epoch [136][100/101]	lr: 1.000e-04, eta: 2:56:32, time: 0.619, data_time: 0.013, memory: 7275, loss_rpn_cls: 0.0011, loss_rpn_bbox: 0.0011, loss_cls: 0.0339, acc: 98.5671, loss_bbox: 0.0175, loss: 0.0536
2026-05-07 23:21:31,645 - mmdet - INFO - Epoch [137][50/101]	lr: 1.000e-04, eta: 2:56:01, time: 0.673, data_time: 0.066, memory: 7275, loss_rpn_cls: 0.0007, loss_rpn_bbox: 0.0012, loss_cls: 0.0408, acc: 98.2885, loss_bbox: 0.0195, loss: 0.0623
2026-05-07 23:22:02,565 - mmdet - INFO - Epoch [137][100/101]	lr: 1.000e-04, eta: 2:55:27, time: 0.618, data_time: 0.013, memory: 7275, loss_rpn_cls: 0.0006, loss_rpn_bbox: 0.0010, loss_cls: 0.0361, acc: 98.4639, loss_bbox: 0.0172, loss: 0.0550
2026-05-07 23:22:37,051 - mmdet - INFO - Epoch [138][50/101]	lr: 1.000e-04, eta: 2:54:56, time: 0.674, data_time: 0.066, memory: 7275, loss_rpn_cls: 0.0007, loss_rpn_bbox: 0.0011, loss_cls: 0.0387, acc: 98.3685, loss_bbox: 0.0184, loss: 0.0589
2026-05-07 23:23:07,883 - mmdet - INFO - Epoch [138][100/101]	lr: 1.000e-04, eta: 2:54:23, time: 0.617, data_time: 0.013, memory: 7275, loss_rpn_cls: 0.0010, loss_rpn_bbox: 0.0009, loss_cls: 0.0335, acc: 98.5430, loss_bbox: 0.0166, loss: 0.0520
2026-05-07 23:23:42,297 - mmdet - INFO - Epoch [139][50/101]	lr: 1.000e-04, eta: 2:53:51, time: 0.673, data_time: 0.066, memory: 7275, loss_rpn_cls: 0.0005, loss_rpn_bbox: 0.0009, loss_cls: 0.0343, acc: 98.5224, loss_bbox: 0.0169, loss: 0.0526
2026-05-07 23:24:13,219 - mmdet - INFO - Epoch [139][100/101]	lr: 1.000e-04, eta: 2:53:18, time: 0.618, data_time: 0.013, memory: 7275, loss_rpn_cls: 0.0012, loss_rpn_bbox: 0.0011, loss_cls: 0.0354, acc: 98.5058, loss_bbox: 0.0164, loss: 0.0540
2026-05-07 23:24:47,686 - mmdet - INFO - Epoch [140][50/101]	lr: 1.000e-04, eta: 2:52:47, time: 0.674, data_time: 0.066, memory: 7275, loss_rpn_cls: 0.0016, loss_rpn_bbox: 0.0011, loss_cls: 0.0394, acc: 98.3451, loss_bbox: 0.0175, loss: 0.0596
2026-05-07 23:25:18,546 - mmdet - INFO - Epoch [140][100/101]	lr: 1.000e-04, eta: 2:52:13, time: 0.617, data_time: 0.013, memory: 7275, loss_rpn_cls: 0.0010, loss_rpn_bbox: 0.0009, loss_cls: 0.0342, acc: 98.5352, loss_bbox: 0.0161, loss: 0.0522
2026-05-07 23:25:19,331 - mmdet - INFO - Saving checkpoint at 140 epochs
2026-05-07 23:25:59,239 - mmdet - INFO - Evaluating bbox...
2026-05-07 23:26:02,750 - mmdet - INFO - 
 Average Precision  (AP) @[ IoU=0.50:0.95 | area=   all | maxDets=100 ] = 0.317
 Average Precision  (AP) @[ IoU=0.50      | area=   all | maxDets=1000 ] = 0.682
 Average Precision  (AP) @[ IoU=0.75      | area=   all | maxDets=1000 ] = 0.244
 Average Precision  (AP) @[ IoU=0.50:0.95 | area= small | maxDets=1000 ] = 0.014
 Average Precision  (AP) @[ IoU=0.50:0.95 | area=medium | maxDets=1000 ] = 0.274
 Average Precision  (AP) @[ IoU=0.50:0.95 | area= large | maxDets=1000 ] = 0.404
 Average Recall     (AR) @[ IoU=0.50:0.95 | area=   all | maxDets=100 ] = 0.436
 Average Recall     (AR) @[ IoU=0.50:0.95 | area=   all | maxDets=300 ] = 0.436
 Average Recall     (AR) @[ IoU=0.50:0.95 | area=   all | maxDets=1000 ] = 0.436
 Average Recall     (AR) @[ IoU=0.50:0.95 | area= small | maxDets=1000 ] = 0.016
 Average Recall     (AR) @[ IoU=0.50:0.95 | area=medium | maxDets=1000 ] = 0.381
 Average Recall     (AR) @[ IoU=0.50:0.95 | area= large | maxDets=1000 ] = 0.547

2026-05-07 23:26:02,755 - mmdet - INFO - Exp name: fold_2_swin_t_3x_hbb.py
2026-05-07 23:26:02,755 - mmdet - INFO - Epoch(val) [140][371]	bbox_mAP: 0.3170, bbox_mAP_50: 0.6820, bbox_mAP_75: 0.2440, bbox_mAP_s: 0.0140, bbox_mAP_m: 0.2740, bbox_mAP_l: 0.4040, bbox_mAP_copypaste: 0.317 0.682 0.244 0.014 0.274 0.404
2026-05-07 23:26:36,432 - mmdet - INFO - Epoch [141][50/101]	lr: 1.000e-04, eta: 2:51:42, time: 0.673, data_time: 0.066, memory: 7275, loss_rpn_cls: 0.0012, loss_rpn_bbox: 0.0011, loss_cls: 0.0381, acc: 98.3691, loss_bbox: 0.0189, loss: 0.0592
2026-05-07 23:27:07,331 - mmdet - INFO - Epoch [141][100/101]	lr: 1.000e-04, eta: 2:51:09, time: 0.618, data_time: 0.013, memory: 7275, loss_rpn_cls: 0.0008, loss_rpn_bbox: 0.0008, loss_cls: 0.0356, acc: 98.4707, loss_bbox: 0.0167, loss: 0.0539
2026-05-07 23:27:41,774 - mmdet - INFO - Epoch [142][50/101]	lr: 1.000e-04, eta: 2:50:37, time: 0.673, data_time: 0.066, memory: 7275, loss_rpn_cls: 0.0013, loss_rpn_bbox: 0.0011, loss_cls: 0.0412, acc: 98.2228, loss_bbox: 0.0188, loss: 0.0624
2026-05-07 23:28:12,701 - mmdet - INFO - Epoch [142][100/101]	lr: 1.000e-04, eta: 2:50:04, time: 0.619, data_time: 0.013, memory: 7275, loss_rpn_cls: 0.0013, loss_rpn_bbox: 0.0009, loss_cls: 0.0344, acc: 98.5264, loss_bbox: 0.0163, loss: 0.0529
2026-05-07 23:28:47,059 - mmdet - INFO - Epoch [143][50/101]	lr: 1.000e-04, eta: 2:49:33, time: 0.671, data_time: 0.066, memory: 7275, loss_rpn_cls: 0.0022, loss_rpn_bbox: 0.0010, loss_cls: 0.0341, acc: 98.5387, loss_bbox: 0.0176, loss: 0.0549
2026-05-07 23:29:18,083 - mmdet - INFO - Epoch [143][100/101]	lr: 1.000e-04, eta: 2:49:00, time: 0.620, data_time: 0.013, memory: 7275, loss_rpn_cls: 0.0014, loss_rpn_bbox: 0.0011, loss_cls: 0.0399, acc: 98.3038, loss_bbox: 0.0181, loss: 0.0605
2026-05-07 23:29:52,479 - mmdet - INFO - Epoch [144][50/101]	lr: 1.000e-04, eta: 2:48:28, time: 0.672, data_time: 0.066, memory: 7275, loss_rpn_cls: 0.0010, loss_rpn_bbox: 0.0010, loss_cls: 0.0372, acc: 98.3799, loss_bbox: 0.0175, loss: 0.0566
2026-05-07 23:30:23,455 - mmdet - INFO - Epoch [144][100/101]	lr: 1.000e-04, eta: 2:47:55, time: 0.620, data_time: 0.013, memory: 7275, loss_rpn_cls: 0.0009, loss_rpn_bbox: 0.0010, loss_cls: 0.0346, acc: 98.5474, loss_bbox: 0.0165, loss: 0.0530
2026-05-07 23:30:57,823 - mmdet - INFO - Epoch [145][50/101]	lr: 1.000e-04, eta: 2:47:23, time: 0.672, data_time: 0.066, memory: 7275, loss_rpn_cls: 0.0011, loss_rpn_bbox: 0.0011, loss_cls: 0.0378, acc: 98.3496, loss_bbox: 0.0166, loss: 0.0566
2026-05-07 23:31:28,735 - mmdet - INFO - Epoch [145][100/101]	lr: 1.000e-04, eta: 2:46:50, time: 0.618, data_time: 0.013, memory: 7275, loss_rpn_cls: 0.0017, loss_rpn_bbox: 0.0011, loss_cls: 0.0389, acc: 98.3068, loss_bbox: 0.0191, loss: 0.0609
2026-05-07 23:32:03,087 - mmdet - INFO - Epoch [146][50/101]	lr: 1.000e-04, eta: 2:46:19, time: 0.671, data_time: 0.066, memory: 7275, loss_rpn_cls: 0.0014, loss_rpn_bbox: 0.0011, loss_cls: 0.0364, acc: 98.4619, loss_bbox: 0.0180, loss: 0.0569
2026-05-07 23:32:34,085 - mmdet - INFO - Epoch [146][100/101]	lr: 1.000e-04, eta: 2:45:46, time: 0.620, data_time: 0.013, memory: 7275, loss_rpn_cls: 0.0015, loss_rpn_bbox: 0.0012, loss_cls: 0.0379, acc: 98.3856, loss_bbox: 0.0188, loss: 0.0594
2026-05-07 23:33:08,513 - mmdet - INFO - Epoch [147][50/101]	lr: 1.000e-04, eta: 2:45:14, time: 0.673, data_time: 0.066, memory: 7275, loss_rpn_cls: 0.0009, loss_rpn_bbox: 0.0010, loss_cls: 0.0380, acc: 98.3984, loss_bbox: 0.0161, loss: 0.0560
2026-05-07 23:33:39,433 - mmdet - INFO - Epoch [147][100/101]	lr: 1.000e-04, eta: 2:44:41, time: 0.618, data_time: 0.013, memory: 7275, loss_rpn_cls: 0.0010, loss_rpn_bbox: 0.0011, loss_cls: 0.0375, acc: 98.3796, loss_bbox: 0.0178, loss: 0.0574
2026-05-07 23:34:13,922 - mmdet - INFO - Epoch [148][50/101]	lr: 1.000e-04, eta: 2:44:10, time: 0.674, data_time: 0.066, memory: 7275, loss_rpn_cls: 0.0019, loss_rpn_bbox: 0.0011, loss_cls: 0.0383, acc: 98.3760, loss_bbox: 0.0194, loss: 0.0608
2026-05-07 23:34:44,853 - mmdet - INFO - Epoch [148][100/101]	lr: 1.000e-04, eta: 2:43:37, time: 0.619, data_time: 0.013, memory: 7275, loss_rpn_cls: 0.0015, loss_rpn_bbox: 0.0009, loss_cls: 0.0341, acc: 98.5303, loss_bbox: 0.0177, loss: 0.0542
2026-05-07 23:35:19,255 - mmdet - INFO - Epoch [149][50/101]	lr: 1.000e-04, eta: 2:43:05, time: 0.672, data_time: 0.066, memory: 7275, loss_rpn_cls: 0.0019, loss_rpn_bbox: 0.0010, loss_cls: 0.0365, acc: 98.4462, loss_bbox: 0.0178, loss: 0.0572
2026-05-07 23:35:50,270 - mmdet - INFO - Epoch [149][100/101]	lr: 1.000e-04, eta: 2:42:32, time: 0.620, data_time: 0.013, memory: 7275, loss_rpn_cls: 0.0019, loss_rpn_bbox: 0.0013, loss_cls: 0.0400, acc: 98.3037, loss_bbox: 0.0189, loss: 0.0621
2026-05-07 23:36:24,740 - mmdet - INFO - Epoch [150][50/101]	lr: 1.000e-04, eta: 2:42:01, time: 0.674, data_time: 0.066, memory: 7275, loss_rpn_cls: 0.0012, loss_rpn_bbox: 0.0010, loss_cls: 0.0352, acc: 98.4945, loss_bbox: 0.0163, loss: 0.0537
2026-05-07 23:36:55,654 - mmdet - INFO - Epoch [150][100/101]	lr: 1.000e-04, eta: 2:41:28, time: 0.618, data_time: 0.013, memory: 7275, loss_rpn_cls: 0.0005, loss_rpn_bbox: 0.0009, loss_cls: 0.0333, acc: 98.5654, loss_bbox: 0.0156, loss: 0.0503
2026-05-07 23:36:56,433 - mmdet - INFO - Saving checkpoint at 150 epochs
2026-05-07 23:37:36,382 - mmdet - INFO - Evaluating bbox...
2026-05-07 23:37:39,769 - mmdet - INFO - 
 Average Precision  (AP) @[ IoU=0.50:0.95 | area=   all | maxDets=100 ] = 0.316
 Average Precision  (AP) @[ IoU=0.50      | area=   all | maxDets=1000 ] = 0.675
 Average Precision  (AP) @[ IoU=0.75      | area=   all | maxDets=1000 ] = 0.256
 Average Precision  (AP) @[ IoU=0.50:0.95 | area= small | maxDets=1000 ] = 0.012
 Average Precision  (AP) @[ IoU=0.50:0.95 | area=medium | maxDets=1000 ] = 0.267
 Average Precision  (AP) @[ IoU=0.50:0.95 | area= large | maxDets=1000 ] = 0.414
 Average Recall     (AR) @[ IoU=0.50:0.95 | area=   all | maxDets=100 ] = 0.432
 Average Recall     (AR) @[ IoU=0.50:0.95 | area=   all | maxDets=300 ] = 0.432
 Average Recall     (AR) @[ IoU=0.50:0.95 | area=   all | maxDets=1000 ] = 0.432
 Average Recall     (AR) @[ IoU=0.50:0.95 | area= small | maxDets=1000 ] = 0.016
 Average Recall     (AR) @[ IoU=0.50:0.95 | area=medium | maxDets=1000 ] = 0.373
 Average Recall     (AR) @[ IoU=0.50:0.95 | area= large | maxDets=1000 ] = 0.548

2026-05-07 23:37:39,773 - mmdet - INFO - Exp name: fold_2_swin_t_3x_hbb.py
2026-05-07 23:37:39,774 - mmdet - INFO - Epoch(val) [150][371]	bbox_mAP: 0.3160, bbox_mAP_50: 0.6750, bbox_mAP_75: 0.2560, bbox_mAP_s: 0.0120, bbox_mAP_m: 0.2670, bbox_mAP_l: 0.4140, bbox_mAP_copypaste: 0.316 0.675 0.256 0.012 0.267 0.414
2026-05-07 23:38:13,471 - mmdet - INFO - Epoch [151][50/101]	lr: 1.000e-04, eta: 2:40:56, time: 0.674, data_time: 0.066, memory: 7275, loss_rpn_cls: 0.0007, loss_rpn_bbox: 0.0012, loss_cls: 0.0378, acc: 98.3860, loss_bbox: 0.0187, loss: 0.0583
2026-05-07 23:38:44,375 - mmdet - INFO - Epoch [151][100/101]	lr: 1.000e-04, eta: 2:40:23, time: 0.618, data_time: 0.013, memory: 7275, loss_rpn_cls: 0.0010, loss_rpn_bbox: 0.0009, loss_cls: 0.0338, acc: 98.5752, loss_bbox: 0.0163, loss: 0.0520
2026-05-07 23:39:18,813 - mmdet - INFO - Epoch [152][50/101]	lr: 1.000e-04, eta: 2:39:51, time: 0.673, data_time: 0.066, memory: 7275, loss_rpn_cls: 0.0010, loss_rpn_bbox: 0.0009, loss_cls: 0.0358, acc: 98.4756, loss_bbox: 0.0161, loss: 0.0539
2026-05-07 23:39:49,772 - mmdet - INFO - Epoch [152][100/101]	lr: 1.000e-04, eta: 2:39:18, time: 0.619, data_time: 0.013, memory: 7275, loss_rpn_cls: 0.0011, loss_rpn_bbox: 0.0009, loss_cls: 0.0340, acc: 98.5600, loss_bbox: 0.0158, loss: 0.0519
2026-05-07 23:40:24,248 - mmdet - INFO - Epoch [153][50/101]	lr: 1.000e-04, eta: 2:38:47, time: 0.674, data_time: 0.066, memory: 7275, loss_rpn_cls: 0.0008, loss_rpn_bbox: 0.0011, loss_cls: 0.0357, acc: 98.4699, loss_bbox: 0.0153, loss: 0.0529
2026-05-07 23:40:55,200 - mmdet - INFO - Epoch [153][100/101]	lr: 1.000e-04, eta: 2:38:14, time: 0.619, data_time: 0.013, memory: 7275, loss_rpn_cls: 0.0010, loss_rpn_bbox: 0.0009, loss_cls: 0.0341, acc: 98.5029, loss_bbox: 0.0141, loss: 0.0501
2026-05-07 23:41:29,560 - mmdet - INFO - Epoch [154][50/101]	lr: 1.000e-04, eta: 2:37:42, time: 0.671, data_time: 0.066, memory: 7275, loss_rpn_cls: 0.0010, loss_rpn_bbox: 0.0010, loss_cls: 0.0317, acc: 98.6582, loss_bbox: 0.0156, loss: 0.0493
2026-05-07 23:42:00,498 - mmdet - INFO - Epoch [154][100/101]	lr: 1.000e-04, eta: 2:37:09, time: 0.619, data_time: 0.013, memory: 7275, loss_rpn_cls: 0.0010, loss_rpn_bbox: 0.0011, loss_cls: 0.0372, acc: 98.3711, loss_bbox: 0.0167, loss: 0.0560
2026-05-07 23:42:34,894 - mmdet - INFO - Epoch [155][50/101]	lr: 1.000e-04, eta: 2:36:38, time: 0.672, data_time: 0.066, memory: 7275, loss_rpn_cls: 0.0013, loss_rpn_bbox: 0.0009, loss_cls: 0.0358, acc: 98.4908, loss_bbox: 0.0177, loss: 0.0557
2026-05-07 23:43:05,905 - mmdet - INFO - Epoch [155][100/101]	lr: 1.000e-04, eta: 2:36:05, time: 0.620, data_time: 0.013, memory: 7275, loss_rpn_cls: 0.0010, loss_rpn_bbox: 0.0010, loss_cls: 0.0358, acc: 98.4805, loss_bbox: 0.0166, loss: 0.0544
2026-05-07 23:43:40,365 - mmdet - INFO - Epoch [156][50/101]	lr: 1.000e-04, eta: 2:35:33, time: 0.674, data_time: 0.066, memory: 7275, loss_rpn_cls: 0.0008, loss_rpn_bbox: 0.0011, loss_cls: 0.0355, acc: 98.5029, loss_bbox: 0.0178, loss: 0.0552
2026-05-07 23:44:11,293 - mmdet - INFO - Epoch [156][100/101]	lr: 1.000e-04, eta: 2:35:00, time: 0.619, data_time: 0.013, memory: 7275, loss_rpn_cls: 0.0012, loss_rpn_bbox: 0.0009, loss_cls: 0.0341, acc: 98.5444, loss_bbox: 0.0163, loss: 0.0525
2026-05-07 23:44:45,774 - mmdet - INFO - Epoch [157][50/101]	lr: 1.000e-04, eta: 2:34:28, time: 0.674, data_time: 0.066, memory: 7275, loss_rpn_cls: 0.0011, loss_rpn_bbox: 0.0010, loss_cls: 0.0348, acc: 98.5156, loss_bbox: 0.0159, loss: 0.0528
2026-05-07 23:45:16,699 - mmdet - INFO - Epoch [157][100/101]	lr: 1.000e-04, eta: 2:33:56, time: 0.618, data_time: 0.013, memory: 7275, loss_rpn_cls: 0.0015, loss_rpn_bbox: 0.0010, loss_cls: 0.0328, acc: 98.5795, loss_bbox: 0.0160, loss: 0.0513
2026-05-07 23:45:51,162 - mmdet - INFO - Epoch [158][50/101]	lr: 1.000e-04, eta: 2:33:24, time: 0.674, data_time: 0.066, memory: 7275, loss_rpn_cls: 0.0016, loss_rpn_bbox: 0.0010, loss_cls: 0.0336, acc: 98.5723, loss_bbox: 0.0159, loss: 0.0520
2026-05-07 23:46:22,161 - mmdet - INFO - Epoch [158][100/101]	lr: 1.000e-04, eta: 2:32:51, time: 0.620, data_time: 0.013, memory: 7275, loss_rpn_cls: 0.0022, loss_rpn_bbox: 0.0011, loss_cls: 0.0419, acc: 98.1761, loss_bbox: 0.0193, loss: 0.0645
2026-05-07 23:46:56,552 - mmdet - INFO - Epoch [159][50/101]	lr: 1.000e-04, eta: 2:32:19, time: 0.672, data_time: 0.066, memory: 7275, loss_rpn_cls: 0.0010, loss_rpn_bbox: 0.0009, loss_cls: 0.0341, acc: 98.5872, loss_bbox: 0.0174, loss: 0.0535
2026-05-07 23:47:27,460 - mmdet - INFO - Epoch [159][100/101]	lr: 1.000e-04, eta: 2:31:46, time: 0.618, data_time: 0.013, memory: 7275, loss_rpn_cls: 0.0015, loss_rpn_bbox: 0.0010, loss_cls: 0.0368, acc: 98.4668, loss_bbox: 0.0171, loss: 0.0564
2026-05-07 23:48:01,801 - mmdet - INFO - Epoch [160][50/101]	lr: 1.000e-04, eta: 2:31:15, time: 0.671, data_time: 0.066, memory: 7275, loss_rpn_cls: 0.0011, loss_rpn_bbox: 0.0008, loss_cls: 0.0311, acc: 98.6934, loss_bbox: 0.0144, loss: 0.0474
2026-05-07 23:48:32,758 - mmdet - INFO - Epoch [160][100/101]	lr: 1.000e-04, eta: 2:30:42, time: 0.619, data_time: 0.013, memory: 7275, loss_rpn_cls: 0.0008, loss_rpn_bbox: 0.0010, loss_cls: 0.0366, acc: 98.4371, loss_bbox: 0.0163, loss: 0.0548
2026-05-07 23:48:33,533 - mmdet - INFO - Saving checkpoint at 160 epochs
2026-05-07 23:49:13,380 - mmdet - INFO - Evaluating bbox...
2026-05-07 23:49:16,828 - mmdet - INFO - 
 Average Precision  (AP) @[ IoU=0.50:0.95 | area=   all | maxDets=100 ] = 0.314
 Average Precision  (AP) @[ IoU=0.50      | area=   all | maxDets=1000 ] = 0.672
 Average Precision  (AP) @[ IoU=0.75      | area=   all | maxDets=1000 ] = 0.253
 Average Precision  (AP) @[ IoU=0.50:0.95 | area= small | maxDets=1000 ] = 0.016
 Average Precision  (AP) @[ IoU=0.50:0.95 | area=medium | maxDets=1000 ] = 0.263
 Average Precision  (AP) @[ IoU=0.50:0.95 | area= large | maxDets=1000 ] = 0.415
 Average Recall     (AR) @[ IoU=0.50:0.95 | area=   all | maxDets=100 ] = 0.432
 Average Recall     (AR) @[ IoU=0.50:0.95 | area=   all | maxDets=300 ] = 0.432
 Average Recall     (AR) @[ IoU=0.50:0.95 | area=   all | maxDets=1000 ] = 0.432
 Average Recall     (AR) @[ IoU=0.50:0.95 | area= small | maxDets=1000 ] = 0.025
 Average Recall     (AR) @[ IoU=0.50:0.95 | area=medium | maxDets=1000 ] = 0.372
 Average Recall     (AR) @[ IoU=0.50:0.95 | area= large | maxDets=1000 ] = 0.550

2026-05-07 23:49:16,833 - mmdet - INFO - Exp name: fold_2_swin_t_3x_hbb.py
2026-05-07 23:49:16,833 - mmdet - INFO - Epoch(val) [160][371]	bbox_mAP: 0.3140, bbox_mAP_50: 0.6720, bbox_mAP_75: 0.2530, bbox_mAP_s: 0.0160, bbox_mAP_m: 0.2630, bbox_mAP_l: 0.4150, bbox_mAP_copypaste: 0.314 0.672 0.253 0.016 0.263 0.415
2026-05-07 23:49:50,625 - mmdet - INFO - Epoch [161][50/101]	lr: 1.000e-04, eta: 2:30:10, time: 0.676, data_time: 0.066, memory: 7275, loss_rpn_cls: 0.0013, loss_rpn_bbox: 0.0010, loss_cls: 0.0332, acc: 98.5842, loss_bbox: 0.0147, loss: 0.0502
2026-05-07 23:50:21,658 - mmdet - INFO - Epoch [161][100/101]	lr: 1.000e-04, eta: 2:29:37, time: 0.621, data_time: 0.013, memory: 7275, loss_rpn_cls: 0.0008, loss_rpn_bbox: 0.0009, loss_cls: 0.0357, acc: 98.4580, loss_bbox: 0.0163, loss: 0.0538
2026-05-07 23:50:56,076 - mmdet - INFO - Epoch [162][50/101]	lr: 1.000e-04, eta: 2:29:06, time: 0.673, data_time: 0.066, memory: 7275, loss_rpn_cls: 0.0007, loss_rpn_bbox: 0.0010, loss_cls: 0.0337, acc: 98.5670, loss_bbox: 0.0141, loss: 0.0494
2026-05-07 23:51:26,990 - mmdet - INFO - Epoch [162][100/101]	lr: 1.000e-04, eta: 2:28:33, time: 0.618, data_time: 0.013, memory: 7275, loss_rpn_cls: 0.0005, loss_rpn_bbox: 0.0009, loss_cls: 0.0340, acc: 98.5889, loss_bbox: 0.0149, loss: 0.0503
2026-05-07 23:52:01,397 - mmdet - INFO - Epoch [163][50/101]	lr: 1.000e-04, eta: 2:28:01, time: 0.672, data_time: 0.066, memory: 7275, loss_rpn_cls: 0.0014, loss_rpn_bbox: 0.0009, loss_cls: 0.0327, acc: 98.6031, loss_bbox: 0.0173, loss: 0.0523
2026-05-07 23:52:32,362 - mmdet - INFO - Epoch [163][100/101]	lr: 1.000e-04, eta: 2:27:28, time: 0.619, data_time: 0.013, memory: 7275, loss_rpn_cls: 0.0015, loss_rpn_bbox: 0.0009, loss_cls: 0.0328, acc: 98.6104, loss_bbox: 0.0150, loss: 0.0502
2026-05-07 23:53:06,915 - mmdet - INFO - Epoch [164][50/101]	lr: 1.000e-04, eta: 2:26:57, time: 0.675, data_time: 0.066, memory: 7275, loss_rpn_cls: 0.0009, loss_rpn_bbox: 0.0010, loss_cls: 0.0374, acc: 98.4178, loss_bbox: 0.0170, loss: 0.0563
2026-05-07 23:53:37,845 - mmdet - INFO - Epoch [164][100/101]	lr: 1.000e-04, eta: 2:26:24, time: 0.619, data_time: 0.013, memory: 7275, loss_rpn_cls: 0.0004, loss_rpn_bbox: 0.0010, loss_cls: 0.0337, acc: 98.5383, loss_bbox: 0.0152, loss: 0.0503
2026-05-07 23:54:12,304 - mmdet - INFO - Epoch [165][50/101]	lr: 1.000e-04, eta: 2:25:52, time: 0.673, data_time: 0.066, memory: 7275, loss_rpn_cls: 0.0024, loss_rpn_bbox: 0.0010, loss_cls: 0.0344, acc: 98.5767, loss_bbox: 0.0166, loss: 0.0544
2026-05-07 23:54:43,279 - mmdet - INFO - Epoch [165][100/101]	lr: 1.000e-04, eta: 2:25:19, time: 0.619, data_time: 0.013, memory: 7275, loss_rpn_cls: 0.0020, loss_rpn_bbox: 0.0011, loss_cls: 0.0355, acc: 98.4619, loss_bbox: 0.0169, loss: 0.0555
2026-05-07 23:55:17,771 - mmdet - INFO - Epoch [166][50/101]	lr: 1.000e-04, eta: 2:24:47, time: 0.674, data_time: 0.066, memory: 7275, loss_rpn_cls: 0.0016, loss_rpn_bbox: 0.0012, loss_cls: 0.0351, acc: 98.4873, loss_bbox: 0.0170, loss: 0.0548
2026-05-07 23:55:48,666 - mmdet - INFO - Epoch [166][100/101]	lr: 1.000e-04, eta: 2:24:15, time: 0.618, data_time: 0.013, memory: 7275, loss_rpn_cls: 0.0008, loss_rpn_bbox: 0.0008, loss_cls: 0.0314, acc: 98.6846, loss_bbox: 0.0146, loss: 0.0476
2026-05-07 23:56:23,122 - mmdet - INFO - Epoch [167][50/101]	lr: 1.000e-04, eta: 2:23:43, time: 0.673, data_time: 0.066, memory: 7275, loss_rpn_cls: 0.0010, loss_rpn_bbox: 0.0009, loss_cls: 0.0345, acc: 98.4990, loss_bbox: 0.0153, loss: 0.0517
2026-05-07 23:56:54,039 - mmdet - INFO - Epoch [167][100/101]	lr: 1.000e-04, eta: 2:23:10, time: 0.618, data_time: 0.013, memory: 7275, loss_rpn_cls: 0.0015, loss_rpn_bbox: 0.0009, loss_cls: 0.0323, acc: 98.6572, loss_bbox: 0.0148, loss: 0.0496
2026-05-07 23:57:28,494 - mmdet - INFO - Epoch [168][50/101]	lr: 1.000e-04, eta: 2:22:38, time: 0.673, data_time: 0.066, memory: 7275, loss_rpn_cls: 0.0006, loss_rpn_bbox: 0.0008, loss_cls: 0.0320, acc: 98.6420, loss_bbox: 0.0140, loss: 0.0474
2026-05-07 23:57:59,529 - mmdet - INFO - Epoch [168][100/101]	lr: 1.000e-04, eta: 2:22:05, time: 0.621, data_time: 0.013, memory: 7275, loss_rpn_cls: 0.0010, loss_rpn_bbox: 0.0010, loss_cls: 0.0336, acc: 98.5859, loss_bbox: 0.0151, loss: 0.0507
2026-05-07 23:58:34,026 - mmdet - INFO - Epoch [169][50/101]	lr: 1.000e-04, eta: 2:21:34, time: 0.674, data_time: 0.066, memory: 7275, loss_rpn_cls: 0.0013, loss_rpn_bbox: 0.0009, loss_cls: 0.0365, acc: 98.4658, loss_bbox: 0.0160, loss: 0.0548
2026-05-07 23:59:05,017 - mmdet - INFO - Epoch [169][100/101]	lr: 1.000e-04, eta: 2:21:01, time: 0.620, data_time: 0.013, memory: 7275, loss_rpn_cls: 0.0010, loss_rpn_bbox: 0.0010, loss_cls: 0.0356, acc: 98.5188, loss_bbox: 0.0170, loss: 0.0546
2026-05-07 23:59:39,475 - mmdet - INFO - Epoch [170][50/101]	lr: 1.000e-04, eta: 2:20:29, time: 0.673, data_time: 0.066, memory: 7275, loss_rpn_cls: 0.0009, loss_rpn_bbox: 0.0009, loss_cls: 0.0350, acc: 98.4969, loss_bbox: 0.0155, loss: 0.0523
2026-05-08 00:00:10,484 - mmdet - INFO - Epoch [170][100/101]	lr: 1.000e-04, eta: 2:19:56, time: 0.620, data_time: 0.013, memory: 7275, loss_rpn_cls: 0.0012, loss_rpn_bbox: 0.0010, loss_cls: 0.0360, acc: 98.4960, loss_bbox: 0.0156, loss: 0.0537
2026-05-08 00:00:11,258 - mmdet - INFO - Saving checkpoint at 170 epochs
2026-05-08 00:00:51,217 - mmdet - INFO - Evaluating bbox...
2026-05-08 00:00:54,714 - mmdet - INFO - 
 Average Precision  (AP) @[ IoU=0.50:0.95 | area=   all | maxDets=100 ] = 0.317
 Average Precision  (AP) @[ IoU=0.50      | area=   all | maxDets=1000 ] = 0.685
 Average Precision  (AP) @[ IoU=0.75      | area=   all | maxDets=1000 ] = 0.258
 Average Precision  (AP) @[ IoU=0.50:0.95 | area= small | maxDets=1000 ] = 0.015
 Average Precision  (AP) @[ IoU=0.50:0.95 | area=medium | maxDets=1000 ] = 0.270
 Average Precision  (AP) @[ IoU=0.50:0.95 | area= large | maxDets=1000 ] = 0.411
 Average Recall     (AR) @[ IoU=0.50:0.95 | area=   all | maxDets=100 ] = 0.429
 Average Recall     (AR) @[ IoU=0.50:0.95 | area=   all | maxDets=300 ] = 0.429
 Average Recall     (AR) @[ IoU=0.50:0.95 | area=   all | maxDets=1000 ] = 0.429
 Average Recall     (AR) @[ IoU=0.50:0.95 | area= small | maxDets=1000 ] = 0.022
 Average Recall     (AR) @[ IoU=0.50:0.95 | area=medium | maxDets=1000 ] = 0.376
 Average Recall     (AR) @[ IoU=0.50:0.95 | area= large | maxDets=1000 ] = 0.535

2026-05-08 00:00:54,719 - mmdet - INFO - Exp name: fold_2_swin_t_3x_hbb.py
2026-05-08 00:00:54,719 - mmdet - INFO - Epoch(val) [170][371]	bbox_mAP: 0.3170, bbox_mAP_50: 0.6850, bbox_mAP_75: 0.2580, bbox_mAP_s: 0.0150, bbox_mAP_m: 0.2700, bbox_mAP_l: 0.4110, bbox_mAP_copypaste: 0.317 0.685 0.258 0.015 0.270 0.411
2026-05-08 00:01:28,450 - mmdet - INFO - Epoch [171][50/101]	lr: 1.000e-04, eta: 2:19:25, time: 0.674, data_time: 0.066, memory: 7275, loss_rpn_cls: 0.0008, loss_rpn_bbox: 0.0010, loss_cls: 0.0359, acc: 98.4341, loss_bbox: 0.0170, loss: 0.0546
2026-05-08 00:01:59,357 - mmdet - INFO - Epoch [171][100/101]	lr: 1.000e-04, eta: 2:18:52, time: 0.618, data_time: 0.013, memory: 7275, loss_rpn_cls: 0.0008, loss_rpn_bbox: 0.0009, loss_cls: 0.0322, acc: 98.6533, loss_bbox: 0.0163, loss: 0.0502
2026-05-08 00:02:33,790 - mmdet - INFO - Epoch [172][50/101]	lr: 1.000e-04, eta: 2:18:20, time: 0.673, data_time: 0.066, memory: 7275, loss_rpn_cls: 0.0010, loss_rpn_bbox: 0.0010, loss_cls: 0.0349, acc: 98.5147, loss_bbox: 0.0163, loss: 0.0532
2026-05-08 00:03:04,629 - mmdet - INFO - Epoch [172][100/101]	lr: 1.000e-04, eta: 2:17:47, time: 0.617, data_time: 0.013, memory: 7275, loss_rpn_cls: 0.0009, loss_rpn_bbox: 0.0009, loss_cls: 0.0301, acc: 98.7178, loss_bbox: 0.0134, loss: 0.0453
2026-05-08 00:03:39,101 - mmdet - INFO - Epoch [173][50/101]	lr: 1.000e-04, eta: 2:17:15, time: 0.674, data_time: 0.066, memory: 7275, loss_rpn_cls: 0.0008, loss_rpn_bbox: 0.0011, loss_cls: 0.0346, acc: 98.5097, loss_bbox: 0.0154, loss: 0.0519
2026-05-08 00:04:10,005 - mmdet - INFO - Epoch [173][100/101]	lr: 1.000e-04, eta: 2:16:43, time: 0.618, data_time: 0.013, memory: 7275, loss_rpn_cls: 0.0012, loss_rpn_bbox: 0.0009, loss_cls: 0.0334, acc: 98.5707, loss_bbox: 0.0157, loss: 0.0512
2026-05-08 00:04:44,451 - mmdet - INFO - Epoch [174][50/101]	lr: 1.000e-04, eta: 2:16:11, time: 0.673, data_time: 0.066, memory: 7275, loss_rpn_cls: 0.0006, loss_rpn_bbox: 0.0009, loss_cls: 0.0330, acc: 98.5868, loss_bbox: 0.0144, loss: 0.0488
2026-05-08 00:05:15,409 - mmdet - INFO - Epoch [174][100/101]	lr: 1.000e-04, eta: 2:15:38, time: 0.619, data_time: 0.013, memory: 7275, loss_rpn_cls: 0.0011, loss_rpn_bbox: 0.0010, loss_cls: 0.0329, acc: 98.5820, loss_bbox: 0.0152, loss: 0.0502
2026-05-08 00:05:49,889 - mmdet - INFO - Epoch [175][50/101]	lr: 1.000e-04, eta: 2:15:06, time: 0.674, data_time: 0.066, memory: 7275, loss_rpn_cls: 0.0007, loss_rpn_bbox: 0.0008, loss_cls: 0.0328, acc: 98.6070, loss_bbox: 0.0150, loss: 0.0493
2026-05-08 00:06:20,818 - mmdet - INFO - Epoch [175][100/101]	lr: 1.000e-04, eta: 2:14:33, time: 0.619, data_time: 0.013, memory: 7275, loss_rpn_cls: 0.0009, loss_rpn_bbox: 0.0008, loss_cls: 0.0314, acc: 98.6221, loss_bbox: 0.0139, loss: 0.0470
2026-05-08 00:06:55,308 - mmdet - INFO - Epoch [176][50/101]	lr: 1.000e-04, eta: 2:14:02, time: 0.674, data_time: 0.066, memory: 7275, loss_rpn_cls: 0.0007, loss_rpn_bbox: 0.0008, loss_cls: 0.0314, acc: 98.6834, loss_bbox: 0.0147, loss: 0.0476
2026-05-08 00:07:26,236 - mmdet - INFO - Epoch [176][100/101]	lr: 1.000e-04, eta: 2:13:29, time: 0.619, data_time: 0.013, memory: 7275, loss_rpn_cls: 0.0008, loss_rpn_bbox: 0.0008, loss_cls: 0.0300, acc: 98.7461, loss_bbox: 0.0143, loss: 0.0459
2026-05-08 00:08:00,714 - mmdet - INFO - Epoch [177][50/101]	lr: 1.000e-04, eta: 2:12:57, time: 0.674, data_time: 0.066, memory: 7275, loss_rpn_cls: 0.0010, loss_rpn_bbox: 0.0009, loss_cls: 0.0345, acc: 98.5394, loss_bbox: 0.0157, loss: 0.0521
2026-05-08 00:08:31,696 - mmdet - INFO - Epoch [177][100/101]	lr: 1.000e-04, eta: 2:12:24, time: 0.620, data_time: 0.013, memory: 7275, loss_rpn_cls: 0.0010, loss_rpn_bbox: 0.0010, loss_cls: 0.0335, acc: 98.5642, loss_bbox: 0.0154, loss: 0.0509
2026-05-08 00:09:06,079 - mmdet - INFO - Epoch [178][50/101]	lr: 1.000e-04, eta: 2:11:52, time: 0.672, data_time: 0.066, memory: 7275, loss_rpn_cls: 0.0007, loss_rpn_bbox: 0.0009, loss_cls: 0.0333, acc: 98.6172, loss_bbox: 0.0152, loss: 0.0501
2026-05-08 00:09:37,062 - mmdet - INFO - Epoch [178][100/101]	lr: 1.000e-04, eta: 2:11:20, time: 0.620, data_time: 0.013, memory: 7275, loss_rpn_cls: 0.0006, loss_rpn_bbox: 0.0009, loss_cls: 0.0321, acc: 98.6323, loss_bbox: 0.0135, loss: 0.0472
2026-05-08 00:10:11,498 - mmdet - INFO - Epoch [179][50/101]	lr: 1.000e-04, eta: 2:10:48, time: 0.673, data_time: 0.066, memory: 7275, loss_rpn_cls: 0.0013, loss_rpn_bbox: 0.0009, loss_cls: 0.0344, acc: 98.5322, loss_bbox: 0.0146, loss: 0.0512
2026-05-08 00:10:42,500 - mmdet - INFO - Epoch [179][100/101]	lr: 1.000e-04, eta: 2:10:15, time: 0.620, data_time: 0.013, memory: 7275, loss_rpn_cls: 0.0014, loss_rpn_bbox: 0.0010, loss_cls: 0.0377, acc: 98.4025, loss_bbox: 0.0192, loss: 0.0594
2026-05-08 00:11:17,050 - mmdet - INFO - Epoch [180][50/101]	lr: 1.000e-04, eta: 2:09:43, time: 0.675, data_time: 0.066, memory: 7275, loss_rpn_cls: 0.0011, loss_rpn_bbox: 0.0010, loss_cls: 0.0372, acc: 98.4258, loss_bbox: 0.0165, loss: 0.0558
2026-05-08 00:11:48,093 - mmdet - INFO - Epoch [180][100/101]	lr: 1.000e-04, eta: 2:09:11, time: 0.621, data_time: 0.013, memory: 7275, loss_rpn_cls: 0.0014, loss_rpn_bbox: 0.0009, loss_cls: 0.0321, acc: 98.6300, loss_bbox: 0.0154, loss: 0.0498
2026-05-08 00:11:48,870 - mmdet - INFO - Saving checkpoint at 180 epochs
2026-05-08 00:12:28,936 - mmdet - INFO - Evaluating bbox...
2026-05-08 00:12:32,435 - mmdet - INFO - 
 Average Precision  (AP) @[ IoU=0.50:0.95 | area=   all | maxDets=100 ] = 0.331
 Average Precision  (AP) @[ IoU=0.50      | area=   all | maxDets=1000 ] = 0.689
 Average Precision  (AP) @[ IoU=0.75      | area=   all | maxDets=1000 ] = 0.269
 Average Precision  (AP) @[ IoU=0.50:0.95 | area= small | maxDets=1000 ] = 0.008
 Average Precision  (AP) @[ IoU=0.50:0.95 | area=medium | maxDets=1000 ] = 0.279
 Average Precision  (AP) @[ IoU=0.50:0.95 | area= large | maxDets=1000 ] = 0.431
 Average Recall     (AR) @[ IoU=0.50:0.95 | area=   all | maxDets=100 ] = 0.441
 Average Recall     (AR) @[ IoU=0.50:0.95 | area=   all | maxDets=300 ] = 0.441
 Average Recall     (AR) @[ IoU=0.50:0.95 | area=   all | maxDets=1000 ] = 0.441
 Average Recall     (AR) @[ IoU=0.50:0.95 | area= small | maxDets=1000 ] = 0.019
 Average Recall     (AR) @[ IoU=0.50:0.95 | area=medium | maxDets=1000 ] = 0.378
 Average Recall     (AR) @[ IoU=0.50:0.95 | area= large | maxDets=1000 ] = 0.566

2026-05-08 00:12:32,440 - mmdet - INFO - Exp name: fold_2_swin_t_3x_hbb.py
2026-05-08 00:12:32,440 - mmdet - INFO - Epoch(val) [180][371]	bbox_mAP: 0.3310, bbox_mAP_50: 0.6890, bbox_mAP_75: 0.2690, bbox_mAP_s: 0.0080, bbox_mAP_m: 0.2790, bbox_mAP_l: 0.4310, bbox_mAP_copypaste: 0.331 0.689 0.269 0.008 0.279 0.431
2026-05-08 00:13:06,213 - mmdet - INFO - Epoch [181][50/101]	lr: 1.000e-04, eta: 2:08:39, time: 0.675, data_time: 0.066, memory: 7275, loss_rpn_cls: 0.0011, loss_rpn_bbox: 0.0010, loss_cls: 0.0363, acc: 98.4356, loss_bbox: 0.0172, loss: 0.0555
2026-05-08 00:13:37,161 - mmdet - INFO - Epoch [181][100/101]	lr: 1.000e-04, eta: 2:08:06, time: 0.619, data_time: 0.013, memory: 7275, loss_rpn_cls: 0.0007, loss_rpn_bbox: 0.0008, loss_cls: 0.0285, acc: 98.7793, loss_bbox: 0.0120, loss: 0.0420
2026-05-08 00:14:11,585 - mmdet - INFO - Epoch [182][50/101]	lr: 1.000e-04, eta: 2:07:34, time: 0.673, data_time: 0.066, memory: 7275, loss_rpn_cls: 0.0059, loss_rpn_bbox: 0.0012, loss_cls: 0.0406, acc: 98.3477, loss_bbox: 0.0187, loss: 0.0663
2026-05-08 00:14:42,728 - mmdet - INFO - Epoch [182][100/101]	lr: 1.000e-04, eta: 2:07:02, time: 0.623, data_time: 0.013, memory: 7275, loss_rpn_cls: 0.0024, loss_rpn_bbox: 0.0015, loss_cls: 0.0390, acc: 98.3602, loss_bbox: 0.0186, loss: 0.0616
2026-05-08 00:15:17,231 - mmdet - INFO - Epoch [183][50/101]	lr: 1.000e-04, eta: 2:06:30, time: 0.674, data_time: 0.066, memory: 7275, loss_rpn_cls: 0.0057, loss_rpn_bbox: 0.0014, loss_cls: 0.0401, acc: 98.3077, loss_bbox: 0.0202, loss: 0.0674
2026-05-08 00:15:48,205 - mmdet - INFO - Epoch [183][100/101]	lr: 1.000e-04, eta: 2:05:57, time: 0.619, data_time: 0.013, memory: 7275, loss_rpn_cls: 0.0022, loss_rpn_bbox: 0.0011, loss_cls: 0.0348, acc: 98.4795, loss_bbox: 0.0148, loss: 0.0529
2026-05-08 00:16:22,673 - mmdet - INFO - Epoch [184][50/101]	lr: 1.000e-04, eta: 2:05:25, time: 0.673, data_time: 0.066, memory: 7275, loss_rpn_cls: 0.0011, loss_rpn_bbox: 0.0010, loss_cls: 0.0323, acc: 98.6377, loss_bbox: 0.0140, loss: 0.0484
2026-05-08 00:16:53,717 - mmdet - INFO - Epoch [184][100/101]	lr: 1.000e-04, eta: 2:04:53, time: 0.621, data_time: 0.013, memory: 7275, loss_rpn_cls: 0.0010, loss_rpn_bbox: 0.0010, loss_cls: 0.0336, acc: 98.5777, loss_bbox: 0.0152, loss: 0.0508
2026-05-08 00:17:28,196 - mmdet - INFO - Epoch [185][50/101]	lr: 1.000e-04, eta: 2:04:21, time: 0.674, data_time: 0.066, memory: 7275, loss_rpn_cls: 0.0013, loss_rpn_bbox: 0.0010, loss_cls: 0.0363, acc: 98.4194, loss_bbox: 0.0163, loss: 0.0550
2026-05-08 00:17:59,132 - mmdet - INFO - Epoch [185][100/101]	lr: 1.000e-04, eta: 2:03:48, time: 0.619, data_time: 0.013, memory: 7275, loss_rpn_cls: 0.0010, loss_rpn_bbox: 0.0008, loss_cls: 0.0284, acc: 98.7322, loss_bbox: 0.0120, loss: 0.0422
2026-05-08 00:18:33,584 - mmdet - INFO - Epoch [186][50/101]	lr: 1.000e-04, eta: 2:03:16, time: 0.673, data_time: 0.066, memory: 7275, loss_rpn_cls: 0.0006, loss_rpn_bbox: 0.0009, loss_cls: 0.0308, acc: 98.7031, loss_bbox: 0.0138, loss: 0.0461
2026-05-08 00:19:04,590 - mmdet - INFO - Epoch [186][100/101]	lr: 1.000e-04, eta: 2:02:44, time: 0.620, data_time: 0.013, memory: 7275, loss_rpn_cls: 0.0012, loss_rpn_bbox: 0.0011, loss_cls: 0.0321, acc: 98.6105, loss_bbox: 0.0153, loss: 0.0498
2026-05-08 00:19:39,066 - mmdet - INFO - Epoch [187][50/101]	lr: 1.000e-04, eta: 2:02:12, time: 0.674, data_time: 0.066, memory: 7275, loss_rpn_cls: 0.0009, loss_rpn_bbox: 0.0009, loss_cls: 0.0307, acc: 98.6793, loss_bbox: 0.0138, loss: 0.0463
2026-05-08 00:20:10,144 - mmdet - INFO - Epoch [187][100/101]	lr: 1.000e-04, eta: 2:01:39, time: 0.622, data_time: 0.013, memory: 7275, loss_rpn_cls: 0.0009, loss_rpn_bbox: 0.0010, loss_cls: 0.0330, acc: 98.5654, loss_bbox: 0.0151, loss: 0.0499
2026-05-08 00:20:44,642 - mmdet - INFO - Epoch [188][50/101]	lr: 1.000e-04, eta: 2:01:07, time: 0.674, data_time: 0.066, memory: 7275, loss_rpn_cls: 0.0012, loss_rpn_bbox: 0.0009, loss_cls: 0.0315, acc: 98.6546, loss_bbox: 0.0142, loss: 0.0478
2026-05-08 00:21:15,577 - mmdet - INFO - Epoch [188][100/101]	lr: 1.000e-04, eta: 2:00:35, time: 0.619, data_time: 0.013, memory: 7275, loss_rpn_cls: 0.0012, loss_rpn_bbox: 0.0010, loss_cls: 0.0344, acc: 98.5010, loss_bbox: 0.0146, loss: 0.0512
2026-05-08 00:21:50,044 - mmdet - INFO - Epoch [189][50/101]	lr: 1.000e-04, eta: 2:00:03, time: 0.673, data_time: 0.066, memory: 7275, loss_rpn_cls: 0.0005, loss_rpn_bbox: 0.0009, loss_cls: 0.0322, acc: 98.6533, loss_bbox: 0.0129, loss: 0.0465
2026-05-08 00:22:20,995 - mmdet - INFO - Epoch [189][100/101]	lr: 1.000e-04, eta: 1:59:30, time: 0.619, data_time: 0.013, memory: 7275, loss_rpn_cls: 0.0008, loss_rpn_bbox: 0.0009, loss_cls: 0.0340, acc: 98.5251, loss_bbox: 0.0147, loss: 0.0504
2026-05-08 00:22:55,407 - mmdet - INFO - Epoch [190][50/101]	lr: 1.000e-04, eta: 1:58:58, time: 0.672, data_time: 0.066, memory: 7275, loss_rpn_cls: 0.0007, loss_rpn_bbox: 0.0009, loss_cls: 0.0302, acc: 98.7259, loss_bbox: 0.0128, loss: 0.0446
2026-05-08 00:23:26,340 - mmdet - INFO - Epoch [190][100/101]	lr: 1.000e-04, eta: 1:58:25, time: 0.619, data_time: 0.013, memory: 7275, loss_rpn_cls: 0.0010, loss_rpn_bbox: 0.0008, loss_cls: 0.0327, acc: 98.6416, loss_bbox: 0.0137, loss: 0.0482
2026-05-08 00:23:27,108 - mmdet - INFO - Saving checkpoint at 190 epochs
2026-05-08 00:24:07,217 - mmdet - INFO - Evaluating bbox...
2026-05-08 00:24:10,651 - mmdet - INFO - 
 Average Precision  (AP) @[ IoU=0.50:0.95 | area=   all | maxDets=100 ] = 0.317
 Average Precision  (AP) @[ IoU=0.50      | area=   all | maxDets=1000 ] = 0.676
 Average Precision  (AP) @[ IoU=0.75      | area=   all | maxDets=1000 ] = 0.256
 Average Precision  (AP) @[ IoU=0.50:0.95 | area= small | maxDets=1000 ] = 0.008
 Average Precision  (AP) @[ IoU=0.50:0.95 | area=medium | maxDets=1000 ] = 0.269
 Average Precision  (AP) @[ IoU=0.50:0.95 | area= large | maxDets=1000 ] = 0.410
 Average Recall     (AR) @[ IoU=0.50:0.95 | area=   all | maxDets=100 ] = 0.427
 Average Recall     (AR) @[ IoU=0.50:0.95 | area=   all | maxDets=300 ] = 0.427
 Average Recall     (AR) @[ IoU=0.50:0.95 | area=   all | maxDets=1000 ] = 0.427
 Average Recall     (AR) @[ IoU=0.50:0.95 | area= small | maxDets=1000 ] = 0.006
 Average Recall     (AR) @[ IoU=0.50:0.95 | area=medium | maxDets=1000 ] = 0.369
 Average Recall     (AR) @[ IoU=0.50:0.95 | area= large | maxDets=1000 ] = 0.541

2026-05-08 00:24:10,655 - mmdet - INFO - Exp name: fold_2_swin_t_3x_hbb.py
2026-05-08 00:24:10,656 - mmdet - INFO - Epoch(val) [190][371]	bbox_mAP: 0.3170, bbox_mAP_50: 0.6760, bbox_mAP_75: 0.2560, bbox_mAP_s: 0.0080, bbox_mAP_m: 0.2690, bbox_mAP_l: 0.4100, bbox_mAP_copypaste: 0.317 0.676 0.256 0.008 0.269 0.410
2026-05-08 00:24:44,199 - mmdet - INFO - Epoch [191][50/101]	lr: 1.000e-04, eta: 1:57:53, time: 0.671, data_time: 0.066, memory: 7275, loss_rpn_cls: 0.0005, loss_rpn_bbox: 0.0006, loss_cls: 0.0276, acc: 98.8093, loss_bbox: 0.0124, loss: 0.0410
2026-05-08 00:25:15,359 - mmdet - INFO - Epoch [191][100/101]	lr: 1.000e-04, eta: 1:57:21, time: 0.623, data_time: 0.013, memory: 7275, loss_rpn_cls: 0.0006, loss_rpn_bbox: 0.0009, loss_cls: 0.0322, acc: 98.6406, loss_bbox: 0.0137, loss: 0.0475
2026-05-08 00:25:49,808 - mmdet - INFO - Epoch [192][50/101]	lr: 1.000e-04, eta: 1:56:49, time: 0.673, data_time: 0.066, memory: 7275, loss_rpn_cls: 0.0007, loss_rpn_bbox: 0.0009, loss_cls: 0.0297, acc: 98.7533, loss_bbox: 0.0125, loss: 0.0438
2026-05-08 00:26:20,647 - mmdet - INFO - Epoch [192][100/101]	lr: 1.000e-04, eta: 1:56:16, time: 0.617, data_time: 0.013, memory: 7275, loss_rpn_cls: 0.0009, loss_rpn_bbox: 0.0006, loss_cls: 0.0278, acc: 98.8320, loss_bbox: 0.0116, loss: 0.0410
2026-05-08 00:26:55,010 - mmdet - INFO - Epoch [193][50/101]	lr: 1.000e-04, eta: 1:55:44, time: 0.672, data_time: 0.066, memory: 7275, loss_rpn_cls: 0.0004, loss_rpn_bbox: 0.0008, loss_cls: 0.0282, acc: 98.8017, loss_bbox: 0.0125, loss: 0.0418
2026-05-08 00:27:25,969 - mmdet - INFO - Epoch [193][100/101]	lr: 1.000e-04, eta: 1:55:12, time: 0.619, data_time: 0.013, memory: 7275, loss_rpn_cls: 0.0011, loss_rpn_bbox: 0.0009, loss_cls: 0.0348, acc: 98.5098, loss_bbox: 0.0144, loss: 0.0512
2026-05-08 00:28:00,395 - mmdet - INFO - Epoch [194][50/101]	lr: 1.000e-04, eta: 1:54:40, time: 0.673, data_time: 0.067, memory: 7275, loss_rpn_cls: 0.0006, loss_rpn_bbox: 0.0007, loss_cls: 0.0279, acc: 98.8308, loss_bbox: 0.0124, loss: 0.0416
2026-05-08 00:28:31,368 - mmdet - INFO - Epoch [194][100/101]	lr: 1.000e-04, eta: 1:54:07, time: 0.619, data_time: 0.013, memory: 7275, loss_rpn_cls: 0.0007, loss_rpn_bbox: 0.0008, loss_cls: 0.0329, acc: 98.5654, loss_bbox: 0.0135, loss: 0.0480
2026-05-08 00:29:05,963 - mmdet - INFO - Epoch [195][50/101]	lr: 1.000e-04, eta: 1:53:35, time: 0.676, data_time: 0.066, memory: 7275, loss_rpn_cls: 0.0011, loss_rpn_bbox: 0.0010, loss_cls: 0.0355, acc: 98.5155, loss_bbox: 0.0150, loss: 0.0525
2026-05-08 00:29:36,704 - mmdet - INFO - Epoch [195][100/101]	lr: 1.000e-04, eta: 1:53:02, time: 0.615, data_time: 0.013, memory: 7275, loss_rpn_cls: 0.0006, loss_rpn_bbox: 0.0006, loss_cls: 0.0254, acc: 98.9043, loss_bbox: 0.0111, loss: 0.0378
2026-05-08 00:30:11,197 - mmdet - INFO - Epoch [196][50/101]	lr: 1.000e-04, eta: 1:52:30, time: 0.673, data_time: 0.066, memory: 7275, loss_rpn_cls: 0.0012, loss_rpn_bbox: 0.0008, loss_cls: 0.0330, acc: 98.6042, loss_bbox: 0.0134, loss: 0.0484
2026-05-08 00:30:42,114 - mmdet - INFO - Epoch [196][100/101]	lr: 1.000e-04, eta: 1:51:58, time: 0.618, data_time: 0.013, memory: 7275, loss_rpn_cls: 0.0006, loss_rpn_bbox: 0.0007, loss_cls: 0.0285, acc: 98.8103, loss_bbox: 0.0134, loss: 0.0433
2026-05-08 00:31:16,601 - mmdet - INFO - Epoch [197][50/101]	lr: 1.000e-04, eta: 1:51:26, time: 0.674, data_time: 0.066, memory: 7275, loss_rpn_cls: 0.0013, loss_rpn_bbox: 0.0008, loss_cls: 0.0324, acc: 98.6404, loss_bbox: 0.0145, loss: 0.0491
2026-05-08 00:31:47,520 - mmdet - INFO - Epoch [197][100/101]	lr: 1.000e-04, eta: 1:50:53, time: 0.618, data_time: 0.013, memory: 7275, loss_rpn_cls: 0.0008, loss_rpn_bbox: 0.0008, loss_cls: 0.0287, acc: 98.7529, loss_bbox: 0.0127, loss: 0.0429
2026-05-08 00:32:21,958 - mmdet - INFO - Epoch [198][50/101]	lr: 1.000e-04, eta: 1:50:21, time: 0.673, data_time: 0.066, memory: 7275, loss_rpn_cls: 0.0007, loss_rpn_bbox: 0.0008, loss_cls: 0.0284, acc: 98.7835, loss_bbox: 0.0132, loss: 0.0431
2026-05-08 00:32:52,814 - mmdet - INFO - Epoch [198][100/101]	lr: 1.000e-04, eta: 1:49:49, time: 0.617, data_time: 0.013, memory: 7275, loss_rpn_cls: 0.0006, loss_rpn_bbox: 0.0008, loss_cls: 0.0304, acc: 98.6758, loss_bbox: 0.0132, loss: 0.0450
2026-05-08 00:33:27,255 - mmdet - INFO - Epoch [199][50/101]	lr: 1.000e-04, eta: 1:49:17, time: 0.673, data_time: 0.066, memory: 7275, loss_rpn_cls: 0.0006, loss_rpn_bbox: 0.0009, loss_cls: 0.0339, acc: 98.5586, loss_bbox: 0.0156, loss: 0.0510
2026-05-08 00:33:58,123 - mmdet - INFO - Epoch [199][100/101]	lr: 1.000e-04, eta: 1:48:44, time: 0.617, data_time: 0.013, memory: 7275, loss_rpn_cls: 0.0004, loss_rpn_bbox: 0.0008, loss_cls: 0.0275, acc: 98.8444, loss_bbox: 0.0114, loss: 0.0401
2026-05-08 00:34:32,567 - mmdet - INFO - Epoch [200][50/101]	lr: 1.000e-04, eta: 1:48:12, time: 0.673, data_time: 0.066, memory: 7275, loss_rpn_cls: 0.0004, loss_rpn_bbox: 0.0008, loss_cls: 0.0305, acc: 98.7236, loss_bbox: 0.0132, loss: 0.0449
2026-05-08 00:35:03,521 - mmdet - INFO - Epoch [200][100/101]	lr: 1.000e-04, eta: 1:47:39, time: 0.619, data_time: 0.013, memory: 7275, loss_rpn_cls: 0.0009, loss_rpn_bbox: 0.0008, loss_cls: 0.0306, acc: 98.7045, loss_bbox: 0.0149, loss: 0.0473
2026-05-08 00:35:04,300 - mmdet - INFO - Saving checkpoint at 200 epochs
2026-05-08 00:35:44,308 - mmdet - INFO - Evaluating bbox...
2026-05-08 00:35:47,770 - mmdet - INFO - 
 Average Precision  (AP) @[ IoU=0.50:0.95 | area=   all | maxDets=100 ] = 0.329
 Average Precision  (AP) @[ IoU=0.50      | area=   all | maxDets=1000 ] = 0.690
 Average Precision  (AP) @[ IoU=0.75      | area=   all | maxDets=1000 ] = 0.272
 Average Precision  (AP) @[ IoU=0.50:0.95 | area= small | maxDets=1000 ] = 0.016
 Average Precision  (AP) @[ IoU=0.50:0.95 | area=medium | maxDets=1000 ] = 0.281
 Average Precision  (AP) @[ IoU=0.50:0.95 | area= large | maxDets=1000 ] = 0.422
 Average Recall     (AR) @[ IoU=0.50:0.95 | area=   all | maxDets=100 ] = 0.438
 Average Recall     (AR) @[ IoU=0.50:0.95 | area=   all | maxDets=300 ] = 0.438
 Average Recall     (AR) @[ IoU=0.50:0.95 | area=   all | maxDets=1000 ] = 0.438
 Average Recall     (AR) @[ IoU=0.50:0.95 | area= small | maxDets=1000 ] = 0.016
 Average Recall     (AR) @[ IoU=0.50:0.95 | area=medium | maxDets=1000 ] = 0.382
 Average Recall     (AR) @[ IoU=0.50:0.95 | area= large | maxDets=1000 ] = 0.551

2026-05-08 00:35:47,776 - mmdet - INFO - Exp name: fold_2_swin_t_3x_hbb.py
2026-05-08 00:35:47,776 - mmdet - INFO - Epoch(val) [200][371]	bbox_mAP: 0.3290, bbox_mAP_50: 0.6900, bbox_mAP_75: 0.2720, bbox_mAP_s: 0.0160, bbox_mAP_m: 0.2810, bbox_mAP_l: 0.4220, bbox_mAP_copypaste: 0.329 0.690 0.272 0.016 0.281 0.422
2026-05-08 00:36:21,309 - mmdet - INFO - Epoch [201][50/101]	lr: 1.000e-05, eta: 1:47:07, time: 0.670, data_time: 0.066, memory: 7275, loss_rpn_cls: 0.0007, loss_rpn_bbox: 0.0006, loss_cls: 0.0280, acc: 98.8101, loss_bbox: 0.0130, loss: 0.0422
2026-05-08 00:36:52,195 - mmdet - INFO - Epoch [201][100/101]	lr: 1.000e-05, eta: 1:46:35, time: 0.618, data_time: 0.013, memory: 7275, loss_rpn_cls: 0.0011, loss_rpn_bbox: 0.0008, loss_cls: 0.0280, acc: 98.7861, loss_bbox: 0.0118, loss: 0.0416
2026-05-08 00:37:26,616 - mmdet - INFO - Epoch [202][50/101]	lr: 1.000e-05, eta: 1:46:03, time: 0.673, data_time: 0.066, memory: 7275, loss_rpn_cls: 0.0004, loss_rpn_bbox: 0.0006, loss_cls: 0.0246, acc: 98.9258, loss_bbox: 0.0101, loss: 0.0357
2026-05-08 00:37:57,567 - mmdet - INFO - Epoch [202][100/101]	lr: 1.000e-05, eta: 1:45:30, time: 0.619, data_time: 0.013, memory: 7275, loss_rpn_cls: 0.0008, loss_rpn_bbox: 0.0007, loss_cls: 0.0276, acc: 98.8364, loss_bbox: 0.0118, loss: 0.0408
2026-05-08 00:38:31,941 - mmdet - INFO - Epoch [203][50/101]	lr: 1.000e-05, eta: 1:44:58, time: 0.672, data_time: 0.066, memory: 7275, loss_rpn_cls: 0.0005, loss_rpn_bbox: 0.0005, loss_cls: 0.0237, acc: 98.9953, loss_bbox: 0.0099, loss: 0.0346
2026-05-08 00:39:02,920 - mmdet - INFO - Epoch [203][100/101]	lr: 1.000e-05, eta: 1:44:25, time: 0.620, data_time: 0.013, memory: 7275, loss_rpn_cls: 0.0005, loss_rpn_bbox: 0.0006, loss_cls: 0.0261, acc: 98.8701, loss_bbox: 0.0108, loss: 0.0379
2026-05-08 00:39:37,284 - mmdet - INFO - Epoch [204][50/101]	lr: 1.000e-05, eta: 1:43:53, time: 0.671, data_time: 0.066, memory: 7275, loss_rpn_cls: 0.0004, loss_rpn_bbox: 0.0005, loss_cls: 0.0232, acc: 99.0059, loss_bbox: 0.0085, loss: 0.0326
2026-05-08 00:40:08,309 - mmdet - INFO - Epoch [204][100/101]	lr: 1.000e-05, eta: 1:43:21, time: 0.620, data_time: 0.013, memory: 7275, loss_rpn_cls: 0.0003, loss_rpn_bbox: 0.0006, loss_cls: 0.0268, acc: 98.8647, loss_bbox: 0.0105, loss: 0.0382
2026-05-08 00:40:42,765 - mmdet - INFO - Epoch [205][50/101]	lr: 1.000e-05, eta: 1:42:49, time: 0.673, data_time: 0.066, memory: 7275, loss_rpn_cls: 0.0006, loss_rpn_bbox: 0.0005, loss_cls: 0.0232, acc: 99.0105, loss_bbox: 0.0091, loss: 0.0334
2026-05-08 00:41:13,700 - mmdet - INFO - Epoch [205][100/101]	lr: 1.000e-05, eta: 1:42:16, time: 0.619, data_time: 0.013, memory: 7275, loss_rpn_cls: 0.0006, loss_rpn_bbox: 0.0006, loss_cls: 0.0225, acc: 99.0303, loss_bbox: 0.0089, loss: 0.0326
2026-05-08 00:41:48,145 - mmdet - INFO - Epoch [206][50/101]	lr: 1.000e-05, eta: 1:41:44, time: 0.673, data_time: 0.066, memory: 7275, loss_rpn_cls: 0.0004, loss_rpn_bbox: 0.0006, loss_cls: 0.0247, acc: 98.9895, loss_bbox: 0.0096, loss: 0.0352
2026-05-08 00:42:19,034 - mmdet - INFO - Epoch [206][100/101]	lr: 1.000e-05, eta: 1:41:12, time: 0.618, data_time: 0.013, memory: 7275, loss_rpn_cls: 0.0007, loss_rpn_bbox: 0.0005, loss_cls: 0.0218, acc: 99.0703, loss_bbox: 0.0083, loss: 0.0312
2026-05-08 00:42:53,434 - mmdet - INFO - Epoch [207][50/101]	lr: 1.000e-05, eta: 1:40:40, time: 0.672, data_time: 0.067, memory: 7275, loss_rpn_cls: 0.0006, loss_rpn_bbox: 0.0006, loss_cls: 0.0234, acc: 99.0576, loss_bbox: 0.0090, loss: 0.0335
2026-05-08 00:43:24,307 - mmdet - INFO - Epoch [207][100/101]	lr: 1.000e-05, eta: 1:40:07, time: 0.617, data_time: 0.013, memory: 7275, loss_rpn_cls: 0.0004, loss_rpn_bbox: 0.0005, loss_cls: 0.0217, acc: 99.0898, loss_bbox: 0.0089, loss: 0.0315
2026-05-08 00:43:58,679 - mmdet - INFO - Epoch [208][50/101]	lr: 1.000e-05, eta: 1:39:35, time: 0.672, data_time: 0.066, memory: 7275, loss_rpn_cls: 0.0004, loss_rpn_bbox: 0.0005, loss_cls: 0.0213, acc: 99.1338, loss_bbox: 0.0082, loss: 0.0304
2026-05-08 00:44:29,633 - mmdet - INFO - Epoch [208][100/101]	lr: 1.000e-05, eta: 1:39:02, time: 0.619, data_time: 0.013, memory: 7275, loss_rpn_cls: 0.0005, loss_rpn_bbox: 0.0005, loss_cls: 0.0224, acc: 99.0858, loss_bbox: 0.0089, loss: 0.0324
2026-05-08 00:45:04,087 - mmdet - INFO - Epoch [209][50/101]	lr: 1.000e-05, eta: 1:38:30, time: 0.673, data_time: 0.066, memory: 7275, loss_rpn_cls: 0.0004, loss_rpn_bbox: 0.0005, loss_cls: 0.0217, acc: 99.0791, loss_bbox: 0.0078, loss: 0.0304
2026-05-08 00:45:35,028 - mmdet - INFO - Epoch [209][100/101]	lr: 1.000e-05, eta: 1:37:58, time: 0.619, data_time: 0.013, memory: 7275, loss_rpn_cls: 0.0006, loss_rpn_bbox: 0.0005, loss_cls: 0.0222, acc: 99.0169, loss_bbox: 0.0089, loss: 0.0323
2026-05-08 00:46:09,371 - mmdet - INFO - Epoch [210][50/101]	lr: 1.000e-05, eta: 1:37:26, time: 0.671, data_time: 0.066, memory: 7275, loss_rpn_cls: 0.0002, loss_rpn_bbox: 0.0005, loss_cls: 0.0208, acc: 99.0762, loss_bbox: 0.0079, loss: 0.0294
2026-05-08 00:46:40,357 - mmdet - INFO - Epoch [210][100/101]	lr: 1.000e-05, eta: 1:36:53, time: 0.620, data_time: 0.013, memory: 7275, loss_rpn_cls: 0.0002, loss_rpn_bbox: 0.0005, loss_cls: 0.0222, acc: 99.0696, loss_bbox: 0.0082, loss: 0.0311
2026-05-08 00:46:41,142 - mmdet - INFO - Saving checkpoint at 210 epochs
2026-05-08 00:47:21,083 - mmdet - INFO - Evaluating bbox...
2026-05-08 00:47:24,429 - mmdet - INFO - 
 Average Precision  (AP) @[ IoU=0.50:0.95 | area=   all | maxDets=100 ] = 0.335
 Average Precision  (AP) @[ IoU=0.50      | area=   all | maxDets=1000 ] = 0.694
 Average Precision  (AP) @[ IoU=0.75      | area=   all | maxDets=1000 ] = 0.277
 Average Precision  (AP) @[ IoU=0.50:0.95 | area= small | maxDets=1000 ] = 0.014
 Average Precision  (AP) @[ IoU=0.50:0.95 | area=medium | maxDets=1000 ] = 0.285
 Average Precision  (AP) @[ IoU=0.50:0.95 | area= large | maxDets=1000 ] = 0.431
 Average Recall     (AR) @[ IoU=0.50:0.95 | area=   all | maxDets=100 ] = 0.446
 Average Recall     (AR) @[ IoU=0.50:0.95 | area=   all | maxDets=300 ] = 0.446
 Average Recall     (AR) @[ IoU=0.50:0.95 | area=   all | maxDets=1000 ] = 0.446
 Average Recall     (AR) @[ IoU=0.50:0.95 | area= small | maxDets=1000 ] = 0.013
 Average Recall     (AR) @[ IoU=0.50:0.95 | area=medium | maxDets=1000 ] = 0.390
 Average Recall     (AR) @[ IoU=0.50:0.95 | area= large | maxDets=1000 ] = 0.558

2026-05-08 00:47:24,433 - mmdet - INFO - Exp name: fold_2_swin_t_3x_hbb.py
2026-05-08 00:47:24,433 - mmdet - INFO - Epoch(val) [210][371]	bbox_mAP: 0.3350, bbox_mAP_50: 0.6940, bbox_mAP_75: 0.2770, bbox_mAP_s: 0.0140, bbox_mAP_m: 0.2850, bbox_mAP_l: 0.4310, bbox_mAP_copypaste: 0.335 0.694 0.277 0.014 0.285 0.431
2026-05-08 00:47:57,981 - mmdet - INFO - Epoch [211][50/101]	lr: 1.000e-05, eta: 1:36:21, time: 0.671, data_time: 0.066, memory: 7275, loss_rpn_cls: 0.0005, loss_rpn_bbox: 0.0005, loss_cls: 0.0208, acc: 99.1406, loss_bbox: 0.0076, loss: 0.0294
2026-05-08 00:48:28,888 - mmdet - INFO - Epoch [211][100/101]	lr: 1.000e-05, eta: 1:35:49, time: 0.618, data_time: 0.013, memory: 7275, loss_rpn_cls: 0.0005, loss_rpn_bbox: 0.0005, loss_cls: 0.0212, acc: 99.0948, loss_bbox: 0.0083, loss: 0.0305
2026-05-08 00:49:03,266 - mmdet - INFO - Epoch [212][50/101]	lr: 1.000e-05, eta: 1:35:16, time: 0.672, data_time: 0.066, memory: 7275, loss_rpn_cls: 0.0003, loss_rpn_bbox: 0.0005, loss_cls: 0.0211, acc: 99.1361, loss_bbox: 0.0082, loss: 0.0300
2026-05-08 00:49:34,147 - mmdet - INFO - Epoch [212][100/101]	lr: 1.000e-05, eta: 1:34:44, time: 0.618, data_time: 0.013, memory: 7275, loss_rpn_cls: 0.0002, loss_rpn_bbox: 0.0005, loss_cls: 0.0206, acc: 99.1270, loss_bbox: 0.0070, loss: 0.0283
2026-05-08 00:50:08,574 - mmdet - INFO - Epoch [213][50/101]	lr: 1.000e-05, eta: 1:34:12, time: 0.672, data_time: 0.066, memory: 7275, loss_rpn_cls: 0.0003, loss_rpn_bbox: 0.0005, loss_cls: 0.0220, acc: 99.0891, loss_bbox: 0.0085, loss: 0.0313
2026-05-08 00:50:39,463 - mmdet - INFO - Epoch [213][100/101]	lr: 1.000e-05, eta: 1:33:39, time: 0.618, data_time: 0.013, memory: 7275, loss_rpn_cls: 0.0005, loss_rpn_bbox: 0.0005, loss_cls: 0.0223, acc: 99.0781, loss_bbox: 0.0082, loss: 0.0315
2026-05-08 00:51:13,860 - mmdet - INFO - Epoch [214][50/101]	lr: 1.000e-05, eta: 1:33:07, time: 0.672, data_time: 0.066, memory: 7275, loss_rpn_cls: 0.0004, loss_rpn_bbox: 0.0006, loss_cls: 0.0211, acc: 99.1135, loss_bbox: 0.0083, loss: 0.0304
2026-05-08 00:51:44,794 - mmdet - INFO - Epoch [214][100/101]	lr: 1.000e-05, eta: 1:32:35, time: 0.619, data_time: 0.013, memory: 7275, loss_rpn_cls: 0.0003, loss_rpn_bbox: 0.0005, loss_cls: 0.0205, acc: 99.1670, loss_bbox: 0.0071, loss: 0.0285
2026-05-08 00:52:19,175 - mmdet - INFO - Epoch [215][50/101]	lr: 1.000e-05, eta: 1:32:03, time: 0.672, data_time: 0.066, memory: 7275, loss_rpn_cls: 0.0001, loss_rpn_bbox: 0.0004, loss_cls: 0.0192, acc: 99.1929, loss_bbox: 0.0066, loss: 0.0263
2026-05-08 00:52:50,092 - mmdet - INFO - Epoch [215][100/101]	lr: 1.000e-05, eta: 1:31:30, time: 0.618, data_time: 0.013, memory: 7275, loss_rpn_cls: 0.0004, loss_rpn_bbox: 0.0005, loss_cls: 0.0200, acc: 99.1529, loss_bbox: 0.0075, loss: 0.0284
2026-05-08 00:53:24,526 - mmdet - INFO - Epoch [216][50/101]	lr: 1.000e-05, eta: 1:30:58, time: 0.673, data_time: 0.066, memory: 7275, loss_rpn_cls: 0.0002, loss_rpn_bbox: 0.0005, loss_cls: 0.0202, acc: 99.1861, loss_bbox: 0.0079, loss: 0.0288
2026-05-08 00:53:55,410 - mmdet - INFO - Epoch [216][100/101]	lr: 1.000e-05, eta: 1:30:26, time: 0.618, data_time: 0.013, memory: 7275, loss_rpn_cls: 0.0002, loss_rpn_bbox: 0.0005, loss_cls: 0.0193, acc: 99.1855, loss_bbox: 0.0076, loss: 0.0276
2026-05-08 00:54:29,857 - mmdet - INFO - Epoch [217][50/101]	lr: 1.000e-05, eta: 1:29:53, time: 0.673, data_time: 0.066, memory: 7275, loss_rpn_cls: 0.0005, loss_rpn_bbox: 0.0005, loss_cls: 0.0213, acc: 99.1216, loss_bbox: 0.0081, loss: 0.0304
2026-05-08 00:55:00,744 - mmdet - INFO - Epoch [217][100/101]	lr: 1.000e-05, eta: 1:29:21, time: 0.618, data_time: 0.013, memory: 7275, loss_rpn_cls: 0.0002, loss_rpn_bbox: 0.0004, loss_cls: 0.0184, acc: 99.2100, loss_bbox: 0.0062, loss: 0.0252
2026-05-08 00:55:35,071 - mmdet - INFO - Epoch [218][50/101]	lr: 1.000e-05, eta: 1:28:49, time: 0.671, data_time: 0.066, memory: 7275, loss_rpn_cls: 0.0005, loss_rpn_bbox: 0.0004, loss_cls: 0.0193, acc: 99.1846, loss_bbox: 0.0069, loss: 0.0272
2026-05-08 00:56:05,999 - mmdet - INFO - Epoch [218][100/101]	lr: 1.000e-05, eta: 1:28:16, time: 0.619, data_time: 0.013, memory: 7275, loss_rpn_cls: 0.0003, loss_rpn_bbox: 0.0005, loss_cls: 0.0206, acc: 99.0936, loss_bbox: 0.0087, loss: 0.0302
2026-05-08 00:56:40,444 - mmdet - INFO - Epoch [219][50/101]	lr: 1.000e-05, eta: 1:27:44, time: 0.673, data_time: 0.066, memory: 7275, loss_rpn_cls: 0.0004, loss_rpn_bbox: 0.0005, loss_cls: 0.0185, acc: 99.2250, loss_bbox: 0.0066, loss: 0.0260
2026-05-08 00:57:11,371 - mmdet - INFO - Epoch [219][100/101]	lr: 1.000e-05, eta: 1:27:12, time: 0.619, data_time: 0.013, memory: 7275, loss_rpn_cls: 0.0003, loss_rpn_bbox: 0.0005, loss_cls: 0.0190, acc: 99.2031, loss_bbox: 0.0068, loss: 0.0266
2026-05-08 00:57:45,785 - mmdet - INFO - Epoch [220][50/101]	lr: 1.000e-05, eta: 1:26:39, time: 0.673, data_time: 0.066, memory: 7275, loss_rpn_cls: 0.0002, loss_rpn_bbox: 0.0005, loss_cls: 0.0204, acc: 99.1665, loss_bbox: 0.0078, loss: 0.0289
2026-05-08 00:58:16,640 - mmdet - INFO - Epoch [220][100/101]	lr: 1.000e-05, eta: 1:26:07, time: 0.617, data_time: 0.013, memory: 7275, loss_rpn_cls: 0.0001, loss_rpn_bbox: 0.0004, loss_cls: 0.0174, acc: 99.2578, loss_bbox: 0.0062, loss: 0.0242
2026-05-08 00:58:17,417 - mmdet - INFO - Saving checkpoint at 220 epochs
2026-05-08 00:58:56,881 - mmdet - INFO - Evaluating bbox...
2026-05-08 00:59:00,303 - mmdet - INFO - 
 Average Precision  (AP) @[ IoU=0.50:0.95 | area=   all | maxDets=100 ] = 0.329
 Average Precision  (AP) @[ IoU=0.50      | area=   all | maxDets=1000 ] = 0.688
 Average Precision  (AP) @[ IoU=0.75      | area=   all | maxDets=1000 ] = 0.270
 Average Precision  (AP) @[ IoU=0.50:0.95 | area= small | maxDets=1000 ] = 0.012
 Average Precision  (AP) @[ IoU=0.50:0.95 | area=medium | maxDets=1000 ] = 0.280
 Average Precision  (AP) @[ IoU=0.50:0.95 | area= large | maxDets=1000 ] = 0.427
 Average Recall     (AR) @[ IoU=0.50:0.95 | area=   all | maxDets=100 ] = 0.441
 Average Recall     (AR) @[ IoU=0.50:0.95 | area=   all | maxDets=300 ] = 0.441
 Average Recall     (AR) @[ IoU=0.50:0.95 | area=   all | maxDets=1000 ] = 0.441
 Average Recall     (AR) @[ IoU=0.50:0.95 | area= small | maxDets=1000 ] = 0.013
 Average Recall     (AR) @[ IoU=0.50:0.95 | area=medium | maxDets=1000 ] = 0.386
 Average Recall     (AR) @[ IoU=0.50:0.95 | area= large | maxDets=1000 ] = 0.552

2026-05-08 00:59:00,307 - mmdet - INFO - Exp name: fold_2_swin_t_3x_hbb.py
2026-05-08 00:59:00,308 - mmdet - INFO - Epoch(val) [220][371]	bbox_mAP: 0.3290, bbox_mAP_50: 0.6880, bbox_mAP_75: 0.2700, bbox_mAP_s: 0.0120, bbox_mAP_m: 0.2800, bbox_mAP_l: 0.4270, bbox_mAP_copypaste: 0.329 0.688 0.270 0.012 0.280 0.427
2026-05-08 00:59:33,902 - mmdet - INFO - Epoch [221][50/101]	lr: 1.000e-05, eta: 1:25:35, time: 0.672, data_time: 0.066, memory: 7275, loss_rpn_cls: 0.0004, loss_rpn_bbox: 0.0005, loss_cls: 0.0200, acc: 99.1775, loss_bbox: 0.0080, loss: 0.0289
2026-05-08 01:00:04,760 - mmdet - INFO - Epoch [221][100/101]	lr: 1.000e-05, eta: 1:25:02, time: 0.617, data_time: 0.013, memory: 7275, loss_rpn_cls: 0.0003, loss_rpn_bbox: 0.0004, loss_cls: 0.0175, acc: 99.2686, loss_bbox: 0.0067, loss: 0.0248
2026-05-08 01:00:39,129 - mmdet - INFO - Epoch [222][50/101]	lr: 1.000e-05, eta: 1:24:30, time: 0.671, data_time: 0.066, memory: 7275, loss_rpn_cls: 0.0003, loss_rpn_bbox: 0.0005, loss_cls: 0.0193, acc: 99.2109, loss_bbox: 0.0067, loss: 0.0268
2026-05-08 01:01:10,054 - mmdet - INFO - Epoch [222][100/101]	lr: 1.000e-05, eta: 1:23:58, time: 0.619, data_time: 0.013, memory: 7275, loss_rpn_cls: 0.0005, loss_rpn_bbox: 0.0005, loss_cls: 0.0199, acc: 99.1625, loss_bbox: 0.0071, loss: 0.0279
2026-05-08 01:01:44,445 - mmdet - INFO - Epoch [223][50/101]	lr: 1.000e-05, eta: 1:23:26, time: 0.672, data_time: 0.066, memory: 7275, loss_rpn_cls: 0.0004, loss_rpn_bbox: 0.0004, loss_cls: 0.0179, acc: 99.2158, loss_bbox: 0.0068, loss: 0.0256
2026-05-08 01:02:15,410 - mmdet - INFO - Epoch [223][100/101]	lr: 1.000e-05, eta: 1:22:53, time: 0.619, data_time: 0.013, memory: 7275, loss_rpn_cls: 0.0005, loss_rpn_bbox: 0.0004, loss_cls: 0.0191, acc: 99.1980, loss_bbox: 0.0069, loss: 0.0269
2026-05-08 01:02:49,821 - mmdet - INFO - Epoch [224][50/101]	lr: 1.000e-05, eta: 1:22:21, time: 0.672, data_time: 0.066, memory: 7275, loss_rpn_cls: 0.0002, loss_rpn_bbox: 0.0004, loss_cls: 0.0188, acc: 99.2090, loss_bbox: 0.0065, loss: 0.0260
2026-05-08 01:03:20,709 - mmdet - INFO - Epoch [224][100/101]	lr: 1.000e-05, eta: 1:21:49, time: 0.618, data_time: 0.013, memory: 7275, loss_rpn_cls: 0.0004, loss_rpn_bbox: 0.0005, loss_cls: 0.0211, acc: 99.1303, loss_bbox: 0.0073, loss: 0.0293
2026-05-08 01:03:55,152 - mmdet - INFO - Epoch [225][50/101]	lr: 1.000e-05, eta: 1:21:16, time: 0.673, data_time: 0.066, memory: 7275, loss_rpn_cls: 0.0003, loss_rpn_bbox: 0.0004, loss_cls: 0.0180, acc: 99.2432, loss_bbox: 0.0071, loss: 0.0258
2026-05-08 01:04:26,089 - mmdet - INFO - Epoch [225][100/101]	lr: 1.000e-05, eta: 1:20:44, time: 0.619, data_time: 0.013, memory: 7275, loss_rpn_cls: 0.0003, loss_rpn_bbox: 0.0005, loss_cls: 0.0199, acc: 99.1800, loss_bbox: 0.0076, loss: 0.0283
2026-05-08 01:05:00,532 - mmdet - INFO - Epoch [226][50/101]	lr: 1.000e-05, eta: 1:20:12, time: 0.673, data_time: 0.066, memory: 7275, loss_rpn_cls: 0.0002, loss_rpn_bbox: 0.0004, loss_cls: 0.0181, acc: 99.2465, loss_bbox: 0.0063, loss: 0.0250
2026-05-08 01:05:31,430 - mmdet - INFO - Epoch [226][100/101]	lr: 1.000e-05, eta: 1:19:39, time: 0.618, data_time: 0.013, memory: 7275, loss_rpn_cls: 0.0002, loss_rpn_bbox: 0.0005, loss_cls: 0.0191, acc: 99.2138, loss_bbox: 0.0071, loss: 0.0268
2026-05-08 01:06:05,902 - mmdet - INFO - Epoch [227][50/101]	lr: 1.000e-05, eta: 1:19:07, time: 0.674, data_time: 0.066, memory: 7275, loss_rpn_cls: 0.0003, loss_rpn_bbox: 0.0004, loss_cls: 0.0174, acc: 99.2439, loss_bbox: 0.0060, loss: 0.0241
2026-05-08 01:06:36,800 - mmdet - INFO - Epoch [227][100/101]	lr: 1.000e-05, eta: 1:18:35, time: 0.618, data_time: 0.013, memory: 7275, loss_rpn_cls: 0.0003, loss_rpn_bbox: 0.0005, loss_cls: 0.0196, acc: 99.1910, loss_bbox: 0.0071, loss: 0.0275
2026-05-08 01:07:11,110 - mmdet - INFO - Epoch [228][50/101]	lr: 1.000e-05, eta: 1:18:03, time: 0.670, data_time: 0.066, memory: 7275, loss_rpn_cls: 0.0002, loss_rpn_bbox: 0.0004, loss_cls: 0.0168, acc: 99.2988, loss_bbox: 0.0062, loss: 0.0236
2026-05-08 01:07:42,031 - mmdet - INFO - Epoch [228][100/101]	lr: 1.000e-05, eta: 1:17:30, time: 0.618, data_time: 0.013, memory: 7275, loss_rpn_cls: 0.0004, loss_rpn_bbox: 0.0005, loss_cls: 0.0191, acc: 99.2121, loss_bbox: 0.0066, loss: 0.0265
2026-05-08 01:08:16,509 - mmdet - INFO - Epoch [229][50/101]	lr: 1.000e-05, eta: 1:16:58, time: 0.674, data_time: 0.067, memory: 7275, loss_rpn_cls: 0.0001, loss_rpn_bbox: 0.0005, loss_cls: 0.0194, acc: 99.1857, loss_bbox: 0.0065, loss: 0.0265
2026-05-08 01:08:47,424 - mmdet - INFO - Epoch [229][100/101]	lr: 1.000e-05, eta: 1:16:26, time: 0.618, data_time: 0.013, memory: 7275, loss_rpn_cls: 0.0003, loss_rpn_bbox: 0.0005, loss_cls: 0.0191, acc: 99.2109, loss_bbox: 0.0076, loss: 0.0275
2026-05-08 01:09:21,791 - mmdet - INFO - Epoch [230][50/101]	lr: 1.000e-05, eta: 1:15:53, time: 0.672, data_time: 0.066, memory: 7275, loss_rpn_cls: 0.0003, loss_rpn_bbox: 0.0004, loss_cls: 0.0180, acc: 99.2212, loss_bbox: 0.0067, loss: 0.0254
2026-05-08 01:09:52,673 - mmdet - INFO - Epoch [230][100/101]	lr: 1.000e-05, eta: 1:15:21, time: 0.618, data_time: 0.013, memory: 7275, loss_rpn_cls: 0.0002, loss_rpn_bbox: 0.0005, loss_cls: 0.0186, acc: 99.2061, loss_bbox: 0.0061, loss: 0.0254
2026-05-08 01:09:53,440 - mmdet - INFO - Saving checkpoint at 230 epochs
2026-05-08 01:10:33,459 - mmdet - INFO - Evaluating bbox...
2026-05-08 01:10:36,808 - mmdet - INFO - 
 Average Precision  (AP) @[ IoU=0.50:0.95 | area=   all | maxDets=100 ] = 0.328
 Average Precision  (AP) @[ IoU=0.50      | area=   all | maxDets=1000 ] = 0.687
 Average Precision  (AP) @[ IoU=0.75      | area=   all | maxDets=1000 ] = 0.268
 Average Precision  (AP) @[ IoU=0.50:0.95 | area= small | maxDets=1000 ] = 0.016
 Average Precision  (AP) @[ IoU=0.50:0.95 | area=medium | maxDets=1000 ] = 0.283
 Average Precision  (AP) @[ IoU=0.50:0.95 | area= large | maxDets=1000 ] = 0.421
 Average Recall     (AR) @[ IoU=0.50:0.95 | area=   all | maxDets=100 ] = 0.440
 Average Recall     (AR) @[ IoU=0.50:0.95 | area=   all | maxDets=300 ] = 0.440
 Average Recall     (AR) @[ IoU=0.50:0.95 | area=   all | maxDets=1000 ] = 0.440
 Average Recall     (AR) @[ IoU=0.50:0.95 | area= small | maxDets=1000 ] = 0.016
 Average Recall     (AR) @[ IoU=0.50:0.95 | area=medium | maxDets=1000 ] = 0.384
 Average Recall     (AR) @[ IoU=0.50:0.95 | area= large | maxDets=1000 ] = 0.553

2026-05-08 01:10:36,812 - mmdet - INFO - Exp name: fold_2_swin_t_3x_hbb.py
2026-05-08 01:10:36,812 - mmdet - INFO - Epoch(val) [230][371]	bbox_mAP: 0.3280, bbox_mAP_50: 0.6870, bbox_mAP_75: 0.2680, bbox_mAP_s: 0.0160, bbox_mAP_m: 0.2830, bbox_mAP_l: 0.4210, bbox_mAP_copypaste: 0.328 0.687 0.268 0.016 0.283 0.421
2026-05-08 01:11:10,360 - mmdet - INFO - Epoch [231][50/101]	lr: 1.000e-05, eta: 1:14:49, time: 0.671, data_time: 0.066, memory: 7275, loss_rpn_cls: 0.0002, loss_rpn_bbox: 0.0004, loss_cls: 0.0185, acc: 99.2109, loss_bbox: 0.0065, loss: 0.0256
2026-05-08 01:11:41,236 - mmdet - INFO - Epoch [231][100/101]	lr: 1.000e-05, eta: 1:14:16, time: 0.618, data_time: 0.013, memory: 7275, loss_rpn_cls: 0.0003, loss_rpn_bbox: 0.0005, loss_cls: 0.0179, acc: 99.2351, loss_bbox: 0.0069, loss: 0.0255
2026-05-08 01:12:15,637 - mmdet - INFO - Epoch [232][50/101]	lr: 1.000e-05, eta: 1:13:44, time: 0.672, data_time: 0.066, memory: 7275, loss_rpn_cls: 0.0004, loss_rpn_bbox: 0.0005, loss_cls: 0.0189, acc: 99.2045, loss_bbox: 0.0073, loss: 0.0270
2026-05-08 01:12:46,487 - mmdet - INFO - Epoch [232][100/101]	lr: 1.000e-05, eta: 1:13:12, time: 0.617, data_time: 0.013, memory: 7275, loss_rpn_cls: 0.0001, loss_rpn_bbox: 0.0004, loss_cls: 0.0169, acc: 99.3027, loss_bbox: 0.0053, loss: 0.0227
2026-05-08 01:13:20,857 - mmdet - INFO - Epoch [233][50/101]	lr: 1.000e-05, eta: 1:12:39, time: 0.672, data_time: 0.066, memory: 7275, loss_rpn_cls: 0.0002, loss_rpn_bbox: 0.0004, loss_cls: 0.0184, acc: 99.2375, loss_bbox: 0.0068, loss: 0.0258
2026-05-08 01:13:51,747 - mmdet - INFO - Epoch [233][100/101]	lr: 1.000e-05, eta: 1:12:07, time: 0.618, data_time: 0.013, memory: 7275, loss_rpn_cls: 0.0003, loss_rpn_bbox: 0.0004, loss_cls: 0.0178, acc: 99.2519, loss_bbox: 0.0060, loss: 0.0245
2026-05-08 01:14:26,259 - mmdet - INFO - Epoch [234][50/101]	lr: 1.000e-05, eta: 1:11:35, time: 0.674, data_time: 0.067, memory: 7275, loss_rpn_cls: 0.0004, loss_rpn_bbox: 0.0005, loss_cls: 0.0188, acc: 99.1855, loss_bbox: 0.0064, loss: 0.0260
2026-05-08 01:14:57,149 - mmdet - INFO - Epoch [234][100/101]	lr: 1.000e-05, eta: 1:11:03, time: 0.618, data_time: 0.013, memory: 7275, loss_rpn_cls: 0.0003, loss_rpn_bbox: 0.0004, loss_cls: 0.0167, acc: 99.3190, loss_bbox: 0.0056, loss: 0.0229
2026-05-08 01:15:31,489 - mmdet - INFO - Epoch [235][50/101]	lr: 1.000e-05, eta: 1:10:30, time: 0.671, data_time: 0.066, memory: 7275, loss_rpn_cls: 0.0002, loss_rpn_bbox: 0.0005, loss_cls: 0.0172, acc: 99.2711, loss_bbox: 0.0064, loss: 0.0243
2026-05-08 01:16:02,422 - mmdet - INFO - Epoch [235][100/101]	lr: 1.000e-05, eta: 1:09:58, time: 0.619, data_time: 0.013, memory: 7275, loss_rpn_cls: 0.0006, loss_rpn_bbox: 0.0004, loss_cls: 0.0179, acc: 99.2471, loss_bbox: 0.0060, loss: 0.0250
2026-05-08 01:16:36,724 - mmdet - INFO - Epoch [236][50/101]	lr: 1.000e-05, eta: 1:09:26, time: 0.670, data_time: 0.066, memory: 7275, loss_rpn_cls: 0.0003, loss_rpn_bbox: 0.0004, loss_cls: 0.0170, acc: 99.2852, loss_bbox: 0.0064, loss: 0.0241
2026-05-08 01:17:07,655 - mmdet - INFO - Epoch [236][100/101]	lr: 1.000e-05, eta: 1:08:53, time: 0.619, data_time: 0.013, memory: 7275, loss_rpn_cls: 0.0002, loss_rpn_bbox: 0.0005, loss_cls: 0.0180, acc: 99.2347, loss_bbox: 0.0063, loss: 0.0249
2026-05-08 01:17:42,001 - mmdet - INFO - Epoch [237][50/101]	lr: 1.000e-05, eta: 1:08:21, time: 0.671, data_time: 0.066, memory: 7275, loss_rpn_cls: 0.0002, loss_rpn_bbox: 0.0004, loss_cls: 0.0156, acc: 99.3594, loss_bbox: 0.0059, loss: 0.0222
2026-05-08 01:18:12,878 - mmdet - INFO - Epoch [237][100/101]	lr: 1.000e-05, eta: 1:07:49, time: 0.618, data_time: 0.013, memory: 7275, loss_rpn_cls: 0.0002, loss_rpn_bbox: 0.0004, loss_cls: 0.0159, acc: 99.3593, loss_bbox: 0.0057, loss: 0.0222
2026-05-08 01:18:47,257 - mmdet - INFO - Epoch [238][50/101]	lr: 1.000e-05, eta: 1:07:16, time: 0.672, data_time: 0.066, memory: 7275, loss_rpn_cls: 0.0004, loss_rpn_bbox: 0.0004, loss_cls: 0.0176, acc: 99.2666, loss_bbox: 0.0065, loss: 0.0250
2026-05-08 01:19:18,155 - mmdet - INFO - Epoch [238][100/101]	lr: 1.000e-05, eta: 1:06:44, time: 0.618, data_time: 0.013, memory: 7275, loss_rpn_cls: 0.0001, loss_rpn_bbox: 0.0004, loss_cls: 0.0173, acc: 99.2938, loss_bbox: 0.0061, loss: 0.0239
2026-05-08 01:19:52,630 - mmdet - INFO - Epoch [239][50/101]	lr: 1.000e-05, eta: 1:06:12, time: 0.674, data_time: 0.066, memory: 7275, loss_rpn_cls: 0.0004, loss_rpn_bbox: 0.0004, loss_cls: 0.0180, acc: 99.2399, loss_bbox: 0.0072, loss: 0.0259
2026-05-08 01:20:23,477 - mmdet - INFO - Epoch [239][100/101]	lr: 1.000e-05, eta: 1:05:40, time: 0.617, data_time: 0.013, memory: 7275, loss_rpn_cls: 0.0002, loss_rpn_bbox: 0.0004, loss_cls: 0.0170, acc: 99.2939, loss_bbox: 0.0059, loss: 0.0235
2026-05-08 01:20:57,910 - mmdet - INFO - Epoch [240][50/101]	lr: 1.000e-05, eta: 1:05:07, time: 0.673, data_time: 0.066, memory: 7275, loss_rpn_cls: 0.0002, loss_rpn_bbox: 0.0004, loss_cls: 0.0162, acc: 99.3221, loss_bbox: 0.0055, loss: 0.0223
2026-05-08 01:21:28,844 - mmdet - INFO - Epoch [240][100/101]	lr: 1.000e-05, eta: 1:04:35, time: 0.619, data_time: 0.013, memory: 7275, loss_rpn_cls: 0.0002, loss_rpn_bbox: 0.0004, loss_cls: 0.0180, acc: 99.2314, loss_bbox: 0.0063, loss: 0.0249
2026-05-08 01:21:29,624 - mmdet - INFO - Saving checkpoint at 240 epochs
2026-05-08 01:22:09,565 - mmdet - INFO - Evaluating bbox...
2026-05-08 01:22:12,899 - mmdet - INFO - 
 Average Precision  (AP) @[ IoU=0.50:0.95 | area=   all | maxDets=100 ] = 0.329
 Average Precision  (AP) @[ IoU=0.50      | area=   all | maxDets=1000 ] = 0.691
 Average Precision  (AP) @[ IoU=0.75      | area=   all | maxDets=1000 ] = 0.269
 Average Precision  (AP) @[ IoU=0.50:0.95 | area= small | maxDets=1000 ] = 0.012
 Average Precision  (AP) @[ IoU=0.50:0.95 | area=medium | maxDets=1000 ] = 0.283
 Average Precision  (AP) @[ IoU=0.50:0.95 | area= large | maxDets=1000 ] = 0.427
 Average Recall     (AR) @[ IoU=0.50:0.95 | area=   all | maxDets=100 ] = 0.441
 Average Recall     (AR) @[ IoU=0.50:0.95 | area=   all | maxDets=300 ] = 0.441
 Average Recall     (AR) @[ IoU=0.50:0.95 | area=   all | maxDets=1000 ] = 0.441
 Average Recall     (AR) @[ IoU=0.50:0.95 | area= small | maxDets=1000 ] = 0.013
 Average Recall     (AR) @[ IoU=0.50:0.95 | area=medium | maxDets=1000 ] = 0.385
 Average Recall     (AR) @[ IoU=0.50:0.95 | area= large | maxDets=1000 ] = 0.553

2026-05-08 01:22:12,903 - mmdet - INFO - Exp name: fold_2_swin_t_3x_hbb.py
2026-05-08 01:22:12,904 - mmdet - INFO - Epoch(val) [240][371]	bbox_mAP: 0.3290, bbox_mAP_50: 0.6910, bbox_mAP_75: 0.2690, bbox_mAP_s: 0.0120, bbox_mAP_m: 0.2830, bbox_mAP_l: 0.4270, bbox_mAP_copypaste: 0.329 0.691 0.269 0.012 0.283 0.427
2026-05-08 01:22:46,566 - mmdet - INFO - Epoch [241][50/101]	lr: 1.000e-05, eta: 1:04:03, time: 0.673, data_time: 0.066, memory: 7275, loss_rpn_cls: 0.0003, loss_rpn_bbox: 0.0005, loss_cls: 0.0195, acc: 99.1841, loss_bbox: 0.0071, loss: 0.0274
2026-05-08 01:23:17,391 - mmdet - INFO - Epoch [241][100/101]	lr: 1.000e-05, eta: 1:03:30, time: 0.616, data_time: 0.013, memory: 7275, loss_rpn_cls: 0.0001, loss_rpn_bbox: 0.0003, loss_cls: 0.0159, acc: 99.3408, loss_bbox: 0.0050, loss: 0.0213
2026-05-08 01:23:51,764 - mmdet - INFO - Epoch [242][50/101]	lr: 1.000e-05, eta: 1:02:58, time: 0.672, data_time: 0.066, memory: 7275, loss_rpn_cls: 0.0003, loss_rpn_bbox: 0.0004, loss_cls: 0.0168, acc: 99.3258, loss_bbox: 0.0062, loss: 0.0237
2026-05-08 01:24:22,651 - mmdet - INFO - Epoch [242][100/101]	lr: 1.000e-05, eta: 1:02:26, time: 0.618, data_time: 0.013, memory: 7275, loss_rpn_cls: 0.0004, loss_rpn_bbox: 0.0004, loss_cls: 0.0177, acc: 99.2656, loss_bbox: 0.0061, loss: 0.0245
2026-05-08 01:24:57,015 - mmdet - INFO - Epoch [243][50/101]	lr: 1.000e-05, eta: 1:01:53, time: 0.671, data_time: 0.066, memory: 7275, loss_rpn_cls: 0.0002, loss_rpn_bbox: 0.0004, loss_cls: 0.0176, acc: 99.2871, loss_bbox: 0.0061, loss: 0.0244
2026-05-08 01:25:27,833 - mmdet - INFO - Epoch [243][100/101]	lr: 1.000e-05, eta: 1:01:21, time: 0.616, data_time: 0.013, memory: 7275, loss_rpn_cls: 0.0003, loss_rpn_bbox: 0.0004, loss_cls: 0.0163, acc: 99.3567, loss_bbox: 0.0060, loss: 0.0230
2026-05-08 01:26:02,148 - mmdet - INFO - Epoch [244][50/101]	lr: 1.000e-05, eta: 1:00:49, time: 0.671, data_time: 0.066, memory: 7275, loss_rpn_cls: 0.0002, loss_rpn_bbox: 0.0004, loss_cls: 0.0148, acc: 99.3838, loss_bbox: 0.0055, loss: 0.0209
2026-05-08 01:26:33,029 - mmdet - INFO - Epoch [244][100/101]	lr: 1.000e-05, eta: 1:00:16, time: 0.618, data_time: 0.013, memory: 7275, loss_rpn_cls: 0.0001, loss_rpn_bbox: 0.0004, loss_cls: 0.0164, acc: 99.3242, loss_bbox: 0.0061, loss: 0.0230
2026-05-08 01:27:07,455 - mmdet - INFO - Epoch [245][50/101]	lr: 1.000e-05, eta: 0:59:44, time: 0.673, data_time: 0.066, memory: 7275, loss_rpn_cls: 0.0006, loss_rpn_bbox: 0.0005, loss_cls: 0.0179, acc: 99.2855, loss_bbox: 0.0067, loss: 0.0256
2026-05-08 01:27:38,205 - mmdet - INFO - Epoch [245][100/101]	lr: 1.000e-05, eta: 0:59:12, time: 0.615, data_time: 0.013, memory: 7275, loss_rpn_cls: 0.0001, loss_rpn_bbox: 0.0004, loss_cls: 0.0147, acc: 99.3826, loss_bbox: 0.0052, loss: 0.0204
2026-05-08 01:28:12,616 - mmdet - INFO - Epoch [246][50/101]	lr: 1.000e-05, eta: 0:58:39, time: 0.672, data_time: 0.066, memory: 7275, loss_rpn_cls: 0.0002, loss_rpn_bbox: 0.0004, loss_cls: 0.0152, acc: 99.3699, loss_bbox: 0.0057, loss: 0.0215
2026-05-08 01:28:43,548 - mmdet - INFO - Epoch [246][100/101]	lr: 1.000e-05, eta: 0:58:07, time: 0.619, data_time: 0.013, memory: 7275, loss_rpn_cls: 0.0004, loss_rpn_bbox: 0.0004, loss_cls: 0.0174, acc: 99.2900, loss_bbox: 0.0060, loss: 0.0243
2026-05-08 01:29:17,909 - mmdet - INFO - Epoch [247][50/101]	lr: 1.000e-05, eta: 0:57:35, time: 0.671, data_time: 0.066, memory: 7275, loss_rpn_cls: 0.0001, loss_rpn_bbox: 0.0004, loss_cls: 0.0152, acc: 99.3777, loss_bbox: 0.0053, loss: 0.0210
2026-05-08 01:29:48,844 - mmdet - INFO - Epoch [247][100/101]	lr: 1.000e-05, eta: 0:57:03, time: 0.619, data_time: 0.013, memory: 7275, loss_rpn_cls: 0.0004, loss_rpn_bbox: 0.0004, loss_cls: 0.0171, acc: 99.3008, loss_bbox: 0.0056, loss: 0.0235
2026-05-08 01:30:23,284 - mmdet - INFO - Epoch [248][50/101]	lr: 1.000e-05, eta: 0:56:30, time: 0.673, data_time: 0.066, memory: 7275, loss_rpn_cls: 0.0003, loss_rpn_bbox: 0.0004, loss_cls: 0.0179, acc: 99.2440, loss_bbox: 0.0062, loss: 0.0247
2026-05-08 01:30:54,080 - mmdet - INFO - Epoch [248][100/101]	lr: 1.000e-05, eta: 0:55:58, time: 0.616, data_time: 0.013, memory: 7275, loss_rpn_cls: 0.0002, loss_rpn_bbox: 0.0003, loss_cls: 0.0150, acc: 99.3662, loss_bbox: 0.0053, loss: 0.0208
2026-05-08 01:31:28,403 - mmdet - INFO - Epoch [249][50/101]	lr: 1.000e-05, eta: 0:55:26, time: 0.671, data_time: 0.066, memory: 7275, loss_rpn_cls: 0.0001, loss_rpn_bbox: 0.0003, loss_cls: 0.0153, acc: 99.3493, loss_bbox: 0.0057, loss: 0.0214
2026-05-08 01:31:59,367 - mmdet - INFO - Epoch [249][100/101]	lr: 1.000e-05, eta: 0:54:53, time: 0.619, data_time: 0.013, memory: 7275, loss_rpn_cls: 0.0005, loss_rpn_bbox: 0.0005, loss_cls: 0.0184, acc: 99.2595, loss_bbox: 0.0064, loss: 0.0258
2026-05-08 01:32:33,694 - mmdet - INFO - Epoch [250][50/101]	lr: 1.000e-05, eta: 0:54:21, time: 0.671, data_time: 0.066, memory: 7275, loss_rpn_cls: 0.0002, loss_rpn_bbox: 0.0004, loss_cls: 0.0164, acc: 99.3301, loss_bbox: 0.0058, loss: 0.0228
2026-05-08 01:33:04,622 - mmdet - INFO - Epoch [250][100/101]	lr: 1.000e-05, eta: 0:53:49, time: 0.619, data_time: 0.013, memory: 7275, loss_rpn_cls: 0.0002, loss_rpn_bbox: 0.0004, loss_cls: 0.0161, acc: 99.3281, loss_bbox: 0.0061, loss: 0.0228
2026-05-08 01:33:05,396 - mmdet - INFO - Saving checkpoint at 250 epochs
2026-05-08 01:33:45,404 - mmdet - INFO - Evaluating bbox...
2026-05-08 01:33:48,784 - mmdet - INFO - 
 Average Precision  (AP) @[ IoU=0.50:0.95 | area=   all | maxDets=100 ] = 0.329
 Average Precision  (AP) @[ IoU=0.50      | area=   all | maxDets=1000 ] = 0.692
 Average Precision  (AP) @[ IoU=0.75      | area=   all | maxDets=1000 ] = 0.272
 Average Precision  (AP) @[ IoU=0.50:0.95 | area= small | maxDets=1000 ] = 0.018
 Average Precision  (AP) @[ IoU=0.50:0.95 | area=medium | maxDets=1000 ] = 0.282
 Average Precision  (AP) @[ IoU=0.50:0.95 | area= large | maxDets=1000 ] = 0.426
 Average Recall     (AR) @[ IoU=0.50:0.95 | area=   all | maxDets=100 ] = 0.443
 Average Recall     (AR) @[ IoU=0.50:0.95 | area=   all | maxDets=300 ] = 0.443
 Average Recall     (AR) @[ IoU=0.50:0.95 | area=   all | maxDets=1000 ] = 0.443
 Average Recall     (AR) @[ IoU=0.50:0.95 | area= small | maxDets=1000 ] = 0.016
 Average Recall     (AR) @[ IoU=0.50:0.95 | area=medium | maxDets=1000 ] = 0.386
 Average Recall     (AR) @[ IoU=0.50:0.95 | area= large | maxDets=1000 ] = 0.556

2026-05-08 01:33:48,789 - mmdet - INFO - Exp name: fold_2_swin_t_3x_hbb.py
2026-05-08 01:33:48,789 - mmdet - INFO - Epoch(val) [250][371]	bbox_mAP: 0.3290, bbox_mAP_50: 0.6920, bbox_mAP_75: 0.2720, bbox_mAP_s: 0.0180, bbox_mAP_m: 0.2820, bbox_mAP_l: 0.4260, bbox_mAP_copypaste: 0.329 0.692 0.272 0.018 0.282 0.426
2026-05-08 01:34:22,353 - mmdet - INFO - Epoch [251][50/101]	lr: 1.000e-06, eta: 0:53:16, time: 0.671, data_time: 0.066, memory: 7275, loss_rpn_cls: 0.0005, loss_rpn_bbox: 0.0004, loss_cls: 0.0161, acc: 99.3408, loss_bbox: 0.0054, loss: 0.0224
2026-05-08 01:34:53,194 - mmdet - INFO - Epoch [251][100/101]	lr: 1.000e-06, eta: 0:52:44, time: 0.617, data_time: 0.013, memory: 7275, loss_rpn_cls: 0.0001, loss_rpn_bbox: 0.0004, loss_cls: 0.0169, acc: 99.2764, loss_bbox: 0.0057, loss: 0.0231
2026-05-08 01:35:27,547 - mmdet - INFO - Epoch [252][50/101]	lr: 1.000e-06, eta: 0:52:12, time: 0.671, data_time: 0.066, memory: 7275, loss_rpn_cls: 0.0001, loss_rpn_bbox: 0.0004, loss_cls: 0.0160, acc: 99.3184, loss_bbox: 0.0057, loss: 0.0221
2026-05-08 01:35:58,390 - mmdet - INFO - Epoch [252][100/101]	lr: 1.000e-06, eta: 0:51:40, time: 0.617, data_time: 0.013, memory: 7275, loss_rpn_cls: 0.0002, loss_rpn_bbox: 0.0004, loss_cls: 0.0168, acc: 99.2933, loss_bbox: 0.0063, loss: 0.0238
2026-05-08 01:36:32,661 - mmdet - INFO - Epoch [253][50/101]	lr: 1.000e-06, eta: 0:51:07, time: 0.670, data_time: 0.066, memory: 7275, loss_rpn_cls: 0.0003, loss_rpn_bbox: 0.0004, loss_cls: 0.0163, acc: 99.3320, loss_bbox: 0.0058, loss: 0.0228
2026-05-08 01:37:03,522 - mmdet - INFO - Epoch [253][100/101]	lr: 1.000e-06, eta: 0:50:35, time: 0.617, data_time: 0.013, memory: 7275, loss_rpn_cls: 0.0002, loss_rpn_bbox: 0.0004, loss_cls: 0.0160, acc: 99.3373, loss_bbox: 0.0055, loss: 0.0221
2026-05-08 01:37:37,931 - mmdet - INFO - Epoch [254][50/101]	lr: 1.000e-06, eta: 0:50:03, time: 0.672, data_time: 0.066, memory: 7275, loss_rpn_cls: 0.0001, loss_rpn_bbox: 0.0004, loss_cls: 0.0152, acc: 99.3779, loss_bbox: 0.0053, loss: 0.0210
2026-05-08 01:38:08,857 - mmdet - INFO - Epoch [254][100/101]	lr: 1.000e-06, eta: 0:49:30, time: 0.619, data_time: 0.013, memory: 7275, loss_rpn_cls: 0.0003, loss_rpn_bbox: 0.0004, loss_cls: 0.0163, acc: 99.3311, loss_bbox: 0.0057, loss: 0.0226
2026-05-08 01:38:43,182 - mmdet - INFO - Epoch [255][50/101]	lr: 1.000e-06, eta: 0:48:58, time: 0.671, data_time: 0.066, memory: 7275, loss_rpn_cls: 0.0004, loss_rpn_bbox: 0.0004, loss_cls: 0.0157, acc: 99.3486, loss_bbox: 0.0057, loss: 0.0222
2026-05-08 01:39:14,034 - mmdet - INFO - Epoch [255][100/101]	lr: 1.000e-06, eta: 0:48:26, time: 0.617, data_time: 0.013, memory: 7275, loss_rpn_cls: 0.0002, loss_rpn_bbox: 0.0004, loss_cls: 0.0159, acc: 99.3555, loss_bbox: 0.0054, loss: 0.0219
2026-05-08 01:39:48,488 - mmdet - INFO - Epoch [256][50/101]	lr: 1.000e-06, eta: 0:47:53, time: 0.673, data_time: 0.066, memory: 7275, loss_rpn_cls: 0.0005, loss_rpn_bbox: 0.0005, loss_cls: 0.0167, acc: 99.3057, loss_bbox: 0.0062, loss: 0.0238
2026-05-08 01:40:19,329 - mmdet - INFO - Epoch [256][100/101]	lr: 1.000e-06, eta: 0:47:21, time: 0.617, data_time: 0.013, memory: 7275, loss_rpn_cls: 0.0002, loss_rpn_bbox: 0.0003, loss_cls: 0.0140, acc: 99.4243, loss_bbox: 0.0044, loss: 0.0189
2026-05-08 01:40:53,803 - mmdet - INFO - Epoch [257][50/101]	lr: 1.000e-06, eta: 0:46:49, time: 0.673, data_time: 0.066, memory: 7275, loss_rpn_cls: 0.0003, loss_rpn_bbox: 0.0004, loss_cls: 0.0170, acc: 99.2656, loss_bbox: 0.0059, loss: 0.0236
2026-05-08 01:41:24,637 - mmdet - INFO - Epoch [257][100/101]	lr: 1.000e-06, eta: 0:46:17, time: 0.617, data_time: 0.013, memory: 7275, loss_rpn_cls: 0.0002, loss_rpn_bbox: 0.0003, loss_cls: 0.0147, acc: 99.4004, loss_bbox: 0.0052, loss: 0.0205
2026-05-08 01:41:59,010 - mmdet - INFO - Epoch [258][50/101]	lr: 1.000e-06, eta: 0:45:44, time: 0.672, data_time: 0.066, memory: 7275, loss_rpn_cls: 0.0002, loss_rpn_bbox: 0.0004, loss_cls: 0.0164, acc: 99.3408, loss_bbox: 0.0060, loss: 0.0230
2026-05-08 01:42:29,894 - mmdet - INFO - Epoch [258][100/101]	lr: 1.000e-06, eta: 0:45:12, time: 0.618, data_time: 0.013, memory: 7275, loss_rpn_cls: 0.0004, loss_rpn_bbox: 0.0004, loss_cls: 0.0170, acc: 99.2900, loss_bbox: 0.0062, loss: 0.0240
2026-05-08 01:43:04,329 - mmdet - INFO - Epoch [259][50/101]	lr: 1.000e-06, eta: 0:44:40, time: 0.673, data_time: 0.066, memory: 7275, loss_rpn_cls: 0.0002, loss_rpn_bbox: 0.0004, loss_cls: 0.0164, acc: 99.3369, loss_bbox: 0.0055, loss: 0.0224
2026-05-08 01:43:35,098 - mmdet - INFO - Epoch [259][100/101]	lr: 1.000e-06, eta: 0:44:08, time: 0.615, data_time: 0.013, memory: 7275, loss_rpn_cls: 0.0002, loss_rpn_bbox: 0.0004, loss_cls: 0.0158, acc: 99.3525, loss_bbox: 0.0056, loss: 0.0219
2026-05-08 01:44:09,510 - mmdet - INFO - Epoch [260][50/101]	lr: 1.000e-06, eta: 0:43:35, time: 0.671, data_time: 0.066, memory: 7275, loss_rpn_cls: 0.0002, loss_rpn_bbox: 0.0004, loss_cls: 0.0168, acc: 99.3359, loss_bbox: 0.0059, loss: 0.0233
2026-05-08 01:44:40,394 - mmdet - INFO - Epoch [260][100/101]	lr: 1.000e-06, eta: 0:43:03, time: 0.618, data_time: 0.013, memory: 7275, loss_rpn_cls: 0.0003, loss_rpn_bbox: 0.0004, loss_cls: 0.0157, acc: 99.3505, loss_bbox: 0.0051, loss: 0.0215
2026-05-08 01:44:41,158 - mmdet - INFO - Saving checkpoint at 260 epochs
2026-05-08 01:45:21,058 - mmdet - INFO - Evaluating bbox...
2026-05-08 01:45:24,412 - mmdet - INFO - 
 Average Precision  (AP) @[ IoU=0.50:0.95 | area=   all | maxDets=100 ] = 0.331
 Average Precision  (AP) @[ IoU=0.50      | area=   all | maxDets=1000 ] = 0.693
 Average Precision  (AP) @[ IoU=0.75      | area=   all | maxDets=1000 ] = 0.276
 Average Precision  (AP) @[ IoU=0.50:0.95 | area= small | maxDets=1000 ] = 0.011
 Average Precision  (AP) @[ IoU=0.50:0.95 | area=medium | maxDets=1000 ] = 0.285
 Average Precision  (AP) @[ IoU=0.50:0.95 | area= large | maxDets=1000 ] = 0.427
 Average Recall     (AR) @[ IoU=0.50:0.95 | area=   all | maxDets=100 ] = 0.443
 Average Recall     (AR) @[ IoU=0.50:0.95 | area=   all | maxDets=300 ] = 0.443
 Average Recall     (AR) @[ IoU=0.50:0.95 | area=   all | maxDets=1000 ] = 0.443
 Average Recall     (AR) @[ IoU=0.50:0.95 | area= small | maxDets=1000 ] = 0.013
 Average Recall     (AR) @[ IoU=0.50:0.95 | area=medium | maxDets=1000 ] = 0.389
 Average Recall     (AR) @[ IoU=0.50:0.95 | area= large | maxDets=1000 ] = 0.552

2026-05-08 01:45:24,417 - mmdet - INFO - Exp name: fold_2_swin_t_3x_hbb.py
2026-05-08 01:45:24,417 - mmdet - INFO - Epoch(val) [260][371]	bbox_mAP: 0.3310, bbox_mAP_50: 0.6930, bbox_mAP_75: 0.2760, bbox_mAP_s: 0.0110, bbox_mAP_m: 0.2850, bbox_mAP_l: 0.4270, bbox_mAP_copypaste: 0.331 0.693 0.276 0.011 0.285 0.427
2026-05-08 01:45:57,922 - mmdet - INFO - Epoch [261][50/101]	lr: 1.000e-06, eta: 0:42:30, time: 0.670, data_time: 0.066, memory: 7275, loss_rpn_cls: 0.0003, loss_rpn_bbox: 0.0004, loss_cls: 0.0152, acc: 99.3848, loss_bbox: 0.0056, loss: 0.0214
2026-05-08 01:46:28,937 - mmdet - INFO - Epoch [261][100/101]	lr: 1.000e-06, eta: 0:41:58, time: 0.620, data_time: 0.013, memory: 7275, loss_rpn_cls: 0.0002, loss_rpn_bbox: 0.0004, loss_cls: 0.0169, acc: 99.3057, loss_bbox: 0.0058, loss: 0.0233
2026-05-08 01:47:03,322 - mmdet - INFO - Epoch [262][50/101]	lr: 1.000e-06, eta: 0:41:26, time: 0.672, data_time: 0.066, memory: 7275, loss_rpn_cls: 0.0002, loss_rpn_bbox: 0.0004, loss_cls: 0.0155, acc: 99.3308, loss_bbox: 0.0056, loss: 0.0218
2026-05-08 01:47:34,152 - mmdet - INFO - Epoch [262][100/101]	lr: 1.000e-06, eta: 0:40:54, time: 0.617, data_time: 0.013, memory: 7275, loss_rpn_cls: 0.0002, loss_rpn_bbox: 0.0003, loss_cls: 0.0133, acc: 99.4590, loss_bbox: 0.0047, loss: 0.0186
2026-05-08 01:48:08,504 - mmdet - INFO - Epoch [263][50/101]	lr: 1.000e-06, eta: 0:40:21, time: 0.671, data_time: 0.065, memory: 7275, loss_rpn_cls: 0.0001, loss_rpn_bbox: 0.0003, loss_cls: 0.0157, acc: 99.3408, loss_bbox: 0.0055, loss: 0.0216
2026-05-08 01:48:39,478 - mmdet - INFO - Epoch [263][100/101]	lr: 1.000e-06, eta: 0:39:49, time: 0.619, data_time: 0.013, memory: 7275, loss_rpn_cls: 0.0003, loss_rpn_bbox: 0.0005, loss_cls: 0.0168, acc: 99.3023, loss_bbox: 0.0057, loss: 0.0232
2026-05-08 01:49:13,829 - mmdet - INFO - Epoch [264][50/101]	lr: 1.000e-06, eta: 0:39:17, time: 0.671, data_time: 0.066, memory: 7275, loss_rpn_cls: 0.0003, loss_rpn_bbox: 0.0003, loss_cls: 0.0149, acc: 99.3885, loss_bbox: 0.0049, loss: 0.0205
2026-05-08 01:49:44,713 - mmdet - INFO - Epoch [264][100/101]	lr: 1.000e-06, eta: 0:38:45, time: 0.618, data_time: 0.013, memory: 7275, loss_rpn_cls: 0.0004, loss_rpn_bbox: 0.0004, loss_cls: 0.0168, acc: 99.3188, loss_bbox: 0.0061, loss: 0.0238
2026-05-08 01:50:19,153 - mmdet - INFO - Epoch [265][50/101]	lr: 1.000e-06, eta: 0:38:12, time: 0.673, data_time: 0.066, memory: 7275, loss_rpn_cls: 0.0003, loss_rpn_bbox: 0.0005, loss_cls: 0.0174, acc: 99.3037, loss_bbox: 0.0066, loss: 0.0249
2026-05-08 01:50:49,936 - mmdet - INFO - Epoch [265][100/101]	lr: 1.000e-06, eta: 0:37:40, time: 0.616, data_time: 0.013, memory: 7275, loss_rpn_cls: 0.0003, loss_rpn_bbox: 0.0003, loss_cls: 0.0144, acc: 99.4155, loss_bbox: 0.0052, loss: 0.0202
2026-05-08 01:51:24,275 - mmdet - INFO - Epoch [266][50/101]	lr: 1.000e-06, eta: 0:37:08, time: 0.671, data_time: 0.066, memory: 7275, loss_rpn_cls: 0.0005, loss_rpn_bbox: 0.0004, loss_cls: 0.0151, acc: 99.3564, loss_bbox: 0.0053, loss: 0.0213
2026-05-08 01:51:55,168 - mmdet - INFO - Epoch [266][100/101]	lr: 1.000e-06, eta: 0:36:35, time: 0.618, data_time: 0.013, memory: 7275, loss_rpn_cls: 0.0003, loss_rpn_bbox: 0.0004, loss_cls: 0.0167, acc: 99.2764, loss_bbox: 0.0057, loss: 0.0231
2026-05-08 01:52:29,522 - mmdet - INFO - Epoch [267][50/101]	lr: 1.000e-06, eta: 0:36:03, time: 0.671, data_time: 0.066, memory: 7275, loss_rpn_cls: 0.0001, loss_rpn_bbox: 0.0003, loss_cls: 0.0139, acc: 99.4092, loss_bbox: 0.0050, loss: 0.0193
2026-05-08 01:53:00,451 - mmdet - INFO - Epoch [267][100/101]	lr: 1.000e-06, eta: 0:35:31, time: 0.619, data_time: 0.013, memory: 7275, loss_rpn_cls: 0.0002, loss_rpn_bbox: 0.0004, loss_cls: 0.0167, acc: 99.3008, loss_bbox: 0.0057, loss: 0.0231
2026-05-08 01:53:34,845 - mmdet - INFO - Epoch [268][50/101]	lr: 1.000e-06, eta: 0:34:58, time: 0.672, data_time: 0.066, memory: 7275, loss_rpn_cls: 0.0003, loss_rpn_bbox: 0.0004, loss_cls: 0.0161, acc: 99.3506, loss_bbox: 0.0056, loss: 0.0224
2026-05-08 01:54:05,746 - mmdet - INFO - Epoch [268][100/101]	lr: 1.000e-06, eta: 0:34:26, time: 0.618, data_time: 0.013, memory: 7275, loss_rpn_cls: 0.0002, loss_rpn_bbox: 0.0004, loss_cls: 0.0160, acc: 99.3534, loss_bbox: 0.0052, loss: 0.0218
2026-05-08 01:54:40,164 - mmdet - INFO - Epoch [269][50/101]	lr: 1.000e-06, eta: 0:33:54, time: 0.673, data_time: 0.066, memory: 7275, loss_rpn_cls: 0.0001, loss_rpn_bbox: 0.0004, loss_cls: 0.0168, acc: 99.3008, loss_bbox: 0.0061, loss: 0.0234
2026-05-08 01:55:11,062 - mmdet - INFO - Epoch [269][100/101]	lr: 1.000e-06, eta: 0:33:22, time: 0.618, data_time: 0.013, memory: 7275, loss_rpn_cls: 0.0002, loss_rpn_bbox: 0.0004, loss_cls: 0.0155, acc: 99.3532, loss_bbox: 0.0054, loss: 0.0214
2026-05-08 01:55:45,427 - mmdet - INFO - Epoch [270][50/101]	lr: 1.000e-06, eta: 0:32:49, time: 0.672, data_time: 0.066, memory: 7275, loss_rpn_cls: 0.0003, loss_rpn_bbox: 0.0004, loss_cls: 0.0153, acc: 99.3721, loss_bbox: 0.0057, loss: 0.0216
2026-05-08 01:56:16,342 - mmdet - INFO - Epoch [270][100/101]	lr: 1.000e-06, eta: 0:32:17, time: 0.618, data_time: 0.013, memory: 7275, loss_rpn_cls: 0.0004, loss_rpn_bbox: 0.0004, loss_cls: 0.0148, acc: 99.4029, loss_bbox: 0.0055, loss: 0.0211
2026-05-08 01:56:17,120 - mmdet - INFO - Saving checkpoint at 270 epochs
2026-05-08 01:56:57,137 - mmdet - INFO - Evaluating bbox...
2026-05-08 01:57:00,418 - mmdet - INFO - 
 Average Precision  (AP) @[ IoU=0.50:0.95 | area=   all | maxDets=100 ] = 0.330
 Average Precision  (AP) @[ IoU=0.50      | area=   all | maxDets=1000 ] = 0.693
 Average Precision  (AP) @[ IoU=0.75      | area=   all | maxDets=1000 ] = 0.273
 Average Precision  (AP) @[ IoU=0.50:0.95 | area= small | maxDets=1000 ] = 0.009
 Average Precision  (AP) @[ IoU=0.50:0.95 | area=medium | maxDets=1000 ] = 0.283
 Average Precision  (AP) @[ IoU=0.50:0.95 | area= large | maxDets=1000 ] = 0.426
 Average Recall     (AR) @[ IoU=0.50:0.95 | area=   all | maxDets=100 ] = 0.440
 Average Recall     (AR) @[ IoU=0.50:0.95 | area=   all | maxDets=300 ] = 0.440
 Average Recall     (AR) @[ IoU=0.50:0.95 | area=   all | maxDets=1000 ] = 0.440
 Average Recall     (AR) @[ IoU=0.50:0.95 | area= small | maxDets=1000 ] = 0.013
 Average Recall     (AR) @[ IoU=0.50:0.95 | area=medium | maxDets=1000 ] = 0.386
 Average Recall     (AR) @[ IoU=0.50:0.95 | area= large | maxDets=1000 ] = 0.550

2026-05-08 01:57:00,423 - mmdet - INFO - Exp name: fold_2_swin_t_3x_hbb.py
2026-05-08 01:57:00,423 - mmdet - INFO - Epoch(val) [270][371]	bbox_mAP: 0.3300, bbox_mAP_50: 0.6930, bbox_mAP_75: 0.2730, bbox_mAP_s: 0.0090, bbox_mAP_m: 0.2830, bbox_mAP_l: 0.4260, bbox_mAP_copypaste: 0.330 0.693 0.273 0.009 0.283 0.426
2026-05-08 01:57:34,008 - mmdet - INFO - Epoch [271][50/101]	lr: 1.000e-06, eta: 0:31:45, time: 0.671, data_time: 0.066, memory: 7275, loss_rpn_cls: 0.0005, loss_rpn_bbox: 0.0005, loss_cls: 0.0166, acc: 99.3081, loss_bbox: 0.0065, loss: 0.0241
2026-05-08 01:58:04,878 - mmdet - INFO - Epoch [271][100/101]	lr: 1.000e-06, eta: 0:31:13, time: 0.617, data_time: 0.013, memory: 7275, loss_rpn_cls: 0.0001, loss_rpn_bbox: 0.0004, loss_cls: 0.0155, acc: 99.3730, loss_bbox: 0.0053, loss: 0.0214
2026-05-08 01:58:39,332 - mmdet - INFO - Epoch [272][50/101]	lr: 1.000e-06, eta: 0:30:40, time: 0.673, data_time: 0.066, memory: 7275, loss_rpn_cls: 0.0003, loss_rpn_bbox: 0.0004, loss_cls: 0.0151, acc: 99.3896, loss_bbox: 0.0057, loss: 0.0215
2026-05-08 01:59:10,182 - mmdet - INFO - Epoch [272][100/101]	lr: 1.000e-06, eta: 0:30:08, time: 0.617, data_time: 0.013, memory: 7275, loss_rpn_cls: 0.0001, loss_rpn_bbox: 0.0004, loss_cls: 0.0159, acc: 99.3396, loss_bbox: 0.0054, loss: 0.0218
2026-05-08 01:59:44,638 - mmdet - INFO - Epoch [273][50/101]	lr: 1.000e-06, eta: 0:29:35, time: 0.673, data_time: 0.066, memory: 7275, loss_rpn_cls: 0.0002, loss_rpn_bbox: 0.0004, loss_cls: 0.0162, acc: 99.3455, loss_bbox: 0.0052, loss: 0.0220
2026-05-08 02:00:15,549 - mmdet - INFO - Epoch [273][100/101]	lr: 1.000e-06, eta: 0:29:03, time: 0.618, data_time: 0.013, memory: 7275, loss_rpn_cls: 0.0006, loss_rpn_bbox: 0.0004, loss_cls: 0.0156, acc: 99.3662, loss_bbox: 0.0051, loss: 0.0217
2026-05-08 02:00:49,896 - mmdet - INFO - Epoch [274][50/101]	lr: 1.000e-06, eta: 0:28:31, time: 0.671, data_time: 0.066, memory: 7275, loss_rpn_cls: 0.0002, loss_rpn_bbox: 0.0003, loss_cls: 0.0156, acc: 99.3545, loss_bbox: 0.0052, loss: 0.0214
2026-05-08 02:01:20,876 - mmdet - INFO - Epoch [274][100/101]	lr: 1.000e-06, eta: 0:27:59, time: 0.620, data_time: 0.013, memory: 7275, loss_rpn_cls: 0.0002, loss_rpn_bbox: 0.0004, loss_cls: 0.0157, acc: 99.3284, loss_bbox: 0.0056, loss: 0.0219
2026-05-08 02:01:55,167 - mmdet - INFO - Epoch [275][50/101]	lr: 1.000e-06, eta: 0:27:26, time: 0.670, data_time: 0.066, memory: 7275, loss_rpn_cls: 0.0002, loss_rpn_bbox: 0.0004, loss_cls: 0.0157, acc: 99.3301, loss_bbox: 0.0059, loss: 0.0222
2026-05-08 02:02:26,069 - mmdet - INFO - Epoch [275][100/101]	lr: 1.000e-06, eta: 0:26:54, time: 0.618, data_time: 0.013, memory: 7275, loss_rpn_cls: 0.0001, loss_rpn_bbox: 0.0004, loss_cls: 0.0159, acc: 99.3459, loss_bbox: 0.0052, loss: 0.0216
2026-05-08 02:03:00,400 - mmdet - INFO - Epoch [276][50/101]	lr: 1.000e-06, eta: 0:26:22, time: 0.671, data_time: 0.066, memory: 7275, loss_rpn_cls: 0.0002, loss_rpn_bbox: 0.0004, loss_cls: 0.0142, acc: 99.4043, loss_bbox: 0.0046, loss: 0.0193
2026-05-08 02:03:31,308 - mmdet - INFO - Epoch [276][100/101]	lr: 1.000e-06, eta: 0:25:50, time: 0.618, data_time: 0.013, memory: 7275, loss_rpn_cls: 0.0005, loss_rpn_bbox: 0.0004, loss_cls: 0.0170, acc: 99.2551, loss_bbox: 0.0060, loss: 0.0239
2026-05-08 02:04:05,724 - mmdet - INFO - Epoch [277][50/101]	lr: 1.000e-06, eta: 0:25:17, time: 0.673, data_time: 0.066, memory: 7275, loss_rpn_cls: 0.0003, loss_rpn_bbox: 0.0004, loss_cls: 0.0168, acc: 99.3419, loss_bbox: 0.0062, loss: 0.0238
2026-05-08 02:04:36,575 - mmdet - INFO - Epoch [277][100/101]	lr: 1.000e-06, eta: 0:24:45, time: 0.617, data_time: 0.013, memory: 7275, loss_rpn_cls: 0.0005, loss_rpn_bbox: 0.0004, loss_cls: 0.0148, acc: 99.3701, loss_bbox: 0.0047, loss: 0.0203
2026-05-08 02:05:10,962 - mmdet - INFO - Epoch [278][50/101]	lr: 1.000e-06, eta: 0:24:13, time: 0.672, data_time: 0.066, memory: 7275, loss_rpn_cls: 0.0002, loss_rpn_bbox: 0.0004, loss_cls: 0.0164, acc: 99.3047, loss_bbox: 0.0056, loss: 0.0226
2026-05-08 02:05:41,837 - mmdet - INFO - Epoch [278][100/101]	lr: 1.000e-06, eta: 0:23:41, time: 0.617, data_time: 0.013, memory: 7275, loss_rpn_cls: 0.0006, loss_rpn_bbox: 0.0004, loss_cls: 0.0166, acc: 99.2885, loss_bbox: 0.0055, loss: 0.0230
2026-05-08 02:06:16,221 - mmdet - INFO - Epoch [279][50/101]	lr: 1.000e-06, eta: 0:23:08, time: 0.672, data_time: 0.066, memory: 7275, loss_rpn_cls: 0.0003, loss_rpn_bbox: 0.0004, loss_cls: 0.0160, acc: 99.3330, loss_bbox: 0.0054, loss: 0.0220
2026-05-08 02:06:47,108 - mmdet - INFO - Epoch [279][100/101]	lr: 1.000e-06, eta: 0:22:36, time: 0.618, data_time: 0.013, memory: 7275, loss_rpn_cls: 0.0003, loss_rpn_bbox: 0.0004, loss_cls: 0.0171, acc: 99.2899, loss_bbox: 0.0058, loss: 0.0237
2026-05-08 02:07:21,380 - mmdet - INFO - Epoch [280][50/101]	lr: 1.000e-06, eta: 0:22:03, time: 0.670, data_time: 0.066, memory: 7275, loss_rpn_cls: 0.0002, loss_rpn_bbox: 0.0004, loss_cls: 0.0152, acc: 99.3846, loss_bbox: 0.0056, loss: 0.0214
2026-05-08 02:07:52,337 - mmdet - INFO - Epoch [280][100/101]	lr: 1.000e-06, eta: 0:21:31, time: 0.619, data_time: 0.013, memory: 7275, loss_rpn_cls: 0.0002, loss_rpn_bbox: 0.0004, loss_cls: 0.0159, acc: 99.3426, loss_bbox: 0.0052, loss: 0.0217
2026-05-08 02:07:53,105 - mmdet - INFO - Saving checkpoint at 280 epochs
2026-05-08 02:08:33,028 - mmdet - INFO - Evaluating bbox...
2026-05-08 02:08:36,369 - mmdet - INFO - 
 Average Precision  (AP) @[ IoU=0.50:0.95 | area=   all | maxDets=100 ] = 0.329
 Average Precision  (AP) @[ IoU=0.50      | area=   all | maxDets=1000 ] = 0.691
 Average Precision  (AP) @[ IoU=0.75      | area=   all | maxDets=1000 ] = 0.274
 Average Precision  (AP) @[ IoU=0.50:0.95 | area= small | maxDets=1000 ] = 0.009
 Average Precision  (AP) @[ IoU=0.50:0.95 | area=medium | maxDets=1000 ] = 0.282
 Average Precision  (AP) @[ IoU=0.50:0.95 | area= large | maxDets=1000 ] = 0.427
 Average Recall     (AR) @[ IoU=0.50:0.95 | area=   all | maxDets=100 ] = 0.443
 Average Recall     (AR) @[ IoU=0.50:0.95 | area=   all | maxDets=300 ] = 0.443
 Average Recall     (AR) @[ IoU=0.50:0.95 | area=   all | maxDets=1000 ] = 0.443
 Average Recall     (AR) @[ IoU=0.50:0.95 | area= small | maxDets=1000 ] = 0.013
 Average Recall     (AR) @[ IoU=0.50:0.95 | area=medium | maxDets=1000 ] = 0.386
 Average Recall     (AR) @[ IoU=0.50:0.95 | area= large | maxDets=1000 ] = 0.555

2026-05-08 02:08:36,374 - mmdet - INFO - Exp name: fold_2_swin_t_3x_hbb.py
2026-05-08 02:08:36,374 - mmdet - INFO - Epoch(val) [280][371]	bbox_mAP: 0.3290, bbox_mAP_50: 0.6910, bbox_mAP_75: 0.2740, bbox_mAP_s: 0.0090, bbox_mAP_m: 0.2820, bbox_mAP_l: 0.4270, bbox_mAP_copypaste: 0.329 0.691 0.274 0.009 0.282 0.427
2026-05-08 02:09:09,870 - mmdet - INFO - Epoch [281][50/101]	lr: 1.000e-06, eta: 0:20:59, time: 0.670, data_time: 0.066, memory: 7275, loss_rpn_cls: 0.0002, loss_rpn_bbox: 0.0004, loss_cls: 0.0160, acc: 99.3398, loss_bbox: 0.0058, loss: 0.0224
2026-05-08 02:09:40,779 - mmdet - INFO - Epoch [281][100/101]	lr: 1.000e-06, eta: 0:20:27, time: 0.618, data_time: 0.013, memory: 7275, loss_rpn_cls: 0.0003, loss_rpn_bbox: 0.0004, loss_cls: 0.0150, acc: 99.3738, loss_bbox: 0.0051, loss: 0.0208
2026-05-08 02:10:15,151 - mmdet - INFO - Epoch [282][50/101]	lr: 1.000e-06, eta: 0:19:54, time: 0.672, data_time: 0.066, memory: 7275, loss_rpn_cls: 0.0004, loss_rpn_bbox: 0.0004, loss_cls: 0.0156, acc: 99.3543, loss_bbox: 0.0060, loss: 0.0224
2026-05-08 02:10:46,004 - mmdet - INFO - Epoch [282][100/101]	lr: 1.000e-06, eta: 0:19:22, time: 0.617, data_time: 0.013, memory: 7275, loss_rpn_cls: 0.0001, loss_rpn_bbox: 0.0004, loss_cls: 0.0150, acc: 99.3765, loss_bbox: 0.0052, loss: 0.0207
2026-05-08 02:11:20,403 - mmdet - INFO - Epoch [283][50/101]	lr: 1.000e-06, eta: 0:18:50, time: 0.672, data_time: 0.067, memory: 7275, loss_rpn_cls: 0.0001, loss_rpn_bbox: 0.0003, loss_cls: 0.0156, acc: 99.3545, loss_bbox: 0.0052, loss: 0.0212
2026-05-08 02:11:51,319 - mmdet - INFO - Epoch [283][100/101]	lr: 1.000e-06, eta: 0:18:18, time: 0.618, data_time: 0.013, memory: 7275, loss_rpn_cls: 0.0002, loss_rpn_bbox: 0.0004, loss_cls: 0.0154, acc: 99.3604, loss_bbox: 0.0052, loss: 0.0211
2026-05-08 02:12:25,691 - mmdet - INFO - Epoch [284][50/101]	lr: 1.000e-06, eta: 0:17:45, time: 0.672, data_time: 0.066, memory: 7275, loss_rpn_cls: 0.0001, loss_rpn_bbox: 0.0003, loss_cls: 0.0152, acc: 99.3701, loss_bbox: 0.0052, loss: 0.0209
2026-05-08 02:12:56,601 - mmdet - INFO - Epoch [284][100/101]	lr: 1.000e-06, eta: 0:17:13, time: 0.618, data_time: 0.013, memory: 7275, loss_rpn_cls: 0.0002, loss_rpn_bbox: 0.0004, loss_cls: 0.0171, acc: 99.3307, loss_bbox: 0.0060, loss: 0.0237
2026-05-08 02:13:30,990 - mmdet - INFO - Epoch [285][50/101]	lr: 1.000e-06, eta: 0:16:41, time: 0.672, data_time: 0.066, memory: 7275, loss_rpn_cls: 0.0002, loss_rpn_bbox: 0.0004, loss_cls: 0.0156, acc: 99.3934, loss_bbox: 0.0055, loss: 0.0218
2026-05-08 02:14:01,894 - mmdet - INFO - Epoch [285][100/101]	lr: 1.000e-06, eta: 0:16:09, time: 0.618, data_time: 0.013, memory: 7275, loss_rpn_cls: 0.0004, loss_rpn_bbox: 0.0004, loss_cls: 0.0168, acc: 99.3232, loss_bbox: 0.0060, loss: 0.0235
2026-05-08 02:14:36,190 - mmdet - INFO - Epoch [286][50/101]	lr: 1.000e-06, eta: 0:15:36, time: 0.670, data_time: 0.066, memory: 7275, loss_rpn_cls: 0.0004, loss_rpn_bbox: 0.0003, loss_cls: 0.0145, acc: 99.3975, loss_bbox: 0.0045, loss: 0.0197
2026-05-08 02:15:07,140 - mmdet - INFO - Epoch [286][100/101]	lr: 1.000e-06, eta: 0:15:04, time: 0.619, data_time: 0.013, memory: 7275, loss_rpn_cls: 0.0001, loss_rpn_bbox: 0.0004, loss_cls: 0.0160, acc: 99.3545, loss_bbox: 0.0061, loss: 0.0227
2026-05-08 02:15:41,502 - mmdet - INFO - Epoch [287][50/101]	lr: 1.000e-06, eta: 0:14:31, time: 0.671, data_time: 0.066, memory: 7275, loss_rpn_cls: 0.0001, loss_rpn_bbox: 0.0004, loss_cls: 0.0170, acc: 99.2896, loss_bbox: 0.0057, loss: 0.0232
2026-05-08 02:16:12,334 - mmdet - INFO - Epoch [287][100/101]	lr: 1.000e-06, eta: 0:13:59, time: 0.617, data_time: 0.013, memory: 7275, loss_rpn_cls: 0.0006, loss_rpn_bbox: 0.0004, loss_cls: 0.0160, acc: 99.3586, loss_bbox: 0.0055, loss: 0.0224
2026-05-08 02:16:46,772 - mmdet - INFO - Epoch [288][50/101]	lr: 1.000e-06, eta: 0:13:27, time: 0.673, data_time: 0.066, memory: 7275, loss_rpn_cls: 0.0003, loss_rpn_bbox: 0.0004, loss_cls: 0.0160, acc: 99.3603, loss_bbox: 0.0061, loss: 0.0227
2026-05-08 02:17:17,550 - mmdet - INFO - Epoch [288][100/101]	lr: 1.000e-06, eta: 0:12:55, time: 0.616, data_time: 0.013, memory: 7275, loss_rpn_cls: 0.0001, loss_rpn_bbox: 0.0004, loss_cls: 0.0140, acc: 99.4501, loss_bbox: 0.0047, loss: 0.0192
2026-05-08 02:17:51,820 - mmdet - INFO - Epoch [289][50/101]	lr: 1.000e-06, eta: 0:12:22, time: 0.670, data_time: 0.066, memory: 7275, loss_rpn_cls: 0.0002, loss_rpn_bbox: 0.0004, loss_cls: 0.0136, acc: 99.4627, loss_bbox: 0.0049, loss: 0.0190
2026-05-08 02:18:22,736 - mmdet - INFO - Epoch [289][100/101]	lr: 1.000e-06, eta: 0:11:50, time: 0.618, data_time: 0.013, memory: 7275, loss_rpn_cls: 0.0003, loss_rpn_bbox: 0.0004, loss_cls: 0.0175, acc: 99.2783, loss_bbox: 0.0054, loss: 0.0237
2026-05-08 02:18:57,065 - mmdet - INFO - Epoch [290][50/101]	lr: 1.000e-06, eta: 0:11:18, time: 0.671, data_time: 0.066, memory: 7275, loss_rpn_cls: 0.0001, loss_rpn_bbox: 0.0003, loss_cls: 0.0156, acc: 99.3359, loss_bbox: 0.0050, loss: 0.0211
2026-05-08 02:19:27,954 - mmdet - INFO - Epoch [290][100/101]	lr: 1.000e-06, eta: 0:10:46, time: 0.618, data_time: 0.013, memory: 7275, loss_rpn_cls: 0.0004, loss_rpn_bbox: 0.0004, loss_cls: 0.0164, acc: 99.3190, loss_bbox: 0.0057, loss: 0.0229
2026-05-08 02:19:28,724 - mmdet - INFO - Saving checkpoint at 290 epochs
2026-05-08 02:20:08,495 - mmdet - INFO - Evaluating bbox...
2026-05-08 02:20:11,807 - mmdet - INFO - 
 Average Precision  (AP) @[ IoU=0.50:0.95 | area=   all | maxDets=100 ] = 0.330
 Average Precision  (AP) @[ IoU=0.50      | area=   all | maxDets=1000 ] = 0.693
 Average Precision  (AP) @[ IoU=0.75      | area=   all | maxDets=1000 ] = 0.278
 Average Precision  (AP) @[ IoU=0.50:0.95 | area= small | maxDets=1000 ] = 0.009
 Average Precision  (AP) @[ IoU=0.50:0.95 | area=medium | maxDets=1000 ] = 0.282
 Average Precision  (AP) @[ IoU=0.50:0.95 | area= large | maxDets=1000 ] = 0.428
 Average Recall     (AR) @[ IoU=0.50:0.95 | area=   all | maxDets=100 ] = 0.442
 Average Recall     (AR) @[ IoU=0.50:0.95 | area=   all | maxDets=300 ] = 0.442
 Average Recall     (AR) @[ IoU=0.50:0.95 | area=   all | maxDets=1000 ] = 0.442
 Average Recall     (AR) @[ IoU=0.50:0.95 | area= small | maxDets=1000 ] = 0.013
 Average Recall     (AR) @[ IoU=0.50:0.95 | area=medium | maxDets=1000 ] = 0.386
 Average Recall     (AR) @[ IoU=0.50:0.95 | area= large | maxDets=1000 ] = 0.555

2026-05-08 02:20:11,812 - mmdet - INFO - Exp name: fold_2_swin_t_3x_hbb.py
2026-05-08 02:20:11,812 - mmdet - INFO - Epoch(val) [290][371]	bbox_mAP: 0.3300, bbox_mAP_50: 0.6930, bbox_mAP_75: 0.2780, bbox_mAP_s: 0.0090, bbox_mAP_m: 0.2820, bbox_mAP_l: 0.4280, bbox_mAP_copypaste: 0.330 0.693 0.278 0.009 0.282 0.428
2026-05-08 02:20:45,337 - mmdet - INFO - Epoch [291][50/101]	lr: 1.000e-06, eta: 0:10:13, time: 0.670, data_time: 0.066, memory: 7275, loss_rpn_cls: 0.0003, loss_rpn_bbox: 0.0004, loss_cls: 0.0152, acc: 99.3706, loss_bbox: 0.0047, loss: 0.0206
2026-05-08 02:21:16,186 - mmdet - INFO - Epoch [291][100/101]	lr: 1.000e-06, eta: 0:09:41, time: 0.617, data_time: 0.013, memory: 7275, loss_rpn_cls: 0.0002, loss_rpn_bbox: 0.0004, loss_cls: 0.0185, acc: 99.2012, loss_bbox: 0.0061, loss: 0.0251
2026-05-08 02:21:50,564 - mmdet - INFO - Epoch [292][50/101]	lr: 1.000e-06, eta: 0:09:09, time: 0.672, data_time: 0.066, memory: 7275, loss_rpn_cls: 0.0003, loss_rpn_bbox: 0.0005, loss_cls: 0.0169, acc: 99.2880, loss_bbox: 0.0062, loss: 0.0239
2026-05-08 02:22:21,350 - mmdet - INFO - Epoch [292][100/101]	lr: 1.000e-06, eta: 0:08:37, time: 0.616, data_time: 0.013, memory: 7275, loss_rpn_cls: 0.0002, loss_rpn_bbox: 0.0003, loss_cls: 0.0144, acc: 99.4141, loss_bbox: 0.0052, loss: 0.0201
2026-05-08 02:22:55,633 - mmdet - INFO - Epoch [293][50/101]	lr: 1.000e-06, eta: 0:08:04, time: 0.670, data_time: 0.066, memory: 7275, loss_rpn_cls: 0.0004, loss_rpn_bbox: 0.0004, loss_cls: 0.0160, acc: 99.3284, loss_bbox: 0.0055, loss: 0.0224
2026-05-08 02:23:26,451 - mmdet - INFO - Epoch [293][100/101]	lr: 1.000e-06, eta: 0:07:32, time: 0.616, data_time: 0.013, memory: 7275, loss_rpn_cls: 0.0002, loss_rpn_bbox: 0.0004, loss_cls: 0.0147, acc: 99.3828, loss_bbox: 0.0048, loss: 0.0200
2026-05-08 02:24:00,775 - mmdet - INFO - Epoch [294][50/101]	lr: 1.000e-06, eta: 0:06:59, time: 0.671, data_time: 0.065, memory: 7275, loss_rpn_cls: 0.0002, loss_rpn_bbox: 0.0004, loss_cls: 0.0167, acc: 99.3190, loss_bbox: 0.0053, loss: 0.0226
2026-05-08 02:24:31,619 - mmdet - INFO - Epoch [294][100/101]	lr: 1.000e-06, eta: 0:06:27, time: 0.617, data_time: 0.013, memory: 7275, loss_rpn_cls: 0.0002, loss_rpn_bbox: 0.0004, loss_cls: 0.0151, acc: 99.3603, loss_bbox: 0.0050, loss: 0.0206
2026-05-08 02:25:05,929 - mmdet - INFO - Epoch [295][50/101]	lr: 1.000e-06, eta: 0:05:55, time: 0.670, data_time: 0.066, memory: 7275, loss_rpn_cls: 0.0001, loss_rpn_bbox: 0.0004, loss_cls: 0.0143, acc: 99.4003, loss_bbox: 0.0047, loss: 0.0195
2026-05-08 02:25:36,798 - mmdet - INFO - Epoch [295][100/101]	lr: 1.000e-06, eta: 0:05:23, time: 0.617, data_time: 0.013, memory: 7275, loss_rpn_cls: 0.0003, loss_rpn_bbox: 0.0004, loss_cls: 0.0160, acc: 99.3457, loss_bbox: 0.0052, loss: 0.0218
2026-05-08 02:26:11,169 - mmdet - INFO - Epoch [296][50/101]	lr: 1.000e-06, eta: 0:04:50, time: 0.672, data_time: 0.066, memory: 7275, loss_rpn_cls: 0.0003, loss_rpn_bbox: 0.0004, loss_cls: 0.0169, acc: 99.3008, loss_bbox: 0.0060, loss: 0.0236
2026-05-08 02:26:41,988 - mmdet - INFO - Epoch [296][100/101]	lr: 1.000e-06, eta: 0:04:18, time: 0.616, data_time: 0.013, memory: 7275, loss_rpn_cls: 0.0004, loss_rpn_bbox: 0.0004, loss_cls: 0.0157, acc: 99.3656, loss_bbox: 0.0058, loss: 0.0223
2026-05-08 02:27:16,321 - mmdet - INFO - Epoch [297][50/101]	lr: 1.000e-06, eta: 0:03:46, time: 0.671, data_time: 0.065, memory: 7275, loss_rpn_cls: 0.0002, loss_rpn_bbox: 0.0004, loss_cls: 0.0160, acc: 99.3330, loss_bbox: 0.0055, loss: 0.0221
2026-05-08 02:27:47,190 - mmdet - INFO - Epoch [297][100/101]	lr: 1.000e-06, eta: 0:03:14, time: 0.617, data_time: 0.013, memory: 7275, loss_rpn_cls: 0.0001, loss_rpn_bbox: 0.0004, loss_cls: 0.0146, acc: 99.4031, loss_bbox: 0.0049, loss: 0.0199
2026-05-08 02:28:21,608 - mmdet - INFO - Epoch [298][50/101]	lr: 1.000e-06, eta: 0:02:41, time: 0.672, data_time: 0.066, memory: 7275, loss_rpn_cls: 0.0003, loss_rpn_bbox: 0.0005, loss_cls: 0.0170, acc: 99.3069, loss_bbox: 0.0063, loss: 0.0240
2026-05-08 02:28:52,438 - mmdet - INFO - Epoch [298][100/101]	lr: 1.000e-06, eta: 0:02:09, time: 0.617, data_time: 0.013, memory: 7275, loss_rpn_cls: 0.0001, loss_rpn_bbox: 0.0003, loss_cls: 0.0141, acc: 99.4160, loss_bbox: 0.0049, loss: 0.0194
2026-05-08 02:29:26,755 - mmdet - INFO - Epoch [299][50/101]	lr: 1.000e-06, eta: 0:01:37, time: 0.671, data_time: 0.066, memory: 7275, loss_rpn_cls: 0.0001, loss_rpn_bbox: 0.0004, loss_cls: 0.0161, acc: 99.2919, loss_bbox: 0.0058, loss: 0.0224
2026-05-08 02:29:57,595 - mmdet - INFO - Epoch [299][100/101]	lr: 1.000e-06, eta: 0:01:05, time: 0.617, data_time: 0.013, memory: 7275, loss_rpn_cls: 0.0001, loss_rpn_bbox: 0.0004, loss_cls: 0.0153, acc: 99.3789, loss_bbox: 0.0049, loss: 0.0206
2026-05-08 02:30:31,921 - mmdet - INFO - Epoch [300][50/101]	lr: 1.000e-06, eta: 0:00:32, time: 0.671, data_time: 0.066, memory: 7275, loss_rpn_cls: 0.0002, loss_rpn_bbox: 0.0004, loss_cls: 0.0148, acc: 99.3739, loss_bbox: 0.0054, loss: 0.0208
2026-05-08 02:31:02,778 - mmdet - INFO - Epoch [300][100/101]	lr: 1.000e-06, eta: 0:00:00, time: 0.617, data_time: 0.013, memory: 7275, loss_rpn_cls: 0.0005, loss_rpn_bbox: 0.0003, loss_cls: 0.0148, acc: 99.4292, loss_bbox: 0.0049, loss: 0.0206
2026-05-08 02:31:03,558 - mmdet - INFO - Saving checkpoint at 300 epochs
2026-05-08 02:31:43,289 - mmdet - INFO - Evaluating bbox...
2026-05-08 02:31:46,697 - mmdet - INFO - 
 Average Precision  (AP) @[ IoU=0.50:0.95 | area=   all | maxDets=100 ] = 0.330
 Average Precision  (AP) @[ IoU=0.50      | area=   all | maxDets=1000 ] = 0.694
 Average Precision  (AP) @[ IoU=0.75      | area=   all | maxDets=1000 ] = 0.275
 Average Precision  (AP) @[ IoU=0.50:0.95 | area= small | maxDets=1000 ] = 0.009
 Average Precision  (AP) @[ IoU=0.50:0.95 | area=medium | maxDets=1000 ] = 0.283
 Average Precision  (AP) @[ IoU=0.50:0.95 | area= large | maxDets=1000 ] = 0.427
 Average Recall     (AR) @[ IoU=0.50:0.95 | area=   all | maxDets=100 ] = 0.440
 Average Recall     (AR) @[ IoU=0.50:0.95 | area=   all | maxDets=300 ] = 0.440
 Average Recall     (AR) @[ IoU=0.50:0.95 | area=   all | maxDets=1000 ] = 0.440
 Average Recall     (AR) @[ IoU=0.50:0.95 | area= small | maxDets=1000 ] = 0.013
 Average Recall     (AR) @[ IoU=0.50:0.95 | area=medium | maxDets=1000 ] = 0.385
 Average Recall     (AR) @[ IoU=0.50:0.95 | area= large | maxDets=1000 ] = 0.551

2026-05-08 02:31:46,702 - mmdet - INFO - Exp name: fold_2_swin_t_3x_hbb.py
2026-05-08 02:31:46,702 - mmdet - INFO - Epoch(val) [300][371]	bbox_mAP: 0.3300, bbox_mAP_50: 0.6940, bbox_mAP_75: 0.2750, bbox_mAP_s: 0.0090, bbox_mAP_m: 0.2830, bbox_mAP_l: 0.4270, bbox_mAP_copypaste: 0.330 0.694 0.275 0.009 0.283 0.427
