2026-05-11 15:32:21,431 - mmdet - INFO - Environment info:
------------------------------------------------------------
sys.platform: linux
Python: 3.7.16 (default, Jan 17 2023, 22:20:44) [GCC 11.2.0]
CUDA available: True
GPU 0: NVIDIA GeForce RTX 2080 Ti
CUDA_HOME: /usr
NVCC: Build cuda_11.5.r11.5/compiler.30672275_0
GCC: gcc (Ubuntu 11.4.0-1ubuntu1~22.04.3) 11.4.0
PyTorch: 1.7.1+cu110
PyTorch compiling details: PyTorch built with:
  - GCC 7.3
  - C++ Version: 201402
  - Intel(R) Math Kernel Library Version 2020.0.0 Product Build 20191122 for Intel(R) 64 architecture applications
  - Intel(R) MKL-DNN v1.6.0 (Git Hash 5ef631a030a6f73131c77892041042805a06064f)
  - OpenMP 201511 (a.k.a. OpenMP 4.5)
  - NNPACK is enabled
  - CPU capability usage: AVX2
  - CUDA Runtime 11.0
  - NVCC architecture flags: -gencode;arch=compute_37,code=sm_37;-gencode;arch=compute_50,code=sm_50;-gencode;arch=compute_60,code=sm_60;-gencode;arch=compute_70,code=sm_70;-gencode;arch=compute_75,code=sm_75;-gencode;arch=compute_80,code=sm_80
  - CuDNN 8.0.5
  - Magma 2.5.2
  - Build settings: BLAS=MKL, BUILD_TYPE=Release, CXX_FLAGS= -Wno-deprecated -fvisibility-inlines-hidden -DUSE_PTHREADPOOL -fopenmp -DNDEBUG -DUSE_FBGEMM -DUSE_QNNPACK -DUSE_PYTORCH_QNNPACK -DUSE_XNNPACK -DUSE_VULKAN_WRAPPER -O2 -fPIC -Wno-narrowing -Wall -Wextra -Werror=return-type -Wno-missing-field-initializers -Wno-type-limits -Wno-array-bounds -Wno-unknown-pragmas -Wno-sign-compare -Wno-unused-parameter -Wno-unused-variable -Wno-unused-function -Wno-unused-result -Wno-unused-local-typedefs -Wno-strict-overflow -Wno-strict-aliasing -Wno-error=deprecated-declarations -Wno-stringop-overflow -Wno-psabi -Wno-error=pedantic -Wno-error=redundant-decls -Wno-error=old-style-cast -fdiagnostics-color=always -faligned-new -Wno-unused-but-set-variable -Wno-maybe-uninitialized -fno-math-errno -fno-trapping-math -Werror=format -Wno-stringop-overflow, PERF_WITH_AVX=1, PERF_WITH_AVX2=1, PERF_WITH_AVX512=1, USE_CUDA=ON, USE_EXCEPTION_PTR=1, USE_GFLAGS=OFF, USE_GLOG=OFF, USE_MKL=ON, USE_MKLDNN=ON, USE_MPI=OFF, USE_NCCL=ON, USE_NNPACK=ON, USE_OPENMP=ON, 

TorchVision: 0.8.2+cu110
OpenCV: 4.13.0
MMCV: 1.3.17
MMCV Compiler: GCC 7.3
MMCV CUDA Compiler: 11.0
MMDetection: 2.23.0+2544401
------------------------------------------------------------

2026-05-11 15:32:23,273 - mmdet - INFO - Distributed training: True
2026-05-11 15:32:25,164 - mmdet - INFO - Config:
norm_cfg = dict(type='GN', num_groups=32, requires_grad=True)
model = dict(
    type='FasterRCNN',
    backbone=dict(
        type='ResNet',
        depth=50,
        num_stages=4,
        out_indices=(0, 1, 2, 3),
        frozen_stages=-1,
        norm_cfg=dict(type='GN', num_groups=32, requires_grad=True),
        norm_eval=True,
        style='pytorch',
        init_cfg=dict(type='Pretrained', checkpoint='torchvision://resnet50')),
    neck=dict(
        type='FPN',
        in_channels=[256, 512, 1024, 2048],
        out_channels=256,
        num_outs=5,
        norm_cfg=dict(type='GN', num_groups=32, requires_grad=True)),
    rpn_head=dict(
        type='RPNHead',
        in_channels=256,
        feat_channels=256,
        anchor_generator=dict(
            type='AnchorGenerator',
            scales=[8],
            ratios=[0.5, 1.0, 2.0],
            strides=[4, 8, 16, 32, 64]),
        bbox_coder=dict(
            type='DeltaXYWHBBoxCoder',
            target_means=[0.0, 0.0, 0.0, 0.0],
            target_stds=[1.0, 1.0, 1.0, 1.0]),
        loss_cls=dict(
            type='CrossEntropyLoss', use_sigmoid=True, loss_weight=1.0),
        loss_bbox=dict(type='SmoothL1Loss', loss_weight=1.0)),
    roi_head=dict(
        type='StandardRoIHead',
        bbox_roi_extractor=dict(
            type='SingleRoIExtractor',
            roi_layer=dict(type='RoIAlign', output_size=7, sampling_ratio=0),
            out_channels=256,
            featmap_strides=[4, 8, 16, 32]),
        bbox_head=dict(
            type='Shared4Conv1FCBBoxHead',
            in_channels=256,
            conv_out_channels=256,
            fc_out_channels=1024,
            roi_feat_size=7,
            num_classes=1,
            norm_cfg=dict(type='GN', num_groups=32, requires_grad=True),
            bbox_coder=dict(
                type='DeltaXYWHBBoxCoder',
                target_means=[0.0, 0.0, 0.0, 0.0],
                target_stds=[0.1, 0.1, 0.2, 0.2]),
            reg_class_agnostic=False,
            loss_cls=dict(
                type='CrossEntropyLoss', use_sigmoid=False, loss_weight=1.0),
            loss_bbox=dict(type='SmoothL1Loss', loss_weight=1.0))),
    train_cfg=dict(
        rpn=dict(
            assigner=dict(
                type='MaxIoUAssigner',
                pos_iou_thr=0.7,
                neg_iou_thr=0.3,
                min_pos_iou=0.3,
                match_low_quality=True,
                ignore_iof_thr=-1),
            sampler=dict(
                type='RandomSampler',
                num=256,
                pos_fraction=0.5,
                neg_pos_ub=-1,
                add_gt_as_proposals=False),
            allowed_border=-1,
            pos_weight=-1,
            debug=False),
        rpn_proposal=dict(
            nms_pre=2000,
            max_per_img=1000,
            nms=dict(type='nms', iou_threshold=0.7),
            min_bbox_size=0),
        rcnn=dict(
            assigner=dict(
                type='MaxIoUAssigner',
                pos_iou_thr=0.5,
                neg_iou_thr=0.5,
                min_pos_iou=0.5,
                match_low_quality=False,
                ignore_iof_thr=-1),
            sampler=dict(
                type='RandomSampler',
                num=512,
                pos_fraction=0.25,
                neg_pos_ub=-1,
                add_gt_as_proposals=True),
            pos_weight=-1,
            debug=False)),
    test_cfg=dict(
        rpn=dict(
            nms_pre=1000,
            max_per_img=1000,
            nms=dict(type='nms', iou_threshold=0.7),
            min_bbox_size=0),
        rcnn=dict(
            score_thr=0.05,
            nms=dict(type='nms', iou_threshold=0.5),
            max_per_img=100)))
dataset_type = 'CocoDataset'
classes = ('ship', )
data_root = '/home/ahmadreza/Downloads/Research/M2SODAI/baseline_official/'
img_norm_cfg = dict(
    mean=[123.675, 116.28, 103.53], std=[58.395, 57.12, 57.375], to_rgb=True)
train_pipeline = [
    dict(type='Mosaic', img_scale=(640, 640), pad_val=114.0),
    dict(
        type='RandomAffine', scaling_ratio_range=(0.1, 2),
        border=(-320, -320)),
    dict(
        type='MixUp',
        img_scale=(640, 640),
        ratio_range=(0.8, 1.6),
        pad_val=114.0),
    dict(type='PhotoMetricDistortion'),
    dict(type='RandomFlip', flip_ratio=0.5),
    dict(
        type='Normalize',
        mean=[123.675, 116.28, 103.53],
        std=[58.395, 57.12, 57.375],
        to_rgb=True),
    dict(type='Pad', size_divisor=32),
    dict(type='DefaultFormatBundle'),
    dict(type='Collect', keys=['img', 'gt_bboxes', 'gt_labels'])
]
inner_pipeline = [
    dict(type='LoadImageFromFile'),
    dict(type='LoadAnnotations', with_bbox=True)
]
test_pipeline = [
    dict(type='LoadImageFromFile'),
    dict(
        type='MultiScaleFlipAug',
        img_scale=(640, 640),
        flip=False,
        transforms=[
            dict(type='Resize', keep_ratio=True),
            dict(type='RandomFlip'),
            dict(
                type='Normalize',
                mean=[123.675, 116.28, 103.53],
                std=[58.395, 57.12, 57.375],
                to_rgb=True),
            dict(type='Pad', size_divisor=32),
            dict(type='ImageToTensor', keys=['img']),
            dict(type='Collect', keys=['img'])
        ])
]
data = dict(
    samples_per_gpu=4,
    workers_per_gpu=4,
    train=dict(
        type='MultiImageMixDataset',
        dataset=dict(
            type='CocoDataset',
            ann_file=
            '/home/ahmadreza/Downloads/Research/M2SODAI/baseline_official/fold_3/train/annotations.json',
            img_prefix=
            '/home/ahmadreza/Downloads/Research/M2SODAI/baseline_official/fold_3/train/images/',
            classes=('ship', ),
            filter_empty_gt=False,
            pipeline=[
                dict(type='LoadImageFromFile'),
                dict(type='LoadAnnotations', with_bbox=True)
            ]),
        pipeline=[
            dict(type='Mosaic', img_scale=(640, 640), pad_val=114.0),
            dict(
                type='RandomAffine',
                scaling_ratio_range=(0.1, 2),
                border=(-320, -320)),
            dict(
                type='MixUp',
                img_scale=(640, 640),
                ratio_range=(0.8, 1.6),
                pad_val=114.0),
            dict(type='PhotoMetricDistortion'),
            dict(type='RandomFlip', flip_ratio=0.5),
            dict(
                type='Normalize',
                mean=[123.675, 116.28, 103.53],
                std=[58.395, 57.12, 57.375],
                to_rgb=True),
            dict(type='Pad', size_divisor=32),
            dict(type='DefaultFormatBundle'),
            dict(type='Collect', keys=['img', 'gt_bboxes', 'gt_labels'])
        ]),
    val=dict(
        type='CocoDataset',
        ann_file=
        '/home/ahmadreza/Downloads/Research/M2SODAI/baseline_official/fold_3/val/annotations.json',
        img_prefix=
        '/home/ahmadreza/Downloads/Research/M2SODAI/baseline_official/fold_3/val/images/',
        classes=('ship', ),
        pipeline=[
            dict(type='LoadImageFromFile'),
            dict(
                type='MultiScaleFlipAug',
                img_scale=(640, 640),
                flip=False,
                transforms=[
                    dict(type='Resize', keep_ratio=True),
                    dict(type='RandomFlip'),
                    dict(
                        type='Normalize',
                        mean=[123.675, 116.28, 103.53],
                        std=[58.395, 57.12, 57.375],
                        to_rgb=True),
                    dict(type='Pad', size_divisor=32),
                    dict(type='ImageToTensor', keys=['img']),
                    dict(type='Collect', keys=['img'])
                ])
        ]),
    test=dict(
        type='CocoDataset',
        ann_file=
        '/home/ahmadreza/Downloads/Research/M2SODAI/baseline_official/fold_3/val/annotations.json',
        img_prefix=
        '/home/ahmadreza/Downloads/Research/M2SODAI/baseline_official/fold_3/val/images/',
        classes=('ship', ),
        pipeline=[
            dict(type='LoadImageFromFile'),
            dict(
                type='MultiScaleFlipAug',
                img_scale=(640, 640),
                flip=False,
                transforms=[
                    dict(type='Resize', keep_ratio=True),
                    dict(type='RandomFlip'),
                    dict(
                        type='Normalize',
                        mean=[123.675, 116.28, 103.53],
                        std=[58.395, 57.12, 57.375],
                        to_rgb=True),
                    dict(type='Pad', size_divisor=32),
                    dict(type='ImageToTensor', keys=['img']),
                    dict(type='Collect', keys=['img'])
                ])
        ]))
optimizer = dict(
    type='SGD',
    lr=0.02,
    momentum=0.9,
    weight_decay=0.0001,
    paramwise_cfg=dict(norm_decay_mult=0))
optimizer_config = dict(
    type='GradientCumulativeOptimizerHook',
    cumulative_iters=4,
    grad_clip=dict(max_norm=35, norm_type=2))
lr_config = dict(
    policy='CosineAnnealing',
    warmup='linear',
    warmup_iters=500,
    warmup_ratio=0.001,
    min_lr=1e-06)
runner = dict(type='EpochBasedRunner', max_epochs=300)
evaluation = dict(interval=10, metric='bbox', save_best='bbox_mAP')
checkpoint_config = dict(interval=10, max_keep_ckpts=3)
log_config = dict(
    interval=50,
    hooks=[dict(type='TextLoggerHook'),
           dict(type='TensorboardLoggerHook')])
custom_hooks = [
    dict(
        type='EarlyStoppingHook',
        monitor='bbox_mAP',
        patience=5,
        min_delta=0.001)
]
dist_params = dict(backend='nccl')
log_level = 'INFO'
load_from = None
resume_from = None
workflow = [('train', 1)]
seed = 0
deterministic = True
work_dir = '/home/ahmadreza/Downloads/Research/M2SODAI/baseline_official/runs_r50_hbb/r50_hbb_fold_3_20260511'
auto_resume = False
gpu_ids = range(0, 1)

2026-05-11 15:32:25,164 - mmdet - INFO - Set random seed to 42, deterministic: False
2026-05-11 15:32:25,744 - mmdet - INFO - initialize ResNet with init_cfg {'type': 'Pretrained', 'checkpoint': 'torchvision://resnet50'}
2026-05-11 15:32:26,176 - mmdet - INFO - initialize FPN with init_cfg {'type': 'Xavier', 'layer': 'Conv2d', 'distribution': 'uniform'}
2026-05-11 15:32:26,206 - mmdet - INFO - initialize RPNHead with init_cfg {'type': 'Normal', 'layer': 'Conv2d', 'std': 0.01}
2026-05-11 15:32:26,216 - mmdet - INFO - initialize Shared4Conv1FCBBoxHead with init_cfg [{'type': 'Normal', 'std': 0.01, 'override': {'name': 'fc_cls'}}, {'type': 'Normal', 'std': 0.001, 'override': {'name': 'fc_reg'}}, {'type': 'Xavier', 'distribution': 'uniform', 'override': [{'name': 'shared_fcs'}, {'name': 'cls_fcs'}, {'name': 'reg_fcs'}]}]
Name of parameter - Initialization information

backbone.conv1.weight - torch.Size([64, 3, 7, 7]): 
PretrainedInit: load from torchvision://resnet50 

backbone.gn1.weight - torch.Size([64]): 
The value is the same before and after calling `init_weights` of FasterRCNN  

backbone.gn1.bias - torch.Size([64]): 
The value is the same before and after calling `init_weights` of FasterRCNN  

backbone.layer1.0.conv1.weight - torch.Size([64, 64, 1, 1]): 
PretrainedInit: load from torchvision://resnet50 

backbone.layer1.0.gn1.weight - torch.Size([64]): 
The value is the same before and after calling `init_weights` of FasterRCNN  

backbone.layer1.0.gn1.bias - torch.Size([64]): 
The value is the same before and after calling `init_weights` of FasterRCNN  

backbone.layer1.0.conv2.weight - torch.Size([64, 64, 3, 3]): 
PretrainedInit: load from torchvision://resnet50 

backbone.layer1.0.gn2.weight - torch.Size([64]): 
The value is the same before and after calling `init_weights` of FasterRCNN  

backbone.layer1.0.gn2.bias - torch.Size([64]): 
The value is the same before and after calling `init_weights` of FasterRCNN  

backbone.layer1.0.conv3.weight - torch.Size([256, 64, 1, 1]): 
PretrainedInit: load from torchvision://resnet50 

backbone.layer1.0.gn3.weight - torch.Size([256]): 
The value is the same before and after calling `init_weights` of FasterRCNN  

backbone.layer1.0.gn3.bias - torch.Size([256]): 
The value is the same before and after calling `init_weights` of FasterRCNN  

backbone.layer1.0.downsample.0.weight - torch.Size([256, 64, 1, 1]): 
PretrainedInit: load from torchvision://resnet50 

backbone.layer1.0.downsample.1.weight - torch.Size([256]): 
PretrainedInit: load from torchvision://resnet50 

backbone.layer1.0.downsample.1.bias - torch.Size([256]): 
PretrainedInit: load from torchvision://resnet50 

backbone.layer1.1.conv1.weight - torch.Size([64, 256, 1, 1]): 
PretrainedInit: load from torchvision://resnet50 

backbone.layer1.1.gn1.weight - torch.Size([64]): 
The value is the same before and after calling `init_weights` of FasterRCNN  

backbone.layer1.1.gn1.bias - torch.Size([64]): 
The value is the same before and after calling `init_weights` of FasterRCNN  

backbone.layer1.1.conv2.weight - torch.Size([64, 64, 3, 3]): 
PretrainedInit: load from torchvision://resnet50 

backbone.layer1.1.gn2.weight - torch.Size([64]): 
The value is the same before and after calling `init_weights` of FasterRCNN  

backbone.layer1.1.gn2.bias - torch.Size([64]): 
The value is the same before and after calling `init_weights` of FasterRCNN  

backbone.layer1.1.conv3.weight - torch.Size([256, 64, 1, 1]): 
PretrainedInit: load from torchvision://resnet50 

backbone.layer1.1.gn3.weight - torch.Size([256]): 
The value is the same before and after calling `init_weights` of FasterRCNN  

backbone.layer1.1.gn3.bias - torch.Size([256]): 
The value is the same before and after calling `init_weights` of FasterRCNN  

backbone.layer1.2.conv1.weight - torch.Size([64, 256, 1, 1]): 
PretrainedInit: load from torchvision://resnet50 

backbone.layer1.2.gn1.weight - torch.Size([64]): 
The value is the same before and after calling `init_weights` of FasterRCNN  

backbone.layer1.2.gn1.bias - torch.Size([64]): 
The value is the same before and after calling `init_weights` of FasterRCNN  

backbone.layer1.2.conv2.weight - torch.Size([64, 64, 3, 3]): 
PretrainedInit: load from torchvision://resnet50 

backbone.layer1.2.gn2.weight - torch.Size([64]): 
The value is the same before and after calling `init_weights` of FasterRCNN  

backbone.layer1.2.gn2.bias - torch.Size([64]): 
The value is the same before and after calling `init_weights` of FasterRCNN  

backbone.layer1.2.conv3.weight - torch.Size([256, 64, 1, 1]): 
PretrainedInit: load from torchvision://resnet50 

backbone.layer1.2.gn3.weight - torch.Size([256]): 
The value is the same before and after calling `init_weights` of FasterRCNN  

backbone.layer1.2.gn3.bias - torch.Size([256]): 
The value is the same before and after calling `init_weights` of FasterRCNN  

backbone.layer2.0.conv1.weight - torch.Size([128, 256, 1, 1]): 
PretrainedInit: load from torchvision://resnet50 

backbone.layer2.0.gn1.weight - torch.Size([128]): 
The value is the same before and after calling `init_weights` of FasterRCNN  

backbone.layer2.0.gn1.bias - torch.Size([128]): 
The value is the same before and after calling `init_weights` of FasterRCNN  

backbone.layer2.0.conv2.weight - torch.Size([128, 128, 3, 3]): 
PretrainedInit: load from torchvision://resnet50 

backbone.layer2.0.gn2.weight - torch.Size([128]): 
The value is the same before and after calling `init_weights` of FasterRCNN  

backbone.layer2.0.gn2.bias - torch.Size([128]): 
The value is the same before and after calling `init_weights` of FasterRCNN  

backbone.layer2.0.conv3.weight - torch.Size([512, 128, 1, 1]): 
PretrainedInit: load from torchvision://resnet50 

backbone.layer2.0.gn3.weight - torch.Size([512]): 
The value is the same before and after calling `init_weights` of FasterRCNN  

backbone.layer2.0.gn3.bias - torch.Size([512]): 
The value is the same before and after calling `init_weights` of FasterRCNN  

backbone.layer2.0.downsample.0.weight - torch.Size([512, 256, 1, 1]): 
PretrainedInit: load from torchvision://resnet50 

backbone.layer2.0.downsample.1.weight - torch.Size([512]): 
PretrainedInit: load from torchvision://resnet50 

backbone.layer2.0.downsample.1.bias - torch.Size([512]): 
PretrainedInit: load from torchvision://resnet50 

backbone.layer2.1.conv1.weight - torch.Size([128, 512, 1, 1]): 
PretrainedInit: load from torchvision://resnet50 

backbone.layer2.1.gn1.weight - torch.Size([128]): 
The value is the same before and after calling `init_weights` of FasterRCNN  

backbone.layer2.1.gn1.bias - torch.Size([128]): 
The value is the same before and after calling `init_weights` of FasterRCNN  

backbone.layer2.1.conv2.weight - torch.Size([128, 128, 3, 3]): 
PretrainedInit: load from torchvision://resnet50 

backbone.layer2.1.gn2.weight - torch.Size([128]): 
The value is the same before and after calling `init_weights` of FasterRCNN  

backbone.layer2.1.gn2.bias - torch.Size([128]): 
The value is the same before and after calling `init_weights` of FasterRCNN  

backbone.layer2.1.conv3.weight - torch.Size([512, 128, 1, 1]): 
PretrainedInit: load from torchvision://resnet50 

backbone.layer2.1.gn3.weight - torch.Size([512]): 
The value is the same before and after calling `init_weights` of FasterRCNN  

backbone.layer2.1.gn3.bias - torch.Size([512]): 
The value is the same before and after calling `init_weights` of FasterRCNN  

backbone.layer2.2.conv1.weight - torch.Size([128, 512, 1, 1]): 
PretrainedInit: load from torchvision://resnet50 

backbone.layer2.2.gn1.weight - torch.Size([128]): 
The value is the same before and after calling `init_weights` of FasterRCNN  

backbone.layer2.2.gn1.bias - torch.Size([128]): 
The value is the same before and after calling `init_weights` of FasterRCNN  

backbone.layer2.2.conv2.weight - torch.Size([128, 128, 3, 3]): 
PretrainedInit: load from torchvision://resnet50 

backbone.layer2.2.gn2.weight - torch.Size([128]): 
The value is the same before and after calling `init_weights` of FasterRCNN  

backbone.layer2.2.gn2.bias - torch.Size([128]): 
The value is the same before and after calling `init_weights` of FasterRCNN  

backbone.layer2.2.conv3.weight - torch.Size([512, 128, 1, 1]): 
PretrainedInit: load from torchvision://resnet50 

backbone.layer2.2.gn3.weight - torch.Size([512]): 
The value is the same before and after calling `init_weights` of FasterRCNN  

backbone.layer2.2.gn3.bias - torch.Size([512]): 
The value is the same before and after calling `init_weights` of FasterRCNN  

backbone.layer2.3.conv1.weight - torch.Size([128, 512, 1, 1]): 
PretrainedInit: load from torchvision://resnet50 

backbone.layer2.3.gn1.weight - torch.Size([128]): 
The value is the same before and after calling `init_weights` of FasterRCNN  

backbone.layer2.3.gn1.bias - torch.Size([128]): 
The value is the same before and after calling `init_weights` of FasterRCNN  

backbone.layer2.3.conv2.weight - torch.Size([128, 128, 3, 3]): 
PretrainedInit: load from torchvision://resnet50 

backbone.layer2.3.gn2.weight - torch.Size([128]): 
The value is the same before and after calling `init_weights` of FasterRCNN  

backbone.layer2.3.gn2.bias - torch.Size([128]): 
The value is the same before and after calling `init_weights` of FasterRCNN  

backbone.layer2.3.conv3.weight - torch.Size([512, 128, 1, 1]): 
PretrainedInit: load from torchvision://resnet50 

backbone.layer2.3.gn3.weight - torch.Size([512]): 
The value is the same before and after calling `init_weights` of FasterRCNN  

backbone.layer2.3.gn3.bias - torch.Size([512]): 
The value is the same before and after calling `init_weights` of FasterRCNN  

backbone.layer3.0.conv1.weight - torch.Size([256, 512, 1, 1]): 
PretrainedInit: load from torchvision://resnet50 

backbone.layer3.0.gn1.weight - torch.Size([256]): 
The value is the same before and after calling `init_weights` of FasterRCNN  

backbone.layer3.0.gn1.bias - torch.Size([256]): 
The value is the same before and after calling `init_weights` of FasterRCNN  

backbone.layer3.0.conv2.weight - torch.Size([256, 256, 3, 3]): 
PretrainedInit: load from torchvision://resnet50 

backbone.layer3.0.gn2.weight - torch.Size([256]): 
The value is the same before and after calling `init_weights` of FasterRCNN  

backbone.layer3.0.gn2.bias - torch.Size([256]): 
The value is the same before and after calling `init_weights` of FasterRCNN  

backbone.layer3.0.conv3.weight - torch.Size([1024, 256, 1, 1]): 
PretrainedInit: load from torchvision://resnet50 

backbone.layer3.0.gn3.weight - torch.Size([1024]): 
The value is the same before and after calling `init_weights` of FasterRCNN  

backbone.layer3.0.gn3.bias - torch.Size([1024]): 
The value is the same before and after calling `init_weights` of FasterRCNN  

backbone.layer3.0.downsample.0.weight - torch.Size([1024, 512, 1, 1]): 
PretrainedInit: load from torchvision://resnet50 

backbone.layer3.0.downsample.1.weight - torch.Size([1024]): 
PretrainedInit: load from torchvision://resnet50 

backbone.layer3.0.downsample.1.bias - torch.Size([1024]): 
PretrainedInit: load from torchvision://resnet50 

backbone.layer3.1.conv1.weight - torch.Size([256, 1024, 1, 1]): 
PretrainedInit: load from torchvision://resnet50 

backbone.layer3.1.gn1.weight - torch.Size([256]): 
The value is the same before and after calling `init_weights` of FasterRCNN  

backbone.layer3.1.gn1.bias - torch.Size([256]): 
The value is the same before and after calling `init_weights` of FasterRCNN  

backbone.layer3.1.conv2.weight - torch.Size([256, 256, 3, 3]): 
PretrainedInit: load from torchvision://resnet50 

backbone.layer3.1.gn2.weight - torch.Size([256]): 
The value is the same before and after calling `init_weights` of FasterRCNN  

backbone.layer3.1.gn2.bias - torch.Size([256]): 
The value is the same before and after calling `init_weights` of FasterRCNN  

backbone.layer3.1.conv3.weight - torch.Size([1024, 256, 1, 1]): 
PretrainedInit: load from torchvision://resnet50 

backbone.layer3.1.gn3.weight - torch.Size([1024]): 
The value is the same before and after calling `init_weights` of FasterRCNN  

backbone.layer3.1.gn3.bias - torch.Size([1024]): 
The value is the same before and after calling `init_weights` of FasterRCNN  

backbone.layer3.2.conv1.weight - torch.Size([256, 1024, 1, 1]): 
PretrainedInit: load from torchvision://resnet50 

backbone.layer3.2.gn1.weight - torch.Size([256]): 
The value is the same before and after calling `init_weights` of FasterRCNN  

backbone.layer3.2.gn1.bias - torch.Size([256]): 
The value is the same before and after calling `init_weights` of FasterRCNN  

backbone.layer3.2.conv2.weight - torch.Size([256, 256, 3, 3]): 
PretrainedInit: load from torchvision://resnet50 

backbone.layer3.2.gn2.weight - torch.Size([256]): 
The value is the same before and after calling `init_weights` of FasterRCNN  

backbone.layer3.2.gn2.bias - torch.Size([256]): 
The value is the same before and after calling `init_weights` of FasterRCNN  

backbone.layer3.2.conv3.weight - torch.Size([1024, 256, 1, 1]): 
PretrainedInit: load from torchvision://resnet50 

backbone.layer3.2.gn3.weight - torch.Size([1024]): 
The value is the same before and after calling `init_weights` of FasterRCNN  

backbone.layer3.2.gn3.bias - torch.Size([1024]): 
The value is the same before and after calling `init_weights` of FasterRCNN  

backbone.layer3.3.conv1.weight - torch.Size([256, 1024, 1, 1]): 
PretrainedInit: load from torchvision://resnet50 

backbone.layer3.3.gn1.weight - torch.Size([256]): 
The value is the same before and after calling `init_weights` of FasterRCNN  

backbone.layer3.3.gn1.bias - torch.Size([256]): 
The value is the same before and after calling `init_weights` of FasterRCNN  

backbone.layer3.3.conv2.weight - torch.Size([256, 256, 3, 3]): 
PretrainedInit: load from torchvision://resnet50 

backbone.layer3.3.gn2.weight - torch.Size([256]): 
The value is the same before and after calling `init_weights` of FasterRCNN  

backbone.layer3.3.gn2.bias - torch.Size([256]): 
The value is the same before and after calling `init_weights` of FasterRCNN  

backbone.layer3.3.conv3.weight - torch.Size([1024, 256, 1, 1]): 
PretrainedInit: load from torchvision://resnet50 

backbone.layer3.3.gn3.weight - torch.Size([1024]): 
The value is the same before and after calling `init_weights` of FasterRCNN  

backbone.layer3.3.gn3.bias - torch.Size([1024]): 
The value is the same before and after calling `init_weights` of FasterRCNN  

backbone.layer3.4.conv1.weight - torch.Size([256, 1024, 1, 1]): 
PretrainedInit: load from torchvision://resnet50 

backbone.layer3.4.gn1.weight - torch.Size([256]): 
The value is the same before and after calling `init_weights` of FasterRCNN  

backbone.layer3.4.gn1.bias - torch.Size([256]): 
The value is the same before and after calling `init_weights` of FasterRCNN  

backbone.layer3.4.conv2.weight - torch.Size([256, 256, 3, 3]): 
PretrainedInit: load from torchvision://resnet50 

backbone.layer3.4.gn2.weight - torch.Size([256]): 
The value is the same before and after calling `init_weights` of FasterRCNN  

backbone.layer3.4.gn2.bias - torch.Size([256]): 
The value is the same before and after calling `init_weights` of FasterRCNN  

backbone.layer3.4.conv3.weight - torch.Size([1024, 256, 1, 1]): 
PretrainedInit: load from torchvision://resnet50 

backbone.layer3.4.gn3.weight - torch.Size([1024]): 
The value is the same before and after calling `init_weights` of FasterRCNN  

backbone.layer3.4.gn3.bias - torch.Size([1024]): 
The value is the same before and after calling `init_weights` of FasterRCNN  

backbone.layer3.5.conv1.weight - torch.Size([256, 1024, 1, 1]): 
PretrainedInit: load from torchvision://resnet50 

backbone.layer3.5.gn1.weight - torch.Size([256]): 
The value is the same before and after calling `init_weights` of FasterRCNN  

backbone.layer3.5.gn1.bias - torch.Size([256]): 
The value is the same before and after calling `init_weights` of FasterRCNN  

backbone.layer3.5.conv2.weight - torch.Size([256, 256, 3, 3]): 
PretrainedInit: load from torchvision://resnet50 

backbone.layer3.5.gn2.weight - torch.Size([256]): 
The value is the same before and after calling `init_weights` of FasterRCNN  

backbone.layer3.5.gn2.bias - torch.Size([256]): 
The value is the same before and after calling `init_weights` of FasterRCNN  

backbone.layer3.5.conv3.weight - torch.Size([1024, 256, 1, 1]): 
PretrainedInit: load from torchvision://resnet50 

backbone.layer3.5.gn3.weight - torch.Size([1024]): 
The value is the same before and after calling `init_weights` of FasterRCNN  

backbone.layer3.5.gn3.bias - torch.Size([1024]): 
The value is the same before and after calling `init_weights` of FasterRCNN  

backbone.layer4.0.conv1.weight - torch.Size([512, 1024, 1, 1]): 
PretrainedInit: load from torchvision://resnet50 

backbone.layer4.0.gn1.weight - torch.Size([512]): 
The value is the same before and after calling `init_weights` of FasterRCNN  

backbone.layer4.0.gn1.bias - torch.Size([512]): 
The value is the same before and after calling `init_weights` of FasterRCNN  

backbone.layer4.0.conv2.weight - torch.Size([512, 512, 3, 3]): 
PretrainedInit: load from torchvision://resnet50 

backbone.layer4.0.gn2.weight - torch.Size([512]): 
The value is the same before and after calling `init_weights` of FasterRCNN  

backbone.layer4.0.gn2.bias - torch.Size([512]): 
The value is the same before and after calling `init_weights` of FasterRCNN  

backbone.layer4.0.conv3.weight - torch.Size([2048, 512, 1, 1]): 
PretrainedInit: load from torchvision://resnet50 

backbone.layer4.0.gn3.weight - torch.Size([2048]): 
The value is the same before and after calling `init_weights` of FasterRCNN  

backbone.layer4.0.gn3.bias - torch.Size([2048]): 
The value is the same before and after calling `init_weights` of FasterRCNN  

backbone.layer4.0.downsample.0.weight - torch.Size([2048, 1024, 1, 1]): 
PretrainedInit: load from torchvision://resnet50 

backbone.layer4.0.downsample.1.weight - torch.Size([2048]): 
PretrainedInit: load from torchvision://resnet50 

backbone.layer4.0.downsample.1.bias - torch.Size([2048]): 
PretrainedInit: load from torchvision://resnet50 

backbone.layer4.1.conv1.weight - torch.Size([512, 2048, 1, 1]): 
PretrainedInit: load from torchvision://resnet50 

backbone.layer4.1.gn1.weight - torch.Size([512]): 
The value is the same before and after calling `init_weights` of FasterRCNN  

backbone.layer4.1.gn1.bias - torch.Size([512]): 
The value is the same before and after calling `init_weights` of FasterRCNN  

backbone.layer4.1.conv2.weight - torch.Size([512, 512, 3, 3]): 
PretrainedInit: load from torchvision://resnet50 

backbone.layer4.1.gn2.weight - torch.Size([512]): 
The value is the same before and after calling `init_weights` of FasterRCNN  

backbone.layer4.1.gn2.bias - torch.Size([512]): 
The value is the same before and after calling `init_weights` of FasterRCNN  

backbone.layer4.1.conv3.weight - torch.Size([2048, 512, 1, 1]): 
PretrainedInit: load from torchvision://resnet50 

backbone.layer4.1.gn3.weight - torch.Size([2048]): 
The value is the same before and after calling `init_weights` of FasterRCNN  

backbone.layer4.1.gn3.bias - torch.Size([2048]): 
The value is the same before and after calling `init_weights` of FasterRCNN  

backbone.layer4.2.conv1.weight - torch.Size([512, 2048, 1, 1]): 
PretrainedInit: load from torchvision://resnet50 

backbone.layer4.2.gn1.weight - torch.Size([512]): 
The value is the same before and after calling `init_weights` of FasterRCNN  

backbone.layer4.2.gn1.bias - torch.Size([512]): 
The value is the same before and after calling `init_weights` of FasterRCNN  

backbone.layer4.2.conv2.weight - torch.Size([512, 512, 3, 3]): 
PretrainedInit: load from torchvision://resnet50 

backbone.layer4.2.gn2.weight - torch.Size([512]): 
The value is the same before and after calling `init_weights` of FasterRCNN  

backbone.layer4.2.gn2.bias - torch.Size([512]): 
The value is the same before and after calling `init_weights` of FasterRCNN  

backbone.layer4.2.conv3.weight - torch.Size([2048, 512, 1, 1]): 
PretrainedInit: load from torchvision://resnet50 

backbone.layer4.2.gn3.weight - torch.Size([2048]): 
The value is the same before and after calling `init_weights` of FasterRCNN  

backbone.layer4.2.gn3.bias - torch.Size([2048]): 
The value is the same before and after calling `init_weights` of FasterRCNN  

neck.lateral_convs.0.conv.weight - torch.Size([256, 256, 1, 1]): 
XavierInit: gain=1, distribution=uniform, bias=0 

neck.lateral_convs.0.gn.weight - torch.Size([256]): 
The value is the same before and after calling `init_weights` of FasterRCNN  

neck.lateral_convs.0.gn.bias - torch.Size([256]): 
The value is the same before and after calling `init_weights` of FasterRCNN  

neck.lateral_convs.1.conv.weight - torch.Size([256, 512, 1, 1]): 
XavierInit: gain=1, distribution=uniform, bias=0 

neck.lateral_convs.1.gn.weight - torch.Size([256]): 
The value is the same before and after calling `init_weights` of FasterRCNN  

neck.lateral_convs.1.gn.bias - torch.Size([256]): 
The value is the same before and after calling `init_weights` of FasterRCNN  

neck.lateral_convs.2.conv.weight - torch.Size([256, 1024, 1, 1]): 
XavierInit: gain=1, distribution=uniform, bias=0 

neck.lateral_convs.2.gn.weight - torch.Size([256]): 
The value is the same before and after calling `init_weights` of FasterRCNN  

neck.lateral_convs.2.gn.bias - torch.Size([256]): 
The value is the same before and after calling `init_weights` of FasterRCNN  

neck.lateral_convs.3.conv.weight - torch.Size([256, 2048, 1, 1]): 
XavierInit: gain=1, distribution=uniform, bias=0 

neck.lateral_convs.3.gn.weight - torch.Size([256]): 
The value is the same before and after calling `init_weights` of FasterRCNN  

neck.lateral_convs.3.gn.bias - torch.Size([256]): 
The value is the same before and after calling `init_weights` of FasterRCNN  

neck.fpn_convs.0.conv.weight - torch.Size([256, 256, 3, 3]): 
XavierInit: gain=1, distribution=uniform, bias=0 

neck.fpn_convs.0.gn.weight - torch.Size([256]): 
The value is the same before and after calling `init_weights` of FasterRCNN  

neck.fpn_convs.0.gn.bias - torch.Size([256]): 
The value is the same before and after calling `init_weights` of FasterRCNN  

neck.fpn_convs.1.conv.weight - torch.Size([256, 256, 3, 3]): 
XavierInit: gain=1, distribution=uniform, bias=0 

neck.fpn_convs.1.gn.weight - torch.Size([256]): 
The value is the same before and after calling `init_weights` of FasterRCNN  

neck.fpn_convs.1.gn.bias - torch.Size([256]): 
The value is the same before and after calling `init_weights` of FasterRCNN  

neck.fpn_convs.2.conv.weight - torch.Size([256, 256, 3, 3]): 
XavierInit: gain=1, distribution=uniform, bias=0 

neck.fpn_convs.2.gn.weight - torch.Size([256]): 
The value is the same before and after calling `init_weights` of FasterRCNN  

neck.fpn_convs.2.gn.bias - torch.Size([256]): 
The value is the same before and after calling `init_weights` of FasterRCNN  

neck.fpn_convs.3.conv.weight - torch.Size([256, 256, 3, 3]): 
XavierInit: gain=1, distribution=uniform, bias=0 

neck.fpn_convs.3.gn.weight - torch.Size([256]): 
The value is the same before and after calling `init_weights` of FasterRCNN  

neck.fpn_convs.3.gn.bias - torch.Size([256]): 
The value is the same before and after calling `init_weights` of FasterRCNN  

rpn_head.rpn_conv.weight - torch.Size([256, 256, 3, 3]): 
NormalInit: mean=0, std=0.01, bias=0 

rpn_head.rpn_conv.bias - torch.Size([256]): 
NormalInit: mean=0, std=0.01, bias=0 

rpn_head.rpn_cls.weight - torch.Size([3, 256, 1, 1]): 
NormalInit: mean=0, std=0.01, bias=0 

rpn_head.rpn_cls.bias - torch.Size([3]): 
NormalInit: mean=0, std=0.01, bias=0 

rpn_head.rpn_reg.weight - torch.Size([12, 256, 1, 1]): 
NormalInit: mean=0, std=0.01, bias=0 

rpn_head.rpn_reg.bias - torch.Size([12]): 
NormalInit: mean=0, std=0.01, bias=0 

roi_head.bbox_head.fc_cls.weight - torch.Size([2, 1024]): 
NormalInit: mean=0, std=0.01, bias=0 

roi_head.bbox_head.fc_cls.bias - torch.Size([2]): 
NormalInit: mean=0, std=0.01, bias=0 

roi_head.bbox_head.fc_reg.weight - torch.Size([4, 1024]): 
NormalInit: mean=0, std=0.001, bias=0 

roi_head.bbox_head.fc_reg.bias - torch.Size([4]): 
NormalInit: mean=0, std=0.001, bias=0 

roi_head.bbox_head.shared_convs.0.conv.weight - torch.Size([256, 256, 3, 3]): 
The value is the same before and after calling `init_weights` of FasterRCNN  

roi_head.bbox_head.shared_convs.0.gn.weight - torch.Size([256]): 
The value is the same before and after calling `init_weights` of FasterRCNN  

roi_head.bbox_head.shared_convs.0.gn.bias - torch.Size([256]): 
The value is the same before and after calling `init_weights` of FasterRCNN  

roi_head.bbox_head.shared_convs.1.conv.weight - torch.Size([256, 256, 3, 3]): 
The value is the same before and after calling `init_weights` of FasterRCNN  

roi_head.bbox_head.shared_convs.1.gn.weight - torch.Size([256]): 
The value is the same before and after calling `init_weights` of FasterRCNN  

roi_head.bbox_head.shared_convs.1.gn.bias - torch.Size([256]): 
The value is the same before and after calling `init_weights` of FasterRCNN  

roi_head.bbox_head.shared_convs.2.conv.weight - torch.Size([256, 256, 3, 3]): 
The value is the same before and after calling `init_weights` of FasterRCNN  

roi_head.bbox_head.shared_convs.2.gn.weight - torch.Size([256]): 
The value is the same before and after calling `init_weights` of FasterRCNN  

roi_head.bbox_head.shared_convs.2.gn.bias - torch.Size([256]): 
The value is the same before and after calling `init_weights` of FasterRCNN  

roi_head.bbox_head.shared_convs.3.conv.weight - torch.Size([256, 256, 3, 3]): 
The value is the same before and after calling `init_weights` of FasterRCNN  

roi_head.bbox_head.shared_convs.3.gn.weight - torch.Size([256]): 
The value is the same before and after calling `init_weights` of FasterRCNN  

roi_head.bbox_head.shared_convs.3.gn.bias - torch.Size([256]): 
The value is the same before and after calling `init_weights` of FasterRCNN  

roi_head.bbox_head.shared_fcs.0.weight - torch.Size([1024, 12544]): 
XavierInit: gain=1, distribution=uniform, bias=0 

roi_head.bbox_head.shared_fcs.0.bias - torch.Size([1024]): 
XavierInit: gain=1, distribution=uniform, bias=0 
2026-05-11 15:32:26,790 - mmdet - INFO - Start running, host: ahmadreza@quartz, work_dir: /home/ahmadreza/Downloads/Research/M2SODAI/baseline_official/runs_r50_hbb/r50_hbb_fold_3_20260511
2026-05-11 15:32:26,791 - mmdet - INFO - Hooks will be executed in the following order:
before_run:
(VERY_HIGH   ) CosineAnnealingLrUpdaterHook       
(NORMAL      ) CheckpointHook                     
(LOW         ) DistEvalHook                       
(VERY_LOW    ) TextLoggerHook                     
(VERY_LOW    ) TensorboardLoggerHook              
 -------------------- 
before_train_epoch:
(VERY_HIGH   ) CosineAnnealingLrUpdaterHook       
(NORMAL      ) DistSamplerSeedHook                
(LOW         ) IterTimerHook                      
(LOW         ) DistEvalHook                       
(VERY_LOW    ) TextLoggerHook                     
(VERY_LOW    ) TensorboardLoggerHook              
 -------------------- 
before_train_iter:
(VERY_HIGH   ) CosineAnnealingLrUpdaterHook       
(LOW         ) IterTimerHook                      
(LOW         ) DistEvalHook                       
 -------------------- 
after_train_iter:
(ABOVE_NORMAL) GradientCumulativeOptimizerHook    
(NORMAL      ) CheckpointHook                     
(LOW         ) IterTimerHook                      
(LOW         ) DistEvalHook                       
(VERY_LOW    ) TextLoggerHook                     
(VERY_LOW    ) TensorboardLoggerHook              
 -------------------- 
after_train_epoch:
(NORMAL      ) CheckpointHook                     
(NORMAL      ) EarlyStoppingHook                  
(LOW         ) DistEvalHook                       
(VERY_LOW    ) TextLoggerHook                     
(VERY_LOW    ) TensorboardLoggerHook              
 -------------------- 
before_val_epoch:
(NORMAL      ) DistSamplerSeedHook                
(LOW         ) IterTimerHook                      
(VERY_LOW    ) TextLoggerHook                     
(VERY_LOW    ) TensorboardLoggerHook              
 -------------------- 
before_val_iter:
(LOW         ) IterTimerHook                      
 -------------------- 
after_val_iter:
(LOW         ) IterTimerHook                      
 -------------------- 
after_val_epoch:
(VERY_LOW    ) TextLoggerHook                     
(VERY_LOW    ) TensorboardLoggerHook              
 -------------------- 
after_run:
(VERY_LOW    ) TextLoggerHook                     
(VERY_LOW    ) TensorboardLoggerHook              
 -------------------- 
2026-05-11 15:32:26,791 - mmdet - INFO - workflow: [('train', 1)], max: 300 epochs
2026-05-11 15:32:26,792 - mmdet - INFO - Checkpoints will be saved to /home/ahmadreza/Downloads/Research/M2SODAI/baseline_official/runs_r50_hbb/r50_hbb_fold_3_20260511 by HardDiskBackend.
2026-05-11 15:32:56,723 - mmdet - INFO - Epoch [1][50/186]	lr: 1.978e-03, eta: 9:12:57, time: 0.595, data_time: 0.082, memory: 6154, loss_rpn_cls: 0.6703, loss_rpn_bbox: 0.0174, loss_cls: 0.2783, acc: 94.8164, loss_bbox: 0.0225, loss: 0.9886, grad_norm: 5.5128
2026-05-11 15:33:23,164 - mmdet - INFO - Epoch [1][100/186]	lr: 3.976e-03, eta: 8:42:33, time: 0.531, data_time: 0.015, memory: 6154, loss_rpn_cls: 0.4855, loss_rpn_bbox: 0.0167, loss_cls: 0.2275, acc: 97.4473, loss_bbox: 0.0151, loss: 0.7447, grad_norm: 3.5193
2026-05-11 15:33:49,329 - mmdet - INFO - Epoch [1][150/186]	lr: 5.974e-03, eta: 8:29:14, time: 0.521, data_time: 0.013, memory: 6154, loss_rpn_cls: 0.3966, loss_rpn_bbox: 0.0159, loss_cls: 0.1266, acc: 97.3535, loss_bbox: 0.0198, loss: 0.5588, grad_norm: 2.8464
2026-05-11 15:34:37,560 - mmdet - INFO - Epoch [2][50/186]	lr: 9.410e-03, eta: 7:19:12, time: 0.591, data_time: 0.083, memory: 6154, loss_rpn_cls: 0.2773, loss_rpn_bbox: 0.0148, loss_cls: 0.1806, acc: 95.6445, loss_bbox: 0.0666, loss: 0.5393, grad_norm: 0.9679
2026-05-11 15:35:03,386 - mmdet - INFO - Epoch [2][100/186]	lr: 1.141e-02, eta: 7:25:19, time: 0.515, data_time: 0.013, memory: 6154, loss_rpn_cls: 0.2263, loss_rpn_bbox: 0.0146, loss_cls: 0.2126, acc: 94.3877, loss_bbox: 0.0976, loss: 0.5511, grad_norm: 1.0071
2026-05-11 15:35:29,351 - mmdet - INFO - Epoch [2][150/186]	lr: 1.341e-02, eta: 7:30:25, time: 0.521, data_time: 0.015, memory: 6154, loss_rpn_cls: 0.1997, loss_rpn_bbox: 0.0159, loss_cls: 0.2204, acc: 94.6455, loss_bbox: 0.0929, loss: 0.5289, grad_norm: 1.1725
2026-05-11 15:36:17,742 - mmdet - INFO - Epoch [3][50/186]	lr: 1.684e-02, eta: 7:02:36, time: 0.590, data_time: 0.082, memory: 6154, loss_rpn_cls: 0.1825, loss_rpn_bbox: 0.0135, loss_cls: 0.2019, acc: 94.4043, loss_bbox: 0.0998, loss: 0.4977, grad_norm: 1.0874
2026-05-11 15:36:43,618 - mmdet - INFO - Epoch [3][100/186]	lr: 1.884e-02, eta: 7:08:14, time: 0.519, data_time: 0.015, memory: 6154, loss_rpn_cls: 0.1687, loss_rpn_bbox: 0.0137, loss_cls: 0.2461, acc: 93.0576, loss_bbox: 0.1290, loss: 0.5575, grad_norm: 1.2559
2026-05-11 15:37:09,450 - mmdet - INFO - Epoch [3][150/186]	lr: 2.000e-02, eta: 7:12:17, time: 0.515, data_time: 0.013, memory: 6154, loss_rpn_cls: 0.1888, loss_rpn_bbox: 0.0149, loss_cls: 0.2292, acc: 93.5537, loss_bbox: 0.1178, loss: 0.5508, grad_norm: 1.3310
2026-05-11 15:37:57,894 - mmdet - INFO - Epoch [4][50/186]	lr: 2.000e-02, eta: 6:55:30, time: 0.594, data_time: 0.083, memory: 6154, loss_rpn_cls: 0.1549, loss_rpn_bbox: 0.0137, loss_cls: 0.2430, acc: 92.4600, loss_bbox: 0.1378, loss: 0.5494, grad_norm: 1.0293
2026-05-11 15:38:23,809 - mmdet - INFO - Epoch [4][100/186]	lr: 2.000e-02, eta: 6:59:38, time: 0.516, data_time: 0.013, memory: 6154, loss_rpn_cls: 0.1445, loss_rpn_bbox: 0.0133, loss_cls: 0.2727, acc: 91.8096, loss_bbox: 0.1513, loss: 0.5819, grad_norm: 1.2962
2026-05-11 15:38:49,771 - mmdet - INFO - Epoch [4][150/186]	lr: 2.000e-02, eta: 7:03:27, time: 0.521, data_time: 0.015, memory: 6154, loss_rpn_cls: 0.1420, loss_rpn_bbox: 0.0138, loss_cls: 0.2632, acc: 92.4092, loss_bbox: 0.1418, loss: 0.5608, grad_norm: 1.3742
2026-05-11 15:39:38,204 - mmdet - INFO - Epoch [5][50/186]	lr: 1.999e-02, eta: 6:51:06, time: 0.591, data_time: 0.082, memory: 6154, loss_rpn_cls: 0.1169, loss_rpn_bbox: 0.0117, loss_cls: 0.2610, acc: 91.1182, loss_bbox: 0.1638, loss: 0.5533, grad_norm: 1.0760
2026-05-11 15:40:04,145 - mmdet - INFO - Epoch [5][100/186]	lr: 1.999e-02, eta: 6:54:39, time: 0.521, data_time: 0.015, memory: 6154, loss_rpn_cls: 0.1205, loss_rpn_bbox: 0.0130, loss_cls: 0.2781, acc: 90.3154, loss_bbox: 0.1813, loss: 0.5928, grad_norm: 1.3503
2026-05-11 15:40:30,067 - mmdet - INFO - Epoch [5][150/186]	lr: 1.999e-02, eta: 6:57:32, time: 0.516, data_time: 0.013, memory: 6154, loss_rpn_cls: 0.1325, loss_rpn_bbox: 0.0146, loss_cls: 0.2720, acc: 90.8359, loss_bbox: 0.1691, loss: 0.5882, grad_norm: 1.4651
2026-05-11 15:41:18,471 - mmdet - INFO - Epoch [6][50/186]	lr: 1.999e-02, eta: 6:47:57, time: 0.593, data_time: 0.083, memory: 6154, loss_rpn_cls: 0.1043, loss_rpn_bbox: 0.0116, loss_cls: 0.2683, acc: 90.4502, loss_bbox: 0.1775, loss: 0.5617, grad_norm: 1.2731
2026-05-11 15:41:44,352 - mmdet - INFO - Epoch [6][100/186]	lr: 1.999e-02, eta: 6:50:39, time: 0.516, data_time: 0.013, memory: 6154, loss_rpn_cls: 0.0952, loss_rpn_bbox: 0.0113, loss_cls: 0.2553, acc: 90.6182, loss_bbox: 0.1750, loss: 0.5368, grad_norm: 1.4431
2026-05-11 15:42:10,368 - mmdet - INFO - Epoch [6][150/186]	lr: 1.999e-02, eta: 6:53:20, time: 0.522, data_time: 0.015, memory: 6154, loss_rpn_cls: 0.1097, loss_rpn_bbox: 0.0122, loss_cls: 0.2728, acc: 90.3115, loss_bbox: 0.1757, loss: 0.5704, grad_norm: 1.5515
2026-05-11 15:42:58,748 - mmdet - INFO - Epoch [7][50/186]	lr: 1.998e-02, eta: 6:45:18, time: 0.590, data_time: 0.083, memory: 6154, loss_rpn_cls: 0.0902, loss_rpn_bbox: 0.0113, loss_cls: 0.2613, acc: 90.0869, loss_bbox: 0.1849, loss: 0.5477, grad_norm: 1.4226
2026-05-11 15:43:24,608 - mmdet - INFO - Epoch [7][100/186]	lr: 1.998e-02, eta: 6:47:42, time: 0.519, data_time: 0.015, memory: 6154, loss_rpn_cls: 0.0848, loss_rpn_bbox: 0.0103, loss_cls: 0.2570, acc: 90.3232, loss_bbox: 0.1802, loss: 0.5323, grad_norm: 1.6394
2026-05-11 15:43:50,442 - mmdet - INFO - Epoch [7][150/186]	lr: 1.998e-02, eta: 6:49:43, time: 0.515, data_time: 0.013, memory: 6154, loss_rpn_cls: 0.0929, loss_rpn_bbox: 0.0109, loss_cls: 0.2863, acc: 89.7275, loss_bbox: 0.1775, loss: 0.5676, grad_norm: 1.7187
2026-05-11 15:44:38,939 - mmdet - INFO - Epoch [8][50/186]	lr: 1.997e-02, eta: 6:43:00, time: 0.594, data_time: 0.082, memory: 6154, loss_rpn_cls: 0.0752, loss_rpn_bbox: 0.0102, loss_cls: 0.2618, acc: 89.9941, loss_bbox: 0.1949, loss: 0.5421, grad_norm: 1.3431
2026-05-11 15:45:04,775 - mmdet - INFO - Epoch [8][100/186]	lr: 1.997e-02, eta: 6:44:54, time: 0.515, data_time: 0.013, memory: 6154, loss_rpn_cls: 0.0860, loss_rpn_bbox: 0.0099, loss_cls: 0.2560, acc: 90.1934, loss_bbox: 0.1848, loss: 0.5368, grad_norm: 1.4901
2026-05-11 15:45:30,665 - mmdet - INFO - Epoch [8][150/186]	lr: 1.997e-02, eta: 6:46:49, time: 0.520, data_time: 0.015, memory: 6154, loss_rpn_cls: 0.0794, loss_rpn_bbox: 0.0112, loss_cls: 0.2468, acc: 90.6416, loss_bbox: 0.1667, loss: 0.5040, grad_norm: 1.5344
2026-05-11 15:46:19,166 - mmdet - INFO - Epoch [9][50/186]	lr: 1.996e-02, eta: 6:40:53, time: 0.592, data_time: 0.082, memory: 6154, loss_rpn_cls: 0.0728, loss_rpn_bbox: 0.0093, loss_cls: 0.2535, acc: 89.9570, loss_bbox: 0.1823, loss: 0.5179, grad_norm: 1.4041
2026-05-11 15:46:45,130 - mmdet - INFO - Epoch [9][100/186]	lr: 1.996e-02, eta: 6:42:43, time: 0.521, data_time: 0.015, memory: 6154, loss_rpn_cls: 0.0781, loss_rpn_bbox: 0.0088, loss_cls: 0.2384, acc: 90.5000, loss_bbox: 0.1711, loss: 0.4963, grad_norm: 1.5146
2026-05-11 15:47:11,021 - mmdet - INFO - Epoch [9][150/186]	lr: 1.996e-02, eta: 6:44:17, time: 0.516, data_time: 0.013, memory: 6154, loss_rpn_cls: 0.0811, loss_rpn_bbox: 0.0100, loss_cls: 0.2397, acc: 90.9102, loss_bbox: 0.1669, loss: 0.4977, grad_norm: 1.6032
2026-05-11 15:47:59,370 - mmdet - INFO - Epoch [10][50/186]	lr: 1.996e-02, eta: 6:39:01, time: 0.593, data_time: 0.083, memory: 6154, loss_rpn_cls: 0.0615, loss_rpn_bbox: 0.0083, loss_cls: 0.2497, acc: 89.9922, loss_bbox: 0.1803, loss: 0.4999, grad_norm: 1.4436
2026-05-11 15:48:25,304 - mmdet - INFO - Epoch [10][100/186]	lr: 1.996e-02, eta: 6:40:31, time: 0.517, data_time: 0.013, memory: 6154, loss_rpn_cls: 0.0640, loss_rpn_bbox: 0.0093, loss_cls: 0.2324, acc: 90.6230, loss_bbox: 0.1737, loss: 0.4795, grad_norm: 1.4609
2026-05-11 15:48:51,132 - mmdet - INFO - Epoch [10][150/186]	lr: 1.996e-02, eta: 6:41:58, time: 0.518, data_time: 0.015, memory: 6154, loss_rpn_cls: 0.0684, loss_rpn_bbox: 0.0097, loss_cls: 0.2392, acc: 90.5547, loss_bbox: 0.1697, loss: 0.4870, grad_norm: 1.5587
2026-05-11 15:49:09,880 - mmdet - INFO - Saving checkpoint at 10 epochs
2026-05-11 15:49:45,688 - mmdet - INFO - Evaluating bbox...
2026-05-11 15:49:51,773 - mmdet - INFO - 
 Average Precision  (AP) @[ IoU=0.50:0.95 | area=   all | maxDets=100 ] = 0.176
 Average Precision  (AP) @[ IoU=0.50      | area=   all | maxDets=1000 ] = 0.488
 Average Precision  (AP) @[ IoU=0.75      | area=   all | maxDets=1000 ] = 0.063
 Average Precision  (AP) @[ IoU=0.50:0.95 | area= small | maxDets=1000 ] = 0.000
 Average Precision  (AP) @[ IoU=0.50:0.95 | area=medium | maxDets=1000 ] = 0.143
 Average Precision  (AP) @[ IoU=0.50:0.95 | area= large | maxDets=1000 ] = 0.220
 Average Recall     (AR) @[ IoU=0.50:0.95 | area=   all | maxDets=100 ] = 0.356
 Average Recall     (AR) @[ IoU=0.50:0.95 | area=   all | maxDets=300 ] = 0.356
 Average Recall     (AR) @[ IoU=0.50:0.95 | area=   all | maxDets=1000 ] = 0.356
 Average Recall     (AR) @[ IoU=0.50:0.95 | area= small | maxDets=1000 ] = 0.027
 Average Recall     (AR) @[ IoU=0.50:0.95 | area=medium | maxDets=1000 ] = 0.317
 Average Recall     (AR) @[ IoU=0.50:0.95 | area= large | maxDets=1000 ] = 0.399

2026-05-11 15:49:53,312 - mmdet - INFO - Now best checkpoint is saved as best_bbox_mAP_epoch_10.pth.
2026-05-11 15:49:53,312 - mmdet - INFO - Best bbox_mAP is 0.1760 at 10 epoch.
2026-05-11 15:49:53,312 - mmdet - INFO - Exp name: fold_3_r50_300e_hbb.py
2026-05-11 15:49:53,313 - mmdet - INFO - Epoch(val) [10][370]	bbox_mAP: 0.1760, bbox_mAP_50: 0.4880, bbox_mAP_75: 0.0630, bbox_mAP_s: 0.0000, bbox_mAP_m: 0.1430, bbox_mAP_l: 0.2200, bbox_mAP_copypaste: 0.176 0.488 0.063 0.000 0.143 0.220
2026-05-11 15:50:23,004 - mmdet - INFO - Epoch [11][50/186]	lr: 1.995e-02, eta: 6:37:10, time: 0.592, data_time: 0.083, memory: 6154, loss_rpn_cls: 0.0630, loss_rpn_bbox: 0.0087, loss_cls: 0.2470, acc: 90.0957, loss_bbox: 0.1763, loss: 0.4951, grad_norm: 1.4993
2026-05-11 15:50:48,834 - mmdet - INFO - Epoch [11][100/186]	lr: 1.995e-02, eta: 6:38:33, time: 0.519, data_time: 0.014, memory: 6154, loss_rpn_cls: 0.0714, loss_rpn_bbox: 0.0081, loss_cls: 0.2431, acc: 90.1719, loss_bbox: 0.1732, loss: 0.4958, grad_norm: 1.6878
2026-05-11 15:51:14,666 - mmdet - INFO - Epoch [11][150/186]	lr: 1.995e-02, eta: 6:39:45, time: 0.515, data_time: 0.012, memory: 6154, loss_rpn_cls: 0.0814, loss_rpn_bbox: 0.0098, loss_cls: 0.2379, acc: 90.6670, loss_bbox: 0.1759, loss: 0.5050, grad_norm: 1.7674
2026-05-11 15:52:03,047 - mmdet - INFO - Epoch [12][50/186]	lr: 1.993e-02, eta: 6:35:25, time: 0.594, data_time: 0.083, memory: 6154, loss_rpn_cls: 0.0677, loss_rpn_bbox: 0.0080, loss_cls: 0.2402, acc: 90.3213, loss_bbox: 0.1827, loss: 0.4987, grad_norm: 1.5157
2026-05-11 15:52:28,949 - mmdet - INFO - Epoch [12][100/186]	lr: 1.993e-02, eta: 6:36:36, time: 0.516, data_time: 0.013, memory: 6154, loss_rpn_cls: 0.0592, loss_rpn_bbox: 0.0079, loss_cls: 0.2358, acc: 90.2812, loss_bbox: 0.1793, loss: 0.4823, grad_norm: 1.6218
2026-05-11 15:52:54,880 - mmdet - INFO - Epoch [12][150/186]	lr: 1.993e-02, eta: 6:37:48, time: 0.521, data_time: 0.015, memory: 6154, loss_rpn_cls: 0.0695, loss_rpn_bbox: 0.0088, loss_cls: 0.2350, acc: 90.5156, loss_bbox: 0.1689, loss: 0.4822, grad_norm: 1.7475
2026-05-11 15:53:43,399 - mmdet - INFO - Epoch [13][50/186]	lr: 1.992e-02, eta: 6:33:47, time: 0.593, data_time: 0.082, memory: 6154, loss_rpn_cls: 0.0615, loss_rpn_bbox: 0.0081, loss_cls: 0.2282, acc: 90.8438, loss_bbox: 0.1697, loss: 0.4675, grad_norm: 1.4485
2026-05-11 15:54:09,335 - mmdet - INFO - Epoch [13][100/186]	lr: 1.992e-02, eta: 6:34:55, time: 0.521, data_time: 0.015, memory: 6154, loss_rpn_cls: 0.0554, loss_rpn_bbox: 0.0075, loss_cls: 0.2367, acc: 90.4766, loss_bbox: 0.1687, loss: 0.4683, grad_norm: 1.7149
2026-05-11 15:54:35,352 - mmdet - INFO - Epoch [13][150/186]	lr: 1.992e-02, eta: 6:35:58, time: 0.518, data_time: 0.013, memory: 6154, loss_rpn_cls: 0.0603, loss_rpn_bbox: 0.0083, loss_cls: 0.2223, acc: 90.9062, loss_bbox: 0.1640, loss: 0.4549, grad_norm: 1.6857
2026-05-11 15:55:23,782 - mmdet - INFO - Epoch [14][50/186]	lr: 1.991e-02, eta: 6:32:15, time: 0.595, data_time: 0.082, memory: 6154, loss_rpn_cls: 0.0612, loss_rpn_bbox: 0.0088, loss_cls: 0.2294, acc: 90.5820, loss_bbox: 0.1682, loss: 0.4676, grad_norm: 1.4160
2026-05-11 15:55:49,681 - mmdet - INFO - Epoch [14][100/186]	lr: 1.991e-02, eta: 6:33:12, time: 0.516, data_time: 0.013, memory: 6154, loss_rpn_cls: 0.0545, loss_rpn_bbox: 0.0075, loss_cls: 0.2097, acc: 91.4521, loss_bbox: 0.1644, loss: 0.4362, grad_norm: 1.4357
2026-05-11 15:56:15,639 - mmdet - INFO - Epoch [14][150/186]	lr: 1.991e-02, eta: 6:34:11, time: 0.521, data_time: 0.015, memory: 6154, loss_rpn_cls: 0.0487, loss_rpn_bbox: 0.0071, loss_cls: 0.2191, acc: 91.1260, loss_bbox: 0.1660, loss: 0.4409, grad_norm: 1.4917
2026-05-11 15:57:04,117 - mmdet - INFO - Epoch [15][50/186]	lr: 1.989e-02, eta: 6:30:40, time: 0.592, data_time: 0.082, memory: 6154, loss_rpn_cls: 0.0493, loss_rpn_bbox: 0.0075, loss_cls: 0.2216, acc: 90.8877, loss_bbox: 0.1660, loss: 0.4444, grad_norm: 1.7750
2026-05-11 15:57:30,131 - mmdet - INFO - Epoch [15][100/186]	lr: 1.989e-02, eta: 6:31:38, time: 0.522, data_time: 0.015, memory: 6154, loss_rpn_cls: 0.0560, loss_rpn_bbox: 0.0073, loss_cls: 0.2050, acc: 91.6182, loss_bbox: 0.1568, loss: 0.4250, grad_norm: 1.6605
2026-05-11 15:57:56,074 - mmdet - INFO - Epoch [15][150/186]	lr: 1.989e-02, eta: 6:32:28, time: 0.517, data_time: 0.013, memory: 6154, loss_rpn_cls: 0.0545, loss_rpn_bbox: 0.0074, loss_cls: 0.2196, acc: 91.0635, loss_bbox: 0.1575, loss: 0.4390, grad_norm: 1.6620
2026-05-11 15:58:44,516 - mmdet - INFO - Epoch [16][50/186]	lr: 1.988e-02, eta: 6:29:11, time: 0.594, data_time: 0.083, memory: 6154, loss_rpn_cls: 0.0466, loss_rpn_bbox: 0.0070, loss_cls: 0.2178, acc: 91.1084, loss_bbox: 0.1624, loss: 0.4338, grad_norm: 1.5876
2026-05-11 15:59:10,404 - mmdet - INFO - Epoch [16][100/186]	lr: 1.988e-02, eta: 6:29:58, time: 0.516, data_time: 0.013, memory: 6154, loss_rpn_cls: 0.0493, loss_rpn_bbox: 0.0064, loss_cls: 0.1972, acc: 92.0654, loss_bbox: 0.1520, loss: 0.4050, grad_norm: 1.5835
2026-05-11 15:59:36,399 - mmdet - INFO - Epoch [16][150/186]	lr: 1.988e-02, eta: 6:30:47, time: 0.522, data_time: 0.015, memory: 6154, loss_rpn_cls: 0.0489, loss_rpn_bbox: 0.0071, loss_cls: 0.2057, acc: 91.7256, loss_bbox: 0.1467, loss: 0.4084, grad_norm: 1.6255
2026-05-11 16:00:25,060 - mmdet - INFO - Epoch [17][50/186]	lr: 1.986e-02, eta: 6:27:42, time: 0.595, data_time: 0.083, memory: 6154, loss_rpn_cls: 0.0445, loss_rpn_bbox: 0.0072, loss_cls: 0.2117, acc: 91.1221, loss_bbox: 0.1628, loss: 0.4261, grad_norm: 1.4967
2026-05-11 16:00:50,969 - mmdet - INFO - Epoch [17][100/186]	lr: 1.986e-02, eta: 6:28:28, time: 0.520, data_time: 0.015, memory: 6154, loss_rpn_cls: 0.0457, loss_rpn_bbox: 0.0063, loss_cls: 0.2099, acc: 91.3047, loss_bbox: 0.1593, loss: 0.4211, grad_norm: 1.5766
2026-05-11 16:01:16,926 - mmdet - INFO - Epoch [17][150/186]	lr: 1.986e-02, eta: 6:29:09, time: 0.517, data_time: 0.013, memory: 6154, loss_rpn_cls: 0.0461, loss_rpn_bbox: 0.0065, loss_cls: 0.1977, acc: 92.0215, loss_bbox: 0.1473, loss: 0.3976, grad_norm: 1.6084
2026-05-11 16:02:05,358 - mmdet - INFO - Epoch [18][50/186]	lr: 1.984e-02, eta: 6:26:13, time: 0.594, data_time: 0.082, memory: 6154, loss_rpn_cls: 0.0458, loss_rpn_bbox: 0.0070, loss_cls: 0.2048, acc: 91.4912, loss_bbox: 0.1623, loss: 0.4200, grad_norm: 1.6972
2026-05-11 16:02:31,316 - mmdet - INFO - Epoch [18][100/186]	lr: 1.984e-02, eta: 6:26:53, time: 0.517, data_time: 0.013, memory: 6154, loss_rpn_cls: 0.0446, loss_rpn_bbox: 0.0063, loss_cls: 0.2009, acc: 91.8281, loss_bbox: 0.1511, loss: 0.4027, grad_norm: 1.6712
2026-05-11 16:02:57,289 - mmdet - INFO - Epoch [18][150/186]	lr: 1.984e-02, eta: 6:27:34, time: 0.521, data_time: 0.014, memory: 6154, loss_rpn_cls: 0.0381, loss_rpn_bbox: 0.0061, loss_cls: 0.1966, acc: 91.9658, loss_bbox: 0.1462, loss: 0.3869, grad_norm: 1.6366
2026-05-11 16:03:45,729 - mmdet - INFO - Epoch [19][50/186]	lr: 1.982e-02, eta: 6:24:43, time: 0.590, data_time: 0.082, memory: 6154, loss_rpn_cls: 0.0423, loss_rpn_bbox: 0.0061, loss_cls: 0.1848, acc: 92.4268, loss_bbox: 0.1378, loss: 0.3709, grad_norm: 1.3849
2026-05-11 16:04:11,650 - mmdet - INFO - Epoch [19][100/186]	lr: 1.982e-02, eta: 6:25:22, time: 0.520, data_time: 0.015, memory: 6154, loss_rpn_cls: 0.0443, loss_rpn_bbox: 0.0064, loss_cls: 0.1986, acc: 91.8877, loss_bbox: 0.1512, loss: 0.4006, grad_norm: 1.6006
2026-05-11 16:04:37,554 - mmdet - INFO - Epoch [19][150/186]	lr: 1.982e-02, eta: 6:25:55, time: 0.516, data_time: 0.013, memory: 6154, loss_rpn_cls: 0.0437, loss_rpn_bbox: 0.0075, loss_cls: 0.1970, acc: 91.8818, loss_bbox: 0.1445, loss: 0.3928, grad_norm: 1.6110
2026-05-11 16:05:26,027 - mmdet - INFO - Epoch [20][50/186]	lr: 1.980e-02, eta: 6:23:16, time: 0.595, data_time: 0.082, memory: 6154, loss_rpn_cls: 0.0354, loss_rpn_bbox: 0.0068, loss_cls: 0.1897, acc: 92.0898, loss_bbox: 0.1454, loss: 0.3773, grad_norm: 1.4408
2026-05-11 16:05:52,002 - mmdet - INFO - Epoch [20][100/186]	lr: 1.980e-02, eta: 6:23:49, time: 0.518, data_time: 0.013, memory: 6154, loss_rpn_cls: 0.0394, loss_rpn_bbox: 0.0064, loss_cls: 0.1880, acc: 92.2061, loss_bbox: 0.1528, loss: 0.3866, grad_norm: 1.5557
2026-05-11 16:06:17,907 - mmdet - INFO - Epoch [20][150/186]	lr: 1.980e-02, eta: 6:24:23, time: 0.520, data_time: 0.015, memory: 6154, loss_rpn_cls: 0.0453, loss_rpn_bbox: 0.0068, loss_cls: 0.1918, acc: 92.0449, loss_bbox: 0.1537, loss: 0.3977, grad_norm: 1.5901
2026-05-11 16:06:36,666 - mmdet - INFO - Saving checkpoint at 20 epochs
2026-05-11 16:07:12,262 - mmdet - INFO - Evaluating bbox...
2026-05-11 16:07:16,981 - mmdet - INFO - 
 Average Precision  (AP) @[ IoU=0.50:0.95 | area=   all | maxDets=100 ] = 0.218
 Average Precision  (AP) @[ IoU=0.50      | area=   all | maxDets=1000 ] = 0.558
 Average Precision  (AP) @[ IoU=0.75      | area=   all | maxDets=1000 ] = 0.115
 Average Precision  (AP) @[ IoU=0.50:0.95 | area= small | maxDets=1000 ] = 0.000
 Average Precision  (AP) @[ IoU=0.50:0.95 | area=medium | maxDets=1000 ] = 0.177
 Average Precision  (AP) @[ IoU=0.50:0.95 | area= large | maxDets=1000 ] = 0.291
 Average Recall     (AR) @[ IoU=0.50:0.95 | area=   all | maxDets=100 ] = 0.395
 Average Recall     (AR) @[ IoU=0.50:0.95 | area=   all | maxDets=300 ] = 0.395
 Average Recall     (AR) @[ IoU=0.50:0.95 | area=   all | maxDets=1000 ] = 0.395
 Average Recall     (AR) @[ IoU=0.50:0.95 | area= small | maxDets=1000 ] = 0.033
 Average Recall     (AR) @[ IoU=0.50:0.95 | area=medium | maxDets=1000 ] = 0.356
 Average Recall     (AR) @[ IoU=0.50:0.95 | area= large | maxDets=1000 ] = 0.439

2026-05-11 16:07:17,115 - mmdet - INFO - The previous best checkpoint /home/ahmadreza/Downloads/Research/M2SODAI/baseline_official/runs_r50_hbb/r50_hbb_fold_3_20260511/best_bbox_mAP_epoch_10.pth was removed
2026-05-11 16:07:18,702 - mmdet - INFO - Now best checkpoint is saved as best_bbox_mAP_epoch_20.pth.
2026-05-11 16:07:18,703 - mmdet - INFO - Best bbox_mAP is 0.2180 at 20 epoch.
2026-05-11 16:07:18,703 - mmdet - INFO - Exp name: fold_3_r50_300e_hbb.py
2026-05-11 16:07:18,703 - mmdet - INFO - Epoch(val) [20][370]	bbox_mAP: 0.2180, bbox_mAP_50: 0.5580, bbox_mAP_75: 0.1150, bbox_mAP_s: 0.0000, bbox_mAP_m: 0.1770, bbox_mAP_l: 0.2910, bbox_mAP_copypaste: 0.218 0.558 0.115 0.000 0.177 0.291
2026-05-11 16:07:48,326 - mmdet - INFO - Epoch [21][50/186]	lr: 1.978e-02, eta: 6:21:47, time: 0.590, data_time: 0.082, memory: 6154, loss_rpn_cls: 0.0393, loss_rpn_bbox: 0.0057, loss_cls: 0.1823, acc: 92.5020, loss_bbox: 0.1328, loss: 0.3601, grad_norm: 1.4914
2026-05-11 16:08:14,319 - mmdet - INFO - Epoch [21][100/186]	lr: 1.978e-02, eta: 6:22:20, time: 0.522, data_time: 0.015, memory: 6154, loss_rpn_cls: 0.0355, loss_rpn_bbox: 0.0071, loss_cls: 0.2127, acc: 91.1094, loss_bbox: 0.1607, loss: 0.4160, grad_norm: 1.7128
2026-05-11 16:08:40,202 - mmdet - INFO - Epoch [21][150/186]	lr: 1.978e-02, eta: 6:22:48, time: 0.516, data_time: 0.013, memory: 6154, loss_rpn_cls: 0.0371, loss_rpn_bbox: 0.0060, loss_cls: 0.1857, acc: 92.2842, loss_bbox: 0.1454, loss: 0.3742, grad_norm: 1.7130
2026-05-11 16:09:28,597 - mmdet - INFO - Epoch [22][50/186]	lr: 1.976e-02, eta: 6:20:21, time: 0.594, data_time: 0.082, memory: 6154, loss_rpn_cls: 0.0418, loss_rpn_bbox: 0.0063, loss_cls: 0.1922, acc: 92.0469, loss_bbox: 0.1378, loss: 0.3781, grad_norm: 1.6708
2026-05-11 16:09:54,532 - mmdet - INFO - Epoch [22][100/186]	lr: 1.976e-02, eta: 6:20:48, time: 0.517, data_time: 0.013, memory: 6154, loss_rpn_cls: 0.0371, loss_rpn_bbox: 0.0055, loss_cls: 0.1832, acc: 92.3926, loss_bbox: 0.1511, loss: 0.3769, grad_norm: 1.6055
2026-05-11 16:10:20,491 - mmdet - INFO - Epoch [22][150/186]	lr: 1.976e-02, eta: 6:21:17, time: 0.521, data_time: 0.015, memory: 6154, loss_rpn_cls: 0.0436, loss_rpn_bbox: 0.0063, loss_cls: 0.1913, acc: 92.2510, loss_bbox: 0.1422, loss: 0.3834, grad_norm: 1.6816
2026-05-11 16:11:08,908 - mmdet - INFO - Epoch [23][50/186]	lr: 1.974e-02, eta: 6:18:54, time: 0.591, data_time: 0.082, memory: 6154, loss_rpn_cls: 0.0478, loss_rpn_bbox: 0.0060, loss_cls: 0.1842, acc: 92.4395, loss_bbox: 0.1398, loss: 0.3777, grad_norm: 1.5996
2026-05-11 16:11:34,820 - mmdet - INFO - Epoch [23][100/186]	lr: 1.974e-02, eta: 6:19:21, time: 0.520, data_time: 0.015, memory: 6154, loss_rpn_cls: 0.0388, loss_rpn_bbox: 0.0061, loss_cls: 0.1843, acc: 92.5723, loss_bbox: 0.1456, loss: 0.3748, grad_norm: 1.6650
2026-05-11 16:12:00,729 - mmdet - INFO - Epoch [23][150/186]	lr: 1.974e-02, eta: 6:19:45, time: 0.516, data_time: 0.013, memory: 6154, loss_rpn_cls: 0.0332, loss_rpn_bbox: 0.0060, loss_cls: 0.1743, acc: 92.8760, loss_bbox: 0.1380, loss: 0.3516, grad_norm: 1.6289
2026-05-11 16:12:49,127 - mmdet - INFO - Epoch [24][50/186]	lr: 1.971e-02, eta: 6:17:28, time: 0.594, data_time: 0.082, memory: 6154, loss_rpn_cls: 0.0323, loss_rpn_bbox: 0.0054, loss_cls: 0.1829, acc: 92.5420, loss_bbox: 0.1394, loss: 0.3600, grad_norm: 1.4100
2026-05-11 16:13:15,137 - mmdet - INFO - Epoch [24][100/186]	lr: 1.971e-02, eta: 6:17:52, time: 0.518, data_time: 0.013, memory: 6154, loss_rpn_cls: 0.0328, loss_rpn_bbox: 0.0060, loss_cls: 0.1781, acc: 92.7412, loss_bbox: 0.1413, loss: 0.3582, grad_norm: 1.4614
2026-05-11 16:13:41,147 - mmdet - INFO - Epoch [24][150/186]	lr: 1.971e-02, eta: 6:18:17, time: 0.522, data_time: 0.015, memory: 6154, loss_rpn_cls: 0.0335, loss_rpn_bbox: 0.0057, loss_cls: 0.1749, acc: 92.8672, loss_bbox: 0.1297, loss: 0.3438, grad_norm: 1.5350
2026-05-11 16:14:29,622 - mmdet - INFO - Epoch [25][50/186]	lr: 1.969e-02, eta: 6:16:04, time: 0.592, data_time: 0.082, memory: 6154, loss_rpn_cls: 0.0305, loss_rpn_bbox: 0.0055, loss_cls: 0.1713, acc: 93.0068, loss_bbox: 0.1269, loss: 0.3341, grad_norm: 1.5074
2026-05-11 16:14:55,616 - mmdet - INFO - Epoch [25][100/186]	lr: 1.969e-02, eta: 6:16:28, time: 0.522, data_time: 0.015, memory: 6154, loss_rpn_cls: 0.0371, loss_rpn_bbox: 0.0054, loss_cls: 0.1714, acc: 93.0547, loss_bbox: 0.1398, loss: 0.3537, grad_norm: 1.6853
2026-05-11 16:15:21,477 - mmdet - INFO - Epoch [25][150/186]	lr: 1.969e-02, eta: 6:16:47, time: 0.515, data_time: 0.013, memory: 6154, loss_rpn_cls: 0.0380, loss_rpn_bbox: 0.0060, loss_cls: 0.1716, acc: 92.9258, loss_bbox: 0.1373, loss: 0.3529, grad_norm: 1.6445
2026-05-11 16:16:09,830 - mmdet - INFO - Epoch [26][50/186]	lr: 1.966e-02, eta: 6:14:38, time: 0.593, data_time: 0.082, memory: 6154, loss_rpn_cls: 0.0345, loss_rpn_bbox: 0.0053, loss_cls: 0.1773, acc: 92.7324, loss_bbox: 0.1275, loss: 0.3446, grad_norm: 1.5458
2026-05-11 16:16:35,855 - mmdet - INFO - Epoch [26][100/186]	lr: 1.966e-02, eta: 6:14:58, time: 0.519, data_time: 0.013, memory: 6154, loss_rpn_cls: 0.0305, loss_rpn_bbox: 0.0061, loss_cls: 0.1670, acc: 93.0537, loss_bbox: 0.1297, loss: 0.3332, grad_norm: 1.5046
2026-05-11 16:17:01,842 - mmdet - INFO - Epoch [26][150/186]	lr: 1.966e-02, eta: 6:15:19, time: 0.522, data_time: 0.015, memory: 6154, loss_rpn_cls: 0.0422, loss_rpn_bbox: 0.0061, loss_cls: 0.1783, acc: 92.7363, loss_bbox: 0.1360, loss: 0.3627, grad_norm: 1.5628
2026-05-11 16:17:50,424 - mmdet - INFO - Epoch [27][50/186]	lr: 1.963e-02, eta: 6:13:15, time: 0.594, data_time: 0.083, memory: 6154, loss_rpn_cls: 0.0273, loss_rpn_bbox: 0.0052, loss_cls: 0.1886, acc: 92.2510, loss_bbox: 0.1390, loss: 0.3600, grad_norm: 1.6169
2026-05-11 16:18:16,453 - mmdet - INFO - Epoch [27][100/186]	lr: 1.963e-02, eta: 6:13:36, time: 0.523, data_time: 0.015, memory: 6154, loss_rpn_cls: 0.0329, loss_rpn_bbox: 0.0055, loss_cls: 0.1615, acc: 93.3887, loss_bbox: 0.1274, loss: 0.3273, grad_norm: 1.5534
2026-05-11 16:18:42,379 - mmdet - INFO - Epoch [27][150/186]	lr: 1.963e-02, eta: 6:13:52, time: 0.517, data_time: 0.013, memory: 6154, loss_rpn_cls: 0.0354, loss_rpn_bbox: 0.0061, loss_cls: 0.1699, acc: 93.2012, loss_bbox: 0.1333, loss: 0.3447, grad_norm: 1.5508
2026-05-11 16:19:30,786 - mmdet - INFO - Epoch [28][50/186]	lr: 1.960e-02, eta: 6:11:52, time: 0.595, data_time: 0.083, memory: 6154, loss_rpn_cls: 0.0304, loss_rpn_bbox: 0.0053, loss_cls: 0.1753, acc: 92.8389, loss_bbox: 0.1285, loss: 0.3395, grad_norm: 1.6247
2026-05-11 16:19:56,737 - mmdet - INFO - Epoch [28][100/186]	lr: 1.960e-02, eta: 6:12:08, time: 0.517, data_time: 0.013, memory: 6154, loss_rpn_cls: 0.0286, loss_rpn_bbox: 0.0052, loss_cls: 0.1560, acc: 93.6973, loss_bbox: 0.1203, loss: 0.3102, grad_norm: 1.5873
2026-05-11 16:20:22,793 - mmdet - INFO - Epoch [28][150/186]	lr: 1.960e-02, eta: 6:12:26, time: 0.523, data_time: 0.015, memory: 6154, loss_rpn_cls: 0.0324, loss_rpn_bbox: 0.0057, loss_cls: 0.1620, acc: 93.4980, loss_bbox: 0.1283, loss: 0.3283, grad_norm: 1.5767
2026-05-11 16:21:11,269 - mmdet - INFO - Epoch [29][50/186]	lr: 1.957e-02, eta: 6:10:28, time: 0.591, data_time: 0.083, memory: 6154, loss_rpn_cls: 0.0284, loss_rpn_bbox: 0.0049, loss_cls: 0.1593, acc: 93.6230, loss_bbox: 0.1168, loss: 0.3093, grad_norm: 1.4911
2026-05-11 16:21:37,365 - mmdet - INFO - Epoch [29][100/186]	lr: 1.957e-02, eta: 6:10:46, time: 0.524, data_time: 0.015, memory: 6154, loss_rpn_cls: 0.0378, loss_rpn_bbox: 0.0064, loss_cls: 0.1754, acc: 93.0752, loss_bbox: 0.1288, loss: 0.3483, grad_norm: 1.5260
2026-05-11 16:22:03,292 - mmdet - INFO - Epoch [29][150/186]	lr: 1.957e-02, eta: 6:11:00, time: 0.517, data_time: 0.013, memory: 6154, loss_rpn_cls: 0.0371, loss_rpn_bbox: 0.0060, loss_cls: 0.1575, acc: 93.7197, loss_bbox: 0.1156, loss: 0.3162, grad_norm: 1.5906
2026-05-11 16:22:52,596 - mmdet - INFO - Epoch [30][50/186]	lr: 1.954e-02, eta: 6:09:11, time: 0.606, data_time: 0.085, memory: 6154, loss_rpn_cls: 0.0384, loss_rpn_bbox: 0.0055, loss_cls: 0.1671, acc: 93.1982, loss_bbox: 0.1238, loss: 0.3348, grad_norm: 1.5581
2026-05-11 16:23:19,035 - mmdet - INFO - Epoch [30][100/186]	lr: 1.954e-02, eta: 6:09:29, time: 0.527, data_time: 0.013, memory: 6154, loss_rpn_cls: 0.0274, loss_rpn_bbox: 0.0053, loss_cls: 0.1693, acc: 93.0020, loss_bbox: 0.1293, loss: 0.3313, grad_norm: 1.5512
2026-05-11 16:23:45,495 - mmdet - INFO - Epoch [30][150/186]	lr: 1.954e-02, eta: 6:09:47, time: 0.531, data_time: 0.015, memory: 6154, loss_rpn_cls: 0.0347, loss_rpn_bbox: 0.0055, loss_cls: 0.1640, acc: 93.4268, loss_bbox: 0.1263, loss: 0.3306, grad_norm: 1.6006
2026-05-11 16:24:04,666 - mmdet - INFO - Saving checkpoint at 30 epochs
2026-05-11 16:24:41,076 - mmdet - INFO - Evaluating bbox...
2026-05-11 16:24:45,877 - mmdet - INFO - 
 Average Precision  (AP) @[ IoU=0.50:0.95 | area=   all | maxDets=100 ] = 0.194
 Average Precision  (AP) @[ IoU=0.50      | area=   all | maxDets=1000 ] = 0.506
 Average Precision  (AP) @[ IoU=0.75      | area=   all | maxDets=1000 ] = 0.103
 Average Precision  (AP) @[ IoU=0.50:0.95 | area= small | maxDets=1000 ] = 0.002
 Average Precision  (AP) @[ IoU=0.50:0.95 | area=medium | maxDets=1000 ] = 0.142
 Average Precision  (AP) @[ IoU=0.50:0.95 | area= large | maxDets=1000 ] = 0.289
 Average Recall     (AR) @[ IoU=0.50:0.95 | area=   all | maxDets=100 ] = 0.371
 Average Recall     (AR) @[ IoU=0.50:0.95 | area=   all | maxDets=300 ] = 0.371
 Average Recall     (AR) @[ IoU=0.50:0.95 | area=   all | maxDets=1000 ] = 0.371
 Average Recall     (AR) @[ IoU=0.50:0.95 | area= small | maxDets=1000 ] = 0.080
 Average Recall     (AR) @[ IoU=0.50:0.95 | area=medium | maxDets=1000 ] = 0.330
 Average Recall     (AR) @[ IoU=0.50:0.95 | area= large | maxDets=1000 ] = 0.416

2026-05-11 16:24:45,892 - mmdet - INFO - Exp name: fold_3_r50_300e_hbb.py
2026-05-11 16:24:45,892 - mmdet - INFO - Epoch(val) [30][370]	bbox_mAP: 0.1940, bbox_mAP_50: 0.5060, bbox_mAP_75: 0.1030, bbox_mAP_s: 0.0020, bbox_mAP_m: 0.1420, bbox_mAP_l: 0.2890, bbox_mAP_copypaste: 0.194 0.506 0.103 0.002 0.142 0.289
2026-05-11 16:25:17,697 - mmdet - INFO - Epoch [31][50/186]	lr: 1.951e-02, eta: 6:08:14, time: 0.634, data_time: 0.088, memory: 6154, loss_rpn_cls: 0.0332, loss_rpn_bbox: 0.0061, loss_cls: 0.1646, acc: 93.2002, loss_bbox: 0.1219, loss: 0.3258, grad_norm: 1.7075
2026-05-11 16:25:45,157 - mmdet - INFO - Epoch [31][100/186]	lr: 1.951e-02, eta: 6:08:40, time: 0.551, data_time: 0.017, memory: 6154, loss_rpn_cls: 0.0335, loss_rpn_bbox: 0.0050, loss_cls: 0.1589, acc: 93.4170, loss_bbox: 0.1314, loss: 0.3288, grad_norm: 1.6881
2026-05-11 16:26:11,650 - mmdet - INFO - Epoch [31][150/186]	lr: 1.951e-02, eta: 6:08:56, time: 0.528, data_time: 0.014, memory: 6154, loss_rpn_cls: 0.0330, loss_rpn_bbox: 0.0064, loss_cls: 0.1608, acc: 93.4697, loss_bbox: 0.1340, loss: 0.3341, grad_norm: 1.6530
2026-05-11 16:27:00,841 - mmdet - INFO - Epoch [32][50/186]	lr: 1.948e-02, eta: 6:07:11, time: 0.605, data_time: 0.085, memory: 6154, loss_rpn_cls: 0.0284, loss_rpn_bbox: 0.0057, loss_cls: 0.1714, acc: 92.8555, loss_bbox: 0.1152, loss: 0.3206, grad_norm: 1.7331
2026-05-11 16:27:26,871 - mmdet - INFO - Epoch [32][100/186]	lr: 1.948e-02, eta: 6:07:22, time: 0.519, data_time: 0.013, memory: 6154, loss_rpn_cls: 0.0325, loss_rpn_bbox: 0.0053, loss_cls: 0.1650, acc: 93.3516, loss_bbox: 0.1221, loss: 0.3249, grad_norm: 1.7139
2026-05-11 16:27:52,791 - mmdet - INFO - Epoch [32][150/186]	lr: 1.948e-02, eta: 6:07:34, time: 0.520, data_time: 0.015, memory: 6154, loss_rpn_cls: 0.0438, loss_rpn_bbox: 0.0062, loss_cls: 0.1733, acc: 93.2002, loss_bbox: 0.1325, loss: 0.3558, grad_norm: 1.7964
2026-05-11 16:28:41,322 - mmdet - INFO - Epoch [33][50/186]	lr: 1.944e-02, eta: 6:05:46, time: 0.593, data_time: 0.083, memory: 6154, loss_rpn_cls: 0.0312, loss_rpn_bbox: 0.0049, loss_cls: 0.1592, acc: 93.5479, loss_bbox: 0.1188, loss: 0.3141, grad_norm: 1.4997
2026-05-11 16:29:07,437 - mmdet - INFO - Epoch [33][100/186]	lr: 1.944e-02, eta: 6:05:58, time: 0.524, data_time: 0.015, memory: 6154, loss_rpn_cls: 0.0293, loss_rpn_bbox: 0.0047, loss_cls: 0.1541, acc: 93.7002, loss_bbox: 0.1212, loss: 0.3093, grad_norm: 1.4919
2026-05-11 16:29:33,361 - mmdet - INFO - Epoch [33][150/186]	lr: 1.944e-02, eta: 6:06:07, time: 0.517, data_time: 0.013, memory: 6154, loss_rpn_cls: 0.0343, loss_rpn_bbox: 0.0057, loss_cls: 0.1552, acc: 93.7197, loss_bbox: 0.1232, loss: 0.3184, grad_norm: 1.5491
2026-05-11 16:30:21,649 - mmdet - INFO - Epoch [34][50/186]	lr: 1.941e-02, eta: 6:04:21, time: 0.592, data_time: 0.083, memory: 6154, loss_rpn_cls: 0.0288, loss_rpn_bbox: 0.0045, loss_cls: 0.1439, acc: 94.2334, loss_bbox: 0.1003, loss: 0.2775, grad_norm: 1.3853
2026-05-11 16:30:47,599 - mmdet - INFO - Epoch [34][100/186]	lr: 1.941e-02, eta: 6:04:30, time: 0.517, data_time: 0.013, memory: 6154, loss_rpn_cls: 0.0306, loss_rpn_bbox: 0.0051, loss_cls: 0.1552, acc: 93.8418, loss_bbox: 0.1162, loss: 0.3071, grad_norm: 1.3987
2026-05-11 16:31:13,509 - mmdet - INFO - Epoch [34][150/186]	lr: 1.941e-02, eta: 6:04:39, time: 0.520, data_time: 0.015, memory: 6154, loss_rpn_cls: 0.0367, loss_rpn_bbox: 0.0057, loss_cls: 0.1511, acc: 94.0029, loss_bbox: 0.1215, loss: 0.3150, grad_norm: 1.4210
2026-05-11 16:32:01,944 - mmdet - INFO - Epoch [35][50/186]	lr: 1.937e-02, eta: 6:02:55, time: 0.592, data_time: 0.083, memory: 6154, loss_rpn_cls: 0.0306, loss_rpn_bbox: 0.0051, loss_cls: 0.1688, acc: 93.1553, loss_bbox: 0.1144, loss: 0.3189, grad_norm: 1.6989
2026-05-11 16:32:27,791 - mmdet - INFO - Epoch [35][100/186]	lr: 1.937e-02, eta: 6:03:04, time: 0.519, data_time: 0.015, memory: 6154, loss_rpn_cls: 0.0279, loss_rpn_bbox: 0.0049, loss_cls: 0.1538, acc: 93.8164, loss_bbox: 0.1179, loss: 0.3045, grad_norm: 1.5819
2026-05-11 16:32:53,662 - mmdet - INFO - Epoch [35][150/186]	lr: 1.937e-02, eta: 6:03:10, time: 0.515, data_time: 0.013, memory: 6154, loss_rpn_cls: 0.0264, loss_rpn_bbox: 0.0047, loss_cls: 0.1451, acc: 94.2480, loss_bbox: 0.1052, loss: 0.2814, grad_norm: 1.5663
2026-05-11 16:33:42,115 - mmdet - INFO - Epoch [36][50/186]	lr: 1.934e-02, eta: 6:01:30, time: 0.594, data_time: 0.083, memory: 6154, loss_rpn_cls: 0.0311, loss_rpn_bbox: 0.0044, loss_cls: 0.1541, acc: 93.9834, loss_bbox: 0.1023, loss: 0.2920, grad_norm: 1.7252
2026-05-11 16:34:08,057 - mmdet - INFO - Epoch [36][100/186]	lr: 1.934e-02, eta: 6:01:36, time: 0.517, data_time: 0.013, memory: 6154, loss_rpn_cls: 0.0247, loss_rpn_bbox: 0.0049, loss_cls: 0.1614, acc: 93.3516, loss_bbox: 0.1149, loss: 0.3060, grad_norm: 1.6980
2026-05-11 16:34:34,115 - mmdet - INFO - Epoch [36][150/186]	lr: 1.934e-02, eta: 6:01:44, time: 0.523, data_time: 0.015, memory: 6154, loss_rpn_cls: 0.0283, loss_rpn_bbox: 0.0050, loss_cls: 0.1545, acc: 93.8076, loss_bbox: 0.1117, loss: 0.2995, grad_norm: 1.6263
2026-05-11 16:35:22,605 - mmdet - INFO - Epoch [37][50/186]	lr: 1.930e-02, eta: 6:00:05, time: 0.591, data_time: 0.083, memory: 6154, loss_rpn_cls: 0.0236, loss_rpn_bbox: 0.0044, loss_cls: 0.1463, acc: 94.0967, loss_bbox: 0.1062, loss: 0.2805, grad_norm: 1.5039
2026-05-11 16:35:48,502 - mmdet - INFO - Epoch [37][100/186]	lr: 1.930e-02, eta: 6:00:12, time: 0.520, data_time: 0.015, memory: 6154, loss_rpn_cls: 0.0324, loss_rpn_bbox: 0.0048, loss_cls: 0.1551, acc: 93.8730, loss_bbox: 0.1123, loss: 0.3045, grad_norm: 1.5600
2026-05-11 16:36:14,443 - mmdet - INFO - Epoch [37][150/186]	lr: 1.930e-02, eta: 6:00:17, time: 0.517, data_time: 0.013, memory: 6154, loss_rpn_cls: 0.0327, loss_rpn_bbox: 0.0056, loss_cls: 0.1552, acc: 93.8721, loss_bbox: 0.1158, loss: 0.3093, grad_norm: 1.5338
2026-05-11 16:37:02,942 - mmdet - INFO - Epoch [38][50/186]	lr: 1.926e-02, eta: 5:58:41, time: 0.595, data_time: 0.084, memory: 6154, loss_rpn_cls: 0.0365, loss_rpn_bbox: 0.0052, loss_cls: 0.1549, acc: 93.8623, loss_bbox: 0.1083, loss: 0.3049, grad_norm: 1.5879
2026-05-11 16:37:28,889 - mmdet - INFO - Epoch [38][100/186]	lr: 1.926e-02, eta: 5:58:46, time: 0.517, data_time: 0.013, memory: 6154, loss_rpn_cls: 0.0272, loss_rpn_bbox: 0.0046, loss_cls: 0.1448, acc: 94.0703, loss_bbox: 0.1063, loss: 0.2829, grad_norm: 1.5568
2026-05-11 16:37:54,877 - mmdet - INFO - Epoch [38][150/186]	lr: 1.926e-02, eta: 5:58:51, time: 0.522, data_time: 0.015, memory: 6154, loss_rpn_cls: 0.0276, loss_rpn_bbox: 0.0048, loss_cls: 0.1500, acc: 94.0156, loss_bbox: 0.1101, loss: 0.2925, grad_norm: 1.6268
2026-05-11 16:38:43,315 - mmdet - INFO - Epoch [39][50/186]	lr: 1.922e-02, eta: 5:57:16, time: 0.591, data_time: 0.083, memory: 6154, loss_rpn_cls: 0.0283, loss_rpn_bbox: 0.0047, loss_cls: 0.1486, acc: 94.1641, loss_bbox: 0.1050, loss: 0.2866, grad_norm: 1.6070
2026-05-11 16:39:09,198 - mmdet - INFO - Epoch [39][100/186]	lr: 1.922e-02, eta: 5:57:21, time: 0.520, data_time: 0.015, memory: 6154, loss_rpn_cls: 0.0308, loss_rpn_bbox: 0.0043, loss_cls: 0.1405, acc: 94.4736, loss_bbox: 0.0995, loss: 0.2752, grad_norm: 1.5990
2026-05-11 16:39:35,097 - mmdet - INFO - Epoch [39][150/186]	lr: 1.922e-02, eta: 5:57:24, time: 0.516, data_time: 0.013, memory: 6154, loss_rpn_cls: 0.0303, loss_rpn_bbox: 0.0050, loss_cls: 0.1433, acc: 94.2695, loss_bbox: 0.1041, loss: 0.2827, grad_norm: 1.5799
2026-05-11 16:40:23,585 - mmdet - INFO - Epoch [40][50/186]	lr: 1.918e-02, eta: 5:55:51, time: 0.594, data_time: 0.084, memory: 6154, loss_rpn_cls: 0.0348, loss_rpn_bbox: 0.0049, loss_cls: 0.1613, acc: 93.7100, loss_bbox: 0.1104, loss: 0.3114, grad_norm: 1.6451
2026-05-11 16:40:49,596 - mmdet - INFO - Epoch [40][100/186]	lr: 1.918e-02, eta: 5:55:55, time: 0.518, data_time: 0.013, memory: 6154, loss_rpn_cls: 0.0339, loss_rpn_bbox: 0.0048, loss_cls: 0.1389, acc: 94.4746, loss_bbox: 0.1001, loss: 0.2777, grad_norm: 1.5715
2026-05-11 16:41:15,574 - mmdet - INFO - Epoch [40][150/186]	lr: 1.918e-02, eta: 5:55:59, time: 0.521, data_time: 0.015, memory: 6154, loss_rpn_cls: 0.0264, loss_rpn_bbox: 0.0049, loss_cls: 0.1355, acc: 94.6455, loss_bbox: 0.0996, loss: 0.2663, grad_norm: 1.5136
2026-05-11 16:41:34,334 - mmdet - INFO - Saving checkpoint at 40 epochs
2026-05-11 16:42:09,885 - mmdet - INFO - Evaluating bbox...
2026-05-11 16:42:13,100 - mmdet - INFO - 
 Average Precision  (AP) @[ IoU=0.50:0.95 | area=   all | maxDets=100 ] = 0.265
 Average Precision  (AP) @[ IoU=0.50      | area=   all | maxDets=1000 ] = 0.635
 Average Precision  (AP) @[ IoU=0.75      | area=   all | maxDets=1000 ] = 0.160
 Average Precision  (AP) @[ IoU=0.50:0.95 | area= small | maxDets=1000 ] = 0.001
 Average Precision  (AP) @[ IoU=0.50:0.95 | area=medium | maxDets=1000 ] = 0.210
 Average Precision  (AP) @[ IoU=0.50:0.95 | area= large | maxDets=1000 ] = 0.333
 Average Recall     (AR) @[ IoU=0.50:0.95 | area=   all | maxDets=100 ] = 0.408
 Average Recall     (AR) @[ IoU=0.50:0.95 | area=   all | maxDets=300 ] = 0.408
 Average Recall     (AR) @[ IoU=0.50:0.95 | area=   all | maxDets=1000 ] = 0.408
 Average Recall     (AR) @[ IoU=0.50:0.95 | area= small | maxDets=1000 ] = 0.047
 Average Recall     (AR) @[ IoU=0.50:0.95 | area=medium | maxDets=1000 ] = 0.371
 Average Recall     (AR) @[ IoU=0.50:0.95 | area= large | maxDets=1000 ] = 0.451

2026-05-11 16:42:13,142 - mmdet - INFO - The previous best checkpoint /home/ahmadreza/Downloads/Research/M2SODAI/baseline_official/runs_r50_hbb/r50_hbb_fold_3_20260511/best_bbox_mAP_epoch_20.pth was removed
2026-05-11 16:42:14,626 - mmdet - INFO - Now best checkpoint is saved as best_bbox_mAP_epoch_40.pth.
2026-05-11 16:42:14,626 - mmdet - INFO - Best bbox_mAP is 0.2650 at 40 epoch.
2026-05-11 16:42:14,626 - mmdet - INFO - Exp name: fold_3_r50_300e_hbb.py
2026-05-11 16:42:14,627 - mmdet - INFO - Epoch(val) [40][370]	bbox_mAP: 0.2650, bbox_mAP_50: 0.6350, bbox_mAP_75: 0.1600, bbox_mAP_s: 0.0010, bbox_mAP_m: 0.2100, bbox_mAP_l: 0.3330, bbox_mAP_copypaste: 0.265 0.635 0.160 0.001 0.210 0.333
2026-05-11 16:42:44,186 - mmdet - INFO - Epoch [41][50/186]	lr: 1.914e-02, eta: 5:54:26, time: 0.589, data_time: 0.082, memory: 6154, loss_rpn_cls: 0.0268, loss_rpn_bbox: 0.0041, loss_cls: 0.1389, acc: 94.5811, loss_bbox: 0.0956, loss: 0.2654, grad_norm: 1.4757
2026-05-11 16:43:10,029 - mmdet - INFO - Epoch [41][100/186]	lr: 1.914e-02, eta: 5:54:30, time: 0.519, data_time: 0.015, memory: 6154, loss_rpn_cls: 0.0275, loss_rpn_bbox: 0.0044, loss_cls: 0.1378, acc: 94.4375, loss_bbox: 0.1085, loss: 0.2781, grad_norm: 1.4748
2026-05-11 16:43:35,837 - mmdet - INFO - Epoch [41][150/186]	lr: 1.914e-02, eta: 5:54:31, time: 0.514, data_time: 0.013, memory: 6154, loss_rpn_cls: 0.0280, loss_rpn_bbox: 0.0047, loss_cls: 0.1392, acc: 94.5039, loss_bbox: 0.1029, loss: 0.2749, grad_norm: 1.4762
2026-05-11 16:44:24,206 - mmdet - INFO - Epoch [42][50/186]	lr: 1.909e-02, eta: 5:53:01, time: 0.593, data_time: 0.083, memory: 6154, loss_rpn_cls: 0.0335, loss_rpn_bbox: 0.0046, loss_cls: 0.1479, acc: 94.2021, loss_bbox: 0.0974, loss: 0.2834, grad_norm: 1.6097
2026-05-11 16:44:50,150 - mmdet - INFO - Epoch [42][100/186]	lr: 1.909e-02, eta: 5:53:03, time: 0.517, data_time: 0.013, memory: 6154, loss_rpn_cls: 0.0301, loss_rpn_bbox: 0.0043, loss_cls: 0.1375, acc: 94.5312, loss_bbox: 0.1006, loss: 0.2726, grad_norm: 1.6069
2026-05-11 16:45:16,080 - mmdet - INFO - Epoch [42][150/186]	lr: 1.909e-02, eta: 5:53:05, time: 0.521, data_time: 0.015, memory: 6154, loss_rpn_cls: 0.0322, loss_rpn_bbox: 0.0049, loss_cls: 0.1335, acc: 94.7051, loss_bbox: 0.1037, loss: 0.2743, grad_norm: 1.5623
2026-05-11 16:46:04,534 - mmdet - INFO - Epoch [43][50/186]	lr: 1.905e-02, eta: 5:51:36, time: 0.591, data_time: 0.083, memory: 6154, loss_rpn_cls: 0.0253, loss_rpn_bbox: 0.0050, loss_cls: 0.1379, acc: 94.4316, loss_bbox: 0.0964, loss: 0.2647, grad_norm: 1.4468
2026-05-11 16:46:30,545 - mmdet - INFO - Epoch [43][100/186]	lr: 1.905e-02, eta: 5:51:39, time: 0.522, data_time: 0.015, memory: 6154, loss_rpn_cls: 0.0243, loss_rpn_bbox: 0.0040, loss_cls: 0.1321, acc: 94.7480, loss_bbox: 0.0970, loss: 0.2574, grad_norm: 1.4034
2026-05-11 16:46:56,466 - mmdet - INFO - Epoch [43][150/186]	lr: 1.905e-02, eta: 5:51:40, time: 0.516, data_time: 0.013, memory: 6154, loss_rpn_cls: 0.0262, loss_rpn_bbox: 0.0045, loss_cls: 0.1254, acc: 95.0674, loss_bbox: 0.0986, loss: 0.2547, grad_norm: 1.3798
2026-05-11 16:47:44,859 - mmdet - INFO - Epoch [44][50/186]	lr: 1.900e-02, eta: 5:50:13, time: 0.593, data_time: 0.084, memory: 6154, loss_rpn_cls: 0.0211, loss_rpn_bbox: 0.0042, loss_cls: 0.1286, acc: 94.8047, loss_bbox: 0.0931, loss: 0.2472, grad_norm: 1.4141
2026-05-11 16:48:10,766 - mmdet - INFO - Epoch [44][100/186]	lr: 1.900e-02, eta: 5:50:13, time: 0.516, data_time: 0.013, memory: 6154, loss_rpn_cls: 0.0330, loss_rpn_bbox: 0.0050, loss_cls: 0.1394, acc: 94.4463, loss_bbox: 0.1041, loss: 0.2816, grad_norm: 1.4763
2026-05-11 16:48:36,616 - mmdet - INFO - Epoch [44][150/186]	lr: 1.900e-02, eta: 5:50:14, time: 0.519, data_time: 0.015, memory: 6154, loss_rpn_cls: 0.0323, loss_rpn_bbox: 0.0048, loss_cls: 0.1312, acc: 94.8643, loss_bbox: 0.1053, loss: 0.2737, grad_norm: 1.4801
2026-05-11 16:49:25,013 - mmdet - INFO - Epoch [45][50/186]	lr: 1.896e-02, eta: 5:48:48, time: 0.592, data_time: 0.083, memory: 6154, loss_rpn_cls: 0.0291, loss_rpn_bbox: 0.0048, loss_cls: 0.1411, acc: 94.4502, loss_bbox: 0.1014, loss: 0.2764, grad_norm: 1.6101
2026-05-11 16:49:50,880 - mmdet - INFO - Epoch [45][100/186]	lr: 1.896e-02, eta: 5:48:49, time: 0.519, data_time: 0.015, memory: 6154, loss_rpn_cls: 0.0294, loss_rpn_bbox: 0.0041, loss_cls: 0.1288, acc: 94.8955, loss_bbox: 0.1030, loss: 0.2653, grad_norm: 1.5676
2026-05-11 16:50:16,853 - mmdet - INFO - Epoch [45][150/186]	lr: 1.896e-02, eta: 5:48:49, time: 0.518, data_time: 0.013, memory: 6154, loss_rpn_cls: 0.0236, loss_rpn_bbox: 0.0039, loss_cls: 0.1187, acc: 95.3076, loss_bbox: 0.0935, loss: 0.2396, grad_norm: 1.5088
2026-05-11 16:51:05,383 - mmdet - INFO - Epoch [46][50/186]	lr: 1.891e-02, eta: 5:47:25, time: 0.596, data_time: 0.083, memory: 6154, loss_rpn_cls: 0.0292, loss_rpn_bbox: 0.0043, loss_cls: 0.1400, acc: 94.5303, loss_bbox: 0.1003, loss: 0.2739, grad_norm: 1.6318
2026-05-11 16:51:31,240 - mmdet - INFO - Epoch [46][100/186]	lr: 1.891e-02, eta: 5:47:24, time: 0.515, data_time: 0.013, memory: 6154, loss_rpn_cls: 0.0246, loss_rpn_bbox: 0.0038, loss_cls: 0.1294, acc: 94.7490, loss_bbox: 0.1018, loss: 0.2597, grad_norm: 1.5903
2026-05-11 16:51:57,122 - mmdet - INFO - Epoch [46][150/186]	lr: 1.891e-02, eta: 5:47:24, time: 0.520, data_time: 0.015, memory: 6154, loss_rpn_cls: 0.0284, loss_rpn_bbox: 0.0044, loss_cls: 0.1276, acc: 95.0137, loss_bbox: 0.1029, loss: 0.2633, grad_norm: 1.5293
2026-05-11 16:52:45,669 - mmdet - INFO - Epoch [47][50/186]	lr: 1.886e-02, eta: 5:46:01, time: 0.593, data_time: 0.083, memory: 6154, loss_rpn_cls: 0.0275, loss_rpn_bbox: 0.0050, loss_cls: 0.1466, acc: 94.2197, loss_bbox: 0.1051, loss: 0.2841, grad_norm: 1.6575
2026-05-11 16:53:11,564 - mmdet - INFO - Epoch [47][100/186]	lr: 1.886e-02, eta: 5:46:01, time: 0.520, data_time: 0.015, memory: 6154, loss_rpn_cls: 0.0288, loss_rpn_bbox: 0.0044, loss_cls: 0.1336, acc: 94.7617, loss_bbox: 0.1046, loss: 0.2714, grad_norm: 1.5464
2026-05-11 16:53:37,489 - mmdet - INFO - Epoch [47][150/186]	lr: 1.886e-02, eta: 5:45:59, time: 0.517, data_time: 0.013, memory: 6154, loss_rpn_cls: 0.0274, loss_rpn_bbox: 0.0039, loss_cls: 0.1263, acc: 94.9727, loss_bbox: 0.0971, loss: 0.2547, grad_norm: 1.5312
2026-05-11 16:54:25,909 - mmdet - INFO - Epoch [48][50/186]	lr: 1.881e-02, eta: 5:44:38, time: 0.595, data_time: 0.083, memory: 6154, loss_rpn_cls: 0.0207, loss_rpn_bbox: 0.0041, loss_cls: 0.1328, acc: 94.7852, loss_bbox: 0.1024, loss: 0.2601, grad_norm: 1.4170
2026-05-11 16:54:51,780 - mmdet - INFO - Epoch [48][100/186]	lr: 1.881e-02, eta: 5:44:36, time: 0.515, data_time: 0.013, memory: 6154, loss_rpn_cls: 0.0297, loss_rpn_bbox: 0.0045, loss_cls: 0.1198, acc: 95.3135, loss_bbox: 0.0932, loss: 0.2471, grad_norm: 1.3817
2026-05-11 16:55:17,752 - mmdet - INFO - Epoch [48][150/186]	lr: 1.881e-02, eta: 5:44:35, time: 0.521, data_time: 0.015, memory: 6154, loss_rpn_cls: 0.0359, loss_rpn_bbox: 0.0047, loss_cls: 0.1252, acc: 95.1309, loss_bbox: 0.0986, loss: 0.2644, grad_norm: 1.3793
2026-05-11 16:56:06,160 - mmdet - INFO - Epoch [49][50/186]	lr: 1.876e-02, eta: 5:43:14, time: 0.591, data_time: 0.083, memory: 6154, loss_rpn_cls: 0.0199, loss_rpn_bbox: 0.0042, loss_cls: 0.1303, acc: 94.9072, loss_bbox: 0.0950, loss: 0.2494, grad_norm: 1.2830
2026-05-11 16:56:32,086 - mmdet - INFO - Epoch [49][100/186]	lr: 1.876e-02, eta: 5:43:13, time: 0.520, data_time: 0.015, memory: 6154, loss_rpn_cls: 0.0287, loss_rpn_bbox: 0.0042, loss_cls: 0.1245, acc: 95.1240, loss_bbox: 0.0947, loss: 0.2520, grad_norm: 1.3620
2026-05-11 16:56:58,031 - mmdet - INFO - Epoch [49][150/186]	lr: 1.876e-02, eta: 5:43:10, time: 0.517, data_time: 0.013, memory: 6154, loss_rpn_cls: 0.0279, loss_rpn_bbox: 0.0044, loss_cls: 0.1290, acc: 94.9951, loss_bbox: 0.0967, loss: 0.2580, grad_norm: 1.3515
2026-05-11 16:57:46,467 - mmdet - INFO - Epoch [50][50/186]	lr: 1.871e-02, eta: 5:41:51, time: 0.595, data_time: 0.083, memory: 6154, loss_rpn_cls: 0.0516, loss_rpn_bbox: 0.0050, loss_cls: 0.1306, acc: 95.0732, loss_bbox: 0.0912, loss: 0.2783, grad_norm: 1.7010
2026-05-11 16:58:12,353 - mmdet - INFO - Epoch [50][100/186]	lr: 1.871e-02, eta: 5:41:48, time: 0.516, data_time: 0.013, memory: 6154, loss_rpn_cls: 0.0321, loss_rpn_bbox: 0.0048, loss_cls: 0.1350, acc: 94.6826, loss_bbox: 0.0979, loss: 0.2697, grad_norm: 1.6279
2026-05-11 16:58:38,162 - mmdet - INFO - Epoch [50][150/186]	lr: 1.871e-02, eta: 5:41:46, time: 0.518, data_time: 0.015, memory: 6154, loss_rpn_cls: 0.0244, loss_rpn_bbox: 0.0040, loss_cls: 0.1254, acc: 94.9268, loss_bbox: 0.0925, loss: 0.2463, grad_norm: 1.5696
2026-05-11 16:58:56,956 - mmdet - INFO - Saving checkpoint at 50 epochs
2026-05-11 16:59:32,567 - mmdet - INFO - Evaluating bbox...
2026-05-11 16:59:35,507 - mmdet - INFO - 
 Average Precision  (AP) @[ IoU=0.50:0.95 | area=   all | maxDets=100 ] = 0.264
 Average Precision  (AP) @[ IoU=0.50      | area=   all | maxDets=1000 ] = 0.640
 Average Precision  (AP) @[ IoU=0.75      | area=   all | maxDets=1000 ] = 0.159
 Average Precision  (AP) @[ IoU=0.50:0.95 | area= small | maxDets=1000 ] = 0.001
 Average Precision  (AP) @[ IoU=0.50:0.95 | area=medium | maxDets=1000 ] = 0.203
 Average Precision  (AP) @[ IoU=0.50:0.95 | area= large | maxDets=1000 ] = 0.344
 Average Recall     (AR) @[ IoU=0.50:0.95 | area=   all | maxDets=100 ] = 0.408
 Average Recall     (AR) @[ IoU=0.50:0.95 | area=   all | maxDets=300 ] = 0.408
 Average Recall     (AR) @[ IoU=0.50:0.95 | area=   all | maxDets=1000 ] = 0.408
 Average Recall     (AR) @[ IoU=0.50:0.95 | area= small | maxDets=1000 ] = 0.073
 Average Recall     (AR) @[ IoU=0.50:0.95 | area=medium | maxDets=1000 ] = 0.365
 Average Recall     (AR) @[ IoU=0.50:0.95 | area= large | maxDets=1000 ] = 0.455

2026-05-11 16:59:35,514 - mmdet - INFO - Exp name: fold_3_r50_300e_hbb.py
2026-05-11 16:59:35,515 - mmdet - INFO - Epoch(val) [50][370]	bbox_mAP: 0.2640, bbox_mAP_50: 0.6400, bbox_mAP_75: 0.1590, bbox_mAP_s: 0.0010, bbox_mAP_m: 0.2030, bbox_mAP_l: 0.3440, bbox_mAP_copypaste: 0.264 0.640 0.159 0.001 0.203 0.344
2026-05-11 17:00:05,287 - mmdet - INFO - Epoch [51][50/186]	lr: 1.866e-02, eta: 5:40:27, time: 0.593, data_time: 0.084, memory: 6154, loss_rpn_cls: 0.0254, loss_rpn_bbox: 0.0042, loss_cls: 0.1266, acc: 95.0703, loss_bbox: 0.0887, loss: 0.2449, grad_norm: 1.3937
2026-05-11 17:00:31,225 - mmdet - INFO - Epoch [51][100/186]	lr: 1.866e-02, eta: 5:40:25, time: 0.521, data_time: 0.015, memory: 6154, loss_rpn_cls: 0.0189, loss_rpn_bbox: 0.0036, loss_cls: 0.1194, acc: 95.3311, loss_bbox: 0.0824, loss: 0.2243, grad_norm: 1.3488
2026-05-11 17:00:57,129 - mmdet - INFO - Epoch [51][150/186]	lr: 1.866e-02, eta: 5:40:22, time: 0.516, data_time: 0.013, memory: 6154, loss_rpn_cls: 0.0256, loss_rpn_bbox: 0.0043, loss_cls: 0.1210, acc: 95.2949, loss_bbox: 0.0898, loss: 0.2407, grad_norm: 1.3694
2026-05-11 17:01:45,630 - mmdet - INFO - Epoch [52][50/186]	lr: 1.861e-02, eta: 5:39:04, time: 0.594, data_time: 0.083, memory: 6154, loss_rpn_cls: 0.0187, loss_rpn_bbox: 0.0038, loss_cls: 0.1163, acc: 95.3779, loss_bbox: 0.0816, loss: 0.2204, grad_norm: 1.3503
2026-05-11 17:02:11,491 - mmdet - INFO - Epoch [52][100/186]	lr: 1.861e-02, eta: 5:39:00, time: 0.515, data_time: 0.013, memory: 6154, loss_rpn_cls: 0.0224, loss_rpn_bbox: 0.0040, loss_cls: 0.1280, acc: 94.9238, loss_bbox: 0.0908, loss: 0.2452, grad_norm: 1.4435
2026-05-11 17:02:37,473 - mmdet - INFO - Epoch [52][150/186]	lr: 1.861e-02, eta: 5:38:58, time: 0.522, data_time: 0.015, memory: 6154, loss_rpn_cls: 0.0199, loss_rpn_bbox: 0.0042, loss_cls: 0.1283, acc: 94.8086, loss_bbox: 0.0931, loss: 0.2454, grad_norm: 1.4490
2026-05-11 17:03:25,893 - mmdet - INFO - Epoch [53][50/186]	lr: 1.855e-02, eta: 5:37:40, time: 0.591, data_time: 0.083, memory: 6154, loss_rpn_cls: 0.0211, loss_rpn_bbox: 0.0043, loss_cls: 0.1216, acc: 95.3857, loss_bbox: 0.0889, loss: 0.2359, grad_norm: 1.4198
2026-05-11 17:03:51,879 - mmdet - INFO - Epoch [53][100/186]	lr: 1.855e-02, eta: 5:37:37, time: 0.522, data_time: 0.015, memory: 6154, loss_rpn_cls: 0.0276, loss_rpn_bbox: 0.0039, loss_cls: 0.1249, acc: 95.1465, loss_bbox: 0.0914, loss: 0.2478, grad_norm: 1.4112
2026-05-11 17:04:17,839 - mmdet - INFO - Epoch [53][150/186]	lr: 1.855e-02, eta: 5:37:33, time: 0.517, data_time: 0.013, memory: 6154, loss_rpn_cls: 0.0289, loss_rpn_bbox: 0.0052, loss_cls: 0.1338, acc: 94.6729, loss_bbox: 0.1012, loss: 0.2691, grad_norm: 1.4351
2026-05-11 17:05:06,205 - mmdet - INFO - Epoch [54][50/186]	lr: 1.850e-02, eta: 5:36:17, time: 0.594, data_time: 0.083, memory: 6154, loss_rpn_cls: 0.0226, loss_rpn_bbox: 0.0047, loss_cls: 0.1212, acc: 95.2480, loss_bbox: 0.0804, loss: 0.2290, grad_norm: 1.4136
2026-05-11 17:05:32,138 - mmdet - INFO - Epoch [54][100/186]	lr: 1.850e-02, eta: 5:36:13, time: 0.517, data_time: 0.013, memory: 6154, loss_rpn_cls: 0.0326, loss_rpn_bbox: 0.0046, loss_cls: 0.1296, acc: 94.9648, loss_bbox: 0.0900, loss: 0.2568, grad_norm: 1.4707
2026-05-11 17:05:58,070 - mmdet - INFO - Epoch [54][150/186]	lr: 1.850e-02, eta: 5:36:10, time: 0.521, data_time: 0.015, memory: 6154, loss_rpn_cls: 0.0225, loss_rpn_bbox: 0.0050, loss_cls: 0.1203, acc: 95.3232, loss_bbox: 0.0917, loss: 0.2395, grad_norm: 1.4806
2026-05-11 17:06:46,792 - mmdet - INFO - Epoch [55][50/186]	lr: 1.844e-02, eta: 5:34:55, time: 0.595, data_time: 0.083, memory: 6154, loss_rpn_cls: 0.0259, loss_rpn_bbox: 0.0047, loss_cls: 0.1262, acc: 95.0889, loss_bbox: 0.0855, loss: 0.2424, grad_norm: 1.3686
2026-05-11 17:07:12,794 - mmdet - INFO - Epoch [55][100/186]	lr: 1.844e-02, eta: 5:34:51, time: 0.522, data_time: 0.015, memory: 6154, loss_rpn_cls: 0.0274, loss_rpn_bbox: 0.0046, loss_cls: 0.1220, acc: 95.1875, loss_bbox: 0.0965, loss: 0.2506, grad_norm: 1.3680
2026-05-11 17:07:38,713 - mmdet - INFO - Epoch [55][150/186]	lr: 1.844e-02, eta: 5:34:46, time: 0.516, data_time: 0.013, memory: 6154, loss_rpn_cls: 0.0259, loss_rpn_bbox: 0.0043, loss_cls: 0.1226, acc: 95.1660, loss_bbox: 0.0934, loss: 0.2462, grad_norm: 1.3915
2026-05-11 17:08:26,986 - mmdet - INFO - Epoch [56][50/186]	lr: 1.839e-02, eta: 5:33:32, time: 0.592, data_time: 0.083, memory: 6154, loss_rpn_cls: 0.0262, loss_rpn_bbox: 0.0045, loss_cls: 0.1296, acc: 94.9648, loss_bbox: 0.0967, loss: 0.2570, grad_norm: 1.5724
2026-05-11 17:08:52,968 - mmdet - INFO - Epoch [56][100/186]	lr: 1.839e-02, eta: 5:33:27, time: 0.518, data_time: 0.013, memory: 6154, loss_rpn_cls: 0.0233, loss_rpn_bbox: 0.0041, loss_cls: 0.1182, acc: 95.3740, loss_bbox: 0.0931, loss: 0.2387, grad_norm: 1.4775
2026-05-11 17:09:18,919 - mmdet - INFO - Epoch [56][150/186]	lr: 1.839e-02, eta: 5:33:23, time: 0.521, data_time: 0.015, memory: 6154, loss_rpn_cls: 0.0301, loss_rpn_bbox: 0.0049, loss_cls: 0.1202, acc: 95.2363, loss_bbox: 0.0882, loss: 0.2434, grad_norm: 1.4429
2026-05-11 17:10:07,370 - mmdet - INFO - Epoch [57][50/186]	lr: 1.833e-02, eta: 5:32:09, time: 0.591, data_time: 0.083, memory: 6154, loss_rpn_cls: 0.0250, loss_rpn_bbox: 0.0042, loss_cls: 0.1261, acc: 95.1963, loss_bbox: 0.0848, loss: 0.2401, grad_norm: 1.5512
2026-05-11 17:10:33,370 - mmdet - INFO - Epoch [57][100/186]	lr: 1.833e-02, eta: 5:32:05, time: 0.522, data_time: 0.015, memory: 6154, loss_rpn_cls: 0.0262, loss_rpn_bbox: 0.0040, loss_cls: 0.1238, acc: 95.1484, loss_bbox: 0.0906, loss: 0.2446, grad_norm: 1.4658
2026-05-11 17:10:59,193 - mmdet - INFO - Epoch [57][150/186]	lr: 1.833e-02, eta: 5:31:59, time: 0.515, data_time: 0.013, memory: 6154, loss_rpn_cls: 0.0239, loss_rpn_bbox: 0.0043, loss_cls: 0.1194, acc: 95.2441, loss_bbox: 0.0880, loss: 0.2356, grad_norm: 1.4404
2026-05-11 17:11:47,591 - mmdet - INFO - Epoch [58][50/186]	lr: 1.827e-02, eta: 5:30:46, time: 0.594, data_time: 0.083, memory: 6154, loss_rpn_cls: 0.0187, loss_rpn_bbox: 0.0041, loss_cls: 0.1222, acc: 95.2119, loss_bbox: 0.0841, loss: 0.2291, grad_norm: 1.4589
2026-05-11 17:12:13,626 - mmdet - INFO - Epoch [58][100/186]	lr: 1.827e-02, eta: 5:30:41, time: 0.519, data_time: 0.013, memory: 6154, loss_rpn_cls: 0.0256, loss_rpn_bbox: 0.0042, loss_cls: 0.1230, acc: 95.2803, loss_bbox: 0.0827, loss: 0.2356, grad_norm: 1.4242
2026-05-11 17:12:39,517 - mmdet - INFO - Epoch [58][150/186]	lr: 1.827e-02, eta: 5:30:36, time: 0.520, data_time: 0.015, memory: 6154, loss_rpn_cls: 0.0274, loss_rpn_bbox: 0.0040, loss_cls: 0.1179, acc: 95.4863, loss_bbox: 0.0796, loss: 0.2288, grad_norm: 1.4472
2026-05-11 17:13:27,987 - mmdet - INFO - Epoch [59][50/186]	lr: 1.821e-02, eta: 5:29:23, time: 0.591, data_time: 0.083, memory: 6154, loss_rpn_cls: 0.0249, loss_rpn_bbox: 0.0036, loss_cls: 0.1212, acc: 95.4424, loss_bbox: 0.0789, loss: 0.2287, grad_norm: 1.3994
2026-05-11 17:13:54,047 - mmdet - INFO - Epoch [59][100/186]	lr: 1.821e-02, eta: 5:29:18, time: 0.523, data_time: 0.015, memory: 6154, loss_rpn_cls: 0.0220, loss_rpn_bbox: 0.0042, loss_cls: 0.1269, acc: 95.0244, loss_bbox: 0.0883, loss: 0.2414, grad_norm: 1.4053
2026-05-11 17:14:19,938 - mmdet - INFO - Epoch [59][150/186]	lr: 1.821e-02, eta: 5:29:12, time: 0.516, data_time: 0.013, memory: 6154, loss_rpn_cls: 0.0186, loss_rpn_bbox: 0.0032, loss_cls: 0.0966, acc: 96.2100, loss_bbox: 0.0710, loss: 0.1894, grad_norm: 1.3240
2026-05-11 17:15:08,300 - mmdet - INFO - Epoch [60][50/186]	lr: 1.815e-02, eta: 5:28:01, time: 0.592, data_time: 0.083, memory: 6154, loss_rpn_cls: 0.0229, loss_rpn_bbox: 0.0038, loss_cls: 0.1228, acc: 95.2275, loss_bbox: 0.0854, loss: 0.2349, grad_norm: 1.4813
2026-05-11 17:15:34,220 - mmdet - INFO - Epoch [60][100/186]	lr: 1.815e-02, eta: 5:27:54, time: 0.516, data_time: 0.013, memory: 6154, loss_rpn_cls: 0.0281, loss_rpn_bbox: 0.0039, loss_cls: 0.1178, acc: 95.4678, loss_bbox: 0.0886, loss: 0.2384, grad_norm: 1.4437
2026-05-11 17:16:00,197 - mmdet - INFO - Epoch [60][150/186]	lr: 1.815e-02, eta: 5:27:48, time: 0.521, data_time: 0.015, memory: 6154, loss_rpn_cls: 0.0244, loss_rpn_bbox: 0.0034, loss_cls: 0.1097, acc: 95.8525, loss_bbox: 0.0802, loss: 0.2177, grad_norm: 1.3928
2026-05-11 17:16:18,993 - mmdet - INFO - Saving checkpoint at 60 epochs
2026-05-11 17:16:54,360 - mmdet - INFO - Evaluating bbox...
2026-05-11 17:16:57,088 - mmdet - INFO - 
 Average Precision  (AP) @[ IoU=0.50:0.95 | area=   all | maxDets=100 ] = 0.269
 Average Precision  (AP) @[ IoU=0.50      | area=   all | maxDets=1000 ] = 0.638
 Average Precision  (AP) @[ IoU=0.75      | area=   all | maxDets=1000 ] = 0.170
 Average Precision  (AP) @[ IoU=0.50:0.95 | area= small | maxDets=1000 ] = 0.002
 Average Precision  (AP) @[ IoU=0.50:0.95 | area=medium | maxDets=1000 ] = 0.221
 Average Precision  (AP) @[ IoU=0.50:0.95 | area= large | maxDets=1000 ] = 0.334
 Average Recall     (AR) @[ IoU=0.50:0.95 | area=   all | maxDets=100 ] = 0.401
 Average Recall     (AR) @[ IoU=0.50:0.95 | area=   all | maxDets=300 ] = 0.401
 Average Recall     (AR) @[ IoU=0.50:0.95 | area=   all | maxDets=1000 ] = 0.401
 Average Recall     (AR) @[ IoU=0.50:0.95 | area= small | maxDets=1000 ] = 0.067
 Average Recall     (AR) @[ IoU=0.50:0.95 | area=medium | maxDets=1000 ] = 0.359
 Average Recall     (AR) @[ IoU=0.50:0.95 | area= large | maxDets=1000 ] = 0.449

2026-05-11 17:16:57,215 - mmdet - INFO - The previous best checkpoint /home/ahmadreza/Downloads/Research/M2SODAI/baseline_official/runs_r50_hbb/r50_hbb_fold_3_20260511/best_bbox_mAP_epoch_40.pth was removed
2026-05-11 17:16:58,725 - mmdet - INFO - Now best checkpoint is saved as best_bbox_mAP_epoch_60.pth.
2026-05-11 17:16:58,725 - mmdet - INFO - Best bbox_mAP is 0.2690 at 60 epoch.
2026-05-11 17:16:58,726 - mmdet - INFO - Exp name: fold_3_r50_300e_hbb.py
2026-05-11 17:16:58,726 - mmdet - INFO - Epoch(val) [60][370]	bbox_mAP: 0.2690, bbox_mAP_50: 0.6380, bbox_mAP_75: 0.1700, bbox_mAP_s: 0.0020, bbox_mAP_m: 0.2210, bbox_mAP_l: 0.3340, bbox_mAP_copypaste: 0.269 0.638 0.170 0.002 0.221 0.334
2026-05-11 17:17:28,469 - mmdet - INFO - Epoch [61][50/186]	lr: 1.809e-02, eta: 5:26:38, time: 0.593, data_time: 0.083, memory: 6154, loss_rpn_cls: 0.0273, loss_rpn_bbox: 0.0046, loss_cls: 0.1235, acc: 95.2285, loss_bbox: 0.0865, loss: 0.2418, grad_norm: 1.4470
2026-05-11 17:17:54,324 - mmdet - INFO - Epoch [61][100/186]	lr: 1.809e-02, eta: 5:26:32, time: 0.519, data_time: 0.015, memory: 6154, loss_rpn_cls: 0.0299, loss_rpn_bbox: 0.0038, loss_cls: 0.1195, acc: 95.3877, loss_bbox: 0.0805, loss: 0.2337, grad_norm: 1.4290
2026-05-11 17:18:20,130 - mmdet - INFO - Epoch [61][150/186]	lr: 1.809e-02, eta: 5:26:24, time: 0.514, data_time: 0.013, memory: 6154, loss_rpn_cls: 0.0216, loss_rpn_bbox: 0.0042, loss_cls: 0.1100, acc: 95.7334, loss_bbox: 0.0820, loss: 0.2178, grad_norm: 1.3747
2026-05-11 17:19:08,366 - mmdet - INFO - Epoch [62][50/186]	lr: 1.803e-02, eta: 5:25:14, time: 0.592, data_time: 0.083, memory: 6154, loss_rpn_cls: 0.0279, loss_rpn_bbox: 0.0038, loss_cls: 0.1135, acc: 95.6602, loss_bbox: 0.0765, loss: 0.2217, grad_norm: 1.5685
2026-05-11 17:19:34,281 - mmdet - INFO - Epoch [62][100/186]	lr: 1.803e-02, eta: 5:25:07, time: 0.516, data_time: 0.013, memory: 6154, loss_rpn_cls: 0.0235, loss_rpn_bbox: 0.0035, loss_cls: 0.1137, acc: 95.6016, loss_bbox: 0.0812, loss: 0.2218, grad_norm: 1.4834
2026-05-11 17:20:00,256 - mmdet - INFO - Epoch [62][150/186]	lr: 1.803e-02, eta: 5:25:01, time: 0.521, data_time: 0.015, memory: 6154, loss_rpn_cls: 0.0266, loss_rpn_bbox: 0.0039, loss_cls: 0.1131, acc: 95.6240, loss_bbox: 0.0785, loss: 0.2222, grad_norm: 1.4160
2026-05-11 17:20:48,735 - mmdet - INFO - Epoch [63][50/186]	lr: 1.797e-02, eta: 5:23:51, time: 0.591, data_time: 0.083, memory: 6154, loss_rpn_cls: 0.0208, loss_rpn_bbox: 0.0034, loss_cls: 0.1095, acc: 95.7617, loss_bbox: 0.0758, loss: 0.2095, grad_norm: 1.3576
2026-05-11 17:21:14,621 - mmdet - INFO - Epoch [63][100/186]	lr: 1.797e-02, eta: 5:23:45, time: 0.520, data_time: 0.015, memory: 6154, loss_rpn_cls: 0.0215, loss_rpn_bbox: 0.0038, loss_cls: 0.1215, acc: 95.4033, loss_bbox: 0.0881, loss: 0.2349, grad_norm: 1.3586
2026-05-11 17:21:40,501 - mmdet - INFO - Epoch [63][150/186]	lr: 1.797e-02, eta: 5:23:37, time: 0.516, data_time: 0.013, memory: 6154, loss_rpn_cls: 0.0170, loss_rpn_bbox: 0.0036, loss_cls: 0.1034, acc: 95.9209, loss_bbox: 0.0763, loss: 0.2003, grad_norm: 1.2970
2026-05-11 17:22:28,917 - mmdet - INFO - Epoch [64][50/186]	lr: 1.790e-02, eta: 5:22:28, time: 0.593, data_time: 0.082, memory: 6154, loss_rpn_cls: 0.0256, loss_rpn_bbox: 0.0036, loss_cls: 0.1160, acc: 95.5508, loss_bbox: 0.0785, loss: 0.2237, grad_norm: 1.3453
2026-05-11 17:22:54,716 - mmdet - INFO - Epoch [64][100/186]	lr: 1.790e-02, eta: 5:22:20, time: 0.514, data_time: 0.013, memory: 6154, loss_rpn_cls: 0.0255, loss_rpn_bbox: 0.0039, loss_cls: 0.1060, acc: 95.8652, loss_bbox: 0.0774, loss: 0.2128, grad_norm: 1.3013
2026-05-11 17:23:20,575 - mmdet - INFO - Epoch [64][150/186]	lr: 1.790e-02, eta: 5:22:13, time: 0.519, data_time: 0.015, memory: 6154, loss_rpn_cls: 0.0314, loss_rpn_bbox: 0.0042, loss_cls: 0.1185, acc: 95.5547, loss_bbox: 0.0882, loss: 0.2423, grad_norm: 1.3731
2026-05-11 17:24:08,943 - mmdet - INFO - Epoch [65][50/186]	lr: 1.784e-02, eta: 5:21:05, time: 0.591, data_time: 0.082, memory: 6154, loss_rpn_cls: 0.0196, loss_rpn_bbox: 0.0035, loss_cls: 0.1142, acc: 95.4932, loss_bbox: 0.0770, loss: 0.2143, grad_norm: 1.2032
2026-05-11 17:24:34,878 - mmdet - INFO - Epoch [65][100/186]	lr: 1.784e-02, eta: 5:20:58, time: 0.521, data_time: 0.015, memory: 6154, loss_rpn_cls: 0.0222, loss_rpn_bbox: 0.0033, loss_cls: 0.1054, acc: 95.9619, loss_bbox: 0.0766, loss: 0.2075, grad_norm: 1.2310
2026-05-11 17:25:00,798 - mmdet - INFO - Epoch [65][150/186]	lr: 1.784e-02, eta: 5:20:49, time: 0.516, data_time: 0.013, memory: 6154, loss_rpn_cls: 0.0195, loss_rpn_bbox: 0.0036, loss_cls: 0.1098, acc: 95.7305, loss_bbox: 0.0839, loss: 0.2168, grad_norm: 1.2656
2026-05-11 17:25:49,224 - mmdet - INFO - Epoch [66][50/186]	lr: 1.777e-02, eta: 5:19:42, time: 0.593, data_time: 0.083, memory: 6154, loss_rpn_cls: 0.0197, loss_rpn_bbox: 0.0031, loss_cls: 0.0980, acc: 96.2812, loss_bbox: 0.0621, loss: 0.1830, grad_norm: 1.1502
2026-05-11 17:26:15,191 - mmdet - INFO - Epoch [66][100/186]	lr: 1.777e-02, eta: 5:19:34, time: 0.517, data_time: 0.013, memory: 6154, loss_rpn_cls: 0.0172, loss_rpn_bbox: 0.0034, loss_cls: 0.1009, acc: 96.1895, loss_bbox: 0.0712, loss: 0.1926, grad_norm: 1.1830
2026-05-11 17:26:41,027 - mmdet - INFO - Epoch [66][150/186]	lr: 1.777e-02, eta: 5:19:26, time: 0.519, data_time: 0.015, memory: 6154, loss_rpn_cls: 0.0246, loss_rpn_bbox: 0.0039, loss_cls: 0.1120, acc: 95.7490, loss_bbox: 0.0803, loss: 0.2207, grad_norm: 1.2214
2026-05-11 17:27:29,761 - mmdet - INFO - Epoch [67][50/186]	lr: 1.771e-02, eta: 5:18:20, time: 0.595, data_time: 0.083, memory: 6154, loss_rpn_cls: 0.0234, loss_rpn_bbox: 0.0035, loss_cls: 0.1031, acc: 96.0801, loss_bbox: 0.0672, loss: 0.1972, grad_norm: 1.1599
2026-05-11 17:27:55,705 - mmdet - INFO - Epoch [67][100/186]	lr: 1.771e-02, eta: 5:18:12, time: 0.521, data_time: 0.015, memory: 6154, loss_rpn_cls: 0.0192, loss_rpn_bbox: 0.0032, loss_cls: 0.0945, acc: 96.3594, loss_bbox: 0.0653, loss: 0.1823, grad_norm: 1.1563
2026-05-11 17:28:21,528 - mmdet - INFO - Epoch [67][150/186]	lr: 1.771e-02, eta: 5:18:03, time: 0.514, data_time: 0.013, memory: 6154, loss_rpn_cls: 0.0258, loss_rpn_bbox: 0.0046, loss_cls: 0.0941, acc: 96.3604, loss_bbox: 0.0684, loss: 0.1929, grad_norm: 1.1849
2026-05-11 17:29:10,018 - mmdet - INFO - Epoch [68][50/186]	lr: 1.764e-02, eta: 5:16:57, time: 0.595, data_time: 0.083, memory: 6154, loss_rpn_cls: 0.0289, loss_rpn_bbox: 0.0035, loss_cls: 0.1110, acc: 95.7773, loss_bbox: 0.0701, loss: 0.2135, grad_norm: 1.2913
2026-05-11 17:29:36,046 - mmdet - INFO - Epoch [68][100/186]	lr: 1.764e-02, eta: 5:16:49, time: 0.519, data_time: 0.013, memory: 6154, loss_rpn_cls: 0.0235, loss_rpn_bbox: 0.0040, loss_cls: 0.1186, acc: 95.3359, loss_bbox: 0.0796, loss: 0.2257, grad_norm: 1.2973
2026-05-11 17:30:02,029 - mmdet - INFO - Epoch [68][150/186]	lr: 1.764e-02, eta: 5:16:41, time: 0.522, data_time: 0.015, memory: 6154, loss_rpn_cls: 0.0293, loss_rpn_bbox: 0.0041, loss_cls: 0.1186, acc: 95.4072, loss_bbox: 0.0776, loss: 0.2296, grad_norm: 1.3471
2026-05-11 17:30:50,484 - mmdet - INFO - Epoch [69][50/186]	lr: 1.757e-02, eta: 5:15:35, time: 0.591, data_time: 0.083, memory: 6154, loss_rpn_cls: 0.0238, loss_rpn_bbox: 0.0032, loss_cls: 0.1010, acc: 96.1826, loss_bbox: 0.0663, loss: 0.1944, grad_norm: 1.2519
2026-05-11 17:31:16,381 - mmdet - INFO - Epoch [69][100/186]	lr: 1.757e-02, eta: 5:15:27, time: 0.520, data_time: 0.015, memory: 6154, loss_rpn_cls: 0.0195, loss_rpn_bbox: 0.0032, loss_cls: 0.1082, acc: 95.8633, loss_bbox: 0.0702, loss: 0.2011, grad_norm: 1.2945
2026-05-11 17:31:42,292 - mmdet - INFO - Epoch [69][150/186]	lr: 1.757e-02, eta: 5:15:18, time: 0.516, data_time: 0.013, memory: 6154, loss_rpn_cls: 0.0196, loss_rpn_bbox: 0.0034, loss_cls: 0.1066, acc: 95.9365, loss_bbox: 0.0753, loss: 0.2048, grad_norm: 1.2873
2026-05-11 17:32:30,708 - mmdet - INFO - Epoch [70][50/186]	lr: 1.750e-02, eta: 5:14:12, time: 0.593, data_time: 0.083, memory: 6154, loss_rpn_cls: 0.0269, loss_rpn_bbox: 0.0039, loss_cls: 0.1171, acc: 95.4766, loss_bbox: 0.0750, loss: 0.2229, grad_norm: 1.2382
2026-05-11 17:32:56,629 - mmdet - INFO - Epoch [70][100/186]	lr: 1.750e-02, eta: 5:14:03, time: 0.516, data_time: 0.013, memory: 6154, loss_rpn_cls: 0.0168, loss_rpn_bbox: 0.0032, loss_cls: 0.1068, acc: 95.7598, loss_bbox: 0.0684, loss: 0.1952, grad_norm: 1.2310
2026-05-11 17:33:22,577 - mmdet - INFO - Epoch [70][150/186]	lr: 1.750e-02, eta: 5:13:55, time: 0.521, data_time: 0.015, memory: 6154, loss_rpn_cls: 0.0223, loss_rpn_bbox: 0.0040, loss_cls: 0.0976, acc: 96.3408, loss_bbox: 0.0713, loss: 0.1951, grad_norm: 1.2129
2026-05-11 17:33:41,356 - mmdet - INFO - Saving checkpoint at 70 epochs
2026-05-11 17:34:16,983 - mmdet - INFO - Evaluating bbox...
2026-05-11 17:34:19,634 - mmdet - INFO - 
 Average Precision  (AP) @[ IoU=0.50:0.95 | area=   all | maxDets=100 ] = 0.276
 Average Precision  (AP) @[ IoU=0.50      | area=   all | maxDets=1000 ] = 0.630
 Average Precision  (AP) @[ IoU=0.75      | area=   all | maxDets=1000 ] = 0.198
 Average Precision  (AP) @[ IoU=0.50:0.95 | area= small | maxDets=1000 ] = 0.000
 Average Precision  (AP) @[ IoU=0.50:0.95 | area=medium | maxDets=1000 ] = 0.209
 Average Precision  (AP) @[ IoU=0.50:0.95 | area= large | maxDets=1000 ] = 0.357
 Average Recall     (AR) @[ IoU=0.50:0.95 | area=   all | maxDets=100 ] = 0.410
 Average Recall     (AR) @[ IoU=0.50:0.95 | area=   all | maxDets=300 ] = 0.410
 Average Recall     (AR) @[ IoU=0.50:0.95 | area=   all | maxDets=1000 ] = 0.410
 Average Recall     (AR) @[ IoU=0.50:0.95 | area= small | maxDets=1000 ] = 0.027
 Average Recall     (AR) @[ IoU=0.50:0.95 | area=medium | maxDets=1000 ] = 0.356
 Average Recall     (AR) @[ IoU=0.50:0.95 | area= large | maxDets=1000 ] = 0.469

2026-05-11 17:34:19,761 - mmdet - INFO - The previous best checkpoint /home/ahmadreza/Downloads/Research/M2SODAI/baseline_official/runs_r50_hbb/r50_hbb_fold_3_20260511/best_bbox_mAP_epoch_60.pth was removed
2026-05-11 17:34:21,283 - mmdet - INFO - Now best checkpoint is saved as best_bbox_mAP_epoch_70.pth.
2026-05-11 17:34:21,283 - mmdet - INFO - Best bbox_mAP is 0.2760 at 70 epoch.
2026-05-11 17:34:21,283 - mmdet - INFO - Exp name: fold_3_r50_300e_hbb.py
2026-05-11 17:34:21,283 - mmdet - INFO - Epoch(val) [70][370]	bbox_mAP: 0.2760, bbox_mAP_50: 0.6300, bbox_mAP_75: 0.1980, bbox_mAP_s: 0.0000, bbox_mAP_m: 0.2090, bbox_mAP_l: 0.3570, bbox_mAP_copypaste: 0.276 0.630 0.198 0.000 0.209 0.357
2026-05-11 17:34:50,835 - mmdet - INFO - Epoch [71][50/186]	lr: 1.743e-02, eta: 5:12:49, time: 0.589, data_time: 0.083, memory: 6154, loss_rpn_cls: 0.0221, loss_rpn_bbox: 0.0041, loss_cls: 0.1018, acc: 96.1172, loss_bbox: 0.0695, loss: 0.1974, grad_norm: 1.1337
2026-05-11 17:35:16,721 - mmdet - INFO - Epoch [71][100/186]	lr: 1.743e-02, eta: 5:12:41, time: 0.520, data_time: 0.015, memory: 6154, loss_rpn_cls: 0.0213, loss_rpn_bbox: 0.0034, loss_cls: 0.1078, acc: 95.9932, loss_bbox: 0.0725, loss: 0.2051, grad_norm: 1.1897
2026-05-11 17:35:42,477 - mmdet - INFO - Epoch [71][150/186]	lr: 1.743e-02, eta: 5:12:30, time: 0.513, data_time: 0.013, memory: 6154, loss_rpn_cls: 0.0205, loss_rpn_bbox: 0.0033, loss_cls: 0.0995, acc: 96.2471, loss_bbox: 0.0688, loss: 0.1921, grad_norm: 1.1941
2026-05-11 17:36:30,872 - mmdet - INFO - Epoch [72][50/186]	lr: 1.736e-02, eta: 5:11:27, time: 0.594, data_time: 0.083, memory: 6154, loss_rpn_cls: 0.0257, loss_rpn_bbox: 0.0036, loss_cls: 0.1091, acc: 95.9463, loss_bbox: 0.0733, loss: 0.2118, grad_norm: 1.3480
2026-05-11 17:36:56,704 - mmdet - INFO - Epoch [72][100/186]	lr: 1.736e-02, eta: 5:11:17, time: 0.515, data_time: 0.013, memory: 6154, loss_rpn_cls: 0.0278, loss_rpn_bbox: 0.0034, loss_cls: 0.1028, acc: 96.1250, loss_bbox: 0.0709, loss: 0.2049, grad_norm: 1.3130
2026-05-11 17:37:22,568 - mmdet - INFO - Epoch [72][150/186]	lr: 1.736e-02, eta: 5:11:07, time: 0.519, data_time: 0.015, memory: 6154, loss_rpn_cls: 0.0258, loss_rpn_bbox: 0.0040, loss_cls: 0.1029, acc: 96.1357, loss_bbox: 0.0752, loss: 0.2079, grad_norm: 1.2906
2026-05-11 17:38:11,004 - mmdet - INFO - Epoch [73][50/186]	lr: 1.729e-02, eta: 5:10:04, time: 0.592, data_time: 0.084, memory: 6154, loss_rpn_cls: 0.0243, loss_rpn_bbox: 0.0034, loss_cls: 0.1054, acc: 96.0723, loss_bbox: 0.0665, loss: 0.1996, grad_norm: 1.3158
2026-05-11 17:38:37,132 - mmdet - INFO - Epoch [73][100/186]	lr: 1.729e-02, eta: 5:09:55, time: 0.524, data_time: 0.015, memory: 6154, loss_rpn_cls: 0.0248, loss_rpn_bbox: 0.0037, loss_cls: 0.1022, acc: 96.1230, loss_bbox: 0.0712, loss: 0.2019, grad_norm: 1.2641
2026-05-11 17:39:03,107 - mmdet - INFO - Epoch [73][150/186]	lr: 1.729e-02, eta: 5:09:45, time: 0.518, data_time: 0.013, memory: 6154, loss_rpn_cls: 0.0144, loss_rpn_bbox: 0.0032, loss_cls: 0.0984, acc: 96.1445, loss_bbox: 0.0700, loss: 0.1861, grad_norm: 1.2125
2026-05-11 17:39:51,497 - mmdet - INFO - Epoch [74][50/186]	lr: 1.722e-02, eta: 5:08:42, time: 0.593, data_time: 0.083, memory: 6154, loss_rpn_cls: 0.0266, loss_rpn_bbox: 0.0034, loss_cls: 0.1177, acc: 95.6641, loss_bbox: 0.0696, loss: 0.2173, grad_norm: 1.4250
2026-05-11 17:40:17,413 - mmdet - INFO - Epoch [74][100/186]	lr: 1.722e-02, eta: 5:08:32, time: 0.516, data_time: 0.013, memory: 6154, loss_rpn_cls: 0.0224, loss_rpn_bbox: 0.0036, loss_cls: 0.1152, acc: 95.6016, loss_bbox: 0.0813, loss: 0.2225, grad_norm: 1.4225
2026-05-11 17:40:43,387 - mmdet - INFO - Epoch [74][150/186]	lr: 1.722e-02, eta: 5:08:23, time: 0.521, data_time: 0.015, memory: 6154, loss_rpn_cls: 0.0190, loss_rpn_bbox: 0.0035, loss_cls: 0.0988, acc: 96.1934, loss_bbox: 0.0682, loss: 0.1896, grad_norm: 1.3545
2026-05-11 17:41:31,888 - mmdet - INFO - Epoch [75][50/186]	lr: 1.714e-02, eta: 5:07:19, time: 0.590, data_time: 0.084, memory: 6154, loss_rpn_cls: 0.0219, loss_rpn_bbox: 0.0036, loss_cls: 0.1009, acc: 96.1611, loss_bbox: 0.0641, loss: 0.1906, grad_norm: 1.2520
2026-05-11 17:41:57,729 - mmdet - INFO - Epoch [75][100/186]	lr: 1.714e-02, eta: 5:07:10, time: 0.519, data_time: 0.015, memory: 6154, loss_rpn_cls: 0.0233, loss_rpn_bbox: 0.0032, loss_cls: 0.0984, acc: 96.2471, loss_bbox: 0.0662, loss: 0.1912, grad_norm: 1.2055
2026-05-11 17:42:23,619 - mmdet - INFO - Epoch [75][150/186]	lr: 1.714e-02, eta: 5:06:59, time: 0.516, data_time: 0.013, memory: 6154, loss_rpn_cls: 0.0233, loss_rpn_bbox: 0.0037, loss_cls: 0.1035, acc: 96.1201, loss_bbox: 0.0699, loss: 0.2004, grad_norm: 1.2395
2026-05-11 17:43:12,192 - mmdet - INFO - Exp name: fold_3_r50_300e_hbb.py
2026-05-11 17:43:12,192 - mmdet - INFO - Epoch [76][50/186]	lr: 1.707e-02, eta: 5:05:57, time: 0.595, data_time: 0.083, memory: 6154, loss_rpn_cls: 0.0207, loss_rpn_bbox: 0.0032, loss_cls: 0.1071, acc: 95.9150, loss_bbox: 0.0694, loss: 0.2004, grad_norm: 1.2775
2026-05-11 17:43:38,102 - mmdet - INFO - Epoch [76][100/186]	lr: 1.707e-02, eta: 5:05:47, time: 0.516, data_time: 0.013, memory: 6154, loss_rpn_cls: 0.0250, loss_rpn_bbox: 0.0035, loss_cls: 0.0993, acc: 96.2588, loss_bbox: 0.0675, loss: 0.1952, grad_norm: 1.2405
2026-05-11 17:44:04,002 - mmdet - INFO - Epoch [76][150/186]	lr: 1.707e-02, eta: 5:05:37, time: 0.520, data_time: 0.015, memory: 6154, loss_rpn_cls: 0.0248, loss_rpn_bbox: 0.0036, loss_cls: 0.0998, acc: 96.2559, loss_bbox: 0.0704, loss: 0.1987, grad_norm: 1.2264
2026-05-11 17:44:52,439 - mmdet - INFO - Epoch [77][50/186]	lr: 1.700e-02, eta: 5:04:35, time: 0.591, data_time: 0.083, memory: 6154, loss_rpn_cls: 0.0134, loss_rpn_bbox: 0.0026, loss_cls: 0.0878, acc: 96.6465, loss_bbox: 0.0566, loss: 0.1603, grad_norm: 1.1273
2026-05-11 17:45:18,349 - mmdet - INFO - Epoch [77][100/186]	lr: 1.700e-02, eta: 5:04:24, time: 0.520, data_time: 0.015, memory: 6154, loss_rpn_cls: 0.0281, loss_rpn_bbox: 0.0033, loss_cls: 0.0986, acc: 96.2773, loss_bbox: 0.0681, loss: 0.1980, grad_norm: 1.1854
2026-05-11 17:45:44,269 - mmdet - INFO - Epoch [77][150/186]	lr: 1.700e-02, eta: 5:04:14, time: 0.516, data_time: 0.013, memory: 6154, loss_rpn_cls: 0.0214, loss_rpn_bbox: 0.0040, loss_cls: 0.1059, acc: 96.0156, loss_bbox: 0.0758, loss: 0.2071, grad_norm: 1.2395
2026-05-11 17:46:32,956 - mmdet - INFO - Epoch [78][50/186]	lr: 1.692e-02, eta: 5:03:13, time: 0.599, data_time: 0.084, memory: 6154, loss_rpn_cls: 0.0189, loss_rpn_bbox: 0.0033, loss_cls: 0.1105, acc: 95.8369, loss_bbox: 0.0733, loss: 0.2061, grad_norm: 1.2875
2026-05-11 17:46:59,117 - mmdet - INFO - Epoch [78][100/186]	lr: 1.692e-02, eta: 5:03:03, time: 0.521, data_time: 0.013, memory: 6154, loss_rpn_cls: 0.0212, loss_rpn_bbox: 0.0032, loss_cls: 0.1027, acc: 96.0957, loss_bbox: 0.0700, loss: 0.1972, grad_norm: 1.2377
2026-05-11 17:47:25,113 - mmdet - INFO - Epoch [78][150/186]	lr: 1.692e-02, eta: 5:02:53, time: 0.522, data_time: 0.015, memory: 6154, loss_rpn_cls: 0.0205, loss_rpn_bbox: 0.0035, loss_cls: 0.1003, acc: 96.2490, loss_bbox: 0.0728, loss: 0.1971, grad_norm: 1.2609
2026-05-11 17:48:13,668 - mmdet - INFO - Epoch [79][50/186]	lr: 1.685e-02, eta: 5:01:52, time: 0.592, data_time: 0.083, memory: 6154, loss_rpn_cls: 0.0311, loss_rpn_bbox: 0.0035, loss_cls: 0.1032, acc: 96.0975, loss_bbox: 0.0691, loss: 0.2068, grad_norm: 1.3139
2026-05-11 17:48:39,637 - mmdet - INFO - Epoch [79][100/186]	lr: 1.685e-02, eta: 5:01:41, time: 0.521, data_time: 0.015, memory: 6154, loss_rpn_cls: 0.0278, loss_rpn_bbox: 0.0041, loss_cls: 0.1022, acc: 96.2510, loss_bbox: 0.0705, loss: 0.2047, grad_norm: 1.3301
2026-05-11 17:49:05,623 - mmdet - INFO - Epoch [79][150/186]	lr: 1.685e-02, eta: 5:01:30, time: 0.518, data_time: 0.013, memory: 6154, loss_rpn_cls: 0.0199, loss_rpn_bbox: 0.0041, loss_cls: 0.1107, acc: 95.7715, loss_bbox: 0.0821, loss: 0.2168, grad_norm: 1.3496
2026-05-11 17:49:55,543 - mmdet - INFO - Epoch [80][50/186]	lr: 1.677e-02, eta: 5:00:34, time: 0.623, data_time: 0.085, memory: 6154, loss_rpn_cls: 0.0213, loss_rpn_bbox: 0.0032, loss_cls: 0.0999, acc: 96.2627, loss_bbox: 0.0669, loss: 0.1913, grad_norm: 1.2751
2026-05-11 17:50:22,414 - mmdet - INFO - Epoch [80][100/186]	lr: 1.677e-02, eta: 5:00:25, time: 0.535, data_time: 0.014, memory: 6154, loss_rpn_cls: 0.0219, loss_rpn_bbox: 0.0034, loss_cls: 0.0983, acc: 96.2158, loss_bbox: 0.0736, loss: 0.1972, grad_norm: 1.3078
2026-05-11 17:50:48,390 - mmdet - INFO - Epoch [80][150/186]	lr: 1.677e-02, eta: 5:00:15, time: 0.521, data_time: 0.015, memory: 6154, loss_rpn_cls: 0.0183, loss_rpn_bbox: 0.0036, loss_cls: 0.0997, acc: 96.1465, loss_bbox: 0.0771, loss: 0.1987, grad_norm: 1.3431
2026-05-11 17:51:07,313 - mmdet - INFO - Saving checkpoint at 80 epochs
2026-05-11 17:51:42,805 - mmdet - INFO - Evaluating bbox...
2026-05-11 17:51:45,560 - mmdet - INFO - 
 Average Precision  (AP) @[ IoU=0.50:0.95 | area=   all | maxDets=100 ] = 0.264
 Average Precision  (AP) @[ IoU=0.50      | area=   all | maxDets=1000 ] = 0.643
 Average Precision  (AP) @[ IoU=0.75      | area=   all | maxDets=1000 ] = 0.148
 Average Precision  (AP) @[ IoU=0.50:0.95 | area= small | maxDets=1000 ] = 0.000
 Average Precision  (AP) @[ IoU=0.50:0.95 | area=medium | maxDets=1000 ] = 0.208
 Average Precision  (AP) @[ IoU=0.50:0.95 | area= large | maxDets=1000 ] = 0.331
 Average Recall     (AR) @[ IoU=0.50:0.95 | area=   all | maxDets=100 ] = 0.390
 Average Recall     (AR) @[ IoU=0.50:0.95 | area=   all | maxDets=300 ] = 0.390
 Average Recall     (AR) @[ IoU=0.50:0.95 | area=   all | maxDets=1000 ] = 0.390
 Average Recall     (AR) @[ IoU=0.50:0.95 | area= small | maxDets=1000 ] = 0.020
 Average Recall     (AR) @[ IoU=0.50:0.95 | area=medium | maxDets=1000 ] = 0.348
 Average Recall     (AR) @[ IoU=0.50:0.95 | area= large | maxDets=1000 ] = 0.437

2026-05-11 17:51:45,566 - mmdet - INFO - Exp name: fold_3_r50_300e_hbb.py
2026-05-11 17:51:45,567 - mmdet - INFO - Epoch(val) [80][370]	bbox_mAP: 0.2640, bbox_mAP_50: 0.6430, bbox_mAP_75: 0.1480, bbox_mAP_s: 0.0000, bbox_mAP_m: 0.2080, bbox_mAP_l: 0.3310, bbox_mAP_copypaste: 0.264 0.643 0.148 0.000 0.208 0.331
2026-05-11 17:52:15,206 - mmdet - INFO - Epoch [81][50/186]	lr: 1.669e-02, eta: 4:59:14, time: 0.591, data_time: 0.084, memory: 6154, loss_rpn_cls: 0.0208, loss_rpn_bbox: 0.0034, loss_cls: 0.0980, acc: 96.1807, loss_bbox: 0.0726, loss: 0.1947, grad_norm: 1.2845
2026-05-11 17:52:41,165 - mmdet - INFO - Epoch [81][100/186]	lr: 1.669e-02, eta: 4:59:03, time: 0.521, data_time: 0.015, memory: 6154, loss_rpn_cls: 0.0206, loss_rpn_bbox: 0.0038, loss_cls: 0.1158, acc: 95.5469, loss_bbox: 0.0870, loss: 0.2273, grad_norm: 1.3235
2026-05-11 17:53:07,102 - mmdet - INFO - Epoch [81][150/186]	lr: 1.669e-02, eta: 4:58:52, time: 0.517, data_time: 0.013, memory: 6154, loss_rpn_cls: 0.0213, loss_rpn_bbox: 0.0038, loss_cls: 0.0991, acc: 96.2373, loss_bbox: 0.0746, loss: 0.1988, grad_norm: 1.3032
2026-05-11 17:53:55,553 - mmdet - INFO - Epoch [82][50/186]	lr: 1.661e-02, eta: 4:57:52, time: 0.594, data_time: 0.084, memory: 6154, loss_rpn_cls: 0.0341, loss_rpn_bbox: 0.0039, loss_cls: 0.1054, acc: 96.0146, loss_bbox: 0.0714, loss: 0.2147, grad_norm: 1.5081
2026-05-11 17:54:21,499 - mmdet - INFO - Epoch [82][100/186]	lr: 1.661e-02, eta: 4:57:41, time: 0.517, data_time: 0.013, memory: 6154, loss_rpn_cls: 0.0191, loss_rpn_bbox: 0.0035, loss_cls: 0.1001, acc: 96.2119, loss_bbox: 0.0700, loss: 0.1927, grad_norm: 1.3718
2026-05-11 17:54:47,390 - mmdet - INFO - Epoch [82][150/186]	lr: 1.661e-02, eta: 4:57:29, time: 0.520, data_time: 0.015, memory: 6154, loss_rpn_cls: 0.0182, loss_rpn_bbox: 0.0034, loss_cls: 0.0954, acc: 96.3359, loss_bbox: 0.0660, loss: 0.1830, grad_norm: 1.3385
2026-05-11 17:55:35,959 - mmdet - INFO - Epoch [83][50/186]	lr: 1.653e-02, eta: 4:56:30, time: 0.592, data_time: 0.084, memory: 6154, loss_rpn_cls: 0.0209, loss_rpn_bbox: 0.0036, loss_cls: 0.1073, acc: 95.9199, loss_bbox: 0.0713, loss: 0.2031, grad_norm: 1.3235
2026-05-11 17:56:01,880 - mmdet - INFO - Epoch [83][100/186]	lr: 1.653e-02, eta: 4:56:18, time: 0.520, data_time: 0.015, memory: 6154, loss_rpn_cls: 0.0172, loss_rpn_bbox: 0.0029, loss_cls: 0.0979, acc: 96.2861, loss_bbox: 0.0672, loss: 0.1851, grad_norm: 1.2872
2026-05-11 17:56:27,740 - mmdet - INFO - Epoch [83][150/186]	lr: 1.653e-02, eta: 4:56:06, time: 0.515, data_time: 0.013, memory: 6154, loss_rpn_cls: 0.0206, loss_rpn_bbox: 0.0037, loss_cls: 0.0991, acc: 96.1855, loss_bbox: 0.0680, loss: 0.1914, grad_norm: 1.2401
2026-05-11 17:57:16,293 - mmdet - INFO - Epoch [84][50/186]	lr: 1.645e-02, eta: 4:55:08, time: 0.595, data_time: 0.084, memory: 6154, loss_rpn_cls: 0.0167, loss_rpn_bbox: 0.0031, loss_cls: 0.0937, acc: 96.3320, loss_bbox: 0.0604, loss: 0.1740, grad_norm: 1.2030
2026-05-11 17:57:42,336 - mmdet - INFO - Epoch [84][100/186]	lr: 1.645e-02, eta: 4:54:56, time: 0.519, data_time: 0.013, memory: 6154, loss_rpn_cls: 0.0173, loss_rpn_bbox: 0.0034, loss_cls: 0.0987, acc: 96.1992, loss_bbox: 0.0722, loss: 0.1917, grad_norm: 1.2021
2026-05-11 17:58:08,482 - mmdet - INFO - Epoch [84][150/186]	lr: 1.645e-02, eta: 4:54:45, time: 0.525, data_time: 0.015, memory: 6154, loss_rpn_cls: 0.0165, loss_rpn_bbox: 0.0036, loss_cls: 0.0968, acc: 96.2588, loss_bbox: 0.0704, loss: 0.1873, grad_norm: 1.1923
2026-05-11 17:58:57,009 - mmdet - INFO - Epoch [85][50/186]	lr: 1.637e-02, eta: 4:53:46, time: 0.591, data_time: 0.084, memory: 6154, loss_rpn_cls: 0.0181, loss_rpn_bbox: 0.0033, loss_cls: 0.0999, acc: 96.2461, loss_bbox: 0.0658, loss: 0.1871, grad_norm: 1.3417
2026-05-11 17:59:22,934 - mmdet - INFO - Epoch [85][100/186]	lr: 1.637e-02, eta: 4:53:34, time: 0.520, data_time: 0.015, memory: 6154, loss_rpn_cls: 0.0215, loss_rpn_bbox: 0.0038, loss_cls: 0.1030, acc: 96.0957, loss_bbox: 0.0745, loss: 0.2028, grad_norm: 1.3361
2026-05-11 17:59:48,816 - mmdet - INFO - Epoch [85][150/186]	lr: 1.637e-02, eta: 4:53:22, time: 0.516, data_time: 0.013, memory: 6154, loss_rpn_cls: 0.0227, loss_rpn_bbox: 0.0034, loss_cls: 0.0937, acc: 96.5674, loss_bbox: 0.0645, loss: 0.1843, grad_norm: 1.3278
2026-05-11 18:00:37,333 - mmdet - INFO - Epoch [86][50/186]	lr: 1.629e-02, eta: 4:52:24, time: 0.595, data_time: 0.084, memory: 6154, loss_rpn_cls: 0.0241, loss_rpn_bbox: 0.0031, loss_cls: 0.1005, acc: 96.2002, loss_bbox: 0.0607, loss: 0.1884, grad_norm: 1.2478
2026-05-11 18:01:03,343 - mmdet - INFO - Epoch [86][100/186]	lr: 1.629e-02, eta: 4:52:12, time: 0.518, data_time: 0.013, memory: 6154, loss_rpn_cls: 0.0277, loss_rpn_bbox: 0.0036, loss_cls: 0.0964, acc: 96.3066, loss_bbox: 0.0634, loss: 0.1911, grad_norm: 1.2766
2026-05-11 18:01:29,314 - mmdet - INFO - Epoch [86][150/186]	lr: 1.629e-02, eta: 4:52:00, time: 0.521, data_time: 0.015, memory: 6154, loss_rpn_cls: 0.0213, loss_rpn_bbox: 0.0033, loss_cls: 0.0912, acc: 96.4629, loss_bbox: 0.0657, loss: 0.1816, grad_norm: 1.2601
2026-05-11 18:02:18,007 - mmdet - INFO - Epoch [87][50/186]	lr: 1.621e-02, eta: 4:51:02, time: 0.596, data_time: 0.084, memory: 6154, loss_rpn_cls: 0.0241, loss_rpn_bbox: 0.0035, loss_cls: 0.1071, acc: 96.0283, loss_bbox: 0.0727, loss: 0.2074, grad_norm: 1.3481
2026-05-11 18:02:43,981 - mmdet - INFO - Epoch [87][100/186]	lr: 1.621e-02, eta: 4:50:50, time: 0.521, data_time: 0.015, memory: 6154, loss_rpn_cls: 0.0200, loss_rpn_bbox: 0.0032, loss_cls: 0.0984, acc: 96.3262, loss_bbox: 0.0703, loss: 0.1918, grad_norm: 1.2719
2026-05-11 18:03:09,793 - mmdet - INFO - Epoch [87][150/186]	lr: 1.621e-02, eta: 4:50:38, time: 0.514, data_time: 0.013, memory: 6154, loss_rpn_cls: 0.0136, loss_rpn_bbox: 0.0030, loss_cls: 0.0879, acc: 96.6807, loss_bbox: 0.0645, loss: 0.1690, grad_norm: 1.2604
2026-05-11 18:03:58,275 - mmdet - INFO - Epoch [88][50/186]	lr: 1.613e-02, eta: 4:49:40, time: 0.594, data_time: 0.083, memory: 6154, loss_rpn_cls: 0.0130, loss_rpn_bbox: 0.0026, loss_cls: 0.0907, acc: 96.5977, loss_bbox: 0.0612, loss: 0.1675, grad_norm: 1.1239
2026-05-11 18:04:24,221 - mmdet - INFO - Epoch [88][100/186]	lr: 1.613e-02, eta: 4:49:28, time: 0.517, data_time: 0.013, memory: 6154, loss_rpn_cls: 0.0258, loss_rpn_bbox: 0.0033, loss_cls: 0.1006, acc: 96.1641, loss_bbox: 0.0697, loss: 0.1993, grad_norm: 1.2072
2026-05-11 18:04:50,232 - mmdet - INFO - Epoch [88][150/186]	lr: 1.613e-02, eta: 4:49:16, time: 0.522, data_time: 0.015, memory: 6154, loss_rpn_cls: 0.0163, loss_rpn_bbox: 0.0028, loss_cls: 0.0887, acc: 96.6465, loss_bbox: 0.0615, loss: 0.1694, grad_norm: 1.1704
2026-05-11 18:05:38,926 - mmdet - INFO - Epoch [89][50/186]	lr: 1.605e-02, eta: 4:48:18, time: 0.594, data_time: 0.083, memory: 6154, loss_rpn_cls: 0.0185, loss_rpn_bbox: 0.0034, loss_cls: 0.0997, acc: 96.1875, loss_bbox: 0.0644, loss: 0.1858, grad_norm: 1.1938
2026-05-11 18:06:04,886 - mmdet - INFO - Epoch [89][100/186]	lr: 1.605e-02, eta: 4:48:06, time: 0.521, data_time: 0.015, memory: 6154, loss_rpn_cls: 0.0184, loss_rpn_bbox: 0.0028, loss_cls: 0.0972, acc: 96.3369, loss_bbox: 0.0675, loss: 0.1859, grad_norm: 1.2385
2026-05-11 18:06:30,823 - mmdet - INFO - Epoch [89][150/186]	lr: 1.605e-02, eta: 4:47:53, time: 0.517, data_time: 0.013, memory: 6154, loss_rpn_cls: 0.0176, loss_rpn_bbox: 0.0031, loss_cls: 0.0951, acc: 96.4395, loss_bbox: 0.0696, loss: 0.1855, grad_norm: 1.2270
2026-05-11 18:07:20,612 - mmdet - INFO - Epoch [90][50/186]	lr: 1.596e-02, eta: 4:46:59, time: 0.620, data_time: 0.086, memory: 6154, loss_rpn_cls: 0.0175, loss_rpn_bbox: 0.0030, loss_cls: 0.0909, acc: 96.5254, loss_bbox: 0.0614, loss: 0.1728, grad_norm: 1.2306
2026-05-11 18:07:46,874 - mmdet - INFO - Epoch [90][100/186]	lr: 1.596e-02, eta: 4:46:47, time: 0.523, data_time: 0.013, memory: 6154, loss_rpn_cls: 0.0242, loss_rpn_bbox: 0.0035, loss_cls: 0.0983, acc: 96.4404, loss_bbox: 0.0719, loss: 0.1979, grad_norm: 1.2984
2026-05-11 18:08:12,990 - mmdet - INFO - Epoch [90][150/186]	lr: 1.596e-02, eta: 4:46:35, time: 0.524, data_time: 0.015, memory: 6154, loss_rpn_cls: 0.0209, loss_rpn_bbox: 0.0033, loss_cls: 0.0944, acc: 96.4014, loss_bbox: 0.0677, loss: 0.1863, grad_norm: 1.2586
2026-05-11 18:08:31,881 - mmdet - INFO - Saving checkpoint at 90 epochs
2026-05-11 18:09:07,444 - mmdet - INFO - Evaluating bbox...
2026-05-11 18:09:09,946 - mmdet - INFO - 
 Average Precision  (AP) @[ IoU=0.50:0.95 | area=   all | maxDets=100 ] = 0.249
 Average Precision  (AP) @[ IoU=0.50      | area=   all | maxDets=1000 ] = 0.641
 Average Precision  (AP) @[ IoU=0.75      | area=   all | maxDets=1000 ] = 0.117
 Average Precision  (AP) @[ IoU=0.50:0.95 | area= small | maxDets=1000 ] = 0.001
 Average Precision  (AP) @[ IoU=0.50:0.95 | area=medium | maxDets=1000 ] = 0.197
 Average Precision  (AP) @[ IoU=0.50:0.95 | area= large | maxDets=1000 ] = 0.309
 Average Recall     (AR) @[ IoU=0.50:0.95 | area=   all | maxDets=100 ] = 0.370
 Average Recall     (AR) @[ IoU=0.50:0.95 | area=   all | maxDets=300 ] = 0.370
 Average Recall     (AR) @[ IoU=0.50:0.95 | area=   all | maxDets=1000 ] = 0.370
 Average Recall     (AR) @[ IoU=0.50:0.95 | area= small | maxDets=1000 ] = 0.053
 Average Recall     (AR) @[ IoU=0.50:0.95 | area=medium | maxDets=1000 ] = 0.326
 Average Recall     (AR) @[ IoU=0.50:0.95 | area= large | maxDets=1000 ] = 0.419

2026-05-11 18:09:09,952 - mmdet - INFO - Exp name: fold_3_r50_300e_hbb.py
2026-05-11 18:09:09,952 - mmdet - INFO - Epoch(val) [90][370]	bbox_mAP: 0.2490, bbox_mAP_50: 0.6410, bbox_mAP_75: 0.1170, bbox_mAP_s: 0.0010, bbox_mAP_m: 0.1970, bbox_mAP_l: 0.3090, bbox_mAP_copypaste: 0.249 0.641 0.117 0.001 0.197 0.309
2026-05-11 18:09:39,787 - mmdet - INFO - Epoch [91][50/186]	lr: 1.588e-02, eta: 4:45:38, time: 0.595, data_time: 0.084, memory: 6154, loss_rpn_cls: 0.0188, loss_rpn_bbox: 0.0033, loss_cls: 0.0920, acc: 96.5381, loss_bbox: 0.0635, loss: 0.1776, grad_norm: 1.2709
2026-05-11 18:10:05,767 - mmdet - INFO - Epoch [91][100/186]	lr: 1.588e-02, eta: 4:45:26, time: 0.522, data_time: 0.015, memory: 6154, loss_rpn_cls: 0.0186, loss_rpn_bbox: 0.0037, loss_cls: 0.0957, acc: 96.3535, loss_bbox: 0.0683, loss: 0.1863, grad_norm: 1.2682
2026-05-11 18:10:31,765 - mmdet - INFO - Epoch [91][150/186]	lr: 1.588e-02, eta: 4:45:13, time: 0.518, data_time: 0.013, memory: 6154, loss_rpn_cls: 0.0185, loss_rpn_bbox: 0.0034, loss_cls: 0.0951, acc: 96.3848, loss_bbox: 0.0657, loss: 0.1826, grad_norm: 1.2494
2026-05-11 18:11:20,341 - mmdet - INFO - Epoch [92][50/186]	lr: 1.579e-02, eta: 4:44:17, time: 0.595, data_time: 0.083, memory: 6154, loss_rpn_cls: 0.0184, loss_rpn_bbox: 0.0037, loss_cls: 0.0978, acc: 96.2549, loss_bbox: 0.0634, loss: 0.1833, grad_norm: 1.2771
2026-05-11 18:11:46,380 - mmdet - INFO - Epoch [92][100/186]	lr: 1.579e-02, eta: 4:44:04, time: 0.519, data_time: 0.013, memory: 6154, loss_rpn_cls: 0.0181, loss_rpn_bbox: 0.0036, loss_cls: 0.0951, acc: 96.3936, loss_bbox: 0.0641, loss: 0.1809, grad_norm: 1.3059
2026-05-11 18:12:12,368 - mmdet - INFO - Epoch [92][150/186]	lr: 1.579e-02, eta: 4:43:51, time: 0.522, data_time: 0.015, memory: 6154, loss_rpn_cls: 0.0144, loss_rpn_bbox: 0.0031, loss_cls: 0.0947, acc: 96.4678, loss_bbox: 0.0697, loss: 0.1819, grad_norm: 1.2777
2026-05-11 18:13:00,919 - mmdet - INFO - Epoch [93][50/186]	lr: 1.571e-02, eta: 4:42:55, time: 0.591, data_time: 0.083, memory: 6154, loss_rpn_cls: 0.0163, loss_rpn_bbox: 0.0030, loss_cls: 0.0873, acc: 96.6836, loss_bbox: 0.0577, loss: 0.1643, grad_norm: 1.1595
2026-05-11 18:13:26,861 - mmdet - INFO - Epoch [93][100/186]	lr: 1.571e-02, eta: 4:42:42, time: 0.521, data_time: 0.015, memory: 6154, loss_rpn_cls: 0.0302, loss_rpn_bbox: 0.0038, loss_cls: 0.1006, acc: 96.3828, loss_bbox: 0.0772, loss: 0.2118, grad_norm: 1.2505
2026-05-11 18:13:52,726 - mmdet - INFO - Epoch [93][150/186]	lr: 1.571e-02, eta: 4:42:28, time: 0.515, data_time: 0.013, memory: 6154, loss_rpn_cls: 0.0180, loss_rpn_bbox: 0.0031, loss_cls: 0.0852, acc: 96.8594, loss_bbox: 0.0715, loss: 0.1778, grad_norm: 1.2211
2026-05-11 18:14:41,273 - mmdet - INFO - Epoch [94][50/186]	lr: 1.562e-02, eta: 4:41:33, time: 0.596, data_time: 0.083, memory: 6154, loss_rpn_cls: 0.0149, loss_rpn_bbox: 0.0032, loss_cls: 0.0978, acc: 96.2432, loss_bbox: 0.0636, loss: 0.1795, grad_norm: 1.2158
2026-05-11 18:15:07,222 - mmdet - INFO - Epoch [94][100/186]	lr: 1.562e-02, eta: 4:41:19, time: 0.517, data_time: 0.013, memory: 6154, loss_rpn_cls: 0.0195, loss_rpn_bbox: 0.0034, loss_cls: 0.1000, acc: 96.2168, loss_bbox: 0.0710, loss: 0.1939, grad_norm: 1.2463
2026-05-11 18:15:33,178 - mmdet - INFO - Epoch [94][150/186]	lr: 1.562e-02, eta: 4:41:06, time: 0.521, data_time: 0.015, memory: 6154, loss_rpn_cls: 0.0173, loss_rpn_bbox: 0.0028, loss_cls: 0.0866, acc: 96.7744, loss_bbox: 0.0597, loss: 0.1664, grad_norm: 1.2327
2026-05-11 18:16:21,711 - mmdet - INFO - Epoch [95][50/186]	lr: 1.553e-02, eta: 4:40:11, time: 0.593, data_time: 0.083, memory: 6154, loss_rpn_cls: 0.0153, loss_rpn_bbox: 0.0026, loss_cls: 0.0954, acc: 96.3818, loss_bbox: 0.0596, loss: 0.1728, grad_norm: 1.2395
2026-05-11 18:16:47,659 - mmdet - INFO - Epoch [95][100/186]	lr: 1.553e-02, eta: 4:39:58, time: 0.521, data_time: 0.015, memory: 6154, loss_rpn_cls: 0.0197, loss_rpn_bbox: 0.0035, loss_cls: 0.0957, acc: 96.4062, loss_bbox: 0.0654, loss: 0.1843, grad_norm: 1.2603
2026-05-11 18:17:13,643 - mmdet - INFO - Epoch [95][150/186]	lr: 1.553e-02, eta: 4:39:44, time: 0.518, data_time: 0.013, memory: 6154, loss_rpn_cls: 0.0246, loss_rpn_bbox: 0.0035, loss_cls: 0.0942, acc: 96.4336, loss_bbox: 0.0682, loss: 0.1905, grad_norm: 1.2346
2026-05-11 18:18:02,173 - mmdet - INFO - Epoch [96][50/186]	lr: 1.545e-02, eta: 4:38:49, time: 0.596, data_time: 0.083, memory: 6154, loss_rpn_cls: 0.0156, loss_rpn_bbox: 0.0027, loss_cls: 0.0934, acc: 96.5732, loss_bbox: 0.0579, loss: 0.1695, grad_norm: 1.1821
2026-05-11 18:18:28,159 - mmdet - INFO - Epoch [96][100/186]	lr: 1.545e-02, eta: 4:38:35, time: 0.518, data_time: 0.013, memory: 6154, loss_rpn_cls: 0.0119, loss_rpn_bbox: 0.0026, loss_cls: 0.0851, acc: 96.7354, loss_bbox: 0.0632, loss: 0.1627, grad_norm: 1.1571
2026-05-11 18:18:54,137 - mmdet - INFO - Epoch [96][150/186]	lr: 1.545e-02, eta: 4:38:22, time: 0.521, data_time: 0.015, memory: 6154, loss_rpn_cls: 0.0169, loss_rpn_bbox: 0.0030, loss_cls: 0.0931, acc: 96.6348, loss_bbox: 0.0667, loss: 0.1797, grad_norm: 1.2090
2026-05-11 18:19:42,675 - mmdet - INFO - Epoch [97][50/186]	lr: 1.536e-02, eta: 4:37:27, time: 0.592, data_time: 0.083, memory: 6154, loss_rpn_cls: 0.0170, loss_rpn_bbox: 0.0032, loss_cls: 0.0948, acc: 96.3936, loss_bbox: 0.0600, loss: 0.1750, grad_norm: 1.2154
2026-05-11 18:20:08,651 - mmdet - INFO - Epoch [97][100/186]	lr: 1.536e-02, eta: 4:37:14, time: 0.521, data_time: 0.015, memory: 6154, loss_rpn_cls: 0.0157, loss_rpn_bbox: 0.0029, loss_cls: 0.0871, acc: 96.6846, loss_bbox: 0.0591, loss: 0.1648, grad_norm: 1.1740
2026-05-11 18:20:34,629 - mmdet - INFO - Epoch [97][150/186]	lr: 1.536e-02, eta: 4:37:00, time: 0.518, data_time: 0.013, memory: 6154, loss_rpn_cls: 0.0147, loss_rpn_bbox: 0.0031, loss_cls: 0.0947, acc: 96.4014, loss_bbox: 0.0669, loss: 0.1794, grad_norm: 1.1837
2026-05-11 18:21:23,121 - mmdet - INFO - Epoch [98][50/186]	lr: 1.527e-02, eta: 4:36:05, time: 0.595, data_time: 0.083, memory: 6154, loss_rpn_cls: 0.0145, loss_rpn_bbox: 0.0027, loss_cls: 0.0910, acc: 96.5938, loss_bbox: 0.0572, loss: 0.1655, grad_norm: 1.2370
2026-05-11 18:21:49,057 - mmdet - INFO - Epoch [98][100/186]	lr: 1.527e-02, eta: 4:35:51, time: 0.517, data_time: 0.013, memory: 6154, loss_rpn_cls: 0.0238, loss_rpn_bbox: 0.0032, loss_cls: 0.0983, acc: 96.3379, loss_bbox: 0.0658, loss: 0.1911, grad_norm: 1.3272
2026-05-11 18:22:14,990 - mmdet - INFO - Epoch [98][150/186]	lr: 1.527e-02, eta: 4:35:38, time: 0.521, data_time: 0.015, memory: 6154, loss_rpn_cls: 0.0172, loss_rpn_bbox: 0.0034, loss_cls: 0.0910, acc: 96.6162, loss_bbox: 0.0653, loss: 0.1770, grad_norm: 1.3350
2026-05-11 18:23:03,474 - mmdet - INFO - Epoch [99][50/186]	lr: 1.518e-02, eta: 4:34:43, time: 0.592, data_time: 0.083, memory: 6154, loss_rpn_cls: 0.0161, loss_rpn_bbox: 0.0028, loss_cls: 0.0931, acc: 96.4141, loss_bbox: 0.0614, loss: 0.1735, grad_norm: 1.2725
2026-05-11 18:23:29,498 - mmdet - INFO - Epoch [99][100/186]	lr: 1.518e-02, eta: 4:34:29, time: 0.522, data_time: 0.015, memory: 6154, loss_rpn_cls: 0.0174, loss_rpn_bbox: 0.0030, loss_cls: 0.0977, acc: 96.2676, loss_bbox: 0.0712, loss: 0.1894, grad_norm: 1.2958
2026-05-11 18:23:55,574 - mmdet - INFO - Epoch [99][150/186]	lr: 1.518e-02, eta: 4:34:16, time: 0.520, data_time: 0.013, memory: 6154, loss_rpn_cls: 0.0246, loss_rpn_bbox: 0.0032, loss_cls: 0.1019, acc: 96.0508, loss_bbox: 0.0712, loss: 0.2009, grad_norm: 1.3453
2026-05-11 18:24:43,979 - mmdet - INFO - Epoch [100][50/186]	lr: 1.509e-02, eta: 4:33:21, time: 0.594, data_time: 0.083, memory: 6154, loss_rpn_cls: 0.0176, loss_rpn_bbox: 0.0034, loss_cls: 0.0890, acc: 96.5762, loss_bbox: 0.0646, loss: 0.1746, grad_norm: 1.2693
2026-05-11 18:25:09,926 - mmdet - INFO - Epoch [100][100/186]	lr: 1.509e-02, eta: 4:33:07, time: 0.517, data_time: 0.013, memory: 6154, loss_rpn_cls: 0.0193, loss_rpn_bbox: 0.0030, loss_cls: 0.0876, acc: 96.6934, loss_bbox: 0.0665, loss: 0.1763, grad_norm: 1.2845
2026-05-11 18:25:35,922 - mmdet - INFO - Epoch [100][150/186]	lr: 1.509e-02, eta: 4:32:53, time: 0.522, data_time: 0.015, memory: 6154, loss_rpn_cls: 0.0147, loss_rpn_bbox: 0.0032, loss_cls: 0.0888, acc: 96.5029, loss_bbox: 0.0682, loss: 0.1749, grad_norm: 1.2765
2026-05-11 18:25:54,747 - mmdet - INFO - Saving checkpoint at 100 epochs
2026-05-11 18:26:30,267 - mmdet - INFO - Evaluating bbox...
2026-05-11 18:26:32,848 - mmdet - INFO - 
 Average Precision  (AP) @[ IoU=0.50:0.95 | area=   all | maxDets=100 ] = 0.283
 Average Precision  (AP) @[ IoU=0.50      | area=   all | maxDets=1000 ] = 0.662
 Average Precision  (AP) @[ IoU=0.75      | area=   all | maxDets=1000 ] = 0.186
 Average Precision  (AP) @[ IoU=0.50:0.95 | area= small | maxDets=1000 ] = 0.001
 Average Precision  (AP) @[ IoU=0.50:0.95 | area=medium | maxDets=1000 ] = 0.225
 Average Precision  (AP) @[ IoU=0.50:0.95 | area= large | maxDets=1000 ] = 0.357
 Average Recall     (AR) @[ IoU=0.50:0.95 | area=   all | maxDets=100 ] = 0.413
 Average Recall     (AR) @[ IoU=0.50:0.95 | area=   all | maxDets=300 ] = 0.413
 Average Recall     (AR) @[ IoU=0.50:0.95 | area=   all | maxDets=1000 ] = 0.413
 Average Recall     (AR) @[ IoU=0.50:0.95 | area= small | maxDets=1000 ] = 0.053
 Average Recall     (AR) @[ IoU=0.50:0.95 | area=medium | maxDets=1000 ] = 0.364
 Average Recall     (AR) @[ IoU=0.50:0.95 | area= large | maxDets=1000 ] = 0.467

2026-05-11 18:26:32,978 - mmdet - INFO - The previous best checkpoint /home/ahmadreza/Downloads/Research/M2SODAI/baseline_official/runs_r50_hbb/r50_hbb_fold_3_20260511/best_bbox_mAP_epoch_70.pth was removed
2026-05-11 18:26:34,516 - mmdet - INFO - Now best checkpoint is saved as best_bbox_mAP_epoch_100.pth.
2026-05-11 18:26:34,516 - mmdet - INFO - Best bbox_mAP is 0.2830 at 100 epoch.
2026-05-11 18:26:34,517 - mmdet - INFO - Exp name: fold_3_r50_300e_hbb.py
2026-05-11 18:26:34,517 - mmdet - INFO - Epoch(val) [100][370]	bbox_mAP: 0.2830, bbox_mAP_50: 0.6620, bbox_mAP_75: 0.1860, bbox_mAP_s: 0.0010, bbox_mAP_m: 0.2250, bbox_mAP_l: 0.3570, bbox_mAP_copypaste: 0.283 0.662 0.186 0.001 0.225 0.357
2026-05-11 18:27:04,153 - mmdet - INFO - Epoch [101][50/186]	lr: 1.500e-02, eta: 4:31:59, time: 0.591, data_time: 0.083, memory: 6154, loss_rpn_cls: 0.0242, loss_rpn_bbox: 0.0034, loss_cls: 0.1033, acc: 96.1445, loss_bbox: 0.0678, loss: 0.1987, grad_norm: 1.3468
2026-05-11 18:27:30,108 - mmdet - INFO - Epoch [101][100/186]	lr: 1.500e-02, eta: 4:31:45, time: 0.521, data_time: 0.015, memory: 6154, loss_rpn_cls: 0.0182, loss_rpn_bbox: 0.0029, loss_cls: 0.0928, acc: 96.5469, loss_bbox: 0.0705, loss: 0.1844, grad_norm: 1.3595
2026-05-11 18:27:56,047 - mmdet - INFO - Epoch [101][150/186]	lr: 1.500e-02, eta: 4:31:31, time: 0.517, data_time: 0.013, memory: 6154, loss_rpn_cls: 0.0213, loss_rpn_bbox: 0.0033, loss_cls: 0.0959, acc: 96.3760, loss_bbox: 0.0714, loss: 0.1920, grad_norm: 1.3194
2026-05-11 18:28:44,507 - mmdet - INFO - Epoch [102][50/186]	lr: 1.491e-02, eta: 4:30:37, time: 0.594, data_time: 0.083, memory: 6154, loss_rpn_cls: 0.0240, loss_rpn_bbox: 0.0031, loss_cls: 0.0980, acc: 96.3340, loss_bbox: 0.0605, loss: 0.1857, grad_norm: 1.3373
2026-05-11 18:29:10,445 - mmdet - INFO - Epoch [102][100/186]	lr: 1.491e-02, eta: 4:30:23, time: 0.517, data_time: 0.013, memory: 6154, loss_rpn_cls: 0.0227, loss_rpn_bbox: 0.0033, loss_cls: 0.0967, acc: 96.3262, loss_bbox: 0.0659, loss: 0.1886, grad_norm: 1.3097
2026-05-11 18:29:36,342 - mmdet - INFO - Epoch [102][150/186]	lr: 1.491e-02, eta: 4:30:09, time: 0.520, data_time: 0.015, memory: 6154, loss_rpn_cls: 0.0150, loss_rpn_bbox: 0.0028, loss_cls: 0.0861, acc: 96.6445, loss_bbox: 0.0656, loss: 0.1695, grad_norm: 1.2553
2026-05-11 18:30:24,880 - mmdet - INFO - Epoch [103][50/186]	lr: 1.482e-02, eta: 4:29:15, time: 0.594, data_time: 0.084, memory: 6154, loss_rpn_cls: 0.0159, loss_rpn_bbox: 0.0026, loss_cls: 0.0904, acc: 96.6211, loss_bbox: 0.0591, loss: 0.1680, grad_norm: 1.1462
2026-05-11 18:30:50,787 - mmdet - INFO - Epoch [103][100/186]	lr: 1.482e-02, eta: 4:29:01, time: 0.520, data_time: 0.015, memory: 6154, loss_rpn_cls: 0.0223, loss_rpn_bbox: 0.0027, loss_cls: 0.0930, acc: 96.5898, loss_bbox: 0.0628, loss: 0.1808, grad_norm: 1.1807
2026-05-11 18:31:16,758 - mmdet - INFO - Epoch [103][150/186]	lr: 1.482e-02, eta: 4:28:46, time: 0.517, data_time: 0.013, memory: 6154, loss_rpn_cls: 0.0185, loss_rpn_bbox: 0.0034, loss_cls: 0.0921, acc: 96.4941, loss_bbox: 0.0651, loss: 0.1791, grad_norm: 1.1668
2026-05-11 18:32:05,334 - mmdet - INFO - Epoch [104][50/186]	lr: 1.473e-02, eta: 4:27:53, time: 0.596, data_time: 0.083, memory: 6154, loss_rpn_cls: 0.0155, loss_rpn_bbox: 0.0027, loss_cls: 0.0863, acc: 96.6973, loss_bbox: 0.0564, loss: 0.1609, grad_norm: 1.1284
2026-05-11 18:32:31,380 - mmdet - INFO - Epoch [104][100/186]	lr: 1.473e-02, eta: 4:27:39, time: 0.519, data_time: 0.013, memory: 6154, loss_rpn_cls: 0.0179, loss_rpn_bbox: 0.0032, loss_cls: 0.0905, acc: 96.5146, loss_bbox: 0.0619, loss: 0.1735, grad_norm: 1.2250
2026-05-11 18:32:57,283 - mmdet - INFO - Epoch [104][150/186]	lr: 1.473e-02, eta: 4:27:25, time: 0.520, data_time: 0.015, memory: 6154, loss_rpn_cls: 0.0170, loss_rpn_bbox: 0.0031, loss_cls: 0.0894, acc: 96.7002, loss_bbox: 0.0636, loss: 0.1731, grad_norm: 1.1835
2026-05-11 18:33:45,845 - mmdet - INFO - Epoch [105][50/186]	lr: 1.463e-02, eta: 4:26:31, time: 0.592, data_time: 0.083, memory: 6154, loss_rpn_cls: 0.0174, loss_rpn_bbox: 0.0028, loss_cls: 0.0840, acc: 96.8242, loss_bbox: 0.0558, loss: 0.1601, grad_norm: 1.1015
2026-05-11 18:34:11,724 - mmdet - INFO - Epoch [105][100/186]	lr: 1.463e-02, eta: 4:26:17, time: 0.520, data_time: 0.015, memory: 6154, loss_rpn_cls: 0.0148, loss_rpn_bbox: 0.0028, loss_cls: 0.0863, acc: 96.6465, loss_bbox: 0.0609, loss: 0.1648, grad_norm: 1.1042
2026-05-11 18:34:37,648 - mmdet - INFO - Epoch [105][150/186]	lr: 1.463e-02, eta: 4:26:02, time: 0.517, data_time: 0.013, memory: 6154, loss_rpn_cls: 0.0192, loss_rpn_bbox: 0.0030, loss_cls: 0.0917, acc: 96.5918, loss_bbox: 0.0632, loss: 0.1770, grad_norm: 1.1245
2026-05-11 18:35:25,988 - mmdet - INFO - Epoch [106][50/186]	lr: 1.454e-02, eta: 4:25:09, time: 0.592, data_time: 0.084, memory: 6154, loss_rpn_cls: 0.0137, loss_rpn_bbox: 0.0027, loss_cls: 0.0750, acc: 97.0645, loss_bbox: 0.0512, loss: 0.1426, grad_norm: 1.1261
2026-05-11 18:35:51,925 - mmdet - INFO - Epoch [106][100/186]	lr: 1.454e-02, eta: 4:24:54, time: 0.517, data_time: 0.013, memory: 6154, loss_rpn_cls: 0.0179, loss_rpn_bbox: 0.0027, loss_cls: 0.0886, acc: 96.6523, loss_bbox: 0.0594, loss: 0.1685, grad_norm: 1.1670
2026-05-11 18:36:17,951 - mmdet - INFO - Epoch [106][150/186]	lr: 1.454e-02, eta: 4:24:40, time: 0.522, data_time: 0.015, memory: 6154, loss_rpn_cls: 0.0166, loss_rpn_bbox: 0.0028, loss_cls: 0.0868, acc: 96.7852, loss_bbox: 0.0605, loss: 0.1667, grad_norm: 1.1871
2026-05-11 18:37:06,484 - mmdet - INFO - Epoch [107][50/186]	lr: 1.445e-02, eta: 4:23:47, time: 0.592, data_time: 0.084, memory: 6154, loss_rpn_cls: 0.0163, loss_rpn_bbox: 0.0027, loss_cls: 0.0822, acc: 96.9414, loss_bbox: 0.0508, loss: 0.1520, grad_norm: 1.1112
2026-05-11 18:37:32,482 - mmdet - INFO - Epoch [107][100/186]	lr: 1.445e-02, eta: 4:23:33, time: 0.522, data_time: 0.015, memory: 6154, loss_rpn_cls: 0.0203, loss_rpn_bbox: 0.0027, loss_cls: 0.0858, acc: 96.8057, loss_bbox: 0.0580, loss: 0.1667, grad_norm: 1.1584
2026-05-11 18:37:58,438 - mmdet - INFO - Epoch [107][150/186]	lr: 1.445e-02, eta: 4:23:18, time: 0.517, data_time: 0.013, memory: 6154, loss_rpn_cls: 0.0189, loss_rpn_bbox: 0.0033, loss_cls: 0.0892, acc: 96.5947, loss_bbox: 0.0667, loss: 0.1781, grad_norm: 1.1738
2026-05-11 18:38:46,990 - mmdet - INFO - Epoch [108][50/186]	lr: 1.435e-02, eta: 4:22:26, time: 0.595, data_time: 0.083, memory: 6154, loss_rpn_cls: 0.0144, loss_rpn_bbox: 0.0029, loss_cls: 0.0848, acc: 96.7568, loss_bbox: 0.0564, loss: 0.1585, grad_norm: 1.1925
2026-05-11 18:39:13,063 - mmdet - INFO - Epoch [108][100/186]	lr: 1.435e-02, eta: 4:22:11, time: 0.520, data_time: 0.013, memory: 6154, loss_rpn_cls: 0.0200, loss_rpn_bbox: 0.0030, loss_cls: 0.0837, acc: 96.7728, loss_bbox: 0.0557, loss: 0.1625, grad_norm: 1.1736
2026-05-11 18:39:39,045 - mmdet - INFO - Epoch [108][150/186]	lr: 1.435e-02, eta: 4:21:56, time: 0.522, data_time: 0.015, memory: 6154, loss_rpn_cls: 0.0160, loss_rpn_bbox: 0.0027, loss_cls: 0.0831, acc: 96.8184, loss_bbox: 0.0587, loss: 0.1604, grad_norm: 1.1670
2026-05-11 18:40:27,615 - mmdet - INFO - Epoch [109][50/186]	lr: 1.426e-02, eta: 4:21:04, time: 0.592, data_time: 0.083, memory: 6154, loss_rpn_cls: 0.0155, loss_rpn_bbox: 0.0024, loss_cls: 0.0805, acc: 96.9111, loss_bbox: 0.0539, loss: 0.1522, grad_norm: 1.0751
2026-05-11 18:40:53,676 - mmdet - INFO - Epoch [109][100/186]	lr: 1.426e-02, eta: 4:20:49, time: 0.523, data_time: 0.015, memory: 6154, loss_rpn_cls: 0.0192, loss_rpn_bbox: 0.0029, loss_cls: 0.0835, acc: 96.7393, loss_bbox: 0.0641, loss: 0.1698, grad_norm: 1.1553
2026-05-11 18:41:19,652 - mmdet - INFO - Epoch [109][150/186]	lr: 1.426e-02, eta: 4:20:34, time: 0.518, data_time: 0.013, memory: 6154, loss_rpn_cls: 0.0231, loss_rpn_bbox: 0.0032, loss_cls: 0.1017, acc: 96.3037, loss_bbox: 0.0732, loss: 0.2012, grad_norm: 1.2556
2026-05-11 18:42:08,196 - mmdet - INFO - Epoch [110][50/186]	lr: 1.416e-02, eta: 4:19:42, time: 0.595, data_time: 0.083, memory: 6154, loss_rpn_cls: 0.0253, loss_rpn_bbox: 0.0035, loss_cls: 0.0960, acc: 96.4736, loss_bbox: 0.0640, loss: 0.1887, grad_norm: 1.4104
2026-05-11 18:42:34,113 - mmdet - INFO - Epoch [110][100/186]	lr: 1.416e-02, eta: 4:19:27, time: 0.516, data_time: 0.013, memory: 6154, loss_rpn_cls: 0.0171, loss_rpn_bbox: 0.0030, loss_cls: 0.0914, acc: 96.5176, loss_bbox: 0.0640, loss: 0.1756, grad_norm: 1.3523
2026-05-11 18:42:59,998 - mmdet - INFO - Epoch [110][150/186]	lr: 1.416e-02, eta: 4:19:12, time: 0.520, data_time: 0.015, memory: 6154, loss_rpn_cls: 0.0152, loss_rpn_bbox: 0.0033, loss_cls: 0.0925, acc: 96.4414, loss_bbox: 0.0666, loss: 0.1777, grad_norm: 1.3162
2026-05-11 18:43:18,765 - mmdet - INFO - Saving checkpoint at 110 epochs
2026-05-11 18:43:54,217 - mmdet - INFO - Evaluating bbox...
2026-05-11 18:43:56,975 - mmdet - INFO - 
 Average Precision  (AP) @[ IoU=0.50:0.95 | area=   all | maxDets=100 ] = 0.278
 Average Precision  (AP) @[ IoU=0.50      | area=   all | maxDets=1000 ] = 0.639
 Average Precision  (AP) @[ IoU=0.75      | area=   all | maxDets=1000 ] = 0.194
 Average Precision  (AP) @[ IoU=0.50:0.95 | area= small | maxDets=1000 ] = 0.002
 Average Precision  (AP) @[ IoU=0.50:0.95 | area=medium | maxDets=1000 ] = 0.215
 Average Precision  (AP) @[ IoU=0.50:0.95 | area= large | maxDets=1000 ] = 0.364
 Average Recall     (AR) @[ IoU=0.50:0.95 | area=   all | maxDets=100 ] = 0.420
 Average Recall     (AR) @[ IoU=0.50:0.95 | area=   all | maxDets=300 ] = 0.420
 Average Recall     (AR) @[ IoU=0.50:0.95 | area=   all | maxDets=1000 ] = 0.420
 Average Recall     (AR) @[ IoU=0.50:0.95 | area= small | maxDets=1000 ] = 0.047
 Average Recall     (AR) @[ IoU=0.50:0.95 | area=medium | maxDets=1000 ] = 0.383
 Average Recall     (AR) @[ IoU=0.50:0.95 | area= large | maxDets=1000 ] = 0.463

2026-05-11 18:43:56,981 - mmdet - INFO - Exp name: fold_3_r50_300e_hbb.py
2026-05-11 18:43:56,981 - mmdet - INFO - Epoch(val) [110][370]	bbox_mAP: 0.2780, bbox_mAP_50: 0.6390, bbox_mAP_75: 0.1940, bbox_mAP_s: 0.0020, bbox_mAP_m: 0.2150, bbox_mAP_l: 0.3640, bbox_mAP_copypaste: 0.278 0.639 0.194 0.002 0.215 0.364
2026-05-11 18:44:26,536 - mmdet - INFO - Epoch [111][50/186]	lr: 1.407e-02, eta: 4:18:20, time: 0.589, data_time: 0.083, memory: 6154, loss_rpn_cls: 0.0183, loss_rpn_bbox: 0.0030, loss_cls: 0.0829, acc: 96.9072, loss_bbox: 0.0534, loss: 0.1577, grad_norm: 1.2036
2026-05-11 18:44:52,384 - mmdet - INFO - Epoch [111][100/186]	lr: 1.407e-02, eta: 4:18:05, time: 0.519, data_time: 0.015, memory: 6154, loss_rpn_cls: 0.0150, loss_rpn_bbox: 0.0029, loss_cls: 0.0870, acc: 96.6973, loss_bbox: 0.0624, loss: 0.1674, grad_norm: 1.1543
2026-05-11 18:45:18,318 - mmdet - INFO - Epoch [111][150/186]	lr: 1.407e-02, eta: 4:17:49, time: 0.517, data_time: 0.013, memory: 6154, loss_rpn_cls: 0.0159, loss_rpn_bbox: 0.0031, loss_cls: 0.0950, acc: 96.4180, loss_bbox: 0.0693, loss: 0.1834, grad_norm: 1.1971
2026-05-11 18:46:06,788 - mmdet - INFO - Epoch [112][50/186]	lr: 1.397e-02, eta: 4:16:58, time: 0.595, data_time: 0.085, memory: 6154, loss_rpn_cls: 0.0145, loss_rpn_bbox: 0.0031, loss_cls: 0.0824, acc: 96.8887, loss_bbox: 0.0543, loss: 0.1544, grad_norm: 1.0806
2026-05-11 18:46:32,734 - mmdet - INFO - Epoch [112][100/186]	lr: 1.397e-02, eta: 4:16:42, time: 0.517, data_time: 0.013, memory: 6154, loss_rpn_cls: 0.0126, loss_rpn_bbox: 0.0024, loss_cls: 0.0799, acc: 96.8711, loss_bbox: 0.0569, loss: 0.1518, grad_norm: 1.0785
2026-05-11 18:46:58,736 - mmdet - INFO - Epoch [112][150/186]	lr: 1.397e-02, eta: 4:16:27, time: 0.522, data_time: 0.015, memory: 6154, loss_rpn_cls: 0.0158, loss_rpn_bbox: 0.0033, loss_cls: 0.0861, acc: 96.6709, loss_bbox: 0.0604, loss: 0.1657, grad_norm: 1.1116
2026-05-11 18:47:47,275 - mmdet - INFO - Epoch [113][50/186]	lr: 1.388e-02, eta: 4:15:36, time: 0.592, data_time: 0.083, memory: 6154, loss_rpn_cls: 0.0203, loss_rpn_bbox: 0.0029, loss_cls: 0.0817, acc: 96.9492, loss_bbox: 0.0521, loss: 0.1570, grad_norm: 1.1877
2026-05-11 18:48:13,195 - mmdet - INFO - Epoch [113][100/186]	lr: 1.388e-02, eta: 4:15:21, time: 0.520, data_time: 0.015, memory: 6154, loss_rpn_cls: 0.0171, loss_rpn_bbox: 0.0028, loss_cls: 0.0867, acc: 96.6904, loss_bbox: 0.0598, loss: 0.1664, grad_norm: 1.1612
2026-05-11 18:48:39,153 - mmdet - INFO - Epoch [113][150/186]	lr: 1.388e-02, eta: 4:15:05, time: 0.517, data_time: 0.013, memory: 6154, loss_rpn_cls: 0.0194, loss_rpn_bbox: 0.0031, loss_cls: 0.0810, acc: 96.9355, loss_bbox: 0.0584, loss: 0.1620, grad_norm: 1.1565
2026-05-11 18:49:27,687 - mmdet - INFO - Epoch [114][50/186]	lr: 1.378e-02, eta: 4:14:14, time: 0.596, data_time: 0.083, memory: 6154, loss_rpn_cls: 0.0127, loss_rpn_bbox: 0.0023, loss_cls: 0.0812, acc: 96.9219, loss_bbox: 0.0519, loss: 0.1481, grad_norm: 1.1696
2026-05-11 18:49:53,670 - mmdet - INFO - Epoch [114][100/186]	lr: 1.378e-02, eta: 4:13:59, time: 0.518, data_time: 0.013, memory: 6154, loss_rpn_cls: 0.0178, loss_rpn_bbox: 0.0022, loss_cls: 0.0798, acc: 96.9883, loss_bbox: 0.0535, loss: 0.1533, grad_norm: 1.1664
2026-05-11 18:50:19,683 - mmdet - INFO - Epoch [114][150/186]	lr: 1.378e-02, eta: 4:13:43, time: 0.522, data_time: 0.015, memory: 6154, loss_rpn_cls: 0.0240, loss_rpn_bbox: 0.0036, loss_cls: 0.0978, acc: 96.3184, loss_bbox: 0.0699, loss: 0.1952, grad_norm: 1.1889
2026-05-11 18:51:08,388 - mmdet - INFO - Epoch [115][50/186]	lr: 1.368e-02, eta: 4:12:52, time: 0.595, data_time: 0.085, memory: 6154, loss_rpn_cls: 0.0150, loss_rpn_bbox: 0.0026, loss_cls: 0.0857, acc: 96.7520, loss_bbox: 0.0565, loss: 0.1598, grad_norm: 1.2230
2026-05-11 18:51:34,427 - mmdet - INFO - Epoch [115][100/186]	lr: 1.368e-02, eta: 4:12:37, time: 0.523, data_time: 0.015, memory: 6154, loss_rpn_cls: 0.0266, loss_rpn_bbox: 0.0033, loss_cls: 0.0968, acc: 96.4932, loss_bbox: 0.0601, loss: 0.1868, grad_norm: 1.2211
2026-05-11 18:52:00,331 - mmdet - INFO - Epoch [115][150/186]	lr: 1.368e-02, eta: 4:12:21, time: 0.516, data_time: 0.013, memory: 6154, loss_rpn_cls: 0.0160, loss_rpn_bbox: 0.0024, loss_cls: 0.0758, acc: 97.2158, loss_bbox: 0.0526, loss: 0.1468, grad_norm: 1.1753
2026-05-11 18:52:48,760 - mmdet - INFO - Epoch [116][50/186]	lr: 1.358e-02, eta: 4:11:31, time: 0.593, data_time: 0.083, memory: 6154, loss_rpn_cls: 0.0155, loss_rpn_bbox: 0.0026, loss_cls: 0.0785, acc: 97.0439, loss_bbox: 0.0538, loss: 0.1504, grad_norm: 1.0437
2026-05-11 18:53:14,761 - mmdet - INFO - Epoch [116][100/186]	lr: 1.358e-02, eta: 4:11:15, time: 0.518, data_time: 0.013, memory: 6154, loss_rpn_cls: 0.0143, loss_rpn_bbox: 0.0023, loss_cls: 0.0778, acc: 97.1426, loss_bbox: 0.0501, loss: 0.1445, grad_norm: 1.1079
2026-05-11 18:53:40,768 - mmdet - INFO - Epoch [116][150/186]	lr: 1.358e-02, eta: 4:11:00, time: 0.522, data_time: 0.015, memory: 6154, loss_rpn_cls: 0.0156, loss_rpn_bbox: 0.0028, loss_cls: 0.0939, acc: 96.5342, loss_bbox: 0.0630, loss: 0.1754, grad_norm: 1.1254
2026-05-11 18:54:29,192 - mmdet - INFO - Epoch [117][50/186]	lr: 1.349e-02, eta: 4:10:09, time: 0.590, data_time: 0.083, memory: 6154, loss_rpn_cls: 0.0170, loss_rpn_bbox: 0.0024, loss_cls: 0.0811, acc: 96.9463, loss_bbox: 0.0533, loss: 0.1539, grad_norm: 1.0978
2026-05-11 18:54:55,163 - mmdet - INFO - Epoch [117][100/186]	lr: 1.349e-02, eta: 4:09:53, time: 0.521, data_time: 0.015, memory: 6154, loss_rpn_cls: 0.0187, loss_rpn_bbox: 0.0030, loss_cls: 0.0917, acc: 96.5635, loss_bbox: 0.0617, loss: 0.1750, grad_norm: 1.0902
2026-05-11 18:55:21,092 - mmdet - INFO - Epoch [117][150/186]	lr: 1.349e-02, eta: 4:09:37, time: 0.517, data_time: 0.013, memory: 6154, loss_rpn_cls: 0.0175, loss_rpn_bbox: 0.0029, loss_cls: 0.0849, acc: 96.7705, loss_bbox: 0.0583, loss: 0.1636, grad_norm: 1.0909
2026-05-11 18:56:09,579 - mmdet - INFO - Epoch [118][50/186]	lr: 1.339e-02, eta: 4:08:47, time: 0.594, data_time: 0.083, memory: 6154, loss_rpn_cls: 0.0164, loss_rpn_bbox: 0.0028, loss_cls: 0.0905, acc: 96.5889, loss_bbox: 0.0600, loss: 0.1697, grad_norm: 1.1633
2026-05-11 18:56:35,468 - mmdet - INFO - Epoch [118][100/186]	lr: 1.339e-02, eta: 4:08:31, time: 0.516, data_time: 0.013, memory: 6154, loss_rpn_cls: 0.0133, loss_rpn_bbox: 0.0024, loss_cls: 0.0778, acc: 97.0137, loss_bbox: 0.0505, loss: 0.1439, grad_norm: 1.0952
2026-05-11 18:57:01,338 - mmdet - INFO - Epoch [118][150/186]	lr: 1.339e-02, eta: 4:08:15, time: 0.519, data_time: 0.015, memory: 6154, loss_rpn_cls: 0.0167, loss_rpn_bbox: 0.0027, loss_cls: 0.0862, acc: 96.7354, loss_bbox: 0.0566, loss: 0.1621, grad_norm: 1.1141
2026-05-11 18:57:49,858 - mmdet - INFO - Epoch [119][50/186]	lr: 1.329e-02, eta: 4:07:25, time: 0.593, data_time: 0.083, memory: 6154, loss_rpn_cls: 0.0171, loss_rpn_bbox: 0.0026, loss_cls: 0.0871, acc: 96.8174, loss_bbox: 0.0541, loss: 0.1609, grad_norm: 1.0836
2026-05-11 18:58:15,801 - mmdet - INFO - Epoch [119][100/186]	lr: 1.329e-02, eta: 4:07:09, time: 0.521, data_time: 0.015, memory: 6154, loss_rpn_cls: 0.0134, loss_rpn_bbox: 0.0023, loss_cls: 0.0791, acc: 97.0732, loss_bbox: 0.0488, loss: 0.1437, grad_norm: 1.0632
2026-05-11 18:58:41,610 - mmdet - INFO - Epoch [119][150/186]	lr: 1.329e-02, eta: 4:06:53, time: 0.514, data_time: 0.013, memory: 6154, loss_rpn_cls: 0.0131, loss_rpn_bbox: 0.0025, loss_cls: 0.0767, acc: 97.0459, loss_bbox: 0.0470, loss: 0.1393, grad_norm: 1.0545
2026-05-11 18:59:30,112 - mmdet - INFO - Epoch [120][50/186]	lr: 1.319e-02, eta: 4:06:03, time: 0.595, data_time: 0.084, memory: 6154, loss_rpn_cls: 0.0157, loss_rpn_bbox: 0.0025, loss_cls: 0.0800, acc: 97.0205, loss_bbox: 0.0482, loss: 0.1464, grad_norm: 1.1184
2026-05-11 18:59:56,090 - mmdet - INFO - Epoch [120][100/186]	lr: 1.319e-02, eta: 4:05:47, time: 0.518, data_time: 0.013, memory: 6154, loss_rpn_cls: 0.0177, loss_rpn_bbox: 0.0031, loss_cls: 0.0855, acc: 96.8066, loss_bbox: 0.0559, loss: 0.1621, grad_norm: 1.0865
2026-05-11 19:00:21,998 - mmdet - INFO - Epoch [120][150/186]	lr: 1.319e-02, eta: 4:05:31, time: 0.520, data_time: 0.015, memory: 6154, loss_rpn_cls: 0.0173, loss_rpn_bbox: 0.0029, loss_cls: 0.0796, acc: 97.0293, loss_bbox: 0.0545, loss: 0.1543, grad_norm: 1.0830
2026-05-11 19:00:40,844 - mmdet - INFO - Saving checkpoint at 120 epochs
2026-05-11 19:01:16,398 - mmdet - INFO - Evaluating bbox...
2026-05-11 19:01:18,849 - mmdet - INFO - 
 Average Precision  (AP) @[ IoU=0.50:0.95 | area=   all | maxDets=100 ] = 0.305
 Average Precision  (AP) @[ IoU=0.50      | area=   all | maxDets=1000 ] = 0.689
 Average Precision  (AP) @[ IoU=0.75      | area=   all | maxDets=1000 ] = 0.216
 Average Precision  (AP) @[ IoU=0.50:0.95 | area= small | maxDets=1000 ] = 0.000
 Average Precision  (AP) @[ IoU=0.50:0.95 | area=medium | maxDets=1000 ] = 0.252
 Average Precision  (AP) @[ IoU=0.50:0.95 | area= large | maxDets=1000 ] = 0.381
 Average Recall     (AR) @[ IoU=0.50:0.95 | area=   all | maxDets=100 ] = 0.426
 Average Recall     (AR) @[ IoU=0.50:0.95 | area=   all | maxDets=300 ] = 0.426
 Average Recall     (AR) @[ IoU=0.50:0.95 | area=   all | maxDets=1000 ] = 0.426
 Average Recall     (AR) @[ IoU=0.50:0.95 | area= small | maxDets=1000 ] = 0.013
 Average Recall     (AR) @[ IoU=0.50:0.95 | area=medium | maxDets=1000 ] = 0.375
 Average Recall     (AR) @[ IoU=0.50:0.95 | area= large | maxDets=1000 ] = 0.482

2026-05-11 19:01:18,977 - mmdet - INFO - The previous best checkpoint /home/ahmadreza/Downloads/Research/M2SODAI/baseline_official/runs_r50_hbb/r50_hbb_fold_3_20260511/best_bbox_mAP_epoch_100.pth was removed
2026-05-11 19:01:20,526 - mmdet - INFO - Now best checkpoint is saved as best_bbox_mAP_epoch_120.pth.
2026-05-11 19:01:20,526 - mmdet - INFO - Best bbox_mAP is 0.3050 at 120 epoch.
2026-05-11 19:01:20,526 - mmdet - INFO - Exp name: fold_3_r50_300e_hbb.py
2026-05-11 19:01:20,527 - mmdet - INFO - Epoch(val) [120][370]	bbox_mAP: 0.3050, bbox_mAP_50: 0.6890, bbox_mAP_75: 0.2160, bbox_mAP_s: 0.0000, bbox_mAP_m: 0.2520, bbox_mAP_l: 0.3810, bbox_mAP_copypaste: 0.305 0.689 0.216 0.000 0.252 0.381
2026-05-11 19:01:50,232 - mmdet - INFO - Epoch [121][50/186]	lr: 1.309e-02, eta: 4:04:41, time: 0.592, data_time: 0.084, memory: 6154, loss_rpn_cls: 0.0143, loss_rpn_bbox: 0.0025, loss_cls: 0.0795, acc: 97.0127, loss_bbox: 0.0498, loss: 0.1461, grad_norm: 1.1732
2026-05-11 19:02:16,161 - mmdet - INFO - Epoch [121][100/186]	lr: 1.309e-02, eta: 4:04:25, time: 0.521, data_time: 0.015, memory: 6154, loss_rpn_cls: 0.0174, loss_rpn_bbox: 0.0029, loss_cls: 0.0831, acc: 96.8799, loss_bbox: 0.0528, loss: 0.1561, grad_norm: 1.1950
2026-05-11 19:02:42,090 - mmdet - INFO - Epoch [121][150/186]	lr: 1.309e-02, eta: 4:04:09, time: 0.517, data_time: 0.013, memory: 6154, loss_rpn_cls: 0.0204, loss_rpn_bbox: 0.0028, loss_cls: 0.0851, acc: 96.8438, loss_bbox: 0.0594, loss: 0.1677, grad_norm: 1.2265
2026-05-11 19:03:30,578 - mmdet - INFO - Epoch [122][50/186]	lr: 1.299e-02, eta: 4:03:19, time: 0.595, data_time: 0.084, memory: 6154, loss_rpn_cls: 0.0190, loss_rpn_bbox: 0.0028, loss_cls: 0.0910, acc: 96.6514, loss_bbox: 0.0551, loss: 0.1678, grad_norm: 1.1971
2026-05-11 19:03:56,461 - mmdet - INFO - Epoch [122][100/186]	lr: 1.299e-02, eta: 4:03:03, time: 0.516, data_time: 0.013, memory: 6154, loss_rpn_cls: 0.0201, loss_rpn_bbox: 0.0025, loss_cls: 0.0891, acc: 96.7188, loss_bbox: 0.0597, loss: 0.1714, grad_norm: 1.2044
2026-05-11 19:04:22,334 - mmdet - INFO - Epoch [122][150/186]	lr: 1.299e-02, eta: 4:02:46, time: 0.519, data_time: 0.015, memory: 6154, loss_rpn_cls: 0.0173, loss_rpn_bbox: 0.0023, loss_cls: 0.0712, acc: 97.3457, loss_bbox: 0.0452, loss: 0.1361, grad_norm: 1.1758
2026-05-11 19:05:10,715 - mmdet - INFO - Epoch [123][50/186]	lr: 1.289e-02, eta: 4:01:57, time: 0.591, data_time: 0.083, memory: 6154, loss_rpn_cls: 0.0179, loss_rpn_bbox: 0.0027, loss_cls: 0.0882, acc: 96.7861, loss_bbox: 0.0502, loss: 0.1590, grad_norm: 1.0896
2026-05-11 19:05:36,642 - mmdet - INFO - Epoch [123][100/186]	lr: 1.289e-02, eta: 4:01:41, time: 0.520, data_time: 0.015, memory: 6154, loss_rpn_cls: 0.0175, loss_rpn_bbox: 0.0023, loss_cls: 0.0749, acc: 97.2490, loss_bbox: 0.0472, loss: 0.1419, grad_norm: 1.0467
2026-05-11 19:06:02,503 - mmdet - INFO - Epoch [123][150/186]	lr: 1.289e-02, eta: 4:01:24, time: 0.515, data_time: 0.013, memory: 6154, loss_rpn_cls: 0.0154, loss_rpn_bbox: 0.0024, loss_cls: 0.0730, acc: 97.2178, loss_bbox: 0.0489, loss: 0.1397, grad_norm: 1.0407
2026-05-11 19:06:50,830 - mmdet - INFO - Epoch [124][50/186]	lr: 1.279e-02, eta: 4:00:35, time: 0.593, data_time: 0.083, memory: 6154, loss_rpn_cls: 0.0155, loss_rpn_bbox: 0.0023, loss_cls: 0.0797, acc: 97.0068, loss_bbox: 0.0486, loss: 0.1461, grad_norm: 1.1154
2026-05-11 19:07:16,743 - mmdet - INFO - Epoch [124][100/186]	lr: 1.279e-02, eta: 4:00:18, time: 0.516, data_time: 0.013, memory: 6154, loss_rpn_cls: 0.0154, loss_rpn_bbox: 0.0027, loss_cls: 0.0823, acc: 96.8059, loss_bbox: 0.0549, loss: 0.1552, grad_norm: 1.1047
2026-05-11 19:07:42,772 - mmdet - INFO - Epoch [124][150/186]	lr: 1.279e-02, eta: 4:00:02, time: 0.523, data_time: 0.015, memory: 6154, loss_rpn_cls: 0.0184, loss_rpn_bbox: 0.0030, loss_cls: 0.0843, acc: 96.8232, loss_bbox: 0.0504, loss: 0.1562, grad_norm: 1.0994
2026-05-11 19:08:31,259 - mmdet - INFO - Epoch [125][50/186]	lr: 1.269e-02, eta: 3:59:13, time: 0.592, data_time: 0.083, memory: 6154, loss_rpn_cls: 0.0136, loss_rpn_bbox: 0.0021, loss_cls: 0.0740, acc: 97.2852, loss_bbox: 0.0423, loss: 0.1319, grad_norm: 1.0231
2026-05-11 19:08:57,143 - mmdet - INFO - Epoch [125][100/186]	lr: 1.269e-02, eta: 3:58:56, time: 0.520, data_time: 0.015, memory: 6154, loss_rpn_cls: 0.0133, loss_rpn_bbox: 0.0022, loss_cls: 0.0661, acc: 97.5068, loss_bbox: 0.0398, loss: 0.1213, grad_norm: 1.0008
2026-05-11 19:09:23,052 - mmdet - INFO - Epoch [125][150/186]	lr: 1.269e-02, eta: 3:58:40, time: 0.516, data_time: 0.013, memory: 6154, loss_rpn_cls: 0.0168, loss_rpn_bbox: 0.0027, loss_cls: 0.0841, acc: 96.7959, loss_bbox: 0.0589, loss: 0.1625, grad_norm: 1.0219
2026-05-11 19:10:11,580 - mmdet - INFO - Epoch [126][50/186]	lr: 1.259e-02, eta: 3:57:51, time: 0.595, data_time: 0.083, memory: 6154, loss_rpn_cls: 0.0186, loss_rpn_bbox: 0.0023, loss_cls: 0.0780, acc: 97.1553, loss_bbox: 0.0470, loss: 0.1459, grad_norm: 1.1601
2026-05-11 19:10:37,505 - mmdet - INFO - Epoch [126][100/186]	lr: 1.259e-02, eta: 3:57:34, time: 0.517, data_time: 0.013, memory: 6154, loss_rpn_cls: 0.0221, loss_rpn_bbox: 0.0028, loss_cls: 0.0874, acc: 96.6191, loss_bbox: 0.0579, loss: 0.1703, grad_norm: 1.1933
2026-05-11 19:11:03,442 - mmdet - INFO - Epoch [126][150/186]	lr: 1.259e-02, eta: 3:57:18, time: 0.521, data_time: 0.015, memory: 6154, loss_rpn_cls: 0.0216, loss_rpn_bbox: 0.0028, loss_cls: 0.0836, acc: 96.8535, loss_bbox: 0.0522, loss: 0.1602, grad_norm: 1.1641
2026-05-11 19:11:51,897 - mmdet - INFO - Epoch [127][50/186]	lr: 1.249e-02, eta: 3:56:29, time: 0.591, data_time: 0.084, memory: 6154, loss_rpn_cls: 0.0165, loss_rpn_bbox: 0.0024, loss_cls: 0.0698, acc: 97.3291, loss_bbox: 0.0424, loss: 0.1312, grad_norm: 1.0187
2026-05-11 19:12:17,773 - mmdet - INFO - Epoch [127][100/186]	lr: 1.249e-02, eta: 3:56:12, time: 0.519, data_time: 0.015, memory: 6154, loss_rpn_cls: 0.0182, loss_rpn_bbox: 0.0025, loss_cls: 0.0765, acc: 97.1484, loss_bbox: 0.0476, loss: 0.1448, grad_norm: 1.0315
2026-05-11 19:12:43,645 - mmdet - INFO - Epoch [127][150/186]	lr: 1.249e-02, eta: 3:55:56, time: 0.515, data_time: 0.013, memory: 6154, loss_rpn_cls: 0.0217, loss_rpn_bbox: 0.0027, loss_cls: 0.0755, acc: 97.1943, loss_bbox: 0.0481, loss: 0.1479, grad_norm: 1.0457
2026-05-11 19:13:32,117 - mmdet - INFO - Epoch [128][50/186]	lr: 1.239e-02, eta: 3:55:07, time: 0.593, data_time: 0.084, memory: 6154, loss_rpn_cls: 0.0145, loss_rpn_bbox: 0.0026, loss_cls: 0.0753, acc: 97.0908, loss_bbox: 0.0478, loss: 0.1401, grad_norm: 1.0838
2026-05-11 19:13:58,129 - mmdet - INFO - Epoch [128][100/186]	lr: 1.239e-02, eta: 3:54:50, time: 0.518, data_time: 0.013, memory: 6154, loss_rpn_cls: 0.0139, loss_rpn_bbox: 0.0026, loss_cls: 0.0873, acc: 96.6699, loss_bbox: 0.0563, loss: 0.1601, grad_norm: 1.0920
2026-05-11 19:14:23,971 - mmdet - INFO - Epoch [128][150/186]	lr: 1.239e-02, eta: 3:54:34, time: 0.519, data_time: 0.015, memory: 6154, loss_rpn_cls: 0.0173, loss_rpn_bbox: 0.0024, loss_cls: 0.0773, acc: 97.1963, loss_bbox: 0.0472, loss: 0.1442, grad_norm: 1.0989
2026-05-11 19:15:12,469 - mmdet - INFO - Epoch [129][50/186]	lr: 1.228e-02, eta: 3:53:45, time: 0.592, data_time: 0.083, memory: 6154, loss_rpn_cls: 0.0150, loss_rpn_bbox: 0.0025, loss_cls: 0.0832, acc: 96.8906, loss_bbox: 0.0504, loss: 0.1510, grad_norm: 1.0514
2026-05-11 19:15:38,427 - mmdet - INFO - Epoch [129][100/186]	lr: 1.228e-02, eta: 3:53:28, time: 0.521, data_time: 0.015, memory: 6154, loss_rpn_cls: 0.0154, loss_rpn_bbox: 0.0029, loss_cls: 0.0818, acc: 96.9297, loss_bbox: 0.0528, loss: 0.1529, grad_norm: 1.0960
2026-05-11 19:16:04,290 - mmdet - INFO - Epoch [129][150/186]	lr: 1.228e-02, eta: 3:53:11, time: 0.515, data_time: 0.013, memory: 6154, loss_rpn_cls: 0.0124, loss_rpn_bbox: 0.0024, loss_cls: 0.0727, acc: 97.2383, loss_bbox: 0.0489, loss: 0.1364, grad_norm: 1.0718
2026-05-11 19:16:52,727 - mmdet - INFO - Epoch [130][50/186]	lr: 1.218e-02, eta: 3:52:23, time: 0.595, data_time: 0.085, memory: 6154, loss_rpn_cls: 0.0204, loss_rpn_bbox: 0.0026, loss_cls: 0.0851, acc: 96.8232, loss_bbox: 0.0522, loss: 0.1603, grad_norm: 1.1817
2026-05-11 19:17:18,695 - mmdet - INFO - Epoch [130][100/186]	lr: 1.218e-02, eta: 3:52:06, time: 0.517, data_time: 0.013, memory: 6154, loss_rpn_cls: 0.0176, loss_rpn_bbox: 0.0021, loss_cls: 0.0722, acc: 97.4033, loss_bbox: 0.0415, loss: 0.1335, grad_norm: 1.1237
2026-05-11 19:17:44,559 - mmdet - INFO - Epoch [130][150/186]	lr: 1.218e-02, eta: 3:51:49, time: 0.519, data_time: 0.015, memory: 6154, loss_rpn_cls: 0.0134, loss_rpn_bbox: 0.0024, loss_cls: 0.0781, acc: 97.1357, loss_bbox: 0.0541, loss: 0.1480, grad_norm: 1.1112
2026-05-11 19:18:03,262 - mmdet - INFO - Saving checkpoint at 130 epochs
2026-05-11 19:18:38,717 - mmdet - INFO - Evaluating bbox...
2026-05-11 19:18:41,075 - mmdet - INFO - 
 Average Precision  (AP) @[ IoU=0.50:0.95 | area=   all | maxDets=100 ] = 0.305
 Average Precision  (AP) @[ IoU=0.50      | area=   all | maxDets=1000 ] = 0.695
 Average Precision  (AP) @[ IoU=0.75      | area=   all | maxDets=1000 ] = 0.220
 Average Precision  (AP) @[ IoU=0.50:0.95 | area= small | maxDets=1000 ] = 0.001
 Average Precision  (AP) @[ IoU=0.50:0.95 | area=medium | maxDets=1000 ] = 0.253
 Average Precision  (AP) @[ IoU=0.50:0.95 | area= large | maxDets=1000 ] = 0.369
 Average Recall     (AR) @[ IoU=0.50:0.95 | area=   all | maxDets=100 ] = 0.424
 Average Recall     (AR) @[ IoU=0.50:0.95 | area=   all | maxDets=300 ] = 0.424
 Average Recall     (AR) @[ IoU=0.50:0.95 | area=   all | maxDets=1000 ] = 0.424
 Average Recall     (AR) @[ IoU=0.50:0.95 | area= small | maxDets=1000 ] = 0.033
 Average Recall     (AR) @[ IoU=0.50:0.95 | area=medium | maxDets=1000 ] = 0.384
 Average Recall     (AR) @[ IoU=0.50:0.95 | area= large | maxDets=1000 ] = 0.470

2026-05-11 19:18:41,081 - mmdet - INFO - Exp name: fold_3_r50_300e_hbb.py
2026-05-11 19:18:41,081 - mmdet - INFO - Epoch(val) [130][370]	bbox_mAP: 0.3050, bbox_mAP_50: 0.6950, bbox_mAP_75: 0.2200, bbox_mAP_s: 0.0010, bbox_mAP_m: 0.2530, bbox_mAP_l: 0.3690, bbox_mAP_copypaste: 0.305 0.695 0.220 0.001 0.253 0.369
2026-05-11 19:19:10,743 - mmdet - INFO - Epoch [131][50/186]	lr: 1.208e-02, eta: 3:51:01, time: 0.591, data_time: 0.084, memory: 6154, loss_rpn_cls: 0.0175, loss_rpn_bbox: 0.0024, loss_cls: 0.0733, acc: 97.3525, loss_bbox: 0.0418, loss: 0.1351, grad_norm: 1.0519
2026-05-11 19:19:36,653 - mmdet - INFO - Epoch [131][100/186]	lr: 1.208e-02, eta: 3:50:44, time: 0.520, data_time: 0.015, memory: 6154, loss_rpn_cls: 0.0117, loss_rpn_bbox: 0.0022, loss_cls: 0.0683, acc: 97.4316, loss_bbox: 0.0459, loss: 0.1280, grad_norm: 1.0138
2026-05-11 19:20:02,546 - mmdet - INFO - Epoch [131][150/186]	lr: 1.208e-02, eta: 3:50:27, time: 0.516, data_time: 0.013, memory: 6154, loss_rpn_cls: 0.0174, loss_rpn_bbox: 0.0026, loss_cls: 0.0762, acc: 97.1875, loss_bbox: 0.0489, loss: 0.1452, grad_norm: 1.0306
2026-05-11 19:20:50,988 - mmdet - INFO - Epoch [132][50/186]	lr: 1.198e-02, eta: 3:49:39, time: 0.594, data_time: 0.083, memory: 6154, loss_rpn_cls: 0.0132, loss_rpn_bbox: 0.0026, loss_cls: 0.0886, acc: 96.7412, loss_bbox: 0.0537, loss: 0.1581, grad_norm: 1.1368
2026-05-11 19:21:16,983 - mmdet - INFO - Epoch [132][100/186]	lr: 1.198e-02, eta: 3:49:22, time: 0.518, data_time: 0.013, memory: 6154, loss_rpn_cls: 0.0188, loss_rpn_bbox: 0.0026, loss_cls: 0.0785, acc: 97.0830, loss_bbox: 0.0473, loss: 0.1472, grad_norm: 1.1115
2026-05-11 19:21:42,998 - mmdet - INFO - Epoch [132][150/186]	lr: 1.198e-02, eta: 3:49:05, time: 0.522, data_time: 0.015, memory: 6154, loss_rpn_cls: 0.0137, loss_rpn_bbox: 0.0033, loss_cls: 0.0768, acc: 97.0820, loss_bbox: 0.0500, loss: 0.1438, grad_norm: 1.0862
2026-05-11 19:22:31,346 - mmdet - INFO - Epoch [133][50/186]	lr: 1.187e-02, eta: 3:48:17, time: 0.591, data_time: 0.083, memory: 6154, loss_rpn_cls: 0.0114, loss_rpn_bbox: 0.0021, loss_cls: 0.0693, acc: 97.3145, loss_bbox: 0.0421, loss: 0.1249, grad_norm: 1.0016
2026-05-11 19:22:57,315 - mmdet - INFO - Epoch [133][100/186]	lr: 1.187e-02, eta: 3:48:00, time: 0.521, data_time: 0.015, memory: 6154, loss_rpn_cls: 0.0150, loss_rpn_bbox: 0.0026, loss_cls: 0.0749, acc: 97.1219, loss_bbox: 0.0453, loss: 0.1378, grad_norm: 1.0015
2026-05-11 19:23:23,272 - mmdet - INFO - Epoch [133][150/186]	lr: 1.187e-02, eta: 3:47:43, time: 0.517, data_time: 0.013, memory: 6154, loss_rpn_cls: 0.0172, loss_rpn_bbox: 0.0025, loss_cls: 0.0867, acc: 96.7617, loss_bbox: 0.0562, loss: 0.1627, grad_norm: 1.0694
2026-05-11 19:24:11,622 - mmdet - INFO - Epoch [134][50/186]	lr: 1.177e-02, eta: 3:46:55, time: 0.593, data_time: 0.083, memory: 6154, loss_rpn_cls: 0.0180, loss_rpn_bbox: 0.0029, loss_cls: 0.0825, acc: 96.8809, loss_bbox: 0.0537, loss: 0.1571, grad_norm: 1.1487
2026-05-11 19:24:37,584 - mmdet - INFO - Epoch [134][100/186]	lr: 1.177e-02, eta: 3:46:38, time: 0.517, data_time: 0.013, memory: 6154, loss_rpn_cls: 0.0193, loss_rpn_bbox: 0.0025, loss_cls: 0.0784, acc: 97.0938, loss_bbox: 0.0494, loss: 0.1495, grad_norm: 1.1976
2026-05-11 19:25:03,533 - mmdet - INFO - Epoch [134][150/186]	lr: 1.177e-02, eta: 3:46:21, time: 0.521, data_time: 0.015, memory: 6154, loss_rpn_cls: 0.0170, loss_rpn_bbox: 0.0026, loss_cls: 0.0827, acc: 96.9287, loss_bbox: 0.0527, loss: 0.1550, grad_norm: 1.1617
2026-05-11 19:25:52,001 - mmdet - INFO - Epoch [135][50/186]	lr: 1.167e-02, eta: 3:45:34, time: 0.592, data_time: 0.083, memory: 6154, loss_rpn_cls: 0.0142, loss_rpn_bbox: 0.0022, loss_cls: 0.0769, acc: 97.1035, loss_bbox: 0.0479, loss: 0.1412, grad_norm: 1.0811
2026-05-11 19:26:18,030 - mmdet - INFO - Epoch [135][100/186]	lr: 1.167e-02, eta: 3:45:17, time: 0.522, data_time: 0.015, memory: 6154, loss_rpn_cls: 0.0176, loss_rpn_bbox: 0.0024, loss_cls: 0.0810, acc: 96.9355, loss_bbox: 0.0544, loss: 0.1554, grad_norm: 1.1108
2026-05-11 19:26:43,906 - mmdet - INFO - Epoch [135][150/186]	lr: 1.167e-02, eta: 3:44:59, time: 0.516, data_time: 0.013, memory: 6154, loss_rpn_cls: 0.0141, loss_rpn_bbox: 0.0025, loss_cls: 0.0720, acc: 97.3047, loss_bbox: 0.0466, loss: 0.1352, grad_norm: 1.0622
2026-05-11 19:27:32,395 - mmdet - INFO - Epoch [136][50/186]	lr: 1.156e-02, eta: 3:44:12, time: 0.596, data_time: 0.083, memory: 6154, loss_rpn_cls: 0.0158, loss_rpn_bbox: 0.0023, loss_cls: 0.0796, acc: 97.0869, loss_bbox: 0.0481, loss: 0.1458, grad_norm: 1.1460
2026-05-11 19:27:58,420 - mmdet - INFO - Epoch [136][100/186]	lr: 1.156e-02, eta: 3:43:55, time: 0.519, data_time: 0.013, memory: 6154, loss_rpn_cls: 0.0106, loss_rpn_bbox: 0.0019, loss_cls: 0.0675, acc: 97.5225, loss_bbox: 0.0416, loss: 0.1216, grad_norm: 1.0382
2026-05-11 19:28:24,399 - mmdet - INFO - Epoch [136][150/186]	lr: 1.156e-02, eta: 3:43:38, time: 0.521, data_time: 0.015, memory: 6154, loss_rpn_cls: 0.0124, loss_rpn_bbox: 0.0024, loss_cls: 0.0706, acc: 97.3955, loss_bbox: 0.0465, loss: 0.1319, grad_norm: 1.0395
2026-05-11 19:29:13,017 - mmdet - INFO - Epoch [137][50/186]	lr: 1.146e-02, eta: 3:42:50, time: 0.594, data_time: 0.084, memory: 6154, loss_rpn_cls: 0.0238, loss_rpn_bbox: 0.0027, loss_cls: 0.0846, acc: 96.8232, loss_bbox: 0.0507, loss: 0.1618, grad_norm: 1.1772
2026-05-11 19:29:38,989 - mmdet - INFO - Epoch [137][100/186]	lr: 1.146e-02, eta: 3:42:33, time: 0.521, data_time: 0.015, memory: 6154, loss_rpn_cls: 0.0158, loss_rpn_bbox: 0.0026, loss_cls: 0.0782, acc: 97.1348, loss_bbox: 0.0500, loss: 0.1466, grad_norm: 1.1099
2026-05-11 19:30:04,884 - mmdet - INFO - Epoch [137][150/186]	lr: 1.146e-02, eta: 3:42:16, time: 0.516, data_time: 0.013, memory: 6154, loss_rpn_cls: 0.0148, loss_rpn_bbox: 0.0025, loss_cls: 0.0781, acc: 97.0547, loss_bbox: 0.0536, loss: 0.1490, grad_norm: 1.0915
2026-05-11 19:30:53,305 - mmdet - INFO - Epoch [138][50/186]	lr: 1.136e-02, eta: 3:41:29, time: 0.594, data_time: 0.084, memory: 6154, loss_rpn_cls: 0.0134, loss_rpn_bbox: 0.0024, loss_cls: 0.0792, acc: 96.9092, loss_bbox: 0.0504, loss: 0.1454, grad_norm: 1.0971
2026-05-11 19:31:19,214 - mmdet - INFO - Epoch [138][100/186]	lr: 1.136e-02, eta: 3:41:11, time: 0.516, data_time: 0.013, memory: 6154, loss_rpn_cls: 0.0102, loss_rpn_bbox: 0.0023, loss_cls: 0.0762, acc: 97.1172, loss_bbox: 0.0490, loss: 0.1377, grad_norm: 1.0463
2026-05-11 19:31:45,150 - mmdet - INFO - Epoch [138][150/186]	lr: 1.136e-02, eta: 3:40:54, time: 0.521, data_time: 0.015, memory: 6154, loss_rpn_cls: 0.0173, loss_rpn_bbox: 0.0024, loss_cls: 0.0763, acc: 97.1533, loss_bbox: 0.0486, loss: 0.1447, grad_norm: 1.0660
2026-05-11 19:32:33,424 - mmdet - INFO - Epoch [139][50/186]	lr: 1.125e-02, eta: 3:40:06, time: 0.588, data_time: 0.083, memory: 6154, loss_rpn_cls: 0.0153, loss_rpn_bbox: 0.0026, loss_cls: 0.0715, acc: 97.2891, loss_bbox: 0.0429, loss: 0.1322, grad_norm: 1.0639
2026-05-11 19:32:59,264 - mmdet - INFO - Epoch [139][100/186]	lr: 1.125e-02, eta: 3:39:49, time: 0.519, data_time: 0.015, memory: 6154, loss_rpn_cls: 0.0147, loss_rpn_bbox: 0.0021, loss_cls: 0.0779, acc: 97.0322, loss_bbox: 0.0499, loss: 0.1447, grad_norm: 1.0473
2026-05-11 19:33:25,163 - mmdet - INFO - Epoch [139][150/186]	lr: 1.125e-02, eta: 3:39:32, time: 0.516, data_time: 0.013, memory: 6154, loss_rpn_cls: 0.0161, loss_rpn_bbox: 0.0026, loss_cls: 0.0747, acc: 97.2109, loss_bbox: 0.0475, loss: 0.1408, grad_norm: 1.0618
2026-05-11 19:34:13,578 - mmdet - INFO - Epoch [140][50/186]	lr: 1.115e-02, eta: 3:38:44, time: 0.594, data_time: 0.084, memory: 6154, loss_rpn_cls: 0.0177, loss_rpn_bbox: 0.0025, loss_cls: 0.0730, acc: 97.2178, loss_bbox: 0.0447, loss: 0.1378, grad_norm: 1.0963
2026-05-11 19:34:39,490 - mmdet - INFO - Epoch [140][100/186]	lr: 1.115e-02, eta: 3:38:27, time: 0.516, data_time: 0.013, memory: 6154, loss_rpn_cls: 0.0151, loss_rpn_bbox: 0.0021, loss_cls: 0.0649, acc: 97.5156, loss_bbox: 0.0419, loss: 0.1240, grad_norm: 1.0493
2026-05-11 19:35:05,374 - mmdet - INFO - Epoch [140][150/186]	lr: 1.115e-02, eta: 3:38:10, time: 0.520, data_time: 0.015, memory: 6154, loss_rpn_cls: 0.0150, loss_rpn_bbox: 0.0024, loss_cls: 0.0707, acc: 97.3828, loss_bbox: 0.0495, loss: 0.1377, grad_norm: 1.0601
2026-05-11 19:35:24,136 - mmdet - INFO - Saving checkpoint at 140 epochs
2026-05-11 19:35:59,632 - mmdet - INFO - Evaluating bbox...
2026-05-11 19:36:02,239 - mmdet - INFO - 
 Average Precision  (AP) @[ IoU=0.50:0.95 | area=   all | maxDets=100 ] = 0.298
 Average Precision  (AP) @[ IoU=0.50      | area=   all | maxDets=1000 ] = 0.665
 Average Precision  (AP) @[ IoU=0.75      | area=   all | maxDets=1000 ] = 0.212
 Average Precision  (AP) @[ IoU=0.50:0.95 | area= small | maxDets=1000 ] = 0.001
 Average Precision  (AP) @[ IoU=0.50:0.95 | area=medium | maxDets=1000 ] = 0.239
 Average Precision  (AP) @[ IoU=0.50:0.95 | area= large | maxDets=1000 ] = 0.372
 Average Recall     (AR) @[ IoU=0.50:0.95 | area=   all | maxDets=100 ] = 0.420
 Average Recall     (AR) @[ IoU=0.50:0.95 | area=   all | maxDets=300 ] = 0.420
 Average Recall     (AR) @[ IoU=0.50:0.95 | area=   all | maxDets=1000 ] = 0.420
 Average Recall     (AR) @[ IoU=0.50:0.95 | area= small | maxDets=1000 ] = 0.040
 Average Recall     (AR) @[ IoU=0.50:0.95 | area=medium | maxDets=1000 ] = 0.382
 Average Recall     (AR) @[ IoU=0.50:0.95 | area= large | maxDets=1000 ] = 0.464

2026-05-11 19:36:02,245 - mmdet - INFO - Exp name: fold_3_r50_300e_hbb.py
2026-05-11 19:36:02,245 - mmdet - INFO - Epoch(val) [140][370]	bbox_mAP: 0.2980, bbox_mAP_50: 0.6650, bbox_mAP_75: 0.2120, bbox_mAP_s: 0.0010, bbox_mAP_m: 0.2390, bbox_mAP_l: 0.3720, bbox_mAP_copypaste: 0.298 0.665 0.212 0.001 0.239 0.372
2026-05-11 19:36:31,903 - mmdet - INFO - Epoch [141][50/186]	lr: 1.105e-02, eta: 3:37:22, time: 0.591, data_time: 0.084, memory: 6154, loss_rpn_cls: 0.0133, loss_rpn_bbox: 0.0022, loss_cls: 0.0732, acc: 97.3115, loss_bbox: 0.0437, loss: 0.1324, grad_norm: 1.1042
2026-05-11 19:36:57,880 - mmdet - INFO - Epoch [141][100/186]	lr: 1.105e-02, eta: 3:37:05, time: 0.521, data_time: 0.015, memory: 6154, loss_rpn_cls: 0.0207, loss_rpn_bbox: 0.0029, loss_cls: 0.0826, acc: 96.8770, loss_bbox: 0.0513, loss: 0.1574, grad_norm: 1.1392
2026-05-11 19:37:23,782 - mmdet - INFO - Epoch [141][150/186]	lr: 1.105e-02, eta: 3:36:48, time: 0.516, data_time: 0.013, memory: 6154, loss_rpn_cls: 0.0134, loss_rpn_bbox: 0.0020, loss_cls: 0.0692, acc: 97.4238, loss_bbox: 0.0433, loss: 0.1280, grad_norm: 1.1135
2026-05-11 19:38:12,247 - mmdet - INFO - Epoch [142][50/186]	lr: 1.094e-02, eta: 3:36:01, time: 0.594, data_time: 0.083, memory: 6154, loss_rpn_cls: 0.0177, loss_rpn_bbox: 0.0029, loss_cls: 0.0759, acc: 97.1641, loss_bbox: 0.0450, loss: 0.1416, grad_norm: 1.1241
2026-05-11 19:38:38,184 - mmdet - INFO - Epoch [142][100/186]	lr: 1.094e-02, eta: 3:35:43, time: 0.517, data_time: 0.013, memory: 6154, loss_rpn_cls: 0.0185, loss_rpn_bbox: 0.0026, loss_cls: 0.0813, acc: 96.8633, loss_bbox: 0.0524, loss: 0.1548, grad_norm: 1.1535
2026-05-11 19:39:04,022 - mmdet - INFO - Epoch [142][150/186]	lr: 1.094e-02, eta: 3:35:26, time: 0.519, data_time: 0.015, memory: 6154, loss_rpn_cls: 0.0143, loss_rpn_bbox: 0.0021, loss_cls: 0.0701, acc: 97.3652, loss_bbox: 0.0472, loss: 0.1337, grad_norm: 1.1238
2026-05-11 19:39:52,499 - mmdet - INFO - Epoch [143][50/186]	lr: 1.084e-02, eta: 3:34:39, time: 0.591, data_time: 0.083, memory: 6154, loss_rpn_cls: 0.0196, loss_rpn_bbox: 0.0026, loss_cls: 0.0776, acc: 97.1035, loss_bbox: 0.0462, loss: 0.1460, grad_norm: 1.1317
2026-05-11 19:40:18,419 - mmdet - INFO - Epoch [143][100/186]	lr: 1.084e-02, eta: 3:34:21, time: 0.520, data_time: 0.015, memory: 6154, loss_rpn_cls: 0.0129, loss_rpn_bbox: 0.0018, loss_cls: 0.0641, acc: 97.5377, loss_bbox: 0.0415, loss: 0.1204, grad_norm: 1.0360
2026-05-11 19:40:44,303 - mmdet - INFO - Epoch [143][150/186]	lr: 1.084e-02, eta: 3:34:03, time: 0.516, data_time: 0.013, memory: 6154, loss_rpn_cls: 0.0148, loss_rpn_bbox: 0.0025, loss_cls: 0.0731, acc: 97.2344, loss_bbox: 0.0472, loss: 0.1376, grad_norm: 1.0268
2026-05-11 19:41:32,816 - mmdet - INFO - Epoch [144][50/186]	lr: 1.073e-02, eta: 3:33:17, time: 0.594, data_time: 0.083, memory: 6154, loss_rpn_cls: 0.0130, loss_rpn_bbox: 0.0020, loss_cls: 0.0754, acc: 97.1650, loss_bbox: 0.0454, loss: 0.1359, grad_norm: 1.1064
2026-05-11 19:41:58,761 - mmdet - INFO - Epoch [144][100/186]	lr: 1.073e-02, eta: 3:32:59, time: 0.517, data_time: 0.013, memory: 6154, loss_rpn_cls: 0.0175, loss_rpn_bbox: 0.0024, loss_cls: 0.0759, acc: 97.1094, loss_bbox: 0.0471, loss: 0.1429, grad_norm: 1.0951
2026-05-11 19:42:24,774 - mmdet - INFO - Epoch [144][150/186]	lr: 1.073e-02, eta: 3:32:42, time: 0.522, data_time: 0.015, memory: 6154, loss_rpn_cls: 0.0129, loss_rpn_bbox: 0.0023, loss_cls: 0.0754, acc: 97.1152, loss_bbox: 0.0523, loss: 0.1429, grad_norm: 1.0943
2026-05-11 19:43:13,427 - mmdet - INFO - Epoch [145][50/186]	lr: 1.063e-02, eta: 3:31:55, time: 0.595, data_time: 0.083, memory: 6154, loss_rpn_cls: 0.0123, loss_rpn_bbox: 0.0021, loss_cls: 0.0766, acc: 97.0840, loss_bbox: 0.0471, loss: 0.1382, grad_norm: 1.1003
2026-05-11 19:43:39,464 - mmdet - INFO - Epoch [145][100/186]	lr: 1.063e-02, eta: 3:31:38, time: 0.523, data_time: 0.015, memory: 6154, loss_rpn_cls: 0.0167, loss_rpn_bbox: 0.0022, loss_cls: 0.0726, acc: 97.2305, loss_bbox: 0.0457, loss: 0.1373, grad_norm: 1.0486
2026-05-11 19:44:05,464 - mmdet - INFO - Epoch [145][150/186]	lr: 1.063e-02, eta: 3:31:20, time: 0.518, data_time: 0.013, memory: 6154, loss_rpn_cls: 0.0172, loss_rpn_bbox: 0.0024, loss_cls: 0.0763, acc: 97.1104, loss_bbox: 0.0478, loss: 0.1437, grad_norm: 1.0658
2026-05-11 19:44:53,690 - mmdet - INFO - Epoch [146][50/186]	lr: 1.052e-02, eta: 3:30:34, time: 0.591, data_time: 0.083, memory: 6154, loss_rpn_cls: 0.0088, loss_rpn_bbox: 0.0018, loss_cls: 0.0573, acc: 97.8564, loss_bbox: 0.0319, loss: 0.0998, grad_norm: 0.9559
2026-05-11 19:45:19,584 - mmdet - INFO - Epoch [146][100/186]	lr: 1.052e-02, eta: 3:30:16, time: 0.516, data_time: 0.013, memory: 6154, loss_rpn_cls: 0.0148, loss_rpn_bbox: 0.0024, loss_cls: 0.0760, acc: 97.0635, loss_bbox: 0.0497, loss: 0.1429, grad_norm: 1.0382
2026-05-11 19:45:45,570 - mmdet - INFO - Epoch [146][150/186]	lr: 1.052e-02, eta: 3:29:58, time: 0.522, data_time: 0.015, memory: 6154, loss_rpn_cls: 0.0196, loss_rpn_bbox: 0.0028, loss_cls: 0.0783, acc: 97.0254, loss_bbox: 0.0489, loss: 0.1496, grad_norm: 1.0494
2026-05-11 19:46:34,029 - mmdet - INFO - Epoch [147][50/186]	lr: 1.042e-02, eta: 3:29:12, time: 0.591, data_time: 0.082, memory: 6154, loss_rpn_cls: 0.0145, loss_rpn_bbox: 0.0021, loss_cls: 0.0740, acc: 97.2480, loss_bbox: 0.0446, loss: 0.1352, grad_norm: 1.1116
2026-05-11 19:47:00,129 - mmdet - INFO - Epoch [147][100/186]	lr: 1.042e-02, eta: 3:28:54, time: 0.524, data_time: 0.015, memory: 6154, loss_rpn_cls: 0.0157, loss_rpn_bbox: 0.0022, loss_cls: 0.0718, acc: 97.3496, loss_bbox: 0.0461, loss: 0.1358, grad_norm: 1.1048
2026-05-11 19:47:26,010 - mmdet - INFO - Epoch [147][150/186]	lr: 1.042e-02, eta: 3:28:36, time: 0.516, data_time: 0.013, memory: 6154, loss_rpn_cls: 0.0105, loss_rpn_bbox: 0.0021, loss_cls: 0.0718, acc: 97.2305, loss_bbox: 0.0484, loss: 0.1329, grad_norm: 1.0817
2026-05-11 19:48:14,444 - mmdet - INFO - Epoch [148][50/186]	lr: 1.031e-02, eta: 3:27:50, time: 0.594, data_time: 0.083, memory: 6154, loss_rpn_cls: 0.0147, loss_rpn_bbox: 0.0021, loss_cls: 0.0676, acc: 97.5000, loss_bbox: 0.0415, loss: 0.1258, grad_norm: 0.9632
2026-05-11 19:48:40,363 - mmdet - INFO - Epoch [148][100/186]	lr: 1.031e-02, eta: 3:27:32, time: 0.516, data_time: 0.013, memory: 6154, loss_rpn_cls: 0.0157, loss_rpn_bbox: 0.0024, loss_cls: 0.0746, acc: 97.2080, loss_bbox: 0.0490, loss: 0.1418, grad_norm: 1.0856
2026-05-11 19:49:06,314 - mmdet - INFO - Epoch [148][150/186]	lr: 1.031e-02, eta: 3:27:14, time: 0.521, data_time: 0.015, memory: 6154, loss_rpn_cls: 0.0191, loss_rpn_bbox: 0.0025, loss_cls: 0.0775, acc: 97.1465, loss_bbox: 0.0477, loss: 0.1468, grad_norm: 1.0844
2026-05-11 19:49:54,836 - mmdet - INFO - Epoch [149][50/186]	lr: 1.021e-02, eta: 3:26:28, time: 0.592, data_time: 0.083, memory: 6154, loss_rpn_cls: 0.0129, loss_rpn_bbox: 0.0023, loss_cls: 0.0769, acc: 97.0098, loss_bbox: 0.0498, loss: 0.1418, grad_norm: 1.1543
2026-05-11 19:50:20,796 - mmdet - INFO - Epoch [149][100/186]	lr: 1.021e-02, eta: 3:26:10, time: 0.521, data_time: 0.015, memory: 6154, loss_rpn_cls: 0.0176, loss_rpn_bbox: 0.0025, loss_cls: 0.0756, acc: 97.1943, loss_bbox: 0.0481, loss: 0.1438, grad_norm: 1.1039
2026-05-11 19:50:46,732 - mmdet - INFO - Epoch [149][150/186]	lr: 1.021e-02, eta: 3:25:52, time: 0.517, data_time: 0.013, memory: 6154, loss_rpn_cls: 0.0175, loss_rpn_bbox: 0.0026, loss_cls: 0.0700, acc: 97.3369, loss_bbox: 0.0450, loss: 0.1351, grad_norm: 1.0989
2026-05-11 19:51:35,189 - mmdet - INFO - Epoch [150][50/186]	lr: 1.011e-02, eta: 3:25:07, time: 0.595, data_time: 0.084, memory: 6154, loss_rpn_cls: 0.0171, loss_rpn_bbox: 0.0019, loss_cls: 0.0665, acc: 97.5146, loss_bbox: 0.0384, loss: 0.1239, grad_norm: 1.0933
2026-05-11 19:52:01,162 - mmdet - INFO - Epoch [150][100/186]	lr: 1.011e-02, eta: 3:24:49, time: 0.518, data_time: 0.013, memory: 6154, loss_rpn_cls: 0.0182, loss_rpn_bbox: 0.0026, loss_cls: 0.0802, acc: 97.0957, loss_bbox: 0.0529, loss: 0.1539, grad_norm: 1.1386
2026-05-11 19:52:27,128 - mmdet - INFO - Epoch [150][150/186]	lr: 1.011e-02, eta: 3:24:31, time: 0.521, data_time: 0.015, memory: 6154, loss_rpn_cls: 0.0143, loss_rpn_bbox: 0.0023, loss_cls: 0.0662, acc: 97.4268, loss_bbox: 0.0423, loss: 0.1251, grad_norm: 1.0794
2026-05-11 19:52:45,976 - mmdet - INFO - Saving checkpoint at 150 epochs
2026-05-11 19:53:21,501 - mmdet - INFO - Evaluating bbox...
2026-05-11 19:53:23,873 - mmdet - INFO - 
 Average Precision  (AP) @[ IoU=0.50:0.95 | area=   all | maxDets=100 ] = 0.309
 Average Precision  (AP) @[ IoU=0.50      | area=   all | maxDets=1000 ] = 0.684
 Average Precision  (AP) @[ IoU=0.75      | area=   all | maxDets=1000 ] = 0.244
 Average Precision  (AP) @[ IoU=0.50:0.95 | area= small | maxDets=1000 ] = 0.000
 Average Precision  (AP) @[ IoU=0.50:0.95 | area=medium | maxDets=1000 ] = 0.252
 Average Precision  (AP) @[ IoU=0.50:0.95 | area= large | maxDets=1000 ] = 0.382
 Average Recall     (AR) @[ IoU=0.50:0.95 | area=   all | maxDets=100 ] = 0.429
 Average Recall     (AR) @[ IoU=0.50:0.95 | area=   all | maxDets=300 ] = 0.429
 Average Recall     (AR) @[ IoU=0.50:0.95 | area=   all | maxDets=1000 ] = 0.429
 Average Recall     (AR) @[ IoU=0.50:0.95 | area= small | maxDets=1000 ] = 0.027
 Average Recall     (AR) @[ IoU=0.50:0.95 | area=medium | maxDets=1000 ] = 0.390
 Average Recall     (AR) @[ IoU=0.50:0.95 | area= large | maxDets=1000 ] = 0.473

2026-05-11 19:53:24,002 - mmdet - INFO - The previous best checkpoint /home/ahmadreza/Downloads/Research/M2SODAI/baseline_official/runs_r50_hbb/r50_hbb_fold_3_20260511/best_bbox_mAP_epoch_120.pth was removed
2026-05-11 19:53:25,518 - mmdet - INFO - Now best checkpoint is saved as best_bbox_mAP_epoch_150.pth.
2026-05-11 19:53:25,518 - mmdet - INFO - Best bbox_mAP is 0.3090 at 150 epoch.
2026-05-11 19:53:25,519 - mmdet - INFO - Exp name: fold_3_r50_300e_hbb.py
2026-05-11 19:53:25,519 - mmdet - INFO - Epoch(val) [150][370]	bbox_mAP: 0.3090, bbox_mAP_50: 0.6840, bbox_mAP_75: 0.2440, bbox_mAP_s: 0.0000, bbox_mAP_m: 0.2520, bbox_mAP_l: 0.3820, bbox_mAP_copypaste: 0.309 0.684 0.244 0.000 0.252 0.382
2026-05-11 19:53:55,247 - mmdet - INFO - Epoch [151][50/186]	lr: 1.000e-02, eta: 3:23:45, time: 0.592, data_time: 0.084, memory: 6154, loss_rpn_cls: 0.0143, loss_rpn_bbox: 0.0023, loss_cls: 0.0799, acc: 96.9824, loss_bbox: 0.0471, loss: 0.1437, grad_norm: 1.1664
2026-05-11 19:54:21,209 - mmdet - INFO - Exp name: fold_3_r50_300e_hbb.py
2026-05-11 19:54:21,209 - mmdet - INFO - Epoch [151][100/186]	lr: 1.000e-02, eta: 3:23:27, time: 0.521, data_time: 0.015, memory: 6154, loss_rpn_cls: 0.0152, loss_rpn_bbox: 0.0022, loss_cls: 0.0664, acc: 97.4854, loss_bbox: 0.0406, loss: 0.1243, grad_norm: 1.0995
2026-05-11 19:54:47,141 - mmdet - INFO - Epoch [151][150/186]	lr: 1.000e-02, eta: 3:23:09, time: 0.517, data_time: 0.013, memory: 6154, loss_rpn_cls: 0.0113, loss_rpn_bbox: 0.0021, loss_cls: 0.0628, acc: 97.6250, loss_bbox: 0.0406, loss: 0.1167, grad_norm: 1.0642
2026-05-11 19:55:35,672 - mmdet - INFO - Epoch [152][50/186]	lr: 9.896e-03, eta: 3:22:23, time: 0.595, data_time: 0.083, memory: 6154, loss_rpn_cls: 0.0151, loss_rpn_bbox: 0.0020, loss_cls: 0.0747, acc: 97.2891, loss_bbox: 0.0426, loss: 0.1344, grad_norm: 1.0242
2026-05-11 19:56:01,656 - mmdet - INFO - Epoch [152][100/186]	lr: 9.896e-03, eta: 3:22:05, time: 0.518, data_time: 0.013, memory: 6154, loss_rpn_cls: 0.0171, loss_rpn_bbox: 0.0020, loss_cls: 0.0662, acc: 97.5654, loss_bbox: 0.0423, loss: 0.1276, grad_norm: 1.0165
2026-05-11 19:56:27,680 - mmdet - INFO - Epoch [152][150/186]	lr: 9.896e-03, eta: 3:21:47, time: 0.522, data_time: 0.015, memory: 6154, loss_rpn_cls: 0.0195, loss_rpn_bbox: 0.0021, loss_cls: 0.0676, acc: 97.5439, loss_bbox: 0.0441, loss: 0.1334, grad_norm: 1.0144
2026-05-11 19:57:16,150 - mmdet - INFO - Epoch [153][50/186]	lr: 9.791e-03, eta: 3:21:01, time: 0.592, data_time: 0.084, memory: 6154, loss_rpn_cls: 0.0144, loss_rpn_bbox: 0.0020, loss_cls: 0.0668, acc: 97.5215, loss_bbox: 0.0401, loss: 0.1233, grad_norm: 0.9846
2026-05-11 19:57:42,106 - mmdet - INFO - Epoch [153][100/186]	lr: 9.791e-03, eta: 3:20:43, time: 0.521, data_time: 0.015, memory: 6154, loss_rpn_cls: 0.0156, loss_rpn_bbox: 0.0021, loss_cls: 0.0668, acc: 97.4131, loss_bbox: 0.0424, loss: 0.1269, grad_norm: 1.0405
2026-05-11 19:58:08,100 - mmdet - INFO - Epoch [153][150/186]	lr: 9.791e-03, eta: 3:20:25, time: 0.518, data_time: 0.013, memory: 6154, loss_rpn_cls: 0.0122, loss_rpn_bbox: 0.0023, loss_cls: 0.0734, acc: 97.2158, loss_bbox: 0.0493, loss: 0.1372, grad_norm: 1.0535
2026-05-11 19:58:56,671 - mmdet - INFO - Epoch [154][50/186]	lr: 9.686e-03, eta: 3:19:40, time: 0.596, data_time: 0.083, memory: 6154, loss_rpn_cls: 0.0135, loss_rpn_bbox: 0.0022, loss_cls: 0.0770, acc: 97.1016, loss_bbox: 0.0452, loss: 0.1379, grad_norm: 1.0166
2026-05-11 19:59:22,712 - mmdet - INFO - Epoch [154][100/186]	lr: 9.686e-03, eta: 3:19:22, time: 0.519, data_time: 0.013, memory: 6154, loss_rpn_cls: 0.0130, loss_rpn_bbox: 0.0023, loss_cls: 0.0716, acc: 97.3018, loss_bbox: 0.0466, loss: 0.1334, grad_norm: 1.0473
2026-05-11 19:59:48,678 - mmdet - INFO - Epoch [154][150/186]	lr: 9.686e-03, eta: 3:19:04, time: 0.521, data_time: 0.015, memory: 6154, loss_rpn_cls: 0.0185, loss_rpn_bbox: 0.0025, loss_cls: 0.0801, acc: 97.0400, loss_bbox: 0.0514, loss: 0.1525, grad_norm: 1.0953
2026-05-11 20:00:37,275 - mmdet - INFO - Epoch [155][50/186]	lr: 9.582e-03, eta: 3:18:18, time: 0.593, data_time: 0.083, memory: 6154, loss_rpn_cls: 0.0167, loss_rpn_bbox: 0.0023, loss_cls: 0.0745, acc: 97.2539, loss_bbox: 0.0445, loss: 0.1380, grad_norm: 1.0306
2026-05-11 20:01:03,263 - mmdet - INFO - Epoch [155][100/186]	lr: 9.582e-03, eta: 3:18:00, time: 0.522, data_time: 0.015, memory: 6154, loss_rpn_cls: 0.0155, loss_rpn_bbox: 0.0019, loss_cls: 0.0637, acc: 97.6553, loss_bbox: 0.0395, loss: 0.1207, grad_norm: 1.0106
2026-05-11 20:01:29,083 - mmdet - INFO - Epoch [155][150/186]	lr: 9.582e-03, eta: 3:17:42, time: 0.514, data_time: 0.013, memory: 6154, loss_rpn_cls: 0.0127, loss_rpn_bbox: 0.0022, loss_cls: 0.0697, acc: 97.4033, loss_bbox: 0.0442, loss: 0.1287, grad_norm: 1.0216
2026-05-11 20:02:17,538 - mmdet - INFO - Epoch [156][50/186]	lr: 9.477e-03, eta: 3:16:57, time: 0.595, data_time: 0.083, memory: 6154, loss_rpn_cls: 0.0133, loss_rpn_bbox: 0.0020, loss_cls: 0.0772, acc: 97.0625, loss_bbox: 0.0468, loss: 0.1394, grad_norm: 1.1029
2026-05-11 20:02:43,462 - mmdet - INFO - Epoch [156][100/186]	lr: 9.477e-03, eta: 3:16:38, time: 0.517, data_time: 0.013, memory: 6154, loss_rpn_cls: 0.0129, loss_rpn_bbox: 0.0021, loss_cls: 0.0662, acc: 97.5029, loss_bbox: 0.0403, loss: 0.1215, grad_norm: 1.0672
2026-05-11 20:03:09,420 - mmdet - INFO - Epoch [156][150/186]	lr: 9.477e-03, eta: 3:16:20, time: 0.521, data_time: 0.015, memory: 6154, loss_rpn_cls: 0.0190, loss_rpn_bbox: 0.0024, loss_cls: 0.0673, acc: 97.5537, loss_bbox: 0.0422, loss: 0.1309, grad_norm: 1.0834
2026-05-11 20:03:57,949 - mmdet - INFO - Epoch [157][50/186]	lr: 9.373e-03, eta: 3:15:35, time: 0.592, data_time: 0.083, memory: 6154, loss_rpn_cls: 0.0182, loss_rpn_bbox: 0.0021, loss_cls: 0.0655, acc: 97.5371, loss_bbox: 0.0390, loss: 0.1248, grad_norm: 1.1076
2026-05-11 20:04:23,877 - mmdet - INFO - Epoch [157][100/186]	lr: 9.373e-03, eta: 3:15:16, time: 0.520, data_time: 0.015, memory: 6154, loss_rpn_cls: 0.0141, loss_rpn_bbox: 0.0024, loss_cls: 0.0775, acc: 97.1289, loss_bbox: 0.0501, loss: 0.1442, grad_norm: 1.1146
2026-05-11 20:04:49,748 - mmdet - INFO - Epoch [157][150/186]	lr: 9.373e-03, eta: 3:14:58, time: 0.515, data_time: 0.013, memory: 6154, loss_rpn_cls: 0.0113, loss_rpn_bbox: 0.0023, loss_cls: 0.0709, acc: 97.3301, loss_bbox: 0.0501, loss: 0.1346, grad_norm: 1.0946
2026-05-11 20:05:38,226 - mmdet - INFO - Epoch [158][50/186]	lr: 9.268e-03, eta: 3:14:13, time: 0.593, data_time: 0.083, memory: 6154, loss_rpn_cls: 0.0113, loss_rpn_bbox: 0.0020, loss_cls: 0.0683, acc: 97.4980, loss_bbox: 0.0378, loss: 0.1195, grad_norm: 1.0257
2026-05-11 20:06:04,197 - mmdet - INFO - Epoch [158][100/186]	lr: 9.268e-03, eta: 3:13:54, time: 0.517, data_time: 0.013, memory: 6154, loss_rpn_cls: 0.0182, loss_rpn_bbox: 0.0024, loss_cls: 0.0721, acc: 97.3477, loss_bbox: 0.0472, loss: 0.1400, grad_norm: 1.0873
2026-05-11 20:06:30,169 - mmdet - INFO - Epoch [158][150/186]	lr: 9.268e-03, eta: 3:13:36, time: 0.521, data_time: 0.015, memory: 6154, loss_rpn_cls: 0.0128, loss_rpn_bbox: 0.0022, loss_cls: 0.0666, acc: 97.4814, loss_bbox: 0.0439, loss: 0.1255, grad_norm: 1.0702
2026-05-11 20:07:18,656 - mmdet - INFO - Epoch [159][50/186]	lr: 9.164e-03, eta: 3:12:51, time: 0.592, data_time: 0.083, memory: 6154, loss_rpn_cls: 0.0135, loss_rpn_bbox: 0.0022, loss_cls: 0.0707, acc: 97.3740, loss_bbox: 0.0426, loss: 0.1290, grad_norm: 1.0301
2026-05-11 20:07:44,678 - mmdet - INFO - Epoch [159][100/186]	lr: 9.164e-03, eta: 3:12:33, time: 0.522, data_time: 0.015, memory: 6154, loss_rpn_cls: 0.0108, loss_rpn_bbox: 0.0024, loss_cls: 0.0744, acc: 97.1543, loss_bbox: 0.0474, loss: 0.1350, grad_norm: 1.0577
2026-05-11 20:08:10,633 - mmdet - INFO - Epoch [159][150/186]	lr: 9.164e-03, eta: 3:12:14, time: 0.517, data_time: 0.013, memory: 6154, loss_rpn_cls: 0.0098, loss_rpn_bbox: 0.0021, loss_cls: 0.0713, acc: 97.3213, loss_bbox: 0.0428, loss: 0.1259, grad_norm: 1.0549
2026-05-11 20:08:59,175 - mmdet - INFO - Epoch [160][50/186]	lr: 9.059e-03, eta: 3:11:30, time: 0.595, data_time: 0.083, memory: 6154, loss_rpn_cls: 0.0134, loss_rpn_bbox: 0.0022, loss_cls: 0.0736, acc: 97.2080, loss_bbox: 0.0466, loss: 0.1359, grad_norm: 1.0181
2026-05-11 20:09:25,165 - mmdet - INFO - Epoch [160][100/186]	lr: 9.059e-03, eta: 3:11:11, time: 0.518, data_time: 0.013, memory: 6154, loss_rpn_cls: 0.0108, loss_rpn_bbox: 0.0019, loss_cls: 0.0693, acc: 97.3662, loss_bbox: 0.0427, loss: 0.1247, grad_norm: 1.0225
2026-05-11 20:09:51,164 - mmdet - INFO - Epoch [160][150/186]	lr: 9.059e-03, eta: 3:10:53, time: 0.522, data_time: 0.015, memory: 6154, loss_rpn_cls: 0.0132, loss_rpn_bbox: 0.0023, loss_cls: 0.0706, acc: 97.3350, loss_bbox: 0.0449, loss: 0.1311, grad_norm: 1.0179
2026-05-11 20:10:10,020 - mmdet - INFO - Saving checkpoint at 160 epochs
2026-05-11 20:10:45,702 - mmdet - INFO - Evaluating bbox...
2026-05-11 20:10:48,115 - mmdet - INFO - 
 Average Precision  (AP) @[ IoU=0.50:0.95 | area=   all | maxDets=100 ] = 0.284
 Average Precision  (AP) @[ IoU=0.50      | area=   all | maxDets=1000 ] = 0.648
 Average Precision  (AP) @[ IoU=0.75      | area=   all | maxDets=1000 ] = 0.197
 Average Precision  (AP) @[ IoU=0.50:0.95 | area= small | maxDets=1000 ] = 0.000
 Average Precision  (AP) @[ IoU=0.50:0.95 | area=medium | maxDets=1000 ] = 0.233
 Average Precision  (AP) @[ IoU=0.50:0.95 | area= large | maxDets=1000 ] = 0.364
 Average Recall     (AR) @[ IoU=0.50:0.95 | area=   all | maxDets=100 ] = 0.417
 Average Recall     (AR) @[ IoU=0.50:0.95 | area=   all | maxDets=300 ] = 0.417
 Average Recall     (AR) @[ IoU=0.50:0.95 | area=   all | maxDets=1000 ] = 0.417
 Average Recall     (AR) @[ IoU=0.50:0.95 | area= small | maxDets=1000 ] = 0.047
 Average Recall     (AR) @[ IoU=0.50:0.95 | area=medium | maxDets=1000 ] = 0.378
 Average Recall     (AR) @[ IoU=0.50:0.95 | area= large | maxDets=1000 ] = 0.462

2026-05-11 20:10:48,121 - mmdet - INFO - Exp name: fold_3_r50_300e_hbb.py
2026-05-11 20:10:48,121 - mmdet - INFO - Epoch(val) [160][370]	bbox_mAP: 0.2840, bbox_mAP_50: 0.6480, bbox_mAP_75: 0.1970, bbox_mAP_s: 0.0000, bbox_mAP_m: 0.2330, bbox_mAP_l: 0.3640, bbox_mAP_copypaste: 0.284 0.648 0.197 0.000 0.233 0.364
2026-05-11 20:11:17,778 - mmdet - INFO - Epoch [161][50/186]	lr: 8.955e-03, eta: 3:10:08, time: 0.591, data_time: 0.083, memory: 6154, loss_rpn_cls: 0.0166, loss_rpn_bbox: 0.0025, loss_cls: 0.0769, acc: 97.1396, loss_bbox: 0.0474, loss: 0.1434, grad_norm: 1.0594
2026-05-11 20:11:43,927 - mmdet - INFO - Epoch [161][100/186]	lr: 8.955e-03, eta: 3:09:50, time: 0.525, data_time: 0.015, memory: 6154, loss_rpn_cls: 0.0174, loss_rpn_bbox: 0.0022, loss_cls: 0.0715, acc: 97.2959, loss_bbox: 0.0440, loss: 0.1352, grad_norm: 1.1263
2026-05-11 20:12:10,013 - mmdet - INFO - Epoch [161][150/186]	lr: 8.955e-03, eta: 3:09:31, time: 0.520, data_time: 0.013, memory: 6154, loss_rpn_cls: 0.0154, loss_rpn_bbox: 0.0027, loss_cls: 0.0773, acc: 97.1006, loss_bbox: 0.0532, loss: 0.1486, grad_norm: 1.1478
2026-05-11 20:12:58,815 - mmdet - INFO - Epoch [162][50/186]	lr: 8.851e-03, eta: 3:08:47, time: 0.596, data_time: 0.084, memory: 6154, loss_rpn_cls: 0.0108, loss_rpn_bbox: 0.0020, loss_cls: 0.0674, acc: 97.5166, loss_bbox: 0.0392, loss: 0.1194, grad_norm: 1.1056
2026-05-11 20:13:24,809 - mmdet - INFO - Epoch [162][100/186]	lr: 8.851e-03, eta: 3:08:28, time: 0.518, data_time: 0.013, memory: 6154, loss_rpn_cls: 0.0145, loss_rpn_bbox: 0.0023, loss_cls: 0.0725, acc: 97.2441, loss_bbox: 0.0461, loss: 0.1355, grad_norm: 1.1304
2026-05-11 20:13:50,730 - mmdet - INFO - Epoch [162][150/186]	lr: 8.851e-03, eta: 3:08:09, time: 0.520, data_time: 0.015, memory: 6154, loss_rpn_cls: 0.0128, loss_rpn_bbox: 0.0023, loss_cls: 0.0694, acc: 97.3564, loss_bbox: 0.0459, loss: 0.1304, grad_norm: 1.0983
2026-05-11 20:14:39,389 - mmdet - INFO - Epoch [163][50/186]	lr: 8.747e-03, eta: 3:07:25, time: 0.595, data_time: 0.086, memory: 6154, loss_rpn_cls: 0.0179, loss_rpn_bbox: 0.0023, loss_cls: 0.0734, acc: 97.3154, loss_bbox: 0.0446, loss: 0.1383, grad_norm: 1.1527
2026-05-11 20:15:05,526 - mmdet - INFO - Epoch [163][100/186]	lr: 8.747e-03, eta: 3:07:07, time: 0.525, data_time: 0.015, memory: 6154, loss_rpn_cls: 0.0150, loss_rpn_bbox: 0.0021, loss_cls: 0.0671, acc: 97.5342, loss_bbox: 0.0419, loss: 0.1261, grad_norm: 1.0902
2026-05-11 20:15:31,521 - mmdet - INFO - Epoch [163][150/186]	lr: 8.747e-03, eta: 3:06:48, time: 0.518, data_time: 0.013, memory: 6154, loss_rpn_cls: 0.0125, loss_rpn_bbox: 0.0025, loss_cls: 0.0645, acc: 97.5039, loss_bbox: 0.0427, loss: 0.1222, grad_norm: 1.0651
2026-05-11 20:16:20,029 - mmdet - INFO - Epoch [164][50/186]	lr: 8.643e-03, eta: 3:06:03, time: 0.594, data_time: 0.084, memory: 6154, loss_rpn_cls: 0.0146, loss_rpn_bbox: 0.0020, loss_cls: 0.0674, acc: 97.4912, loss_bbox: 0.0386, loss: 0.1226, grad_norm: 1.0374
2026-05-11 20:16:45,973 - mmdet - INFO - Epoch [164][100/186]	lr: 8.643e-03, eta: 3:05:45, time: 0.517, data_time: 0.013, memory: 6154, loss_rpn_cls: 0.0121, loss_rpn_bbox: 0.0018, loss_cls: 0.0643, acc: 97.5791, loss_bbox: 0.0417, loss: 0.1200, grad_norm: 1.0423
2026-05-11 20:17:11,976 - mmdet - INFO - Epoch [164][150/186]	lr: 8.643e-03, eta: 3:05:26, time: 0.522, data_time: 0.015, memory: 6154, loss_rpn_cls: 0.0111, loss_rpn_bbox: 0.0024, loss_cls: 0.0721, acc: 97.3809, loss_bbox: 0.0446, loss: 0.1302, grad_norm: 1.0320
2026-05-11 20:18:00,749 - mmdet - INFO - Epoch [165][50/186]	lr: 8.540e-03, eta: 3:04:42, time: 0.596, data_time: 0.084, memory: 6154, loss_rpn_cls: 0.0111, loss_rpn_bbox: 0.0022, loss_cls: 0.0743, acc: 97.2070, loss_bbox: 0.0489, loss: 0.1366, grad_norm: 1.0739
2026-05-11 20:18:26,713 - mmdet - INFO - Epoch [165][100/186]	lr: 8.540e-03, eta: 3:04:23, time: 0.521, data_time: 0.015, memory: 6154, loss_rpn_cls: 0.0107, loss_rpn_bbox: 0.0022, loss_cls: 0.0651, acc: 97.5068, loss_bbox: 0.0417, loss: 0.1197, grad_norm: 1.0168
2026-05-11 20:18:52,777 - mmdet - INFO - Epoch [165][150/186]	lr: 8.540e-03, eta: 3:04:05, time: 0.519, data_time: 0.013, memory: 6154, loss_rpn_cls: 0.0183, loss_rpn_bbox: 0.0021, loss_cls: 0.0746, acc: 97.2012, loss_bbox: 0.0467, loss: 0.1418, grad_norm: 1.0729
2026-05-11 20:19:42,039 - mmdet - INFO - Epoch [166][50/186]	lr: 8.436e-03, eta: 3:03:21, time: 0.609, data_time: 0.085, memory: 6154, loss_rpn_cls: 0.0142, loss_rpn_bbox: 0.0023, loss_cls: 0.0694, acc: 97.2979, loss_bbox: 0.0432, loss: 0.1290, grad_norm: 1.0814
2026-05-11 20:20:07,973 - mmdet - INFO - Epoch [166][100/186]	lr: 8.436e-03, eta: 3:03:02, time: 0.517, data_time: 0.013, memory: 6154, loss_rpn_cls: 0.0117, loss_rpn_bbox: 0.0021, loss_cls: 0.0668, acc: 97.4482, loss_bbox: 0.0425, loss: 0.1231, grad_norm: 1.0747
2026-05-11 20:20:33,890 - mmdet - INFO - Epoch [166][150/186]	lr: 8.436e-03, eta: 3:02:43, time: 0.520, data_time: 0.015, memory: 6154, loss_rpn_cls: 0.0131, loss_rpn_bbox: 0.0023, loss_cls: 0.0634, acc: 97.6904, loss_bbox: 0.0401, loss: 0.1189, grad_norm: 1.0679
2026-05-11 20:21:22,646 - mmdet - INFO - Epoch [167][50/186]	lr: 8.333e-03, eta: 3:01:59, time: 0.593, data_time: 0.084, memory: 6154, loss_rpn_cls: 0.0123, loss_rpn_bbox: 0.0019, loss_cls: 0.0654, acc: 97.5654, loss_bbox: 0.0387, loss: 0.1183, grad_norm: 0.9957
2026-05-11 20:21:48,759 - mmdet - INFO - Epoch [167][100/186]	lr: 8.333e-03, eta: 3:01:41, time: 0.524, data_time: 0.015, memory: 6154, loss_rpn_cls: 0.0166, loss_rpn_bbox: 0.0020, loss_cls: 0.0682, acc: 97.3447, loss_bbox: 0.0427, loss: 0.1294, grad_norm: 1.0311
2026-05-11 20:22:14,686 - mmdet - INFO - Epoch [167][150/186]	lr: 8.333e-03, eta: 3:01:22, time: 0.517, data_time: 0.013, memory: 6154, loss_rpn_cls: 0.0155, loss_rpn_bbox: 0.0027, loss_cls: 0.0739, acc: 97.2305, loss_bbox: 0.0497, loss: 0.1417, grad_norm: 1.0505
2026-05-11 20:23:03,196 - mmdet - INFO - Epoch [168][50/186]	lr: 8.230e-03, eta: 3:00:38, time: 0.595, data_time: 0.084, memory: 6154, loss_rpn_cls: 0.0159, loss_rpn_bbox: 0.0019, loss_cls: 0.0683, acc: 97.4688, loss_bbox: 0.0405, loss: 0.1267, grad_norm: 1.0871
2026-05-11 20:23:29,154 - mmdet - INFO - Epoch [168][100/186]	lr: 8.230e-03, eta: 3:00:19, time: 0.517, data_time: 0.013, memory: 6154, loss_rpn_cls: 0.0117, loss_rpn_bbox: 0.0019, loss_cls: 0.0684, acc: 97.4180, loss_bbox: 0.0438, loss: 0.1258, grad_norm: 1.0820
2026-05-11 20:23:55,107 - mmdet - INFO - Epoch [168][150/186]	lr: 8.230e-03, eta: 3:00:00, time: 0.521, data_time: 0.015, memory: 6154, loss_rpn_cls: 0.0124, loss_rpn_bbox: 0.0026, loss_cls: 0.0748, acc: 97.0908, loss_bbox: 0.0482, loss: 0.1379, grad_norm: 1.0908
2026-05-11 20:24:43,750 - mmdet - INFO - Epoch [169][50/186]	lr: 8.127e-03, eta: 2:59:16, time: 0.594, data_time: 0.084, memory: 6154, loss_rpn_cls: 0.0119, loss_rpn_bbox: 0.0017, loss_cls: 0.0621, acc: 97.6895, loss_bbox: 0.0366, loss: 0.1123, grad_norm: 1.0254
2026-05-11 20:25:09,864 - mmdet - INFO - Epoch [169][100/186]	lr: 8.127e-03, eta: 2:58:57, time: 0.524, data_time: 0.015, memory: 6154, loss_rpn_cls: 0.0150, loss_rpn_bbox: 0.0025, loss_cls: 0.0686, acc: 97.4092, loss_bbox: 0.0430, loss: 0.1291, grad_norm: 1.0419
2026-05-11 20:25:35,982 - mmdet - INFO - Epoch [169][150/186]	lr: 8.127e-03, eta: 2:58:38, time: 0.520, data_time: 0.013, memory: 6154, loss_rpn_cls: 0.0113, loss_rpn_bbox: 0.0023, loss_cls: 0.0713, acc: 97.2500, loss_bbox: 0.0482, loss: 0.1330, grad_norm: 1.0586
2026-05-11 20:26:24,449 - mmdet - INFO - Epoch [170][50/186]	lr: 8.024e-03, eta: 2:57:54, time: 0.594, data_time: 0.084, memory: 6154, loss_rpn_cls: 0.0148, loss_rpn_bbox: 0.0023, loss_cls: 0.0729, acc: 97.2891, loss_bbox: 0.0451, loss: 0.1351, grad_norm: 1.0410
2026-05-11 20:26:50,505 - mmdet - INFO - Epoch [170][100/186]	lr: 8.024e-03, eta: 2:57:36, time: 0.519, data_time: 0.013, memory: 6154, loss_rpn_cls: 0.0148, loss_rpn_bbox: 0.0022, loss_cls: 0.0724, acc: 97.2891, loss_bbox: 0.0456, loss: 0.1350, grad_norm: 1.1207
2026-05-11 20:27:16,577 - mmdet - INFO - Epoch [170][150/186]	lr: 8.024e-03, eta: 2:57:17, time: 0.523, data_time: 0.015, memory: 6154, loss_rpn_cls: 0.0131, loss_rpn_bbox: 0.0024, loss_cls: 0.0736, acc: 97.1875, loss_bbox: 0.0500, loss: 0.1391, grad_norm: 1.1399
2026-05-11 20:27:35,428 - mmdet - INFO - Saving checkpoint at 170 epochs
2026-05-11 20:28:10,987 - mmdet - INFO - Evaluating bbox...
2026-05-11 20:28:13,405 - mmdet - INFO - 
 Average Precision  (AP) @[ IoU=0.50:0.95 | area=   all | maxDets=100 ] = 0.302
 Average Precision  (AP) @[ IoU=0.50      | area=   all | maxDets=1000 ] = 0.692
 Average Precision  (AP) @[ IoU=0.75      | area=   all | maxDets=1000 ] = 0.210
 Average Precision  (AP) @[ IoU=0.50:0.95 | area= small | maxDets=1000 ] = 0.000
 Average Precision  (AP) @[ IoU=0.50:0.95 | area=medium | maxDets=1000 ] = 0.244
 Average Precision  (AP) @[ IoU=0.50:0.95 | area= large | maxDets=1000 ] = 0.377
 Average Recall     (AR) @[ IoU=0.50:0.95 | area=   all | maxDets=100 ] = 0.426
 Average Recall     (AR) @[ IoU=0.50:0.95 | area=   all | maxDets=300 ] = 0.426
 Average Recall     (AR) @[ IoU=0.50:0.95 | area=   all | maxDets=1000 ] = 0.426
 Average Recall     (AR) @[ IoU=0.50:0.95 | area= small | maxDets=1000 ] = 0.033
 Average Recall     (AR) @[ IoU=0.50:0.95 | area=medium | maxDets=1000 ] = 0.377
 Average Recall     (AR) @[ IoU=0.50:0.95 | area= large | maxDets=1000 ] = 0.481

2026-05-11 20:28:13,411 - mmdet - INFO - Exp name: fold_3_r50_300e_hbb.py
2026-05-11 20:28:13,411 - mmdet - INFO - Epoch(val) [170][370]	bbox_mAP: 0.3020, bbox_mAP_50: 0.6920, bbox_mAP_75: 0.2100, bbox_mAP_s: 0.0000, bbox_mAP_m: 0.2440, bbox_mAP_l: 0.3770, bbox_mAP_copypaste: 0.302 0.692 0.210 0.000 0.244 0.377
2026-05-11 20:28:43,140 - mmdet - INFO - Epoch [171][50/186]	lr: 7.921e-03, eta: 2:56:33, time: 0.592, data_time: 0.084, memory: 6154, loss_rpn_cls: 0.0096, loss_rpn_bbox: 0.0019, loss_cls: 0.0711, acc: 97.2881, loss_bbox: 0.0466, loss: 0.1292, grad_norm: 1.1152
2026-05-11 20:29:09,091 - mmdet - INFO - Epoch [171][100/186]	lr: 7.921e-03, eta: 2:56:14, time: 0.521, data_time: 0.015, memory: 6154, loss_rpn_cls: 0.0203, loss_rpn_bbox: 0.0021, loss_cls: 0.0658, acc: 97.5566, loss_bbox: 0.0428, loss: 0.1311, grad_norm: 1.1672
2026-05-11 20:29:34,975 - mmdet - INFO - Epoch [171][150/186]	lr: 7.921e-03, eta: 2:55:55, time: 0.516, data_time: 0.013, memory: 6154, loss_rpn_cls: 0.0193, loss_rpn_bbox: 0.0025, loss_cls: 0.0686, acc: 97.3926, loss_bbox: 0.0455, loss: 0.1360, grad_norm: 1.1733
2026-05-11 20:30:23,446 - mmdet - INFO - Epoch [172][50/186]	lr: 7.819e-03, eta: 2:55:11, time: 0.594, data_time: 0.084, memory: 6154, loss_rpn_cls: 0.0171, loss_rpn_bbox: 0.0027, loss_cls: 0.0696, acc: 97.3340, loss_bbox: 0.0409, loss: 0.1304, grad_norm: 1.0827
2026-05-11 20:30:49,363 - mmdet - INFO - Epoch [172][100/186]	lr: 7.819e-03, eta: 2:54:52, time: 0.516, data_time: 0.013, memory: 6154, loss_rpn_cls: 0.0102, loss_rpn_bbox: 0.0021, loss_cls: 0.0610, acc: 97.6846, loss_bbox: 0.0419, loss: 0.1154, grad_norm: 1.0154
2026-05-11 20:31:15,348 - mmdet - INFO - Epoch [172][150/186]	lr: 7.819e-03, eta: 2:54:33, time: 0.522, data_time: 0.015, memory: 6154, loss_rpn_cls: 0.0238, loss_rpn_bbox: 0.0027, loss_cls: 0.0757, acc: 97.1445, loss_bbox: 0.0518, loss: 0.1539, grad_norm: 1.1219
2026-05-11 20:32:04,014 - mmdet - INFO - Epoch [173][50/186]	lr: 7.717e-03, eta: 2:53:49, time: 0.594, data_time: 0.083, memory: 6154, loss_rpn_cls: 0.0145, loss_rpn_bbox: 0.0024, loss_cls: 0.0709, acc: 97.4443, loss_bbox: 0.0440, loss: 0.1318, grad_norm: 1.0711
2026-05-11 20:32:29,994 - mmdet - INFO - Epoch [173][100/186]	lr: 7.717e-03, eta: 2:53:30, time: 0.522, data_time: 0.015, memory: 6154, loss_rpn_cls: 0.0121, loss_rpn_bbox: 0.0021, loss_cls: 0.0667, acc: 97.4355, loss_bbox: 0.0443, loss: 0.1253, grad_norm: 1.0849
2026-05-11 20:32:55,908 - mmdet - INFO - Epoch [173][150/186]	lr: 7.717e-03, eta: 2:53:11, time: 0.516, data_time: 0.013, memory: 6154, loss_rpn_cls: 0.0121, loss_rpn_bbox: 0.0022, loss_cls: 0.0659, acc: 97.5850, loss_bbox: 0.0432, loss: 0.1235, grad_norm: 1.0507
2026-05-11 20:33:44,455 - mmdet - INFO - Epoch [174][50/186]	lr: 7.615e-03, eta: 2:52:28, time: 0.595, data_time: 0.083, memory: 6154, loss_rpn_cls: 0.0175, loss_rpn_bbox: 0.0020, loss_cls: 0.0666, acc: 97.4404, loss_bbox: 0.0389, loss: 0.1249, grad_norm: 1.0265
2026-05-11 20:34:10,419 - mmdet - INFO - Epoch [174][100/186]	lr: 7.615e-03, eta: 2:52:09, time: 0.517, data_time: 0.013, memory: 6154, loss_rpn_cls: 0.0113, loss_rpn_bbox: 0.0023, loss_cls: 0.0618, acc: 97.7080, loss_bbox: 0.0414, loss: 0.1168, grad_norm: 0.9931
2026-05-11 20:34:36,282 - mmdet - INFO - Epoch [174][150/186]	lr: 7.615e-03, eta: 2:51:50, time: 0.519, data_time: 0.015, memory: 6154, loss_rpn_cls: 0.0100, loss_rpn_bbox: 0.0018, loss_cls: 0.0666, acc: 97.5283, loss_bbox: 0.0437, loss: 0.1221, grad_norm: 1.0268
2026-05-11 20:35:24,908 - mmdet - INFO - Epoch [175][50/186]	lr: 7.514e-03, eta: 2:51:06, time: 0.593, data_time: 0.083, memory: 6154, loss_rpn_cls: 0.0220, loss_rpn_bbox: 0.0024, loss_cls: 0.0749, acc: 97.2598, loss_bbox: 0.0488, loss: 0.1481, grad_norm: 1.2115
2026-05-11 20:35:50,933 - mmdet - INFO - Epoch [175][100/186]	lr: 7.514e-03, eta: 2:50:47, time: 0.522, data_time: 0.015, memory: 6154, loss_rpn_cls: 0.0179, loss_rpn_bbox: 0.0024, loss_cls: 0.0726, acc: 97.2939, loss_bbox: 0.0491, loss: 0.1420, grad_norm: 1.1541
2026-05-11 20:36:16,826 - mmdet - INFO - Epoch [175][150/186]	lr: 7.514e-03, eta: 2:50:28, time: 0.516, data_time: 0.013, memory: 6154, loss_rpn_cls: 0.0135, loss_rpn_bbox: 0.0023, loss_cls: 0.0696, acc: 97.3896, loss_bbox: 0.0465, loss: 0.1319, grad_norm: 1.1196
2026-05-11 20:37:05,254 - mmdet - INFO - Epoch [176][50/186]	lr: 7.412e-03, eta: 2:49:44, time: 0.593, data_time: 0.084, memory: 6154, loss_rpn_cls: 0.0121, loss_rpn_bbox: 0.0017, loss_cls: 0.0669, acc: 97.4502, loss_bbox: 0.0422, loss: 0.1230, grad_norm: 1.0616
2026-05-11 20:37:31,167 - mmdet - INFO - Epoch [176][100/186]	lr: 7.412e-03, eta: 2:49:25, time: 0.516, data_time: 0.013, memory: 6154, loss_rpn_cls: 0.0114, loss_rpn_bbox: 0.0018, loss_cls: 0.0598, acc: 97.8291, loss_bbox: 0.0362, loss: 0.1092, grad_norm: 1.0263
2026-05-11 20:37:57,176 - mmdet - INFO - Epoch [176][150/186]	lr: 7.412e-03, eta: 2:49:06, time: 0.522, data_time: 0.015, memory: 6154, loss_rpn_cls: 0.0116, loss_rpn_bbox: 0.0022, loss_cls: 0.0719, acc: 97.2451, loss_bbox: 0.0503, loss: 0.1361, grad_norm: 1.0618
2026-05-11 20:38:45,753 - mmdet - INFO - Epoch [177][50/186]	lr: 7.311e-03, eta: 2:48:22, time: 0.593, data_time: 0.083, memory: 6154, loss_rpn_cls: 0.0125, loss_rpn_bbox: 0.0020, loss_cls: 0.0645, acc: 97.6406, loss_bbox: 0.0373, loss: 0.1163, grad_norm: 1.0129
2026-05-11 20:39:11,738 - mmdet - INFO - Epoch [177][100/186]	lr: 7.311e-03, eta: 2:48:03, time: 0.522, data_time: 0.015, memory: 6154, loss_rpn_cls: 0.0155, loss_rpn_bbox: 0.0024, loss_cls: 0.0678, acc: 97.4854, loss_bbox: 0.0429, loss: 0.1286, grad_norm: 1.0506
2026-05-11 20:39:37,644 - mmdet - INFO - Epoch [177][150/186]	lr: 7.311e-03, eta: 2:47:44, time: 0.516, data_time: 0.013, memory: 6154, loss_rpn_cls: 0.0214, loss_rpn_bbox: 0.0027, loss_cls: 0.0729, acc: 97.2920, loss_bbox: 0.0494, loss: 0.1463, grad_norm: 1.0590
2026-05-11 20:40:26,192 - mmdet - INFO - Epoch [178][50/186]	lr: 7.211e-03, eta: 2:47:01, time: 0.595, data_time: 0.083, memory: 6154, loss_rpn_cls: 0.0133, loss_rpn_bbox: 0.0022, loss_cls: 0.0676, acc: 97.4248, loss_bbox: 0.0402, loss: 0.1233, grad_norm: 1.0956
2026-05-11 20:40:52,100 - mmdet - INFO - Epoch [178][100/186]	lr: 7.211e-03, eta: 2:46:42, time: 0.516, data_time: 0.013, memory: 6154, loss_rpn_cls: 0.0157, loss_rpn_bbox: 0.0023, loss_cls: 0.0662, acc: 97.5806, loss_bbox: 0.0418, loss: 0.1259, grad_norm: 1.0916
2026-05-11 20:41:18,025 - mmdet - INFO - Epoch [178][150/186]	lr: 7.211e-03, eta: 2:46:22, time: 0.520, data_time: 0.014, memory: 6154, loss_rpn_cls: 0.0136, loss_rpn_bbox: 0.0024, loss_cls: 0.0721, acc: 97.2529, loss_bbox: 0.0485, loss: 0.1366, grad_norm: 1.0993
2026-05-11 20:42:06,605 - mmdet - INFO - Epoch [179][50/186]	lr: 7.110e-03, eta: 2:45:39, time: 0.592, data_time: 0.084, memory: 6154, loss_rpn_cls: 0.0114, loss_rpn_bbox: 0.0020, loss_cls: 0.0669, acc: 97.4697, loss_bbox: 0.0401, loss: 0.1203, grad_norm: 1.1222
2026-05-11 20:42:32,585 - mmdet - INFO - Epoch [179][100/186]	lr: 7.110e-03, eta: 2:45:20, time: 0.522, data_time: 0.015, memory: 6154, loss_rpn_cls: 0.0190, loss_rpn_bbox: 0.0023, loss_cls: 0.0717, acc: 97.2695, loss_bbox: 0.0444, loss: 0.1374, grad_norm: 1.1645
2026-05-11 20:42:58,521 - mmdet - INFO - Epoch [179][150/186]	lr: 7.110e-03, eta: 2:45:01, time: 0.517, data_time: 0.013, memory: 6154, loss_rpn_cls: 0.0125, loss_rpn_bbox: 0.0021, loss_cls: 0.0627, acc: 97.6250, loss_bbox: 0.0420, loss: 0.1193, grad_norm: 1.1072
2026-05-11 20:43:47,117 - mmdet - INFO - Epoch [180][50/186]	lr: 7.010e-03, eta: 2:44:17, time: 0.597, data_time: 0.084, memory: 6154, loss_rpn_cls: 0.0143, loss_rpn_bbox: 0.0022, loss_cls: 0.0666, acc: 97.5088, loss_bbox: 0.0401, loss: 0.1231, grad_norm: 1.0315
2026-05-11 20:44:13,139 - mmdet - INFO - Epoch [180][100/186]	lr: 7.010e-03, eta: 2:43:58, time: 0.518, data_time: 0.013, memory: 6154, loss_rpn_cls: 0.0154, loss_rpn_bbox: 0.0020, loss_cls: 0.0696, acc: 97.3447, loss_bbox: 0.0427, loss: 0.1296, grad_norm: 1.0521
2026-05-11 20:44:39,165 - mmdet - INFO - Epoch [180][150/186]	lr: 7.010e-03, eta: 2:43:39, time: 0.522, data_time: 0.015, memory: 6154, loss_rpn_cls: 0.0087, loss_rpn_bbox: 0.0020, loss_cls: 0.0654, acc: 97.5342, loss_bbox: 0.0446, loss: 0.1206, grad_norm: 1.0403
2026-05-11 20:44:57,964 - mmdet - INFO - Saving checkpoint at 180 epochs
2026-05-11 20:45:33,306 - mmdet - INFO - Evaluating bbox...
2026-05-11 20:45:35,777 - mmdet - INFO - 
 Average Precision  (AP) @[ IoU=0.50:0.95 | area=   all | maxDets=100 ] = 0.305
 Average Precision  (AP) @[ IoU=0.50      | area=   all | maxDets=1000 ] = 0.718
 Average Precision  (AP) @[ IoU=0.75      | area=   all | maxDets=1000 ] = 0.194
 Average Precision  (AP) @[ IoU=0.50:0.95 | area= small | maxDets=1000 ] = 0.000
 Average Precision  (AP) @[ IoU=0.50:0.95 | area=medium | maxDets=1000 ] = 0.250
 Average Precision  (AP) @[ IoU=0.50:0.95 | area= large | maxDets=1000 ] = 0.369
 Average Recall     (AR) @[ IoU=0.50:0.95 | area=   all | maxDets=100 ] = 0.415
 Average Recall     (AR) @[ IoU=0.50:0.95 | area=   all | maxDets=300 ] = 0.415
 Average Recall     (AR) @[ IoU=0.50:0.95 | area=   all | maxDets=1000 ] = 0.415
 Average Recall     (AR) @[ IoU=0.50:0.95 | area= small | maxDets=1000 ] = 0.007
 Average Recall     (AR) @[ IoU=0.50:0.95 | area=medium | maxDets=1000 ] = 0.371
 Average Recall     (AR) @[ IoU=0.50:0.95 | area= large | maxDets=1000 ] = 0.466

2026-05-11 20:45:35,782 - mmdet - INFO - Exp name: fold_3_r50_300e_hbb.py
2026-05-11 20:45:35,783 - mmdet - INFO - Epoch(val) [180][370]	bbox_mAP: 0.3050, bbox_mAP_50: 0.7180, bbox_mAP_75: 0.1940, bbox_mAP_s: 0.0000, bbox_mAP_m: 0.2500, bbox_mAP_l: 0.3690, bbox_mAP_copypaste: 0.305 0.718 0.194 0.000 0.250 0.369
2026-05-11 20:46:05,518 - mmdet - INFO - Epoch [181][50/186]	lr: 6.910e-03, eta: 2:42:56, time: 0.593, data_time: 0.083, memory: 6154, loss_rpn_cls: 0.0124, loss_rpn_bbox: 0.0019, loss_cls: 0.0667, acc: 97.4619, loss_bbox: 0.0407, loss: 0.1217, grad_norm: 1.0729
2026-05-11 20:46:31,576 - mmdet - INFO - Epoch [181][100/186]	lr: 6.910e-03, eta: 2:42:37, time: 0.523, data_time: 0.015, memory: 6154, loss_rpn_cls: 0.0143, loss_rpn_bbox: 0.0021, loss_cls: 0.0757, acc: 97.1113, loss_bbox: 0.0484, loss: 0.1405, grad_norm: 1.0989
2026-05-11 20:46:57,530 - mmdet - INFO - Epoch [181][150/186]	lr: 6.910e-03, eta: 2:42:17, time: 0.517, data_time: 0.013, memory: 6154, loss_rpn_cls: 0.0107, loss_rpn_bbox: 0.0022, loss_cls: 0.0683, acc: 97.4307, loss_bbox: 0.0454, loss: 0.1266, grad_norm: 1.0993
2026-05-11 20:47:46,004 - mmdet - INFO - Epoch [182][50/186]	lr: 6.811e-03, eta: 2:41:34, time: 0.595, data_time: 0.084, memory: 6154, loss_rpn_cls: 0.0147, loss_rpn_bbox: 0.0021, loss_cls: 0.0706, acc: 97.3635, loss_bbox: 0.0438, loss: 0.1312, grad_norm: 1.1286
2026-05-11 20:48:11,987 - mmdet - INFO - Epoch [182][100/186]	lr: 6.811e-03, eta: 2:41:15, time: 0.518, data_time: 0.013, memory: 6154, loss_rpn_cls: 0.0101, loss_rpn_bbox: 0.0018, loss_cls: 0.0572, acc: 97.8545, loss_bbox: 0.0343, loss: 0.1034, grad_norm: 1.0371
2026-05-11 20:48:37,888 - mmdet - INFO - Epoch [182][150/186]	lr: 6.811e-03, eta: 2:40:55, time: 0.520, data_time: 0.015, memory: 6154, loss_rpn_cls: 0.0130, loss_rpn_bbox: 0.0022, loss_cls: 0.0645, acc: 97.5957, loss_bbox: 0.0414, loss: 0.1211, grad_norm: 1.0250
2026-05-11 20:49:26,569 - mmdet - INFO - Epoch [183][50/186]	lr: 6.712e-03, eta: 2:40:13, time: 0.594, data_time: 0.084, memory: 6154, loss_rpn_cls: 0.0156, loss_rpn_bbox: 0.0026, loss_cls: 0.0726, acc: 97.2695, loss_bbox: 0.0443, loss: 0.1351, grad_norm: 1.0641
2026-05-11 20:49:52,530 - mmdet - INFO - Epoch [183][100/186]	lr: 6.712e-03, eta: 2:39:53, time: 0.521, data_time: 0.015, memory: 6154, loss_rpn_cls: 0.0124, loss_rpn_bbox: 0.0022, loss_cls: 0.0673, acc: 97.4297, loss_bbox: 0.0434, loss: 0.1254, grad_norm: 1.0796
2026-05-11 20:50:18,499 - mmdet - INFO - Epoch [183][150/186]	lr: 6.712e-03, eta: 2:39:34, time: 0.517, data_time: 0.013, memory: 6154, loss_rpn_cls: 0.0099, loss_rpn_bbox: 0.0018, loss_cls: 0.0608, acc: 97.6602, loss_bbox: 0.0381, loss: 0.1106, grad_norm: 1.0437
2026-05-11 20:51:06,953 - mmdet - INFO - Epoch [184][50/186]	lr: 6.613e-03, eta: 2:38:51, time: 0.594, data_time: 0.083, memory: 6154, loss_rpn_cls: 0.0127, loss_rpn_bbox: 0.0020, loss_cls: 0.0661, acc: 97.5833, loss_bbox: 0.0360, loss: 0.1168, grad_norm: 1.0429
2026-05-11 20:51:32,900 - mmdet - INFO - Epoch [184][100/186]	lr: 6.613e-03, eta: 2:38:31, time: 0.517, data_time: 0.013, memory: 6154, loss_rpn_cls: 0.0105, loss_rpn_bbox: 0.0015, loss_cls: 0.0570, acc: 97.7666, loss_bbox: 0.0346, loss: 0.1036, grad_norm: 1.0360
2026-05-11 20:51:58,953 - mmdet - INFO - Epoch [184][150/186]	lr: 6.613e-03, eta: 2:38:12, time: 0.523, data_time: 0.015, memory: 6154, loss_rpn_cls: 0.0124, loss_rpn_bbox: 0.0019, loss_cls: 0.0595, acc: 97.7822, loss_bbox: 0.0365, loss: 0.1103, grad_norm: 1.0585
2026-05-11 20:52:47,512 - mmdet - INFO - Epoch [185][50/186]	lr: 6.515e-03, eta: 2:37:29, time: 0.592, data_time: 0.083, memory: 6154, loss_rpn_cls: 0.0137, loss_rpn_bbox: 0.0018, loss_cls: 0.0628, acc: 97.7539, loss_bbox: 0.0358, loss: 0.1140, grad_norm: 1.0959
2026-05-11 20:53:13,483 - mmdet - INFO - Epoch [185][100/186]	lr: 6.515e-03, eta: 2:37:10, time: 0.521, data_time: 0.015, memory: 6154, loss_rpn_cls: 0.0185, loss_rpn_bbox: 0.0021, loss_cls: 0.0599, acc: 97.8125, loss_bbox: 0.0335, loss: 0.1141, grad_norm: 1.1146
2026-05-11 20:53:39,485 - mmdet - INFO - Epoch [185][150/186]	lr: 6.515e-03, eta: 2:36:50, time: 0.518, data_time: 0.013, memory: 6154, loss_rpn_cls: 0.0128, loss_rpn_bbox: 0.0024, loss_cls: 0.0663, acc: 97.4072, loss_bbox: 0.0452, loss: 0.1267, grad_norm: 1.0775
2026-05-11 20:54:27,968 - mmdet - INFO - Epoch [186][50/186]	lr: 6.417e-03, eta: 2:36:08, time: 0.594, data_time: 0.083, memory: 6154, loss_rpn_cls: 0.0106, loss_rpn_bbox: 0.0025, loss_cls: 0.0659, acc: 97.5010, loss_bbox: 0.0411, loss: 0.1201, grad_norm: 1.0622
2026-05-11 20:54:53,957 - mmdet - INFO - Epoch [186][100/186]	lr: 6.417e-03, eta: 2:35:48, time: 0.518, data_time: 0.013, memory: 6154, loss_rpn_cls: 0.0125, loss_rpn_bbox: 0.0021, loss_cls: 0.0628, acc: 97.6660, loss_bbox: 0.0383, loss: 0.1156, grad_norm: 1.0912
2026-05-11 20:55:19,938 - mmdet - INFO - Epoch [186][150/186]	lr: 6.417e-03, eta: 2:35:29, time: 0.522, data_time: 0.015, memory: 6154, loss_rpn_cls: 0.0148, loss_rpn_bbox: 0.0024, loss_cls: 0.0730, acc: 97.1514, loss_bbox: 0.0485, loss: 0.1388, grad_norm: 1.0925
2026-05-11 20:56:08,555 - mmdet - INFO - Epoch [187][50/186]	lr: 6.319e-03, eta: 2:34:46, time: 0.593, data_time: 0.083, memory: 6154, loss_rpn_cls: 0.0123, loss_rpn_bbox: 0.0021, loss_cls: 0.0697, acc: 97.4170, loss_bbox: 0.0411, loss: 0.1252, grad_norm: 1.1445
2026-05-11 20:56:34,552 - mmdet - INFO - Epoch [187][100/186]	lr: 6.319e-03, eta: 2:34:26, time: 0.522, data_time: 0.015, memory: 6154, loss_rpn_cls: 0.0113, loss_rpn_bbox: 0.0019, loss_cls: 0.0607, acc: 97.7783, loss_bbox: 0.0385, loss: 0.1124, grad_norm: 1.0700
2026-05-11 20:57:00,571 - mmdet - INFO - Epoch [187][150/186]	lr: 6.319e-03, eta: 2:34:07, time: 0.518, data_time: 0.013, memory: 6154, loss_rpn_cls: 0.0148, loss_rpn_bbox: 0.0025, loss_cls: 0.0766, acc: 97.0625, loss_bbox: 0.0503, loss: 0.1442, grad_norm: 1.1042
2026-05-11 20:57:49,132 - mmdet - INFO - Epoch [188][50/186]	lr: 6.222e-03, eta: 2:33:24, time: 0.596, data_time: 0.084, memory: 6154, loss_rpn_cls: 0.0136, loss_rpn_bbox: 0.0023, loss_cls: 0.0737, acc: 97.2354, loss_bbox: 0.0451, loss: 0.1347, grad_norm: 1.1983
2026-05-11 20:58:15,121 - mmdet - INFO - Epoch [188][100/186]	lr: 6.222e-03, eta: 2:33:05, time: 0.518, data_time: 0.013, memory: 6154, loss_rpn_cls: 0.0124, loss_rpn_bbox: 0.0023, loss_cls: 0.0668, acc: 97.4961, loss_bbox: 0.0426, loss: 0.1241, grad_norm: 1.1516
2026-05-11 20:58:41,139 - mmdet - INFO - Epoch [188][150/186]	lr: 6.222e-03, eta: 2:32:45, time: 0.522, data_time: 0.015, memory: 6154, loss_rpn_cls: 0.0110, loss_rpn_bbox: 0.0018, loss_cls: 0.0677, acc: 97.4746, loss_bbox: 0.0434, loss: 0.1240, grad_norm: 1.1023
2026-05-11 20:59:29,719 - mmdet - INFO - Epoch [189][50/186]	lr: 6.126e-03, eta: 2:32:03, time: 0.592, data_time: 0.083, memory: 6154, loss_rpn_cls: 0.0150, loss_rpn_bbox: 0.0021, loss_cls: 0.0690, acc: 97.3818, loss_bbox: 0.0419, loss: 0.1280, grad_norm: 1.1166
2026-05-11 20:59:55,709 - mmdet - INFO - Epoch [189][100/186]	lr: 6.126e-03, eta: 2:31:43, time: 0.522, data_time: 0.015, memory: 6154, loss_rpn_cls: 0.0076, loss_rpn_bbox: 0.0017, loss_cls: 0.0602, acc: 97.6592, loss_bbox: 0.0398, loss: 0.1093, grad_norm: 1.0992
2026-05-11 21:00:21,639 - mmdet - INFO - Epoch [189][150/186]	lr: 6.126e-03, eta: 2:31:23, time: 0.517, data_time: 0.013, memory: 6154, loss_rpn_cls: 0.0119, loss_rpn_bbox: 0.0021, loss_cls: 0.0632, acc: 97.5850, loss_bbox: 0.0425, loss: 0.1197, grad_norm: 1.1113
2026-05-11 21:01:10,112 - mmdet - INFO - Epoch [190][50/186]	lr: 6.029e-03, eta: 2:30:41, time: 0.594, data_time: 0.083, memory: 6154, loss_rpn_cls: 0.0116, loss_rpn_bbox: 0.0022, loss_cls: 0.0734, acc: 97.2471, loss_bbox: 0.0479, loss: 0.1352, grad_norm: 1.0828
2026-05-11 21:01:36,184 - mmdet - INFO - Epoch [190][100/186]	lr: 6.029e-03, eta: 2:30:21, time: 0.520, data_time: 0.013, memory: 6154, loss_rpn_cls: 0.0134, loss_rpn_bbox: 0.0021, loss_cls: 0.0733, acc: 97.3613, loss_bbox: 0.0465, loss: 0.1353, grad_norm: 1.1006
2026-05-11 21:02:02,164 - mmdet - INFO - Epoch [190][150/186]	lr: 6.029e-03, eta: 2:30:02, time: 0.521, data_time: 0.015, memory: 6154, loss_rpn_cls: 0.0123, loss_rpn_bbox: 0.0019, loss_cls: 0.0650, acc: 97.5938, loss_bbox: 0.0411, loss: 0.1203, grad_norm: 1.0937
2026-05-11 21:02:21,003 - mmdet - INFO - Saving checkpoint at 190 epochs
2026-05-11 21:02:56,468 - mmdet - INFO - Evaluating bbox...
2026-05-11 21:02:58,996 - mmdet - INFO - 
 Average Precision  (AP) @[ IoU=0.50:0.95 | area=   all | maxDets=100 ] = 0.293
 Average Precision  (AP) @[ IoU=0.50      | area=   all | maxDets=1000 ] = 0.687
 Average Precision  (AP) @[ IoU=0.75      | area=   all | maxDets=1000 ] = 0.185
 Average Precision  (AP) @[ IoU=0.50:0.95 | area= small | maxDets=1000 ] = 0.000
 Average Precision  (AP) @[ IoU=0.50:0.95 | area=medium | maxDets=1000 ] = 0.243
 Average Precision  (AP) @[ IoU=0.50:0.95 | area= large | maxDets=1000 ] = 0.358
 Average Recall     (AR) @[ IoU=0.50:0.95 | area=   all | maxDets=100 ] = 0.410
 Average Recall     (AR) @[ IoU=0.50:0.95 | area=   all | maxDets=300 ] = 0.410
 Average Recall     (AR) @[ IoU=0.50:0.95 | area=   all | maxDets=1000 ] = 0.410
 Average Recall     (AR) @[ IoU=0.50:0.95 | area= small | maxDets=1000 ] = 0.027
 Average Recall     (AR) @[ IoU=0.50:0.95 | area=medium | maxDets=1000 ] = 0.371
 Average Recall     (AR) @[ IoU=0.50:0.95 | area= large | maxDets=1000 ] = 0.455

2026-05-11 21:02:59,001 - mmdet - INFO - Exp name: fold_3_r50_300e_hbb.py
2026-05-11 21:02:59,001 - mmdet - INFO - Epoch(val) [190][370]	bbox_mAP: 0.2930, bbox_mAP_50: 0.6870, bbox_mAP_75: 0.1850, bbox_mAP_s: 0.0000, bbox_mAP_m: 0.2430, bbox_mAP_l: 0.3580, bbox_mAP_copypaste: 0.293 0.687 0.185 0.000 0.243 0.358
2026-05-11 21:03:28,655 - mmdet - INFO - Epoch [191][50/186]	lr: 5.933e-03, eta: 2:29:19, time: 0.591, data_time: 0.084, memory: 6154, loss_rpn_cls: 0.0156, loss_rpn_bbox: 0.0023, loss_cls: 0.0624, acc: 97.6514, loss_bbox: 0.0394, loss: 0.1196, grad_norm: 1.0660
2026-05-11 21:03:54,618 - mmdet - INFO - Epoch [191][100/186]	lr: 5.933e-03, eta: 2:29:00, time: 0.521, data_time: 0.015, memory: 6154, loss_rpn_cls: 0.0175, loss_rpn_bbox: 0.0025, loss_cls: 0.0794, acc: 96.9990, loss_bbox: 0.0547, loss: 0.1540, grad_norm: 1.1465
2026-05-11 21:04:20,476 - mmdet - INFO - Epoch [191][150/186]	lr: 5.933e-03, eta: 2:28:40, time: 0.515, data_time: 0.013, memory: 6154, loss_rpn_cls: 0.0174, loss_rpn_bbox: 0.0026, loss_cls: 0.0692, acc: 97.2900, loss_bbox: 0.0454, loss: 0.1345, grad_norm: 1.1336
2026-05-11 21:05:08,953 - mmdet - INFO - Epoch [192][50/186]	lr: 5.838e-03, eta: 2:27:58, time: 0.594, data_time: 0.084, memory: 6154, loss_rpn_cls: 0.0189, loss_rpn_bbox: 0.0018, loss_cls: 0.0547, acc: 97.9785, loss_bbox: 0.0316, loss: 0.1070, grad_norm: 1.0792
2026-05-11 21:05:34,921 - mmdet - INFO - Epoch [192][100/186]	lr: 5.838e-03, eta: 2:27:38, time: 0.517, data_time: 0.013, memory: 6154, loss_rpn_cls: 0.0097, loss_rpn_bbox: 0.0017, loss_cls: 0.0606, acc: 97.6475, loss_bbox: 0.0367, loss: 0.1087, grad_norm: 1.0310
2026-05-11 21:06:00,902 - mmdet - INFO - Epoch [192][150/186]	lr: 5.838e-03, eta: 2:27:18, time: 0.522, data_time: 0.015, memory: 6154, loss_rpn_cls: 0.0135, loss_rpn_bbox: 0.0024, loss_cls: 0.0670, acc: 97.4707, loss_bbox: 0.0458, loss: 0.1286, grad_norm: 1.0349
2026-05-11 21:06:49,591 - mmdet - INFO - Epoch [193][50/186]	lr: 5.743e-03, eta: 2:26:36, time: 0.594, data_time: 0.084, memory: 6154, loss_rpn_cls: 0.0143, loss_rpn_bbox: 0.0029, loss_cls: 0.0768, acc: 97.2051, loss_bbox: 0.0470, loss: 0.1410, grad_norm: 1.2445
2026-05-11 21:07:15,593 - mmdet - INFO - Epoch [193][100/186]	lr: 5.743e-03, eta: 2:26:16, time: 0.522, data_time: 0.015, memory: 6154, loss_rpn_cls: 0.0166, loss_rpn_bbox: 0.0020, loss_cls: 0.0611, acc: 97.8135, loss_bbox: 0.0391, loss: 0.1188, grad_norm: 1.1341
2026-05-11 21:07:41,446 - mmdet - INFO - Epoch [193][150/186]	lr: 5.743e-03, eta: 2:25:56, time: 0.515, data_time: 0.013, memory: 6154, loss_rpn_cls: 0.0122, loss_rpn_bbox: 0.0022, loss_cls: 0.0615, acc: 97.7295, loss_bbox: 0.0406, loss: 0.1165, grad_norm: 1.1132
2026-05-11 21:08:29,986 - mmdet - INFO - Epoch [194][50/186]	lr: 5.648e-03, eta: 2:25:14, time: 0.595, data_time: 0.083, memory: 6154, loss_rpn_cls: 0.0133, loss_rpn_bbox: 0.0026, loss_cls: 0.0728, acc: 97.2402, loss_bbox: 0.0476, loss: 0.1363, grad_norm: 1.2424
2026-05-11 21:08:55,885 - mmdet - INFO - Epoch [194][100/186]	lr: 5.648e-03, eta: 2:24:54, time: 0.516, data_time: 0.013, memory: 6154, loss_rpn_cls: 0.0093, loss_rpn_bbox: 0.0020, loss_cls: 0.0659, acc: 97.4434, loss_bbox: 0.0434, loss: 0.1206, grad_norm: 1.1254
2026-05-11 21:09:21,845 - mmdet - INFO - Epoch [194][150/186]	lr: 5.648e-03, eta: 2:24:35, time: 0.521, data_time: 0.015, memory: 6154, loss_rpn_cls: 0.0201, loss_rpn_bbox: 0.0025, loss_cls: 0.0753, acc: 97.2471, loss_bbox: 0.0498, loss: 0.1477, grad_norm: 1.1681
2026-05-11 21:10:10,375 - mmdet - INFO - Epoch [195][50/186]	lr: 5.554e-03, eta: 2:23:52, time: 0.592, data_time: 0.083, memory: 6154, loss_rpn_cls: 0.0113, loss_rpn_bbox: 0.0020, loss_cls: 0.0623, acc: 97.6514, loss_bbox: 0.0381, loss: 0.1137, grad_norm: 1.1212
2026-05-11 21:10:36,308 - mmdet - INFO - Epoch [195][100/186]	lr: 5.554e-03, eta: 2:23:33, time: 0.521, data_time: 0.015, memory: 6154, loss_rpn_cls: 0.0138, loss_rpn_bbox: 0.0021, loss_cls: 0.0724, acc: 97.2900, loss_bbox: 0.0475, loss: 0.1359, grad_norm: 1.1453
2026-05-11 21:11:02,328 - mmdet - INFO - Epoch [195][150/186]	lr: 5.554e-03, eta: 2:23:13, time: 0.518, data_time: 0.013, memory: 6154, loss_rpn_cls: 0.0167, loss_rpn_bbox: 0.0022, loss_cls: 0.0704, acc: 97.3535, loss_bbox: 0.0493, loss: 0.1385, grad_norm: 1.1354
2026-05-11 21:11:50,864 - mmdet - INFO - Epoch [196][50/186]	lr: 5.461e-03, eta: 2:22:31, time: 0.596, data_time: 0.083, memory: 6154, loss_rpn_cls: 0.0117, loss_rpn_bbox: 0.0019, loss_cls: 0.0644, acc: 97.5469, loss_bbox: 0.0408, loss: 0.1187, grad_norm: 1.0759
2026-05-11 21:12:16,834 - mmdet - INFO - Epoch [196][100/186]	lr: 5.461e-03, eta: 2:22:11, time: 0.517, data_time: 0.013, memory: 6154, loss_rpn_cls: 0.0115, loss_rpn_bbox: 0.0019, loss_cls: 0.0615, acc: 97.6904, loss_bbox: 0.0364, loss: 0.1113, grad_norm: 1.0603
2026-05-11 21:12:42,935 - mmdet - INFO - Epoch [196][150/186]	lr: 5.461e-03, eta: 2:21:51, time: 0.524, data_time: 0.015, memory: 6154, loss_rpn_cls: 0.0144, loss_rpn_bbox: 0.0026, loss_cls: 0.0724, acc: 97.1406, loss_bbox: 0.0491, loss: 0.1384, grad_norm: 1.0750
2026-05-11 21:13:31,651 - mmdet - INFO - Epoch [197][50/186]	lr: 5.368e-03, eta: 2:21:09, time: 0.594, data_time: 0.083, memory: 6154, loss_rpn_cls: 0.0171, loss_rpn_bbox: 0.0020, loss_cls: 0.0587, acc: 97.7930, loss_bbox: 0.0358, loss: 0.1136, grad_norm: 1.1287
2026-05-11 21:13:57,585 - mmdet - INFO - Epoch [197][100/186]	lr: 5.368e-03, eta: 2:20:49, time: 0.521, data_time: 0.015, memory: 6154, loss_rpn_cls: 0.0125, loss_rpn_bbox: 0.0020, loss_cls: 0.0653, acc: 97.5430, loss_bbox: 0.0436, loss: 0.1234, grad_norm: 1.1530
2026-05-11 21:14:23,435 - mmdet - INFO - Epoch [197][150/186]	lr: 5.368e-03, eta: 2:20:30, time: 0.515, data_time: 0.013, memory: 6154, loss_rpn_cls: 0.0099, loss_rpn_bbox: 0.0021, loss_cls: 0.0633, acc: 97.6064, loss_bbox: 0.0411, loss: 0.1164, grad_norm: 1.1142
2026-05-11 21:15:11,914 - mmdet - INFO - Epoch [198][50/186]	lr: 5.275e-03, eta: 2:19:48, time: 0.594, data_time: 0.084, memory: 6154, loss_rpn_cls: 0.0101, loss_rpn_bbox: 0.0019, loss_cls: 0.0621, acc: 97.6992, loss_bbox: 0.0394, loss: 0.1134, grad_norm: 1.0289
2026-05-11 21:15:37,885 - mmdet - INFO - Epoch [198][100/186]	lr: 5.275e-03, eta: 2:19:28, time: 0.518, data_time: 0.013, memory: 6154, loss_rpn_cls: 0.0137, loss_rpn_bbox: 0.0018, loss_cls: 0.0633, acc: 97.6875, loss_bbox: 0.0382, loss: 0.1171, grad_norm: 1.0548
2026-05-11 21:16:03,871 - mmdet - INFO - Epoch [198][150/186]	lr: 5.275e-03, eta: 2:19:08, time: 0.522, data_time: 0.015, memory: 6154, loss_rpn_cls: 0.0117, loss_rpn_bbox: 0.0018, loss_cls: 0.0583, acc: 97.7666, loss_bbox: 0.0382, loss: 0.1100, grad_norm: 1.0307
2026-05-11 21:16:52,441 - mmdet - INFO - Epoch [199][50/186]	lr: 5.183e-03, eta: 2:18:26, time: 0.593, data_time: 0.084, memory: 6154, loss_rpn_cls: 0.0113, loss_rpn_bbox: 0.0019, loss_cls: 0.0698, acc: 97.4258, loss_bbox: 0.0430, loss: 0.1260, grad_norm: 1.1920
2026-05-11 21:17:18,469 - mmdet - INFO - Epoch [199][100/186]	lr: 5.183e-03, eta: 2:18:06, time: 0.522, data_time: 0.015, memory: 6154, loss_rpn_cls: 0.0108, loss_rpn_bbox: 0.0019, loss_cls: 0.0664, acc: 97.5156, loss_bbox: 0.0430, loss: 0.1220, grad_norm: 1.0967
2026-05-11 21:17:44,414 - mmdet - INFO - Epoch [199][150/186]	lr: 5.183e-03, eta: 2:17:46, time: 0.517, data_time: 0.013, memory: 6154, loss_rpn_cls: 0.0105, loss_rpn_bbox: 0.0019, loss_cls: 0.0611, acc: 97.6885, loss_bbox: 0.0413, loss: 0.1148, grad_norm: 1.0907
2026-05-11 21:18:32,983 - mmdet - INFO - Epoch [200][50/186]	lr: 5.092e-03, eta: 2:17:04, time: 0.595, data_time: 0.084, memory: 6154, loss_rpn_cls: 0.0123, loss_rpn_bbox: 0.0021, loss_cls: 0.0711, acc: 97.2959, loss_bbox: 0.0432, loss: 0.1287, grad_norm: 1.1510
2026-05-11 21:18:58,931 - mmdet - INFO - Epoch [200][100/186]	lr: 5.092e-03, eta: 2:16:44, time: 0.517, data_time: 0.013, memory: 6154, loss_rpn_cls: 0.0123, loss_rpn_bbox: 0.0020, loss_cls: 0.0655, acc: 97.5156, loss_bbox: 0.0433, loss: 0.1232, grad_norm: 1.1254
2026-05-11 21:19:24,807 - mmdet - INFO - Epoch [200][150/186]	lr: 5.092e-03, eta: 2:16:24, time: 0.519, data_time: 0.015, memory: 6154, loss_rpn_cls: 0.0164, loss_rpn_bbox: 0.0021, loss_cls: 0.0621, acc: 97.6865, loss_bbox: 0.0431, loss: 0.1237, grad_norm: 1.1139
2026-05-11 21:19:43,601 - mmdet - INFO - Saving checkpoint at 200 epochs
2026-05-11 21:20:19,371 - mmdet - INFO - Evaluating bbox...
2026-05-11 21:20:21,915 - mmdet - INFO - 
 Average Precision  (AP) @[ IoU=0.50:0.95 | area=   all | maxDets=100 ] = 0.300
 Average Precision  (AP) @[ IoU=0.50      | area=   all | maxDets=1000 ] = 0.707
 Average Precision  (AP) @[ IoU=0.75      | area=   all | maxDets=1000 ] = 0.179
 Average Precision  (AP) @[ IoU=0.50:0.95 | area= small | maxDets=1000 ] = 0.001
 Average Precision  (AP) @[ IoU=0.50:0.95 | area=medium | maxDets=1000 ] = 0.248
 Average Precision  (AP) @[ IoU=0.50:0.95 | area= large | maxDets=1000 ] = 0.361
 Average Recall     (AR) @[ IoU=0.50:0.95 | area=   all | maxDets=100 ] = 0.417
 Average Recall     (AR) @[ IoU=0.50:0.95 | area=   all | maxDets=300 ] = 0.417
 Average Recall     (AR) @[ IoU=0.50:0.95 | area=   all | maxDets=1000 ] = 0.417
 Average Recall     (AR) @[ IoU=0.50:0.95 | area= small | maxDets=1000 ] = 0.040
 Average Recall     (AR) @[ IoU=0.50:0.95 | area=medium | maxDets=1000 ] = 0.374
 Average Recall     (AR) @[ IoU=0.50:0.95 | area= large | maxDets=1000 ] = 0.465

2026-05-11 21:20:21,921 - mmdet - INFO - Exp name: fold_3_r50_300e_hbb.py
2026-05-11 21:20:21,921 - mmdet - INFO - Epoch(val) [200][370]	bbox_mAP: 0.3000, bbox_mAP_50: 0.7070, bbox_mAP_75: 0.1790, bbox_mAP_s: 0.0010, bbox_mAP_m: 0.2480, bbox_mAP_l: 0.3610, bbox_mAP_copypaste: 0.300 0.707 0.179 0.001 0.248 0.361
2026-05-11 21:20:51,620 - mmdet - INFO - Epoch [201][50/186]	lr: 5.001e-03, eta: 2:15:43, time: 0.592, data_time: 0.084, memory: 6154, loss_rpn_cls: 0.0128, loss_rpn_bbox: 0.0022, loss_cls: 0.0681, acc: 97.3232, loss_bbox: 0.0432, loss: 0.1263, grad_norm: 1.1001
2026-05-11 21:21:17,533 - mmdet - INFO - Epoch [201][100/186]	lr: 5.001e-03, eta: 2:15:23, time: 0.520, data_time: 0.015, memory: 6154, loss_rpn_cls: 0.0116, loss_rpn_bbox: 0.0023, loss_cls: 0.0627, acc: 97.6152, loss_bbox: 0.0412, loss: 0.1179, grad_norm: 1.1106
2026-05-11 21:21:43,428 - mmdet - INFO - Epoch [201][150/186]	lr: 5.001e-03, eta: 2:15:03, time: 0.516, data_time: 0.013, memory: 6154, loss_rpn_cls: 0.0109, loss_rpn_bbox: 0.0018, loss_cls: 0.0594, acc: 97.6914, loss_bbox: 0.0390, loss: 0.1111, grad_norm: 1.0724
2026-05-11 21:22:31,941 - mmdet - INFO - Epoch [202][50/186]	lr: 4.910e-03, eta: 2:14:21, time: 0.595, data_time: 0.083, memory: 6154, loss_rpn_cls: 0.0083, loss_rpn_bbox: 0.0019, loss_cls: 0.0578, acc: 97.7930, loss_bbox: 0.0373, loss: 0.1053, grad_norm: 1.0273
2026-05-11 21:22:57,873 - mmdet - INFO - Epoch [202][100/186]	lr: 4.910e-03, eta: 2:14:01, time: 0.517, data_time: 0.013, memory: 6154, loss_rpn_cls: 0.0112, loss_rpn_bbox: 0.0024, loss_cls: 0.0706, acc: 97.2002, loss_bbox: 0.0461, loss: 0.1303, grad_norm: 1.1032
2026-05-11 21:23:23,826 - mmdet - INFO - Epoch [202][150/186]	lr: 4.910e-03, eta: 2:13:41, time: 0.521, data_time: 0.015, memory: 6154, loss_rpn_cls: 0.0131, loss_rpn_bbox: 0.0022, loss_cls: 0.0603, acc: 97.7480, loss_bbox: 0.0394, loss: 0.1149, grad_norm: 1.1156
2026-05-11 21:24:12,433 - mmdet - INFO - Epoch [203][50/186]	lr: 4.820e-03, eta: 2:12:59, time: 0.594, data_time: 0.083, memory: 6154, loss_rpn_cls: 0.0114, loss_rpn_bbox: 0.0019, loss_cls: 0.0582, acc: 97.7451, loss_bbox: 0.0353, loss: 0.1069, grad_norm: 1.0516
2026-05-11 21:24:38,382 - mmdet - INFO - Epoch [203][100/186]	lr: 4.820e-03, eta: 2:12:39, time: 0.521, data_time: 0.015, memory: 6154, loss_rpn_cls: 0.0135, loss_rpn_bbox: 0.0020, loss_cls: 0.0648, acc: 97.6953, loss_bbox: 0.0395, loss: 0.1198, grad_norm: 1.1121
2026-05-11 21:25:04,292 - mmdet - INFO - Epoch [203][150/186]	lr: 4.820e-03, eta: 2:12:19, time: 0.516, data_time: 0.013, memory: 6154, loss_rpn_cls: 0.0159, loss_rpn_bbox: 0.0021, loss_cls: 0.0619, acc: 97.5820, loss_bbox: 0.0405, loss: 0.1204, grad_norm: 1.0892
2026-05-11 21:25:52,740 - mmdet - INFO - Epoch [204][50/186]	lr: 4.731e-03, eta: 2:11:37, time: 0.595, data_time: 0.083, memory: 6154, loss_rpn_cls: 0.0161, loss_rpn_bbox: 0.0024, loss_cls: 0.0667, acc: 97.5225, loss_bbox: 0.0431, loss: 0.1283, grad_norm: 1.2495
2026-05-11 21:26:18,711 - mmdet - INFO - Epoch [204][100/186]	lr: 4.731e-03, eta: 2:11:17, time: 0.517, data_time: 0.013, memory: 6154, loss_rpn_cls: 0.0147, loss_rpn_bbox: 0.0023, loss_cls: 0.0655, acc: 97.4629, loss_bbox: 0.0424, loss: 0.1250, grad_norm: 1.1925
2026-05-11 21:26:44,574 - mmdet - INFO - Epoch [204][150/186]	lr: 4.731e-03, eta: 2:10:57, time: 0.519, data_time: 0.015, memory: 6154, loss_rpn_cls: 0.0131, loss_rpn_bbox: 0.0020, loss_cls: 0.0631, acc: 97.5586, loss_bbox: 0.0432, loss: 0.1213, grad_norm: 1.1312
2026-05-11 21:27:33,069 - mmdet - INFO - Epoch [205][50/186]	lr: 4.642e-03, eta: 2:10:16, time: 0.592, data_time: 0.083, memory: 6154, loss_rpn_cls: 0.0159, loss_rpn_bbox: 0.0023, loss_cls: 0.0743, acc: 97.1533, loss_bbox: 0.0470, loss: 0.1395, grad_norm: 1.2271
2026-05-11 21:27:59,023 - mmdet - INFO - Epoch [205][100/186]	lr: 4.642e-03, eta: 2:09:56, time: 0.521, data_time: 0.015, memory: 6154, loss_rpn_cls: 0.0164, loss_rpn_bbox: 0.0022, loss_cls: 0.0663, acc: 97.3936, loss_bbox: 0.0415, loss: 0.1265, grad_norm: 1.1818
2026-05-11 21:28:24,912 - mmdet - INFO - Epoch [205][150/186]	lr: 4.642e-03, eta: 2:09:36, time: 0.516, data_time: 0.013, memory: 6154, loss_rpn_cls: 0.0096, loss_rpn_bbox: 0.0018, loss_cls: 0.0602, acc: 97.6895, loss_bbox: 0.0389, loss: 0.1105, grad_norm: 1.1491
2026-05-11 21:29:13,393 - mmdet - INFO - Epoch [206][50/186]	lr: 4.554e-03, eta: 2:08:54, time: 0.595, data_time: 0.085, memory: 6154, loss_rpn_cls: 0.0152, loss_rpn_bbox: 0.0017, loss_cls: 0.0589, acc: 97.7734, loss_bbox: 0.0364, loss: 0.1122, grad_norm: 1.1461
2026-05-11 21:29:39,410 - mmdet - INFO - Epoch [206][100/186]	lr: 4.554e-03, eta: 2:08:34, time: 0.518, data_time: 0.013, memory: 6154, loss_rpn_cls: 0.0135, loss_rpn_bbox: 0.0025, loss_cls: 0.0768, acc: 97.0342, loss_bbox: 0.0518, loss: 0.1446, grad_norm: 1.2262
2026-05-11 21:30:05,384 - mmdet - INFO - Epoch [206][150/186]	lr: 4.554e-03, eta: 2:08:14, time: 0.521, data_time: 0.015, memory: 6154, loss_rpn_cls: 0.0135, loss_rpn_bbox: 0.0021, loss_cls: 0.0642, acc: 97.5068, loss_bbox: 0.0437, loss: 0.1234, grad_norm: 1.1914
2026-05-11 21:30:53,913 - mmdet - INFO - Epoch [207][50/186]	lr: 4.467e-03, eta: 2:07:32, time: 0.593, data_time: 0.084, memory: 6154, loss_rpn_cls: 0.0141, loss_rpn_bbox: 0.0020, loss_cls: 0.0623, acc: 97.7617, loss_bbox: 0.0388, loss: 0.1173, grad_norm: 1.1316
2026-05-11 21:31:19,850 - mmdet - INFO - Epoch [207][100/186]	lr: 4.467e-03, eta: 2:07:12, time: 0.521, data_time: 0.015, memory: 6154, loss_rpn_cls: 0.0128, loss_rpn_bbox: 0.0020, loss_cls: 0.0624, acc: 97.6367, loss_bbox: 0.0393, loss: 0.1165, grad_norm: 1.0851
2026-05-11 21:31:45,736 - mmdet - INFO - Epoch [207][150/186]	lr: 4.467e-03, eta: 2:06:52, time: 0.516, data_time: 0.013, memory: 6154, loss_rpn_cls: 0.0108, loss_rpn_bbox: 0.0019, loss_cls: 0.0632, acc: 97.6250, loss_bbox: 0.0430, loss: 0.1190, grad_norm: 1.0661
2026-05-11 21:32:34,195 - mmdet - INFO - Epoch [208][50/186]	lr: 4.380e-03, eta: 2:06:11, time: 0.594, data_time: 0.083, memory: 6154, loss_rpn_cls: 0.0085, loss_rpn_bbox: 0.0016, loss_cls: 0.0591, acc: 97.8154, loss_bbox: 0.0389, loss: 0.1082, grad_norm: 1.0621
2026-05-11 21:33:00,148 - mmdet - INFO - Epoch [208][100/186]	lr: 4.380e-03, eta: 2:05:50, time: 0.517, data_time: 0.013, memory: 6154, loss_rpn_cls: 0.0129, loss_rpn_bbox: 0.0021, loss_cls: 0.0602, acc: 97.7734, loss_bbox: 0.0392, loss: 0.1144, grad_norm: 1.0688
2026-05-11 21:33:26,097 - mmdet - INFO - Epoch [208][150/186]	lr: 4.380e-03, eta: 2:05:30, time: 0.521, data_time: 0.015, memory: 6154, loss_rpn_cls: 0.0166, loss_rpn_bbox: 0.0021, loss_cls: 0.0584, acc: 97.7656, loss_bbox: 0.0379, loss: 0.1150, grad_norm: 1.0640
2026-05-11 21:34:14,651 - mmdet - INFO - Epoch [209][50/186]	lr: 4.294e-03, eta: 2:04:49, time: 0.592, data_time: 0.083, memory: 6154, loss_rpn_cls: 0.0143, loss_rpn_bbox: 0.0021, loss_cls: 0.0639, acc: 97.5957, loss_bbox: 0.0411, loss: 0.1214, grad_norm: 1.1511
2026-05-11 21:34:40,623 - mmdet - INFO - Epoch [209][100/186]	lr: 4.294e-03, eta: 2:04:29, time: 0.521, data_time: 0.015, memory: 6154, loss_rpn_cls: 0.0106, loss_rpn_bbox: 0.0019, loss_cls: 0.0648, acc: 97.4902, loss_bbox: 0.0424, loss: 0.1197, grad_norm: 1.1230
2026-05-11 21:35:06,603 - mmdet - INFO - Epoch [209][150/186]	lr: 4.294e-03, eta: 2:04:09, time: 0.518, data_time: 0.013, memory: 6154, loss_rpn_cls: 0.0103, loss_rpn_bbox: 0.0022, loss_cls: 0.0634, acc: 97.5029, loss_bbox: 0.0446, loss: 0.1206, grad_norm: 1.0949
2026-05-11 21:35:55,091 - mmdet - INFO - Epoch [210][50/186]	lr: 4.208e-03, eta: 2:03:27, time: 0.596, data_time: 0.085, memory: 6154, loss_rpn_cls: 0.0144, loss_rpn_bbox: 0.0023, loss_cls: 0.0669, acc: 97.4622, loss_bbox: 0.0434, loss: 0.1270, grad_norm: 1.1727
2026-05-11 21:36:21,078 - mmdet - INFO - Epoch [210][100/186]	lr: 4.208e-03, eta: 2:03:07, time: 0.518, data_time: 0.013, memory: 6154, loss_rpn_cls: 0.0116, loss_rpn_bbox: 0.0022, loss_cls: 0.0706, acc: 97.3662, loss_bbox: 0.0466, loss: 0.1310, grad_norm: 1.1112
2026-05-11 21:36:46,991 - mmdet - INFO - Epoch [210][150/186]	lr: 4.208e-03, eta: 2:02:47, time: 0.520, data_time: 0.015, memory: 6154, loss_rpn_cls: 0.0098, loss_rpn_bbox: 0.0019, loss_cls: 0.0564, acc: 97.8506, loss_bbox: 0.0358, loss: 0.1038, grad_norm: 1.0883
2026-05-11 21:37:05,708 - mmdet - INFO - Saving checkpoint at 210 epochs
2026-05-11 21:37:41,153 - mmdet - INFO - Evaluating bbox...
2026-05-11 21:37:43,746 - mmdet - INFO - 
 Average Precision  (AP) @[ IoU=0.50:0.95 | area=   all | maxDets=100 ] = 0.317
 Average Precision  (AP) @[ IoU=0.50      | area=   all | maxDets=1000 ] = 0.695
 Average Precision  (AP) @[ IoU=0.75      | area=   all | maxDets=1000 ] = 0.251
 Average Precision  (AP) @[ IoU=0.50:0.95 | area= small | maxDets=1000 ] = 0.000
 Average Precision  (AP) @[ IoU=0.50:0.95 | area=medium | maxDets=1000 ] = 0.249
 Average Precision  (AP) @[ IoU=0.50:0.95 | area= large | maxDets=1000 ] = 0.398
 Average Recall     (AR) @[ IoU=0.50:0.95 | area=   all | maxDets=100 ] = 0.443
 Average Recall     (AR) @[ IoU=0.50:0.95 | area=   all | maxDets=300 ] = 0.443
 Average Recall     (AR) @[ IoU=0.50:0.95 | area=   all | maxDets=1000 ] = 0.443
 Average Recall     (AR) @[ IoU=0.50:0.95 | area= small | maxDets=1000 ] = 0.033
 Average Recall     (AR) @[ IoU=0.50:0.95 | area=medium | maxDets=1000 ] = 0.397
 Average Recall     (AR) @[ IoU=0.50:0.95 | area= large | maxDets=1000 ] = 0.495

2026-05-11 21:37:43,842 - mmdet - INFO - The previous best checkpoint /home/ahmadreza/Downloads/Research/M2SODAI/baseline_official/runs_r50_hbb/r50_hbb_fold_3_20260511/best_bbox_mAP_epoch_150.pth was removed
2026-05-11 21:37:45,373 - mmdet - INFO - Now best checkpoint is saved as best_bbox_mAP_epoch_210.pth.
2026-05-11 21:37:45,373 - mmdet - INFO - Best bbox_mAP is 0.3170 at 210 epoch.
2026-05-11 21:37:45,374 - mmdet - INFO - Exp name: fold_3_r50_300e_hbb.py
2026-05-11 21:37:45,374 - mmdet - INFO - Epoch(val) [210][370]	bbox_mAP: 0.3170, bbox_mAP_50: 0.6950, bbox_mAP_75: 0.2510, bbox_mAP_s: 0.0000, bbox_mAP_m: 0.2490, bbox_mAP_l: 0.3980, bbox_mAP_copypaste: 0.317 0.695 0.251 0.000 0.249 0.398
2026-05-11 21:38:15,001 - mmdet - INFO - Epoch [211][50/186]	lr: 4.123e-03, eta: 2:02:06, time: 0.590, data_time: 0.084, memory: 6154, loss_rpn_cls: 0.0149, loss_rpn_bbox: 0.0021, loss_cls: 0.0689, acc: 97.4043, loss_bbox: 0.0430, loss: 0.1289, grad_norm: 1.1925
2026-05-11 21:38:40,891 - mmdet - INFO - Epoch [211][100/186]	lr: 4.123e-03, eta: 2:01:45, time: 0.520, data_time: 0.015, memory: 6154, loss_rpn_cls: 0.0113, loss_rpn_bbox: 0.0017, loss_cls: 0.0601, acc: 97.6611, loss_bbox: 0.0396, loss: 0.1126, grad_norm: 1.1065
2026-05-11 21:39:06,830 - mmdet - INFO - Epoch [211][150/186]	lr: 4.123e-03, eta: 2:01:25, time: 0.517, data_time: 0.013, memory: 6154, loss_rpn_cls: 0.0161, loss_rpn_bbox: 0.0026, loss_cls: 0.0663, acc: 97.4141, loss_bbox: 0.0470, loss: 0.1320, grad_norm: 1.0933
2026-05-11 21:39:55,250 - mmdet - INFO - Epoch [212][50/186]	lr: 4.039e-03, eta: 2:00:44, time: 0.595, data_time: 0.085, memory: 6154, loss_rpn_cls: 0.0140, loss_rpn_bbox: 0.0019, loss_cls: 0.0537, acc: 97.9561, loss_bbox: 0.0320, loss: 0.1017, grad_norm: 0.9839
2026-05-11 21:40:21,175 - mmdet - INFO - Epoch [212][100/186]	lr: 4.039e-03, eta: 2:00:24, time: 0.517, data_time: 0.013, memory: 6154, loss_rpn_cls: 0.0141, loss_rpn_bbox: 0.0020, loss_cls: 0.0708, acc: 97.3701, loss_bbox: 0.0461, loss: 0.1330, grad_norm: 1.0906
2026-05-11 21:40:47,163 - mmdet - INFO - Epoch [212][150/186]	lr: 4.039e-03, eta: 2:00:03, time: 0.522, data_time: 0.015, memory: 6154, loss_rpn_cls: 0.0157, loss_rpn_bbox: 0.0021, loss_cls: 0.0688, acc: 97.3633, loss_bbox: 0.0445, loss: 0.1310, grad_norm: 1.0706
2026-05-11 21:41:35,757 - mmdet - INFO - Epoch [213][50/186]	lr: 3.955e-03, eta: 1:59:22, time: 0.594, data_time: 0.083, memory: 6154, loss_rpn_cls: 0.0140, loss_rpn_bbox: 0.0022, loss_cls: 0.0691, acc: 97.4102, loss_bbox: 0.0427, loss: 0.1280, grad_norm: 1.0797
2026-05-11 21:42:01,729 - mmdet - INFO - Epoch [213][100/186]	lr: 3.955e-03, eta: 1:59:02, time: 0.521, data_time: 0.015, memory: 6154, loss_rpn_cls: 0.0117, loss_rpn_bbox: 0.0023, loss_cls: 0.0717, acc: 97.3428, loss_bbox: 0.0462, loss: 0.1319, grad_norm: 1.1080
2026-05-11 21:42:27,670 - mmdet - INFO - Epoch [213][150/186]	lr: 3.955e-03, eta: 1:58:42, time: 0.517, data_time: 0.013, memory: 6154, loss_rpn_cls: 0.0100, loss_rpn_bbox: 0.0018, loss_cls: 0.0571, acc: 97.8105, loss_bbox: 0.0371, loss: 0.1059, grad_norm: 1.0524
2026-05-11 21:43:16,122 - mmdet - INFO - Epoch [214][50/186]	lr: 3.872e-03, eta: 1:58:01, time: 0.594, data_time: 0.083, memory: 6154, loss_rpn_cls: 0.0152, loss_rpn_bbox: 0.0023, loss_cls: 0.0682, acc: 97.4561, loss_bbox: 0.0418, loss: 0.1275, grad_norm: 1.0642
2026-05-11 21:43:42,090 - mmdet - INFO - Epoch [214][100/186]	lr: 3.872e-03, eta: 1:57:40, time: 0.517, data_time: 0.013, memory: 6154, loss_rpn_cls: 0.0091, loss_rpn_bbox: 0.0017, loss_cls: 0.0560, acc: 97.7920, loss_bbox: 0.0337, loss: 0.1004, grad_norm: 0.9896
2026-05-11 21:44:08,043 - mmdet - INFO - Epoch [214][150/186]	lr: 3.872e-03, eta: 1:57:20, time: 0.521, data_time: 0.015, memory: 6154, loss_rpn_cls: 0.0130, loss_rpn_bbox: 0.0020, loss_cls: 0.0592, acc: 97.7480, loss_bbox: 0.0401, loss: 0.1143, grad_norm: 0.9879
2026-05-11 21:44:56,494 - mmdet - INFO - Epoch [215][50/186]	lr: 3.789e-03, eta: 1:56:39, time: 0.591, data_time: 0.083, memory: 6154, loss_rpn_cls: 0.0157, loss_rpn_bbox: 0.0019, loss_cls: 0.0625, acc: 97.6396, loss_bbox: 0.0387, loss: 0.1188, grad_norm: 1.0524
2026-05-11 21:45:22,540 - mmdet - INFO - Epoch [215][100/186]	lr: 3.789e-03, eta: 1:56:19, time: 0.523, data_time: 0.015, memory: 6154, loss_rpn_cls: 0.0145, loss_rpn_bbox: 0.0021, loss_cls: 0.0719, acc: 97.3145, loss_bbox: 0.0456, loss: 0.1341, grad_norm: 1.0844
2026-05-11 21:45:48,399 - mmdet - INFO - Epoch [215][150/186]	lr: 3.789e-03, eta: 1:55:58, time: 0.515, data_time: 0.013, memory: 6154, loss_rpn_cls: 0.0099, loss_rpn_bbox: 0.0016, loss_cls: 0.0563, acc: 97.8848, loss_bbox: 0.0357, loss: 0.1035, grad_norm: 1.0490
2026-05-11 21:46:36,700 - mmdet - INFO - Epoch [216][50/186]	lr: 3.708e-03, eta: 1:55:17, time: 0.593, data_time: 0.083, memory: 6154, loss_rpn_cls: 0.0133, loss_rpn_bbox: 0.0017, loss_cls: 0.0545, acc: 98.0029, loss_bbox: 0.0325, loss: 0.1019, grad_norm: 1.0909
2026-05-11 21:47:02,673 - mmdet - INFO - Epoch [216][100/186]	lr: 3.708e-03, eta: 1:54:57, time: 0.518, data_time: 0.013, memory: 6154, loss_rpn_cls: 0.0125, loss_rpn_bbox: 0.0022, loss_cls: 0.0595, acc: 97.7676, loss_bbox: 0.0358, loss: 0.1100, grad_norm: 1.0367
2026-05-11 21:47:28,722 - mmdet - INFO - Epoch [216][150/186]	lr: 3.708e-03, eta: 1:54:37, time: 0.523, data_time: 0.015, memory: 6154, loss_rpn_cls: 0.0130, loss_rpn_bbox: 0.0023, loss_cls: 0.0655, acc: 97.4798, loss_bbox: 0.0427, loss: 0.1235, grad_norm: 1.0557
2026-05-11 21:48:17,209 - mmdet - INFO - Epoch [217][50/186]	lr: 3.627e-03, eta: 1:53:56, time: 0.591, data_time: 0.083, memory: 6154, loss_rpn_cls: 0.0105, loss_rpn_bbox: 0.0018, loss_cls: 0.0569, acc: 97.8359, loss_bbox: 0.0337, loss: 0.1029, grad_norm: 0.9781
2026-05-11 21:48:43,202 - mmdet - INFO - Epoch [217][100/186]	lr: 3.627e-03, eta: 1:53:35, time: 0.522, data_time: 0.015, memory: 6154, loss_rpn_cls: 0.0095, loss_rpn_bbox: 0.0018, loss_cls: 0.0506, acc: 98.1133, loss_bbox: 0.0320, loss: 0.0939, grad_norm: 0.9144
2026-05-11 21:49:09,146 - mmdet - INFO - Epoch [217][150/186]	lr: 3.627e-03, eta: 1:53:15, time: 0.517, data_time: 0.013, memory: 6154, loss_rpn_cls: 0.0153, loss_rpn_bbox: 0.0025, loss_cls: 0.0674, acc: 97.5010, loss_bbox: 0.0457, loss: 0.1308, grad_norm: 0.9704
2026-05-11 21:49:57,555 - mmdet - INFO - Epoch [218][50/186]	lr: 3.546e-03, eta: 1:52:34, time: 0.593, data_time: 0.083, memory: 6154, loss_rpn_cls: 0.0112, loss_rpn_bbox: 0.0020, loss_cls: 0.0584, acc: 97.8154, loss_bbox: 0.0346, loss: 0.1063, grad_norm: 0.9663
2026-05-11 21:50:23,506 - mmdet - INFO - Epoch [218][100/186]	lr: 3.546e-03, eta: 1:52:13, time: 0.517, data_time: 0.013, memory: 6154, loss_rpn_cls: 0.0111, loss_rpn_bbox: 0.0018, loss_cls: 0.0631, acc: 97.6299, loss_bbox: 0.0397, loss: 0.1156, grad_norm: 0.9860
2026-05-11 21:50:49,498 - mmdet - INFO - Epoch [218][150/186]	lr: 3.546e-03, eta: 1:51:53, time: 0.522, data_time: 0.015, memory: 6154, loss_rpn_cls: 0.0145, loss_rpn_bbox: 0.0020, loss_cls: 0.0623, acc: 97.6584, loss_bbox: 0.0424, loss: 0.1211, grad_norm: 1.0175
2026-05-11 21:51:38,013 - mmdet - INFO - Epoch [219][50/186]	lr: 3.467e-03, eta: 1:51:12, time: 0.592, data_time: 0.084, memory: 6154, loss_rpn_cls: 0.0090, loss_rpn_bbox: 0.0017, loss_cls: 0.0546, acc: 97.9404, loss_bbox: 0.0327, loss: 0.0981, grad_norm: 0.9789
2026-05-11 21:52:04,047 - mmdet - INFO - Epoch [219][100/186]	lr: 3.467e-03, eta: 1:50:52, time: 0.523, data_time: 0.015, memory: 6154, loss_rpn_cls: 0.0091, loss_rpn_bbox: 0.0018, loss_cls: 0.0567, acc: 97.8848, loss_bbox: 0.0354, loss: 0.1030, grad_norm: 0.9787
2026-05-11 21:52:29,962 - mmdet - INFO - Epoch [219][150/186]	lr: 3.467e-03, eta: 1:50:31, time: 0.516, data_time: 0.013, memory: 6154, loss_rpn_cls: 0.0114, loss_rpn_bbox: 0.0018, loss_cls: 0.0544, acc: 97.9385, loss_bbox: 0.0376, loss: 0.1052, grad_norm: 0.9704
2026-05-11 21:53:18,513 - mmdet - INFO - Epoch [220][50/186]	lr: 3.388e-03, eta: 1:49:51, time: 0.595, data_time: 0.084, memory: 6154, loss_rpn_cls: 0.0110, loss_rpn_bbox: 0.0018, loss_cls: 0.0599, acc: 97.7129, loss_bbox: 0.0360, loss: 0.1087, grad_norm: 0.9842
2026-05-11 21:53:44,438 - mmdet - INFO - Epoch [220][100/186]	lr: 3.388e-03, eta: 1:49:30, time: 0.517, data_time: 0.013, memory: 6154, loss_rpn_cls: 0.0155, loss_rpn_bbox: 0.0023, loss_cls: 0.0653, acc: 97.6045, loss_bbox: 0.0413, loss: 0.1245, grad_norm: 1.0499
2026-05-11 21:54:10,374 - mmdet - INFO - Epoch [220][150/186]	lr: 3.388e-03, eta: 1:49:10, time: 0.521, data_time: 0.015, memory: 6154, loss_rpn_cls: 0.0124, loss_rpn_bbox: 0.0017, loss_cls: 0.0527, acc: 98.0264, loss_bbox: 0.0352, loss: 0.1020, grad_norm: 1.0102
2026-05-11 21:54:29,220 - mmdet - INFO - Saving checkpoint at 220 epochs
2026-05-11 21:55:04,708 - mmdet - INFO - Evaluating bbox...
2026-05-11 21:55:07,285 - mmdet - INFO - 
 Average Precision  (AP) @[ IoU=0.50:0.95 | area=   all | maxDets=100 ] = 0.317
 Average Precision  (AP) @[ IoU=0.50      | area=   all | maxDets=1000 ] = 0.712
 Average Precision  (AP) @[ IoU=0.75      | area=   all | maxDets=1000 ] = 0.235
 Average Precision  (AP) @[ IoU=0.50:0.95 | area= small | maxDets=1000 ] = 0.000
 Average Precision  (AP) @[ IoU=0.50:0.95 | area=medium | maxDets=1000 ] = 0.260
 Average Precision  (AP) @[ IoU=0.50:0.95 | area= large | maxDets=1000 ] = 0.384
 Average Recall     (AR) @[ IoU=0.50:0.95 | area=   all | maxDets=100 ] = 0.433
 Average Recall     (AR) @[ IoU=0.50:0.95 | area=   all | maxDets=300 ] = 0.433
 Average Recall     (AR) @[ IoU=0.50:0.95 | area=   all | maxDets=1000 ] = 0.433
 Average Recall     (AR) @[ IoU=0.50:0.95 | area= small | maxDets=1000 ] = 0.033
 Average Recall     (AR) @[ IoU=0.50:0.95 | area=medium | maxDets=1000 ] = 0.390
 Average Recall     (AR) @[ IoU=0.50:0.95 | area= large | maxDets=1000 ] = 0.483

2026-05-11 21:55:07,290 - mmdet - INFO - Exp name: fold_3_r50_300e_hbb.py
2026-05-11 21:55:07,290 - mmdet - INFO - Epoch(val) [220][370]	bbox_mAP: 0.3170, bbox_mAP_50: 0.7120, bbox_mAP_75: 0.2350, bbox_mAP_s: 0.0000, bbox_mAP_m: 0.2600, bbox_mAP_l: 0.3840, bbox_mAP_copypaste: 0.317 0.712 0.235 0.000 0.260 0.384
2026-05-11 21:55:37,013 - mmdet - INFO - Epoch [221][50/186]	lr: 3.310e-03, eta: 1:48:29, time: 0.592, data_time: 0.085, memory: 6154, loss_rpn_cls: 0.0138, loss_rpn_bbox: 0.0020, loss_cls: 0.0609, acc: 97.7256, loss_bbox: 0.0343, loss: 0.1110, grad_norm: 1.0778
2026-05-11 21:56:02,977 - mmdet - INFO - Epoch [221][100/186]	lr: 3.310e-03, eta: 1:48:08, time: 0.521, data_time: 0.015, memory: 6154, loss_rpn_cls: 0.0113, loss_rpn_bbox: 0.0021, loss_cls: 0.0610, acc: 97.7324, loss_bbox: 0.0359, loss: 0.1104, grad_norm: 1.0436
2026-05-11 21:56:28,934 - mmdet - INFO - Epoch [221][150/186]	lr: 3.310e-03, eta: 1:47:48, time: 0.517, data_time: 0.013, memory: 6154, loss_rpn_cls: 0.0136, loss_rpn_bbox: 0.0021, loss_cls: 0.0648, acc: 97.5430, loss_bbox: 0.0457, loss: 0.1261, grad_norm: 1.0428
2026-05-11 21:57:17,395 - mmdet - INFO - Epoch [222][50/186]	lr: 3.232e-03, eta: 1:47:07, time: 0.594, data_time: 0.084, memory: 6154, loss_rpn_cls: 0.0117, loss_rpn_bbox: 0.0016, loss_cls: 0.0550, acc: 97.9482, loss_bbox: 0.0328, loss: 0.1012, grad_norm: 0.9158
2026-05-11 21:57:43,330 - mmdet - INFO - Epoch [222][100/186]	lr: 3.232e-03, eta: 1:46:47, time: 0.517, data_time: 0.013, memory: 6154, loss_rpn_cls: 0.0122, loss_rpn_bbox: 0.0017, loss_cls: 0.0537, acc: 98.0355, loss_bbox: 0.0328, loss: 0.1004, grad_norm: 0.9554
2026-05-11 21:58:09,284 - mmdet - INFO - Epoch [222][150/186]	lr: 3.232e-03, eta: 1:46:26, time: 0.521, data_time: 0.015, memory: 6154, loss_rpn_cls: 0.0121, loss_rpn_bbox: 0.0022, loss_cls: 0.0607, acc: 97.7090, loss_bbox: 0.0394, loss: 0.1145, grad_norm: 0.9648
2026-05-11 21:58:57,847 - mmdet - INFO - Epoch [223][50/186]	lr: 3.155e-03, eta: 1:45:46, time: 0.592, data_time: 0.083, memory: 6154, loss_rpn_cls: 0.0120, loss_rpn_bbox: 0.0018, loss_cls: 0.0601, acc: 97.7500, loss_bbox: 0.0355, loss: 0.1094, grad_norm: 0.9741
2026-05-11 21:59:23,811 - mmdet - INFO - Epoch [223][100/186]	lr: 3.155e-03, eta: 1:45:25, time: 0.521, data_time: 0.015, memory: 6154, loss_rpn_cls: 0.0118, loss_rpn_bbox: 0.0021, loss_cls: 0.0591, acc: 97.7217, loss_bbox: 0.0370, loss: 0.1099, grad_norm: 0.9609
2026-05-11 21:59:49,752 - mmdet - INFO - Epoch [223][150/186]	lr: 3.155e-03, eta: 1:45:04, time: 0.517, data_time: 0.013, memory: 6154, loss_rpn_cls: 0.0095, loss_rpn_bbox: 0.0016, loss_cls: 0.0505, acc: 98.1270, loss_bbox: 0.0337, loss: 0.0953, grad_norm: 0.9147
2026-05-11 22:00:38,230 - mmdet - INFO - Epoch [224][50/186]	lr: 3.079e-03, eta: 1:44:24, time: 0.593, data_time: 0.083, memory: 6154, loss_rpn_cls: 0.0130, loss_rpn_bbox: 0.0021, loss_cls: 0.0628, acc: 97.6523, loss_bbox: 0.0395, loss: 0.1173, grad_norm: 0.9782
2026-05-11 22:01:04,142 - mmdet - INFO - Epoch [224][100/186]	lr: 3.079e-03, eta: 1:44:03, time: 0.516, data_time: 0.013, memory: 6154, loss_rpn_cls: 0.0128, loss_rpn_bbox: 0.0019, loss_cls: 0.0632, acc: 97.6660, loss_bbox: 0.0397, loss: 0.1176, grad_norm: 1.0369
2026-05-11 22:01:30,093 - mmdet - INFO - Epoch [224][150/186]	lr: 3.079e-03, eta: 1:43:43, time: 0.521, data_time: 0.015, memory: 6154, loss_rpn_cls: 0.0086, loss_rpn_bbox: 0.0019, loss_cls: 0.0576, acc: 97.8018, loss_bbox: 0.0386, loss: 0.1067, grad_norm: 1.0124
2026-05-11 22:02:18,551 - mmdet - INFO - Epoch [225][50/186]	lr: 3.004e-03, eta: 1:43:02, time: 0.592, data_time: 0.083, memory: 6154, loss_rpn_cls: 0.0102, loss_rpn_bbox: 0.0019, loss_cls: 0.0575, acc: 97.8770, loss_bbox: 0.0351, loss: 0.1047, grad_norm: 0.9808
2026-05-11 22:02:44,566 - mmdet - INFO - Epoch [225][100/186]	lr: 3.004e-03, eta: 1:42:42, time: 0.522, data_time: 0.015, memory: 6154, loss_rpn_cls: 0.0092, loss_rpn_bbox: 0.0020, loss_cls: 0.0660, acc: 97.4805, loss_bbox: 0.0440, loss: 0.1211, grad_norm: 1.0088
2026-05-11 22:03:10,491 - mmdet - INFO - Epoch [225][150/186]	lr: 3.004e-03, eta: 1:42:21, time: 0.517, data_time: 0.013, memory: 6154, loss_rpn_cls: 0.0133, loss_rpn_bbox: 0.0023, loss_cls: 0.0670, acc: 97.5381, loss_bbox: 0.0447, loss: 0.1273, grad_norm: 1.0630
2026-05-11 22:03:59,127 - mmdet - INFO - Epoch [226][50/186]	lr: 2.930e-03, eta: 1:41:41, time: 0.597, data_time: 0.084, memory: 6154, loss_rpn_cls: 0.0140, loss_rpn_bbox: 0.0020, loss_cls: 0.0628, acc: 97.7070, loss_bbox: 0.0412, loss: 0.1200, grad_norm: 1.0923
2026-05-11 22:04:25,029 - mmdet - INFO - Epoch [226][100/186]	lr: 2.930e-03, eta: 1:41:20, time: 0.516, data_time: 0.013, memory: 6154, loss_rpn_cls: 0.0133, loss_rpn_bbox: 0.0021, loss_cls: 0.0596, acc: 97.7656, loss_bbox: 0.0373, loss: 0.1123, grad_norm: 1.0856
2026-05-11 22:04:51,036 - mmdet - INFO - Exp name: fold_3_r50_300e_hbb.py
2026-05-11 22:04:51,036 - mmdet - INFO - Epoch [226][150/186]	lr: 2.930e-03, eta: 1:40:59, time: 0.522, data_time: 0.015, memory: 6154, loss_rpn_cls: 0.0145, loss_rpn_bbox: 0.0017, loss_cls: 0.0521, acc: 98.1006, loss_bbox: 0.0329, loss: 0.1012, grad_norm: 1.0581
2026-05-11 22:05:39,601 - mmdet - INFO - Epoch [227][50/186]	lr: 2.856e-03, eta: 1:40:19, time: 0.592, data_time: 0.083, memory: 6154, loss_rpn_cls: 0.0109, loss_rpn_bbox: 0.0018, loss_cls: 0.0551, acc: 97.9639, loss_bbox: 0.0335, loss: 0.1012, grad_norm: 1.0404
2026-05-11 22:06:05,579 - mmdet - INFO - Epoch [227][100/186]	lr: 2.856e-03, eta: 1:39:58, time: 0.521, data_time: 0.015, memory: 6154, loss_rpn_cls: 0.0128, loss_rpn_bbox: 0.0020, loss_cls: 0.0642, acc: 97.6533, loss_bbox: 0.0425, loss: 0.1215, grad_norm: 1.0371
2026-05-11 22:06:31,464 - mmdet - INFO - Epoch [227][150/186]	lr: 2.856e-03, eta: 1:39:38, time: 0.516, data_time: 0.013, memory: 6154, loss_rpn_cls: 0.0148, loss_rpn_bbox: 0.0021, loss_cls: 0.0619, acc: 97.7461, loss_bbox: 0.0417, loss: 0.1205, grad_norm: 1.0278
2026-05-11 22:07:19,887 - mmdet - INFO - Epoch [228][50/186]	lr: 2.783e-03, eta: 1:38:57, time: 0.594, data_time: 0.084, memory: 6154, loss_rpn_cls: 0.0082, loss_rpn_bbox: 0.0014, loss_cls: 0.0505, acc: 98.1279, loss_bbox: 0.0292, loss: 0.0894, grad_norm: 0.8970
2026-05-11 22:07:45,867 - mmdet - INFO - Epoch [228][100/186]	lr: 2.783e-03, eta: 1:38:37, time: 0.518, data_time: 0.013, memory: 6154, loss_rpn_cls: 0.0132, loss_rpn_bbox: 0.0018, loss_cls: 0.0630, acc: 97.7061, loss_bbox: 0.0422, loss: 0.1201, grad_norm: 1.0204
2026-05-11 22:08:11,805 - mmdet - INFO - Epoch [228][150/186]	lr: 2.783e-03, eta: 1:38:16, time: 0.521, data_time: 0.015, memory: 6154, loss_rpn_cls: 0.0149, loss_rpn_bbox: 0.0023, loss_cls: 0.0593, acc: 97.7080, loss_bbox: 0.0415, loss: 0.1180, grad_norm: 1.0058
2026-05-11 22:09:00,270 - mmdet - INFO - Epoch [229][50/186]	lr: 2.711e-03, eta: 1:37:36, time: 0.592, data_time: 0.083, memory: 6154, loss_rpn_cls: 0.0122, loss_rpn_bbox: 0.0020, loss_cls: 0.0552, acc: 97.9365, loss_bbox: 0.0351, loss: 0.1045, grad_norm: 0.9827
2026-05-11 22:09:26,265 - mmdet - INFO - Epoch [229][100/186]	lr: 2.711e-03, eta: 1:37:15, time: 0.522, data_time: 0.015, memory: 6154, loss_rpn_cls: 0.0101, loss_rpn_bbox: 0.0016, loss_cls: 0.0564, acc: 98.0332, loss_bbox: 0.0344, loss: 0.1025, grad_norm: 0.9899
2026-05-11 22:09:52,294 - mmdet - INFO - Epoch [229][150/186]	lr: 2.711e-03, eta: 1:36:54, time: 0.519, data_time: 0.013, memory: 6154, loss_rpn_cls: 0.0139, loss_rpn_bbox: 0.0021, loss_cls: 0.0580, acc: 97.8018, loss_bbox: 0.0372, loss: 0.1111, grad_norm: 0.9734
2026-05-11 22:10:40,721 - mmdet - INFO - Epoch [230][50/186]	lr: 2.640e-03, eta: 1:36:14, time: 0.593, data_time: 0.083, memory: 6154, loss_rpn_cls: 0.0110, loss_rpn_bbox: 0.0018, loss_cls: 0.0609, acc: 97.7041, loss_bbox: 0.0366, loss: 0.1103, grad_norm: 1.0849
2026-05-11 22:11:06,669 - mmdet - INFO - Epoch [230][100/186]	lr: 2.640e-03, eta: 1:35:53, time: 0.517, data_time: 0.013, memory: 6154, loss_rpn_cls: 0.0103, loss_rpn_bbox: 0.0017, loss_cls: 0.0566, acc: 97.8486, loss_bbox: 0.0360, loss: 0.1046, grad_norm: 1.0514
2026-05-11 22:11:32,699 - mmdet - INFO - Epoch [230][150/186]	lr: 2.640e-03, eta: 1:35:33, time: 0.523, data_time: 0.015, memory: 6154, loss_rpn_cls: 0.0098, loss_rpn_bbox: 0.0016, loss_cls: 0.0542, acc: 97.9404, loss_bbox: 0.0353, loss: 0.1009, grad_norm: 1.0191
2026-05-11 22:11:51,467 - mmdet - INFO - Saving checkpoint at 230 epochs
2026-05-11 22:12:27,067 - mmdet - INFO - Evaluating bbox...
2026-05-11 22:12:29,746 - mmdet - INFO - 
 Average Precision  (AP) @[ IoU=0.50:0.95 | area=   all | maxDets=100 ] = 0.315
 Average Precision  (AP) @[ IoU=0.50      | area=   all | maxDets=1000 ] = 0.705
 Average Precision  (AP) @[ IoU=0.75      | area=   all | maxDets=1000 ] = 0.240
 Average Precision  (AP) @[ IoU=0.50:0.95 | area= small | maxDets=1000 ] = 0.000
 Average Precision  (AP) @[ IoU=0.50:0.95 | area=medium | maxDets=1000 ] = 0.255
 Average Precision  (AP) @[ IoU=0.50:0.95 | area= large | maxDets=1000 ] = 0.393
 Average Recall     (AR) @[ IoU=0.50:0.95 | area=   all | maxDets=100 ] = 0.442
 Average Recall     (AR) @[ IoU=0.50:0.95 | area=   all | maxDets=300 ] = 0.442
 Average Recall     (AR) @[ IoU=0.50:0.95 | area=   all | maxDets=1000 ] = 0.442
 Average Recall     (AR) @[ IoU=0.50:0.95 | area= small | maxDets=1000 ] = 0.027
 Average Recall     (AR) @[ IoU=0.50:0.95 | area=medium | maxDets=1000 ] = 0.392
 Average Recall     (AR) @[ IoU=0.50:0.95 | area= large | maxDets=1000 ] = 0.498

2026-05-11 22:12:29,753 - mmdet - INFO - Exp name: fold_3_r50_300e_hbb.py
2026-05-11 22:12:29,753 - mmdet - INFO - Epoch(val) [230][370]	bbox_mAP: 0.3150, bbox_mAP_50: 0.7050, bbox_mAP_75: 0.2400, bbox_mAP_s: 0.0000, bbox_mAP_m: 0.2550, bbox_mAP_l: 0.3930, bbox_mAP_copypaste: 0.315 0.705 0.240 0.000 0.255 0.393
2026-05-11 22:12:59,401 - mmdet - INFO - Epoch [231][50/186]	lr: 2.569e-03, eta: 1:34:52, time: 0.591, data_time: 0.083, memory: 6154, loss_rpn_cls: 0.0185, loss_rpn_bbox: 0.0020, loss_cls: 0.0606, acc: 97.8174, loss_bbox: 0.0375, loss: 0.1185, grad_norm: 1.2010
2026-05-11 22:13:25,288 - mmdet - INFO - Epoch [231][100/186]	lr: 2.569e-03, eta: 1:34:32, time: 0.520, data_time: 0.015, memory: 6154, loss_rpn_cls: 0.0122, loss_rpn_bbox: 0.0021, loss_cls: 0.0632, acc: 97.6484, loss_bbox: 0.0405, loss: 0.1180, grad_norm: 1.1389
2026-05-11 22:13:51,163 - mmdet - INFO - Epoch [231][150/186]	lr: 2.569e-03, eta: 1:34:11, time: 0.516, data_time: 0.013, memory: 6154, loss_rpn_cls: 0.0099, loss_rpn_bbox: 0.0021, loss_cls: 0.0637, acc: 97.5605, loss_bbox: 0.0435, loss: 0.1192, grad_norm: 1.1162
2026-05-11 22:14:39,422 - mmdet - INFO - Epoch [232][50/186]	lr: 2.500e-03, eta: 1:33:31, time: 0.593, data_time: 0.083, memory: 6154, loss_rpn_cls: 0.0101, loss_rpn_bbox: 0.0019, loss_cls: 0.0584, acc: 97.8760, loss_bbox: 0.0337, loss: 0.1041, grad_norm: 0.9469
2026-05-11 22:15:05,278 - mmdet - INFO - Epoch [232][100/186]	lr: 2.500e-03, eta: 1:33:10, time: 0.515, data_time: 0.013, memory: 6154, loss_rpn_cls: 0.0128, loss_rpn_bbox: 0.0018, loss_cls: 0.0595, acc: 97.7871, loss_bbox: 0.0368, loss: 0.1109, grad_norm: 1.0918
2026-05-11 22:15:31,262 - mmdet - INFO - Epoch [232][150/186]	lr: 2.500e-03, eta: 1:32:49, time: 0.522, data_time: 0.015, memory: 6154, loss_rpn_cls: 0.0111, loss_rpn_bbox: 0.0022, loss_cls: 0.0555, acc: 97.8633, loss_bbox: 0.0391, loss: 0.1078, grad_norm: 1.0607
2026-05-11 22:16:19,692 - mmdet - INFO - Epoch [233][50/186]	lr: 2.431e-03, eta: 1:32:09, time: 0.591, data_time: 0.083, memory: 6154, loss_rpn_cls: 0.0093, loss_rpn_bbox: 0.0014, loss_cls: 0.0504, acc: 98.1748, loss_bbox: 0.0290, loss: 0.0900, grad_norm: 0.9059
2026-05-11 22:16:45,644 - mmdet - INFO - Epoch [233][100/186]	lr: 2.431e-03, eta: 1:31:48, time: 0.521, data_time: 0.015, memory: 6154, loss_rpn_cls: 0.0106, loss_rpn_bbox: 0.0018, loss_cls: 0.0575, acc: 97.8779, loss_bbox: 0.0359, loss: 0.1058, grad_norm: 0.9389
2026-05-11 22:17:11,661 - mmdet - INFO - Epoch [233][150/186]	lr: 2.431e-03, eta: 1:31:27, time: 0.518, data_time: 0.013, memory: 6154, loss_rpn_cls: 0.0101, loss_rpn_bbox: 0.0019, loss_cls: 0.0517, acc: 98.0459, loss_bbox: 0.0343, loss: 0.0979, grad_norm: 0.9171
2026-05-11 22:18:00,155 - mmdet - INFO - Epoch [234][50/186]	lr: 2.363e-03, eta: 1:30:47, time: 0.596, data_time: 0.084, memory: 6154, loss_rpn_cls: 0.0085, loss_rpn_bbox: 0.0017, loss_cls: 0.0588, acc: 97.7607, loss_bbox: 0.0380, loss: 0.1070, grad_norm: 0.9345
2026-05-11 22:18:26,084 - mmdet - INFO - Epoch [234][100/186]	lr: 2.363e-03, eta: 1:30:26, time: 0.517, data_time: 0.013, memory: 6154, loss_rpn_cls: 0.0095, loss_rpn_bbox: 0.0017, loss_cls: 0.0586, acc: 97.8389, loss_bbox: 0.0359, loss: 0.1057, grad_norm: 0.9757
2026-05-11 22:18:52,104 - mmdet - INFO - Epoch [234][150/186]	lr: 2.363e-03, eta: 1:30:06, time: 0.522, data_time: 0.015, memory: 6154, loss_rpn_cls: 0.0123, loss_rpn_bbox: 0.0023, loss_cls: 0.0616, acc: 97.6582, loss_bbox: 0.0400, loss: 0.1161, grad_norm: 0.9846
2026-05-11 22:19:40,635 - mmdet - INFO - Epoch [235][50/186]	lr: 2.296e-03, eta: 1:29:26, time: 0.592, data_time: 0.083, memory: 6154, loss_rpn_cls: 0.0195, loss_rpn_bbox: 0.0020, loss_cls: 0.0558, acc: 98.0371, loss_bbox: 0.0337, loss: 0.1109, grad_norm: 1.1750
2026-05-11 22:20:06,613 - mmdet - INFO - Epoch [235][100/186]	lr: 2.296e-03, eta: 1:29:05, time: 0.521, data_time: 0.015, memory: 6154, loss_rpn_cls: 0.0080, loss_rpn_bbox: 0.0015, loss_cls: 0.0498, acc: 98.1162, loss_bbox: 0.0341, loss: 0.0933, grad_norm: 1.0213
2026-05-11 22:20:32,489 - mmdet - INFO - Epoch [235][150/186]	lr: 2.296e-03, eta: 1:28:44, time: 0.516, data_time: 0.013, memory: 6154, loss_rpn_cls: 0.0145, loss_rpn_bbox: 0.0018, loss_cls: 0.0540, acc: 97.9775, loss_bbox: 0.0334, loss: 0.1037, grad_norm: 1.0183
2026-05-11 22:21:21,080 - mmdet - INFO - Epoch [236][50/186]	lr: 2.229e-03, eta: 1:28:04, time: 0.597, data_time: 0.084, memory: 6154, loss_rpn_cls: 0.0129, loss_rpn_bbox: 0.0017, loss_cls: 0.0541, acc: 98.0635, loss_bbox: 0.0343, loss: 0.1031, grad_norm: 1.0063
2026-05-11 22:21:47,081 - mmdet - INFO - Epoch [236][100/186]	lr: 2.229e-03, eta: 1:27:43, time: 0.518, data_time: 0.013, memory: 6154, loss_rpn_cls: 0.0114, loss_rpn_bbox: 0.0019, loss_cls: 0.0585, acc: 97.8506, loss_bbox: 0.0378, loss: 0.1097, grad_norm: 0.9819
2026-05-11 22:22:13,095 - mmdet - INFO - Epoch [236][150/186]	lr: 2.229e-03, eta: 1:27:22, time: 0.522, data_time: 0.015, memory: 6154, loss_rpn_cls: 0.0090, loss_rpn_bbox: 0.0017, loss_cls: 0.0537, acc: 97.9951, loss_bbox: 0.0327, loss: 0.0972, grad_norm: 0.9651
2026-05-11 22:23:01,686 - mmdet - INFO - Epoch [237][50/186]	lr: 2.164e-03, eta: 1:26:42, time: 0.593, data_time: 0.083, memory: 6154, loss_rpn_cls: 0.0091, loss_rpn_bbox: 0.0017, loss_cls: 0.0546, acc: 97.9512, loss_bbox: 0.0336, loss: 0.0991, grad_norm: 0.8752
2026-05-11 22:23:27,622 - mmdet - INFO - Epoch [237][100/186]	lr: 2.164e-03, eta: 1:26:21, time: 0.521, data_time: 0.015, memory: 6154, loss_rpn_cls: 0.0126, loss_rpn_bbox: 0.0017, loss_cls: 0.0566, acc: 97.9375, loss_bbox: 0.0355, loss: 0.1064, grad_norm: 1.0075
2026-05-11 22:23:53,464 - mmdet - INFO - Epoch [237][150/186]	lr: 2.164e-03, eta: 1:26:01, time: 0.515, data_time: 0.013, memory: 6154, loss_rpn_cls: 0.0157, loss_rpn_bbox: 0.0023, loss_cls: 0.0699, acc: 97.3809, loss_bbox: 0.0488, loss: 0.1367, grad_norm: 1.0589
2026-05-11 22:24:41,955 - mmdet - INFO - Epoch [238][50/186]	lr: 2.099e-03, eta: 1:25:21, time: 0.595, data_time: 0.084, memory: 6154, loss_rpn_cls: 0.0113, loss_rpn_bbox: 0.0016, loss_cls: 0.0501, acc: 98.1621, loss_bbox: 0.0299, loss: 0.0928, grad_norm: 0.9402
2026-05-11 22:25:07,921 - mmdet - INFO - Epoch [238][100/186]	lr: 2.099e-03, eta: 1:25:00, time: 0.517, data_time: 0.013, memory: 6154, loss_rpn_cls: 0.0110, loss_rpn_bbox: 0.0017, loss_cls: 0.0599, acc: 97.7578, loss_bbox: 0.0381, loss: 0.1107, grad_norm: 0.9881
2026-05-11 22:25:33,896 - mmdet - INFO - Epoch [238][150/186]	lr: 2.099e-03, eta: 1:24:39, time: 0.521, data_time: 0.015, memory: 6154, loss_rpn_cls: 0.0138, loss_rpn_bbox: 0.0019, loss_cls: 0.0652, acc: 97.5439, loss_bbox: 0.0435, loss: 0.1243, grad_norm: 1.0644
2026-05-11 22:26:22,302 - mmdet - INFO - Epoch [239][50/186]	lr: 2.036e-03, eta: 1:23:59, time: 0.590, data_time: 0.083, memory: 6154, loss_rpn_cls: 0.0110, loss_rpn_bbox: 0.0015, loss_cls: 0.0456, acc: 98.3457, loss_bbox: 0.0251, loss: 0.0832, grad_norm: 0.8526
2026-05-11 22:26:48,194 - mmdet - INFO - Epoch [239][100/186]	lr: 2.036e-03, eta: 1:23:38, time: 0.520, data_time: 0.015, memory: 6154, loss_rpn_cls: 0.0114, loss_rpn_bbox: 0.0021, loss_cls: 0.0637, acc: 97.5830, loss_bbox: 0.0415, loss: 0.1186, grad_norm: 0.9641
2026-05-11 22:27:14,039 - mmdet - INFO - Epoch [239][150/186]	lr: 2.036e-03, eta: 1:23:17, time: 0.515, data_time: 0.013, memory: 6154, loss_rpn_cls: 0.0092, loss_rpn_bbox: 0.0015, loss_cls: 0.0509, acc: 98.1133, loss_bbox: 0.0320, loss: 0.0936, grad_norm: 0.9434
2026-05-11 22:28:02,502 - mmdet - INFO - Epoch [240][50/186]	lr: 1.973e-03, eta: 1:22:37, time: 0.595, data_time: 0.084, memory: 6154, loss_rpn_cls: 0.0093, loss_rpn_bbox: 0.0016, loss_cls: 0.0560, acc: 97.9766, loss_bbox: 0.0362, loss: 0.1031, grad_norm: 0.9456
2026-05-11 22:28:28,398 - mmdet - INFO - Epoch [240][100/186]	lr: 1.973e-03, eta: 1:22:16, time: 0.516, data_time: 0.013, memory: 6154, loss_rpn_cls: 0.0113, loss_rpn_bbox: 0.0016, loss_cls: 0.0533, acc: 97.9561, loss_bbox: 0.0340, loss: 0.1002, grad_norm: 0.9379
2026-05-11 22:28:54,333 - mmdet - INFO - Epoch [240][150/186]	lr: 1.973e-03, eta: 1:21:55, time: 0.521, data_time: 0.015, memory: 6154, loss_rpn_cls: 0.0110, loss_rpn_bbox: 0.0016, loss_cls: 0.0492, acc: 98.1504, loss_bbox: 0.0323, loss: 0.0941, grad_norm: 0.9094
2026-05-11 22:29:13,197 - mmdet - INFO - Saving checkpoint at 240 epochs
2026-05-11 22:29:48,490 - mmdet - INFO - Evaluating bbox...
2026-05-11 22:29:50,981 - mmdet - INFO - 
 Average Precision  (AP) @[ IoU=0.50:0.95 | area=   all | maxDets=100 ] = 0.314
 Average Precision  (AP) @[ IoU=0.50      | area=   all | maxDets=1000 ] = 0.714
 Average Precision  (AP) @[ IoU=0.75      | area=   all | maxDets=1000 ] = 0.220
 Average Precision  (AP) @[ IoU=0.50:0.95 | area= small | maxDets=1000 ] = 0.000
 Average Precision  (AP) @[ IoU=0.50:0.95 | area=medium | maxDets=1000 ] = 0.258
 Average Precision  (AP) @[ IoU=0.50:0.95 | area= large | maxDets=1000 ] = 0.384
 Average Recall     (AR) @[ IoU=0.50:0.95 | area=   all | maxDets=100 ] = 0.432
 Average Recall     (AR) @[ IoU=0.50:0.95 | area=   all | maxDets=300 ] = 0.432
 Average Recall     (AR) @[ IoU=0.50:0.95 | area=   all | maxDets=1000 ] = 0.432
 Average Recall     (AR) @[ IoU=0.50:0.95 | area= small | maxDets=1000 ] = 0.027
 Average Recall     (AR) @[ IoU=0.50:0.95 | area=medium | maxDets=1000 ] = 0.387
 Average Recall     (AR) @[ IoU=0.50:0.95 | area= large | maxDets=1000 ] = 0.483

2026-05-11 22:29:50,986 - mmdet - INFO - Exp name: fold_3_r50_300e_hbb.py
2026-05-11 22:29:50,987 - mmdet - INFO - Epoch(val) [240][370]	bbox_mAP: 0.3140, bbox_mAP_50: 0.7140, bbox_mAP_75: 0.2200, bbox_mAP_s: 0.0000, bbox_mAP_m: 0.2580, bbox_mAP_l: 0.3840, bbox_mAP_copypaste: 0.314 0.714 0.220 0.000 0.258 0.384
2026-05-11 22:30:20,596 - mmdet - INFO - Epoch [241][50/186]	lr: 1.911e-03, eta: 1:21:16, time: 0.590, data_time: 0.083, memory: 6154, loss_rpn_cls: 0.0101, loss_rpn_bbox: 0.0021, loss_cls: 0.0639, acc: 97.5508, loss_bbox: 0.0438, loss: 0.1198, grad_norm: 1.0148
2026-05-11 22:30:46,507 - mmdet - INFO - Epoch [241][100/186]	lr: 1.911e-03, eta: 1:20:55, time: 0.520, data_time: 0.015, memory: 6154, loss_rpn_cls: 0.0081, loss_rpn_bbox: 0.0016, loss_cls: 0.0549, acc: 97.9766, loss_bbox: 0.0335, loss: 0.0981, grad_norm: 0.9554
2026-05-11 22:31:12,347 - mmdet - INFO - Epoch [241][150/186]	lr: 1.911e-03, eta: 1:20:34, time: 0.515, data_time: 0.013, memory: 6154, loss_rpn_cls: 0.0115, loss_rpn_bbox: 0.0021, loss_cls: 0.0609, acc: 97.7002, loss_bbox: 0.0420, loss: 0.1165, grad_norm: 0.9801
2026-05-11 22:32:00,853 - mmdet - INFO - Epoch [242][50/186]	lr: 1.850e-03, eta: 1:19:54, time: 0.594, data_time: 0.083, memory: 6154, loss_rpn_cls: 0.0081, loss_rpn_bbox: 0.0019, loss_cls: 0.0576, acc: 97.7939, loss_bbox: 0.0378, loss: 0.1054, grad_norm: 0.9508
2026-05-11 22:32:26,826 - mmdet - INFO - Epoch [242][100/186]	lr: 1.850e-03, eta: 1:19:33, time: 0.518, data_time: 0.013, memory: 6154, loss_rpn_cls: 0.0118, loss_rpn_bbox: 0.0019, loss_cls: 0.0605, acc: 97.6875, loss_bbox: 0.0401, loss: 0.1143, grad_norm: 1.0041
2026-05-11 22:32:52,697 - mmdet - INFO - Epoch [242][150/186]	lr: 1.850e-03, eta: 1:19:12, time: 0.519, data_time: 0.015, memory: 6154, loss_rpn_cls: 0.0137, loss_rpn_bbox: 0.0018, loss_cls: 0.0557, acc: 97.9678, loss_bbox: 0.0361, loss: 0.1073, grad_norm: 1.0150
2026-05-11 22:33:41,105 - mmdet - INFO - Epoch [243][50/186]	lr: 1.789e-03, eta: 1:18:32, time: 0.591, data_time: 0.083, memory: 6154, loss_rpn_cls: 0.0100, loss_rpn_bbox: 0.0017, loss_cls: 0.0509, acc: 98.1064, loss_bbox: 0.0293, loss: 0.0919, grad_norm: 0.9785
2026-05-11 22:34:07,096 - mmdet - INFO - Epoch [243][100/186]	lr: 1.789e-03, eta: 1:18:11, time: 0.522, data_time: 0.015, memory: 6154, loss_rpn_cls: 0.0148, loss_rpn_bbox: 0.0019, loss_cls: 0.0596, acc: 97.8428, loss_bbox: 0.0378, loss: 0.1141, grad_norm: 1.0714
2026-05-11 22:34:33,047 - mmdet - INFO - Epoch [243][150/186]	lr: 1.789e-03, eta: 1:17:50, time: 0.517, data_time: 0.013, memory: 6154, loss_rpn_cls: 0.0098, loss_rpn_bbox: 0.0018, loss_cls: 0.0572, acc: 97.8252, loss_bbox: 0.0379, loss: 0.1067, grad_norm: 1.0326
2026-05-11 22:35:21,597 - mmdet - INFO - Epoch [244][50/186]	lr: 1.730e-03, eta: 1:17:11, time: 0.595, data_time: 0.083, memory: 6154, loss_rpn_cls: 0.0092, loss_rpn_bbox: 0.0018, loss_cls: 0.0570, acc: 97.9795, loss_bbox: 0.0346, loss: 0.1025, grad_norm: 0.9771
2026-05-11 22:35:47,574 - mmdet - INFO - Epoch [244][100/186]	lr: 1.730e-03, eta: 1:16:50, time: 0.518, data_time: 0.013, memory: 6154, loss_rpn_cls: 0.0097, loss_rpn_bbox: 0.0016, loss_cls: 0.0528, acc: 98.0166, loss_bbox: 0.0337, loss: 0.0978, grad_norm: 0.9557
2026-05-11 22:36:13,546 - mmdet - INFO - Epoch [244][150/186]	lr: 1.730e-03, eta: 1:16:29, time: 0.521, data_time: 0.015, memory: 6154, loss_rpn_cls: 0.0143, loss_rpn_bbox: 0.0020, loss_cls: 0.0639, acc: 97.6094, loss_bbox: 0.0436, loss: 0.1238, grad_norm: 1.0209
2026-05-11 22:37:02,071 - mmdet - INFO - Epoch [245][50/186]	lr: 1.672e-03, eta: 1:15:49, time: 0.592, data_time: 0.083, memory: 6154, loss_rpn_cls: 0.0114, loss_rpn_bbox: 0.0018, loss_cls: 0.0609, acc: 97.7451, loss_bbox: 0.0356, loss: 0.1097, grad_norm: 1.0597
2026-05-11 22:37:28,013 - mmdet - INFO - Epoch [245][100/186]	lr: 1.672e-03, eta: 1:15:28, time: 0.521, data_time: 0.015, memory: 6154, loss_rpn_cls: 0.0099, loss_rpn_bbox: 0.0019, loss_cls: 0.0609, acc: 97.6455, loss_bbox: 0.0429, loss: 0.1155, grad_norm: 1.0213
2026-05-11 22:37:53,910 - mmdet - INFO - Epoch [245][150/186]	lr: 1.672e-03, eta: 1:15:07, time: 0.516, data_time: 0.013, memory: 6154, loss_rpn_cls: 0.0071, loss_rpn_bbox: 0.0017, loss_cls: 0.0506, acc: 98.0713, loss_bbox: 0.0340, loss: 0.0934, grad_norm: 0.9599
2026-05-11 22:38:42,436 - mmdet - INFO - Epoch [246][50/186]	lr: 1.614e-03, eta: 1:14:27, time: 0.595, data_time: 0.083, memory: 6154, loss_rpn_cls: 0.0129, loss_rpn_bbox: 0.0017, loss_cls: 0.0546, acc: 98.0352, loss_bbox: 0.0329, loss: 0.1021, grad_norm: 0.9589
2026-05-11 22:39:08,302 - mmdet - INFO - Epoch [246][100/186]	lr: 1.614e-03, eta: 1:14:06, time: 0.515, data_time: 0.013, memory: 6154, loss_rpn_cls: 0.0087, loss_rpn_bbox: 0.0016, loss_cls: 0.0526, acc: 98.0986, loss_bbox: 0.0327, loss: 0.0956, grad_norm: 0.9520
2026-05-11 22:39:34,301 - mmdet - INFO - Epoch [246][150/186]	lr: 1.614e-03, eta: 1:13:45, time: 0.522, data_time: 0.015, memory: 6154, loss_rpn_cls: 0.0135, loss_rpn_bbox: 0.0019, loss_cls: 0.0498, acc: 98.1592, loss_bbox: 0.0324, loss: 0.0977, grad_norm: 0.9911
2026-05-11 22:40:22,960 - mmdet - INFO - Epoch [247][50/186]	lr: 1.558e-03, eta: 1:13:06, time: 0.593, data_time: 0.083, memory: 6154, loss_rpn_cls: 0.0107, loss_rpn_bbox: 0.0017, loss_cls: 0.0559, acc: 97.9629, loss_bbox: 0.0321, loss: 0.1004, grad_norm: 1.0114
2026-05-11 22:40:48,972 - mmdet - INFO - Epoch [247][100/186]	lr: 1.558e-03, eta: 1:12:45, time: 0.522, data_time: 0.015, memory: 6154, loss_rpn_cls: 0.0092, loss_rpn_bbox: 0.0017, loss_cls: 0.0577, acc: 97.8076, loss_bbox: 0.0382, loss: 0.1068, grad_norm: 0.9755
2026-05-11 22:41:14,890 - mmdet - INFO - Epoch [247][150/186]	lr: 1.558e-03, eta: 1:12:23, time: 0.516, data_time: 0.013, memory: 6154, loss_rpn_cls: 0.0089, loss_rpn_bbox: 0.0020, loss_cls: 0.0595, acc: 97.6885, loss_bbox: 0.0402, loss: 0.1106, grad_norm: 0.9613
2026-05-11 22:42:03,359 - mmdet - INFO - Epoch [248][50/186]	lr: 1.502e-03, eta: 1:11:44, time: 0.594, data_time: 0.083, memory: 6154, loss_rpn_cls: 0.0140, loss_rpn_bbox: 0.0019, loss_cls: 0.0533, acc: 98.0391, loss_bbox: 0.0313, loss: 0.1005, grad_norm: 0.9693
2026-05-11 22:42:29,340 - mmdet - INFO - Epoch [248][100/186]	lr: 1.502e-03, eta: 1:11:23, time: 0.518, data_time: 0.013, memory: 6154, loss_rpn_cls: 0.0101, loss_rpn_bbox: 0.0020, loss_cls: 0.0566, acc: 97.9121, loss_bbox: 0.0364, loss: 0.1050, grad_norm: 0.9934
2026-05-11 22:42:55,243 - mmdet - INFO - Epoch [248][150/186]	lr: 1.502e-03, eta: 1:11:02, time: 0.520, data_time: 0.015, memory: 6154, loss_rpn_cls: 0.0095, loss_rpn_bbox: 0.0018, loss_cls: 0.0621, acc: 97.7227, loss_bbox: 0.0387, loss: 0.1121, grad_norm: 0.9912
2026-05-11 22:43:43,772 - mmdet - INFO - Epoch [249][50/186]	lr: 1.447e-03, eta: 1:10:22, time: 0.592, data_time: 0.083, memory: 6154, loss_rpn_cls: 0.0113, loss_rpn_bbox: 0.0016, loss_cls: 0.0581, acc: 97.8945, loss_bbox: 0.0374, loss: 0.1084, grad_norm: 0.9385
2026-05-11 22:44:09,734 - mmdet - INFO - Epoch [249][100/186]	lr: 1.447e-03, eta: 1:10:01, time: 0.521, data_time: 0.015, memory: 6154, loss_rpn_cls: 0.0086, loss_rpn_bbox: 0.0016, loss_cls: 0.0520, acc: 98.0684, loss_bbox: 0.0337, loss: 0.0959, grad_norm: 0.9674
2026-05-11 22:44:35,803 - mmdet - INFO - Epoch [249][150/186]	lr: 1.447e-03, eta: 1:09:40, time: 0.519, data_time: 0.013, memory: 6154, loss_rpn_cls: 0.0114, loss_rpn_bbox: 0.0019, loss_cls: 0.0595, acc: 97.8145, loss_bbox: 0.0396, loss: 0.1123, grad_norm: 0.9754
2026-05-11 22:45:24,317 - mmdet - INFO - Epoch [250][50/186]	lr: 1.394e-03, eta: 1:09:01, time: 0.594, data_time: 0.083, memory: 6154, loss_rpn_cls: 0.0182, loss_rpn_bbox: 0.0022, loss_cls: 0.0547, acc: 98.0615, loss_bbox: 0.0312, loss: 0.1062, grad_norm: 1.0789
2026-05-11 22:45:50,313 - mmdet - INFO - Epoch [250][100/186]	lr: 1.394e-03, eta: 1:08:40, time: 0.518, data_time: 0.013, memory: 6154, loss_rpn_cls: 0.0126, loss_rpn_bbox: 0.0020, loss_cls: 0.0595, acc: 97.8037, loss_bbox: 0.0379, loss: 0.1120, grad_norm: 1.0513
2026-05-11 22:46:16,317 - mmdet - INFO - Epoch [250][150/186]	lr: 1.394e-03, eta: 1:08:18, time: 0.522, data_time: 0.015, memory: 6154, loss_rpn_cls: 0.0109, loss_rpn_bbox: 0.0021, loss_cls: 0.0521, acc: 98.1514, loss_bbox: 0.0351, loss: 0.1002, grad_norm: 1.0136
2026-05-11 22:46:35,169 - mmdet - INFO - Saving checkpoint at 250 epochs
2026-05-11 22:47:10,740 - mmdet - INFO - Evaluating bbox...
2026-05-11 22:47:13,395 - mmdet - INFO - 
 Average Precision  (AP) @[ IoU=0.50:0.95 | area=   all | maxDets=100 ] = 0.322
 Average Precision  (AP) @[ IoU=0.50      | area=   all | maxDets=1000 ] = 0.722
 Average Precision  (AP) @[ IoU=0.75      | area=   all | maxDets=1000 ] = 0.235
 Average Precision  (AP) @[ IoU=0.50:0.95 | area= small | maxDets=1000 ] = 0.000
 Average Precision  (AP) @[ IoU=0.50:0.95 | area=medium | maxDets=1000 ] = 0.262
 Average Precision  (AP) @[ IoU=0.50:0.95 | area= large | maxDets=1000 ] = 0.393
 Average Recall     (AR) @[ IoU=0.50:0.95 | area=   all | maxDets=100 ] = 0.442
 Average Recall     (AR) @[ IoU=0.50:0.95 | area=   all | maxDets=300 ] = 0.442
 Average Recall     (AR) @[ IoU=0.50:0.95 | area=   all | maxDets=1000 ] = 0.442
 Average Recall     (AR) @[ IoU=0.50:0.95 | area= small | maxDets=1000 ] = 0.027
 Average Recall     (AR) @[ IoU=0.50:0.95 | area=medium | maxDets=1000 ] = 0.397
 Average Recall     (AR) @[ IoU=0.50:0.95 | area= large | maxDets=1000 ] = 0.493

2026-05-11 22:47:13,522 - mmdet - INFO - The previous best checkpoint /home/ahmadreza/Downloads/Research/M2SODAI/baseline_official/runs_r50_hbb/r50_hbb_fold_3_20260511/best_bbox_mAP_epoch_210.pth was removed
2026-05-11 22:47:15,066 - mmdet - INFO - Now best checkpoint is saved as best_bbox_mAP_epoch_250.pth.
2026-05-11 22:47:15,066 - mmdet - INFO - Best bbox_mAP is 0.3220 at 250 epoch.
2026-05-11 22:47:15,067 - mmdet - INFO - Exp name: fold_3_r50_300e_hbb.py
2026-05-11 22:47:15,067 - mmdet - INFO - Epoch(val) [250][370]	bbox_mAP: 0.3220, bbox_mAP_50: 0.7220, bbox_mAP_75: 0.2350, bbox_mAP_s: 0.0000, bbox_mAP_m: 0.2620, bbox_mAP_l: 0.3930, bbox_mAP_copypaste: 0.322 0.722 0.235 0.000 0.262 0.393
2026-05-11 22:47:44,801 - mmdet - INFO - Epoch [251][50/186]	lr: 1.341e-03, eta: 1:07:39, time: 0.592, data_time: 0.083, memory: 6154, loss_rpn_cls: 0.0104, loss_rpn_bbox: 0.0019, loss_cls: 0.0557, acc: 97.8564, loss_bbox: 0.0366, loss: 0.1046, grad_norm: 0.9220
2026-05-11 22:48:10,685 - mmdet - INFO - Epoch [251][100/186]	lr: 1.341e-03, eta: 1:07:18, time: 0.520, data_time: 0.015, memory: 6154, loss_rpn_cls: 0.0110, loss_rpn_bbox: 0.0019, loss_cls: 0.0544, acc: 97.9238, loss_bbox: 0.0340, loss: 0.1013, grad_norm: 0.9529
2026-05-11 22:48:36,553 - mmdet - INFO - Epoch [251][150/186]	lr: 1.341e-03, eta: 1:06:57, time: 0.515, data_time: 0.013, memory: 6154, loss_rpn_cls: 0.0125, loss_rpn_bbox: 0.0019, loss_cls: 0.0579, acc: 97.7969, loss_bbox: 0.0383, loss: 0.1106, grad_norm: 0.9988
2026-05-11 22:49:25,054 - mmdet - INFO - Epoch [252][50/186]	lr: 1.289e-03, eta: 1:06:17, time: 0.595, data_time: 0.083, memory: 6154, loss_rpn_cls: 0.0118, loss_rpn_bbox: 0.0017, loss_cls: 0.0507, acc: 98.1475, loss_bbox: 0.0306, loss: 0.0949, grad_norm: 0.9168
2026-05-11 22:49:50,995 - mmdet - INFO - Epoch [252][100/186]	lr: 1.289e-03, eta: 1:05:56, time: 0.517, data_time: 0.013, memory: 6154, loss_rpn_cls: 0.0113, loss_rpn_bbox: 0.0016, loss_cls: 0.0539, acc: 98.0059, loss_bbox: 0.0336, loss: 0.1004, grad_norm: 0.9528
2026-05-11 22:50:16,919 - mmdet - INFO - Epoch [252][150/186]	lr: 1.289e-03, eta: 1:05:35, time: 0.520, data_time: 0.015, memory: 6154, loss_rpn_cls: 0.0123, loss_rpn_bbox: 0.0021, loss_cls: 0.0633, acc: 97.6094, loss_bbox: 0.0409, loss: 0.1187, grad_norm: 0.9999
2026-05-11 22:51:05,418 - mmdet - INFO - Epoch [253][50/186]	lr: 1.238e-03, eta: 1:04:56, time: 0.591, data_time: 0.083, memory: 6154, loss_rpn_cls: 0.0097, loss_rpn_bbox: 0.0017, loss_cls: 0.0572, acc: 97.9207, loss_bbox: 0.0353, loss: 0.1039, grad_norm: 1.0050
2026-05-11 22:51:31,443 - mmdet - INFO - Epoch [253][100/186]	lr: 1.238e-03, eta: 1:04:35, time: 0.522, data_time: 0.015, memory: 6154, loss_rpn_cls: 0.0099, loss_rpn_bbox: 0.0018, loss_cls: 0.0589, acc: 97.8408, loss_bbox: 0.0375, loss: 0.1081, grad_norm: 0.9972
2026-05-11 22:51:57,452 - mmdet - INFO - Epoch [253][150/186]	lr: 1.238e-03, eta: 1:04:13, time: 0.518, data_time: 0.013, memory: 6154, loss_rpn_cls: 0.0171, loss_rpn_bbox: 0.0026, loss_cls: 0.0626, acc: 97.6230, loss_bbox: 0.0418, loss: 0.1242, grad_norm: 1.0715
2026-05-11 22:52:45,871 - mmdet - INFO - Epoch [254][50/186]	lr: 1.188e-03, eta: 1:03:34, time: 0.593, data_time: 0.083, memory: 6154, loss_rpn_cls: 0.0114, loss_rpn_bbox: 0.0020, loss_cls: 0.0564, acc: 97.9023, loss_bbox: 0.0349, loss: 0.1046, grad_norm: 0.9276
2026-05-11 22:53:11,878 - mmdet - INFO - Epoch [254][100/186]	lr: 1.188e-03, eta: 1:03:13, time: 0.518, data_time: 0.013, memory: 6154, loss_rpn_cls: 0.0096, loss_rpn_bbox: 0.0022, loss_cls: 0.0555, acc: 97.9092, loss_bbox: 0.0364, loss: 0.1036, grad_norm: 0.9049
2026-05-11 22:53:37,840 - mmdet - INFO - Epoch [254][150/186]	lr: 1.188e-03, eta: 1:02:52, time: 0.521, data_time: 0.015, memory: 6154, loss_rpn_cls: 0.0091, loss_rpn_bbox: 0.0016, loss_cls: 0.0530, acc: 98.0908, loss_bbox: 0.0317, loss: 0.0954, grad_norm: 0.9271
2026-05-11 22:54:26,441 - mmdet - INFO - Epoch [255][50/186]	lr: 1.139e-03, eta: 1:02:13, time: 0.593, data_time: 0.083, memory: 6154, loss_rpn_cls: 0.0117, loss_rpn_bbox: 0.0019, loss_cls: 0.0535, acc: 98.0273, loss_bbox: 0.0325, loss: 0.0996, grad_norm: 0.9096
2026-05-11 22:54:52,548 - mmdet - INFO - Epoch [255][100/186]	lr: 1.139e-03, eta: 1:01:51, time: 0.524, data_time: 0.015, memory: 6154, loss_rpn_cls: 0.0116, loss_rpn_bbox: 0.0021, loss_cls: 0.0611, acc: 97.8154, loss_bbox: 0.0406, loss: 0.1154, grad_norm: 1.0397
2026-05-11 22:55:18,469 - mmdet - INFO - Epoch [255][150/186]	lr: 1.139e-03, eta: 1:01:30, time: 0.516, data_time: 0.013, memory: 6154, loss_rpn_cls: 0.0185, loss_rpn_bbox: 0.0027, loss_cls: 0.0550, acc: 97.9482, loss_bbox: 0.0392, loss: 0.1155, grad_norm: 1.0738
2026-05-11 22:56:06,977 - mmdet - INFO - Epoch [256][50/186]	lr: 1.091e-03, eta: 1:00:51, time: 0.595, data_time: 0.083, memory: 6154, loss_rpn_cls: 0.0117, loss_rpn_bbox: 0.0018, loss_cls: 0.0558, acc: 97.9863, loss_bbox: 0.0354, loss: 0.1047, grad_norm: 1.1598
2026-05-11 22:56:32,931 - mmdet - INFO - Epoch [256][100/186]	lr: 1.091e-03, eta: 1:00:30, time: 0.517, data_time: 0.013, memory: 6154, loss_rpn_cls: 0.0094, loss_rpn_bbox: 0.0019, loss_cls: 0.0575, acc: 97.8271, loss_bbox: 0.0357, loss: 0.1045, grad_norm: 1.0862
2026-05-11 22:56:58,875 - mmdet - INFO - Epoch [256][150/186]	lr: 1.091e-03, eta: 1:00:08, time: 0.521, data_time: 0.015, memory: 6154, loss_rpn_cls: 0.0094, loss_rpn_bbox: 0.0019, loss_cls: 0.0539, acc: 97.9463, loss_bbox: 0.0364, loss: 0.1016, grad_norm: 1.0364
2026-05-11 22:57:47,425 - mmdet - INFO - Epoch [257][50/186]	lr: 1.044e-03, eta: 0:59:29, time: 0.593, data_time: 0.084, memory: 6154, loss_rpn_cls: 0.0106, loss_rpn_bbox: 0.0017, loss_cls: 0.0475, acc: 98.2412, loss_bbox: 0.0283, loss: 0.0881, grad_norm: 0.8884
2026-05-11 22:58:13,312 - mmdet - INFO - Epoch [257][100/186]	lr: 1.044e-03, eta: 0:59:08, time: 0.520, data_time: 0.015, memory: 6154, loss_rpn_cls: 0.0125, loss_rpn_bbox: 0.0018, loss_cls: 0.0589, acc: 97.7637, loss_bbox: 0.0372, loss: 0.1104, grad_norm: 0.9734
2026-05-11 22:58:39,119 - mmdet - INFO - Epoch [257][150/186]	lr: 1.044e-03, eta: 0:58:47, time: 0.514, data_time: 0.013, memory: 6154, loss_rpn_cls: 0.0087, loss_rpn_bbox: 0.0015, loss_cls: 0.0500, acc: 98.1895, loss_bbox: 0.0312, loss: 0.0914, grad_norm: 0.9540
2026-05-11 22:59:27,616 - mmdet - INFO - Epoch [258][50/186]	lr: 9.978e-04, eta: 0:58:08, time: 0.594, data_time: 0.083, memory: 6154, loss_rpn_cls: 0.0114, loss_rpn_bbox: 0.0017, loss_cls: 0.0581, acc: 97.7148, loss_bbox: 0.0388, loss: 0.1100, grad_norm: 0.9757
2026-05-11 22:59:53,539 - mmdet - INFO - Epoch [258][100/186]	lr: 9.978e-04, eta: 0:57:46, time: 0.517, data_time: 0.013, memory: 6154, loss_rpn_cls: 0.0163, loss_rpn_bbox: 0.0021, loss_cls: 0.0625, acc: 97.6797, loss_bbox: 0.0419, loss: 0.1228, grad_norm: 1.0725
2026-05-11 23:00:19,397 - mmdet - INFO - Epoch [258][150/186]	lr: 9.978e-04, eta: 0:57:25, time: 0.519, data_time: 0.015, memory: 6154, loss_rpn_cls: 0.0093, loss_rpn_bbox: 0.0018, loss_cls: 0.0523, acc: 98.0137, loss_bbox: 0.0343, loss: 0.0976, grad_norm: 1.0483
2026-05-11 23:01:07,889 - mmdet - INFO - Epoch [259][50/186]	lr: 9.527e-04, eta: 0:56:46, time: 0.593, data_time: 0.083, memory: 6154, loss_rpn_cls: 0.0100, loss_rpn_bbox: 0.0016, loss_cls: 0.0527, acc: 98.0840, loss_bbox: 0.0315, loss: 0.0958, grad_norm: 0.9890
2026-05-11 23:01:33,826 - mmdet - INFO - Epoch [259][100/186]	lr: 9.527e-04, eta: 0:56:25, time: 0.521, data_time: 0.015, memory: 6154, loss_rpn_cls: 0.0109, loss_rpn_bbox: 0.0020, loss_cls: 0.0594, acc: 97.8926, loss_bbox: 0.0374, loss: 0.1097, grad_norm: 0.9860
2026-05-11 23:01:59,794 - mmdet - INFO - Epoch [259][150/186]	lr: 9.527e-04, eta: 0:56:03, time: 0.517, data_time: 0.013, memory: 6154, loss_rpn_cls: 0.0110, loss_rpn_bbox: 0.0020, loss_cls: 0.0616, acc: 97.7021, loss_bbox: 0.0401, loss: 0.1147, grad_norm: 1.0020
2026-05-11 23:02:48,135 - mmdet - INFO - Epoch [260][50/186]	lr: 9.086e-04, eta: 0:55:24, time: 0.592, data_time: 0.083, memory: 6154, loss_rpn_cls: 0.0094, loss_rpn_bbox: 0.0016, loss_cls: 0.0536, acc: 98.0410, loss_bbox: 0.0349, loss: 0.0995, grad_norm: 0.9040
2026-05-11 23:03:14,104 - mmdet - INFO - Epoch [260][100/186]	lr: 9.086e-04, eta: 0:55:03, time: 0.517, data_time: 0.013, memory: 6154, loss_rpn_cls: 0.0106, loss_rpn_bbox: 0.0019, loss_cls: 0.0575, acc: 97.8320, loss_bbox: 0.0381, loss: 0.1081, grad_norm: 0.9472
2026-05-11 23:03:40,097 - mmdet - INFO - Epoch [260][150/186]	lr: 9.086e-04, eta: 0:54:42, time: 0.522, data_time: 0.015, memory: 6154, loss_rpn_cls: 0.0090, loss_rpn_bbox: 0.0021, loss_cls: 0.0573, acc: 97.8281, loss_bbox: 0.0391, loss: 0.1075, grad_norm: 0.9550
2026-05-11 23:03:58,883 - mmdet - INFO - Saving checkpoint at 260 epochs
2026-05-11 23:04:34,443 - mmdet - INFO - Evaluating bbox...
2026-05-11 23:04:37,027 - mmdet - INFO - 
 Average Precision  (AP) @[ IoU=0.50:0.95 | area=   all | maxDets=100 ] = 0.324
 Average Precision  (AP) @[ IoU=0.50      | area=   all | maxDets=1000 ] = 0.726
 Average Precision  (AP) @[ IoU=0.75      | area=   all | maxDets=1000 ] = 0.232
 Average Precision  (AP) @[ IoU=0.50:0.95 | area= small | maxDets=1000 ] = 0.000
 Average Precision  (AP) @[ IoU=0.50:0.95 | area=medium | maxDets=1000 ] = 0.263
 Average Precision  (AP) @[ IoU=0.50:0.95 | area= large | maxDets=1000 ] = 0.391
 Average Recall     (AR) @[ IoU=0.50:0.95 | area=   all | maxDets=100 ] = 0.440
 Average Recall     (AR) @[ IoU=0.50:0.95 | area=   all | maxDets=300 ] = 0.440
 Average Recall     (AR) @[ IoU=0.50:0.95 | area=   all | maxDets=1000 ] = 0.440
 Average Recall     (AR) @[ IoU=0.50:0.95 | area= small | maxDets=1000 ] = 0.027
 Average Recall     (AR) @[ IoU=0.50:0.95 | area=medium | maxDets=1000 ] = 0.398
 Average Recall     (AR) @[ IoU=0.50:0.95 | area= large | maxDets=1000 ] = 0.489

2026-05-11 23:04:37,157 - mmdet - INFO - The previous best checkpoint /home/ahmadreza/Downloads/Research/M2SODAI/baseline_official/runs_r50_hbb/r50_hbb_fold_3_20260511/best_bbox_mAP_epoch_250.pth was removed
2026-05-11 23:04:38,682 - mmdet - INFO - Now best checkpoint is saved as best_bbox_mAP_epoch_260.pth.
2026-05-11 23:04:38,682 - mmdet - INFO - Best bbox_mAP is 0.3240 at 260 epoch.
2026-05-11 23:04:38,683 - mmdet - INFO - Exp name: fold_3_r50_300e_hbb.py
2026-05-11 23:04:38,683 - mmdet - INFO - Epoch(val) [260][370]	bbox_mAP: 0.3240, bbox_mAP_50: 0.7260, bbox_mAP_75: 0.2320, bbox_mAP_s: 0.0000, bbox_mAP_m: 0.2630, bbox_mAP_l: 0.3910, bbox_mAP_copypaste: 0.324 0.726 0.232 0.000 0.263 0.391
2026-05-11 23:05:08,380 - mmdet - INFO - Epoch [261][50/186]	lr: 8.655e-04, eta: 0:54:03, time: 0.592, data_time: 0.084, memory: 6154, loss_rpn_cls: 0.0099, loss_rpn_bbox: 0.0016, loss_cls: 0.0536, acc: 98.0791, loss_bbox: 0.0336, loss: 0.0987, grad_norm: 0.9288
2026-05-11 23:05:34,379 - mmdet - INFO - Epoch [261][100/186]	lr: 8.655e-04, eta: 0:53:41, time: 0.522, data_time: 0.015, memory: 6154, loss_rpn_cls: 0.0141, loss_rpn_bbox: 0.0019, loss_cls: 0.0580, acc: 97.8555, loss_bbox: 0.0360, loss: 0.1099, grad_norm: 1.0154
2026-05-11 23:06:00,292 - mmdet - INFO - Epoch [261][150/186]	lr: 8.655e-04, eta: 0:53:20, time: 0.516, data_time: 0.014, memory: 6154, loss_rpn_cls: 0.0076, loss_rpn_bbox: 0.0014, loss_cls: 0.0473, acc: 98.2549, loss_bbox: 0.0309, loss: 0.0872, grad_norm: 0.9816
2026-05-11 23:06:48,644 - mmdet - INFO - Epoch [262][50/186]	lr: 8.234e-04, eta: 0:52:41, time: 0.594, data_time: 0.083, memory: 6154, loss_rpn_cls: 0.0133, loss_rpn_bbox: 0.0023, loss_cls: 0.0575, acc: 97.9180, loss_bbox: 0.0366, loss: 0.1097, grad_norm: 1.0163
2026-05-11 23:07:14,588 - mmdet - INFO - Epoch [262][100/186]	lr: 8.234e-04, eta: 0:52:20, time: 0.517, data_time: 0.013, memory: 6154, loss_rpn_cls: 0.0125, loss_rpn_bbox: 0.0019, loss_cls: 0.0616, acc: 97.7031, loss_bbox: 0.0415, loss: 0.1174, grad_norm: 1.0804
2026-05-11 23:07:40,466 - mmdet - INFO - Epoch [262][150/186]	lr: 8.234e-04, eta: 0:51:58, time: 0.519, data_time: 0.015, memory: 6154, loss_rpn_cls: 0.0103, loss_rpn_bbox: 0.0019, loss_cls: 0.0553, acc: 98.0371, loss_bbox: 0.0390, loss: 0.1065, grad_norm: 1.0934
2026-05-11 23:08:29,056 - mmdet - INFO - Epoch [263][50/186]	lr: 7.823e-04, eta: 0:51:19, time: 0.592, data_time: 0.083, memory: 6154, loss_rpn_cls: 0.0096, loss_rpn_bbox: 0.0015, loss_cls: 0.0540, acc: 98.0371, loss_bbox: 0.0350, loss: 0.1000, grad_norm: 0.9755
2026-05-11 23:08:55,002 - mmdet - INFO - Epoch [263][100/186]	lr: 7.823e-04, eta: 0:50:58, time: 0.521, data_time: 0.015, memory: 6154, loss_rpn_cls: 0.0153, loss_rpn_bbox: 0.0020, loss_cls: 0.0630, acc: 97.6719, loss_bbox: 0.0419, loss: 0.1222, grad_norm: 1.0589
2026-05-11 23:09:20,972 - mmdet - INFO - Epoch [263][150/186]	lr: 7.823e-04, eta: 0:50:37, time: 0.517, data_time: 0.013, memory: 6154, loss_rpn_cls: 0.0139, loss_rpn_bbox: 0.0019, loss_cls: 0.0547, acc: 97.9512, loss_bbox: 0.0367, loss: 0.1072, grad_norm: 1.0490
2026-05-11 23:10:09,472 - mmdet - INFO - Epoch [264][50/186]	lr: 7.423e-04, eta: 0:49:58, time: 0.595, data_time: 0.084, memory: 6154, loss_rpn_cls: 0.0116, loss_rpn_bbox: 0.0020, loss_cls: 0.0528, acc: 98.1289, loss_bbox: 0.0332, loss: 0.0996, grad_norm: 0.9588
2026-05-11 23:10:35,409 - mmdet - INFO - Epoch [264][100/186]	lr: 7.423e-04, eta: 0:49:36, time: 0.517, data_time: 0.013, memory: 6154, loss_rpn_cls: 0.0107, loss_rpn_bbox: 0.0016, loss_cls: 0.0529, acc: 98.1182, loss_bbox: 0.0322, loss: 0.0975, grad_norm: 0.9634
2026-05-11 23:11:01,408 - mmdet - INFO - Epoch [264][150/186]	lr: 7.423e-04, eta: 0:49:15, time: 0.522, data_time: 0.015, memory: 6154, loss_rpn_cls: 0.0092, loss_rpn_bbox: 0.0023, loss_cls: 0.0570, acc: 97.9131, loss_bbox: 0.0383, loss: 0.1067, grad_norm: 0.9640
2026-05-11 23:11:49,992 - mmdet - INFO - Epoch [265][50/186]	lr: 7.032e-04, eta: 0:48:36, time: 0.592, data_time: 0.083, memory: 6154, loss_rpn_cls: 0.0115, loss_rpn_bbox: 0.0018, loss_cls: 0.0574, acc: 97.9131, loss_bbox: 0.0342, loss: 0.1050, grad_norm: 1.0693
2026-05-11 23:12:15,937 - mmdet - INFO - Epoch [265][100/186]	lr: 7.032e-04, eta: 0:48:15, time: 0.521, data_time: 0.015, memory: 6154, loss_rpn_cls: 0.0138, loss_rpn_bbox: 0.0020, loss_cls: 0.0618, acc: 97.6895, loss_bbox: 0.0407, loss: 0.1182, grad_norm: 1.1060
2026-05-11 23:12:41,793 - mmdet - INFO - Epoch [265][150/186]	lr: 7.032e-04, eta: 0:47:53, time: 0.515, data_time: 0.013, memory: 6154, loss_rpn_cls: 0.0110, loss_rpn_bbox: 0.0015, loss_cls: 0.0536, acc: 98.0381, loss_bbox: 0.0345, loss: 0.1005, grad_norm: 1.0719
2026-05-11 23:13:30,198 - mmdet - INFO - Epoch [266][50/186]	lr: 6.652e-04, eta: 0:47:14, time: 0.594, data_time: 0.083, memory: 6154, loss_rpn_cls: 0.0161, loss_rpn_bbox: 0.0022, loss_cls: 0.0576, acc: 97.8799, loss_bbox: 0.0385, loss: 0.1144, grad_norm: 1.0815
2026-05-11 23:13:56,109 - mmdet - INFO - Epoch [266][100/186]	lr: 6.652e-04, eta: 0:46:53, time: 0.516, data_time: 0.013, memory: 6154, loss_rpn_cls: 0.0126, loss_rpn_bbox: 0.0020, loss_cls: 0.0581, acc: 97.8232, loss_bbox: 0.0384, loss: 0.1111, grad_norm: 1.0890
2026-05-11 23:14:22,044 - mmdet - INFO - Epoch [266][150/186]	lr: 6.652e-04, eta: 0:46:32, time: 0.521, data_time: 0.015, memory: 6154, loss_rpn_cls: 0.0095, loss_rpn_bbox: 0.0017, loss_cls: 0.0553, acc: 97.9062, loss_bbox: 0.0374, loss: 0.1040, grad_norm: 1.0432
2026-05-11 23:15:10,585 - mmdet - INFO - Epoch [267][50/186]	lr: 6.281e-04, eta: 0:45:53, time: 0.592, data_time: 0.083, memory: 6154, loss_rpn_cls: 0.0140, loss_rpn_bbox: 0.0020, loss_cls: 0.0564, acc: 97.9541, loss_bbox: 0.0340, loss: 0.1064, grad_norm: 1.0787
2026-05-11 23:15:36,563 - mmdet - INFO - Epoch [267][100/186]	lr: 6.281e-04, eta: 0:45:31, time: 0.521, data_time: 0.015, memory: 6154, loss_rpn_cls: 0.0118, loss_rpn_bbox: 0.0019, loss_cls: 0.0604, acc: 97.7178, loss_bbox: 0.0381, loss: 0.1122, grad_norm: 1.0803
2026-05-11 23:16:02,509 - mmdet - INFO - Epoch [267][150/186]	lr: 6.281e-04, eta: 0:45:10, time: 0.517, data_time: 0.013, memory: 6154, loss_rpn_cls: 0.0112, loss_rpn_bbox: 0.0018, loss_cls: 0.0587, acc: 97.8545, loss_bbox: 0.0379, loss: 0.1096, grad_norm: 1.0796
2026-05-11 23:16:50,835 - mmdet - INFO - Epoch [268][50/186]	lr: 5.922e-04, eta: 0:44:31, time: 0.591, data_time: 0.083, memory: 6154, loss_rpn_cls: 0.0092, loss_rpn_bbox: 0.0017, loss_cls: 0.0507, acc: 98.1094, loss_bbox: 0.0317, loss: 0.0933, grad_norm: 0.9308
2026-05-11 23:17:16,744 - mmdet - INFO - Epoch [268][100/186]	lr: 5.922e-04, eta: 0:44:10, time: 0.516, data_time: 0.013, memory: 6154, loss_rpn_cls: 0.0102, loss_rpn_bbox: 0.0020, loss_cls: 0.0572, acc: 97.8867, loss_bbox: 0.0380, loss: 0.1074, grad_norm: 0.9399
2026-05-11 23:17:42,659 - mmdet - INFO - Epoch [268][150/186]	lr: 5.922e-04, eta: 0:43:48, time: 0.520, data_time: 0.015, memory: 6154, loss_rpn_cls: 0.0097, loss_rpn_bbox: 0.0016, loss_cls: 0.0529, acc: 98.0342, loss_bbox: 0.0357, loss: 0.0998, grad_norm: 0.9282
2026-05-11 23:18:31,217 - mmdet - INFO - Epoch [269][50/186]	lr: 5.572e-04, eta: 0:43:10, time: 0.593, data_time: 0.084, memory: 6154, loss_rpn_cls: 0.0094, loss_rpn_bbox: 0.0021, loss_cls: 0.0624, acc: 97.6045, loss_bbox: 0.0422, loss: 0.1161, grad_norm: 1.0383
2026-05-11 23:18:57,229 - mmdet - INFO - Epoch [269][100/186]	lr: 5.572e-04, eta: 0:42:48, time: 0.522, data_time: 0.015, memory: 6154, loss_rpn_cls: 0.0101, loss_rpn_bbox: 0.0018, loss_cls: 0.0622, acc: 97.6807, loss_bbox: 0.0401, loss: 0.1141, grad_norm: 1.0498
2026-05-11 23:19:23,077 - mmdet - INFO - Epoch [269][150/186]	lr: 5.572e-04, eta: 0:42:27, time: 0.515, data_time: 0.013, memory: 6154, loss_rpn_cls: 0.0133, loss_rpn_bbox: 0.0017, loss_cls: 0.0558, acc: 97.9287, loss_bbox: 0.0379, loss: 0.1088, grad_norm: 1.0210
2026-05-11 23:20:11,516 - mmdet - INFO - Epoch [270][50/186]	lr: 5.233e-04, eta: 0:41:48, time: 0.592, data_time: 0.083, memory: 6154, loss_rpn_cls: 0.0132, loss_rpn_bbox: 0.0020, loss_cls: 0.0559, acc: 97.8760, loss_bbox: 0.0362, loss: 0.1073, grad_norm: 1.0069
2026-05-11 23:20:37,419 - mmdet - INFO - Epoch [270][100/186]	lr: 5.233e-04, eta: 0:41:26, time: 0.516, data_time: 0.013, memory: 6154, loss_rpn_cls: 0.0078, loss_rpn_bbox: 0.0016, loss_cls: 0.0541, acc: 97.9541, loss_bbox: 0.0341, loss: 0.0976, grad_norm: 0.9901
2026-05-11 23:21:03,389 - mmdet - INFO - Epoch [270][150/186]	lr: 5.233e-04, eta: 0:41:05, time: 0.521, data_time: 0.015, memory: 6154, loss_rpn_cls: 0.0076, loss_rpn_bbox: 0.0016, loss_cls: 0.0534, acc: 98.0186, loss_bbox: 0.0362, loss: 0.0989, grad_norm: 0.9786
2026-05-11 23:21:22,188 - mmdet - INFO - Saving checkpoint at 270 epochs
2026-05-11 23:21:57,753 - mmdet - INFO - Evaluating bbox...
2026-05-11 23:22:00,320 - mmdet - INFO - 
 Average Precision  (AP) @[ IoU=0.50:0.95 | area=   all | maxDets=100 ] = 0.322
 Average Precision  (AP) @[ IoU=0.50      | area=   all | maxDets=1000 ] = 0.728
 Average Precision  (AP) @[ IoU=0.75      | area=   all | maxDets=1000 ] = 0.235
 Average Precision  (AP) @[ IoU=0.50:0.95 | area= small | maxDets=1000 ] = 0.000
 Average Precision  (AP) @[ IoU=0.50:0.95 | area=medium | maxDets=1000 ] = 0.262
 Average Precision  (AP) @[ IoU=0.50:0.95 | area= large | maxDets=1000 ] = 0.393
 Average Recall     (AR) @[ IoU=0.50:0.95 | area=   all | maxDets=100 ] = 0.439
 Average Recall     (AR) @[ IoU=0.50:0.95 | area=   all | maxDets=300 ] = 0.439
 Average Recall     (AR) @[ IoU=0.50:0.95 | area=   all | maxDets=1000 ] = 0.439
 Average Recall     (AR) @[ IoU=0.50:0.95 | area= small | maxDets=1000 ] = 0.033
 Average Recall     (AR) @[ IoU=0.50:0.95 | area=medium | maxDets=1000 ] = 0.392
 Average Recall     (AR) @[ IoU=0.50:0.95 | area= large | maxDets=1000 ] = 0.492

2026-05-11 23:22:00,325 - mmdet - INFO - Exp name: fold_3_r50_300e_hbb.py
2026-05-11 23:22:00,326 - mmdet - INFO - Epoch(val) [270][370]	bbox_mAP: 0.3220, bbox_mAP_50: 0.7280, bbox_mAP_75: 0.2350, bbox_mAP_s: 0.0000, bbox_mAP_m: 0.2620, bbox_mAP_l: 0.3930, bbox_mAP_copypaste: 0.322 0.728 0.235 0.000 0.262 0.393
2026-05-11 23:22:29,977 - mmdet - INFO - Epoch [271][50/186]	lr: 4.904e-04, eta: 0:40:26, time: 0.591, data_time: 0.083, memory: 6154, loss_rpn_cls: 0.0130, loss_rpn_bbox: 0.0018, loss_cls: 0.0536, acc: 98.0039, loss_bbox: 0.0337, loss: 0.1022, grad_norm: 1.0207
2026-05-11 23:22:55,896 - mmdet - INFO - Epoch [271][100/186]	lr: 4.904e-04, eta: 0:40:05, time: 0.520, data_time: 0.015, memory: 6154, loss_rpn_cls: 0.0127, loss_rpn_bbox: 0.0020, loss_cls: 0.0576, acc: 97.8291, loss_bbox: 0.0374, loss: 0.1098, grad_norm: 1.0093
2026-05-11 23:23:21,778 - mmdet - INFO - Epoch [271][150/186]	lr: 4.904e-04, eta: 0:39:43, time: 0.516, data_time: 0.013, memory: 6154, loss_rpn_cls: 0.0098, loss_rpn_bbox: 0.0016, loss_cls: 0.0538, acc: 97.9961, loss_bbox: 0.0346, loss: 0.0998, grad_norm: 0.9877
2026-05-11 23:24:10,304 - mmdet - INFO - Epoch [272][50/186]	lr: 4.586e-04, eta: 0:39:05, time: 0.597, data_time: 0.083, memory: 6154, loss_rpn_cls: 0.0104, loss_rpn_bbox: 0.0017, loss_cls: 0.0545, acc: 97.9424, loss_bbox: 0.0370, loss: 0.1035, grad_norm: 0.9251
2026-05-11 23:24:36,260 - mmdet - INFO - Epoch [272][100/186]	lr: 4.586e-04, eta: 0:38:43, time: 0.517, data_time: 0.013, memory: 6154, loss_rpn_cls: 0.0078, loss_rpn_bbox: 0.0014, loss_cls: 0.0492, acc: 98.1963, loss_bbox: 0.0305, loss: 0.0890, grad_norm: 0.9108
2026-05-11 23:25:02,296 - mmdet - INFO - Epoch [272][150/186]	lr: 4.586e-04, eta: 0:38:22, time: 0.523, data_time: 0.015, memory: 6154, loss_rpn_cls: 0.0152, loss_rpn_bbox: 0.0020, loss_cls: 0.0611, acc: 97.6582, loss_bbox: 0.0405, loss: 0.1187, grad_norm: 0.9988
2026-05-11 23:25:50,877 - mmdet - INFO - Epoch [273][50/186]	lr: 4.278e-04, eta: 0:37:43, time: 0.593, data_time: 0.084, memory: 6154, loss_rpn_cls: 0.0134, loss_rpn_bbox: 0.0018, loss_cls: 0.0561, acc: 97.9922, loss_bbox: 0.0328, loss: 0.1042, grad_norm: 1.1746
2026-05-11 23:26:16,834 - mmdet - INFO - Epoch [273][100/186]	lr: 4.278e-04, eta: 0:37:21, time: 0.521, data_time: 0.015, memory: 6154, loss_rpn_cls: 0.0112, loss_rpn_bbox: 0.0015, loss_cls: 0.0479, acc: 98.2178, loss_bbox: 0.0304, loss: 0.0911, grad_norm: 1.0470
2026-05-11 23:26:42,706 - mmdet - INFO - Epoch [273][150/186]	lr: 4.278e-04, eta: 0:37:00, time: 0.515, data_time: 0.013, memory: 6154, loss_rpn_cls: 0.0105, loss_rpn_bbox: 0.0017, loss_cls: 0.0515, acc: 98.0762, loss_bbox: 0.0361, loss: 0.0997, grad_norm: 1.0279
2026-05-11 23:27:31,136 - mmdet - INFO - Epoch [274][50/186]	lr: 3.980e-04, eta: 0:36:21, time: 0.594, data_time: 0.084, memory: 6154, loss_rpn_cls: 0.0084, loss_rpn_bbox: 0.0016, loss_cls: 0.0593, acc: 97.8555, loss_bbox: 0.0395, loss: 0.1087, grad_norm: 0.9908
2026-05-11 23:27:57,087 - mmdet - INFO - Epoch [274][100/186]	lr: 3.980e-04, eta: 0:36:00, time: 0.517, data_time: 0.013, memory: 6154, loss_rpn_cls: 0.0090, loss_rpn_bbox: 0.0016, loss_cls: 0.0552, acc: 97.9443, loss_bbox: 0.0354, loss: 0.1012, grad_norm: 0.9733
2026-05-11 23:28:23,074 - mmdet - INFO - Epoch [274][150/186]	lr: 3.980e-04, eta: 0:35:38, time: 0.522, data_time: 0.015, memory: 6154, loss_rpn_cls: 0.0109, loss_rpn_bbox: 0.0017, loss_cls: 0.0509, acc: 98.0908, loss_bbox: 0.0341, loss: 0.0977, grad_norm: 0.9839
2026-05-11 23:29:11,680 - mmdet - INFO - Epoch [275][50/186]	lr: 3.694e-04, eta: 0:35:00, time: 0.594, data_time: 0.083, memory: 6154, loss_rpn_cls: 0.0147, loss_rpn_bbox: 0.0018, loss_cls: 0.0508, acc: 98.1328, loss_bbox: 0.0305, loss: 0.0977, grad_norm: 1.0214
2026-05-11 23:29:37,667 - mmdet - INFO - Epoch [275][100/186]	lr: 3.694e-04, eta: 0:34:38, time: 0.522, data_time: 0.015, memory: 6154, loss_rpn_cls: 0.0090, loss_rpn_bbox: 0.0019, loss_cls: 0.0561, acc: 97.9238, loss_bbox: 0.0351, loss: 0.1020, grad_norm: 1.0042
2026-05-11 23:30:03,623 - mmdet - INFO - Epoch [275][150/186]	lr: 3.694e-04, eta: 0:34:17, time: 0.517, data_time: 0.013, memory: 6154, loss_rpn_cls: 0.0123, loss_rpn_bbox: 0.0019, loss_cls: 0.0591, acc: 97.8711, loss_bbox: 0.0394, loss: 0.1127, grad_norm: 1.0442
2026-05-11 23:30:52,226 - mmdet - INFO - Epoch [276][50/186]	lr: 3.417e-04, eta: 0:33:38, time: 0.596, data_time: 0.084, memory: 6154, loss_rpn_cls: 0.0097, loss_rpn_bbox: 0.0019, loss_cls: 0.0544, acc: 97.9785, loss_bbox: 0.0373, loss: 0.1034, grad_norm: 0.9010
2026-05-11 23:31:18,148 - mmdet - INFO - Epoch [276][100/186]	lr: 3.417e-04, eta: 0:33:17, time: 0.516, data_time: 0.013, memory: 6154, loss_rpn_cls: 0.0125, loss_rpn_bbox: 0.0020, loss_cls: 0.0567, acc: 97.9243, loss_bbox: 0.0372, loss: 0.1085, grad_norm: 0.9478
2026-05-11 23:31:44,137 - mmdet - INFO - Epoch [276][150/186]	lr: 3.417e-04, eta: 0:32:55, time: 0.522, data_time: 0.015, memory: 6154, loss_rpn_cls: 0.0117, loss_rpn_bbox: 0.0020, loss_cls: 0.0550, acc: 97.8926, loss_bbox: 0.0361, loss: 0.1048, grad_norm: 0.9731
2026-05-11 23:32:32,783 - mmdet - INFO - Epoch [277][50/186]	lr: 3.152e-04, eta: 0:32:17, time: 0.594, data_time: 0.083, memory: 6154, loss_rpn_cls: 0.0092, loss_rpn_bbox: 0.0018, loss_cls: 0.0568, acc: 97.9043, loss_bbox: 0.0374, loss: 0.1052, grad_norm: 0.9567
2026-05-11 23:32:58,765 - mmdet - INFO - Epoch [277][100/186]	lr: 3.152e-04, eta: 0:31:55, time: 0.522, data_time: 0.015, memory: 6154, loss_rpn_cls: 0.0141, loss_rpn_bbox: 0.0018, loss_cls: 0.0510, acc: 98.2080, loss_bbox: 0.0332, loss: 0.1002, grad_norm: 1.0190
2026-05-11 23:33:24,812 - mmdet - INFO - Epoch [277][150/186]	lr: 3.152e-04, eta: 0:31:33, time: 0.519, data_time: 0.013, memory: 6154, loss_rpn_cls: 0.0104, loss_rpn_bbox: 0.0019, loss_cls: 0.0625, acc: 97.7520, loss_bbox: 0.0433, loss: 0.1181, grad_norm: 1.0324
2026-05-11 23:34:13,241 - mmdet - INFO - Epoch [278][50/186]	lr: 2.896e-04, eta: 0:30:55, time: 0.594, data_time: 0.083, memory: 6154, loss_rpn_cls: 0.0153, loss_rpn_bbox: 0.0020, loss_cls: 0.0609, acc: 97.7314, loss_bbox: 0.0383, loss: 0.1165, grad_norm: 1.0663
2026-05-11 23:34:39,191 - mmdet - INFO - Epoch [278][100/186]	lr: 2.896e-04, eta: 0:30:33, time: 0.517, data_time: 0.013, memory: 6154, loss_rpn_cls: 0.0086, loss_rpn_bbox: 0.0017, loss_cls: 0.0569, acc: 97.8271, loss_bbox: 0.0374, loss: 0.1046, grad_norm: 1.0129
2026-05-11 23:35:05,141 - mmdet - INFO - Epoch [278][150/186]	lr: 2.896e-04, eta: 0:30:12, time: 0.521, data_time: 0.015, memory: 6154, loss_rpn_cls: 0.0071, loss_rpn_bbox: 0.0013, loss_cls: 0.0471, acc: 98.2422, loss_bbox: 0.0304, loss: 0.0860, grad_norm: 0.9640
2026-05-11 23:35:53,699 - mmdet - INFO - Epoch [279][50/186]	lr: 2.652e-04, eta: 0:29:33, time: 0.592, data_time: 0.083, memory: 6154, loss_rpn_cls: 0.0138, loss_rpn_bbox: 0.0021, loss_cls: 0.0575, acc: 97.9004, loss_bbox: 0.0356, loss: 0.1090, grad_norm: 1.0021
2026-05-11 23:36:19,700 - mmdet - INFO - Epoch [279][100/186]	lr: 2.652e-04, eta: 0:29:12, time: 0.522, data_time: 0.015, memory: 6154, loss_rpn_cls: 0.0146, loss_rpn_bbox: 0.0019, loss_cls: 0.0521, acc: 98.1152, loss_bbox: 0.0318, loss: 0.1005, grad_norm: 0.9982
2026-05-11 23:36:45,611 - mmdet - INFO - Epoch [279][150/186]	lr: 2.652e-04, eta: 0:28:50, time: 0.516, data_time: 0.013, memory: 6154, loss_rpn_cls: 0.0096, loss_rpn_bbox: 0.0016, loss_cls: 0.0500, acc: 98.1350, loss_bbox: 0.0360, loss: 0.0971, grad_norm: 0.9339
2026-05-11 23:37:34,061 - mmdet - INFO - Epoch [280][50/186]	lr: 2.418e-04, eta: 0:28:12, time: 0.593, data_time: 0.083, memory: 6154, loss_rpn_cls: 0.0095, loss_rpn_bbox: 0.0018, loss_cls: 0.0553, acc: 97.9248, loss_bbox: 0.0362, loss: 0.1028, grad_norm: 0.9990
2026-05-11 23:37:59,959 - mmdet - INFO - Epoch [280][100/186]	lr: 2.418e-04, eta: 0:27:50, time: 0.516, data_time: 0.013, memory: 6154, loss_rpn_cls: 0.0098, loss_rpn_bbox: 0.0015, loss_cls: 0.0510, acc: 98.1475, loss_bbox: 0.0321, loss: 0.0943, grad_norm: 0.9801
2026-05-11 23:38:25,899 - mmdet - INFO - Epoch [280][150/186]	lr: 2.418e-04, eta: 0:27:28, time: 0.521, data_time: 0.015, memory: 6154, loss_rpn_cls: 0.0121, loss_rpn_bbox: 0.0018, loss_cls: 0.0555, acc: 97.9326, loss_bbox: 0.0359, loss: 0.1053, grad_norm: 0.9777
2026-05-11 23:38:44,712 - mmdet - INFO - Saving checkpoint at 280 epochs
2026-05-11 23:39:20,456 - mmdet - INFO - Evaluating bbox...
2026-05-11 23:39:23,104 - mmdet - INFO - 
 Average Precision  (AP) @[ IoU=0.50:0.95 | area=   all | maxDets=100 ] = 0.321
 Average Precision  (AP) @[ IoU=0.50      | area=   all | maxDets=1000 ] = 0.722
 Average Precision  (AP) @[ IoU=0.75      | area=   all | maxDets=1000 ] = 0.244
 Average Precision  (AP) @[ IoU=0.50:0.95 | area= small | maxDets=1000 ] = 0.000
 Average Precision  (AP) @[ IoU=0.50:0.95 | area=medium | maxDets=1000 ] = 0.262
 Average Precision  (AP) @[ IoU=0.50:0.95 | area= large | maxDets=1000 ] = 0.392
 Average Recall     (AR) @[ IoU=0.50:0.95 | area=   all | maxDets=100 ] = 0.437
 Average Recall     (AR) @[ IoU=0.50:0.95 | area=   all | maxDets=300 ] = 0.437
 Average Recall     (AR) @[ IoU=0.50:0.95 | area=   all | maxDets=1000 ] = 0.437
 Average Recall     (AR) @[ IoU=0.50:0.95 | area= small | maxDets=1000 ] = 0.033
 Average Recall     (AR) @[ IoU=0.50:0.95 | area=medium | maxDets=1000 ] = 0.391
 Average Recall     (AR) @[ IoU=0.50:0.95 | area= large | maxDets=1000 ] = 0.489

2026-05-11 23:39:23,109 - mmdet - INFO - Exp name: fold_3_r50_300e_hbb.py
2026-05-11 23:39:23,109 - mmdet - INFO - Epoch(val) [280][370]	bbox_mAP: 0.3210, bbox_mAP_50: 0.7220, bbox_mAP_75: 0.2440, bbox_mAP_s: 0.0000, bbox_mAP_m: 0.2620, bbox_mAP_l: 0.3920, bbox_mAP_copypaste: 0.321 0.722 0.244 0.000 0.262 0.392
2026-05-11 23:39:52,848 - mmdet - INFO - Epoch [281][50/186]	lr: 2.195e-04, eta: 0:26:50, time: 0.593, data_time: 0.084, memory: 6154, loss_rpn_cls: 0.0083, loss_rpn_bbox: 0.0020, loss_cls: 0.0488, acc: 98.1621, loss_bbox: 0.0337, loss: 0.0929, grad_norm: 0.8866
2026-05-11 23:40:18,944 - mmdet - INFO - Epoch [281][100/186]	lr: 2.195e-04, eta: 0:26:28, time: 0.524, data_time: 0.015, memory: 6154, loss_rpn_cls: 0.0108, loss_rpn_bbox: 0.0021, loss_cls: 0.0542, acc: 97.9863, loss_bbox: 0.0362, loss: 0.1032, grad_norm: 0.9186
2026-05-11 23:40:44,885 - mmdet - INFO - Epoch [281][150/186]	lr: 2.195e-04, eta: 0:26:07, time: 0.517, data_time: 0.013, memory: 6154, loss_rpn_cls: 0.0084, loss_rpn_bbox: 0.0016, loss_cls: 0.0537, acc: 97.9951, loss_bbox: 0.0354, loss: 0.0992, grad_norm: 0.9189
2026-05-11 23:41:33,381 - mmdet - INFO - Epoch [282][50/186]	lr: 1.983e-04, eta: 0:25:28, time: 0.594, data_time: 0.083, memory: 6154, loss_rpn_cls: 0.0089, loss_rpn_bbox: 0.0018, loss_cls: 0.0608, acc: 97.7441, loss_bbox: 0.0427, loss: 0.1142, grad_norm: 1.0538
2026-05-11 23:41:59,306 - mmdet - INFO - Epoch [282][100/186]	lr: 1.983e-04, eta: 0:25:07, time: 0.517, data_time: 0.013, memory: 6154, loss_rpn_cls: 0.0120, loss_rpn_bbox: 0.0017, loss_cls: 0.0551, acc: 98.0107, loss_bbox: 0.0347, loss: 0.1034, grad_norm: 1.0085
2026-05-11 23:42:25,351 - mmdet - INFO - Epoch [282][150/186]	lr: 1.983e-04, eta: 0:24:45, time: 0.523, data_time: 0.015, memory: 6154, loss_rpn_cls: 0.0098, loss_rpn_bbox: 0.0018, loss_cls: 0.0543, acc: 97.9580, loss_bbox: 0.0354, loss: 0.1013, grad_norm: 1.0105
2026-05-11 23:43:14,033 - mmdet - INFO - Epoch [283][50/186]	lr: 1.781e-04, eta: 0:24:07, time: 0.594, data_time: 0.083, memory: 6154, loss_rpn_cls: 0.0104, loss_rpn_bbox: 0.0022, loss_cls: 0.0569, acc: 97.8525, loss_bbox: 0.0372, loss: 0.1067, grad_norm: 0.9012
2026-05-11 23:43:40,053 - mmdet - INFO - Epoch [283][100/186]	lr: 1.781e-04, eta: 0:23:45, time: 0.522, data_time: 0.015, memory: 6154, loss_rpn_cls: 0.0117, loss_rpn_bbox: 0.0021, loss_cls: 0.0628, acc: 97.7021, loss_bbox: 0.0422, loss: 0.1188, grad_norm: 1.0016
2026-05-11 23:44:06,042 - mmdet - INFO - Epoch [283][150/186]	lr: 1.781e-04, eta: 0:23:23, time: 0.518, data_time: 0.013, memory: 6154, loss_rpn_cls: 0.0097, loss_rpn_bbox: 0.0015, loss_cls: 0.0462, acc: 98.2500, loss_bbox: 0.0307, loss: 0.0881, grad_norm: 0.9717
2026-05-11 23:44:54,523 - mmdet - INFO - Epoch [284][50/186]	lr: 1.590e-04, eta: 0:22:45, time: 0.594, data_time: 0.084, memory: 6154, loss_rpn_cls: 0.0106, loss_rpn_bbox: 0.0017, loss_cls: 0.0608, acc: 97.7090, loss_bbox: 0.0392, loss: 0.1123, grad_norm: 1.0363
2026-05-11 23:45:20,418 - mmdet - INFO - Epoch [284][100/186]	lr: 1.590e-04, eta: 0:22:23, time: 0.516, data_time: 0.013, memory: 6154, loss_rpn_cls: 0.0114, loss_rpn_bbox: 0.0016, loss_cls: 0.0536, acc: 98.0195, loss_bbox: 0.0324, loss: 0.0989, grad_norm: 1.0104
2026-05-11 23:45:46,422 - mmdet - INFO - Epoch [284][150/186]	lr: 1.590e-04, eta: 0:22:02, time: 0.522, data_time: 0.015, memory: 6154, loss_rpn_cls: 0.0092, loss_rpn_bbox: 0.0020, loss_cls: 0.0533, acc: 98.0449, loss_bbox: 0.0345, loss: 0.0991, grad_norm: 1.0128
2026-05-11 23:46:34,984 - mmdet - INFO - Epoch [285][50/186]	lr: 1.410e-04, eta: 0:21:24, time: 0.592, data_time: 0.084, memory: 6154, loss_rpn_cls: 0.0099, loss_rpn_bbox: 0.0012, loss_cls: 0.0503, acc: 98.2002, loss_bbox: 0.0320, loss: 0.0934, grad_norm: 0.8917
2026-05-11 23:47:01,018 - mmdet - INFO - Epoch [285][100/186]	lr: 1.410e-04, eta: 0:21:02, time: 0.523, data_time: 0.015, memory: 6154, loss_rpn_cls: 0.0113, loss_rpn_bbox: 0.0021, loss_cls: 0.0640, acc: 97.5469, loss_bbox: 0.0415, loss: 0.1189, grad_norm: 1.0029
2026-05-11 23:47:27,096 - mmdet - INFO - Epoch [285][150/186]	lr: 1.410e-04, eta: 0:20:40, time: 0.520, data_time: 0.013, memory: 6154, loss_rpn_cls: 0.0088, loss_rpn_bbox: 0.0018, loss_cls: 0.0512, acc: 98.0947, loss_bbox: 0.0366, loss: 0.0983, grad_norm: 0.9655
2026-05-11 23:48:15,616 - mmdet - INFO - Epoch [286][50/186]	lr: 1.241e-04, eta: 0:20:02, time: 0.595, data_time: 0.085, memory: 6154, loss_rpn_cls: 0.0107, loss_rpn_bbox: 0.0021, loss_cls: 0.0543, acc: 97.9336, loss_bbox: 0.0339, loss: 0.1010, grad_norm: 0.9805
2026-05-11 23:48:41,568 - mmdet - INFO - Epoch [286][100/186]	lr: 1.241e-04, eta: 0:19:40, time: 0.517, data_time: 0.013, memory: 6154, loss_rpn_cls: 0.0096, loss_rpn_bbox: 0.0017, loss_cls: 0.0536, acc: 98.0264, loss_bbox: 0.0355, loss: 0.1003, grad_norm: 1.0659
2026-05-11 23:49:07,524 - mmdet - INFO - Epoch [286][150/186]	lr: 1.241e-04, eta: 0:19:18, time: 0.521, data_time: 0.015, memory: 6154, loss_rpn_cls: 0.0096, loss_rpn_bbox: 0.0017, loss_cls: 0.0543, acc: 97.9756, loss_bbox: 0.0360, loss: 0.1016, grad_norm: 1.0643
2026-05-11 23:49:56,075 - mmdet - INFO - Epoch [287][50/186]	lr: 1.083e-04, eta: 0:18:40, time: 0.591, data_time: 0.084, memory: 6154, loss_rpn_cls: 0.0073, loss_rpn_bbox: 0.0013, loss_cls: 0.0471, acc: 98.2158, loss_bbox: 0.0286, loss: 0.0843, grad_norm: 0.9015
2026-05-11 23:50:22,070 - mmdet - INFO - Epoch [287][100/186]	lr: 1.083e-04, eta: 0:18:19, time: 0.522, data_time: 0.015, memory: 6154, loss_rpn_cls: 0.0138, loss_rpn_bbox: 0.0018, loss_cls: 0.0575, acc: 97.8864, loss_bbox: 0.0374, loss: 0.1105, grad_norm: 0.9687
2026-05-11 23:50:47,977 - mmdet - INFO - Epoch [287][150/186]	lr: 1.083e-04, eta: 0:17:57, time: 0.516, data_time: 0.013, memory: 6154, loss_rpn_cls: 0.0114, loss_rpn_bbox: 0.0019, loss_cls: 0.0618, acc: 97.6709, loss_bbox: 0.0415, loss: 0.1167, grad_norm: 0.9997
2026-05-11 23:51:36,360 - mmdet - INFO - Epoch [288][50/186]	lr: 9.352e-05, eta: 0:17:19, time: 0.591, data_time: 0.083, memory: 6154, loss_rpn_cls: 0.0083, loss_rpn_bbox: 0.0017, loss_cls: 0.0523, acc: 98.0576, loss_bbox: 0.0313, loss: 0.0935, grad_norm: 0.9374
2026-05-11 23:52:02,349 - mmdet - INFO - Epoch [288][100/186]	lr: 9.352e-05, eta: 0:16:57, time: 0.518, data_time: 0.013, memory: 6154, loss_rpn_cls: 0.0101, loss_rpn_bbox: 0.0015, loss_cls: 0.0577, acc: 97.8779, loss_bbox: 0.0389, loss: 0.1082, grad_norm: 1.0107
2026-05-11 23:52:28,366 - mmdet - INFO - Epoch [288][150/186]	lr: 9.352e-05, eta: 0:16:35, time: 0.522, data_time: 0.015, memory: 6154, loss_rpn_cls: 0.0101, loss_rpn_bbox: 0.0019, loss_cls: 0.0574, acc: 97.8564, loss_bbox: 0.0369, loss: 0.1063, grad_norm: 1.0252
2026-05-11 23:53:16,920 - mmdet - INFO - Epoch [289][50/186]	lr: 7.985e-05, eta: 0:15:57, time: 0.593, data_time: 0.083, memory: 6154, loss_rpn_cls: 0.0098, loss_rpn_bbox: 0.0018, loss_cls: 0.0564, acc: 97.8799, loss_bbox: 0.0371, loss: 0.1052, grad_norm: 1.0145
2026-05-11 23:53:42,822 - mmdet - INFO - Epoch [289][100/186]	lr: 7.985e-05, eta: 0:15:35, time: 0.520, data_time: 0.015, memory: 6154, loss_rpn_cls: 0.0147, loss_rpn_bbox: 0.0019, loss_cls: 0.0560, acc: 97.9365, loss_bbox: 0.0355, loss: 0.1082, grad_norm: 1.0102
2026-05-11 23:54:08,727 - mmdet - INFO - Epoch [289][150/186]	lr: 7.985e-05, eta: 0:15:13, time: 0.516, data_time: 0.013, memory: 6154, loss_rpn_cls: 0.0089, loss_rpn_bbox: 0.0017, loss_cls: 0.0569, acc: 97.8281, loss_bbox: 0.0372, loss: 0.1047, grad_norm: 1.0044
2026-05-11 23:54:57,212 - mmdet - INFO - Epoch [290][50/186]	lr: 6.727e-05, eta: 0:14:35, time: 0.594, data_time: 0.083, memory: 6154, loss_rpn_cls: 0.0076, loss_rpn_bbox: 0.0013, loss_cls: 0.0430, acc: 98.4014, loss_bbox: 0.0274, loss: 0.0793, grad_norm: 0.8283
2026-05-11 23:55:23,190 - mmdet - INFO - Epoch [290][100/186]	lr: 6.727e-05, eta: 0:14:14, time: 0.518, data_time: 0.013, memory: 6154, loss_rpn_cls: 0.0139, loss_rpn_bbox: 0.0020, loss_cls: 0.0554, acc: 97.9268, loss_bbox: 0.0361, loss: 0.1074, grad_norm: 0.9458
2026-05-11 23:55:49,238 - mmdet - INFO - Epoch [290][150/186]	lr: 6.727e-05, eta: 0:13:52, time: 0.523, data_time: 0.015, memory: 6154, loss_rpn_cls: 0.0161, loss_rpn_bbox: 0.0020, loss_cls: 0.0619, acc: 97.7363, loss_bbox: 0.0408, loss: 0.1208, grad_norm: 1.0179
2026-05-11 23:56:08,065 - mmdet - INFO - Saving checkpoint at 290 epochs
2026-05-11 23:56:43,604 - mmdet - INFO - Evaluating bbox...
2026-05-11 23:56:46,150 - mmdet - INFO - 
 Average Precision  (AP) @[ IoU=0.50:0.95 | area=   all | maxDets=100 ] = 0.322
 Average Precision  (AP) @[ IoU=0.50      | area=   all | maxDets=1000 ] = 0.722
 Average Precision  (AP) @[ IoU=0.75      | area=   all | maxDets=1000 ] = 0.243
 Average Precision  (AP) @[ IoU=0.50:0.95 | area= small | maxDets=1000 ] = 0.000
 Average Precision  (AP) @[ IoU=0.50:0.95 | area=medium | maxDets=1000 ] = 0.262
 Average Precision  (AP) @[ IoU=0.50:0.95 | area= large | maxDets=1000 ] = 0.392
 Average Recall     (AR) @[ IoU=0.50:0.95 | area=   all | maxDets=100 ] = 0.438
 Average Recall     (AR) @[ IoU=0.50:0.95 | area=   all | maxDets=300 ] = 0.438
 Average Recall     (AR) @[ IoU=0.50:0.95 | area=   all | maxDets=1000 ] = 0.438
 Average Recall     (AR) @[ IoU=0.50:0.95 | area= small | maxDets=1000 ] = 0.033
 Average Recall     (AR) @[ IoU=0.50:0.95 | area=medium | maxDets=1000 ] = 0.393
 Average Recall     (AR) @[ IoU=0.50:0.95 | area= large | maxDets=1000 ] = 0.490

2026-05-11 23:56:46,155 - mmdet - INFO - Exp name: fold_3_r50_300e_hbb.py
2026-05-11 23:56:46,155 - mmdet - INFO - Epoch(val) [290][370]	bbox_mAP: 0.3220, bbox_mAP_50: 0.7220, bbox_mAP_75: 0.2430, bbox_mAP_s: 0.0000, bbox_mAP_m: 0.2620, bbox_mAP_l: 0.3920, bbox_mAP_copypaste: 0.322 0.722 0.243 0.000 0.262 0.392
2026-05-11 23:57:15,849 - mmdet - INFO - Epoch [291][50/186]	lr: 5.578e-05, eta: 0:13:14, time: 0.592, data_time: 0.083, memory: 6154, loss_rpn_cls: 0.0141, loss_rpn_bbox: 0.0021, loss_cls: 0.0647, acc: 97.6455, loss_bbox: 0.0456, loss: 0.1266, grad_norm: 1.0950
2026-05-11 23:57:41,775 - mmdet - INFO - Epoch [291][100/186]	lr: 5.578e-05, eta: 0:12:52, time: 0.520, data_time: 0.015, memory: 6154, loss_rpn_cls: 0.0091, loss_rpn_bbox: 0.0019, loss_cls: 0.0605, acc: 97.8164, loss_bbox: 0.0388, loss: 0.1102, grad_norm: 1.0372
2026-05-11 23:58:07,627 - mmdet - INFO - Epoch [291][150/186]	lr: 5.578e-05, eta: 0:12:30, time: 0.515, data_time: 0.013, memory: 6154, loss_rpn_cls: 0.0091, loss_rpn_bbox: 0.0016, loss_cls: 0.0524, acc: 98.0566, loss_bbox: 0.0338, loss: 0.0968, grad_norm: 1.0208
2026-05-11 23:58:56,076 - mmdet - INFO - Epoch [292][50/186]	lr: 4.538e-05, eta: 0:11:52, time: 0.593, data_time: 0.083, memory: 6154, loss_rpn_cls: 0.0124, loss_rpn_bbox: 0.0020, loss_cls: 0.0614, acc: 97.7080, loss_bbox: 0.0408, loss: 0.1165, grad_norm: 1.1024
2026-05-11 23:59:21,977 - mmdet - INFO - Epoch [292][100/186]	lr: 4.538e-05, eta: 0:11:30, time: 0.516, data_time: 0.013, memory: 6154, loss_rpn_cls: 0.0105, loss_rpn_bbox: 0.0015, loss_cls: 0.0498, acc: 98.0889, loss_bbox: 0.0313, loss: 0.0931, grad_norm: 1.0581
2026-05-11 23:59:47,903 - mmdet - INFO - Epoch [292][150/186]	lr: 4.538e-05, eta: 0:11:08, time: 0.520, data_time: 0.015, memory: 6154, loss_rpn_cls: 0.0126, loss_rpn_bbox: 0.0019, loss_cls: 0.0629, acc: 97.6768, loss_bbox: 0.0451, loss: 0.1225, grad_norm: 1.0683
2026-05-12 00:00:36,564 - mmdet - INFO - Epoch [293][50/186]	lr: 3.607e-05, eta: 0:10:31, time: 0.594, data_time: 0.084, memory: 6154, loss_rpn_cls: 0.0112, loss_rpn_bbox: 0.0019, loss_cls: 0.0501, acc: 98.1269, loss_bbox: 0.0294, loss: 0.0925, grad_norm: 0.9073
2026-05-12 00:01:02,512 - mmdet - INFO - Epoch [293][100/186]	lr: 3.607e-05, eta: 0:10:09, time: 0.521, data_time: 0.015, memory: 6154, loss_rpn_cls: 0.0081, loss_rpn_bbox: 0.0014, loss_cls: 0.0489, acc: 98.1865, loss_bbox: 0.0302, loss: 0.0886, grad_norm: 0.8709
2026-05-12 00:01:28,483 - mmdet - INFO - Epoch [293][150/186]	lr: 3.607e-05, eta: 0:09:47, time: 0.517, data_time: 0.013, memory: 6154, loss_rpn_cls: 0.0102, loss_rpn_bbox: 0.0017, loss_cls: 0.0548, acc: 98.0146, loss_bbox: 0.0355, loss: 0.1022, grad_norm: 0.9061
2026-05-12 00:02:17,058 - mmdet - INFO - Epoch [294][50/186]	lr: 2.785e-05, eta: 0:09:09, time: 0.596, data_time: 0.083, memory: 6154, loss_rpn_cls: 0.0096, loss_rpn_bbox: 0.0018, loss_cls: 0.0582, acc: 97.6953, loss_bbox: 0.0414, loss: 0.1109, grad_norm: 0.9332
2026-05-12 00:02:43,016 - mmdet - INFO - Epoch [294][100/186]	lr: 2.785e-05, eta: 0:08:47, time: 0.517, data_time: 0.013, memory: 6154, loss_rpn_cls: 0.0113, loss_rpn_bbox: 0.0016, loss_cls: 0.0520, acc: 98.1006, loss_bbox: 0.0333, loss: 0.0983, grad_norm: 0.9657
2026-05-12 00:03:08,900 - mmdet - INFO - Epoch [294][150/186]	lr: 2.785e-05, eta: 0:08:25, time: 0.520, data_time: 0.015, memory: 6154, loss_rpn_cls: 0.0083, loss_rpn_bbox: 0.0014, loss_cls: 0.0454, acc: 98.3457, loss_bbox: 0.0302, loss: 0.0853, grad_norm: 0.9496
2026-05-12 00:03:57,407 - mmdet - INFO - Epoch [295][50/186]	lr: 2.073e-05, eta: 0:07:47, time: 0.592, data_time: 0.084, memory: 6154, loss_rpn_cls: 0.0131, loss_rpn_bbox: 0.0017, loss_cls: 0.0552, acc: 97.9521, loss_bbox: 0.0317, loss: 0.1017, grad_norm: 0.9267
2026-05-12 00:04:23,374 - mmdet - INFO - Epoch [295][100/186]	lr: 2.073e-05, eta: 0:07:25, time: 0.521, data_time: 0.015, memory: 6154, loss_rpn_cls: 0.0094, loss_rpn_bbox: 0.0018, loss_cls: 0.0574, acc: 97.8154, loss_bbox: 0.0381, loss: 0.1067, grad_norm: 0.9678
2026-05-12 00:04:49,308 - mmdet - INFO - Epoch [295][150/186]	lr: 2.073e-05, eta: 0:07:04, time: 0.517, data_time: 0.013, memory: 6154, loss_rpn_cls: 0.0089, loss_rpn_bbox: 0.0016, loss_cls: 0.0544, acc: 98.0127, loss_bbox: 0.0360, loss: 0.1009, grad_norm: 0.9539
2026-05-12 00:05:37,822 - mmdet - INFO - Epoch [296][50/186]	lr: 1.470e-05, eta: 0:06:26, time: 0.595, data_time: 0.083, memory: 6154, loss_rpn_cls: 0.0122, loss_rpn_bbox: 0.0019, loss_cls: 0.0574, acc: 97.9326, loss_bbox: 0.0352, loss: 0.1069, grad_norm: 1.0525
2026-05-12 00:06:03,792 - mmdet - INFO - Epoch [296][100/186]	lr: 1.470e-05, eta: 0:06:04, time: 0.517, data_time: 0.013, memory: 6154, loss_rpn_cls: 0.0126, loss_rpn_bbox: 0.0016, loss_cls: 0.0521, acc: 98.1338, loss_bbox: 0.0347, loss: 0.1010, grad_norm: 1.0579
2026-05-12 00:06:29,749 - mmdet - INFO - Epoch [296][150/186]	lr: 1.470e-05, eta: 0:05:42, time: 0.521, data_time: 0.015, memory: 6154, loss_rpn_cls: 0.0089, loss_rpn_bbox: 0.0015, loss_cls: 0.0471, acc: 98.2891, loss_bbox: 0.0316, loss: 0.0891, grad_norm: 0.9892
2026-05-12 00:07:18,349 - mmdet - INFO - Epoch [297][50/186]	lr: 9.771e-06, eta: 0:05:04, time: 0.593, data_time: 0.083, memory: 6154, loss_rpn_cls: 0.0119, loss_rpn_bbox: 0.0017, loss_cls: 0.0538, acc: 98.0625, loss_bbox: 0.0342, loss: 0.1016, grad_norm: 0.9772
2026-05-12 00:07:44,306 - mmdet - INFO - Epoch [297][100/186]	lr: 9.771e-06, eta: 0:04:42, time: 0.521, data_time: 0.015, memory: 6154, loss_rpn_cls: 0.0123, loss_rpn_bbox: 0.0018, loss_cls: 0.0484, acc: 98.2422, loss_bbox: 0.0321, loss: 0.0946, grad_norm: 1.0217
2026-05-12 00:08:10,243 - mmdet - INFO - Epoch [297][150/186]	lr: 9.771e-06, eta: 0:04:20, time: 0.517, data_time: 0.013, memory: 6154, loss_rpn_cls: 0.0096, loss_rpn_bbox: 0.0018, loss_cls: 0.0552, acc: 97.8535, loss_bbox: 0.0381, loss: 0.1046, grad_norm: 1.0190
2026-05-12 00:08:58,762 - mmdet - INFO - Epoch [298][50/186]	lr: 5.934e-06, eta: 0:03:42, time: 0.594, data_time: 0.083, memory: 6154, loss_rpn_cls: 0.0101, loss_rpn_bbox: 0.0015, loss_cls: 0.0504, acc: 98.1564, loss_bbox: 0.0301, loss: 0.0922, grad_norm: 0.8733
2026-05-12 00:09:24,789 - mmdet - INFO - Epoch [298][100/186]	lr: 5.934e-06, eta: 0:03:21, time: 0.519, data_time: 0.013, memory: 6154, loss_rpn_cls: 0.0102, loss_rpn_bbox: 0.0020, loss_cls: 0.0516, acc: 98.0713, loss_bbox: 0.0336, loss: 0.0974, grad_norm: 0.9081
2026-05-12 00:09:50,803 - mmdet - INFO - Epoch [298][150/186]	lr: 5.934e-06, eta: 0:02:59, time: 0.522, data_time: 0.015, memory: 6154, loss_rpn_cls: 0.0109, loss_rpn_bbox: 0.0020, loss_cls: 0.0585, acc: 97.7080, loss_bbox: 0.0417, loss: 0.1131, grad_norm: 0.9400
2026-05-12 00:10:39,366 - mmdet - INFO - Epoch [299][50/186]	lr: 3.193e-06, eta: 0:02:21, time: 0.592, data_time: 0.083, memory: 6154, loss_rpn_cls: 0.0085, loss_rpn_bbox: 0.0016, loss_cls: 0.0453, acc: 98.3076, loss_bbox: 0.0279, loss: 0.0833, grad_norm: 0.7907
2026-05-12 00:11:05,384 - mmdet - INFO - Epoch [299][100/186]	lr: 3.193e-06, eta: 0:01:59, time: 0.522, data_time: 0.015, memory: 6154, loss_rpn_cls: 0.0099, loss_rpn_bbox: 0.0018, loss_cls: 0.0530, acc: 98.0596, loss_bbox: 0.0388, loss: 0.1035, grad_norm: 0.8600
2026-05-12 00:11:31,390 - mmdet - INFO - Epoch [299][150/186]	lr: 3.193e-06, eta: 0:01:37, time: 0.518, data_time: 0.013, memory: 6154, loss_rpn_cls: 0.0137, loss_rpn_bbox: 0.0021, loss_cls: 0.0607, acc: 97.7764, loss_bbox: 0.0414, loss: 0.1180, grad_norm: 0.9363
2026-05-12 00:12:19,910 - mmdet - INFO - Epoch [300][50/186]	lr: 1.548e-06, eta: 0:00:59, time: 0.595, data_time: 0.083, memory: 6154, loss_rpn_cls: 0.0091, loss_rpn_bbox: 0.0016, loss_cls: 0.0584, acc: 97.8271, loss_bbox: 0.0378, loss: 0.1069, grad_norm: 0.9882
2026-05-12 00:12:45,907 - mmdet - INFO - Epoch [300][100/186]	lr: 1.548e-06, eta: 0:00:37, time: 0.518, data_time: 0.013, memory: 6154, loss_rpn_cls: 0.0120, loss_rpn_bbox: 0.0018, loss_cls: 0.0563, acc: 97.8750, loss_bbox: 0.0372, loss: 0.1074, grad_norm: 1.0133
2026-05-12 00:13:11,923 - mmdet - INFO - Epoch [300][150/186]	lr: 1.548e-06, eta: 0:00:15, time: 0.522, data_time: 0.015, memory: 6154, loss_rpn_cls: 0.0118, loss_rpn_bbox: 0.0018, loss_cls: 0.0568, acc: 97.8545, loss_bbox: 0.0393, loss: 0.1096, grad_norm: 1.0302
2026-05-12 00:13:30,736 - mmdet - INFO - Saving checkpoint at 300 epochs
2026-05-12 00:14:06,281 - mmdet - INFO - Evaluating bbox...
2026-05-12 00:14:08,923 - mmdet - INFO - 
 Average Precision  (AP) @[ IoU=0.50:0.95 | area=   all | maxDets=100 ] = 0.321
 Average Precision  (AP) @[ IoU=0.50      | area=   all | maxDets=1000 ] = 0.722
 Average Precision  (AP) @[ IoU=0.75      | area=   all | maxDets=1000 ] = 0.243
 Average Precision  (AP) @[ IoU=0.50:0.95 | area= small | maxDets=1000 ] = 0.000
 Average Precision  (AP) @[ IoU=0.50:0.95 | area=medium | maxDets=1000 ] = 0.261
 Average Precision  (AP) @[ IoU=0.50:0.95 | area= large | maxDets=1000 ] = 0.392
 Average Recall     (AR) @[ IoU=0.50:0.95 | area=   all | maxDets=100 ] = 0.438
 Average Recall     (AR) @[ IoU=0.50:0.95 | area=   all | maxDets=300 ] = 0.438
 Average Recall     (AR) @[ IoU=0.50:0.95 | area=   all | maxDets=1000 ] = 0.438
 Average Recall     (AR) @[ IoU=0.50:0.95 | area= small | maxDets=1000 ] = 0.033
 Average Recall     (AR) @[ IoU=0.50:0.95 | area=medium | maxDets=1000 ] = 0.392
 Average Recall     (AR) @[ IoU=0.50:0.95 | area= large | maxDets=1000 ] = 0.489

2026-05-12 00:14:08,928 - mmdet - INFO - Exp name: fold_3_r50_300e_hbb.py
2026-05-12 00:14:08,928 - mmdet - INFO - Epoch(val) [300][370]	bbox_mAP: 0.3210, bbox_mAP_50: 0.7220, bbox_mAP_75: 0.2430, bbox_mAP_s: 0.0000, bbox_mAP_m: 0.2610, bbox_mAP_l: 0.3920, bbox_mAP_copypaste: 0.321 0.722 0.243 0.000 0.261 0.392
