2026-05-08 21:20:31,103 - mmdet - INFO - Environment info:
------------------------------------------------------------
sys.platform: linux
Python: 3.7.16 (default, Jan 17 2023, 22:20:44) [GCC 11.2.0]
CUDA available: True
GPU 0: NVIDIA GeForce RTX 2080 Ti
CUDA_HOME: /usr
NVCC: Build cuda_11.5.r11.5/compiler.30672275_0
GCC: gcc (Ubuntu 11.4.0-1ubuntu1~22.04.3) 11.4.0
PyTorch: 1.7.1+cu110
PyTorch compiling details: PyTorch built with:
  - GCC 7.3
  - C++ Version: 201402
  - Intel(R) Math Kernel Library Version 2020.0.0 Product Build 20191122 for Intel(R) 64 architecture applications
  - Intel(R) MKL-DNN v1.6.0 (Git Hash 5ef631a030a6f73131c77892041042805a06064f)
  - OpenMP 201511 (a.k.a. OpenMP 4.5)
  - NNPACK is enabled
  - CPU capability usage: AVX2
  - CUDA Runtime 11.0
  - NVCC architecture flags: -gencode;arch=compute_37,code=sm_37;-gencode;arch=compute_50,code=sm_50;-gencode;arch=compute_60,code=sm_60;-gencode;arch=compute_70,code=sm_70;-gencode;arch=compute_75,code=sm_75;-gencode;arch=compute_80,code=sm_80
  - CuDNN 8.0.5
  - Magma 2.5.2
  - Build settings: BLAS=MKL, BUILD_TYPE=Release, CXX_FLAGS= -Wno-deprecated -fvisibility-inlines-hidden -DUSE_PTHREADPOOL -fopenmp -DNDEBUG -DUSE_FBGEMM -DUSE_QNNPACK -DUSE_PYTORCH_QNNPACK -DUSE_XNNPACK -DUSE_VULKAN_WRAPPER -O2 -fPIC -Wno-narrowing -Wall -Wextra -Werror=return-type -Wno-missing-field-initializers -Wno-type-limits -Wno-array-bounds -Wno-unknown-pragmas -Wno-sign-compare -Wno-unused-parameter -Wno-unused-variable -Wno-unused-function -Wno-unused-result -Wno-unused-local-typedefs -Wno-strict-overflow -Wno-strict-aliasing -Wno-error=deprecated-declarations -Wno-stringop-overflow -Wno-psabi -Wno-error=pedantic -Wno-error=redundant-decls -Wno-error=old-style-cast -fdiagnostics-color=always -faligned-new -Wno-unused-but-set-variable -Wno-maybe-uninitialized -fno-math-errno -fno-trapping-math -Werror=format -Wno-stringop-overflow, PERF_WITH_AVX=1, PERF_WITH_AVX2=1, PERF_WITH_AVX512=1, USE_CUDA=ON, USE_EXCEPTION_PTR=1, USE_GFLAGS=OFF, USE_GLOG=OFF, USE_MKL=ON, USE_MKLDNN=ON, USE_MPI=OFF, USE_NCCL=ON, USE_NNPACK=ON, USE_OPENMP=ON, 

TorchVision: 0.8.2+cu110
OpenCV: 4.13.0
MMCV: 1.3.17
MMCV Compiler: GCC 7.3
MMCV CUDA Compiler: 11.0
MMDetection: 2.23.0+2544401
------------------------------------------------------------

2026-05-08 21:20:32,216 - mmdet - INFO - Distributed training: True
2026-05-08 21:20:33,308 - mmdet - INFO - Config:
norm_cfg = dict(type='GN', num_groups=32, requires_grad=True)
model = dict(
    type='FCOS',
    backbone=dict(
        type='SwinTransformer',
        embed_dims=96,
        depths=[2, 2, 6, 2],
        num_heads=[3, 6, 12, 24],
        window_size=7,
        mlp_ratio=4,
        qkv_bias=True,
        qk_scale=None,
        drop_rate=0.0,
        attn_drop_rate=0.0,
        drop_path_rate=0.2,
        patch_norm=True,
        out_indices=(0, 1, 2, 3),
        with_cp=False,
        convert_weights=True,
        init_cfg=dict(
            type='Pretrained', checkpoint='orcn-swin-t-dota-latest.pth')),
    neck=dict(
        type='FPN',
        in_channels=[96, 192, 384, 768],
        out_channels=256,
        start_level=1,
        add_extra_convs='on_output',
        num_outs=5,
        relu_before_extra_convs=True),
    bbox_head=dict(
        type='FCOSHead',
        num_classes=1,
        in_channels=256,
        stacked_convs=4,
        feat_channels=256,
        strides=[8, 16, 32, 64, 128],
        loss_cls=dict(
            type='FocalLoss',
            use_sigmoid=True,
            gamma=2.0,
            alpha=0.25,
            loss_weight=1.0),
        loss_bbox=dict(type='IoULoss', loss_weight=1.0),
        loss_centerness=dict(
            type='CrossEntropyLoss', use_sigmoid=True, loss_weight=1.0)),
    train_cfg=dict(
        assigner=dict(
            type='MaxIoUAssigner',
            pos_iou_thr=0.5,
            neg_iou_thr=0.4,
            min_pos_iou=0,
            ignore_iof_thr=-1),
        allowed_border=-1,
        pos_weight=-1,
        debug=False),
    test_cfg=dict(
        nms_pre=1000,
        min_bbox_size=0,
        score_thr=0.05,
        nms=dict(type='nms', iou_threshold=0.5),
        max_per_img=100))
dataset_type = 'CocoDataset'
classes = ('ship', )
data_root = '/home/ahmadreza/Downloads/Research/M2SODAI/baseline_official/'
img_norm_cfg = dict(
    mean=[123.675, 116.28, 103.53], std=[58.395, 57.12, 57.375], to_rgb=True)
train_pipeline = [
    dict(type='LoadImageFromFile'),
    dict(type='LoadAnnotations', with_bbox=True),
    dict(type='Resize', img_scale=(640, 640), keep_ratio=True),
    dict(type='RandomFlip', flip_ratio=0.5),
    dict(type='PhotoMetricDistortion'),
    dict(
        type='Normalize',
        mean=[123.675, 116.28, 103.53],
        std=[58.395, 57.12, 57.375],
        to_rgb=True),
    dict(type='Pad', size_divisor=32),
    dict(
        type='CutOut',
        n_holes=(1, 5),
        cutout_shape=[(20, 20), (40, 40), (80, 80)],
        fill_in=(0, 0, 0)),
    dict(type='DefaultFormatBundle'),
    dict(type='Collect', keys=['img', 'gt_bboxes', 'gt_labels'])
]
test_pipeline = [
    dict(type='LoadImageFromFile'),
    dict(
        type='MultiScaleFlipAug',
        img_scale=(640, 640),
        flip=False,
        transforms=[
            dict(type='Resize', keep_ratio=True),
            dict(type='RandomFlip'),
            dict(
                type='Normalize',
                mean=[123.675, 116.28, 103.53],
                std=[58.395, 57.12, 57.375],
                to_rgb=True),
            dict(type='Pad', size_divisor=32),
            dict(type='ImageToTensor', keys=['img']),
            dict(type='Collect', keys=['img'])
        ])
]
data = dict(
    samples_per_gpu=4,
    workers_per_gpu=4,
    train=dict(
        type='CocoDataset',
        ann_file=
        '/home/ahmadreza/Downloads/Research/M2SODAI/baseline_official/fold_1/train/annotations.json',
        img_prefix=
        '/home/ahmadreza/Downloads/Research/M2SODAI/baseline_official/fold_1/train/images/',
        classes=('ship', ),
        filter_empty_gt=False,
        pipeline=[
            dict(type='LoadImageFromFile'),
            dict(type='LoadAnnotations', with_bbox=True),
            dict(type='Resize', img_scale=(640, 640), keep_ratio=True),
            dict(type='RandomFlip', flip_ratio=0.5),
            dict(type='PhotoMetricDistortion'),
            dict(
                type='Normalize',
                mean=[123.675, 116.28, 103.53],
                std=[58.395, 57.12, 57.375],
                to_rgb=True),
            dict(type='Pad', size_divisor=32),
            dict(
                type='CutOut',
                n_holes=(1, 5),
                cutout_shape=[(20, 20), (40, 40), (80, 80)],
                fill_in=(0, 0, 0)),
            dict(type='DefaultFormatBundle'),
            dict(type='Collect', keys=['img', 'gt_bboxes', 'gt_labels'])
        ]),
    val=dict(
        type='CocoDataset',
        ann_file=
        '/home/ahmadreza/Downloads/Research/M2SODAI/baseline_official/fold_1/val/annotations.json',
        img_prefix=
        '/home/ahmadreza/Downloads/Research/M2SODAI/baseline_official/fold_1/val/images/',
        classes=('ship', ),
        pipeline=[
            dict(type='LoadImageFromFile'),
            dict(
                type='MultiScaleFlipAug',
                img_scale=(640, 640),
                flip=False,
                transforms=[
                    dict(type='Resize', keep_ratio=True),
                    dict(type='RandomFlip'),
                    dict(
                        type='Normalize',
                        mean=[123.675, 116.28, 103.53],
                        std=[58.395, 57.12, 57.375],
                        to_rgb=True),
                    dict(type='Pad', size_divisor=32),
                    dict(type='ImageToTensor', keys=['img']),
                    dict(type='Collect', keys=['img'])
                ])
        ]),
    test=dict(
        type='CocoDataset',
        ann_file=
        '/home/ahmadreza/Downloads/Research/M2SODAI/baseline_official/fold_1/val/annotations.json',
        img_prefix=
        '/home/ahmadreza/Downloads/Research/M2SODAI/baseline_official/fold_1/val/images/',
        classes=('ship', ),
        pipeline=[
            dict(type='LoadImageFromFile'),
            dict(
                type='MultiScaleFlipAug',
                img_scale=(640, 640),
                flip=False,
                transforms=[
                    dict(type='Resize', keep_ratio=True),
                    dict(type='RandomFlip'),
                    dict(
                        type='Normalize',
                        mean=[123.675, 116.28, 103.53],
                        std=[58.395, 57.12, 57.375],
                        to_rgb=True),
                    dict(type='Pad', size_divisor=32),
                    dict(type='ImageToTensor', keys=['img']),
                    dict(type='Collect', keys=['img'])
                ])
        ]))
optimizer = dict(type='AdamW', lr=0.0001, weight_decay=0.05)
optimizer_config = dict(
    type='GradientCumulativeOptimizerHook',
    cumulative_iters=4,
    grad_clip=dict(max_norm=35, norm_type=2))
lr_config = dict(
    policy='CosineAnnealing',
    warmup='linear',
    warmup_iters=500,
    warmup_ratio=0.001,
    min_lr=1e-06)
runner = dict(type='EpochBasedRunner', max_epochs=300)
evaluation = dict(interval=5, metric='bbox', save_best='bbox_mAP')
checkpoint_config = dict(interval=10, max_keep_ckpts=3)
log_config = dict(
    interval=50,
    hooks=[dict(type='TextLoggerHook'),
           dict(type='TensorboardLoggerHook')])
custom_hooks = [
    dict(
        type='EarlyStoppingHook',
        monitor='bbox_mAP',
        patience=10,
        min_delta=0.001)
]
dist_params = dict(backend='nccl')
log_level = 'INFO'
load_from = None
resume_from = None
workflow = [('train', 1)]
work_dir = '/home/ahmadreza/Downloads/Research/M2SODAI/baseline_official/runs_swin_hbb/swin_t_hbb_fold_1'
seed = 0
deterministic = True
auto_resume = False
gpu_ids = range(0, 1)

2026-05-08 21:20:33,309 - mmdet - INFO - Set random seed to 42, deterministic: False
2026-05-08 21:20:33,854 - mmdet - INFO - load checkpoint from local path: orcn-swin-t-dota-latest.pth
2026-05-08 21:20:34,501 - mmdet - INFO - initialize FPN with init_cfg {'type': 'Xavier', 'layer': 'Conv2d', 'distribution': 'uniform'}
2026-05-08 21:20:34,529 - mmdet - INFO - initialize FCOSHead with init_cfg {'type': 'Normal', 'layer': 'Conv2d', 'std': 0.01, 'override': {'type': 'Normal', 'name': 'conv_cls', 'std': 0.01, 'bias_prob': 0.01}}
Name of parameter - Initialization information

backbone.patch_embed.projection.weight - torch.Size([96, 3, 4, 4]): 
Initialized by user-defined `init_weights` in SwinTransformer  

backbone.patch_embed.projection.bias - torch.Size([96]): 
Initialized by user-defined `init_weights` in SwinTransformer  

backbone.patch_embed.norm.weight - torch.Size([96]): 
Initialized by user-defined `init_weights` in SwinTransformer  

backbone.patch_embed.norm.bias - torch.Size([96]): 
Initialized by user-defined `init_weights` in SwinTransformer  

backbone.stages.0.blocks.0.norm1.weight - torch.Size([96]): 
Initialized by user-defined `init_weights` in SwinTransformer  

backbone.stages.0.blocks.0.norm1.bias - torch.Size([96]): 
Initialized by user-defined `init_weights` in SwinTransformer  

backbone.stages.0.blocks.0.attn.w_msa.relative_position_bias_table - torch.Size([169, 3]): 
Initialized by user-defined `init_weights` in SwinTransformer  

backbone.stages.0.blocks.0.attn.w_msa.qkv.weight - torch.Size([288, 96]): 
Initialized by user-defined `init_weights` in SwinTransformer  

backbone.stages.0.blocks.0.attn.w_msa.qkv.bias - torch.Size([288]): 
Initialized by user-defined `init_weights` in SwinTransformer  

backbone.stages.0.blocks.0.attn.w_msa.proj.weight - torch.Size([96, 96]): 
Initialized by user-defined `init_weights` in SwinTransformer  

backbone.stages.0.blocks.0.attn.w_msa.proj.bias - torch.Size([96]): 
Initialized by user-defined `init_weights` in SwinTransformer  

backbone.stages.0.blocks.0.norm2.weight - torch.Size([96]): 
Initialized by user-defined `init_weights` in SwinTransformer  

backbone.stages.0.blocks.0.norm2.bias - torch.Size([96]): 
Initialized by user-defined `init_weights` in SwinTransformer  

backbone.stages.0.blocks.0.ffn.layers.0.0.weight - torch.Size([384, 96]): 
Initialized by user-defined `init_weights` in SwinTransformer  

backbone.stages.0.blocks.0.ffn.layers.0.0.bias - torch.Size([384]): 
Initialized by user-defined `init_weights` in SwinTransformer  

backbone.stages.0.blocks.0.ffn.layers.1.weight - torch.Size([96, 384]): 
Initialized by user-defined `init_weights` in SwinTransformer  

backbone.stages.0.blocks.0.ffn.layers.1.bias - torch.Size([96]): 
Initialized by user-defined `init_weights` in SwinTransformer  

backbone.stages.0.blocks.1.norm1.weight - torch.Size([96]): 
Initialized by user-defined `init_weights` in SwinTransformer  

backbone.stages.0.blocks.1.norm1.bias - torch.Size([96]): 
Initialized by user-defined `init_weights` in SwinTransformer  

backbone.stages.0.blocks.1.attn.w_msa.relative_position_bias_table - torch.Size([169, 3]): 
Initialized by user-defined `init_weights` in SwinTransformer  

backbone.stages.0.blocks.1.attn.w_msa.qkv.weight - torch.Size([288, 96]): 
Initialized by user-defined `init_weights` in SwinTransformer  

backbone.stages.0.blocks.1.attn.w_msa.qkv.bias - torch.Size([288]): 
Initialized by user-defined `init_weights` in SwinTransformer  

backbone.stages.0.blocks.1.attn.w_msa.proj.weight - torch.Size([96, 96]): 
Initialized by user-defined `init_weights` in SwinTransformer  

backbone.stages.0.blocks.1.attn.w_msa.proj.bias - torch.Size([96]): 
Initialized by user-defined `init_weights` in SwinTransformer  

backbone.stages.0.blocks.1.norm2.weight - torch.Size([96]): 
Initialized by user-defined `init_weights` in SwinTransformer  

backbone.stages.0.blocks.1.norm2.bias - torch.Size([96]): 
Initialized by user-defined `init_weights` in SwinTransformer  

backbone.stages.0.blocks.1.ffn.layers.0.0.weight - torch.Size([384, 96]): 
Initialized by user-defined `init_weights` in SwinTransformer  

backbone.stages.0.blocks.1.ffn.layers.0.0.bias - torch.Size([384]): 
Initialized by user-defined `init_weights` in SwinTransformer  

backbone.stages.0.blocks.1.ffn.layers.1.weight - torch.Size([96, 384]): 
Initialized by user-defined `init_weights` in SwinTransformer  

backbone.stages.0.blocks.1.ffn.layers.1.bias - torch.Size([96]): 
Initialized by user-defined `init_weights` in SwinTransformer  

backbone.stages.0.downsample.norm.weight - torch.Size([384]): 
Initialized by user-defined `init_weights` in SwinTransformer  

backbone.stages.0.downsample.norm.bias - torch.Size([384]): 
Initialized by user-defined `init_weights` in SwinTransformer  

backbone.stages.0.downsample.reduction.weight - torch.Size([192, 384]): 
Initialized by user-defined `init_weights` in SwinTransformer  

backbone.stages.1.blocks.0.norm1.weight - torch.Size([192]): 
Initialized by user-defined `init_weights` in SwinTransformer  

backbone.stages.1.blocks.0.norm1.bias - torch.Size([192]): 
Initialized by user-defined `init_weights` in SwinTransformer  

backbone.stages.1.blocks.0.attn.w_msa.relative_position_bias_table - torch.Size([169, 6]): 
Initialized by user-defined `init_weights` in SwinTransformer  

backbone.stages.1.blocks.0.attn.w_msa.qkv.weight - torch.Size([576, 192]): 
Initialized by user-defined `init_weights` in SwinTransformer  

backbone.stages.1.blocks.0.attn.w_msa.qkv.bias - torch.Size([576]): 
Initialized by user-defined `init_weights` in SwinTransformer  

backbone.stages.1.blocks.0.attn.w_msa.proj.weight - torch.Size([192, 192]): 
Initialized by user-defined `init_weights` in SwinTransformer  

backbone.stages.1.blocks.0.attn.w_msa.proj.bias - torch.Size([192]): 
Initialized by user-defined `init_weights` in SwinTransformer  

backbone.stages.1.blocks.0.norm2.weight - torch.Size([192]): 
Initialized by user-defined `init_weights` in SwinTransformer  

backbone.stages.1.blocks.0.norm2.bias - torch.Size([192]): 
Initialized by user-defined `init_weights` in SwinTransformer  

backbone.stages.1.blocks.0.ffn.layers.0.0.weight - torch.Size([768, 192]): 
Initialized by user-defined `init_weights` in SwinTransformer  

backbone.stages.1.blocks.0.ffn.layers.0.0.bias - torch.Size([768]): 
Initialized by user-defined `init_weights` in SwinTransformer  

backbone.stages.1.blocks.0.ffn.layers.1.weight - torch.Size([192, 768]): 
Initialized by user-defined `init_weights` in SwinTransformer  

backbone.stages.1.blocks.0.ffn.layers.1.bias - torch.Size([192]): 
Initialized by user-defined `init_weights` in SwinTransformer  

backbone.stages.1.blocks.1.norm1.weight - torch.Size([192]): 
Initialized by user-defined `init_weights` in SwinTransformer  

backbone.stages.1.blocks.1.norm1.bias - torch.Size([192]): 
Initialized by user-defined `init_weights` in SwinTransformer  

backbone.stages.1.blocks.1.attn.w_msa.relative_position_bias_table - torch.Size([169, 6]): 
Initialized by user-defined `init_weights` in SwinTransformer  

backbone.stages.1.blocks.1.attn.w_msa.qkv.weight - torch.Size([576, 192]): 
Initialized by user-defined `init_weights` in SwinTransformer  

backbone.stages.1.blocks.1.attn.w_msa.qkv.bias - torch.Size([576]): 
Initialized by user-defined `init_weights` in SwinTransformer  

backbone.stages.1.blocks.1.attn.w_msa.proj.weight - torch.Size([192, 192]): 
Initialized by user-defined `init_weights` in SwinTransformer  

backbone.stages.1.blocks.1.attn.w_msa.proj.bias - torch.Size([192]): 
Initialized by user-defined `init_weights` in SwinTransformer  

backbone.stages.1.blocks.1.norm2.weight - torch.Size([192]): 
Initialized by user-defined `init_weights` in SwinTransformer  

backbone.stages.1.blocks.1.norm2.bias - torch.Size([192]): 
Initialized by user-defined `init_weights` in SwinTransformer  

backbone.stages.1.blocks.1.ffn.layers.0.0.weight - torch.Size([768, 192]): 
Initialized by user-defined `init_weights` in SwinTransformer  

backbone.stages.1.blocks.1.ffn.layers.0.0.bias - torch.Size([768]): 
Initialized by user-defined `init_weights` in SwinTransformer  

backbone.stages.1.blocks.1.ffn.layers.1.weight - torch.Size([192, 768]): 
Initialized by user-defined `init_weights` in SwinTransformer  

backbone.stages.1.blocks.1.ffn.layers.1.bias - torch.Size([192]): 
Initialized by user-defined `init_weights` in SwinTransformer  

backbone.stages.1.downsample.norm.weight - torch.Size([768]): 
Initialized by user-defined `init_weights` in SwinTransformer  

backbone.stages.1.downsample.norm.bias - torch.Size([768]): 
Initialized by user-defined `init_weights` in SwinTransformer  

backbone.stages.1.downsample.reduction.weight - torch.Size([384, 768]): 
Initialized by user-defined `init_weights` in SwinTransformer  

backbone.stages.2.blocks.0.norm1.weight - torch.Size([384]): 
Initialized by user-defined `init_weights` in SwinTransformer  

backbone.stages.2.blocks.0.norm1.bias - torch.Size([384]): 
Initialized by user-defined `init_weights` in SwinTransformer  

backbone.stages.2.blocks.0.attn.w_msa.relative_position_bias_table - torch.Size([169, 12]): 
Initialized by user-defined `init_weights` in SwinTransformer  

backbone.stages.2.blocks.0.attn.w_msa.qkv.weight - torch.Size([1152, 384]): 
Initialized by user-defined `init_weights` in SwinTransformer  

backbone.stages.2.blocks.0.attn.w_msa.qkv.bias - torch.Size([1152]): 
Initialized by user-defined `init_weights` in SwinTransformer  

backbone.stages.2.blocks.0.attn.w_msa.proj.weight - torch.Size([384, 384]): 
Initialized by user-defined `init_weights` in SwinTransformer  

backbone.stages.2.blocks.0.attn.w_msa.proj.bias - torch.Size([384]): 
Initialized by user-defined `init_weights` in SwinTransformer  

backbone.stages.2.blocks.0.norm2.weight - torch.Size([384]): 
Initialized by user-defined `init_weights` in SwinTransformer  

backbone.stages.2.blocks.0.norm2.bias - torch.Size([384]): 
Initialized by user-defined `init_weights` in SwinTransformer  

backbone.stages.2.blocks.0.ffn.layers.0.0.weight - torch.Size([1536, 384]): 
Initialized by user-defined `init_weights` in SwinTransformer  

backbone.stages.2.blocks.0.ffn.layers.0.0.bias - torch.Size([1536]): 
Initialized by user-defined `init_weights` in SwinTransformer  

backbone.stages.2.blocks.0.ffn.layers.1.weight - torch.Size([384, 1536]): 
Initialized by user-defined `init_weights` in SwinTransformer  

backbone.stages.2.blocks.0.ffn.layers.1.bias - torch.Size([384]): 
Initialized by user-defined `init_weights` in SwinTransformer  

backbone.stages.2.blocks.1.norm1.weight - torch.Size([384]): 
Initialized by user-defined `init_weights` in SwinTransformer  

backbone.stages.2.blocks.1.norm1.bias - torch.Size([384]): 
Initialized by user-defined `init_weights` in SwinTransformer  

backbone.stages.2.blocks.1.attn.w_msa.relative_position_bias_table - torch.Size([169, 12]): 
Initialized by user-defined `init_weights` in SwinTransformer  

backbone.stages.2.blocks.1.attn.w_msa.qkv.weight - torch.Size([1152, 384]): 
Initialized by user-defined `init_weights` in SwinTransformer  

backbone.stages.2.blocks.1.attn.w_msa.qkv.bias - torch.Size([1152]): 
Initialized by user-defined `init_weights` in SwinTransformer  

backbone.stages.2.blocks.1.attn.w_msa.proj.weight - torch.Size([384, 384]): 
Initialized by user-defined `init_weights` in SwinTransformer  

backbone.stages.2.blocks.1.attn.w_msa.proj.bias - torch.Size([384]): 
Initialized by user-defined `init_weights` in SwinTransformer  

backbone.stages.2.blocks.1.norm2.weight - torch.Size([384]): 
Initialized by user-defined `init_weights` in SwinTransformer  

backbone.stages.2.blocks.1.norm2.bias - torch.Size([384]): 
Initialized by user-defined `init_weights` in SwinTransformer  

backbone.stages.2.blocks.1.ffn.layers.0.0.weight - torch.Size([1536, 384]): 
Initialized by user-defined `init_weights` in SwinTransformer  

backbone.stages.2.blocks.1.ffn.layers.0.0.bias - torch.Size([1536]): 
Initialized by user-defined `init_weights` in SwinTransformer  

backbone.stages.2.blocks.1.ffn.layers.1.weight - torch.Size([384, 1536]): 
Initialized by user-defined `init_weights` in SwinTransformer  

backbone.stages.2.blocks.1.ffn.layers.1.bias - torch.Size([384]): 
Initialized by user-defined `init_weights` in SwinTransformer  

backbone.stages.2.blocks.2.norm1.weight - torch.Size([384]): 
Initialized by user-defined `init_weights` in SwinTransformer  

backbone.stages.2.blocks.2.norm1.bias - torch.Size([384]): 
Initialized by user-defined `init_weights` in SwinTransformer  

backbone.stages.2.blocks.2.attn.w_msa.relative_position_bias_table - torch.Size([169, 12]): 
Initialized by user-defined `init_weights` in SwinTransformer  

backbone.stages.2.blocks.2.attn.w_msa.qkv.weight - torch.Size([1152, 384]): 
Initialized by user-defined `init_weights` in SwinTransformer  

backbone.stages.2.blocks.2.attn.w_msa.qkv.bias - torch.Size([1152]): 
Initialized by user-defined `init_weights` in SwinTransformer  

backbone.stages.2.blocks.2.attn.w_msa.proj.weight - torch.Size([384, 384]): 
Initialized by user-defined `init_weights` in SwinTransformer  

backbone.stages.2.blocks.2.attn.w_msa.proj.bias - torch.Size([384]): 
Initialized by user-defined `init_weights` in SwinTransformer  

backbone.stages.2.blocks.2.norm2.weight - torch.Size([384]): 
Initialized by user-defined `init_weights` in SwinTransformer  

backbone.stages.2.blocks.2.norm2.bias - torch.Size([384]): 
Initialized by user-defined `init_weights` in SwinTransformer  

backbone.stages.2.blocks.2.ffn.layers.0.0.weight - torch.Size([1536, 384]): 
Initialized by user-defined `init_weights` in SwinTransformer  

backbone.stages.2.blocks.2.ffn.layers.0.0.bias - torch.Size([1536]): 
Initialized by user-defined `init_weights` in SwinTransformer  

backbone.stages.2.blocks.2.ffn.layers.1.weight - torch.Size([384, 1536]): 
Initialized by user-defined `init_weights` in SwinTransformer  

backbone.stages.2.blocks.2.ffn.layers.1.bias - torch.Size([384]): 
Initialized by user-defined `init_weights` in SwinTransformer  

backbone.stages.2.blocks.3.norm1.weight - torch.Size([384]): 
Initialized by user-defined `init_weights` in SwinTransformer  

backbone.stages.2.blocks.3.norm1.bias - torch.Size([384]): 
Initialized by user-defined `init_weights` in SwinTransformer  

backbone.stages.2.blocks.3.attn.w_msa.relative_position_bias_table - torch.Size([169, 12]): 
Initialized by user-defined `init_weights` in SwinTransformer  

backbone.stages.2.blocks.3.attn.w_msa.qkv.weight - torch.Size([1152, 384]): 
Initialized by user-defined `init_weights` in SwinTransformer  

backbone.stages.2.blocks.3.attn.w_msa.qkv.bias - torch.Size([1152]): 
Initialized by user-defined `init_weights` in SwinTransformer  

backbone.stages.2.blocks.3.attn.w_msa.proj.weight - torch.Size([384, 384]): 
Initialized by user-defined `init_weights` in SwinTransformer  

backbone.stages.2.blocks.3.attn.w_msa.proj.bias - torch.Size([384]): 
Initialized by user-defined `init_weights` in SwinTransformer  

backbone.stages.2.blocks.3.norm2.weight - torch.Size([384]): 
Initialized by user-defined `init_weights` in SwinTransformer  

backbone.stages.2.blocks.3.norm2.bias - torch.Size([384]): 
Initialized by user-defined `init_weights` in SwinTransformer  

backbone.stages.2.blocks.3.ffn.layers.0.0.weight - torch.Size([1536, 384]): 
Initialized by user-defined `init_weights` in SwinTransformer  

backbone.stages.2.blocks.3.ffn.layers.0.0.bias - torch.Size([1536]): 
Initialized by user-defined `init_weights` in SwinTransformer  

backbone.stages.2.blocks.3.ffn.layers.1.weight - torch.Size([384, 1536]): 
Initialized by user-defined `init_weights` in SwinTransformer  

backbone.stages.2.blocks.3.ffn.layers.1.bias - torch.Size([384]): 
Initialized by user-defined `init_weights` in SwinTransformer  

backbone.stages.2.blocks.4.norm1.weight - torch.Size([384]): 
Initialized by user-defined `init_weights` in SwinTransformer  

backbone.stages.2.blocks.4.norm1.bias - torch.Size([384]): 
Initialized by user-defined `init_weights` in SwinTransformer  

backbone.stages.2.blocks.4.attn.w_msa.relative_position_bias_table - torch.Size([169, 12]): 
Initialized by user-defined `init_weights` in SwinTransformer  

backbone.stages.2.blocks.4.attn.w_msa.qkv.weight - torch.Size([1152, 384]): 
Initialized by user-defined `init_weights` in SwinTransformer  

backbone.stages.2.blocks.4.attn.w_msa.qkv.bias - torch.Size([1152]): 
Initialized by user-defined `init_weights` in SwinTransformer  

backbone.stages.2.blocks.4.attn.w_msa.proj.weight - torch.Size([384, 384]): 
Initialized by user-defined `init_weights` in SwinTransformer  

backbone.stages.2.blocks.4.attn.w_msa.proj.bias - torch.Size([384]): 
Initialized by user-defined `init_weights` in SwinTransformer  

backbone.stages.2.blocks.4.norm2.weight - torch.Size([384]): 
Initialized by user-defined `init_weights` in SwinTransformer  

backbone.stages.2.blocks.4.norm2.bias - torch.Size([384]): 
Initialized by user-defined `init_weights` in SwinTransformer  

backbone.stages.2.blocks.4.ffn.layers.0.0.weight - torch.Size([1536, 384]): 
Initialized by user-defined `init_weights` in SwinTransformer  

backbone.stages.2.blocks.4.ffn.layers.0.0.bias - torch.Size([1536]): 
Initialized by user-defined `init_weights` in SwinTransformer  

backbone.stages.2.blocks.4.ffn.layers.1.weight - torch.Size([384, 1536]): 
Initialized by user-defined `init_weights` in SwinTransformer  

backbone.stages.2.blocks.4.ffn.layers.1.bias - torch.Size([384]): 
Initialized by user-defined `init_weights` in SwinTransformer  

backbone.stages.2.blocks.5.norm1.weight - torch.Size([384]): 
Initialized by user-defined `init_weights` in SwinTransformer  

backbone.stages.2.blocks.5.norm1.bias - torch.Size([384]): 
Initialized by user-defined `init_weights` in SwinTransformer  

backbone.stages.2.blocks.5.attn.w_msa.relative_position_bias_table - torch.Size([169, 12]): 
Initialized by user-defined `init_weights` in SwinTransformer  

backbone.stages.2.blocks.5.attn.w_msa.qkv.weight - torch.Size([1152, 384]): 
Initialized by user-defined `init_weights` in SwinTransformer  

backbone.stages.2.blocks.5.attn.w_msa.qkv.bias - torch.Size([1152]): 
Initialized by user-defined `init_weights` in SwinTransformer  

backbone.stages.2.blocks.5.attn.w_msa.proj.weight - torch.Size([384, 384]): 
Initialized by user-defined `init_weights` in SwinTransformer  

backbone.stages.2.blocks.5.attn.w_msa.proj.bias - torch.Size([384]): 
Initialized by user-defined `init_weights` in SwinTransformer  

backbone.stages.2.blocks.5.norm2.weight - torch.Size([384]): 
Initialized by user-defined `init_weights` in SwinTransformer  

backbone.stages.2.blocks.5.norm2.bias - torch.Size([384]): 
Initialized by user-defined `init_weights` in SwinTransformer  

backbone.stages.2.blocks.5.ffn.layers.0.0.weight - torch.Size([1536, 384]): 
Initialized by user-defined `init_weights` in SwinTransformer  

backbone.stages.2.blocks.5.ffn.layers.0.0.bias - torch.Size([1536]): 
Initialized by user-defined `init_weights` in SwinTransformer  

backbone.stages.2.blocks.5.ffn.layers.1.weight - torch.Size([384, 1536]): 
Initialized by user-defined `init_weights` in SwinTransformer  

backbone.stages.2.blocks.5.ffn.layers.1.bias - torch.Size([384]): 
Initialized by user-defined `init_weights` in SwinTransformer  

backbone.stages.2.downsample.norm.weight - torch.Size([1536]): 
Initialized by user-defined `init_weights` in SwinTransformer  

backbone.stages.2.downsample.norm.bias - torch.Size([1536]): 
Initialized by user-defined `init_weights` in SwinTransformer  

backbone.stages.2.downsample.reduction.weight - torch.Size([768, 1536]): 
Initialized by user-defined `init_weights` in SwinTransformer  

backbone.stages.3.blocks.0.norm1.weight - torch.Size([768]): 
Initialized by user-defined `init_weights` in SwinTransformer  

backbone.stages.3.blocks.0.norm1.bias - torch.Size([768]): 
Initialized by user-defined `init_weights` in SwinTransformer  

backbone.stages.3.blocks.0.attn.w_msa.relative_position_bias_table - torch.Size([169, 24]): 
Initialized by user-defined `init_weights` in SwinTransformer  

backbone.stages.3.blocks.0.attn.w_msa.qkv.weight - torch.Size([2304, 768]): 
Initialized by user-defined `init_weights` in SwinTransformer  

backbone.stages.3.blocks.0.attn.w_msa.qkv.bias - torch.Size([2304]): 
Initialized by user-defined `init_weights` in SwinTransformer  

backbone.stages.3.blocks.0.attn.w_msa.proj.weight - torch.Size([768, 768]): 
Initialized by user-defined `init_weights` in SwinTransformer  

backbone.stages.3.blocks.0.attn.w_msa.proj.bias - torch.Size([768]): 
Initialized by user-defined `init_weights` in SwinTransformer  

backbone.stages.3.blocks.0.norm2.weight - torch.Size([768]): 
Initialized by user-defined `init_weights` in SwinTransformer  

backbone.stages.3.blocks.0.norm2.bias - torch.Size([768]): 
Initialized by user-defined `init_weights` in SwinTransformer  

backbone.stages.3.blocks.0.ffn.layers.0.0.weight - torch.Size([3072, 768]): 
Initialized by user-defined `init_weights` in SwinTransformer  

backbone.stages.3.blocks.0.ffn.layers.0.0.bias - torch.Size([3072]): 
Initialized by user-defined `init_weights` in SwinTransformer  

backbone.stages.3.blocks.0.ffn.layers.1.weight - torch.Size([768, 3072]): 
Initialized by user-defined `init_weights` in SwinTransformer  

backbone.stages.3.blocks.0.ffn.layers.1.bias - torch.Size([768]): 
Initialized by user-defined `init_weights` in SwinTransformer  

backbone.stages.3.blocks.1.norm1.weight - torch.Size([768]): 
Initialized by user-defined `init_weights` in SwinTransformer  

backbone.stages.3.blocks.1.norm1.bias - torch.Size([768]): 
Initialized by user-defined `init_weights` in SwinTransformer  

backbone.stages.3.blocks.1.attn.w_msa.relative_position_bias_table - torch.Size([169, 24]): 
Initialized by user-defined `init_weights` in SwinTransformer  

backbone.stages.3.blocks.1.attn.w_msa.qkv.weight - torch.Size([2304, 768]): 
Initialized by user-defined `init_weights` in SwinTransformer  

backbone.stages.3.blocks.1.attn.w_msa.qkv.bias - torch.Size([2304]): 
Initialized by user-defined `init_weights` in SwinTransformer  

backbone.stages.3.blocks.1.attn.w_msa.proj.weight - torch.Size([768, 768]): 
Initialized by user-defined `init_weights` in SwinTransformer  

backbone.stages.3.blocks.1.attn.w_msa.proj.bias - torch.Size([768]): 
Initialized by user-defined `init_weights` in SwinTransformer  

backbone.stages.3.blocks.1.norm2.weight - torch.Size([768]): 
Initialized by user-defined `init_weights` in SwinTransformer  

backbone.stages.3.blocks.1.norm2.bias - torch.Size([768]): 
Initialized by user-defined `init_weights` in SwinTransformer  

backbone.stages.3.blocks.1.ffn.layers.0.0.weight - torch.Size([3072, 768]): 
Initialized by user-defined `init_weights` in SwinTransformer  

backbone.stages.3.blocks.1.ffn.layers.0.0.bias - torch.Size([3072]): 
Initialized by user-defined `init_weights` in SwinTransformer  

backbone.stages.3.blocks.1.ffn.layers.1.weight - torch.Size([768, 3072]): 
Initialized by user-defined `init_weights` in SwinTransformer  

backbone.stages.3.blocks.1.ffn.layers.1.bias - torch.Size([768]): 
Initialized by user-defined `init_weights` in SwinTransformer  

backbone.norm0.weight - torch.Size([96]): 
Initialized by user-defined `init_weights` in SwinTransformer  

backbone.norm0.bias - torch.Size([96]): 
Initialized by user-defined `init_weights` in SwinTransformer  

backbone.norm1.weight - torch.Size([192]): 
Initialized by user-defined `init_weights` in SwinTransformer  

backbone.norm1.bias - torch.Size([192]): 
Initialized by user-defined `init_weights` in SwinTransformer  

backbone.norm2.weight - torch.Size([384]): 
Initialized by user-defined `init_weights` in SwinTransformer  

backbone.norm2.bias - torch.Size([384]): 
Initialized by user-defined `init_weights` in SwinTransformer  

backbone.norm3.weight - torch.Size([768]): 
Initialized by user-defined `init_weights` in SwinTransformer  

backbone.norm3.bias - torch.Size([768]): 
Initialized by user-defined `init_weights` in SwinTransformer  

neck.lateral_convs.0.conv.weight - torch.Size([256, 192, 1, 1]): 
XavierInit: gain=1, distribution=uniform, bias=0 

neck.lateral_convs.0.conv.bias - torch.Size([256]): 
The value is the same before and after calling `init_weights` of FCOS  

neck.lateral_convs.1.conv.weight - torch.Size([256, 384, 1, 1]): 
XavierInit: gain=1, distribution=uniform, bias=0 

neck.lateral_convs.1.conv.bias - torch.Size([256]): 
The value is the same before and after calling `init_weights` of FCOS  

neck.lateral_convs.2.conv.weight - torch.Size([256, 768, 1, 1]): 
XavierInit: gain=1, distribution=uniform, bias=0 

neck.lateral_convs.2.conv.bias - torch.Size([256]): 
The value is the same before and after calling `init_weights` of FCOS  

neck.fpn_convs.0.conv.weight - torch.Size([256, 256, 3, 3]): 
XavierInit: gain=1, distribution=uniform, bias=0 

neck.fpn_convs.0.conv.bias - torch.Size([256]): 
The value is the same before and after calling `init_weights` of FCOS  

neck.fpn_convs.1.conv.weight - torch.Size([256, 256, 3, 3]): 
XavierInit: gain=1, distribution=uniform, bias=0 

neck.fpn_convs.1.conv.bias - torch.Size([256]): 
The value is the same before and after calling `init_weights` of FCOS  

neck.fpn_convs.2.conv.weight - torch.Size([256, 256, 3, 3]): 
XavierInit: gain=1, distribution=uniform, bias=0 

neck.fpn_convs.2.conv.bias - torch.Size([256]): 
The value is the same before and after calling `init_weights` of FCOS  

neck.fpn_convs.3.conv.weight - torch.Size([256, 256, 3, 3]): 
XavierInit: gain=1, distribution=uniform, bias=0 

neck.fpn_convs.3.conv.bias - torch.Size([256]): 
The value is the same before and after calling `init_weights` of FCOS  

neck.fpn_convs.4.conv.weight - torch.Size([256, 256, 3, 3]): 
XavierInit: gain=1, distribution=uniform, bias=0 

neck.fpn_convs.4.conv.bias - torch.Size([256]): 
The value is the same before and after calling `init_weights` of FCOS  

bbox_head.cls_convs.0.conv.weight - torch.Size([256, 256, 3, 3]): 
NormalInit: mean=0, std=0.01, bias=0 

bbox_head.cls_convs.0.gn.weight - torch.Size([256]): 
The value is the same before and after calling `init_weights` of FCOS  

bbox_head.cls_convs.0.gn.bias - torch.Size([256]): 
The value is the same before and after calling `init_weights` of FCOS  

bbox_head.cls_convs.1.conv.weight - torch.Size([256, 256, 3, 3]): 
NormalInit: mean=0, std=0.01, bias=0 

bbox_head.cls_convs.1.gn.weight - torch.Size([256]): 
The value is the same before and after calling `init_weights` of FCOS  

bbox_head.cls_convs.1.gn.bias - torch.Size([256]): 
The value is the same before and after calling `init_weights` of FCOS  

bbox_head.cls_convs.2.conv.weight - torch.Size([256, 256, 3, 3]): 
NormalInit: mean=0, std=0.01, bias=0 

bbox_head.cls_convs.2.gn.weight - torch.Size([256]): 
The value is the same before and after calling `init_weights` of FCOS  

bbox_head.cls_convs.2.gn.bias - torch.Size([256]): 
The value is the same before and after calling `init_weights` of FCOS  

bbox_head.cls_convs.3.conv.weight - torch.Size([256, 256, 3, 3]): 
NormalInit: mean=0, std=0.01, bias=0 

bbox_head.cls_convs.3.gn.weight - torch.Size([256]): 
The value is the same before and after calling `init_weights` of FCOS  

bbox_head.cls_convs.3.gn.bias - torch.Size([256]): 
The value is the same before and after calling `init_weights` of FCOS  

bbox_head.reg_convs.0.conv.weight - torch.Size([256, 256, 3, 3]): 
NormalInit: mean=0, std=0.01, bias=0 

bbox_head.reg_convs.0.gn.weight - torch.Size([256]): 
The value is the same before and after calling `init_weights` of FCOS  

bbox_head.reg_convs.0.gn.bias - torch.Size([256]): 
The value is the same before and after calling `init_weights` of FCOS  

bbox_head.reg_convs.1.conv.weight - torch.Size([256, 256, 3, 3]): 
NormalInit: mean=0, std=0.01, bias=0 

bbox_head.reg_convs.1.gn.weight - torch.Size([256]): 
The value is the same before and after calling `init_weights` of FCOS  

bbox_head.reg_convs.1.gn.bias - torch.Size([256]): 
The value is the same before and after calling `init_weights` of FCOS  

bbox_head.reg_convs.2.conv.weight - torch.Size([256, 256, 3, 3]): 
NormalInit: mean=0, std=0.01, bias=0 

bbox_head.reg_convs.2.gn.weight - torch.Size([256]): 
The value is the same before and after calling `init_weights` of FCOS  

bbox_head.reg_convs.2.gn.bias - torch.Size([256]): 
The value is the same before and after calling `init_weights` of FCOS  

bbox_head.reg_convs.3.conv.weight - torch.Size([256, 256, 3, 3]): 
NormalInit: mean=0, std=0.01, bias=0 

bbox_head.reg_convs.3.gn.weight - torch.Size([256]): 
The value is the same before and after calling `init_weights` of FCOS  

bbox_head.reg_convs.3.gn.bias - torch.Size([256]): 
The value is the same before and after calling `init_weights` of FCOS  

bbox_head.conv_cls.weight - torch.Size([1, 256, 3, 3]): 
NormalInit: mean=0, std=0.01, bias=-4.59511985013459 

bbox_head.conv_cls.bias - torch.Size([1]): 
NormalInit: mean=0, std=0.01, bias=-4.59511985013459 

bbox_head.conv_reg.weight - torch.Size([4, 256, 3, 3]): 
NormalInit: mean=0, std=0.01, bias=0 

bbox_head.conv_reg.bias - torch.Size([4]): 
NormalInit: mean=0, std=0.01, bias=0 

bbox_head.conv_centerness.weight - torch.Size([1, 256, 3, 3]): 
NormalInit: mean=0, std=0.01, bias=0 

bbox_head.conv_centerness.bias - torch.Size([1]): 
NormalInit: mean=0, std=0.01, bias=0 

bbox_head.scales.0.scale - torch.Size([]): 
The value is the same before and after calling `init_weights` of FCOS  

bbox_head.scales.1.scale - torch.Size([]): 
The value is the same before and after calling `init_weights` of FCOS  

bbox_head.scales.2.scale - torch.Size([]): 
The value is the same before and after calling `init_weights` of FCOS  

bbox_head.scales.3.scale - torch.Size([]): 
The value is the same before and after calling `init_weights` of FCOS  

bbox_head.scales.4.scale - torch.Size([]): 
The value is the same before and after calling `init_weights` of FCOS  
2026-05-08 21:20:34,982 - mmdet - INFO - Start running, host: ahmadreza@quartz, work_dir: /home/ahmadreza/Downloads/Research/M2SODAI/baseline_official/runs_swin_hbb/swin_t_hbb_fold_1
2026-05-08 21:20:34,983 - mmdet - INFO - Hooks will be executed in the following order:
before_run:
(VERY_HIGH   ) CosineAnnealingLrUpdaterHook       
(NORMAL      ) CheckpointHook                     
(LOW         ) DistEvalHook                       
(VERY_LOW    ) TextLoggerHook                     
(VERY_LOW    ) TensorboardLoggerHook              
 -------------------- 
before_train_epoch:
(VERY_HIGH   ) CosineAnnealingLrUpdaterHook       
(NORMAL      ) DistSamplerSeedHook                
(LOW         ) IterTimerHook                      
(LOW         ) DistEvalHook                       
(VERY_LOW    ) TextLoggerHook                     
(VERY_LOW    ) TensorboardLoggerHook              
 -------------------- 
before_train_iter:
(VERY_HIGH   ) CosineAnnealingLrUpdaterHook       
(LOW         ) IterTimerHook                      
(LOW         ) DistEvalHook                       
 -------------------- 
after_train_iter:
(ABOVE_NORMAL) GradientCumulativeOptimizerHook    
(NORMAL      ) CheckpointHook                     
(LOW         ) IterTimerHook                      
(LOW         ) DistEvalHook                       
(VERY_LOW    ) TextLoggerHook                     
(VERY_LOW    ) TensorboardLoggerHook              
 -------------------- 
after_train_epoch:
(NORMAL      ) CheckpointHook                     
(NORMAL      ) EarlyStoppingHook                  
(LOW         ) DistEvalHook                       
(VERY_LOW    ) TextLoggerHook                     
(VERY_LOW    ) TensorboardLoggerHook              
 -------------------- 
before_val_epoch:
(NORMAL      ) DistSamplerSeedHook                
(LOW         ) IterTimerHook                      
(VERY_LOW    ) TextLoggerHook                     
(VERY_LOW    ) TensorboardLoggerHook              
 -------------------- 
before_val_iter:
(LOW         ) IterTimerHook                      
 -------------------- 
after_val_iter:
(LOW         ) IterTimerHook                      
 -------------------- 
after_val_epoch:
(VERY_LOW    ) TextLoggerHook                     
(VERY_LOW    ) TensorboardLoggerHook              
 -------------------- 
after_run:
(VERY_LOW    ) TextLoggerHook                     
(VERY_LOW    ) TensorboardLoggerHook              
 -------------------- 
2026-05-08 21:20:34,983 - mmdet - INFO - workflow: [('train', 1)], max: 300 epochs
2026-05-08 21:20:34,983 - mmdet - INFO - Checkpoints will be saved to /home/ahmadreza/Downloads/Research/M2SODAI/baseline_official/runs_swin_hbb/swin_t_hbb_fold_1 by HardDiskBackend.
2026-05-08 21:20:55,966 - mmdet - INFO - Epoch [1][50/186]	lr: 9.890e-06, eta: 6:28:23, time: 0.418, data_time: 0.067, memory: 5143, loss_cls: 0.9415, loss_bbox: 5.8039, loss_centerness: 0.6688, loss: 7.4142, grad_norm: 47.1593
2026-05-08 21:21:14,014 - mmdet - INFO - Epoch [1][100/186]	lr: 1.988e-05, eta: 6:01:33, time: 0.361, data_time: 0.011, memory: 5143, loss_cls: 0.6710, loss_bbox: 3.2656, loss_centerness: 0.6319, loss: 4.5684, grad_norm: 58.1490
2026-05-08 21:21:31,984 - mmdet - INFO - Epoch [1][150/186]	lr: 2.987e-05, eta: 5:51:56, time: 0.359, data_time: 0.011, memory: 5143, loss_cls: 0.3859, loss_bbox: 1.8808, loss_centerness: 0.6241, loss: 2.8908, grad_norm: 51.4993
2026-05-08 21:22:06,033 - mmdet - INFO - Epoch [2][50/186]	lr: 4.705e-05, eta: 5:05:11, time: 0.417, data_time: 0.066, memory: 5144, loss_cls: 0.3183, loss_bbox: 1.0877, loss_centerness: 0.6081, loss: 2.0142, grad_norm: 25.8005
2026-05-08 21:22:24,012 - mmdet - INFO - Epoch [2][100/186]	lr: 5.704e-05, eta: 5:09:46, time: 0.360, data_time: 0.011, memory: 5144, loss_cls: 0.2921, loss_bbox: 0.9435, loss_centerness: 0.6035, loss: 1.8391, grad_norm: 21.7131
2026-05-08 21:22:42,076 - mmdet - INFO - Epoch [2][150/186]	lr: 6.703e-05, eta: 5:13:08, time: 0.361, data_time: 0.011, memory: 5158, loss_cls: 0.4457, loss_bbox: 0.8759, loss_centerness: 0.6096, loss: 1.9313, grad_norm: 26.4106
2026-05-08 21:23:16,079 - mmdet - INFO - Epoch [3][50/186]	lr: 8.421e-05, eta: 4:54:35, time: 0.417, data_time: 0.067, memory: 5158, loss_cls: 0.3171, loss_bbox: 0.8183, loss_centerness: 0.6058, loss: 1.7413, grad_norm: 23.7601
2026-05-08 21:23:34,156 - mmdet - INFO - Epoch [3][100/186]	lr: 9.420e-05, eta: 4:58:27, time: 0.362, data_time: 0.011, memory: 5158, loss_cls: 0.3168, loss_bbox: 0.7885, loss_centerness: 0.6075, loss: 1.7128, grad_norm: 21.8908
2026-05-08 21:23:52,193 - mmdet - INFO - Epoch [3][150/186]	lr: 9.999e-05, eta: 5:01:27, time: 0.361, data_time: 0.011, memory: 5158, loss_cls: 0.7681, loss_bbox: 0.8155, loss_centerness: 0.5819, loss: 2.1655, grad_norm: 29.5973
2026-05-08 21:24:26,203 - mmdet - INFO - Epoch [4][50/186]	lr: 9.998e-05, eta: 4:50:00, time: 0.418, data_time: 0.067, memory: 5158, loss_cls: 0.2811, loss_bbox: 0.7398, loss_centerness: 0.5857, loss: 1.6066, grad_norm: 18.1646
2026-05-08 21:24:44,229 - mmdet - INFO - Epoch [4][100/186]	lr: 9.998e-05, eta: 4:52:54, time: 0.361, data_time: 0.011, memory: 5158, loss_cls: 0.2146, loss_bbox: 0.6160, loss_centerness: 0.5904, loss: 1.4210, grad_norm: 15.7575
2026-05-08 21:25:02,383 - mmdet - INFO - Epoch [4][150/186]	lr: 9.998e-05, eta: 4:55:31, time: 0.363, data_time: 0.011, memory: 5158, loss_cls: 0.3523, loss_bbox: 0.6435, loss_centerness: 0.5757, loss: 1.5715, grad_norm: 18.4876
2026-05-08 21:25:36,496 - mmdet - INFO - Epoch [5][50/186]	lr: 9.996e-05, eta: 4:47:17, time: 0.419, data_time: 0.067, memory: 5158, loss_cls: 0.2032, loss_bbox: 0.6099, loss_centerness: 0.5820, loss: 1.3950, grad_norm: 12.7607
2026-05-08 21:25:54,640 - mmdet - INFO - Epoch [5][100/186]	lr: 9.996e-05, eta: 4:49:42, time: 0.363, data_time: 0.011, memory: 5158, loss_cls: 0.2050, loss_bbox: 0.5955, loss_centerness: 0.5854, loss: 1.3858, grad_norm: 13.1002
2026-05-08 21:26:12,655 - mmdet - INFO - Epoch [5][150/186]	lr: 9.996e-05, eta: 4:51:41, time: 0.360, data_time: 0.011, memory: 5158, loss_cls: 0.2483, loss_bbox: 0.5782, loss_centerness: 0.5548, loss: 1.3813, grad_norm: 14.5536
2026-05-08 21:26:50,323 - mmdet - INFO - Evaluating bbox...
2026-05-08 21:26:56,255 - mmdet - INFO - 
 Average Precision  (AP) @[ IoU=0.50:0.95 | area=   all | maxDets=100 ] = 0.103
 Average Precision  (AP) @[ IoU=0.50      | area=   all | maxDets=1000 ] = 0.413
 Average Precision  (AP) @[ IoU=0.75      | area=   all | maxDets=1000 ] = 0.009
 Average Precision  (AP) @[ IoU=0.50:0.95 | area= small | maxDets=1000 ] = 0.000
 Average Precision  (AP) @[ IoU=0.50:0.95 | area=medium | maxDets=1000 ] = 0.074
 Average Precision  (AP) @[ IoU=0.50:0.95 | area= large | maxDets=1000 ] = 0.145
 Average Recall     (AR) @[ IoU=0.50:0.95 | area=   all | maxDets=100 ] = 0.258
 Average Recall     (AR) @[ IoU=0.50:0.95 | area=   all | maxDets=300 ] = 0.258
 Average Recall     (AR) @[ IoU=0.50:0.95 | area=   all | maxDets=1000 ] = 0.258
 Average Recall     (AR) @[ IoU=0.50:0.95 | area= small | maxDets=1000 ] = 0.000
 Average Recall     (AR) @[ IoU=0.50:0.95 | area=medium | maxDets=1000 ] = 0.188
 Average Recall     (AR) @[ IoU=0.50:0.95 | area= large | maxDets=1000 ] = 0.350

2026-05-08 21:27:00,210 - mmdet - INFO - Now best checkpoint is saved as best_bbox_mAP_epoch_5.pth.
2026-05-08 21:27:00,211 - mmdet - INFO - Best bbox_mAP is 0.1030 at 5 epoch.
2026-05-08 21:27:00,211 - mmdet - INFO - Exp name: fold_1_swin_t_3x_hbb.py
2026-05-08 21:27:00,211 - mmdet - INFO - Epoch(val) [5][371]	bbox_mAP: 0.1030, bbox_mAP_50: 0.4130, bbox_mAP_75: 0.0090, bbox_mAP_s: 0.0000, bbox_mAP_m: 0.0740, bbox_mAP_l: 0.1450, bbox_mAP_copypaste: 0.103 0.413 0.009 0.000 0.074 0.145
2026-05-08 21:27:20,960 - mmdet - INFO - Epoch [6][50/186]	lr: 9.993e-05, eta: 4:45:00, time: 0.415, data_time: 0.067, memory: 5158, loss_cls: 0.2282, loss_bbox: 0.6059, loss_centerness: 0.5630, loss: 1.3971, grad_norm: 18.9882
2026-05-08 21:27:38,943 - mmdet - INFO - Epoch [6][100/186]	lr: 9.993e-05, eta: 4:46:52, time: 0.360, data_time: 0.012, memory: 5158, loss_cls: 0.2325, loss_bbox: 0.6527, loss_centerness: 0.5960, loss: 1.4812, grad_norm: 17.1523
2026-05-08 21:27:56,979 - mmdet - INFO - Epoch [6][150/186]	lr: 9.993e-05, eta: 4:48:34, time: 0.361, data_time: 0.011, memory: 5158, loss_cls: 0.2060, loss_bbox: 0.5889, loss_centerness: 0.6003, loss: 1.3952, grad_norm: 15.6023
2026-05-08 21:28:30,920 - mmdet - INFO - Epoch [7][50/186]	lr: 9.990e-05, eta: 4:43:06, time: 0.416, data_time: 0.067, memory: 5158, loss_cls: 0.3935, loss_bbox: 0.5310, loss_centerness: 0.5778, loss: 1.5024, grad_norm: 29.5133
2026-05-08 21:28:48,984 - mmdet - INFO - Epoch [7][100/186]	lr: 9.990e-05, eta: 4:44:43, time: 0.361, data_time: 0.011, memory: 5158, loss_cls: 0.3329, loss_bbox: 0.5259, loss_centerness: 0.5585, loss: 1.4173, grad_norm: 28.3723
2026-05-08 21:29:07,075 - mmdet - INFO - Epoch [7][150/186]	lr: 9.990e-05, eta: 4:46:13, time: 0.362, data_time: 0.012, memory: 5158, loss_cls: 0.2194, loss_bbox: 0.5443, loss_centerness: 0.5886, loss: 1.3523, grad_norm: 23.2349
2026-05-08 21:29:41,126 - mmdet - INFO - Epoch [8][50/186]	lr: 9.987e-05, eta: 4:41:36, time: 0.418, data_time: 0.067, memory: 5158, loss_cls: 0.2512, loss_bbox: 0.5018, loss_centerness: 0.5775, loss: 1.3305, grad_norm: 13.5614
2026-05-08 21:29:59,109 - mmdet - INFO - Epoch [8][100/186]	lr: 9.987e-05, eta: 4:42:56, time: 0.360, data_time: 0.011, memory: 5158, loss_cls: 0.2778, loss_bbox: 0.5158, loss_centerness: 0.5934, loss: 1.3870, grad_norm: 13.6025
2026-05-08 21:30:17,289 - mmdet - INFO - Epoch [8][150/186]	lr: 9.987e-05, eta: 4:44:17, time: 0.364, data_time: 0.012, memory: 5158, loss_cls: 0.1956, loss_bbox: 0.5445, loss_centerness: 0.5904, loss: 1.3305, grad_norm: 13.1160
2026-05-08 21:30:51,299 - mmdet - INFO - Epoch [9][50/186]	lr: 9.983e-05, eta: 4:40:13, time: 0.417, data_time: 0.067, memory: 5158, loss_cls: 0.3361, loss_bbox: 0.5336, loss_centerness: 0.5705, loss: 1.4401, grad_norm: 25.8900
2026-05-08 21:31:09,361 - mmdet - INFO - Epoch [9][100/186]	lr: 9.983e-05, eta: 4:41:25, time: 0.361, data_time: 0.011, memory: 5158, loss_cls: 0.3319, loss_bbox: 0.5412, loss_centerness: 0.5485, loss: 1.4216, grad_norm: 26.7624
2026-05-08 21:31:27,449 - mmdet - INFO - Epoch [9][150/186]	lr: 9.983e-05, eta: 4:42:33, time: 0.362, data_time: 0.012, memory: 5158, loss_cls: 0.2504, loss_bbox: 0.5714, loss_centerness: 0.5982, loss: 1.4201, grad_norm: 23.8626
2026-05-08 21:32:01,425 - mmdet - INFO - Epoch [10][50/186]	lr: 9.978e-05, eta: 4:38:55, time: 0.417, data_time: 0.067, memory: 5158, loss_cls: 0.2164, loss_bbox: 0.5170, loss_centerness: 0.5611, loss: 1.2945, grad_norm: 13.3319
2026-05-08 21:32:19,457 - mmdet - INFO - Epoch [10][100/186]	lr: 9.978e-05, eta: 4:39:57, time: 0.361, data_time: 0.012, memory: 5158, loss_cls: 0.1983, loss_bbox: 0.5102, loss_centerness: 0.5915, loss: 1.2999, grad_norm: 13.1643
2026-05-08 21:32:37,559 - mmdet - INFO - Epoch [10][150/186]	lr: 9.978e-05, eta: 4:40:57, time: 0.362, data_time: 0.011, memory: 5158, loss_cls: 0.2005, loss_bbox: 0.4856, loss_centerness: 0.5674, loss: 1.2535, grad_norm: 12.4798
2026-05-08 21:32:50,697 - mmdet - INFO - Saving checkpoint at 10 epochs
2026-05-08 21:33:16,944 - mmdet - INFO - Evaluating bbox...
2026-05-08 21:33:22,645 - mmdet - INFO - 
 Average Precision  (AP) @[ IoU=0.50:0.95 | area=   all | maxDets=100 ] = 0.145
 Average Precision  (AP) @[ IoU=0.50      | area=   all | maxDets=1000 ] = 0.490
 Average Precision  (AP) @[ IoU=0.75      | area=   all | maxDets=1000 ] = 0.032
 Average Precision  (AP) @[ IoU=0.50:0.95 | area= small | maxDets=1000 ] = 0.010
 Average Precision  (AP) @[ IoU=0.50:0.95 | area=medium | maxDets=1000 ] = 0.116
 Average Precision  (AP) @[ IoU=0.50:0.95 | area= large | maxDets=1000 ] = 0.190
 Average Recall     (AR) @[ IoU=0.50:0.95 | area=   all | maxDets=100 ] = 0.288
 Average Recall     (AR) @[ IoU=0.50:0.95 | area=   all | maxDets=300 ] = 0.288
 Average Recall     (AR) @[ IoU=0.50:0.95 | area=   all | maxDets=1000 ] = 0.288
 Average Recall     (AR) @[ IoU=0.50:0.95 | area= small | maxDets=1000 ] = 0.017
 Average Recall     (AR) @[ IoU=0.50:0.95 | area=medium | maxDets=1000 ] = 0.230
 Average Recall     (AR) @[ IoU=0.50:0.95 | area= large | maxDets=1000 ] = 0.369

2026-05-08 21:33:22,814 - mmdet - INFO - The previous best checkpoint /home/ahmadreza/Downloads/Research/M2SODAI/baseline_official/runs_swin_hbb/swin_t_hbb_fold_1/best_bbox_mAP_epoch_5.pth was removed
2026-05-08 21:33:24,496 - mmdet - INFO - Now best checkpoint is saved as best_bbox_mAP_epoch_10.pth.
2026-05-08 21:33:24,496 - mmdet - INFO - Best bbox_mAP is 0.1450 at 10 epoch.
2026-05-08 21:33:24,497 - mmdet - INFO - Exp name: fold_1_swin_t_3x_hbb.py
2026-05-08 21:33:24,497 - mmdet - INFO - Epoch(val) [10][371]	bbox_mAP: 0.1450, bbox_mAP_50: 0.4900, bbox_mAP_75: 0.0320, bbox_mAP_s: 0.0100, bbox_mAP_m: 0.1160, bbox_mAP_l: 0.1900, bbox_mAP_copypaste: 0.145 0.490 0.032 0.010 0.116 0.190
2026-05-08 21:33:45,315 - mmdet - INFO - Epoch [11][50/186]	lr: 9.973e-05, eta: 4:37:40, time: 0.416, data_time: 0.067, memory: 5158, loss_cls: 0.1659, loss_bbox: 0.4902, loss_centerness: 0.6026, loss: 1.2588, grad_norm: 10.9161
2026-05-08 21:34:03,352 - mmdet - INFO - Epoch [11][100/186]	lr: 9.973e-05, eta: 4:38:35, time: 0.361, data_time: 0.012, memory: 5158, loss_cls: 0.1904, loss_bbox: 0.5273, loss_centerness: 0.5843, loss: 1.3020, grad_norm: 11.9103
2026-05-08 21:34:21,279 - mmdet - INFO - Epoch [11][150/186]	lr: 9.973e-05, eta: 4:39:24, time: 0.359, data_time: 0.012, memory: 5158, loss_cls: 0.1749, loss_bbox: 0.5065, loss_centerness: 0.5783, loss: 1.2597, grad_norm: 13.0920
2026-05-08 21:34:55,464 - mmdet - INFO - Epoch [12][50/186]	lr: 9.967e-05, eta: 4:36:27, time: 0.419, data_time: 0.067, memory: 5158, loss_cls: 0.1925, loss_bbox: 0.5100, loss_centerness: 0.5883, loss: 1.2909, grad_norm: 14.2376
2026-05-08 21:35:13,401 - mmdet - INFO - Epoch [12][100/186]	lr: 9.967e-05, eta: 4:37:14, time: 0.359, data_time: 0.012, memory: 5158, loss_cls: 0.1594, loss_bbox: 0.4672, loss_centerness: 0.5620, loss: 1.1885, grad_norm: 14.0176
2026-05-08 21:35:31,509 - mmdet - INFO - Epoch [12][150/186]	lr: 9.967e-05, eta: 4:38:02, time: 0.362, data_time: 0.012, memory: 5158, loss_cls: 0.1633, loss_bbox: 0.4753, loss_centerness: 0.5755, loss: 1.2141, grad_norm: 14.0992
2026-05-08 21:36:05,626 - mmdet - INFO - Epoch [13][50/186]	lr: 9.961e-05, eta: 4:35:19, time: 0.419, data_time: 0.068, memory: 5158, loss_cls: 0.1515, loss_bbox: 0.4793, loss_centerness: 0.5896, loss: 1.2204, grad_norm: 12.3320
2026-05-08 21:36:23,744 - mmdet - INFO - Epoch [13][100/186]	lr: 9.961e-05, eta: 4:36:06, time: 0.362, data_time: 0.011, memory: 5158, loss_cls: 0.1502, loss_bbox: 0.4362, loss_centerness: 0.5542, loss: 1.1406, grad_norm: 11.6704
2026-05-08 21:36:41,773 - mmdet - INFO - Epoch [13][150/186]	lr: 9.961e-05, eta: 4:36:47, time: 0.361, data_time: 0.012, memory: 5158, loss_cls: 0.1534, loss_bbox: 0.4673, loss_centerness: 0.5560, loss: 1.1767, grad_norm: 11.9863
2026-05-08 21:37:15,956 - mmdet - INFO - Epoch [14][50/186]	lr: 9.954e-05, eta: 4:34:16, time: 0.420, data_time: 0.068, memory: 5158, loss_cls: 0.1639, loss_bbox: 0.4740, loss_centerness: 0.5686, loss: 1.2065, grad_norm: 11.4664
2026-05-08 21:37:34,018 - mmdet - INFO - Epoch [14][100/186]	lr: 9.954e-05, eta: 4:34:56, time: 0.361, data_time: 0.012, memory: 5158, loss_cls: 0.1512, loss_bbox: 0.4794, loss_centerness: 0.5893, loss: 1.2198, grad_norm: 12.4467
2026-05-08 21:37:52,118 - mmdet - INFO - Epoch [14][150/186]	lr: 9.954e-05, eta: 4:35:35, time: 0.362, data_time: 0.011, memory: 5158, loss_cls: 0.1378, loss_bbox: 0.4274, loss_centerness: 0.5403, loss: 1.1054, grad_norm: 11.8256
2026-05-08 21:38:26,173 - mmdet - INFO - Epoch [15][50/186]	lr: 9.947e-05, eta: 4:33:11, time: 0.417, data_time: 0.067, memory: 5158, loss_cls: 0.1836, loss_bbox: 0.4457, loss_centerness: 0.5835, loss: 1.2128, grad_norm: 12.3849
2026-05-08 21:38:44,307 - mmdet - INFO - Epoch [15][100/186]	lr: 9.947e-05, eta: 4:33:49, time: 0.363, data_time: 0.012, memory: 5158, loss_cls: 0.1498, loss_bbox: 0.4249, loss_centerness: 0.5714, loss: 1.1461, grad_norm: 11.7548
2026-05-08 21:39:02,430 - mmdet - INFO - Epoch [15][150/186]	lr: 9.947e-05, eta: 4:34:24, time: 0.362, data_time: 0.012, memory: 5158, loss_cls: 0.1431, loss_bbox: 0.5054, loss_centerness: 0.5948, loss: 1.2433, grad_norm: 12.3814
2026-05-08 21:39:39,735 - mmdet - INFO - Evaluating bbox...
2026-05-08 21:39:45,759 - mmdet - INFO - 
 Average Precision  (AP) @[ IoU=0.50:0.95 | area=   all | maxDets=100 ] = 0.166
 Average Precision  (AP) @[ IoU=0.50      | area=   all | maxDets=1000 ] = 0.542
 Average Precision  (AP) @[ IoU=0.75      | area=   all | maxDets=1000 ] = 0.041
 Average Precision  (AP) @[ IoU=0.50:0.95 | area= small | maxDets=1000 ] = 0.007
 Average Precision  (AP) @[ IoU=0.50:0.95 | area=medium | maxDets=1000 ] = 0.120
 Average Precision  (AP) @[ IoU=0.50:0.95 | area= large | maxDets=1000 ] = 0.228
 Average Recall     (AR) @[ IoU=0.50:0.95 | area=   all | maxDets=100 ] = 0.315
 Average Recall     (AR) @[ IoU=0.50:0.95 | area=   all | maxDets=300 ] = 0.315
 Average Recall     (AR) @[ IoU=0.50:0.95 | area=   all | maxDets=1000 ] = 0.315
 Average Recall     (AR) @[ IoU=0.50:0.95 | area= small | maxDets=1000 ] = 0.017
 Average Recall     (AR) @[ IoU=0.50:0.95 | area=medium | maxDets=1000 ] = 0.262
 Average Recall     (AR) @[ IoU=0.50:0.95 | area= large | maxDets=1000 ] = 0.391

2026-05-08 21:39:45,928 - mmdet - INFO - The previous best checkpoint /home/ahmadreza/Downloads/Research/M2SODAI/baseline_official/runs_swin_hbb/swin_t_hbb_fold_1/best_bbox_mAP_epoch_10.pth was removed
2026-05-08 21:39:47,570 - mmdet - INFO - Now best checkpoint is saved as best_bbox_mAP_epoch_15.pth.
2026-05-08 21:39:47,570 - mmdet - INFO - Best bbox_mAP is 0.1660 at 15 epoch.
2026-05-08 21:39:47,571 - mmdet - INFO - Exp name: fold_1_swin_t_3x_hbb.py
2026-05-08 21:39:47,571 - mmdet - INFO - Epoch(val) [15][371]	bbox_mAP: 0.1660, bbox_mAP_50: 0.5420, bbox_mAP_75: 0.0410, bbox_mAP_s: 0.0070, bbox_mAP_m: 0.1200, bbox_mAP_l: 0.2280, bbox_mAP_copypaste: 0.166 0.542 0.041 0.007 0.120 0.228
2026-05-08 21:40:08,439 - mmdet - INFO - Epoch [16][50/186]	lr: 9.939e-05, eta: 4:32:09, time: 0.417, data_time: 0.067, memory: 5158, loss_cls: 0.1368, loss_bbox: 0.4453, loss_centerness: 0.5706, loss: 1.1528, grad_norm: 12.3288
2026-05-08 21:40:26,378 - mmdet - INFO - Epoch [16][100/186]	lr: 9.939e-05, eta: 4:32:39, time: 0.359, data_time: 0.011, memory: 5158, loss_cls: 0.1585, loss_bbox: 0.4421, loss_centerness: 0.5865, loss: 1.1871, grad_norm: 12.2957
2026-05-08 21:40:44,470 - mmdet - INFO - Epoch [16][150/186]	lr: 9.939e-05, eta: 4:33:11, time: 0.362, data_time: 0.012, memory: 5158, loss_cls: 0.1361, loss_bbox: 0.4734, loss_centerness: 0.5756, loss: 1.1851, grad_norm: 12.5041
2026-05-08 21:41:18,502 - mmdet - INFO - Epoch [17][50/186]	lr: 9.931e-05, eta: 4:31:03, time: 0.417, data_time: 0.067, memory: 5158, loss_cls: 0.1668, loss_bbox: 0.4686, loss_centerness: 0.5851, loss: 1.2204, grad_norm: 12.3230
2026-05-08 21:41:36,591 - mmdet - INFO - Epoch [17][100/186]	lr: 9.931e-05, eta: 4:31:34, time: 0.362, data_time: 0.012, memory: 5158, loss_cls: 0.1678, loss_bbox: 0.4218, loss_centerness: 0.5241, loss: 1.1136, grad_norm: 12.8995
2026-05-08 21:41:54,656 - mmdet - INFO - Epoch [17][150/186]	lr: 9.931e-05, eta: 4:32:02, time: 0.361, data_time: 0.012, memory: 5158, loss_cls: 0.1930, loss_bbox: 0.4185, loss_centerness: 0.5505, loss: 1.1620, grad_norm: 12.7163
2026-05-08 21:42:28,693 - mmdet - INFO - Epoch [18][50/186]	lr: 9.922e-05, eta: 4:30:02, time: 0.418, data_time: 0.067, memory: 5158, loss_cls: 0.1711, loss_bbox: 0.4159, loss_centerness: 0.5350, loss: 1.1220, grad_norm: 12.0829
2026-05-08 21:42:46,766 - mmdet - INFO - Epoch [18][100/186]	lr: 9.922e-05, eta: 4:30:29, time: 0.361, data_time: 0.012, memory: 5158, loss_cls: 0.1939, loss_bbox: 0.5302, loss_centerness: 0.5886, loss: 1.3128, grad_norm: 15.8748
2026-05-08 21:43:04,930 - mmdet - INFO - Epoch [18][150/186]	lr: 9.922e-05, eta: 4:30:57, time: 0.363, data_time: 0.012, memory: 5158, loss_cls: 0.1510, loss_bbox: 0.4805, loss_centerness: 0.5895, loss: 1.2210, grad_norm: 15.0373
2026-05-08 21:43:39,049 - mmdet - INFO - Epoch [19][50/186]	lr: 9.912e-05, eta: 4:29:02, time: 0.418, data_time: 0.067, memory: 5158, loss_cls: 0.1462, loss_bbox: 0.4309, loss_centerness: 0.5927, loss: 1.1698, grad_norm: 11.8953
2026-05-08 21:43:57,140 - mmdet - INFO - Epoch [19][100/186]	lr: 9.912e-05, eta: 4:29:27, time: 0.362, data_time: 0.012, memory: 5158, loss_cls: 0.1970, loss_bbox: 0.4249, loss_centerness: 0.5592, loss: 1.1811, grad_norm: 12.0409
2026-05-08 21:44:15,202 - mmdet - INFO - Epoch [19][150/186]	lr: 9.912e-05, eta: 4:29:51, time: 0.361, data_time: 0.012, memory: 5158, loss_cls: 0.2098, loss_bbox: 0.4306, loss_centerness: 0.5634, loss: 1.2038, grad_norm: 12.9603
2026-05-08 21:44:49,335 - mmdet - INFO - Epoch [20][50/186]	lr: 9.902e-05, eta: 4:28:02, time: 0.419, data_time: 0.067, memory: 5158, loss_cls: 0.1469, loss_bbox: 0.4133, loss_centerness: 0.5848, loss: 1.1451, grad_norm: 10.6819
2026-05-08 21:45:07,336 - mmdet - INFO - Epoch [20][100/186]	lr: 9.902e-05, eta: 4:28:24, time: 0.360, data_time: 0.012, memory: 5158, loss_cls: 0.1377, loss_bbox: 0.4246, loss_centerness: 0.5672, loss: 1.1295, grad_norm: 10.8705
2026-05-08 21:45:25,460 - mmdet - INFO - Epoch [20][150/186]	lr: 9.902e-05, eta: 4:28:46, time: 0.362, data_time: 0.012, memory: 5158, loss_cls: 0.1186, loss_bbox: 0.4079, loss_centerness: 0.5576, loss: 1.0842, grad_norm: 10.6660
2026-05-08 21:45:38,632 - mmdet - INFO - Saving checkpoint at 20 epochs
2026-05-08 21:46:04,775 - mmdet - INFO - Evaluating bbox...
2026-05-08 21:46:10,396 - mmdet - INFO - 
 Average Precision  (AP) @[ IoU=0.50:0.95 | area=   all | maxDets=100 ] = 0.158
 Average Precision  (AP) @[ IoU=0.50      | area=   all | maxDets=1000 ] = 0.536
 Average Precision  (AP) @[ IoU=0.75      | area=   all | maxDets=1000 ] = 0.037
 Average Precision  (AP) @[ IoU=0.50:0.95 | area= small | maxDets=1000 ] = 0.020
 Average Precision  (AP) @[ IoU=0.50:0.95 | area=medium | maxDets=1000 ] = 0.111
 Average Precision  (AP) @[ IoU=0.50:0.95 | area= large | maxDets=1000 ] = 0.219
 Average Recall     (AR) @[ IoU=0.50:0.95 | area=   all | maxDets=100 ] = 0.310
 Average Recall     (AR) @[ IoU=0.50:0.95 | area=   all | maxDets=300 ] = 0.310
 Average Recall     (AR) @[ IoU=0.50:0.95 | area=   all | maxDets=1000 ] = 0.310
 Average Recall     (AR) @[ IoU=0.50:0.95 | area= small | maxDets=1000 ] = 0.024
 Average Recall     (AR) @[ IoU=0.50:0.95 | area=medium | maxDets=1000 ] = 0.266
 Average Recall     (AR) @[ IoU=0.50:0.95 | area= large | maxDets=1000 ] = 0.375

2026-05-08 21:46:10,409 - mmdet - INFO - Exp name: fold_1_swin_t_3x_hbb.py
2026-05-08 21:46:10,409 - mmdet - INFO - Epoch(val) [20][371]	bbox_mAP: 0.1580, bbox_mAP_50: 0.5360, bbox_mAP_75: 0.0370, bbox_mAP_s: 0.0200, bbox_mAP_m: 0.1110, bbox_mAP_l: 0.2190, bbox_mAP_copypaste: 0.158 0.536 0.037 0.020 0.111 0.219
2026-05-08 21:46:31,261 - mmdet - INFO - Epoch [21][50/186]	lr: 9.892e-05, eta: 4:27:00, time: 0.417, data_time: 0.067, memory: 5158, loss_cls: 0.1425, loss_bbox: 0.4134, loss_centerness: 0.5593, loss: 1.1152, grad_norm: 12.6959
2026-05-08 21:46:49,274 - mmdet - INFO - Epoch [21][100/186]	lr: 9.892e-05, eta: 4:27:20, time: 0.360, data_time: 0.011, memory: 5158, loss_cls: 0.1390, loss_bbox: 0.3983, loss_centerness: 0.5616, loss: 1.0988, grad_norm: 11.3774
2026-05-08 21:47:07,221 - mmdet - INFO - Epoch [21][150/186]	lr: 9.892e-05, eta: 4:27:39, time: 0.359, data_time: 0.011, memory: 5158, loss_cls: 0.1342, loss_bbox: 0.4222, loss_centerness: 0.5828, loss: 1.1393, grad_norm: 11.3698
2026-05-08 21:47:41,252 - mmdet - INFO - Epoch [22][50/186]	lr: 9.881e-05, eta: 4:25:57, time: 0.417, data_time: 0.067, memory: 5158, loss_cls: 0.1339, loss_bbox: 0.4218, loss_centerness: 0.5627, loss: 1.1185, grad_norm: 12.3110
2026-05-08 21:47:59,281 - mmdet - INFO - Epoch [22][100/186]	lr: 9.881e-05, eta: 4:26:16, time: 0.361, data_time: 0.012, memory: 5158, loss_cls: 0.1413, loss_bbox: 0.3821, loss_centerness: 0.5317, loss: 1.0551, grad_norm: 12.7438
2026-05-08 21:48:17,421 - mmdet - INFO - Epoch [22][150/186]	lr: 9.881e-05, eta: 4:26:35, time: 0.363, data_time: 0.011, memory: 5158, loss_cls: 0.1287, loss_bbox: 0.4217, loss_centerness: 0.5660, loss: 1.1164, grad_norm: 12.4189
2026-05-08 21:48:51,555 - mmdet - INFO - Epoch [23][50/186]	lr: 9.869e-05, eta: 4:24:58, time: 0.419, data_time: 0.067, memory: 5158, loss_cls: 0.1356, loss_bbox: 0.4315, loss_centerness: 0.5854, loss: 1.1525, grad_norm: 11.1597
2026-05-08 21:49:09,614 - mmdet - INFO - Epoch [23][100/186]	lr: 9.869e-05, eta: 4:25:15, time: 0.361, data_time: 0.011, memory: 5158, loss_cls: 0.1189, loss_bbox: 0.3984, loss_centerness: 0.5448, loss: 1.0621, grad_norm: 10.4891
2026-05-08 21:49:27,638 - mmdet - INFO - Epoch [23][150/186]	lr: 9.869e-05, eta: 4:25:32, time: 0.360, data_time: 0.012, memory: 5158, loss_cls: 0.1442, loss_bbox: 0.3964, loss_centerness: 0.5585, loss: 1.0991, grad_norm: 10.2296
2026-05-08 21:50:01,863 - mmdet - INFO - Epoch [24][50/186]	lr: 9.857e-05, eta: 4:23:58, time: 0.420, data_time: 0.068, memory: 5158, loss_cls: 0.1192, loss_bbox: 0.3924, loss_centerness: 0.5418, loss: 1.0534, grad_norm: 13.2457
2026-05-08 21:50:19,941 - mmdet - INFO - Epoch [24][100/186]	lr: 9.857e-05, eta: 4:24:15, time: 0.362, data_time: 0.012, memory: 5158, loss_cls: 0.1267, loss_bbox: 0.3996, loss_centerness: 0.5884, loss: 1.1147, grad_norm: 13.0849
2026-05-08 21:50:38,128 - mmdet - INFO - Epoch [24][150/186]	lr: 9.857e-05, eta: 4:24:31, time: 0.364, data_time: 0.012, memory: 5158, loss_cls: 0.1157, loss_bbox: 0.4229, loss_centerness: 0.5687, loss: 1.1073, grad_norm: 12.9546
2026-05-08 21:51:12,290 - mmdet - INFO - Epoch [25][50/186]	lr: 9.844e-05, eta: 4:23:01, time: 0.419, data_time: 0.067, memory: 5158, loss_cls: 0.1275, loss_bbox: 0.4121, loss_centerness: 0.5920, loss: 1.1316, grad_norm: 12.3867
2026-05-08 21:51:30,380 - mmdet - INFO - Epoch [25][100/186]	lr: 9.844e-05, eta: 4:23:16, time: 0.362, data_time: 0.012, memory: 5158, loss_cls: 0.1261, loss_bbox: 0.4029, loss_centerness: 0.5634, loss: 1.0924, grad_norm: 12.0342
2026-05-08 21:51:48,435 - mmdet - INFO - Epoch [25][150/186]	lr: 9.844e-05, eta: 4:23:30, time: 0.361, data_time: 0.012, memory: 5158, loss_cls: 0.1108, loss_bbox: 0.3796, loss_centerness: 0.5429, loss: 1.0332, grad_norm: 11.4854
2026-05-08 21:52:25,873 - mmdet - INFO - Evaluating bbox...
2026-05-08 21:52:31,042 - mmdet - INFO - 
 Average Precision  (AP) @[ IoU=0.50:0.95 | area=   all | maxDets=100 ] = 0.193
 Average Precision  (AP) @[ IoU=0.50      | area=   all | maxDets=1000 ] = 0.576
 Average Precision  (AP) @[ IoU=0.75      | area=   all | maxDets=1000 ] = 0.062
 Average Precision  (AP) @[ IoU=0.50:0.95 | area= small | maxDets=1000 ] = 0.003
 Average Precision  (AP) @[ IoU=0.50:0.95 | area=medium | maxDets=1000 ] = 0.136
 Average Precision  (AP) @[ IoU=0.50:0.95 | area= large | maxDets=1000 ] = 0.266
 Average Recall     (AR) @[ IoU=0.50:0.95 | area=   all | maxDets=100 ] = 0.325
 Average Recall     (AR) @[ IoU=0.50:0.95 | area=   all | maxDets=300 ] = 0.325
 Average Recall     (AR) @[ IoU=0.50:0.95 | area=   all | maxDets=1000 ] = 0.325
 Average Recall     (AR) @[ IoU=0.50:0.95 | area= small | maxDets=1000 ] = 0.010
 Average Recall     (AR) @[ IoU=0.50:0.95 | area=medium | maxDets=1000 ] = 0.256
 Average Recall     (AR) @[ IoU=0.50:0.95 | area= large | maxDets=1000 ] = 0.419

2026-05-08 21:52:31,207 - mmdet - INFO - The previous best checkpoint /home/ahmadreza/Downloads/Research/M2SODAI/baseline_official/runs_swin_hbb/swin_t_hbb_fold_1/best_bbox_mAP_epoch_15.pth was removed
2026-05-08 21:52:32,857 - mmdet - INFO - Now best checkpoint is saved as best_bbox_mAP_epoch_25.pth.
2026-05-08 21:52:32,858 - mmdet - INFO - Best bbox_mAP is 0.1930 at 25 epoch.
2026-05-08 21:52:32,858 - mmdet - INFO - Exp name: fold_1_swin_t_3x_hbb.py
2026-05-08 21:52:32,858 - mmdet - INFO - Epoch(val) [25][371]	bbox_mAP: 0.1930, bbox_mAP_50: 0.5760, bbox_mAP_75: 0.0620, bbox_mAP_s: 0.0030, bbox_mAP_m: 0.1360, bbox_mAP_l: 0.2660, bbox_mAP_copypaste: 0.193 0.576 0.062 0.003 0.136 0.266
2026-05-08 21:52:53,745 - mmdet - INFO - Epoch [26][50/186]	lr: 9.831e-05, eta: 4:22:01, time: 0.417, data_time: 0.067, memory: 5158, loss_cls: 0.1100, loss_bbox: 0.3731, loss_centerness: 0.5875, loss: 1.0707, grad_norm: 11.8530
2026-05-08 21:53:11,739 - mmdet - INFO - Epoch [26][100/186]	lr: 9.831e-05, eta: 4:22:14, time: 0.360, data_time: 0.012, memory: 5158, loss_cls: 0.1189, loss_bbox: 0.3852, loss_centerness: 0.5645, loss: 1.0686, grad_norm: 10.7973
2026-05-08 21:53:29,804 - mmdet - INFO - Epoch [26][150/186]	lr: 9.831e-05, eta: 4:22:27, time: 0.361, data_time: 0.012, memory: 5158, loss_cls: 0.1268, loss_bbox: 0.4159, loss_centerness: 0.5901, loss: 1.1328, grad_norm: 10.9804
2026-05-08 21:54:03,807 - mmdet - INFO - Epoch [27][50/186]	lr: 9.818e-05, eta: 4:21:01, time: 0.417, data_time: 0.067, memory: 5158, loss_cls: 0.1096, loss_bbox: 0.3618, loss_centerness: 0.5485, loss: 1.0200, grad_norm: 12.7802
2026-05-08 21:54:21,863 - mmdet - INFO - Epoch [27][100/186]	lr: 9.818e-05, eta: 4:21:13, time: 0.361, data_time: 0.011, memory: 5158, loss_cls: 0.1081, loss_bbox: 0.3911, loss_centerness: 0.5548, loss: 1.0540, grad_norm: 12.7035
2026-05-08 21:54:39,854 - mmdet - INFO - Epoch [27][150/186]	lr: 9.818e-05, eta: 4:21:24, time: 0.360, data_time: 0.011, memory: 5158, loss_cls: 0.1086, loss_bbox: 0.3608, loss_centerness: 0.5248, loss: 0.9942, grad_norm: 12.9637
2026-05-08 21:55:14,027 - mmdet - INFO - Epoch [28][50/186]	lr: 9.803e-05, eta: 4:20:02, time: 0.419, data_time: 0.067, memory: 5158, loss_cls: 0.1277, loss_bbox: 0.4292, loss_centerness: 0.5704, loss: 1.1273, grad_norm: 11.1877
2026-05-08 21:55:32,022 - mmdet - INFO - Epoch [28][100/186]	lr: 9.803e-05, eta: 4:20:12, time: 0.360, data_time: 0.011, memory: 5158, loss_cls: 0.1019, loss_bbox: 0.3703, loss_centerness: 0.5302, loss: 1.0024, grad_norm: 11.8342
2026-05-08 21:55:50,192 - mmdet - INFO - Epoch [28][150/186]	lr: 9.803e-05, eta: 4:20:24, time: 0.363, data_time: 0.012, memory: 5158, loss_cls: 0.0967, loss_bbox: 0.3660, loss_centerness: 0.5509, loss: 1.0136, grad_norm: 11.4495
2026-05-08 21:56:24,186 - mmdet - INFO - Epoch [29][50/186]	lr: 9.789e-05, eta: 4:19:02, time: 0.416, data_time: 0.067, memory: 5158, loss_cls: 0.1013, loss_bbox: 0.3995, loss_centerness: 0.5711, loss: 1.0719, grad_norm: 12.5993
2026-05-08 21:56:42,195 - mmdet - INFO - Epoch [29][100/186]	lr: 9.789e-05, eta: 4:19:12, time: 0.360, data_time: 0.011, memory: 5158, loss_cls: 0.1103, loss_bbox: 0.3439, loss_centerness: 0.5153, loss: 0.9695, grad_norm: 12.2714
2026-05-08 21:57:00,148 - mmdet - INFO - Epoch [29][150/186]	lr: 9.789e-05, eta: 4:19:21, time: 0.359, data_time: 0.011, memory: 5158, loss_cls: 0.0986, loss_bbox: 0.3233, loss_centerness: 0.5108, loss: 0.9327, grad_norm: 12.8939
2026-05-08 21:57:34,290 - mmdet - INFO - Epoch [30][50/186]	lr: 9.773e-05, eta: 4:18:02, time: 0.418, data_time: 0.067, memory: 5158, loss_cls: 0.1037, loss_bbox: 0.3948, loss_centerness: 0.5803, loss: 1.0788, grad_norm: 11.6870
2026-05-08 21:57:52,269 - mmdet - INFO - Epoch [30][100/186]	lr: 9.773e-05, eta: 4:18:11, time: 0.360, data_time: 0.011, memory: 5158, loss_cls: 0.1164, loss_bbox: 0.3952, loss_centerness: 0.5660, loss: 1.0776, grad_norm: 12.6934
2026-05-08 21:58:10,419 - mmdet - INFO - Epoch [30][150/186]	lr: 9.773e-05, eta: 4:18:20, time: 0.363, data_time: 0.012, memory: 5158, loss_cls: 0.1116, loss_bbox: 0.3745, loss_centerness: 0.5732, loss: 1.0593, grad_norm: 13.1165
2026-05-08 21:58:23,533 - mmdet - INFO - Saving checkpoint at 30 epochs
2026-05-08 21:58:49,494 - mmdet - INFO - Evaluating bbox...
2026-05-08 21:58:54,302 - mmdet - INFO - 
 Average Precision  (AP) @[ IoU=0.50:0.95 | area=   all | maxDets=100 ] = 0.190
 Average Precision  (AP) @[ IoU=0.50      | area=   all | maxDets=1000 ] = 0.568
 Average Precision  (AP) @[ IoU=0.75      | area=   all | maxDets=1000 ] = 0.072
 Average Precision  (AP) @[ IoU=0.50:0.95 | area= small | maxDets=1000 ] = 0.034
 Average Precision  (AP) @[ IoU=0.50:0.95 | area=medium | maxDets=1000 ] = 0.129
 Average Precision  (AP) @[ IoU=0.50:0.95 | area= large | maxDets=1000 ] = 0.265
 Average Recall     (AR) @[ IoU=0.50:0.95 | area=   all | maxDets=100 ] = 0.327
 Average Recall     (AR) @[ IoU=0.50:0.95 | area=   all | maxDets=300 ] = 0.327
 Average Recall     (AR) @[ IoU=0.50:0.95 | area=   all | maxDets=1000 ] = 0.327
 Average Recall     (AR) @[ IoU=0.50:0.95 | area= small | maxDets=1000 ] = 0.038
 Average Recall     (AR) @[ IoU=0.50:0.95 | area=medium | maxDets=1000 ] = 0.259
 Average Recall     (AR) @[ IoU=0.50:0.95 | area= large | maxDets=1000 ] = 0.418

2026-05-08 21:58:54,311 - mmdet - INFO - Exp name: fold_1_swin_t_3x_hbb.py
2026-05-08 21:58:54,311 - mmdet - INFO - Epoch(val) [30][371]	bbox_mAP: 0.1900, bbox_mAP_50: 0.5680, bbox_mAP_75: 0.0720, bbox_mAP_s: 0.0340, bbox_mAP_m: 0.1290, bbox_mAP_l: 0.2650, bbox_mAP_copypaste: 0.190 0.568 0.072 0.034 0.129 0.265
2026-05-08 21:59:15,181 - mmdet - INFO - Epoch [31][50/186]	lr: 9.758e-05, eta: 4:17:03, time: 0.417, data_time: 0.067, memory: 5158, loss_cls: 0.1104, loss_bbox: 0.3537, loss_centerness: 0.5564, loss: 1.0206, grad_norm: 12.7108
2026-05-08 21:59:33,253 - mmdet - INFO - Epoch [31][100/186]	lr: 9.758e-05, eta: 4:17:12, time: 0.361, data_time: 0.012, memory: 5158, loss_cls: 0.1046, loss_bbox: 0.3757, loss_centerness: 0.5420, loss: 1.0223, grad_norm: 12.3174
2026-05-08 21:59:51,276 - mmdet - INFO - Epoch [31][150/186]	lr: 9.758e-05, eta: 4:17:19, time: 0.360, data_time: 0.012, memory: 5158, loss_cls: 0.1187, loss_bbox: 0.3688, loss_centerness: 0.5347, loss: 1.0222, grad_norm: 11.3868
2026-05-08 22:00:25,318 - mmdet - INFO - Epoch [32][50/186]	lr: 9.741e-05, eta: 4:16:04, time: 0.417, data_time: 0.067, memory: 5158, loss_cls: 0.1016, loss_bbox: 0.3604, loss_centerness: 0.5379, loss: 0.9999, grad_norm: 12.3290
2026-05-08 22:00:43,323 - mmdet - INFO - Epoch [32][100/186]	lr: 9.741e-05, eta: 4:16:11, time: 0.360, data_time: 0.011, memory: 5158, loss_cls: 0.1166, loss_bbox: 0.3585, loss_centerness: 0.5631, loss: 1.0382, grad_norm: 12.6828
2026-05-08 22:01:01,401 - mmdet - INFO - Epoch [32][150/186]	lr: 9.741e-05, eta: 4:16:18, time: 0.362, data_time: 0.012, memory: 5158, loss_cls: 0.1086, loss_bbox: 0.3604, loss_centerness: 0.5507, loss: 1.0197, grad_norm: 11.8078
2026-05-08 22:01:35,476 - mmdet - INFO - Epoch [33][50/186]	lr: 9.725e-05, eta: 4:15:05, time: 0.417, data_time: 0.067, memory: 5158, loss_cls: 0.1024, loss_bbox: 0.3548, loss_centerness: 0.5685, loss: 1.0257, grad_norm: 11.0386
2026-05-08 22:01:53,578 - mmdet - INFO - Epoch [33][100/186]	lr: 9.725e-05, eta: 4:15:12, time: 0.362, data_time: 0.011, memory: 5158, loss_cls: 0.1467, loss_bbox: 0.3556, loss_centerness: 0.5598, loss: 1.0620, grad_norm: 12.1152
2026-05-08 22:02:11,570 - mmdet - INFO - Epoch [33][150/186]	lr: 9.725e-05, eta: 4:15:18, time: 0.360, data_time: 0.011, memory: 5158, loss_cls: 0.1406, loss_bbox: 0.3731, loss_centerness: 0.5615, loss: 1.0752, grad_norm: 12.1070
2026-05-08 22:02:45,676 - mmdet - INFO - Epoch [34][50/186]	lr: 9.707e-05, eta: 4:14:07, time: 0.419, data_time: 0.067, memory: 5158, loss_cls: 0.1112, loss_bbox: 0.3638, loss_centerness: 0.5655, loss: 1.0405, grad_norm: 9.7117
2026-05-08 22:03:03,731 - mmdet - INFO - Epoch [34][100/186]	lr: 9.707e-05, eta: 4:14:13, time: 0.361, data_time: 0.012, memory: 5158, loss_cls: 0.0984, loss_bbox: 0.3742, loss_centerness: 0.5862, loss: 1.0588, grad_norm: 9.8860
2026-05-08 22:03:21,836 - mmdet - INFO - Epoch [34][150/186]	lr: 9.707e-05, eta: 4:14:19, time: 0.362, data_time: 0.011, memory: 5158, loss_cls: 0.1044, loss_bbox: 0.3362, loss_centerness: 0.5690, loss: 1.0096, grad_norm: 9.9793
2026-05-08 22:03:55,879 - mmdet - INFO - Epoch [35][50/186]	lr: 9.690e-05, eta: 4:13:08, time: 0.417, data_time: 0.067, memory: 5158, loss_cls: 0.0932, loss_bbox: 0.3258, loss_centerness: 0.5382, loss: 0.9572, grad_norm: 9.9875
2026-05-08 22:04:14,041 - mmdet - INFO - Epoch [35][100/186]	lr: 9.690e-05, eta: 4:13:15, time: 0.363, data_time: 0.012, memory: 5158, loss_cls: 0.1011, loss_bbox: 0.3402, loss_centerness: 0.5699, loss: 1.0112, grad_norm: 10.0535
2026-05-08 22:04:32,113 - mmdet - INFO - Epoch [35][150/186]	lr: 9.690e-05, eta: 4:13:20, time: 0.361, data_time: 0.012, memory: 5158, loss_cls: 0.0940, loss_bbox: 0.3600, loss_centerness: 0.5721, loss: 1.0262, grad_norm: 10.7515
2026-05-08 22:05:09,670 - mmdet - INFO - Evaluating bbox...
2026-05-08 22:05:14,958 - mmdet - INFO - 
 Average Precision  (AP) @[ IoU=0.50:0.95 | area=   all | maxDets=100 ] = 0.207
 Average Precision  (AP) @[ IoU=0.50      | area=   all | maxDets=1000 ] = 0.595
 Average Precision  (AP) @[ IoU=0.75      | area=   all | maxDets=1000 ] = 0.076
 Average Precision  (AP) @[ IoU=0.50:0.95 | area= small | maxDets=1000 ] = 0.004
 Average Precision  (AP) @[ IoU=0.50:0.95 | area=medium | maxDets=1000 ] = 0.141
 Average Precision  (AP) @[ IoU=0.50:0.95 | area= large | maxDets=1000 ] = 0.290
 Average Recall     (AR) @[ IoU=0.50:0.95 | area=   all | maxDets=100 ] = 0.341
 Average Recall     (AR) @[ IoU=0.50:0.95 | area=   all | maxDets=300 ] = 0.341
 Average Recall     (AR) @[ IoU=0.50:0.95 | area=   all | maxDets=1000 ] = 0.341
 Average Recall     (AR) @[ IoU=0.50:0.95 | area= small | maxDets=1000 ] = 0.031
 Average Recall     (AR) @[ IoU=0.50:0.95 | area=medium | maxDets=1000 ] = 0.267
 Average Recall     (AR) @[ IoU=0.50:0.95 | area= large | maxDets=1000 ] = 0.442

2026-05-08 22:05:15,124 - mmdet - INFO - The previous best checkpoint /home/ahmadreza/Downloads/Research/M2SODAI/baseline_official/runs_swin_hbb/swin_t_hbb_fold_1/best_bbox_mAP_epoch_25.pth was removed
2026-05-08 22:05:16,784 - mmdet - INFO - Now best checkpoint is saved as best_bbox_mAP_epoch_35.pth.
2026-05-08 22:05:16,785 - mmdet - INFO - Best bbox_mAP is 0.2070 at 35 epoch.
2026-05-08 22:05:16,785 - mmdet - INFO - Exp name: fold_1_swin_t_3x_hbb.py
2026-05-08 22:05:16,785 - mmdet - INFO - Epoch(val) [35][371]	bbox_mAP: 0.2070, bbox_mAP_50: 0.5950, bbox_mAP_75: 0.0760, bbox_mAP_s: 0.0040, bbox_mAP_m: 0.1410, bbox_mAP_l: 0.2900, bbox_mAP_copypaste: 0.207 0.595 0.076 0.004 0.141 0.290
2026-05-08 22:05:37,742 - mmdet - INFO - Epoch [36][50/186]	lr: 9.671e-05, eta: 4:12:11, time: 0.419, data_time: 0.067, memory: 5158, loss_cls: 0.1046, loss_bbox: 0.3523, loss_centerness: 0.5480, loss: 1.0049, grad_norm: 9.8906
2026-05-08 22:05:55,797 - mmdet - INFO - Epoch [36][100/186]	lr: 9.671e-05, eta: 4:12:16, time: 0.361, data_time: 0.012, memory: 5158, loss_cls: 0.0905, loss_bbox: 0.3308, loss_centerness: 0.5572, loss: 0.9786, grad_norm: 9.9398
2026-05-08 22:06:13,890 - mmdet - INFO - Epoch [36][150/186]	lr: 9.671e-05, eta: 4:12:21, time: 0.362, data_time: 0.011, memory: 5158, loss_cls: 0.0925, loss_bbox: 0.3110, loss_centerness: 0.5328, loss: 0.9363, grad_norm: 10.3311
2026-05-08 22:06:47,948 - mmdet - INFO - Epoch [37][50/186]	lr: 9.652e-05, eta: 4:11:14, time: 0.418, data_time: 0.067, memory: 5158, loss_cls: 0.0777, loss_bbox: 0.3114, loss_centerness: 0.5541, loss: 0.9433, grad_norm: 11.6263
2026-05-08 22:07:06,054 - mmdet - INFO - Epoch [37][100/186]	lr: 9.652e-05, eta: 4:11:18, time: 0.362, data_time: 0.012, memory: 5158, loss_cls: 0.0941, loss_bbox: 0.3183, loss_centerness: 0.5341, loss: 0.9465, grad_norm: 11.3575
2026-05-08 22:07:24,067 - mmdet - INFO - Epoch [37][150/186]	lr: 9.652e-05, eta: 4:11:21, time: 0.360, data_time: 0.011, memory: 5158, loss_cls: 0.1020, loss_bbox: 0.3487, loss_centerness: 0.5477, loss: 0.9984, grad_norm: 11.2145
2026-05-08 22:07:58,241 - mmdet - INFO - Epoch [38][50/186]	lr: 9.633e-05, eta: 4:10:16, time: 0.420, data_time: 0.067, memory: 5158, loss_cls: 0.1099, loss_bbox: 0.3517, loss_centerness: 0.5598, loss: 1.0214, grad_norm: 10.4063
2026-05-08 22:08:16,266 - mmdet - INFO - Epoch [38][100/186]	lr: 9.633e-05, eta: 4:10:19, time: 0.360, data_time: 0.012, memory: 5158, loss_cls: 0.0949, loss_bbox: 0.3319, loss_centerness: 0.5467, loss: 0.9734, grad_norm: 9.4209
2026-05-08 22:08:34,374 - mmdet - INFO - Epoch [38][150/186]	lr: 9.633e-05, eta: 4:10:23, time: 0.362, data_time: 0.012, memory: 5158, loss_cls: 0.0940, loss_bbox: 0.3265, loss_centerness: 0.5358, loss: 0.9563, grad_norm: 9.5350
2026-05-08 22:09:08,405 - mmdet - INFO - Epoch [39][50/186]	lr: 9.613e-05, eta: 4:09:18, time: 0.417, data_time: 0.067, memory: 5158, loss_cls: 0.0993, loss_bbox: 0.3319, loss_centerness: 0.5597, loss: 0.9908, grad_norm: 10.5227
2026-05-08 22:09:26,483 - mmdet - INFO - Epoch [39][100/186]	lr: 9.613e-05, eta: 4:09:21, time: 0.362, data_time: 0.012, memory: 5158, loss_cls: 0.0876, loss_bbox: 0.2908, loss_centerness: 0.5169, loss: 0.8954, grad_norm: 9.8435
2026-05-08 22:09:44,568 - mmdet - INFO - Epoch [39][150/186]	lr: 9.613e-05, eta: 4:09:24, time: 0.362, data_time: 0.012, memory: 5158, loss_cls: 0.0996, loss_bbox: 0.3660, loss_centerness: 0.5779, loss: 1.0435, grad_norm: 9.8354
2026-05-08 22:10:18,770 - mmdet - INFO - Epoch [40][50/186]	lr: 9.593e-05, eta: 4:08:21, time: 0.420, data_time: 0.067, memory: 5158, loss_cls: 0.0890, loss_bbox: 0.3598, loss_centerness: 0.5783, loss: 1.0271, grad_norm: 11.3403
2026-05-08 22:10:36,784 - mmdet - INFO - Epoch [40][100/186]	lr: 9.593e-05, eta: 4:08:23, time: 0.360, data_time: 0.011, memory: 5158, loss_cls: 0.0809, loss_bbox: 0.3196, loss_centerness: 0.5566, loss: 0.9570, grad_norm: 10.7941
2026-05-08 22:10:54,942 - mmdet - INFO - Epoch [40][150/186]	lr: 9.593e-05, eta: 4:08:25, time: 0.363, data_time: 0.012, memory: 5158, loss_cls: 0.0962, loss_bbox: 0.3618, loss_centerness: 0.5823, loss: 1.0403, grad_norm: 10.5800
2026-05-08 22:11:08,082 - mmdet - INFO - Saving checkpoint at 40 epochs
2026-05-08 22:11:34,170 - mmdet - INFO - Evaluating bbox...
2026-05-08 22:11:39,654 - mmdet - INFO - 
 Average Precision  (AP) @[ IoU=0.50:0.95 | area=   all | maxDets=100 ] = 0.211
 Average Precision  (AP) @[ IoU=0.50      | area=   all | maxDets=1000 ] = 0.626
 Average Precision  (AP) @[ IoU=0.75      | area=   all | maxDets=1000 ] = 0.075
 Average Precision  (AP) @[ IoU=0.50:0.95 | area= small | maxDets=1000 ] = 0.013
 Average Precision  (AP) @[ IoU=0.50:0.95 | area=medium | maxDets=1000 ] = 0.150
 Average Precision  (AP) @[ IoU=0.50:0.95 | area= large | maxDets=1000 ] = 0.284
 Average Recall     (AR) @[ IoU=0.50:0.95 | area=   all | maxDets=100 ] = 0.342
 Average Recall     (AR) @[ IoU=0.50:0.95 | area=   all | maxDets=300 ] = 0.342
 Average Recall     (AR) @[ IoU=0.50:0.95 | area=   all | maxDets=1000 ] = 0.342
 Average Recall     (AR) @[ IoU=0.50:0.95 | area= small | maxDets=1000 ] = 0.034
 Average Recall     (AR) @[ IoU=0.50:0.95 | area=medium | maxDets=1000 ] = 0.281
 Average Recall     (AR) @[ IoU=0.50:0.95 | area= large | maxDets=1000 ] = 0.427

2026-05-08 22:11:39,818 - mmdet - INFO - The previous best checkpoint /home/ahmadreza/Downloads/Research/M2SODAI/baseline_official/runs_swin_hbb/swin_t_hbb_fold_1/best_bbox_mAP_epoch_35.pth was removed
2026-05-08 22:11:41,461 - mmdet - INFO - Now best checkpoint is saved as best_bbox_mAP_epoch_40.pth.
2026-05-08 22:11:41,462 - mmdet - INFO - Best bbox_mAP is 0.2110 at 40 epoch.
2026-05-08 22:11:41,462 - mmdet - INFO - Exp name: fold_1_swin_t_3x_hbb.py
2026-05-08 22:11:41,463 - mmdet - INFO - Epoch(val) [40][371]	bbox_mAP: 0.2110, bbox_mAP_50: 0.6260, bbox_mAP_75: 0.0750, bbox_mAP_s: 0.0130, bbox_mAP_m: 0.1500, bbox_mAP_l: 0.2840, bbox_mAP_copypaste: 0.211 0.626 0.075 0.013 0.150 0.284
2026-05-08 22:12:02,344 - mmdet - INFO - Epoch [41][50/186]	lr: 9.572e-05, eta: 4:07:23, time: 0.417, data_time: 0.068, memory: 5158, loss_cls: 0.0794, loss_bbox: 0.3049, loss_centerness: 0.5535, loss: 0.9378, grad_norm: 12.6460
2026-05-08 22:12:20,398 - mmdet - INFO - Epoch [41][100/186]	lr: 9.572e-05, eta: 4:07:25, time: 0.361, data_time: 0.012, memory: 5158, loss_cls: 0.1096, loss_bbox: 0.3244, loss_centerness: 0.5596, loss: 0.9936, grad_norm: 11.5208
2026-05-08 22:12:38,424 - mmdet - INFO - Epoch [41][150/186]	lr: 9.572e-05, eta: 4:07:26, time: 0.360, data_time: 0.012, memory: 5158, loss_cls: 0.1057, loss_bbox: 0.3334, loss_centerness: 0.5610, loss: 1.0002, grad_norm: 11.0935
2026-05-08 22:13:12,577 - mmdet - INFO - Epoch [42][50/186]	lr: 9.551e-05, eta: 4:06:25, time: 0.419, data_time: 0.067, memory: 5158, loss_cls: 0.0867, loss_bbox: 0.3047, loss_centerness: 0.5636, loss: 0.9550, grad_norm: 10.9716
2026-05-08 22:13:30,578 - mmdet - INFO - Epoch [42][100/186]	lr: 9.551e-05, eta: 4:06:26, time: 0.360, data_time: 0.012, memory: 5158, loss_cls: 0.1084, loss_bbox: 0.3462, loss_centerness: 0.5523, loss: 1.0070, grad_norm: 12.4572
2026-05-08 22:13:48,733 - mmdet - INFO - Epoch [42][150/186]	lr: 9.551e-05, eta: 4:06:28, time: 0.363, data_time: 0.012, memory: 5158, loss_cls: 0.1125, loss_bbox: 0.3338, loss_centerness: 0.5619, loss: 1.0082, grad_norm: 12.0810
2026-05-08 22:14:22,774 - mmdet - INFO - Epoch [43][50/186]	lr: 9.529e-05, eta: 4:05:27, time: 0.417, data_time: 0.067, memory: 5158, loss_cls: 0.0947, loss_bbox: 0.2997, loss_centerness: 0.5505, loss: 0.9449, grad_norm: 11.9842
2026-05-08 22:14:40,928 - mmdet - INFO - Epoch [43][100/186]	lr: 9.529e-05, eta: 4:05:28, time: 0.363, data_time: 0.012, memory: 5158, loss_cls: 0.1010, loss_bbox: 0.3184, loss_centerness: 0.5685, loss: 0.9879, grad_norm: 12.8924
2026-05-08 22:14:58,913 - mmdet - INFO - Epoch [43][150/186]	lr: 9.529e-05, eta: 4:05:29, time: 0.360, data_time: 0.011, memory: 5158, loss_cls: 0.1028, loss_bbox: 0.3382, loss_centerness: 0.5368, loss: 0.9778, grad_norm: 12.7766
2026-05-08 22:15:33,012 - mmdet - INFO - Epoch [44][50/186]	lr: 9.507e-05, eta: 4:04:29, time: 0.419, data_time: 0.067, memory: 5158, loss_cls: 0.0998, loss_bbox: 0.3339, loss_centerness: 0.5494, loss: 0.9831, grad_norm: 10.9426
2026-05-08 22:15:51,015 - mmdet - INFO - Epoch [44][100/186]	lr: 9.507e-05, eta: 4:04:30, time: 0.360, data_time: 0.011, memory: 5158, loss_cls: 0.0749, loss_bbox: 0.2952, loss_centerness: 0.5310, loss: 0.9012, grad_norm: 11.8996
2026-05-08 22:16:09,176 - mmdet - INFO - Epoch [44][150/186]	lr: 9.507e-05, eta: 4:04:31, time: 0.363, data_time: 0.012, memory: 5158, loss_cls: 0.0848, loss_bbox: 0.3193, loss_centerness: 0.5527, loss: 0.9568, grad_norm: 12.4982
2026-05-08 22:16:43,251 - mmdet - INFO - Epoch [45][50/186]	lr: 9.484e-05, eta: 4:03:32, time: 0.418, data_time: 0.067, memory: 5158, loss_cls: 0.0792, loss_bbox: 0.3094, loss_centerness: 0.5335, loss: 0.9220, grad_norm: 11.5344
2026-05-08 22:17:01,330 - mmdet - INFO - Epoch [45][100/186]	lr: 9.484e-05, eta: 4:03:32, time: 0.362, data_time: 0.011, memory: 5158, loss_cls: 0.0955, loss_bbox: 0.3389, loss_centerness: 0.5717, loss: 1.0060, grad_norm: 11.6120
2026-05-08 22:17:19,369 - mmdet - INFO - Epoch [45][150/186]	lr: 9.484e-05, eta: 4:03:32, time: 0.361, data_time: 0.011, memory: 5158, loss_cls: 0.0828, loss_bbox: 0.3087, loss_centerness: 0.5517, loss: 0.9432, grad_norm: 11.3150
2026-05-08 22:17:56,793 - mmdet - INFO - Evaluating bbox...
2026-05-08 22:18:02,031 - mmdet - INFO - 
 Average Precision  (AP) @[ IoU=0.50:0.95 | area=   all | maxDets=100 ] = 0.213
 Average Precision  (AP) @[ IoU=0.50      | area=   all | maxDets=1000 ] = 0.612
 Average Precision  (AP) @[ IoU=0.75      | area=   all | maxDets=1000 ] = 0.080
 Average Precision  (AP) @[ IoU=0.50:0.95 | area= small | maxDets=1000 ] = 0.045
 Average Precision  (AP) @[ IoU=0.50:0.95 | area=medium | maxDets=1000 ] = 0.146
 Average Precision  (AP) @[ IoU=0.50:0.95 | area= large | maxDets=1000 ] = 0.296
 Average Recall     (AR) @[ IoU=0.50:0.95 | area=   all | maxDets=100 ] = 0.346
 Average Recall     (AR) @[ IoU=0.50:0.95 | area=   all | maxDets=300 ] = 0.346
 Average Recall     (AR) @[ IoU=0.50:0.95 | area=   all | maxDets=1000 ] = 0.346
 Average Recall     (AR) @[ IoU=0.50:0.95 | area= small | maxDets=1000 ] = 0.041
 Average Recall     (AR) @[ IoU=0.50:0.95 | area=medium | maxDets=1000 ] = 0.286
 Average Recall     (AR) @[ IoU=0.50:0.95 | area= large | maxDets=1000 ] = 0.431

2026-05-08 22:18:02,194 - mmdet - INFO - The previous best checkpoint /home/ahmadreza/Downloads/Research/M2SODAI/baseline_official/runs_swin_hbb/swin_t_hbb_fold_1/best_bbox_mAP_epoch_40.pth was removed
2026-05-08 22:18:03,848 - mmdet - INFO - Now best checkpoint is saved as best_bbox_mAP_epoch_45.pth.
2026-05-08 22:18:03,849 - mmdet - INFO - Best bbox_mAP is 0.2130 at 45 epoch.
2026-05-08 22:18:03,849 - mmdet - INFO - Exp name: fold_1_swin_t_3x_hbb.py
2026-05-08 22:18:03,850 - mmdet - INFO - Epoch(val) [45][371]	bbox_mAP: 0.2130, bbox_mAP_50: 0.6120, bbox_mAP_75: 0.0800, bbox_mAP_s: 0.0450, bbox_mAP_m: 0.1460, bbox_mAP_l: 0.2960, bbox_mAP_copypaste: 0.213 0.612 0.080 0.045 0.146 0.296
2026-05-08 22:18:24,775 - mmdet - INFO - Epoch [46][50/186]	lr: 9.460e-05, eta: 4:02:34, time: 0.418, data_time: 0.068, memory: 5158, loss_cls: 0.0849, loss_bbox: 0.3345, loss_centerness: 0.5554, loss: 0.9747, grad_norm: 10.8641
2026-05-08 22:18:42,760 - mmdet - INFO - Epoch [46][100/186]	lr: 9.460e-05, eta: 4:02:33, time: 0.360, data_time: 0.011, memory: 5158, loss_cls: 0.0917, loss_bbox: 0.3262, loss_centerness: 0.5414, loss: 0.9593, grad_norm: 11.4838
2026-05-08 22:19:00,846 - mmdet - INFO - Epoch [46][150/186]	lr: 9.460e-05, eta: 4:02:33, time: 0.362, data_time: 0.012, memory: 5158, loss_cls: 0.0788, loss_bbox: 0.2935, loss_centerness: 0.5463, loss: 0.9186, grad_norm: 11.4413
2026-05-08 22:19:34,889 - mmdet - INFO - Epoch [47][50/186]	lr: 9.437e-05, eta: 4:01:36, time: 0.418, data_time: 0.067, memory: 5158, loss_cls: 0.0817, loss_bbox: 0.2877, loss_centerness: 0.5418, loss: 0.9112, grad_norm: 9.2468
2026-05-08 22:19:53,041 - mmdet - INFO - Epoch [47][100/186]	lr: 9.437e-05, eta: 4:01:36, time: 0.363, data_time: 0.012, memory: 5158, loss_cls: 0.0735, loss_bbox: 0.2854, loss_centerness: 0.5518, loss: 0.9106, grad_norm: 10.0917
2026-05-08 22:20:11,165 - mmdet - INFO - Epoch [47][150/186]	lr: 9.437e-05, eta: 4:01:35, time: 0.362, data_time: 0.012, memory: 5158, loss_cls: 0.0750, loss_bbox: 0.2940, loss_centerness: 0.5505, loss: 0.9195, grad_norm: 10.0755
2026-05-08 22:20:45,218 - mmdet - INFO - Epoch [48][50/186]	lr: 9.412e-05, eta: 4:00:39, time: 0.418, data_time: 0.067, memory: 5158, loss_cls: 0.0845, loss_bbox: 0.3324, loss_centerness: 0.5549, loss: 0.9718, grad_norm: 13.6925
2026-05-08 22:21:03,195 - mmdet - INFO - Epoch [48][100/186]	lr: 9.412e-05, eta: 4:00:38, time: 0.360, data_time: 0.012, memory: 5158, loss_cls: 0.0707, loss_bbox: 0.3106, loss_centerness: 0.5317, loss: 0.9130, grad_norm: 12.7013
2026-05-08 22:21:21,291 - mmdet - INFO - Epoch [48][150/186]	lr: 9.412e-05, eta: 4:00:37, time: 0.362, data_time: 0.012, memory: 5158, loss_cls: 0.0756, loss_bbox: 0.3177, loss_centerness: 0.5604, loss: 0.9537, grad_norm: 11.9385
2026-05-08 22:21:55,401 - mmdet - INFO - Epoch [49][50/186]	lr: 9.388e-05, eta: 3:59:41, time: 0.419, data_time: 0.068, memory: 5158, loss_cls: 0.0675, loss_bbox: 0.3100, loss_centerness: 0.5585, loss: 0.9359, grad_norm: 14.7915
2026-05-08 22:22:13,479 - mmdet - INFO - Epoch [49][100/186]	lr: 9.388e-05, eta: 3:59:40, time: 0.362, data_time: 0.011, memory: 5158, loss_cls: 0.0669, loss_bbox: 0.2720, loss_centerness: 0.5441, loss: 0.8830, grad_norm: 12.6213
2026-05-08 22:22:31,495 - mmdet - INFO - Epoch [49][150/186]	lr: 9.388e-05, eta: 3:59:38, time: 0.360, data_time: 0.012, memory: 5158, loss_cls: 0.0753, loss_bbox: 0.3122, loss_centerness: 0.5708, loss: 0.9583, grad_norm: 13.0043
2026-05-08 22:23:05,658 - mmdet - INFO - Epoch [50][50/186]	lr: 9.363e-05, eta: 3:58:44, time: 0.420, data_time: 0.068, memory: 5158, loss_cls: 0.0711, loss_bbox: 0.2874, loss_centerness: 0.5612, loss: 0.9196, grad_norm: 11.0117
2026-05-08 22:23:23,603 - mmdet - INFO - Epoch [50][100/186]	lr: 9.363e-05, eta: 3:58:42, time: 0.359, data_time: 0.012, memory: 5158, loss_cls: 0.0633, loss_bbox: 0.2568, loss_centerness: 0.4970, loss: 0.8170, grad_norm: 9.8375
2026-05-08 22:23:41,672 - mmdet - INFO - Epoch [50][150/186]	lr: 9.363e-05, eta: 3:58:40, time: 0.361, data_time: 0.012, memory: 5158, loss_cls: 0.0759, loss_bbox: 0.3062, loss_centerness: 0.5429, loss: 0.9250, grad_norm: 9.7955
2026-05-08 22:23:54,828 - mmdet - INFO - Saving checkpoint at 50 epochs
2026-05-08 22:24:20,951 - mmdet - INFO - Evaluating bbox...
2026-05-08 22:24:25,950 - mmdet - INFO - 
 Average Precision  (AP) @[ IoU=0.50:0.95 | area=   all | maxDets=100 ] = 0.216
 Average Precision  (AP) @[ IoU=0.50      | area=   all | maxDets=1000 ] = 0.630
 Average Precision  (AP) @[ IoU=0.75      | area=   all | maxDets=1000 ] = 0.077
 Average Precision  (AP) @[ IoU=0.50:0.95 | area= small | maxDets=1000 ] = 0.020
 Average Precision  (AP) @[ IoU=0.50:0.95 | area=medium | maxDets=1000 ] = 0.152
 Average Precision  (AP) @[ IoU=0.50:0.95 | area= large | maxDets=1000 ] = 0.295
 Average Recall     (AR) @[ IoU=0.50:0.95 | area=   all | maxDets=100 ] = 0.347
 Average Recall     (AR) @[ IoU=0.50:0.95 | area=   all | maxDets=300 ] = 0.347
 Average Recall     (AR) @[ IoU=0.50:0.95 | area=   all | maxDets=1000 ] = 0.347
 Average Recall     (AR) @[ IoU=0.50:0.95 | area= small | maxDets=1000 ] = 0.041
 Average Recall     (AR) @[ IoU=0.50:0.95 | area=medium | maxDets=1000 ] = 0.288
 Average Recall     (AR) @[ IoU=0.50:0.95 | area= large | maxDets=1000 ] = 0.428

2026-05-08 22:24:26,112 - mmdet - INFO - The previous best checkpoint /home/ahmadreza/Downloads/Research/M2SODAI/baseline_official/runs_swin_hbb/swin_t_hbb_fold_1/best_bbox_mAP_epoch_45.pth was removed
2026-05-08 22:24:27,762 - mmdet - INFO - Now best checkpoint is saved as best_bbox_mAP_epoch_50.pth.
2026-05-08 22:24:27,762 - mmdet - INFO - Best bbox_mAP is 0.2160 at 50 epoch.
2026-05-08 22:24:27,763 - mmdet - INFO - Exp name: fold_1_swin_t_3x_hbb.py
2026-05-08 22:24:27,763 - mmdet - INFO - Epoch(val) [50][371]	bbox_mAP: 0.2160, bbox_mAP_50: 0.6300, bbox_mAP_75: 0.0770, bbox_mAP_s: 0.0200, bbox_mAP_m: 0.1520, bbox_mAP_l: 0.2950, bbox_mAP_copypaste: 0.216 0.630 0.077 0.020 0.152 0.295
2026-05-08 22:24:48,568 - mmdet - INFO - Epoch [51][50/186]	lr: 9.337e-05, eta: 3:57:45, time: 0.416, data_time: 0.067, memory: 5158, loss_cls: 0.0652, loss_bbox: 0.2993, loss_centerness: 0.5532, loss: 0.9177, grad_norm: 11.0763
2026-05-08 22:25:06,645 - mmdet - INFO - Epoch [51][100/186]	lr: 9.337e-05, eta: 3:57:43, time: 0.362, data_time: 0.012, memory: 5158, loss_cls: 0.0695, loss_bbox: 0.3012, loss_centerness: 0.5443, loss: 0.9150, grad_norm: 9.5296
2026-05-08 22:25:24,657 - mmdet - INFO - Epoch [51][150/186]	lr: 9.337e-05, eta: 3:57:41, time: 0.360, data_time: 0.012, memory: 5158, loss_cls: 0.0645, loss_bbox: 0.2685, loss_centerness: 0.5491, loss: 0.8821, grad_norm: 10.5366
2026-05-08 22:25:58,727 - mmdet - INFO - Epoch [52][50/186]	lr: 9.311e-05, eta: 3:56:48, time: 0.419, data_time: 0.067, memory: 5158, loss_cls: 0.0699, loss_bbox: 0.2940, loss_centerness: 0.5552, loss: 0.9191, grad_norm: 9.7475
2026-05-08 22:26:16,835 - mmdet - INFO - Epoch [52][100/186]	lr: 9.311e-05, eta: 3:56:46, time: 0.362, data_time: 0.012, memory: 5158, loss_cls: 0.0668, loss_bbox: 0.2891, loss_centerness: 0.5613, loss: 0.9173, grad_norm: 10.1799
2026-05-08 22:26:34,919 - mmdet - INFO - Epoch [52][150/186]	lr: 9.311e-05, eta: 3:56:43, time: 0.362, data_time: 0.012, memory: 5158, loss_cls: 0.0643, loss_bbox: 0.2614, loss_centerness: 0.5402, loss: 0.8660, grad_norm: 10.0791
2026-05-08 22:27:08,973 - mmdet - INFO - Epoch [53][50/186]	lr: 9.284e-05, eta: 3:55:50, time: 0.418, data_time: 0.067, memory: 5158, loss_cls: 0.0627, loss_bbox: 0.2797, loss_centerness: 0.5398, loss: 0.8822, grad_norm: 11.0595
2026-05-08 22:27:27,108 - mmdet - INFO - Epoch [53][100/186]	lr: 9.284e-05, eta: 3:55:48, time: 0.363, data_time: 0.012, memory: 5158, loss_cls: 0.0611, loss_bbox: 0.2706, loss_centerness: 0.5280, loss: 0.8597, grad_norm: 11.2301
2026-05-08 22:27:45,181 - mmdet - INFO - Epoch [53][150/186]	lr: 9.284e-05, eta: 3:55:45, time: 0.361, data_time: 0.012, memory: 5158, loss_cls: 0.0672, loss_bbox: 0.2786, loss_centerness: 0.5575, loss: 0.9032, grad_norm: 11.0143
2026-05-08 22:28:19,330 - mmdet - INFO - Epoch [54][50/186]	lr: 9.257e-05, eta: 3:54:54, time: 0.420, data_time: 0.068, memory: 5158, loss_cls: 0.0706, loss_bbox: 0.3029, loss_centerness: 0.5646, loss: 0.9382, grad_norm: 10.3349
2026-05-08 22:28:37,355 - mmdet - INFO - Epoch [54][100/186]	lr: 9.257e-05, eta: 3:54:51, time: 0.360, data_time: 0.012, memory: 5158, loss_cls: 0.0641, loss_bbox: 0.2687, loss_centerness: 0.5496, loss: 0.8824, grad_norm: 11.1449
2026-05-08 22:28:55,428 - mmdet - INFO - Epoch [54][150/186]	lr: 9.257e-05, eta: 3:54:48, time: 0.361, data_time: 0.011, memory: 5158, loss_cls: 0.1324, loss_bbox: 0.2776, loss_centerness: 0.5177, loss: 0.9278, grad_norm: 11.6735
2026-05-08 22:29:29,497 - mmdet - INFO - Epoch [55][50/186]	lr: 9.229e-05, eta: 3:53:56, time: 0.417, data_time: 0.067, memory: 5158, loss_cls: 0.1438, loss_bbox: 0.3080, loss_centerness: 0.5595, loss: 1.0113, grad_norm: 15.2853
2026-05-08 22:29:47,580 - mmdet - INFO - Epoch [55][100/186]	lr: 9.229e-05, eta: 3:53:53, time: 0.362, data_time: 0.012, memory: 5158, loss_cls: 0.0812, loss_bbox: 0.2896, loss_centerness: 0.5305, loss: 0.9013, grad_norm: 12.8878
2026-05-08 22:30:05,590 - mmdet - INFO - Epoch [55][150/186]	lr: 9.229e-05, eta: 3:53:49, time: 0.360, data_time: 0.012, memory: 5158, loss_cls: 0.0926, loss_bbox: 0.3084, loss_centerness: 0.5478, loss: 0.9488, grad_norm: 12.2884
2026-05-08 22:30:43,259 - mmdet - INFO - Evaluating bbox...
2026-05-08 22:30:48,681 - mmdet - INFO - 
 Average Precision  (AP) @[ IoU=0.50:0.95 | area=   all | maxDets=100 ] = 0.204
 Average Precision  (AP) @[ IoU=0.50      | area=   all | maxDets=1000 ] = 0.618
 Average Precision  (AP) @[ IoU=0.75      | area=   all | maxDets=1000 ] = 0.064
 Average Precision  (AP) @[ IoU=0.50:0.95 | area= small | maxDets=1000 ] = 0.007
 Average Precision  (AP) @[ IoU=0.50:0.95 | area=medium | maxDets=1000 ] = 0.144
 Average Precision  (AP) @[ IoU=0.50:0.95 | area= large | maxDets=1000 ] = 0.284
 Average Recall     (AR) @[ IoU=0.50:0.95 | area=   all | maxDets=100 ] = 0.336
 Average Recall     (AR) @[ IoU=0.50:0.95 | area=   all | maxDets=300 ] = 0.336
 Average Recall     (AR) @[ IoU=0.50:0.95 | area=   all | maxDets=1000 ] = 0.336
 Average Recall     (AR) @[ IoU=0.50:0.95 | area= small | maxDets=1000 ] = 0.028
 Average Recall     (AR) @[ IoU=0.50:0.95 | area=medium | maxDets=1000 ] = 0.271
 Average Recall     (AR) @[ IoU=0.50:0.95 | area= large | maxDets=1000 ] = 0.424

2026-05-08 22:30:48,694 - mmdet - INFO - Exp name: fold_1_swin_t_3x_hbb.py
2026-05-08 22:30:48,694 - mmdet - INFO - Epoch(val) [55][371]	bbox_mAP: 0.2040, bbox_mAP_50: 0.6180, bbox_mAP_75: 0.0640, bbox_mAP_s: 0.0070, bbox_mAP_m: 0.1440, bbox_mAP_l: 0.2840, bbox_mAP_copypaste: 0.204 0.618 0.064 0.007 0.144 0.284
2026-05-08 22:31:09,632 - mmdet - INFO - Epoch [56][50/186]	lr: 9.201e-05, eta: 3:52:58, time: 0.418, data_time: 0.067, memory: 5158, loss_cls: 0.0901, loss_bbox: 0.2963, loss_centerness: 0.5560, loss: 0.9424, grad_norm: 11.4150
2026-05-08 22:31:27,641 - mmdet - INFO - Epoch [56][100/186]	lr: 9.201e-05, eta: 3:52:55, time: 0.360, data_time: 0.012, memory: 5158, loss_cls: 0.0763, loss_bbox: 0.2970, loss_centerness: 0.5535, loss: 0.9267, grad_norm: 10.2640
2026-05-08 22:31:45,692 - mmdet - INFO - Epoch [56][150/186]	lr: 9.201e-05, eta: 3:52:51, time: 0.361, data_time: 0.011, memory: 5158, loss_cls: 0.0718, loss_bbox: 0.2749, loss_centerness: 0.5395, loss: 0.8861, grad_norm: 10.2441
2026-05-08 22:32:19,759 - mmdet - INFO - Epoch [57][50/186]	lr: 9.173e-05, eta: 3:52:00, time: 0.418, data_time: 0.067, memory: 5158, loss_cls: 0.0624, loss_bbox: 0.2482, loss_centerness: 0.5345, loss: 0.8451, grad_norm: 9.8723
2026-05-08 22:32:37,806 - mmdet - INFO - Epoch [57][100/186]	lr: 9.173e-05, eta: 3:51:57, time: 0.361, data_time: 0.012, memory: 5158, loss_cls: 0.0807, loss_bbox: 0.2884, loss_centerness: 0.5663, loss: 0.9354, grad_norm: 10.5748
2026-05-08 22:32:55,807 - mmdet - INFO - Epoch [57][150/186]	lr: 9.173e-05, eta: 3:51:53, time: 0.360, data_time: 0.011, memory: 5158, loss_cls: 0.0769, loss_bbox: 0.2688, loss_centerness: 0.5162, loss: 0.8619, grad_norm: 9.7560
2026-05-08 22:33:30,002 - mmdet - INFO - Epoch [58][50/186]	lr: 9.144e-05, eta: 3:51:03, time: 0.420, data_time: 0.067, memory: 5158, loss_cls: 0.0878, loss_bbox: 0.2766, loss_centerness: 0.5699, loss: 0.9344, grad_norm: 12.0451
2026-05-08 22:33:48,092 - mmdet - INFO - Epoch [58][100/186]	lr: 9.144e-05, eta: 3:50:59, time: 0.362, data_time: 0.012, memory: 5158, loss_cls: 0.0660, loss_bbox: 0.2755, loss_centerness: 0.5460, loss: 0.8875, grad_norm: 11.7102
2026-05-08 22:34:06,155 - mmdet - INFO - Epoch [58][150/186]	lr: 9.144e-05, eta: 3:50:55, time: 0.361, data_time: 0.011, memory: 5158, loss_cls: 0.0691, loss_bbox: 0.2876, loss_centerness: 0.5389, loss: 0.8956, grad_norm: 10.9992
2026-05-08 22:34:40,234 - mmdet - INFO - Epoch [59][50/186]	lr: 9.115e-05, eta: 3:50:06, time: 0.418, data_time: 0.067, memory: 5158, loss_cls: 0.0693, loss_bbox: 0.2791, loss_centerness: 0.5724, loss: 0.9207, grad_norm: 10.6032
2026-05-08 22:34:58,341 - mmdet - INFO - Epoch [59][100/186]	lr: 9.115e-05, eta: 3:50:02, time: 0.362, data_time: 0.011, memory: 5158, loss_cls: 0.0787, loss_bbox: 0.2771, loss_centerness: 0.5642, loss: 0.9200, grad_norm: 9.4494
2026-05-08 22:35:16,427 - mmdet - INFO - Epoch [59][150/186]	lr: 9.115e-05, eta: 3:49:57, time: 0.362, data_time: 0.011, memory: 5158, loss_cls: 0.0884, loss_bbox: 0.2816, loss_centerness: 0.5720, loss: 0.9420, grad_norm: 9.5744
2026-05-08 22:35:50,484 - mmdet - INFO - Epoch [60][50/186]	lr: 9.085e-05, eta: 3:49:09, time: 0.419, data_time: 0.067, memory: 5158, loss_cls: 0.0575, loss_bbox: 0.2985, loss_centerness: 0.5372, loss: 0.8931, grad_norm: 14.5540
2026-05-08 22:36:08,591 - mmdet - INFO - Epoch [60][100/186]	lr: 9.085e-05, eta: 3:49:04, time: 0.362, data_time: 0.012, memory: 5158, loss_cls: 0.0766, loss_bbox: 0.3068, loss_centerness: 0.5696, loss: 0.9530, grad_norm: 12.4879
2026-05-08 22:36:26,667 - mmdet - INFO - Epoch [60][150/186]	lr: 9.085e-05, eta: 3:49:00, time: 0.361, data_time: 0.011, memory: 5158, loss_cls: 0.0642, loss_bbox: 0.2575, loss_centerness: 0.5618, loss: 0.8835, grad_norm: 11.7409
2026-05-08 22:36:39,806 - mmdet - INFO - Saving checkpoint at 60 epochs
2026-05-08 22:37:05,815 - mmdet - INFO - Evaluating bbox...
2026-05-08 22:37:10,434 - mmdet - INFO - 
 Average Precision  (AP) @[ IoU=0.50:0.95 | area=   all | maxDets=100 ] = 0.207
 Average Precision  (AP) @[ IoU=0.50      | area=   all | maxDets=1000 ] = 0.612
 Average Precision  (AP) @[ IoU=0.75      | area=   all | maxDets=1000 ] = 0.073
 Average Precision  (AP) @[ IoU=0.50:0.95 | area= small | maxDets=1000 ] = 0.012
 Average Precision  (AP) @[ IoU=0.50:0.95 | area=medium | maxDets=1000 ] = 0.152
 Average Precision  (AP) @[ IoU=0.50:0.95 | area= large | maxDets=1000 ] = 0.280
 Average Recall     (AR) @[ IoU=0.50:0.95 | area=   all | maxDets=100 ] = 0.340
 Average Recall     (AR) @[ IoU=0.50:0.95 | area=   all | maxDets=300 ] = 0.340
 Average Recall     (AR) @[ IoU=0.50:0.95 | area=   all | maxDets=1000 ] = 0.340
 Average Recall     (AR) @[ IoU=0.50:0.95 | area= small | maxDets=1000 ] = 0.041
 Average Recall     (AR) @[ IoU=0.50:0.95 | area=medium | maxDets=1000 ] = 0.283
 Average Recall     (AR) @[ IoU=0.50:0.95 | area= large | maxDets=1000 ] = 0.418

2026-05-08 22:37:10,443 - mmdet - INFO - Exp name: fold_1_swin_t_3x_hbb.py
2026-05-08 22:37:10,443 - mmdet - INFO - Epoch(val) [60][371]	bbox_mAP: 0.2070, bbox_mAP_50: 0.6120, bbox_mAP_75: 0.0730, bbox_mAP_s: 0.0120, bbox_mAP_m: 0.1520, bbox_mAP_l: 0.2800, bbox_mAP_copypaste: 0.207 0.612 0.073 0.012 0.152 0.280
2026-05-08 22:37:31,223 - mmdet - INFO - Epoch [61][50/186]	lr: 9.055e-05, eta: 3:48:11, time: 0.415, data_time: 0.067, memory: 5158, loss_cls: 0.0767, loss_bbox: 0.2902, loss_centerness: 0.5425, loss: 0.9093, grad_norm: 8.6837
2026-05-08 22:37:49,221 - mmdet - INFO - Epoch [61][100/186]	lr: 9.055e-05, eta: 3:48:06, time: 0.360, data_time: 0.011, memory: 5158, loss_cls: 0.0561, loss_bbox: 0.2295, loss_centerness: 0.5206, loss: 0.8061, grad_norm: 8.7383
2026-05-08 22:38:07,335 - mmdet - INFO - Epoch [61][150/186]	lr: 9.055e-05, eta: 3:48:01, time: 0.362, data_time: 0.012, memory: 5158, loss_cls: 0.0549, loss_bbox: 0.2588, loss_centerness: 0.5492, loss: 0.8630, grad_norm: 9.3439
2026-05-08 22:38:41,289 - mmdet - INFO - Epoch [62][50/186]	lr: 9.024e-05, eta: 3:47:13, time: 0.418, data_time: 0.067, memory: 5158, loss_cls: 0.0570, loss_bbox: 0.2522, loss_centerness: 0.5097, loss: 0.8190, grad_norm: 11.3927
2026-05-08 22:38:59,247 - mmdet - INFO - Epoch [62][100/186]	lr: 9.024e-05, eta: 3:47:08, time: 0.359, data_time: 0.011, memory: 5158, loss_cls: 0.0543, loss_bbox: 0.2584, loss_centerness: 0.5268, loss: 0.8395, grad_norm: 11.2819
2026-05-08 22:39:17,295 - mmdet - INFO - Epoch [62][150/186]	lr: 9.024e-05, eta: 3:47:03, time: 0.361, data_time: 0.011, memory: 5158, loss_cls: 0.0557, loss_bbox: 0.2622, loss_centerness: 0.5500, loss: 0.8678, grad_norm: 11.9751
2026-05-08 22:39:51,247 - mmdet - INFO - Epoch [63][50/186]	lr: 8.993e-05, eta: 3:46:15, time: 0.416, data_time: 0.066, memory: 5158, loss_cls: 0.0609, loss_bbox: 0.2902, loss_centerness: 0.5510, loss: 0.9021, grad_norm: 12.3966
2026-05-08 22:40:09,294 - mmdet - INFO - Epoch [63][100/186]	lr: 8.993e-05, eta: 3:46:10, time: 0.361, data_time: 0.011, memory: 5158, loss_cls: 0.0549, loss_bbox: 0.2479, loss_centerness: 0.5358, loss: 0.8387, grad_norm: 11.8358
2026-05-08 22:40:27,392 - mmdet - INFO - Epoch [63][150/186]	lr: 8.993e-05, eta: 3:46:05, time: 0.362, data_time: 0.012, memory: 5158, loss_cls: 0.0506, loss_bbox: 0.2349, loss_centerness: 0.5322, loss: 0.8177, grad_norm: 11.2245
2026-05-08 22:41:01,477 - mmdet - INFO - Epoch [64][50/186]	lr: 8.961e-05, eta: 3:45:18, time: 0.419, data_time: 0.067, memory: 5158, loss_cls: 0.0631, loss_bbox: 0.2623, loss_centerness: 0.5502, loss: 0.8755, grad_norm: 11.9830
2026-05-08 22:41:19,479 - mmdet - INFO - Epoch [64][100/186]	lr: 8.961e-05, eta: 3:45:12, time: 0.360, data_time: 0.011, memory: 5158, loss_cls: 0.0539, loss_bbox: 0.2660, loss_centerness: 0.5463, loss: 0.8662, grad_norm: 10.9621
2026-05-08 22:41:37,526 - mmdet - INFO - Epoch [64][150/186]	lr: 8.961e-05, eta: 3:45:07, time: 0.361, data_time: 0.011, memory: 5158, loss_cls: 0.0619, loss_bbox: 0.2392, loss_centerness: 0.5346, loss: 0.8357, grad_norm: 10.3107
2026-05-08 22:42:11,559 - mmdet - INFO - Epoch [65][50/186]	lr: 8.929e-05, eta: 3:44:20, time: 0.416, data_time: 0.067, memory: 5158, loss_cls: 0.0689, loss_bbox: 0.2693, loss_centerness: 0.5244, loss: 0.8626, grad_norm: 10.1447
2026-05-08 22:42:29,690 - mmdet - INFO - Epoch [65][100/186]	lr: 8.929e-05, eta: 3:44:15, time: 0.363, data_time: 0.012, memory: 5158, loss_cls: 0.0687, loss_bbox: 0.2868, loss_centerness: 0.5671, loss: 0.9227, grad_norm: 10.6743
2026-05-08 22:42:47,753 - mmdet - INFO - Epoch [65][150/186]	lr: 8.929e-05, eta: 3:44:09, time: 0.361, data_time: 0.012, memory: 5158, loss_cls: 0.0595, loss_bbox: 0.2483, loss_centerness: 0.5683, loss: 0.8762, grad_norm: 11.5797
2026-05-08 22:43:25,173 - mmdet - INFO - Evaluating bbox...
2026-05-08 22:43:29,790 - mmdet - INFO - 
 Average Precision  (AP) @[ IoU=0.50:0.95 | area=   all | maxDets=100 ] = 0.221
 Average Precision  (AP) @[ IoU=0.50      | area=   all | maxDets=1000 ] = 0.621
 Average Precision  (AP) @[ IoU=0.75      | area=   all | maxDets=1000 ] = 0.086
 Average Precision  (AP) @[ IoU=0.50:0.95 | area= small | maxDets=1000 ] = 0.014
 Average Precision  (AP) @[ IoU=0.50:0.95 | area=medium | maxDets=1000 ] = 0.156
 Average Precision  (AP) @[ IoU=0.50:0.95 | area= large | maxDets=1000 ] = 0.302
 Average Recall     (AR) @[ IoU=0.50:0.95 | area=   all | maxDets=100 ] = 0.352
 Average Recall     (AR) @[ IoU=0.50:0.95 | area=   all | maxDets=300 ] = 0.352
 Average Recall     (AR) @[ IoU=0.50:0.95 | area=   all | maxDets=1000 ] = 0.352
 Average Recall     (AR) @[ IoU=0.50:0.95 | area= small | maxDets=1000 ] = 0.031
 Average Recall     (AR) @[ IoU=0.50:0.95 | area=medium | maxDets=1000 ] = 0.277
 Average Recall     (AR) @[ IoU=0.50:0.95 | area= large | maxDets=1000 ] = 0.454

2026-05-08 22:43:29,953 - mmdet - INFO - The previous best checkpoint /home/ahmadreza/Downloads/Research/M2SODAI/baseline_official/runs_swin_hbb/swin_t_hbb_fold_1/best_bbox_mAP_epoch_50.pth was removed
2026-05-08 22:43:31,610 - mmdet - INFO - Now best checkpoint is saved as best_bbox_mAP_epoch_65.pth.
2026-05-08 22:43:31,610 - mmdet - INFO - Best bbox_mAP is 0.2210 at 65 epoch.
2026-05-08 22:43:31,611 - mmdet - INFO - Exp name: fold_1_swin_t_3x_hbb.py
2026-05-08 22:43:31,611 - mmdet - INFO - Epoch(val) [65][371]	bbox_mAP: 0.2210, bbox_mAP_50: 0.6210, bbox_mAP_75: 0.0860, bbox_mAP_s: 0.0140, bbox_mAP_m: 0.1560, bbox_mAP_l: 0.3020, bbox_mAP_copypaste: 0.221 0.621 0.086 0.014 0.156 0.302
2026-05-08 22:43:52,546 - mmdet - INFO - Epoch [66][50/186]	lr: 8.897e-05, eta: 3:43:23, time: 0.418, data_time: 0.067, memory: 5158, loss_cls: 0.0572, loss_bbox: 0.2537, loss_centerness: 0.5571, loss: 0.8679, grad_norm: 11.5883
2026-05-08 22:44:10,504 - mmdet - INFO - Epoch [66][100/186]	lr: 8.897e-05, eta: 3:43:17, time: 0.359, data_time: 0.012, memory: 5158, loss_cls: 0.0551, loss_bbox: 0.2607, loss_centerness: 0.5342, loss: 0.8501, grad_norm: 11.4486
2026-05-08 22:44:28,524 - mmdet - INFO - Epoch [66][150/186]	lr: 8.897e-05, eta: 3:43:11, time: 0.360, data_time: 0.011, memory: 5158, loss_cls: 0.0503, loss_bbox: 0.2277, loss_centerness: 0.4901, loss: 0.7682, grad_norm: 10.9838
2026-05-08 22:45:02,648 - mmdet - INFO - Epoch [67][50/186]	lr: 8.864e-05, eta: 3:42:25, time: 0.418, data_time: 0.067, memory: 5158, loss_cls: 0.0547, loss_bbox: 0.2365, loss_centerness: 0.5325, loss: 0.8237, grad_norm: 8.9564
2026-05-08 22:45:20,737 - mmdet - INFO - Epoch [67][100/186]	lr: 8.864e-05, eta: 3:42:19, time: 0.362, data_time: 0.011, memory: 5158, loss_cls: 0.0602, loss_bbox: 0.2585, loss_centerness: 0.5680, loss: 0.8867, grad_norm: 10.3592
2026-05-08 22:45:38,760 - mmdet - INFO - Epoch [67][150/186]	lr: 8.864e-05, eta: 3:42:13, time: 0.360, data_time: 0.011, memory: 5158, loss_cls: 0.1361, loss_bbox: 0.2459, loss_centerness: 0.5138, loss: 0.8958, grad_norm: 12.0036
2026-05-08 22:46:12,900 - mmdet - INFO - Epoch [68][50/186]	lr: 8.831e-05, eta: 3:41:28, time: 0.418, data_time: 0.067, memory: 5158, loss_cls: 0.0843, loss_bbox: 0.2691, loss_centerness: 0.5134, loss: 0.8668, grad_norm: 10.4159
2026-05-08 22:46:31,019 - mmdet - INFO - Epoch [68][100/186]	lr: 8.831e-05, eta: 3:41:22, time: 0.362, data_time: 0.012, memory: 5158, loss_cls: 0.0845, loss_bbox: 0.2748, loss_centerness: 0.5441, loss: 0.9034, grad_norm: 11.4873
2026-05-08 22:46:49,162 - mmdet - INFO - Epoch [68][150/186]	lr: 8.831e-05, eta: 3:41:16, time: 0.363, data_time: 0.012, memory: 5158, loss_cls: 0.0666, loss_bbox: 0.2370, loss_centerness: 0.5254, loss: 0.8290, grad_norm: 11.1545
2026-05-08 22:47:23,192 - mmdet - INFO - Epoch [69][50/186]	lr: 8.797e-05, eta: 3:40:30, time: 0.417, data_time: 0.067, memory: 5158, loss_cls: 0.0751, loss_bbox: 0.2515, loss_centerness: 0.5603, loss: 0.8870, grad_norm: 12.4352
2026-05-08 22:47:41,292 - mmdet - INFO - Epoch [69][100/186]	lr: 8.797e-05, eta: 3:40:24, time: 0.362, data_time: 0.011, memory: 5158, loss_cls: 0.0558, loss_bbox: 0.2616, loss_centerness: 0.5509, loss: 0.8684, grad_norm: 12.1185
2026-05-08 22:47:59,321 - mmdet - INFO - Epoch [69][150/186]	lr: 8.797e-05, eta: 3:40:18, time: 0.361, data_time: 0.012, memory: 5158, loss_cls: 0.0549, loss_bbox: 0.2438, loss_centerness: 0.5346, loss: 0.8332, grad_norm: 11.3970
2026-05-08 22:48:33,443 - mmdet - INFO - Epoch [70][50/186]	lr: 8.763e-05, eta: 3:39:33, time: 0.418, data_time: 0.067, memory: 5158, loss_cls: 0.0569, loss_bbox: 0.2462, loss_centerness: 0.5370, loss: 0.8401, grad_norm: 10.3427
2026-05-08 22:48:51,516 - mmdet - INFO - Epoch [70][100/186]	lr: 8.763e-05, eta: 3:39:27, time: 0.361, data_time: 0.012, memory: 5158, loss_cls: 0.0514, loss_bbox: 0.2391, loss_centerness: 0.5354, loss: 0.8259, grad_norm: 10.8170
2026-05-08 22:49:09,680 - mmdet - INFO - Epoch [70][150/186]	lr: 8.763e-05, eta: 3:39:21, time: 0.363, data_time: 0.011, memory: 5158, loss_cls: 0.0633, loss_bbox: 0.2681, loss_centerness: 0.5688, loss: 0.9002, grad_norm: 11.1190
2026-05-08 22:49:22,809 - mmdet - INFO - Saving checkpoint at 70 epochs
2026-05-08 22:49:48,945 - mmdet - INFO - Evaluating bbox...
2026-05-08 22:49:54,000 - mmdet - INFO - 
 Average Precision  (AP) @[ IoU=0.50:0.95 | area=   all | maxDets=100 ] = 0.220
 Average Precision  (AP) @[ IoU=0.50      | area=   all | maxDets=1000 ] = 0.637
 Average Precision  (AP) @[ IoU=0.75      | area=   all | maxDets=1000 ] = 0.081
 Average Precision  (AP) @[ IoU=0.50:0.95 | area= small | maxDets=1000 ] = 0.040
 Average Precision  (AP) @[ IoU=0.50:0.95 | area=medium | maxDets=1000 ] = 0.161
 Average Precision  (AP) @[ IoU=0.50:0.95 | area= large | maxDets=1000 ] = 0.296
 Average Recall     (AR) @[ IoU=0.50:0.95 | area=   all | maxDets=100 ] = 0.348
 Average Recall     (AR) @[ IoU=0.50:0.95 | area=   all | maxDets=300 ] = 0.348
 Average Recall     (AR) @[ IoU=0.50:0.95 | area=   all | maxDets=1000 ] = 0.348
 Average Recall     (AR) @[ IoU=0.50:0.95 | area= small | maxDets=1000 ] = 0.048
 Average Recall     (AR) @[ IoU=0.50:0.95 | area=medium | maxDets=1000 ] = 0.283
 Average Recall     (AR) @[ IoU=0.50:0.95 | area= large | maxDets=1000 ] = 0.438

2026-05-08 22:49:54,010 - mmdet - INFO - Exp name: fold_1_swin_t_3x_hbb.py
2026-05-08 22:49:54,011 - mmdet - INFO - Epoch(val) [70][371]	bbox_mAP: 0.2200, bbox_mAP_50: 0.6370, bbox_mAP_75: 0.0810, bbox_mAP_s: 0.0400, bbox_mAP_m: 0.1610, bbox_mAP_l: 0.2960, bbox_mAP_copypaste: 0.220 0.637 0.081 0.040 0.161 0.296
2026-05-08 22:50:14,859 - mmdet - INFO - Epoch [71][50/186]	lr: 8.729e-05, eta: 3:38:36, time: 0.417, data_time: 0.067, memory: 5158, loss_cls: 0.0605, loss_bbox: 0.2673, loss_centerness: 0.5624, loss: 0.8902, grad_norm: 11.3994
2026-05-08 22:50:32,860 - mmdet - INFO - Epoch [71][100/186]	lr: 8.729e-05, eta: 3:38:29, time: 0.360, data_time: 0.011, memory: 5158, loss_cls: 0.0569, loss_bbox: 0.2675, loss_centerness: 0.5451, loss: 0.8695, grad_norm: 11.5822
2026-05-08 22:50:50,894 - mmdet - INFO - Epoch [71][150/186]	lr: 8.729e-05, eta: 3:38:23, time: 0.361, data_time: 0.011, memory: 5158, loss_cls: 0.0571, loss_bbox: 0.2627, loss_centerness: 0.5568, loss: 0.8766, grad_norm: 10.8533
2026-05-08 22:51:24,879 - mmdet - INFO - Epoch [72][50/186]	lr: 8.694e-05, eta: 3:37:38, time: 0.416, data_time: 0.066, memory: 5158, loss_cls: 0.0606, loss_bbox: 0.2344, loss_centerness: 0.5470, loss: 0.8419, grad_norm: 12.1743
2026-05-08 22:51:42,905 - mmdet - INFO - Epoch [72][100/186]	lr: 8.694e-05, eta: 3:37:31, time: 0.361, data_time: 0.011, memory: 5158, loss_cls: 0.0574, loss_bbox: 0.2617, loss_centerness: 0.5365, loss: 0.8556, grad_norm: 12.5791
2026-05-08 22:52:01,051 - mmdet - INFO - Epoch [72][150/186]	lr: 8.694e-05, eta: 3:37:25, time: 0.363, data_time: 0.011, memory: 5158, loss_cls: 0.0538, loss_bbox: 0.2497, loss_centerness: 0.5433, loss: 0.8468, grad_norm: 12.7372
2026-05-08 22:52:35,164 - mmdet - INFO - Epoch [73][50/186]	lr: 8.658e-05, eta: 3:36:41, time: 0.418, data_time: 0.067, memory: 5158, loss_cls: 0.0553, loss_bbox: 0.2388, loss_centerness: 0.5573, loss: 0.8514, grad_norm: 10.5468
2026-05-08 22:52:53,280 - mmdet - INFO - Epoch [73][100/186]	lr: 8.658e-05, eta: 3:36:34, time: 0.362, data_time: 0.011, memory: 5158, loss_cls: 0.0517, loss_bbox: 0.2423, loss_centerness: 0.5677, loss: 0.8617, grad_norm: 12.1194
2026-05-08 22:53:11,339 - mmdet - INFO - Epoch [73][150/186]	lr: 8.658e-05, eta: 3:36:27, time: 0.361, data_time: 0.011, memory: 5158, loss_cls: 0.0504, loss_bbox: 0.2691, loss_centerness: 0.5451, loss: 0.8646, grad_norm: 12.0119
2026-05-08 22:53:45,483 - mmdet - INFO - Epoch [74][50/186]	lr: 8.623e-05, eta: 3:35:44, time: 0.419, data_time: 0.068, memory: 5158, loss_cls: 0.0507, loss_bbox: 0.2279, loss_centerness: 0.5533, loss: 0.8319, grad_norm: 11.0752
2026-05-08 22:54:03,518 - mmdet - INFO - Epoch [74][100/186]	lr: 8.623e-05, eta: 3:35:37, time: 0.361, data_time: 0.011, memory: 5158, loss_cls: 0.0729, loss_bbox: 0.2550, loss_centerness: 0.5341, loss: 0.8619, grad_norm: 11.8123
2026-05-08 22:54:21,636 - mmdet - INFO - Epoch [74][150/186]	lr: 8.623e-05, eta: 3:35:30, time: 0.362, data_time: 0.011, memory: 5158, loss_cls: 0.0560, loss_bbox: 0.2599, loss_centerness: 0.5427, loss: 0.8586, grad_norm: 12.0026
2026-05-08 22:54:55,684 - mmdet - INFO - Epoch [75][50/186]	lr: 8.587e-05, eta: 3:34:47, time: 0.418, data_time: 0.067, memory: 5158, loss_cls: 0.0511, loss_bbox: 0.2704, loss_centerness: 0.5669, loss: 0.8883, grad_norm: 10.5168
2026-05-08 22:55:13,767 - mmdet - INFO - Epoch [75][100/186]	lr: 8.587e-05, eta: 3:34:40, time: 0.362, data_time: 0.011, memory: 5158, loss_cls: 0.0432, loss_bbox: 0.2423, loss_centerness: 0.5425, loss: 0.8281, grad_norm: 11.9466
2026-05-08 22:55:31,765 - mmdet - INFO - Epoch [75][150/186]	lr: 8.587e-05, eta: 3:34:32, time: 0.360, data_time: 0.011, memory: 5158, loss_cls: 0.0456, loss_bbox: 0.2162, loss_centerness: 0.5332, loss: 0.7950, grad_norm: 11.9340
2026-05-08 22:56:09,247 - mmdet - INFO - Evaluating bbox...
2026-05-08 22:56:13,872 - mmdet - INFO - 
 Average Precision  (AP) @[ IoU=0.50:0.95 | area=   all | maxDets=100 ] = 0.212
 Average Precision  (AP) @[ IoU=0.50      | area=   all | maxDets=1000 ] = 0.622
 Average Precision  (AP) @[ IoU=0.75      | area=   all | maxDets=1000 ] = 0.063
 Average Precision  (AP) @[ IoU=0.50:0.95 | area= small | maxDets=1000 ] = 0.018
 Average Precision  (AP) @[ IoU=0.50:0.95 | area=medium | maxDets=1000 ] = 0.160
 Average Precision  (AP) @[ IoU=0.50:0.95 | area= large | maxDets=1000 ] = 0.279
 Average Recall     (AR) @[ IoU=0.50:0.95 | area=   all | maxDets=100 ] = 0.351
 Average Recall     (AR) @[ IoU=0.50:0.95 | area=   all | maxDets=300 ] = 0.351
 Average Recall     (AR) @[ IoU=0.50:0.95 | area=   all | maxDets=1000 ] = 0.351
 Average Recall     (AR) @[ IoU=0.50:0.95 | area= small | maxDets=1000 ] = 0.031
 Average Recall     (AR) @[ IoU=0.50:0.95 | area=medium | maxDets=1000 ] = 0.300
 Average Recall     (AR) @[ IoU=0.50:0.95 | area= large | maxDets=1000 ] = 0.424

2026-05-08 22:56:13,881 - mmdet - INFO - Exp name: fold_1_swin_t_3x_hbb.py
2026-05-08 22:56:13,881 - mmdet - INFO - Epoch(val) [75][371]	bbox_mAP: 0.2120, bbox_mAP_50: 0.6220, bbox_mAP_75: 0.0630, bbox_mAP_s: 0.0180, bbox_mAP_m: 0.1600, bbox_mAP_l: 0.2790, bbox_mAP_copypaste: 0.212 0.622 0.063 0.018 0.160 0.279
2026-05-08 22:56:34,719 - mmdet - INFO - Exp name: fold_1_swin_t_3x_hbb.py
2026-05-08 22:56:34,720 - mmdet - INFO - Epoch [76][50/186]	lr: 8.550e-05, eta: 3:33:49, time: 0.417, data_time: 0.067, memory: 5158, loss_cls: 0.0485, loss_bbox: 0.2214, loss_centerness: 0.5198, loss: 0.7897, grad_norm: 9.4004
2026-05-08 22:56:52,710 - mmdet - INFO - Epoch [76][100/186]	lr: 8.550e-05, eta: 3:33:42, time: 0.360, data_time: 0.011, memory: 5158, loss_cls: 0.0526, loss_bbox: 0.2531, loss_centerness: 0.5662, loss: 0.8718, grad_norm: 9.3412
2026-05-08 22:57:10,776 - mmdet - INFO - Epoch [76][150/186]	lr: 8.550e-05, eta: 3:33:34, time: 0.361, data_time: 0.011, memory: 5158, loss_cls: 0.0499, loss_bbox: 0.2415, loss_centerness: 0.5524, loss: 0.8438, grad_norm: 10.2266
2026-05-08 22:57:44,872 - mmdet - INFO - Epoch [77][50/186]	lr: 8.513e-05, eta: 3:32:52, time: 0.418, data_time: 0.067, memory: 5158, loss_cls: 0.0421, loss_bbox: 0.2078, loss_centerness: 0.5290, loss: 0.7789, grad_norm: 12.1075
2026-05-08 22:58:03,019 - mmdet - INFO - Epoch [77][100/186]	lr: 8.513e-05, eta: 3:32:45, time: 0.363, data_time: 0.012, memory: 5158, loss_cls: 0.0429, loss_bbox: 0.2231, loss_centerness: 0.5405, loss: 0.8066, grad_norm: 12.2615
2026-05-08 22:58:21,002 - mmdet - INFO - Epoch [77][150/186]	lr: 8.513e-05, eta: 3:32:37, time: 0.360, data_time: 0.011, memory: 5158, loss_cls: 0.0856, loss_bbox: 0.2333, loss_centerness: 0.5080, loss: 0.8269, grad_norm: 14.0074
2026-05-08 22:58:55,133 - mmdet - INFO - Epoch [78][50/186]	lr: 8.476e-05, eta: 3:31:55, time: 0.419, data_time: 0.067, memory: 5158, loss_cls: 0.0699, loss_bbox: 0.2720, loss_centerness: 0.5639, loss: 0.9059, grad_norm: 10.7145
2026-05-08 22:59:13,140 - mmdet - INFO - Epoch [78][100/186]	lr: 8.476e-05, eta: 3:31:47, time: 0.360, data_time: 0.011, memory: 5158, loss_cls: 0.0508, loss_bbox: 0.2318, loss_centerness: 0.5449, loss: 0.8275, grad_norm: 10.7939
2026-05-08 22:59:31,322 - mmdet - INFO - Epoch [78][150/186]	lr: 8.476e-05, eta: 3:31:40, time: 0.364, data_time: 0.012, memory: 5158, loss_cls: 0.0537, loss_bbox: 0.2374, loss_centerness: 0.5326, loss: 0.8237, grad_norm: 10.7047
2026-05-08 23:00:05,333 - mmdet - INFO - Epoch [79][50/186]	lr: 8.439e-05, eta: 3:30:57, time: 0.417, data_time: 0.067, memory: 5158, loss_cls: 0.0507, loss_bbox: 0.2233, loss_centerness: 0.5213, loss: 0.7953, grad_norm: 10.5591
2026-05-08 23:00:23,482 - mmdet - INFO - Epoch [79][100/186]	lr: 8.439e-05, eta: 3:30:50, time: 0.363, data_time: 0.012, memory: 5158, loss_cls: 0.0521, loss_bbox: 0.2375, loss_centerness: 0.5666, loss: 0.8562, grad_norm: 10.8485
2026-05-08 23:00:41,539 - mmdet - INFO - Epoch [79][150/186]	lr: 8.439e-05, eta: 3:30:42, time: 0.361, data_time: 0.012, memory: 5158, loss_cls: 0.0592, loss_bbox: 0.2415, loss_centerness: 0.5460, loss: 0.8466, grad_norm: 10.9625
2026-05-08 23:01:15,706 - mmdet - INFO - Epoch [80][50/186]	lr: 8.401e-05, eta: 3:30:01, time: 0.420, data_time: 0.067, memory: 5158, loss_cls: 0.0553, loss_bbox: 0.2123, loss_centerness: 0.5537, loss: 0.8213, grad_norm: 10.5365
2026-05-08 23:01:33,753 - mmdet - INFO - Epoch [80][100/186]	lr: 8.401e-05, eta: 3:29:53, time: 0.361, data_time: 0.011, memory: 5158, loss_cls: 0.0453, loss_bbox: 0.2319, loss_centerness: 0.5383, loss: 0.8155, grad_norm: 9.7268
2026-05-08 23:01:51,868 - mmdet - INFO - Epoch [80][150/186]	lr: 8.401e-05, eta: 3:29:45, time: 0.362, data_time: 0.011, memory: 5158, loss_cls: 0.0460, loss_bbox: 0.2510, loss_centerness: 0.5532, loss: 0.8503, grad_norm: 9.4694
2026-05-08 23:02:05,065 - mmdet - INFO - Saving checkpoint at 80 epochs
2026-05-08 23:02:31,216 - mmdet - INFO - Evaluating bbox...
2026-05-08 23:02:35,722 - mmdet - INFO - 
 Average Precision  (AP) @[ IoU=0.50:0.95 | area=   all | maxDets=100 ] = 0.221
 Average Precision  (AP) @[ IoU=0.50      | area=   all | maxDets=1000 ] = 0.633
 Average Precision  (AP) @[ IoU=0.75      | area=   all | maxDets=1000 ] = 0.095
 Average Precision  (AP) @[ IoU=0.50:0.95 | area= small | maxDets=1000 ] = 0.008
 Average Precision  (AP) @[ IoU=0.50:0.95 | area=medium | maxDets=1000 ] = 0.160
 Average Precision  (AP) @[ IoU=0.50:0.95 | area= large | maxDets=1000 ] = 0.303
 Average Recall     (AR) @[ IoU=0.50:0.95 | area=   all | maxDets=100 ] = 0.350
 Average Recall     (AR) @[ IoU=0.50:0.95 | area=   all | maxDets=300 ] = 0.350
 Average Recall     (AR) @[ IoU=0.50:0.95 | area=   all | maxDets=1000 ] = 0.350
 Average Recall     (AR) @[ IoU=0.50:0.95 | area= small | maxDets=1000 ] = 0.017
 Average Recall     (AR) @[ IoU=0.50:0.95 | area=medium | maxDets=1000 ] = 0.287
 Average Recall     (AR) @[ IoU=0.50:0.95 | area= large | maxDets=1000 ] = 0.438

2026-05-08 23:02:35,731 - mmdet - INFO - Exp name: fold_1_swin_t_3x_hbb.py
2026-05-08 23:02:35,731 - mmdet - INFO - Epoch(val) [80][371]	bbox_mAP: 0.2210, bbox_mAP_50: 0.6330, bbox_mAP_75: 0.0950, bbox_mAP_s: 0.0080, bbox_mAP_m: 0.1600, bbox_mAP_l: 0.3030, bbox_mAP_copypaste: 0.221 0.633 0.095 0.008 0.160 0.303
2026-05-08 23:02:56,541 - mmdet - INFO - Epoch [81][50/186]	lr: 8.362e-05, eta: 3:29:03, time: 0.416, data_time: 0.067, memory: 5158, loss_cls: 0.0431, loss_bbox: 0.2189, loss_centerness: 0.5335, loss: 0.7955, grad_norm: 8.2108
2026-05-08 23:03:14,609 - mmdet - INFO - Epoch [81][100/186]	lr: 8.362e-05, eta: 3:28:55, time: 0.361, data_time: 0.011, memory: 5158, loss_cls: 0.0454, loss_bbox: 0.2190, loss_centerness: 0.5412, loss: 0.8056, grad_norm: 9.0161
2026-05-08 23:03:32,635 - mmdet - INFO - Epoch [81][150/186]	lr: 8.362e-05, eta: 3:28:47, time: 0.360, data_time: 0.011, memory: 5158, loss_cls: 0.0485, loss_bbox: 0.2300, loss_centerness: 0.5439, loss: 0.8224, grad_norm: 9.2426
2026-05-08 23:04:06,771 - mmdet - INFO - Epoch [82][50/186]	lr: 8.323e-05, eta: 3:28:06, time: 0.418, data_time: 0.067, memory: 5158, loss_cls: 0.0499, loss_bbox: 0.2276, loss_centerness: 0.5331, loss: 0.8105, grad_norm: 10.3046
2026-05-08 23:04:24,729 - mmdet - INFO - Epoch [82][100/186]	lr: 8.323e-05, eta: 3:27:58, time: 0.359, data_time: 0.011, memory: 5158, loss_cls: 0.0486, loss_bbox: 0.2390, loss_centerness: 0.5358, loss: 0.8234, grad_norm: 9.8084
2026-05-08 23:04:42,850 - mmdet - INFO - Epoch [82][150/186]	lr: 8.323e-05, eta: 3:27:50, time: 0.362, data_time: 0.011, memory: 5158, loss_cls: 0.0397, loss_bbox: 0.2016, loss_centerness: 0.5386, loss: 0.7799, grad_norm: 10.3502
2026-05-08 23:05:16,900 - mmdet - INFO - Epoch [83][50/186]	lr: 8.284e-05, eta: 3:27:09, time: 0.418, data_time: 0.067, memory: 5158, loss_cls: 0.0452, loss_bbox: 0.2195, loss_centerness: 0.5480, loss: 0.8127, grad_norm: 10.3815
2026-05-08 23:05:35,089 - mmdet - INFO - Epoch [83][100/186]	lr: 8.284e-05, eta: 3:27:01, time: 0.364, data_time: 0.012, memory: 5158, loss_cls: 0.0655, loss_bbox: 0.2165, loss_centerness: 0.5557, loss: 0.8377, grad_norm: 12.2408
2026-05-08 23:05:53,112 - mmdet - INFO - Epoch [83][150/186]	lr: 8.284e-05, eta: 3:26:52, time: 0.360, data_time: 0.011, memory: 5158, loss_cls: 0.0545, loss_bbox: 0.2070, loss_centerness: 0.5205, loss: 0.7820, grad_norm: 11.2199
2026-05-08 23:06:27,224 - mmdet - INFO - Epoch [84][50/186]	lr: 8.245e-05, eta: 3:26:12, time: 0.418, data_time: 0.067, memory: 5158, loss_cls: 0.0458, loss_bbox: 0.2055, loss_centerness: 0.5342, loss: 0.7856, grad_norm: 9.4746
2026-05-08 23:06:45,259 - mmdet - INFO - Epoch [84][100/186]	lr: 8.245e-05, eta: 3:26:03, time: 0.361, data_time: 0.012, memory: 5158, loss_cls: 0.0541, loss_bbox: 0.2309, loss_centerness: 0.5444, loss: 0.8293, grad_norm: 10.1620
2026-05-08 23:07:03,370 - mmdet - INFO - Epoch [84][150/186]	lr: 8.245e-05, eta: 3:25:55, time: 0.362, data_time: 0.011, memory: 5158, loss_cls: 0.0568, loss_bbox: 0.2317, loss_centerness: 0.5549, loss: 0.8434, grad_norm: 10.8061
2026-05-08 23:07:37,459 - mmdet - INFO - Epoch [85][50/186]	lr: 8.205e-05, eta: 3:25:14, time: 0.418, data_time: 0.067, memory: 5158, loss_cls: 0.0562, loss_bbox: 0.2204, loss_centerness: 0.5296, loss: 0.8062, grad_norm: 9.9726
2026-05-08 23:07:55,518 - mmdet - INFO - Epoch [85][100/186]	lr: 8.205e-05, eta: 3:25:06, time: 0.361, data_time: 0.011, memory: 5158, loss_cls: 0.0421, loss_bbox: 0.1933, loss_centerness: 0.5283, loss: 0.7637, grad_norm: 10.6931
2026-05-08 23:08:13,548 - mmdet - INFO - Epoch [85][150/186]	lr: 8.205e-05, eta: 3:24:57, time: 0.361, data_time: 0.011, memory: 5158, loss_cls: 0.0679, loss_bbox: 0.2252, loss_centerness: 0.5420, loss: 0.8351, grad_norm: 10.3974
2026-05-08 23:08:50,975 - mmdet - INFO - Evaluating bbox...
2026-05-08 23:08:55,477 - mmdet - INFO - 
 Average Precision  (AP) @[ IoU=0.50:0.95 | area=   all | maxDets=100 ] = 0.232
 Average Precision  (AP) @[ IoU=0.50      | area=   all | maxDets=1000 ] = 0.646
 Average Precision  (AP) @[ IoU=0.75      | area=   all | maxDets=1000 ] = 0.097
 Average Precision  (AP) @[ IoU=0.50:0.95 | area= small | maxDets=1000 ] = 0.016
 Average Precision  (AP) @[ IoU=0.50:0.95 | area=medium | maxDets=1000 ] = 0.172
 Average Precision  (AP) @[ IoU=0.50:0.95 | area= large | maxDets=1000 ] = 0.308
 Average Recall     (AR) @[ IoU=0.50:0.95 | area=   all | maxDets=100 ] = 0.357
 Average Recall     (AR) @[ IoU=0.50:0.95 | area=   all | maxDets=300 ] = 0.357
 Average Recall     (AR) @[ IoU=0.50:0.95 | area=   all | maxDets=1000 ] = 0.357
 Average Recall     (AR) @[ IoU=0.50:0.95 | area= small | maxDets=1000 ] = 0.021
 Average Recall     (AR) @[ IoU=0.50:0.95 | area=medium | maxDets=1000 ] = 0.289
 Average Recall     (AR) @[ IoU=0.50:0.95 | area= large | maxDets=1000 ] = 0.450

2026-05-08 23:08:55,622 - mmdet - INFO - The previous best checkpoint /home/ahmadreza/Downloads/Research/M2SODAI/baseline_official/runs_swin_hbb/swin_t_hbb_fold_1/best_bbox_mAP_epoch_65.pth was removed
2026-05-08 23:08:57,250 - mmdet - INFO - Now best checkpoint is saved as best_bbox_mAP_epoch_85.pth.
2026-05-08 23:08:57,250 - mmdet - INFO - Best bbox_mAP is 0.2320 at 85 epoch.
2026-05-08 23:08:57,251 - mmdet - INFO - Exp name: fold_1_swin_t_3x_hbb.py
2026-05-08 23:08:57,251 - mmdet - INFO - Epoch(val) [85][371]	bbox_mAP: 0.2320, bbox_mAP_50: 0.6460, bbox_mAP_75: 0.0970, bbox_mAP_s: 0.0160, bbox_mAP_m: 0.1720, bbox_mAP_l: 0.3080, bbox_mAP_copypaste: 0.232 0.646 0.097 0.016 0.172 0.308
2026-05-08 23:09:18,130 - mmdet - INFO - Epoch [86][50/186]	lr: 8.165e-05, eta: 3:24:17, time: 0.417, data_time: 0.067, memory: 5158, loss_cls: 0.0404, loss_bbox: 0.1989, loss_centerness: 0.5186, loss: 0.7579, grad_norm: 8.4329
2026-05-08 23:09:36,160 - mmdet - INFO - Epoch [86][100/186]	lr: 8.165e-05, eta: 3:24:08, time: 0.361, data_time: 0.012, memory: 5158, loss_cls: 0.0527, loss_bbox: 0.2152, loss_centerness: 0.5309, loss: 0.7988, grad_norm: 9.0221
2026-05-08 23:09:54,257 - mmdet - INFO - Epoch [86][150/186]	lr: 8.165e-05, eta: 3:24:00, time: 0.362, data_time: 0.011, memory: 5158, loss_cls: 0.0480, loss_bbox: 0.2171, loss_centerness: 0.5409, loss: 0.8060, grad_norm: 9.7817
2026-05-08 23:10:28,373 - mmdet - INFO - Epoch [87][50/186]	lr: 8.125e-05, eta: 3:23:20, time: 0.418, data_time: 0.067, memory: 5158, loss_cls: 0.0433, loss_bbox: 0.2281, loss_centerness: 0.5528, loss: 0.8243, grad_norm: 9.2120
2026-05-08 23:10:46,547 - mmdet - INFO - Epoch [87][100/186]	lr: 8.125e-05, eta: 3:23:11, time: 0.363, data_time: 0.012, memory: 5158, loss_cls: 0.0419, loss_bbox: 0.1894, loss_centerness: 0.5139, loss: 0.7452, grad_norm: 9.2905
2026-05-08 23:11:04,626 - mmdet - INFO - Epoch [87][150/186]	lr: 8.125e-05, eta: 3:23:03, time: 0.362, data_time: 0.012, memory: 5158, loss_cls: 0.0435, loss_bbox: 0.2286, loss_centerness: 0.5554, loss: 0.8275, grad_norm: 10.7957
2026-05-08 23:11:38,715 - mmdet - INFO - Epoch [88][50/186]	lr: 8.084e-05, eta: 3:22:23, time: 0.419, data_time: 0.067, memory: 5158, loss_cls: 0.0398, loss_bbox: 0.2344, loss_centerness: 0.5671, loss: 0.8414, grad_norm: 13.7015
2026-05-08 23:11:56,780 - mmdet - INFO - Epoch [88][100/186]	lr: 8.084e-05, eta: 3:22:14, time: 0.361, data_time: 0.012, memory: 5158, loss_cls: 0.0494, loss_bbox: 0.2328, loss_centerness: 0.5335, loss: 0.8156, grad_norm: 12.9171
2026-05-08 23:12:14,884 - mmdet - INFO - Epoch [88][150/186]	lr: 8.084e-05, eta: 3:22:06, time: 0.362, data_time: 0.012, memory: 5158, loss_cls: 0.0421, loss_bbox: 0.2095, loss_centerness: 0.5397, loss: 0.7913, grad_norm: 11.0515
2026-05-08 23:12:49,003 - mmdet - INFO - Epoch [89][50/186]	lr: 8.043e-05, eta: 3:21:26, time: 0.419, data_time: 0.067, memory: 5158, loss_cls: 0.0477, loss_bbox: 0.2309, loss_centerness: 0.5458, loss: 0.8244, grad_norm: 9.3763
2026-05-08 23:13:07,147 - mmdet - INFO - Epoch [89][100/186]	lr: 8.043e-05, eta: 3:21:17, time: 0.363, data_time: 0.012, memory: 5158, loss_cls: 0.0385, loss_bbox: 0.1879, loss_centerness: 0.5502, loss: 0.7766, grad_norm: 10.1115
2026-05-08 23:13:25,168 - mmdet - INFO - Epoch [89][150/186]	lr: 8.043e-05, eta: 3:21:08, time: 0.360, data_time: 0.012, memory: 5158, loss_cls: 0.2396, loss_bbox: 0.2239, loss_centerness: 0.5272, loss: 0.9907, grad_norm: 14.2262
2026-05-08 23:13:59,212 - mmdet - INFO - Epoch [90][50/186]	lr: 8.001e-05, eta: 3:20:29, time: 0.418, data_time: 0.066, memory: 5158, loss_cls: 0.0758, loss_bbox: 0.2290, loss_centerness: 0.5361, loss: 0.8410, grad_norm: 8.0519
2026-05-08 23:14:17,236 - mmdet - INFO - Epoch [90][100/186]	lr: 8.001e-05, eta: 3:20:20, time: 0.360, data_time: 0.011, memory: 5158, loss_cls: 0.0609, loss_bbox: 0.2131, loss_centerness: 0.5480, loss: 0.8220, grad_norm: 10.1888
2026-05-08 23:14:35,301 - mmdet - INFO - Epoch [90][150/186]	lr: 8.001e-05, eta: 3:20:11, time: 0.361, data_time: 0.011, memory: 5158, loss_cls: 0.0565, loss_bbox: 0.2341, loss_centerness: 0.5546, loss: 0.8452, grad_norm: 10.3876
2026-05-08 23:14:48,398 - mmdet - INFO - Saving checkpoint at 90 epochs
2026-05-08 23:15:14,675 - mmdet - INFO - Evaluating bbox...
2026-05-08 23:15:19,656 - mmdet - INFO - 
 Average Precision  (AP) @[ IoU=0.50:0.95 | area=   all | maxDets=100 ] = 0.223
 Average Precision  (AP) @[ IoU=0.50      | area=   all | maxDets=1000 ] = 0.634
 Average Precision  (AP) @[ IoU=0.75      | area=   all | maxDets=1000 ] = 0.096
 Average Precision  (AP) @[ IoU=0.50:0.95 | area= small | maxDets=1000 ] = 0.020
 Average Precision  (AP) @[ IoU=0.50:0.95 | area=medium | maxDets=1000 ] = 0.165
 Average Precision  (AP) @[ IoU=0.50:0.95 | area= large | maxDets=1000 ] = 0.301
 Average Recall     (AR) @[ IoU=0.50:0.95 | area=   all | maxDets=100 ] = 0.349
 Average Recall     (AR) @[ IoU=0.50:0.95 | area=   all | maxDets=300 ] = 0.349
 Average Recall     (AR) @[ IoU=0.50:0.95 | area=   all | maxDets=1000 ] = 0.349
 Average Recall     (AR) @[ IoU=0.50:0.95 | area= small | maxDets=1000 ] = 0.038
 Average Recall     (AR) @[ IoU=0.50:0.95 | area=medium | maxDets=1000 ] = 0.278
 Average Recall     (AR) @[ IoU=0.50:0.95 | area= large | maxDets=1000 ] = 0.444

2026-05-08 23:15:19,666 - mmdet - INFO - Exp name: fold_1_swin_t_3x_hbb.py
2026-05-08 23:15:19,666 - mmdet - INFO - Epoch(val) [90][371]	bbox_mAP: 0.2230, bbox_mAP_50: 0.6340, bbox_mAP_75: 0.0960, bbox_mAP_s: 0.0200, bbox_mAP_m: 0.1650, bbox_mAP_l: 0.3010, bbox_mAP_copypaste: 0.223 0.634 0.096 0.020 0.165 0.301
2026-05-08 23:15:40,546 - mmdet - INFO - Epoch [91][50/186]	lr: 7.960e-05, eta: 3:19:31, time: 0.417, data_time: 0.067, memory: 5158, loss_cls: 0.0596, loss_bbox: 0.2037, loss_centerness: 0.5349, loss: 0.7982, grad_norm: 9.0094
2026-05-08 23:15:58,636 - mmdet - INFO - Epoch [91][100/186]	lr: 7.960e-05, eta: 3:19:22, time: 0.362, data_time: 0.011, memory: 5158, loss_cls: 0.0913, loss_bbox: 0.2158, loss_centerness: 0.5360, loss: 0.8432, grad_norm: 12.8350
2026-05-08 23:16:16,692 - mmdet - INFO - Epoch [91][150/186]	lr: 7.960e-05, eta: 3:19:13, time: 0.361, data_time: 0.012, memory: 5158, loss_cls: 0.0796, loss_bbox: 0.2355, loss_centerness: 0.5443, loss: 0.8594, grad_norm: 12.0331
2026-05-08 23:16:50,771 - mmdet - INFO - Epoch [92][50/186]	lr: 7.917e-05, eta: 3:18:34, time: 0.419, data_time: 0.067, memory: 5158, loss_cls: 0.0658, loss_bbox: 0.2189, loss_centerness: 0.5496, loss: 0.8343, grad_norm: 11.1490
2026-05-08 23:17:08,777 - mmdet - INFO - Epoch [92][100/186]	lr: 7.917e-05, eta: 3:18:25, time: 0.360, data_time: 0.011, memory: 5158, loss_cls: 0.0443, loss_bbox: 0.2046, loss_centerness: 0.5437, loss: 0.7926, grad_norm: 11.3753
2026-05-08 23:17:26,882 - mmdet - INFO - Epoch [92][150/186]	lr: 7.917e-05, eta: 3:18:16, time: 0.362, data_time: 0.011, memory: 5158, loss_cls: 0.0556, loss_bbox: 0.2358, loss_centerness: 0.5585, loss: 0.8499, grad_norm: 10.4766
2026-05-08 23:18:00,887 - mmdet - INFO - Epoch [93][50/186]	lr: 7.875e-05, eta: 3:17:37, time: 0.417, data_time: 0.067, memory: 5158, loss_cls: 0.0433, loss_bbox: 0.2067, loss_centerness: 0.5204, loss: 0.7704, grad_norm: 7.9064
2026-05-08 23:18:19,007 - mmdet - INFO - Epoch [93][100/186]	lr: 7.875e-05, eta: 3:17:28, time: 0.362, data_time: 0.012, memory: 5158, loss_cls: 0.0346, loss_bbox: 0.1877, loss_centerness: 0.5287, loss: 0.7511, grad_norm: 9.2257
2026-05-08 23:18:37,064 - mmdet - INFO - Epoch [93][150/186]	lr: 7.875e-05, eta: 3:17:19, time: 0.361, data_time: 0.012, memory: 5158, loss_cls: 0.0422, loss_bbox: 0.2268, loss_centerness: 0.5575, loss: 0.8264, grad_norm: 9.8832
2026-05-08 23:19:11,212 - mmdet - INFO - Epoch [94][50/186]	lr: 7.832e-05, eta: 3:16:40, time: 0.419, data_time: 0.067, memory: 5158, loss_cls: 0.0381, loss_bbox: 0.1952, loss_centerness: 0.5295, loss: 0.7628, grad_norm: 6.3179
2026-05-08 23:19:29,304 - mmdet - INFO - Epoch [94][100/186]	lr: 7.832e-05, eta: 3:16:31, time: 0.362, data_time: 0.011, memory: 5158, loss_cls: 0.0389, loss_bbox: 0.2055, loss_centerness: 0.5632, loss: 0.8077, grad_norm: 8.7924
2026-05-08 23:19:47,363 - mmdet - INFO - Epoch [94][150/186]	lr: 7.832e-05, eta: 3:16:21, time: 0.361, data_time: 0.011, memory: 5158, loss_cls: 0.0453, loss_bbox: 0.1920, loss_centerness: 0.5111, loss: 0.7485, grad_norm: 9.3611
2026-05-08 23:20:21,421 - mmdet - INFO - Epoch [95][50/186]	lr: 7.789e-05, eta: 3:15:43, time: 0.417, data_time: 0.067, memory: 5158, loss_cls: 0.0422, loss_bbox: 0.2131, loss_centerness: 0.5302, loss: 0.7854, grad_norm: 10.4340
2026-05-08 23:20:39,524 - mmdet - INFO - Epoch [95][100/186]	lr: 7.789e-05, eta: 3:15:33, time: 0.362, data_time: 0.011, memory: 5158, loss_cls: 0.0364, loss_bbox: 0.2079, loss_centerness: 0.5159, loss: 0.7602, grad_norm: 10.4990
2026-05-08 23:20:57,552 - mmdet - INFO - Epoch [95][150/186]	lr: 7.789e-05, eta: 3:15:24, time: 0.361, data_time: 0.011, memory: 5158, loss_cls: 0.0427, loss_bbox: 0.2024, loss_centerness: 0.5182, loss: 0.7633, grad_norm: 10.4989
2026-05-08 23:21:34,938 - mmdet - INFO - Evaluating bbox...
2026-05-08 23:21:39,364 - mmdet - INFO - 
 Average Precision  (AP) @[ IoU=0.50:0.95 | area=   all | maxDets=100 ] = 0.236
 Average Precision  (AP) @[ IoU=0.50      | area=   all | maxDets=1000 ] = 0.654
 Average Precision  (AP) @[ IoU=0.75      | area=   all | maxDets=1000 ] = 0.099
 Average Precision  (AP) @[ IoU=0.50:0.95 | area= small | maxDets=1000 ] = 0.024
 Average Precision  (AP) @[ IoU=0.50:0.95 | area=medium | maxDets=1000 ] = 0.168
 Average Precision  (AP) @[ IoU=0.50:0.95 | area= large | maxDets=1000 ] = 0.315
 Average Recall     (AR) @[ IoU=0.50:0.95 | area=   all | maxDets=100 ] = 0.361
 Average Recall     (AR) @[ IoU=0.50:0.95 | area=   all | maxDets=300 ] = 0.361
 Average Recall     (AR) @[ IoU=0.50:0.95 | area=   all | maxDets=1000 ] = 0.361
 Average Recall     (AR) @[ IoU=0.50:0.95 | area= small | maxDets=1000 ] = 0.031
 Average Recall     (AR) @[ IoU=0.50:0.95 | area=medium | maxDets=1000 ] = 0.296
 Average Recall     (AR) @[ IoU=0.50:0.95 | area= large | maxDets=1000 ] = 0.451

2026-05-08 23:21:39,527 - mmdet - INFO - The previous best checkpoint /home/ahmadreza/Downloads/Research/M2SODAI/baseline_official/runs_swin_hbb/swin_t_hbb_fold_1/best_bbox_mAP_epoch_85.pth was removed
2026-05-08 23:21:41,198 - mmdet - INFO - Now best checkpoint is saved as best_bbox_mAP_epoch_95.pth.
2026-05-08 23:21:41,199 - mmdet - INFO - Best bbox_mAP is 0.2360 at 95 epoch.
2026-05-08 23:21:41,199 - mmdet - INFO - Exp name: fold_1_swin_t_3x_hbb.py
2026-05-08 23:21:41,199 - mmdet - INFO - Epoch(val) [95][371]	bbox_mAP: 0.2360, bbox_mAP_50: 0.6540, bbox_mAP_75: 0.0990, bbox_mAP_s: 0.0240, bbox_mAP_m: 0.1680, bbox_mAP_l: 0.3150, bbox_mAP_copypaste: 0.236 0.654 0.099 0.024 0.168 0.315
2026-05-08 23:22:02,074 - mmdet - INFO - Epoch [96][50/186]	lr: 7.746e-05, eta: 3:14:46, time: 0.417, data_time: 0.067, memory: 5158, loss_cls: 0.0360, loss_bbox: 0.1910, loss_centerness: 0.5048, loss: 0.7318, grad_norm: 9.9229
2026-05-08 23:22:20,108 - mmdet - INFO - Epoch [96][100/186]	lr: 7.746e-05, eta: 3:14:36, time: 0.361, data_time: 0.012, memory: 5158, loss_cls: 0.0571, loss_bbox: 0.2314, loss_centerness: 0.5580, loss: 0.8465, grad_norm: 10.5222
2026-05-08 23:22:38,287 - mmdet - INFO - Epoch [96][150/186]	lr: 7.746e-05, eta: 3:14:27, time: 0.364, data_time: 0.012, memory: 5158, loss_cls: 0.0437, loss_bbox: 0.2161, loss_centerness: 0.5403, loss: 0.8001, grad_norm: 10.9915
2026-05-08 23:23:12,320 - mmdet - INFO - Epoch [97][50/186]	lr: 7.702e-05, eta: 3:13:48, time: 0.417, data_time: 0.067, memory: 5158, loss_cls: 0.0351, loss_bbox: 0.2011, loss_centerness: 0.5490, loss: 0.7852, grad_norm: 13.2281
2026-05-08 23:23:30,429 - mmdet - INFO - Epoch [97][100/186]	lr: 7.702e-05, eta: 3:13:39, time: 0.362, data_time: 0.011, memory: 5158, loss_cls: 0.0398, loss_bbox: 0.2098, loss_centerness: 0.5445, loss: 0.7941, grad_norm: 11.4080
2026-05-08 23:23:48,498 - mmdet - INFO - Epoch [97][150/186]	lr: 7.702e-05, eta: 3:13:29, time: 0.361, data_time: 0.012, memory: 5158, loss_cls: 0.0416, loss_bbox: 0.2197, loss_centerness: 0.5520, loss: 0.8134, grad_norm: 10.5994
2026-05-08 23:24:22,563 - mmdet - INFO - Epoch [98][50/186]	lr: 7.658e-05, eta: 3:12:51, time: 0.418, data_time: 0.067, memory: 5158, loss_cls: 0.0439, loss_bbox: 0.2042, loss_centerness: 0.5454, loss: 0.7936, grad_norm: 11.5785
2026-05-08 23:24:40,661 - mmdet - INFO - Epoch [98][100/186]	lr: 7.658e-05, eta: 3:12:42, time: 0.362, data_time: 0.012, memory: 5158, loss_cls: 0.0433, loss_bbox: 0.2187, loss_centerness: 0.5535, loss: 0.8155, grad_norm: 11.8971
2026-05-08 23:24:58,804 - mmdet - INFO - Epoch [98][150/186]	lr: 7.658e-05, eta: 3:12:32, time: 0.363, data_time: 0.011, memory: 5158, loss_cls: 0.0348, loss_bbox: 0.1956, loss_centerness: 0.5501, loss: 0.7805, grad_norm: 11.6520
2026-05-08 23:25:32,920 - mmdet - INFO - Epoch [99][50/186]	lr: 7.614e-05, eta: 3:11:54, time: 0.418, data_time: 0.067, memory: 5158, loss_cls: 0.0426, loss_bbox: 0.2015, loss_centerness: 0.5549, loss: 0.7990, grad_norm: 11.7259
2026-05-08 23:25:51,008 - mmdet - INFO - Epoch [99][100/186]	lr: 7.614e-05, eta: 3:11:45, time: 0.362, data_time: 0.011, memory: 5158, loss_cls: 0.0391, loss_bbox: 0.1844, loss_centerness: 0.5131, loss: 0.7366, grad_norm: 10.5915
2026-05-08 23:26:09,118 - mmdet - INFO - Epoch [99][150/186]	lr: 7.614e-05, eta: 3:11:35, time: 0.362, data_time: 0.012, memory: 5158, loss_cls: 0.0395, loss_bbox: 0.2064, loss_centerness: 0.5556, loss: 0.8015, grad_norm: 11.3461
2026-05-08 23:26:43,284 - mmdet - INFO - Epoch [100][50/186]	lr: 7.570e-05, eta: 3:10:57, time: 0.420, data_time: 0.068, memory: 5158, loss_cls: 0.0313, loss_bbox: 0.2015, loss_centerness: 0.5400, loss: 0.7728, grad_norm: 11.9685
2026-05-08 23:27:01,358 - mmdet - INFO - Epoch [100][100/186]	lr: 7.570e-05, eta: 3:10:48, time: 0.361, data_time: 0.012, memory: 5158, loss_cls: 0.0443, loss_bbox: 0.1908, loss_centerness: 0.5277, loss: 0.7628, grad_norm: 10.8332
2026-05-08 23:27:19,524 - mmdet - INFO - Epoch [100][150/186]	lr: 7.570e-05, eta: 3:10:38, time: 0.363, data_time: 0.012, memory: 5158, loss_cls: 0.0421, loss_bbox: 0.1944, loss_centerness: 0.5502, loss: 0.7867, grad_norm: 10.6404
2026-05-08 23:27:32,674 - mmdet - INFO - Saving checkpoint at 100 epochs
2026-05-08 23:28:00,712 - mmdet - INFO - Evaluating bbox...
2026-05-08 23:28:04,965 - mmdet - INFO - 
 Average Precision  (AP) @[ IoU=0.50:0.95 | area=   all | maxDets=100 ] = 0.223
 Average Precision  (AP) @[ IoU=0.50      | area=   all | maxDets=1000 ] = 0.624
 Average Precision  (AP) @[ IoU=0.75      | area=   all | maxDets=1000 ] = 0.096
 Average Precision  (AP) @[ IoU=0.50:0.95 | area= small | maxDets=1000 ] = 0.027
 Average Precision  (AP) @[ IoU=0.50:0.95 | area=medium | maxDets=1000 ] = 0.155
 Average Precision  (AP) @[ IoU=0.50:0.95 | area= large | maxDets=1000 ] = 0.310
 Average Recall     (AR) @[ IoU=0.50:0.95 | area=   all | maxDets=100 ] = 0.346
 Average Recall     (AR) @[ IoU=0.50:0.95 | area=   all | maxDets=300 ] = 0.346
 Average Recall     (AR) @[ IoU=0.50:0.95 | area=   all | maxDets=1000 ] = 0.346
 Average Recall     (AR) @[ IoU=0.50:0.95 | area= small | maxDets=1000 ] = 0.031
 Average Recall     (AR) @[ IoU=0.50:0.95 | area=medium | maxDets=1000 ] = 0.267
 Average Recall     (AR) @[ IoU=0.50:0.95 | area= large | maxDets=1000 ] = 0.451

2026-05-08 23:28:04,973 - mmdet - INFO - Exp name: fold_1_swin_t_3x_hbb.py
2026-05-08 23:28:04,973 - mmdet - INFO - Epoch(val) [100][371]	bbox_mAP: 0.2230, bbox_mAP_50: 0.6240, bbox_mAP_75: 0.0960, bbox_mAP_s: 0.0270, bbox_mAP_m: 0.1550, bbox_mAP_l: 0.3100, bbox_mAP_copypaste: 0.223 0.624 0.096 0.027 0.155 0.310
2026-05-08 23:28:25,804 - mmdet - INFO - Epoch [101][50/186]	lr: 7.525e-05, eta: 3:10:00, time: 0.416, data_time: 0.067, memory: 5158, loss_cls: 0.0399, loss_bbox: 0.2010, loss_centerness: 0.5326, loss: 0.7735, grad_norm: 10.4355
2026-05-08 23:28:43,844 - mmdet - INFO - Epoch [101][100/186]	lr: 7.525e-05, eta: 3:09:50, time: 0.361, data_time: 0.011, memory: 5158, loss_cls: 0.0371, loss_bbox: 0.1898, loss_centerness: 0.5381, loss: 0.7651, grad_norm: 9.7714
2026-05-08 23:29:01,836 - mmdet - INFO - Epoch [101][150/186]	lr: 7.525e-05, eta: 3:09:40, time: 0.360, data_time: 0.011, memory: 5158, loss_cls: 0.0438, loss_bbox: 0.1945, loss_centerness: 0.5376, loss: 0.7759, grad_norm: 10.1437
2026-05-08 23:29:36,003 - mmdet - INFO - Epoch [102][50/186]	lr: 7.480e-05, eta: 3:09:03, time: 0.419, data_time: 0.068, memory: 5158, loss_cls: 0.0326, loss_bbox: 0.2010, loss_centerness: 0.5435, loss: 0.7772, grad_norm: 9.7721
2026-05-08 23:29:54,103 - mmdet - INFO - Epoch [102][100/186]	lr: 7.480e-05, eta: 3:08:53, time: 0.362, data_time: 0.012, memory: 5158, loss_cls: 0.0327, loss_bbox: 0.1896, loss_centerness: 0.5636, loss: 0.7859, grad_norm: 9.5707
2026-05-08 23:30:12,184 - mmdet - INFO - Epoch [102][150/186]	lr: 7.480e-05, eta: 3:08:43, time: 0.362, data_time: 0.012, memory: 5158, loss_cls: 0.0337, loss_bbox: 0.1997, loss_centerness: 0.5412, loss: 0.7746, grad_norm: 9.3850
2026-05-08 23:30:46,300 - mmdet - INFO - Epoch [103][50/186]	lr: 7.435e-05, eta: 3:08:06, time: 0.419, data_time: 0.067, memory: 5158, loss_cls: 0.0317, loss_bbox: 0.2007, loss_centerness: 0.5536, loss: 0.7859, grad_norm: 9.9788
2026-05-08 23:31:04,435 - mmdet - INFO - Epoch [103][100/186]	lr: 7.435e-05, eta: 3:07:56, time: 0.363, data_time: 0.012, memory: 5158, loss_cls: 0.0290, loss_bbox: 0.1756, loss_centerness: 0.5348, loss: 0.7395, grad_norm: 11.0541
2026-05-08 23:31:22,505 - mmdet - INFO - Epoch [103][150/186]	lr: 7.435e-05, eta: 3:07:46, time: 0.361, data_time: 0.012, memory: 5158, loss_cls: 0.0301, loss_bbox: 0.1848, loss_centerness: 0.5416, loss: 0.7565, grad_norm: 10.1892
2026-05-08 23:31:56,574 - mmdet - INFO - Epoch [104][50/186]	lr: 7.389e-05, eta: 3:07:09, time: 0.418, data_time: 0.067, memory: 5158, loss_cls: 0.0399, loss_bbox: 0.1972, loss_centerness: 0.5508, loss: 0.7879, grad_norm: 12.0187
2026-05-08 23:32:14,678 - mmdet - INFO - Epoch [104][100/186]	lr: 7.389e-05, eta: 3:06:59, time: 0.362, data_time: 0.012, memory: 5158, loss_cls: 0.0463, loss_bbox: 0.2190, loss_centerness: 0.5545, loss: 0.8198, grad_norm: 12.1674
2026-05-08 23:32:32,838 - mmdet - INFO - Epoch [104][150/186]	lr: 7.389e-05, eta: 3:06:49, time: 0.363, data_time: 0.011, memory: 5158, loss_cls: 0.0366, loss_bbox: 0.2111, loss_centerness: 0.5507, loss: 0.7985, grad_norm: 12.5657
2026-05-08 23:33:06,908 - mmdet - INFO - Epoch [105][50/186]	lr: 7.343e-05, eta: 3:06:12, time: 0.418, data_time: 0.067, memory: 5158, loss_cls: 0.0347, loss_bbox: 0.1863, loss_centerness: 0.5287, loss: 0.7498, grad_norm: 11.2755
2026-05-08 23:33:25,036 - mmdet - INFO - Epoch [105][100/186]	lr: 7.343e-05, eta: 3:06:02, time: 0.363, data_time: 0.012, memory: 5158, loss_cls: 0.0282, loss_bbox: 0.1690, loss_centerness: 0.5366, loss: 0.7338, grad_norm: 10.5997
2026-05-08 23:33:43,071 - mmdet - INFO - Epoch [105][150/186]	lr: 7.343e-05, eta: 3:05:52, time: 0.361, data_time: 0.011, memory: 5158, loss_cls: 0.0369, loss_bbox: 0.1971, loss_centerness: 0.5360, loss: 0.7701, grad_norm: 10.8638
2026-05-08 23:34:20,514 - mmdet - INFO - Evaluating bbox...
2026-05-08 23:34:24,811 - mmdet - INFO - 
 Average Precision  (AP) @[ IoU=0.50:0.95 | area=   all | maxDets=100 ] = 0.224
 Average Precision  (AP) @[ IoU=0.50      | area=   all | maxDets=1000 ] = 0.630
 Average Precision  (AP) @[ IoU=0.75      | area=   all | maxDets=1000 ] = 0.087
 Average Precision  (AP) @[ IoU=0.50:0.95 | area= small | maxDets=1000 ] = 0.020
 Average Precision  (AP) @[ IoU=0.50:0.95 | area=medium | maxDets=1000 ] = 0.163
 Average Precision  (AP) @[ IoU=0.50:0.95 | area= large | maxDets=1000 ] = 0.302
 Average Recall     (AR) @[ IoU=0.50:0.95 | area=   all | maxDets=100 ] = 0.349
 Average Recall     (AR) @[ IoU=0.50:0.95 | area=   all | maxDets=300 ] = 0.349
 Average Recall     (AR) @[ IoU=0.50:0.95 | area=   all | maxDets=1000 ] = 0.349
 Average Recall     (AR) @[ IoU=0.50:0.95 | area= small | maxDets=1000 ] = 0.045
 Average Recall     (AR) @[ IoU=0.50:0.95 | area=medium | maxDets=1000 ] = 0.275
 Average Recall     (AR) @[ IoU=0.50:0.95 | area= large | maxDets=1000 ] = 0.449

2026-05-08 23:34:24,818 - mmdet - INFO - Exp name: fold_1_swin_t_3x_hbb.py
2026-05-08 23:34:24,818 - mmdet - INFO - Epoch(val) [105][371]	bbox_mAP: 0.2240, bbox_mAP_50: 0.6300, bbox_mAP_75: 0.0870, bbox_mAP_s: 0.0200, bbox_mAP_m: 0.1630, bbox_mAP_l: 0.3020, bbox_mAP_copypaste: 0.224 0.630 0.087 0.020 0.163 0.302
2026-05-08 23:34:45,815 - mmdet - INFO - Epoch [106][50/186]	lr: 7.297e-05, eta: 3:05:15, time: 0.420, data_time: 0.068, memory: 5158, loss_cls: 0.0280, loss_bbox: 0.1841, loss_centerness: 0.5501, loss: 0.7622, grad_norm: 10.6706
2026-05-08 23:35:03,888 - mmdet - INFO - Epoch [106][100/186]	lr: 7.297e-05, eta: 3:05:05, time: 0.361, data_time: 0.012, memory: 5158, loss_cls: 0.0334, loss_bbox: 0.1935, loss_centerness: 0.5601, loss: 0.7870, grad_norm: 10.3014
2026-05-08 23:35:21,961 - mmdet - INFO - Epoch [106][150/186]	lr: 7.297e-05, eta: 3:04:55, time: 0.361, data_time: 0.011, memory: 5158, loss_cls: 0.0288, loss_bbox: 0.1835, loss_centerness: 0.5451, loss: 0.7574, grad_norm: 10.3854
2026-05-08 23:35:56,094 - mmdet - INFO - Epoch [107][50/186]	lr: 7.251e-05, eta: 3:04:18, time: 0.419, data_time: 0.067, memory: 5158, loss_cls: 0.0387, loss_bbox: 0.2071, loss_centerness: 0.5497, loss: 0.7956, grad_norm: 11.0452
2026-05-08 23:36:14,197 - mmdet - INFO - Epoch [107][100/186]	lr: 7.251e-05, eta: 3:04:08, time: 0.362, data_time: 0.012, memory: 5158, loss_cls: 0.0310, loss_bbox: 0.1932, loss_centerness: 0.5362, loss: 0.7604, grad_norm: 12.0197
2026-05-08 23:36:32,253 - mmdet - INFO - Epoch [107][150/186]	lr: 7.251e-05, eta: 3:03:57, time: 0.361, data_time: 0.012, memory: 5158, loss_cls: 0.0429, loss_bbox: 0.2177, loss_centerness: 0.5596, loss: 0.8202, grad_norm: 12.0394
2026-05-08 23:37:06,385 - mmdet - INFO - Epoch [108][50/186]	lr: 7.204e-05, eta: 3:03:21, time: 0.419, data_time: 0.067, memory: 5158, loss_cls: 0.0337, loss_bbox: 0.1826, loss_centerness: 0.5293, loss: 0.7457, grad_norm: 9.9956
2026-05-08 23:37:24,498 - mmdet - INFO - Epoch [108][100/186]	lr: 7.204e-05, eta: 3:03:11, time: 0.362, data_time: 0.012, memory: 5158, loss_cls: 0.0348, loss_bbox: 0.1986, loss_centerness: 0.5583, loss: 0.7917, grad_norm: 10.1173
2026-05-08 23:37:42,576 - mmdet - INFO - Epoch [108][150/186]	lr: 7.204e-05, eta: 3:03:00, time: 0.362, data_time: 0.011, memory: 5158, loss_cls: 0.0475, loss_bbox: 0.2288, loss_centerness: 0.5531, loss: 0.8295, grad_norm: 11.4313
2026-05-08 23:38:16,676 - mmdet - INFO - Epoch [109][50/186]	lr: 7.158e-05, eta: 3:02:24, time: 0.418, data_time: 0.067, memory: 5158, loss_cls: 0.0398, loss_bbox: 0.1923, loss_centerness: 0.5037, loss: 0.7357, grad_norm: 10.3926
2026-05-08 23:38:34,765 - mmdet - INFO - Epoch [109][100/186]	lr: 7.158e-05, eta: 3:02:14, time: 0.362, data_time: 0.012, memory: 5158, loss_cls: 0.0322, loss_bbox: 0.1889, loss_centerness: 0.5195, loss: 0.7407, grad_norm: 9.2343
2026-05-08 23:38:52,804 - mmdet - INFO - Epoch [109][150/186]	lr: 7.158e-05, eta: 3:02:03, time: 0.361, data_time: 0.011, memory: 5158, loss_cls: 0.0404, loss_bbox: 0.1810, loss_centerness: 0.5274, loss: 0.7488, grad_norm: 8.8357
2026-05-08 23:39:27,032 - mmdet - INFO - Epoch [110][50/186]	lr: 7.111e-05, eta: 3:01:27, time: 0.421, data_time: 0.067, memory: 5158, loss_cls: 0.0337, loss_bbox: 0.1800, loss_centerness: 0.5377, loss: 0.7514, grad_norm: 10.2716
2026-05-08 23:39:45,061 - mmdet - INFO - Epoch [110][100/186]	lr: 7.111e-05, eta: 3:01:16, time: 0.361, data_time: 0.011, memory: 5158, loss_cls: 0.0291, loss_bbox: 0.1620, loss_centerness: 0.5309, loss: 0.7220, grad_norm: 10.6357
2026-05-08 23:40:03,193 - mmdet - INFO - Epoch [110][150/186]	lr: 7.111e-05, eta: 3:01:06, time: 0.363, data_time: 0.012, memory: 5158, loss_cls: 0.0391, loss_bbox: 0.1887, loss_centerness: 0.5218, loss: 0.7496, grad_norm: 10.0075
2026-05-08 23:40:16,395 - mmdet - INFO - Saving checkpoint at 110 epochs
2026-05-08 23:40:43,816 - mmdet - INFO - Evaluating bbox...
2026-05-08 23:40:47,507 - mmdet - INFO - 
 Average Precision  (AP) @[ IoU=0.50:0.95 | area=   all | maxDets=100 ] = 0.229
 Average Precision  (AP) @[ IoU=0.50      | area=   all | maxDets=1000 ] = 0.631
 Average Precision  (AP) @[ IoU=0.75      | area=   all | maxDets=1000 ] = 0.101
 Average Precision  (AP) @[ IoU=0.50:0.95 | area= small | maxDets=1000 ] = 0.012
 Average Precision  (AP) @[ IoU=0.50:0.95 | area=medium | maxDets=1000 ] = 0.166
 Average Precision  (AP) @[ IoU=0.50:0.95 | area= large | maxDets=1000 ] = 0.309
 Average Recall     (AR) @[ IoU=0.50:0.95 | area=   all | maxDets=100 ] = 0.350
 Average Recall     (AR) @[ IoU=0.50:0.95 | area=   all | maxDets=300 ] = 0.350
 Average Recall     (AR) @[ IoU=0.50:0.95 | area=   all | maxDets=1000 ] = 0.350
 Average Recall     (AR) @[ IoU=0.50:0.95 | area= small | maxDets=1000 ] = 0.017
 Average Recall     (AR) @[ IoU=0.50:0.95 | area=medium | maxDets=1000 ] = 0.282
 Average Recall     (AR) @[ IoU=0.50:0.95 | area= large | maxDets=1000 ] = 0.444

2026-05-08 23:40:47,513 - mmdet - INFO - Exp name: fold_1_swin_t_3x_hbb.py
2026-05-08 23:40:47,513 - mmdet - INFO - Epoch(val) [110][371]	bbox_mAP: 0.2290, bbox_mAP_50: 0.6310, bbox_mAP_75: 0.1010, bbox_mAP_s: 0.0120, bbox_mAP_m: 0.1660, bbox_mAP_l: 0.3090, bbox_mAP_copypaste: 0.229 0.631 0.101 0.012 0.166 0.309
2026-05-08 23:41:08,408 - mmdet - INFO - Epoch [111][50/186]	lr: 7.063e-05, eta: 3:00:30, time: 0.418, data_time: 0.067, memory: 5158, loss_cls: 0.0325, loss_bbox: 0.1765, loss_centerness: 0.5462, loss: 0.7552, grad_norm: 9.3367
2026-05-08 23:41:26,409 - mmdet - INFO - Epoch [111][100/186]	lr: 7.063e-05, eta: 3:00:19, time: 0.360, data_time: 0.011, memory: 5158, loss_cls: 0.0295, loss_bbox: 0.1794, loss_centerness: 0.5169, loss: 0.7258, grad_norm: 9.8899
2026-05-08 23:41:44,407 - mmdet - INFO - Epoch [111][150/186]	lr: 7.063e-05, eta: 3:00:08, time: 0.360, data_time: 0.012, memory: 5158, loss_cls: 0.0291, loss_bbox: 0.1904, loss_centerness: 0.5499, loss: 0.7695, grad_norm: 10.1287
2026-05-08 23:42:18,599 - mmdet - INFO - Epoch [112][50/186]	lr: 7.016e-05, eta: 2:59:33, time: 0.421, data_time: 0.067, memory: 5158, loss_cls: 0.0272, loss_bbox: 0.1795, loss_centerness: 0.5162, loss: 0.7230, grad_norm: 13.3589
2026-05-08 23:42:36,559 - mmdet - INFO - Epoch [112][100/186]	lr: 7.016e-05, eta: 2:59:22, time: 0.359, data_time: 0.011, memory: 5158, loss_cls: 0.0344, loss_bbox: 0.1869, loss_centerness: 0.5301, loss: 0.7514, grad_norm: 11.9128
2026-05-08 23:42:54,636 - mmdet - INFO - Epoch [112][150/186]	lr: 7.016e-05, eta: 2:59:11, time: 0.362, data_time: 0.011, memory: 5158, loss_cls: 0.0241, loss_bbox: 0.1665, loss_centerness: 0.4993, loss: 0.6899, grad_norm: 11.9190
2026-05-08 23:43:28,733 - mmdet - INFO - Epoch [113][50/186]	lr: 6.968e-05, eta: 2:58:35, time: 0.418, data_time: 0.067, memory: 5158, loss_cls: 0.0266, loss_bbox: 0.1720, loss_centerness: 0.5252, loss: 0.7238, grad_norm: 10.4911
2026-05-08 23:43:46,877 - mmdet - INFO - Epoch [113][100/186]	lr: 6.968e-05, eta: 2:58:25, time: 0.363, data_time: 0.011, memory: 5158, loss_cls: 0.0427, loss_bbox: 0.2026, loss_centerness: 0.5482, loss: 0.7936, grad_norm: 10.7344
2026-05-08 23:44:04,933 - mmdet - INFO - Epoch [113][150/186]	lr: 6.968e-05, eta: 2:58:14, time: 0.361, data_time: 0.012, memory: 5158, loss_cls: 0.0288, loss_bbox: 0.1750, loss_centerness: 0.5381, loss: 0.7419, grad_norm: 10.2576
2026-05-08 23:44:39,179 - mmdet - INFO - Epoch [114][50/186]	lr: 6.920e-05, eta: 2:57:39, time: 0.420, data_time: 0.068, memory: 5158, loss_cls: 0.0253, loss_bbox: 0.1755, loss_centerness: 0.5472, loss: 0.7480, grad_norm: 9.7794
2026-05-08 23:44:57,255 - mmdet - INFO - Epoch [114][100/186]	lr: 6.920e-05, eta: 2:57:28, time: 0.362, data_time: 0.012, memory: 5158, loss_cls: 0.0287, loss_bbox: 0.1670, loss_centerness: 0.5176, loss: 0.7132, grad_norm: 9.8208
2026-05-08 23:45:15,321 - mmdet - INFO - Epoch [114][150/186]	lr: 6.920e-05, eta: 2:57:17, time: 0.361, data_time: 0.012, memory: 5158, loss_cls: 0.0280, loss_bbox: 0.1716, loss_centerness: 0.5061, loss: 0.7057, grad_norm: 9.2817
2026-05-08 23:45:49,386 - mmdet - INFO - Epoch [115][50/186]	lr: 6.872e-05, eta: 2:56:41, time: 0.418, data_time: 0.067, memory: 5158, loss_cls: 0.0266, loss_bbox: 0.1750, loss_centerness: 0.5619, loss: 0.7636, grad_norm: 7.2672
2026-05-08 23:46:07,496 - mmdet - INFO - Epoch [115][100/186]	lr: 6.872e-05, eta: 2:56:31, time: 0.362, data_time: 0.012, memory: 5158, loss_cls: 0.0246, loss_bbox: 0.1523, loss_centerness: 0.5221, loss: 0.6990, grad_norm: 8.6263
2026-05-08 23:46:25,628 - mmdet - INFO - Epoch [115][150/186]	lr: 6.872e-05, eta: 2:56:20, time: 0.363, data_time: 0.012, memory: 5158, loss_cls: 0.0297, loss_bbox: 0.1845, loss_centerness: 0.5592, loss: 0.7734, grad_norm: 8.8240
2026-05-08 23:47:03,036 - mmdet - INFO - Evaluating bbox...
2026-05-08 23:47:06,810 - mmdet - INFO - 
 Average Precision  (AP) @[ IoU=0.50:0.95 | area=   all | maxDets=100 ] = 0.227
 Average Precision  (AP) @[ IoU=0.50      | area=   all | maxDets=1000 ] = 0.627
 Average Precision  (AP) @[ IoU=0.75      | area=   all | maxDets=1000 ] = 0.096
 Average Precision  (AP) @[ IoU=0.50:0.95 | area= small | maxDets=1000 ] = 0.002
 Average Precision  (AP) @[ IoU=0.50:0.95 | area=medium | maxDets=1000 ] = 0.158
 Average Precision  (AP) @[ IoU=0.50:0.95 | area= large | maxDets=1000 ] = 0.311
 Average Recall     (AR) @[ IoU=0.50:0.95 | area=   all | maxDets=100 ] = 0.344
 Average Recall     (AR) @[ IoU=0.50:0.95 | area=   all | maxDets=300 ] = 0.344
 Average Recall     (AR) @[ IoU=0.50:0.95 | area=   all | maxDets=1000 ] = 0.344
 Average Recall     (AR) @[ IoU=0.50:0.95 | area= small | maxDets=1000 ] = 0.003
 Average Recall     (AR) @[ IoU=0.50:0.95 | area=medium | maxDets=1000 ] = 0.266
 Average Recall     (AR) @[ IoU=0.50:0.95 | area= large | maxDets=1000 ] = 0.450

2026-05-08 23:47:06,816 - mmdet - INFO - Exp name: fold_1_swin_t_3x_hbb.py
2026-05-08 23:47:06,816 - mmdet - INFO - Epoch(val) [115][371]	bbox_mAP: 0.2270, bbox_mAP_50: 0.6270, bbox_mAP_75: 0.0960, bbox_mAP_s: 0.0020, bbox_mAP_m: 0.1580, bbox_mAP_l: 0.3110, bbox_mAP_copypaste: 0.227 0.627 0.096 0.002 0.158 0.311
2026-05-08 23:47:27,753 - mmdet - INFO - Epoch [116][50/186]	lr: 6.824e-05, eta: 2:55:44, time: 0.418, data_time: 0.067, memory: 5158, loss_cls: 0.0283, loss_bbox: 0.1754, loss_centerness: 0.5322, loss: 0.7360, grad_norm: 11.4329
2026-05-08 23:47:45,809 - mmdet - INFO - Epoch [116][100/186]	lr: 6.824e-05, eta: 2:55:33, time: 0.361, data_time: 0.012, memory: 5158, loss_cls: 0.0306, loss_bbox: 0.1783, loss_centerness: 0.5246, loss: 0.7335, grad_norm: 11.2596
2026-05-08 23:48:03,977 - mmdet - INFO - Epoch [116][150/186]	lr: 6.824e-05, eta: 2:55:23, time: 0.363, data_time: 0.012, memory: 5158, loss_cls: 0.0293, loss_bbox: 0.1744, loss_centerness: 0.5472, loss: 0.7508, grad_norm: 11.3774
2026-05-08 23:48:38,021 - mmdet - INFO - Epoch [117][50/186]	lr: 6.775e-05, eta: 2:54:47, time: 0.418, data_time: 0.067, memory: 5158, loss_cls: 0.0348, loss_bbox: 0.1693, loss_centerness: 0.5422, loss: 0.7464, grad_norm: 11.1972
2026-05-08 23:48:56,060 - mmdet - INFO - Epoch [117][100/186]	lr: 6.775e-05, eta: 2:54:36, time: 0.361, data_time: 0.011, memory: 5158, loss_cls: 0.0254, loss_bbox: 0.1625, loss_centerness: 0.5153, loss: 0.7032, grad_norm: 12.3490
2026-05-08 23:49:14,044 - mmdet - INFO - Epoch [117][150/186]	lr: 6.775e-05, eta: 2:54:25, time: 0.360, data_time: 0.011, memory: 5158, loss_cls: 0.0265, loss_bbox: 0.1809, loss_centerness: 0.5160, loss: 0.7234, grad_norm: 11.3539
2026-05-08 23:49:48,087 - mmdet - INFO - Epoch [118][50/186]	lr: 6.727e-05, eta: 2:53:50, time: 0.417, data_time: 0.066, memory: 5158, loss_cls: 0.0246, loss_bbox: 0.1676, loss_centerness: 0.5250, loss: 0.7172, grad_norm: 10.5023
2026-05-08 23:50:06,125 - mmdet - INFO - Epoch [118][100/186]	lr: 6.727e-05, eta: 2:53:39, time: 0.361, data_time: 0.011, memory: 5158, loss_cls: 0.0269, loss_bbox: 0.1762, loss_centerness: 0.5266, loss: 0.7297, grad_norm: 10.3843
2026-05-08 23:50:24,234 - mmdet - INFO - Epoch [118][150/186]	lr: 6.727e-05, eta: 2:53:28, time: 0.362, data_time: 0.012, memory: 5158, loss_cls: 0.0259, loss_bbox: 0.1666, loss_centerness: 0.5174, loss: 0.7098, grad_norm: 10.3483
2026-05-08 23:50:58,370 - mmdet - INFO - Epoch [119][50/186]	lr: 6.678e-05, eta: 2:52:53, time: 0.418, data_time: 0.067, memory: 5158, loss_cls: 0.0282, loss_bbox: 0.1689, loss_centerness: 0.5353, loss: 0.7324, grad_norm: 9.8272
2026-05-08 23:51:16,417 - mmdet - INFO - Epoch [119][100/186]	lr: 6.678e-05, eta: 2:52:42, time: 0.361, data_time: 0.011, memory: 5158, loss_cls: 0.0353, loss_bbox: 0.1891, loss_centerness: 0.5420, loss: 0.7664, grad_norm: 11.2718
2026-05-08 23:51:34,460 - mmdet - INFO - Epoch [119][150/186]	lr: 6.678e-05, eta: 2:52:31, time: 0.361, data_time: 0.012, memory: 5158, loss_cls: 0.0341, loss_bbox: 0.1645, loss_centerness: 0.5370, loss: 0.7356, grad_norm: 10.9024
2026-05-08 23:52:08,553 - mmdet - INFO - Epoch [120][50/186]	lr: 6.629e-05, eta: 2:51:56, time: 0.419, data_time: 0.067, memory: 5158, loss_cls: 0.0305, loss_bbox: 0.1740, loss_centerness: 0.5342, loss: 0.7387, grad_norm: 10.3026
2026-05-08 23:52:26,558 - mmdet - INFO - Epoch [120][100/186]	lr: 6.629e-05, eta: 2:51:45, time: 0.360, data_time: 0.011, memory: 5158, loss_cls: 0.0290, loss_bbox: 0.1578, loss_centerness: 0.4939, loss: 0.6806, grad_norm: 10.5466
2026-05-08 23:52:44,712 - mmdet - INFO - Epoch [120][150/186]	lr: 6.629e-05, eta: 2:51:33, time: 0.363, data_time: 0.012, memory: 5158, loss_cls: 0.0275, loss_bbox: 0.1807, loss_centerness: 0.5616, loss: 0.7698, grad_norm: 10.5380
2026-05-08 23:52:57,929 - mmdet - INFO - Saving checkpoint at 120 epochs
2026-05-08 23:53:25,560 - mmdet - INFO - Evaluating bbox...
2026-05-08 23:53:28,960 - mmdet - INFO - 
 Average Precision  (AP) @[ IoU=0.50:0.95 | area=   all | maxDets=100 ] = 0.226
 Average Precision  (AP) @[ IoU=0.50      | area=   all | maxDets=1000 ] = 0.626
 Average Precision  (AP) @[ IoU=0.75      | area=   all | maxDets=1000 ] = 0.096
 Average Precision  (AP) @[ IoU=0.50:0.95 | area= small | maxDets=1000 ] = 0.033
 Average Precision  (AP) @[ IoU=0.50:0.95 | area=medium | maxDets=1000 ] = 0.161
 Average Precision  (AP) @[ IoU=0.50:0.95 | area= large | maxDets=1000 ] = 0.306
 Average Recall     (AR) @[ IoU=0.50:0.95 | area=   all | maxDets=100 ] = 0.341
 Average Recall     (AR) @[ IoU=0.50:0.95 | area=   all | maxDets=300 ] = 0.341
 Average Recall     (AR) @[ IoU=0.50:0.95 | area=   all | maxDets=1000 ] = 0.341
 Average Recall     (AR) @[ IoU=0.50:0.95 | area= small | maxDets=1000 ] = 0.048
 Average Recall     (AR) @[ IoU=0.50:0.95 | area=medium | maxDets=1000 ] = 0.268
 Average Recall     (AR) @[ IoU=0.50:0.95 | area= large | maxDets=1000 ] = 0.438

2026-05-08 23:53:28,965 - mmdet - INFO - Exp name: fold_1_swin_t_3x_hbb.py
2026-05-08 23:53:28,965 - mmdet - INFO - Epoch(val) [120][371]	bbox_mAP: 0.2260, bbox_mAP_50: 0.6260, bbox_mAP_75: 0.0960, bbox_mAP_s: 0.0330, bbox_mAP_m: 0.1610, bbox_mAP_l: 0.3060, bbox_mAP_copypaste: 0.226 0.626 0.096 0.033 0.161 0.306
2026-05-08 23:53:49,850 - mmdet - INFO - Epoch [121][50/186]	lr: 6.580e-05, eta: 2:50:59, time: 0.417, data_time: 0.067, memory: 5158, loss_cls: 0.0306, loss_bbox: 0.1881, loss_centerness: 0.5378, loss: 0.7565, grad_norm: 9.4484
2026-05-08 23:54:07,959 - mmdet - INFO - Epoch [121][100/186]	lr: 6.580e-05, eta: 2:50:47, time: 0.362, data_time: 0.012, memory: 5158, loss_cls: 0.0318, loss_bbox: 0.1783, loss_centerness: 0.5238, loss: 0.7338, grad_norm: 10.4519
2026-05-08 23:54:26,022 - mmdet - INFO - Epoch [121][150/186]	lr: 6.580e-05, eta: 2:50:36, time: 0.361, data_time: 0.012, memory: 5158, loss_cls: 0.0253, loss_bbox: 0.1631, loss_centerness: 0.5445, loss: 0.7329, grad_norm: 10.2493
2026-05-08 23:55:00,170 - mmdet - INFO - Epoch [122][50/186]	lr: 6.530e-05, eta: 2:50:02, time: 0.419, data_time: 0.067, memory: 5158, loss_cls: 0.0245, loss_bbox: 0.1640, loss_centerness: 0.5382, loss: 0.7268, grad_norm: 7.0520
2026-05-08 23:55:18,170 - mmdet - INFO - Epoch [122][100/186]	lr: 6.530e-05, eta: 2:49:50, time: 0.360, data_time: 0.011, memory: 5158, loss_cls: 0.0252, loss_bbox: 0.1539, loss_centerness: 0.5245, loss: 0.7036, grad_norm: 8.4838
2026-05-08 23:55:36,343 - mmdet - INFO - Epoch [122][150/186]	lr: 6.530e-05, eta: 2:49:39, time: 0.363, data_time: 0.012, memory: 5158, loss_cls: 0.0297, loss_bbox: 0.1790, loss_centerness: 0.5384, loss: 0.7470, grad_norm: 9.2858
2026-05-08 23:56:10,465 - mmdet - INFO - Epoch [123][50/186]	lr: 6.481e-05, eta: 2:49:05, time: 0.418, data_time: 0.067, memory: 5158, loss_cls: 0.0249, loss_bbox: 0.1669, loss_centerness: 0.5495, loss: 0.7412, grad_norm: 7.9390
2026-05-08 23:56:28,557 - mmdet - INFO - Epoch [123][100/186]	lr: 6.481e-05, eta: 2:48:53, time: 0.362, data_time: 0.011, memory: 5158, loss_cls: 0.0286, loss_bbox: 0.1749, loss_centerness: 0.5257, loss: 0.7292, grad_norm: 9.2611
2026-05-08 23:56:46,594 - mmdet - INFO - Epoch [123][150/186]	lr: 6.481e-05, eta: 2:48:42, time: 0.361, data_time: 0.011, memory: 5158, loss_cls: 0.0252, loss_bbox: 0.1771, loss_centerness: 0.5389, loss: 0.7412, grad_norm: 10.4707
2026-05-08 23:57:20,796 - mmdet - INFO - Epoch [124][50/186]	lr: 6.431e-05, eta: 2:48:07, time: 0.419, data_time: 0.067, memory: 5158, loss_cls: 0.0298, loss_bbox: 0.1634, loss_centerness: 0.5141, loss: 0.7073, grad_norm: 10.4220
2026-05-08 23:57:38,793 - mmdet - INFO - Epoch [124][100/186]	lr: 6.431e-05, eta: 2:47:56, time: 0.360, data_time: 0.011, memory: 5158, loss_cls: 0.0377, loss_bbox: 0.1997, loss_centerness: 0.5408, loss: 0.7782, grad_norm: 10.4339
2026-05-08 23:57:56,997 - mmdet - INFO - Epoch [124][150/186]	lr: 6.431e-05, eta: 2:47:45, time: 0.364, data_time: 0.012, memory: 5158, loss_cls: 0.0342, loss_bbox: 0.1704, loss_centerness: 0.5529, loss: 0.7576, grad_norm: 9.9137
2026-05-08 23:58:31,004 - mmdet - INFO - Epoch [125][50/186]	lr: 6.381e-05, eta: 2:47:10, time: 0.417, data_time: 0.067, memory: 5158, loss_cls: 0.0228, loss_bbox: 0.1491, loss_centerness: 0.5444, loss: 0.7163, grad_norm: 9.2768
2026-05-08 23:58:49,145 - mmdet - INFO - Epoch [125][100/186]	lr: 6.381e-05, eta: 2:46:59, time: 0.363, data_time: 0.012, memory: 5158, loss_cls: 0.0267, loss_bbox: 0.1706, loss_centerness: 0.5407, loss: 0.7380, grad_norm: 9.2689
2026-05-08 23:59:07,154 - mmdet - INFO - Epoch [125][150/186]	lr: 6.381e-05, eta: 2:46:47, time: 0.360, data_time: 0.011, memory: 5158, loss_cls: 0.0243, loss_bbox: 0.1585, loss_centerness: 0.5336, loss: 0.7164, grad_norm: 9.1934
2026-05-08 23:59:44,374 - mmdet - INFO - Evaluating bbox...
2026-05-08 23:59:47,991 - mmdet - INFO - 
 Average Precision  (AP) @[ IoU=0.50:0.95 | area=   all | maxDets=100 ] = 0.229
 Average Precision  (AP) @[ IoU=0.50      | area=   all | maxDets=1000 ] = 0.632
 Average Precision  (AP) @[ IoU=0.75      | area=   all | maxDets=1000 ] = 0.100
 Average Precision  (AP) @[ IoU=0.50:0.95 | area= small | maxDets=1000 ] = 0.022
 Average Precision  (AP) @[ IoU=0.50:0.95 | area=medium | maxDets=1000 ] = 0.164
 Average Precision  (AP) @[ IoU=0.50:0.95 | area= large | maxDets=1000 ] = 0.312
 Average Recall     (AR) @[ IoU=0.50:0.95 | area=   all | maxDets=100 ] = 0.350
 Average Recall     (AR) @[ IoU=0.50:0.95 | area=   all | maxDets=300 ] = 0.350
 Average Recall     (AR) @[ IoU=0.50:0.95 | area=   all | maxDets=1000 ] = 0.350
 Average Recall     (AR) @[ IoU=0.50:0.95 | area= small | maxDets=1000 ] = 0.041
 Average Recall     (AR) @[ IoU=0.50:0.95 | area=medium | maxDets=1000 ] = 0.284
 Average Recall     (AR) @[ IoU=0.50:0.95 | area= large | maxDets=1000 ] = 0.441

2026-05-08 23:59:47,997 - mmdet - INFO - Exp name: fold_1_swin_t_3x_hbb.py
2026-05-08 23:59:47,997 - mmdet - INFO - Epoch(val) [125][371]	bbox_mAP: 0.2290, bbox_mAP_50: 0.6320, bbox_mAP_75: 0.1000, bbox_mAP_s: 0.0220, bbox_mAP_m: 0.1640, bbox_mAP_l: 0.3120, bbox_mAP_copypaste: 0.229 0.632 0.100 0.022 0.164 0.312
2026-05-09 00:00:08,927 - mmdet - INFO - Epoch [126][50/186]	lr: 6.331e-05, eta: 2:46:13, time: 0.418, data_time: 0.067, memory: 5158, loss_cls: 0.0238, loss_bbox: 0.1616, loss_centerness: 0.5324, loss: 0.7178, grad_norm: 10.0514
2026-05-09 00:00:27,056 - mmdet - INFO - Epoch [126][100/186]	lr: 6.331e-05, eta: 2:46:02, time: 0.363, data_time: 0.012, memory: 5158, loss_cls: 0.0210, loss_bbox: 0.1738, loss_centerness: 0.5468, loss: 0.7417, grad_norm: 10.7463
2026-05-09 00:00:45,214 - mmdet - INFO - Epoch [126][150/186]	lr: 6.331e-05, eta: 2:45:50, time: 0.363, data_time: 0.011, memory: 5158, loss_cls: 0.0319, loss_bbox: 0.1618, loss_centerness: 0.5394, loss: 0.7331, grad_norm: 10.1128
2026-05-09 00:01:19,406 - mmdet - INFO - Epoch [127][50/186]	lr: 6.281e-05, eta: 2:45:16, time: 0.419, data_time: 0.067, memory: 5158, loss_cls: 0.0279, loss_bbox: 0.1714, loss_centerness: 0.5556, loss: 0.7549, grad_norm: 9.1779
2026-05-09 00:01:37,526 - mmdet - INFO - Epoch [127][100/186]	lr: 6.281e-05, eta: 2:45:05, time: 0.362, data_time: 0.012, memory: 5158, loss_cls: 0.0342, loss_bbox: 0.1624, loss_centerness: 0.5116, loss: 0.7082, grad_norm: 9.0754
2026-05-09 00:01:55,536 - mmdet - INFO - Epoch [127][150/186]	lr: 6.281e-05, eta: 2:44:53, time: 0.360, data_time: 0.012, memory: 5158, loss_cls: 0.0231, loss_bbox: 0.1360, loss_centerness: 0.5148, loss: 0.6739, grad_norm: 9.0011
2026-05-09 00:02:29,711 - mmdet - INFO - Epoch [128][50/186]	lr: 6.231e-05, eta: 2:44:19, time: 0.420, data_time: 0.067, memory: 5158, loss_cls: 0.0369, loss_bbox: 0.1809, loss_centerness: 0.5380, loss: 0.7558, grad_norm: 8.9695
2026-05-09 00:02:47,748 - mmdet - INFO - Epoch [128][100/186]	lr: 6.231e-05, eta: 2:44:08, time: 0.361, data_time: 0.011, memory: 5158, loss_cls: 0.0277, loss_bbox: 0.1706, loss_centerness: 0.5150, loss: 0.7134, grad_norm: 10.5575
2026-05-09 00:03:05,907 - mmdet - INFO - Epoch [128][150/186]	lr: 6.231e-05, eta: 2:43:56, time: 0.363, data_time: 0.011, memory: 5158, loss_cls: 0.0211, loss_bbox: 0.1634, loss_centerness: 0.5354, loss: 0.7199, grad_norm: 11.1994
2026-05-09 00:03:40,190 - mmdet - INFO - Epoch [129][50/186]	lr: 6.180e-05, eta: 2:43:22, time: 0.420, data_time: 0.068, memory: 5158, loss_cls: 0.0234, loss_bbox: 0.1738, loss_centerness: 0.5254, loss: 0.7226, grad_norm: 9.5915
2026-05-09 00:03:58,320 - mmdet - INFO - Epoch [129][100/186]	lr: 6.180e-05, eta: 2:43:11, time: 0.363, data_time: 0.011, memory: 5158, loss_cls: 0.0222, loss_bbox: 0.1544, loss_centerness: 0.5342, loss: 0.7108, grad_norm: 9.6697
2026-05-09 00:04:16,407 - mmdet - INFO - Epoch [129][150/186]	lr: 6.180e-05, eta: 2:42:59, time: 0.362, data_time: 0.011, memory: 5158, loss_cls: 0.0174, loss_bbox: 0.1346, loss_centerness: 0.5091, loss: 0.6611, grad_norm: 9.1895
2026-05-09 00:04:50,560 - mmdet - INFO - Epoch [130][50/186]	lr: 6.130e-05, eta: 2:42:25, time: 0.418, data_time: 0.066, memory: 5158, loss_cls: 0.0267, loss_bbox: 0.1771, loss_centerness: 0.5459, loss: 0.7497, grad_norm: 11.2191
2026-05-09 00:05:08,613 - mmdet - INFO - Epoch [130][100/186]	lr: 6.130e-05, eta: 2:42:14, time: 0.361, data_time: 0.011, memory: 5158, loss_cls: 0.0158, loss_bbox: 0.1481, loss_centerness: 0.5353, loss: 0.6992, grad_norm: 11.7266
2026-05-09 00:05:26,771 - mmdet - INFO - Epoch [130][150/186]	lr: 6.130e-05, eta: 2:42:02, time: 0.363, data_time: 0.012, memory: 5158, loss_cls: 0.0270, loss_bbox: 0.1720, loss_centerness: 0.5553, loss: 0.7543, grad_norm: 11.9344
2026-05-09 00:05:39,985 - mmdet - INFO - Saving checkpoint at 130 epochs
2026-05-09 00:06:06,036 - mmdet - INFO - Evaluating bbox...
2026-05-09 00:06:09,285 - mmdet - INFO - 
 Average Precision  (AP) @[ IoU=0.50:0.95 | area=   all | maxDets=100 ] = 0.230
 Average Precision  (AP) @[ IoU=0.50      | area=   all | maxDets=1000 ] = 0.635
 Average Precision  (AP) @[ IoU=0.75      | area=   all | maxDets=1000 ] = 0.103
 Average Precision  (AP) @[ IoU=0.50:0.95 | area= small | maxDets=1000 ] = 0.029
 Average Precision  (AP) @[ IoU=0.50:0.95 | area=medium | maxDets=1000 ] = 0.165
 Average Precision  (AP) @[ IoU=0.50:0.95 | area= large | maxDets=1000 ] = 0.309
 Average Recall     (AR) @[ IoU=0.50:0.95 | area=   all | maxDets=100 ] = 0.349
 Average Recall     (AR) @[ IoU=0.50:0.95 | area=   all | maxDets=300 ] = 0.349
 Average Recall     (AR) @[ IoU=0.50:0.95 | area=   all | maxDets=1000 ] = 0.349
 Average Recall     (AR) @[ IoU=0.50:0.95 | area= small | maxDets=1000 ] = 0.055
 Average Recall     (AR) @[ IoU=0.50:0.95 | area=medium | maxDets=1000 ] = 0.280
 Average Recall     (AR) @[ IoU=0.50:0.95 | area= large | maxDets=1000 ] = 0.443

2026-05-09 00:06:09,291 - mmdet - INFO - Exp name: fold_1_swin_t_3x_hbb.py
2026-05-09 00:06:09,291 - mmdet - INFO - Epoch(val) [130][371]	bbox_mAP: 0.2300, bbox_mAP_50: 0.6350, bbox_mAP_75: 0.1030, bbox_mAP_s: 0.0290, bbox_mAP_m: 0.1650, bbox_mAP_l: 0.3090, bbox_mAP_copypaste: 0.230 0.635 0.103 0.029 0.165 0.309
2026-05-09 00:06:30,206 - mmdet - INFO - Epoch [131][50/186]	lr: 6.079e-05, eta: 2:41:28, time: 0.418, data_time: 0.067, memory: 5158, loss_cls: 0.0244, loss_bbox: 0.1711, loss_centerness: 0.5480, loss: 0.7435, grad_norm: 9.0090
2026-05-09 00:06:48,265 - mmdet - INFO - Epoch [131][100/186]	lr: 6.079e-05, eta: 2:41:17, time: 0.361, data_time: 0.011, memory: 5158, loss_cls: 0.0263, loss_bbox: 0.1687, loss_centerness: 0.5434, loss: 0.7383, grad_norm: 9.3996
2026-05-09 00:07:06,379 - mmdet - INFO - Epoch [131][150/186]	lr: 6.079e-05, eta: 2:41:05, time: 0.362, data_time: 0.012, memory: 5158, loss_cls: 0.0226, loss_bbox: 0.1558, loss_centerness: 0.5356, loss: 0.7139, grad_norm: 9.3909
2026-05-09 00:07:40,534 - mmdet - INFO - Epoch [132][50/186]	lr: 6.028e-05, eta: 2:40:31, time: 0.420, data_time: 0.067, memory: 5158, loss_cls: 0.0252, loss_bbox: 0.1694, loss_centerness: 0.5482, loss: 0.7428, grad_norm: 11.2364
2026-05-09 00:07:58,677 - mmdet - INFO - Epoch [132][100/186]	lr: 6.028e-05, eta: 2:40:20, time: 0.363, data_time: 0.012, memory: 5158, loss_cls: 0.0212, loss_bbox: 0.1451, loss_centerness: 0.5117, loss: 0.6780, grad_norm: 9.8599
2026-05-09 00:08:16,785 - mmdet - INFO - Epoch [132][150/186]	lr: 6.028e-05, eta: 2:40:08, time: 0.362, data_time: 0.011, memory: 5158, loss_cls: 0.0236, loss_bbox: 0.1628, loss_centerness: 0.5255, loss: 0.7119, grad_norm: 10.9556
2026-05-09 00:08:50,993 - mmdet - INFO - Epoch [133][50/186]	lr: 5.978e-05, eta: 2:39:35, time: 0.420, data_time: 0.067, memory: 5158, loss_cls: 0.0220, loss_bbox: 0.1559, loss_centerness: 0.5323, loss: 0.7102, grad_norm: 9.9638
2026-05-09 00:09:09,149 - mmdet - INFO - Epoch [133][100/186]	lr: 5.978e-05, eta: 2:39:23, time: 0.363, data_time: 0.012, memory: 5158, loss_cls: 0.0215, loss_bbox: 0.1734, loss_centerness: 0.5587, loss: 0.7536, grad_norm: 9.7634
2026-05-09 00:09:27,203 - mmdet - INFO - Epoch [133][150/186]	lr: 5.978e-05, eta: 2:39:11, time: 0.361, data_time: 0.011, memory: 5158, loss_cls: 0.0211, loss_bbox: 0.1571, loss_centerness: 0.5449, loss: 0.7231, grad_norm: 10.5674
2026-05-09 00:10:01,509 - mmdet - INFO - Epoch [134][50/186]	lr: 5.927e-05, eta: 2:38:38, time: 0.422, data_time: 0.068, memory: 5158, loss_cls: 0.0250, loss_bbox: 0.1618, loss_centerness: 0.5375, loss: 0.7242, grad_norm: 11.3224
2026-05-09 00:10:19,545 - mmdet - INFO - Epoch [134][100/186]	lr: 5.927e-05, eta: 2:38:26, time: 0.361, data_time: 0.011, memory: 5158, loss_cls: 0.0158, loss_bbox: 0.1392, loss_centerness: 0.5070, loss: 0.6620, grad_norm: 11.4736
2026-05-09 00:10:37,723 - mmdet - INFO - Epoch [134][150/186]	lr: 5.927e-05, eta: 2:38:14, time: 0.364, data_time: 0.012, memory: 5158, loss_cls: 0.0258, loss_bbox: 0.1722, loss_centerness: 0.5354, loss: 0.7333, grad_norm: 11.5698
2026-05-09 00:11:11,873 - mmdet - INFO - Epoch [135][50/186]	lr: 5.876e-05, eta: 2:37:41, time: 0.419, data_time: 0.068, memory: 5158, loss_cls: 0.0569, loss_bbox: 0.1607, loss_centerness: 0.5180, loss: 0.7357, grad_norm: 10.4775
2026-05-09 00:11:30,042 - mmdet - INFO - Epoch [135][100/186]	lr: 5.876e-05, eta: 2:37:29, time: 0.363, data_time: 0.011, memory: 5158, loss_cls: 0.0544, loss_bbox: 0.1630, loss_centerness: 0.5269, loss: 0.7443, grad_norm: 11.6273
2026-05-09 00:11:48,177 - mmdet - INFO - Epoch [135][150/186]	lr: 5.876e-05, eta: 2:37:17, time: 0.363, data_time: 0.012, memory: 5158, loss_cls: 0.0581, loss_bbox: 0.1823, loss_centerness: 0.5362, loss: 0.7765, grad_norm: 11.1613
2026-05-09 00:12:25,689 - mmdet - INFO - Evaluating bbox...
2026-05-09 00:12:29,704 - mmdet - INFO - 
 Average Precision  (AP) @[ IoU=0.50:0.95 | area=   all | maxDets=100 ] = 0.220
 Average Precision  (AP) @[ IoU=0.50      | area=   all | maxDets=1000 ] = 0.618
 Average Precision  (AP) @[ IoU=0.75      | area=   all | maxDets=1000 ] = 0.091
 Average Precision  (AP) @[ IoU=0.50:0.95 | area= small | maxDets=1000 ] = 0.017
 Average Precision  (AP) @[ IoU=0.50:0.95 | area=medium | maxDets=1000 ] = 0.164
 Average Precision  (AP) @[ IoU=0.50:0.95 | area= large | maxDets=1000 ] = 0.293
 Average Recall     (AR) @[ IoU=0.50:0.95 | area=   all | maxDets=100 ] = 0.346
 Average Recall     (AR) @[ IoU=0.50:0.95 | area=   all | maxDets=300 ] = 0.346
 Average Recall     (AR) @[ IoU=0.50:0.95 | area=   all | maxDets=1000 ] = 0.346
 Average Recall     (AR) @[ IoU=0.50:0.95 | area= small | maxDets=1000 ] = 0.041
 Average Recall     (AR) @[ IoU=0.50:0.95 | area=medium | maxDets=1000 ] = 0.269
 Average Recall     (AR) @[ IoU=0.50:0.95 | area= large | maxDets=1000 ] = 0.449

2026-05-09 00:12:29,711 - mmdet - INFO - Exp name: fold_1_swin_t_3x_hbb.py
2026-05-09 00:12:29,711 - mmdet - INFO - Epoch(val) [135][371]	bbox_mAP: 0.2200, bbox_mAP_50: 0.6180, bbox_mAP_75: 0.0910, bbox_mAP_s: 0.0170, bbox_mAP_m: 0.1640, bbox_mAP_l: 0.2930, bbox_mAP_copypaste: 0.220 0.618 0.091 0.017 0.164 0.293
2026-05-09 00:12:50,669 - mmdet - INFO - Epoch [136][50/186]	lr: 5.824e-05, eta: 2:36:44, time: 0.419, data_time: 0.067, memory: 5158, loss_cls: 0.0440, loss_bbox: 0.1878, loss_centerness: 0.5349, loss: 0.7667, grad_norm: 12.3248
2026-05-09 00:13:08,757 - mmdet - INFO - Epoch [136][100/186]	lr: 5.824e-05, eta: 2:36:32, time: 0.362, data_time: 0.011, memory: 5158, loss_cls: 0.0347, loss_bbox: 0.1743, loss_centerness: 0.5441, loss: 0.7532, grad_norm: 12.1284
2026-05-09 00:13:26,888 - mmdet - INFO - Epoch [136][150/186]	lr: 5.824e-05, eta: 2:36:20, time: 0.363, data_time: 0.011, memory: 5158, loss_cls: 0.0346, loss_bbox: 0.1900, loss_centerness: 0.5559, loss: 0.7806, grad_norm: 12.1746
2026-05-09 00:14:01,037 - mmdet - INFO - Epoch [137][50/186]	lr: 5.773e-05, eta: 2:35:47, time: 0.418, data_time: 0.067, memory: 5158, loss_cls: 0.0220, loss_bbox: 0.1619, loss_centerness: 0.5304, loss: 0.7143, grad_norm: 9.7436
2026-05-09 00:14:19,233 - mmdet - INFO - Epoch [137][100/186]	lr: 5.773e-05, eta: 2:35:35, time: 0.364, data_time: 0.012, memory: 5158, loss_cls: 0.0384, loss_bbox: 0.1723, loss_centerness: 0.5599, loss: 0.7706, grad_norm: 9.2242
2026-05-09 00:14:37,282 - mmdet - INFO - Epoch [137][150/186]	lr: 5.773e-05, eta: 2:35:23, time: 0.361, data_time: 0.011, memory: 5158, loss_cls: 0.0255, loss_bbox: 0.1574, loss_centerness: 0.5421, loss: 0.7250, grad_norm: 9.3574
2026-05-09 00:15:11,514 - mmdet - INFO - Epoch [138][50/186]	lr: 5.722e-05, eta: 2:34:50, time: 0.421, data_time: 0.067, memory: 5158, loss_cls: 0.0282, loss_bbox: 0.1531, loss_centerness: 0.5484, loss: 0.7297, grad_norm: 11.0957
2026-05-09 00:15:29,622 - mmdet - INFO - Epoch [138][100/186]	lr: 5.722e-05, eta: 2:34:38, time: 0.362, data_time: 0.011, memory: 5158, loss_cls: 0.0418, loss_bbox: 0.1735, loss_centerness: 0.5393, loss: 0.7546, grad_norm: 9.6362
2026-05-09 00:15:47,672 - mmdet - INFO - Epoch [138][150/186]	lr: 5.722e-05, eta: 2:34:26, time: 0.361, data_time: 0.011, memory: 5158, loss_cls: 0.0366, loss_bbox: 0.1594, loss_centerness: 0.4942, loss: 0.6902, grad_norm: 10.0261
2026-05-09 00:16:21,851 - mmdet - INFO - Epoch [139][50/186]	lr: 5.670e-05, eta: 2:33:53, time: 0.419, data_time: 0.067, memory: 5158, loss_cls: 0.0290, loss_bbox: 0.1608, loss_centerness: 0.5479, loss: 0.7377, grad_norm: 12.5062
2026-05-09 00:16:39,988 - mmdet - INFO - Epoch [139][100/186]	lr: 5.670e-05, eta: 2:33:41, time: 0.363, data_time: 0.011, memory: 5158, loss_cls: 0.0232, loss_bbox: 0.1594, loss_centerness: 0.5220, loss: 0.7046, grad_norm: 11.8899
2026-05-09 00:16:58,079 - mmdet - INFO - Epoch [139][150/186]	lr: 5.670e-05, eta: 2:33:29, time: 0.362, data_time: 0.011, memory: 5158, loss_cls: 0.0258, loss_bbox: 0.1687, loss_centerness: 0.5507, loss: 0.7452, grad_norm: 10.3660
2026-05-09 00:17:32,265 - mmdet - INFO - Epoch [140][50/186]	lr: 5.619e-05, eta: 2:32:56, time: 0.419, data_time: 0.067, memory: 5158, loss_cls: 0.0291, loss_bbox: 0.1582, loss_centerness: 0.5034, loss: 0.6907, grad_norm: 10.2626
2026-05-09 00:17:50,431 - mmdet - INFO - Epoch [140][100/186]	lr: 5.619e-05, eta: 2:32:44, time: 0.363, data_time: 0.012, memory: 5158, loss_cls: 0.0253, loss_bbox: 0.1443, loss_centerness: 0.5241, loss: 0.6936, grad_norm: 9.6808
2026-05-09 00:18:08,577 - mmdet - INFO - Epoch [140][150/186]	lr: 5.619e-05, eta: 2:32:32, time: 0.363, data_time: 0.011, memory: 5158, loss_cls: 0.0280, loss_bbox: 0.1556, loss_centerness: 0.5187, loss: 0.7023, grad_norm: 9.7553
2026-05-09 00:18:21,833 - mmdet - INFO - Saving checkpoint at 140 epochs
2026-05-09 00:18:47,534 - mmdet - INFO - Evaluating bbox...
2026-05-09 00:18:51,173 - mmdet - INFO - 
 Average Precision  (AP) @[ IoU=0.50:0.95 | area=   all | maxDets=100 ] = 0.235
 Average Precision  (AP) @[ IoU=0.50      | area=   all | maxDets=1000 ] = 0.648
 Average Precision  (AP) @[ IoU=0.75      | area=   all | maxDets=1000 ] = 0.099
 Average Precision  (AP) @[ IoU=0.50:0.95 | area= small | maxDets=1000 ] = 0.033
 Average Precision  (AP) @[ IoU=0.50:0.95 | area=medium | maxDets=1000 ] = 0.175
 Average Precision  (AP) @[ IoU=0.50:0.95 | area= large | maxDets=1000 ] = 0.309
 Average Recall     (AR) @[ IoU=0.50:0.95 | area=   all | maxDets=100 ] = 0.359
 Average Recall     (AR) @[ IoU=0.50:0.95 | area=   all | maxDets=300 ] = 0.359
 Average Recall     (AR) @[ IoU=0.50:0.95 | area=   all | maxDets=1000 ] = 0.359
 Average Recall     (AR) @[ IoU=0.50:0.95 | area= small | maxDets=1000 ] = 0.048
 Average Recall     (AR) @[ IoU=0.50:0.95 | area=medium | maxDets=1000 ] = 0.296
 Average Recall     (AR) @[ IoU=0.50:0.95 | area= large | maxDets=1000 ] = 0.445

2026-05-09 00:18:51,179 - mmdet - INFO - Exp name: fold_1_swin_t_3x_hbb.py
2026-05-09 00:18:51,180 - mmdet - INFO - Epoch(val) [140][371]	bbox_mAP: 0.2350, bbox_mAP_50: 0.6480, bbox_mAP_75: 0.0990, bbox_mAP_s: 0.0330, bbox_mAP_m: 0.1750, bbox_mAP_l: 0.3090, bbox_mAP_copypaste: 0.235 0.648 0.099 0.033 0.175 0.309
2026-05-09 00:19:12,139 - mmdet - INFO - Epoch [141][50/186]	lr: 5.567e-05, eta: 2:31:59, time: 0.419, data_time: 0.068, memory: 5158, loss_cls: 0.0199, loss_bbox: 0.1549, loss_centerness: 0.5465, loss: 0.7213, grad_norm: 10.2672
2026-05-09 00:19:30,188 - mmdet - INFO - Epoch [141][100/186]	lr: 5.567e-05, eta: 2:31:47, time: 0.361, data_time: 0.011, memory: 5158, loss_cls: 0.0231, loss_bbox: 0.1763, loss_centerness: 0.5470, loss: 0.7463, grad_norm: 11.0814
2026-05-09 00:19:48,243 - mmdet - INFO - Epoch [141][150/186]	lr: 5.567e-05, eta: 2:31:34, time: 0.361, data_time: 0.011, memory: 5158, loss_cls: 0.0278, loss_bbox: 0.1568, loss_centerness: 0.5145, loss: 0.6991, grad_norm: 10.5152
2026-05-09 00:20:22,447 - mmdet - INFO - Epoch [142][50/186]	lr: 5.516e-05, eta: 2:31:02, time: 0.420, data_time: 0.067, memory: 5158, loss_cls: 0.0268, loss_bbox: 0.1581, loss_centerness: 0.5481, loss: 0.7330, grad_norm: 9.0106
2026-05-09 00:20:40,531 - mmdet - INFO - Epoch [142][100/186]	lr: 5.516e-05, eta: 2:30:50, time: 0.362, data_time: 0.011, memory: 5158, loss_cls: 0.0238, loss_bbox: 0.1616, loss_centerness: 0.5447, loss: 0.7302, grad_norm: 10.2324
2026-05-09 00:20:58,656 - mmdet - INFO - Epoch [142][150/186]	lr: 5.516e-05, eta: 2:30:37, time: 0.362, data_time: 0.011, memory: 5158, loss_cls: 0.0336, loss_bbox: 0.1606, loss_centerness: 0.5599, loss: 0.7541, grad_norm: 10.9314
2026-05-09 00:21:32,749 - mmdet - INFO - Epoch [143][50/186]	lr: 5.464e-05, eta: 2:30:05, time: 0.418, data_time: 0.067, memory: 5158, loss_cls: 0.0278, loss_bbox: 0.1640, loss_centerness: 0.5441, loss: 0.7359, grad_norm: 11.5703
2026-05-09 00:21:50,883 - mmdet - INFO - Epoch [143][100/186]	lr: 5.464e-05, eta: 2:29:53, time: 0.363, data_time: 0.011, memory: 5158, loss_cls: 0.0294, loss_bbox: 0.1521, loss_centerness: 0.5314, loss: 0.7129, grad_norm: 10.9894
2026-05-09 00:22:08,920 - mmdet - INFO - Epoch [143][150/186]	lr: 5.464e-05, eta: 2:29:40, time: 0.361, data_time: 0.011, memory: 5158, loss_cls: 0.0244, loss_bbox: 0.1443, loss_centerness: 0.4884, loss: 0.6571, grad_norm: 9.9211
2026-05-09 00:22:43,111 - mmdet - INFO - Epoch [144][50/186]	lr: 5.413e-05, eta: 2:29:08, time: 0.420, data_time: 0.067, memory: 5158, loss_cls: 0.0533, loss_bbox: 0.1632, loss_centerness: 0.5314, loss: 0.7480, grad_norm: 10.1473
2026-05-09 00:23:01,108 - mmdet - INFO - Epoch [144][100/186]	lr: 5.413e-05, eta: 2:28:55, time: 0.360, data_time: 0.011, memory: 5158, loss_cls: 0.0349, loss_bbox: 0.1276, loss_centerness: 0.5017, loss: 0.6642, grad_norm: 9.4779
2026-05-09 00:23:19,313 - mmdet - INFO - Epoch [144][150/186]	lr: 5.413e-05, eta: 2:28:43, time: 0.364, data_time: 0.012, memory: 5158, loss_cls: 0.0266, loss_bbox: 0.1554, loss_centerness: 0.5371, loss: 0.7190, grad_norm: 8.8935
2026-05-09 00:23:53,389 - mmdet - INFO - Epoch [145][50/186]	lr: 5.361e-05, eta: 2:28:11, time: 0.418, data_time: 0.067, memory: 5158, loss_cls: 0.0285, loss_bbox: 0.1533, loss_centerness: 0.5396, loss: 0.7213, grad_norm: 8.9921
2026-05-09 00:24:11,488 - mmdet - INFO - Epoch [145][100/186]	lr: 5.361e-05, eta: 2:27:58, time: 0.362, data_time: 0.011, memory: 5158, loss_cls: 0.0219, loss_bbox: 0.1452, loss_centerness: 0.5254, loss: 0.6926, grad_norm: 10.5361
2026-05-09 00:24:29,536 - mmdet - INFO - Epoch [145][150/186]	lr: 5.361e-05, eta: 2:27:46, time: 0.361, data_time: 0.011, memory: 5158, loss_cls: 0.0263, loss_bbox: 0.1591, loss_centerness: 0.5357, loss: 0.7212, grad_norm: 10.0631
2026-05-09 00:25:07,048 - mmdet - INFO - Evaluating bbox...
2026-05-09 00:25:10,770 - mmdet - INFO - 
 Average Precision  (AP) @[ IoU=0.50:0.95 | area=   all | maxDets=100 ] = 0.234
 Average Precision  (AP) @[ IoU=0.50      | area=   all | maxDets=1000 ] = 0.638
 Average Precision  (AP) @[ IoU=0.75      | area=   all | maxDets=1000 ] = 0.111
 Average Precision  (AP) @[ IoU=0.50:0.95 | area= small | maxDets=1000 ] = 0.034
 Average Precision  (AP) @[ IoU=0.50:0.95 | area=medium | maxDets=1000 ] = 0.174
 Average Precision  (AP) @[ IoU=0.50:0.95 | area= large | maxDets=1000 ] = 0.313
 Average Recall     (AR) @[ IoU=0.50:0.95 | area=   all | maxDets=100 ] = 0.363
 Average Recall     (AR) @[ IoU=0.50:0.95 | area=   all | maxDets=300 ] = 0.363
 Average Recall     (AR) @[ IoU=0.50:0.95 | area=   all | maxDets=1000 ] = 0.363
 Average Recall     (AR) @[ IoU=0.50:0.95 | area= small | maxDets=1000 ] = 0.055
 Average Recall     (AR) @[ IoU=0.50:0.95 | area=medium | maxDets=1000 ] = 0.295
 Average Recall     (AR) @[ IoU=0.50:0.95 | area= large | maxDets=1000 ] = 0.456

2026-05-09 00:25:10,777 - mmdet - INFO - Exp name: fold_1_swin_t_3x_hbb.py
2026-05-09 00:25:10,777 - mmdet - INFO - Epoch(val) [145][371]	bbox_mAP: 0.2340, bbox_mAP_50: 0.6380, bbox_mAP_75: 0.1110, bbox_mAP_s: 0.0340, bbox_mAP_m: 0.1740, bbox_mAP_l: 0.3130, bbox_mAP_copypaste: 0.234 0.638 0.111 0.034 0.174 0.313
2026-05-09 00:25:31,749 - mmdet - INFO - Epoch [146][50/186]	lr: 5.309e-05, eta: 2:27:14, time: 0.419, data_time: 0.067, memory: 5158, loss_cls: 0.0180, loss_bbox: 0.1356, loss_centerness: 0.5233, loss: 0.6769, grad_norm: 10.7356
2026-05-09 00:25:49,774 - mmdet - INFO - Epoch [146][100/186]	lr: 5.309e-05, eta: 2:27:01, time: 0.360, data_time: 0.012, memory: 5158, loss_cls: 0.0215, loss_bbox: 0.1589, loss_centerness: 0.5583, loss: 0.7387, grad_norm: 10.9639
2026-05-09 00:26:07,917 - mmdet - INFO - Epoch [146][150/186]	lr: 5.309e-05, eta: 2:26:49, time: 0.363, data_time: 0.011, memory: 5158, loss_cls: 0.0248, loss_bbox: 0.1486, loss_centerness: 0.5377, loss: 0.7111, grad_norm: 10.0968
2026-05-09 00:26:42,027 - mmdet - INFO - Epoch [147][50/186]	lr: 5.257e-05, eta: 2:26:17, time: 0.418, data_time: 0.067, memory: 5158, loss_cls: 0.0236, loss_bbox: 0.1419, loss_centerness: 0.5268, loss: 0.6923, grad_norm: 8.7878
2026-05-09 00:27:00,086 - mmdet - INFO - Epoch [147][100/186]	lr: 5.257e-05, eta: 2:26:04, time: 0.361, data_time: 0.011, memory: 5158, loss_cls: 0.0217, loss_bbox: 0.1486, loss_centerness: 0.5228, loss: 0.6932, grad_norm: 9.2014
2026-05-09 00:27:18,169 - mmdet - INFO - Epoch [147][150/186]	lr: 5.257e-05, eta: 2:25:52, time: 0.362, data_time: 0.011, memory: 5158, loss_cls: 0.0230, loss_bbox: 0.1526, loss_centerness: 0.5338, loss: 0.7094, grad_norm: 9.2715
2026-05-09 00:27:52,294 - mmdet - INFO - Epoch [148][50/186]	lr: 5.205e-05, eta: 2:25:20, time: 0.419, data_time: 0.067, memory: 5158, loss_cls: 0.0271, loss_bbox: 0.1273, loss_centerness: 0.4655, loss: 0.6200, grad_norm: 8.5441
2026-05-09 00:28:10,411 - mmdet - INFO - Epoch [148][100/186]	lr: 5.205e-05, eta: 2:25:07, time: 0.362, data_time: 0.012, memory: 5158, loss_cls: 0.0189, loss_bbox: 0.1385, loss_centerness: 0.5415, loss: 0.6989, grad_norm: 8.4003
2026-05-09 00:28:28,561 - mmdet - INFO - Epoch [148][150/186]	lr: 5.205e-05, eta: 2:24:55, time: 0.363, data_time: 0.011, memory: 5158, loss_cls: 0.0215, loss_bbox: 0.1394, loss_centerness: 0.5364, loss: 0.6973, grad_norm: 7.8450
2026-05-09 00:29:02,570 - mmdet - INFO - Epoch [149][50/186]	lr: 5.154e-05, eta: 2:24:22, time: 0.417, data_time: 0.067, memory: 5158, loss_cls: 0.0167, loss_bbox: 0.1266, loss_centerness: 0.5260, loss: 0.6693, grad_norm: 8.4347
2026-05-09 00:29:20,720 - mmdet - INFO - Epoch [149][100/186]	lr: 5.154e-05, eta: 2:24:10, time: 0.363, data_time: 0.011, memory: 5158, loss_cls: 0.0207, loss_bbox: 0.1463, loss_centerness: 0.5327, loss: 0.6997, grad_norm: 9.9071
2026-05-09 00:29:38,830 - mmdet - INFO - Epoch [149][150/186]	lr: 5.154e-05, eta: 2:23:57, time: 0.362, data_time: 0.011, memory: 5158, loss_cls: 0.0250, loss_bbox: 0.1413, loss_centerness: 0.5331, loss: 0.6994, grad_norm: 9.9285
2026-05-09 00:30:12,991 - mmdet - INFO - Epoch [150][50/186]	lr: 5.102e-05, eta: 2:23:25, time: 0.419, data_time: 0.067, memory: 5158, loss_cls: 0.0166, loss_bbox: 0.1394, loss_centerness: 0.5224, loss: 0.6784, grad_norm: 11.9460
2026-05-09 00:30:31,167 - mmdet - INFO - Epoch [150][100/186]	lr: 5.102e-05, eta: 2:23:13, time: 0.364, data_time: 0.012, memory: 5158, loss_cls: 0.0194, loss_bbox: 0.1554, loss_centerness: 0.5587, loss: 0.7335, grad_norm: 10.8100
2026-05-09 00:30:49,359 - mmdet - INFO - Epoch [150][150/186]	lr: 5.102e-05, eta: 2:23:00, time: 0.364, data_time: 0.011, memory: 5158, loss_cls: 0.0277, loss_bbox: 0.1633, loss_centerness: 0.5447, loss: 0.7358, grad_norm: 10.2310
2026-05-09 00:31:02,467 - mmdet - INFO - Saving checkpoint at 150 epochs
2026-05-09 00:31:28,581 - mmdet - INFO - Evaluating bbox...
2026-05-09 00:31:32,330 - mmdet - INFO - 
 Average Precision  (AP) @[ IoU=0.50:0.95 | area=   all | maxDets=100 ] = 0.239
 Average Precision  (AP) @[ IoU=0.50      | area=   all | maxDets=1000 ] = 0.656
 Average Precision  (AP) @[ IoU=0.75      | area=   all | maxDets=1000 ] = 0.107
 Average Precision  (AP) @[ IoU=0.50:0.95 | area= small | maxDets=1000 ] = 0.025
 Average Precision  (AP) @[ IoU=0.50:0.95 | area=medium | maxDets=1000 ] = 0.174
 Average Precision  (AP) @[ IoU=0.50:0.95 | area= large | maxDets=1000 ] = 0.321
 Average Recall     (AR) @[ IoU=0.50:0.95 | area=   all | maxDets=100 ] = 0.366
 Average Recall     (AR) @[ IoU=0.50:0.95 | area=   all | maxDets=300 ] = 0.366
 Average Recall     (AR) @[ IoU=0.50:0.95 | area=   all | maxDets=1000 ] = 0.366
 Average Recall     (AR) @[ IoU=0.50:0.95 | area= small | maxDets=1000 ] = 0.048
 Average Recall     (AR) @[ IoU=0.50:0.95 | area=medium | maxDets=1000 ] = 0.292
 Average Recall     (AR) @[ IoU=0.50:0.95 | area= large | maxDets=1000 ] = 0.467

2026-05-09 00:31:32,491 - mmdet - INFO - The previous best checkpoint /home/ahmadreza/Downloads/Research/M2SODAI/baseline_official/runs_swin_hbb/swin_t_hbb_fold_1/best_bbox_mAP_epoch_95.pth was removed
2026-05-09 00:31:34,136 - mmdet - INFO - Now best checkpoint is saved as best_bbox_mAP_epoch_150.pth.
2026-05-09 00:31:34,136 - mmdet - INFO - Best bbox_mAP is 0.2390 at 150 epoch.
2026-05-09 00:31:34,136 - mmdet - INFO - Exp name: fold_1_swin_t_3x_hbb.py
2026-05-09 00:31:34,137 - mmdet - INFO - Epoch(val) [150][371]	bbox_mAP: 0.2390, bbox_mAP_50: 0.6560, bbox_mAP_75: 0.1070, bbox_mAP_s: 0.0250, bbox_mAP_m: 0.1740, bbox_mAP_l: 0.3210, bbox_mAP_copypaste: 0.239 0.656 0.107 0.025 0.174 0.321
2026-05-09 00:31:55,107 - mmdet - INFO - Epoch [151][50/186]	lr: 5.050e-05, eta: 2:22:29, time: 0.419, data_time: 0.067, memory: 5158, loss_cls: 0.0194, loss_bbox: 0.1517, loss_centerness: 0.5587, loss: 0.7298, grad_norm: 10.7649
2026-05-09 00:32:13,142 - mmdet - INFO - Exp name: fold_1_swin_t_3x_hbb.py
2026-05-09 00:32:13,142 - mmdet - INFO - Epoch [151][100/186]	lr: 5.050e-05, eta: 2:22:16, time: 0.361, data_time: 0.012, memory: 5158, loss_cls: 0.0142, loss_bbox: 0.1278, loss_centerness: 0.4881, loss: 0.6301, grad_norm: 10.2345
2026-05-09 00:32:31,138 - mmdet - INFO - Epoch [151][150/186]	lr: 5.050e-05, eta: 2:22:03, time: 0.360, data_time: 0.012, memory: 5158, loss_cls: 0.0192, loss_bbox: 0.1427, loss_centerness: 0.5215, loss: 0.6835, grad_norm: 10.3333
2026-05-09 00:33:05,329 - mmdet - INFO - Epoch [152][50/186]	lr: 4.998e-05, eta: 2:21:31, time: 0.420, data_time: 0.067, memory: 5158, loss_cls: 0.0179, loss_bbox: 0.1325, loss_centerness: 0.5206, loss: 0.6710, grad_norm: 9.9092
2026-05-09 00:33:23,415 - mmdet - INFO - Epoch [152][100/186]	lr: 4.998e-05, eta: 2:21:19, time: 0.362, data_time: 0.012, memory: 5158, loss_cls: 0.0193, loss_bbox: 0.1414, loss_centerness: 0.5281, loss: 0.6887, grad_norm: 9.1155
2026-05-09 00:33:41,656 - mmdet - INFO - Epoch [152][150/186]	lr: 4.998e-05, eta: 2:21:06, time: 0.365, data_time: 0.012, memory: 5158, loss_cls: 0.0181, loss_bbox: 0.1368, loss_centerness: 0.5408, loss: 0.6957, grad_norm: 10.0721
2026-05-09 00:34:15,780 - mmdet - INFO - Epoch [153][50/186]	lr: 4.946e-05, eta: 2:20:34, time: 0.419, data_time: 0.068, memory: 5158, loss_cls: 0.0173, loss_bbox: 0.1423, loss_centerness: 0.5180, loss: 0.6776, grad_norm: 10.9404
2026-05-09 00:34:33,938 - mmdet - INFO - Epoch [153][100/186]	lr: 4.946e-05, eta: 2:20:22, time: 0.363, data_time: 0.012, memory: 5158, loss_cls: 0.0159, loss_bbox: 0.1410, loss_centerness: 0.5568, loss: 0.7137, grad_norm: 10.6834
2026-05-09 00:34:52,023 - mmdet - INFO - Epoch [153][150/186]	lr: 4.946e-05, eta: 2:20:09, time: 0.362, data_time: 0.012, memory: 5158, loss_cls: 0.0184, loss_bbox: 0.1534, loss_centerness: 0.5425, loss: 0.7143, grad_norm: 10.2152
2026-05-09 00:35:26,206 - mmdet - INFO - Epoch [154][50/186]	lr: 4.895e-05, eta: 2:19:38, time: 0.420, data_time: 0.067, memory: 5158, loss_cls: 0.0204, loss_bbox: 0.1483, loss_centerness: 0.5244, loss: 0.6932, grad_norm: 8.7381
2026-05-09 00:35:44,280 - mmdet - INFO - Epoch [154][100/186]	lr: 4.895e-05, eta: 2:19:25, time: 0.361, data_time: 0.011, memory: 5158, loss_cls: 0.0189, loss_bbox: 0.1397, loss_centerness: 0.5452, loss: 0.7038, grad_norm: 9.7676
2026-05-09 00:36:02,408 - mmdet - INFO - Epoch [154][150/186]	lr: 4.895e-05, eta: 2:19:12, time: 0.363, data_time: 0.012, memory: 5158, loss_cls: 0.0181, loss_bbox: 0.1410, loss_centerness: 0.5289, loss: 0.6880, grad_norm: 9.3517
2026-05-09 00:36:36,524 - mmdet - INFO - Epoch [155][50/186]	lr: 4.843e-05, eta: 2:18:40, time: 0.418, data_time: 0.067, memory: 5158, loss_cls: 0.0182, loss_bbox: 0.1319, loss_centerness: 0.5233, loss: 0.6735, grad_norm: 7.2018
2026-05-09 00:36:54,651 - mmdet - INFO - Epoch [155][100/186]	lr: 4.843e-05, eta: 2:18:28, time: 0.363, data_time: 0.011, memory: 5158, loss_cls: 0.0160, loss_bbox: 0.1325, loss_centerness: 0.5351, loss: 0.6836, grad_norm: 8.7906
2026-05-09 00:37:12,729 - mmdet - INFO - Epoch [155][150/186]	lr: 4.843e-05, eta: 2:18:15, time: 0.362, data_time: 0.012, memory: 5158, loss_cls: 0.0146, loss_bbox: 0.1230, loss_centerness: 0.5395, loss: 0.6771, grad_norm: 9.0861
2026-05-09 00:37:50,196 - mmdet - INFO - Evaluating bbox...
2026-05-09 00:37:53,322 - mmdet - INFO - 
 Average Precision  (AP) @[ IoU=0.50:0.95 | area=   all | maxDets=100 ] = 0.235
 Average Precision  (AP) @[ IoU=0.50      | area=   all | maxDets=1000 ] = 0.641
 Average Precision  (AP) @[ IoU=0.75      | area=   all | maxDets=1000 ] = 0.103
 Average Precision  (AP) @[ IoU=0.50:0.95 | area= small | maxDets=1000 ] = 0.032
 Average Precision  (AP) @[ IoU=0.50:0.95 | area=medium | maxDets=1000 ] = 0.176
 Average Precision  (AP) @[ IoU=0.50:0.95 | area= large | maxDets=1000 ] = 0.310
 Average Recall     (AR) @[ IoU=0.50:0.95 | area=   all | maxDets=100 ] = 0.362
 Average Recall     (AR) @[ IoU=0.50:0.95 | area=   all | maxDets=300 ] = 0.362
 Average Recall     (AR) @[ IoU=0.50:0.95 | area=   all | maxDets=1000 ] = 0.362
 Average Recall     (AR) @[ IoU=0.50:0.95 | area= small | maxDets=1000 ] = 0.052
 Average Recall     (AR) @[ IoU=0.50:0.95 | area=medium | maxDets=1000 ] = 0.293
 Average Recall     (AR) @[ IoU=0.50:0.95 | area= large | maxDets=1000 ] = 0.457

2026-05-09 00:37:53,328 - mmdet - INFO - Exp name: fold_1_swin_t_3x_hbb.py
2026-05-09 00:37:53,328 - mmdet - INFO - Epoch(val) [155][371]	bbox_mAP: 0.2350, bbox_mAP_50: 0.6410, bbox_mAP_75: 0.1030, bbox_mAP_s: 0.0320, bbox_mAP_m: 0.1760, bbox_mAP_l: 0.3100, bbox_mAP_copypaste: 0.235 0.641 0.103 0.032 0.176 0.310
2026-05-09 00:38:14,233 - mmdet - INFO - Epoch [156][50/186]	lr: 4.791e-05, eta: 2:17:43, time: 0.418, data_time: 0.066, memory: 5158, loss_cls: 0.0117, loss_bbox: 0.1192, loss_centerness: 0.5207, loss: 0.6516, grad_norm: 9.4968
2026-05-09 00:38:32,281 - mmdet - INFO - Epoch [156][100/186]	lr: 4.791e-05, eta: 2:17:31, time: 0.361, data_time: 0.012, memory: 5158, loss_cls: 0.0194, loss_bbox: 0.1384, loss_centerness: 0.5325, loss: 0.6904, grad_norm: 9.7642
2026-05-09 00:38:50,391 - mmdet - INFO - Epoch [156][150/186]	lr: 4.791e-05, eta: 2:17:18, time: 0.362, data_time: 0.012, memory: 5158, loss_cls: 0.0185, loss_bbox: 0.1405, loss_centerness: 0.5424, loss: 0.7014, grad_norm: 10.3950
2026-05-09 00:39:24,536 - mmdet - INFO - Epoch [157][50/186]	lr: 4.739e-05, eta: 2:16:46, time: 0.419, data_time: 0.067, memory: 5158, loss_cls: 0.0164, loss_bbox: 0.1352, loss_centerness: 0.5424, loss: 0.6941, grad_norm: 9.1556
2026-05-09 00:39:42,676 - mmdet - INFO - Epoch [157][100/186]	lr: 4.739e-05, eta: 2:16:33, time: 0.363, data_time: 0.011, memory: 5158, loss_cls: 0.0194, loss_bbox: 0.1315, loss_centerness: 0.5217, loss: 0.6727, grad_norm: 9.1789
2026-05-09 00:40:00,720 - mmdet - INFO - Epoch [157][150/186]	lr: 4.739e-05, eta: 2:16:21, time: 0.361, data_time: 0.011, memory: 5158, loss_cls: 0.0189, loss_bbox: 0.1301, loss_centerness: 0.5317, loss: 0.6808, grad_norm: 9.3114
2026-05-09 00:40:34,918 - mmdet - INFO - Epoch [158][50/186]	lr: 4.687e-05, eta: 2:15:49, time: 0.420, data_time: 0.067, memory: 5158, loss_cls: 0.0216, loss_bbox: 0.1471, loss_centerness: 0.5444, loss: 0.7131, grad_norm: 9.4280
2026-05-09 00:40:52,992 - mmdet - INFO - Epoch [158][100/186]	lr: 4.687e-05, eta: 2:15:36, time: 0.361, data_time: 0.011, memory: 5158, loss_cls: 0.0147, loss_bbox: 0.1282, loss_centerness: 0.5313, loss: 0.6743, grad_norm: 10.4026
2026-05-09 00:41:11,126 - mmdet - INFO - Epoch [158][150/186]	lr: 4.687e-05, eta: 2:15:23, time: 0.363, data_time: 0.012, memory: 5158, loss_cls: 0.0174, loss_bbox: 0.1439, loss_centerness: 0.5298, loss: 0.6911, grad_norm: 10.7416
2026-05-09 00:41:45,277 - mmdet - INFO - Epoch [159][50/186]	lr: 4.636e-05, eta: 2:14:52, time: 0.419, data_time: 0.067, memory: 5158, loss_cls: 0.0146, loss_bbox: 0.1264, loss_centerness: 0.5288, loss: 0.6699, grad_norm: 9.5601
2026-05-09 00:42:03,381 - mmdet - INFO - Epoch [159][100/186]	lr: 4.636e-05, eta: 2:14:39, time: 0.362, data_time: 0.011, memory: 5158, loss_cls: 0.0172, loss_bbox: 0.1346, loss_centerness: 0.5339, loss: 0.6858, grad_norm: 9.0264
2026-05-09 00:42:21,525 - mmdet - INFO - Epoch [159][150/186]	lr: 4.636e-05, eta: 2:14:26, time: 0.363, data_time: 0.011, memory: 5158, loss_cls: 0.0215, loss_bbox: 0.1455, loss_centerness: 0.5217, loss: 0.6887, grad_norm: 9.0692
2026-05-09 00:42:55,724 - mmdet - INFO - Epoch [160][50/186]	lr: 4.584e-05, eta: 2:13:55, time: 0.420, data_time: 0.067, memory: 5158, loss_cls: 0.0377, loss_bbox: 0.1680, loss_centerness: 0.5240, loss: 0.7297, grad_norm: 11.5802
2026-05-09 00:43:13,775 - mmdet - INFO - Epoch [160][100/186]	lr: 4.584e-05, eta: 2:13:42, time: 0.361, data_time: 0.011, memory: 5158, loss_cls: 0.0158, loss_bbox: 0.1396, loss_centerness: 0.5339, loss: 0.6892, grad_norm: 11.6258
2026-05-09 00:43:31,941 - mmdet - INFO - Epoch [160][150/186]	lr: 4.584e-05, eta: 2:13:29, time: 0.363, data_time: 0.011, memory: 5158, loss_cls: 0.0167, loss_bbox: 0.1337, loss_centerness: 0.5413, loss: 0.6916, grad_norm: 10.9657
2026-05-09 00:43:45,132 - mmdet - INFO - Saving checkpoint at 160 epochs
2026-05-09 00:44:11,233 - mmdet - INFO - Evaluating bbox...
2026-05-09 00:44:14,332 - mmdet - INFO - 
 Average Precision  (AP) @[ IoU=0.50:0.95 | area=   all | maxDets=100 ] = 0.241
 Average Precision  (AP) @[ IoU=0.50      | area=   all | maxDets=1000 ] = 0.646
 Average Precision  (AP) @[ IoU=0.75      | area=   all | maxDets=1000 ] = 0.117
 Average Precision  (AP) @[ IoU=0.50:0.95 | area= small | maxDets=1000 ] = 0.030
 Average Precision  (AP) @[ IoU=0.50:0.95 | area=medium | maxDets=1000 ] = 0.176
 Average Precision  (AP) @[ IoU=0.50:0.95 | area= large | maxDets=1000 ] = 0.323
 Average Recall     (AR) @[ IoU=0.50:0.95 | area=   all | maxDets=100 ] = 0.359
 Average Recall     (AR) @[ IoU=0.50:0.95 | area=   all | maxDets=300 ] = 0.359
 Average Recall     (AR) @[ IoU=0.50:0.95 | area=   all | maxDets=1000 ] = 0.359
 Average Recall     (AR) @[ IoU=0.50:0.95 | area= small | maxDets=1000 ] = 0.072
 Average Recall     (AR) @[ IoU=0.50:0.95 | area=medium | maxDets=1000 ] = 0.290
 Average Recall     (AR) @[ IoU=0.50:0.95 | area= large | maxDets=1000 ] = 0.452

2026-05-09 00:44:14,492 - mmdet - INFO - The previous best checkpoint /home/ahmadreza/Downloads/Research/M2SODAI/baseline_official/runs_swin_hbb/swin_t_hbb_fold_1/best_bbox_mAP_epoch_150.pth was removed
2026-05-09 00:44:16,144 - mmdet - INFO - Now best checkpoint is saved as best_bbox_mAP_epoch_160.pth.
2026-05-09 00:44:16,144 - mmdet - INFO - Best bbox_mAP is 0.2410 at 160 epoch.
2026-05-09 00:44:16,145 - mmdet - INFO - Exp name: fold_1_swin_t_3x_hbb.py
2026-05-09 00:44:16,145 - mmdet - INFO - Epoch(val) [160][371]	bbox_mAP: 0.2410, bbox_mAP_50: 0.6460, bbox_mAP_75: 0.1170, bbox_mAP_s: 0.0300, bbox_mAP_m: 0.1760, bbox_mAP_l: 0.3230, bbox_mAP_copypaste: 0.241 0.646 0.117 0.030 0.176 0.323
2026-05-09 00:44:36,952 - mmdet - INFO - Epoch [161][50/186]	lr: 4.533e-05, eta: 2:12:58, time: 0.416, data_time: 0.067, memory: 5158, loss_cls: 0.0166, loss_bbox: 0.1290, loss_centerness: 0.5294, loss: 0.6751, grad_norm: 8.9756
2026-05-09 00:44:54,961 - mmdet - INFO - Epoch [161][100/186]	lr: 4.533e-05, eta: 2:12:45, time: 0.360, data_time: 0.011, memory: 5158, loss_cls: 0.0332, loss_bbox: 0.1476, loss_centerness: 0.5098, loss: 0.6906, grad_norm: 9.5832
2026-05-09 00:45:13,070 - mmdet - INFO - Epoch [161][150/186]	lr: 4.533e-05, eta: 2:12:32, time: 0.362, data_time: 0.012, memory: 5158, loss_cls: 0.0287, loss_bbox: 0.1411, loss_centerness: 0.5494, loss: 0.7192, grad_norm: 10.0877
2026-05-09 00:45:47,186 - mmdet - INFO - Epoch [162][50/186]	lr: 4.481e-05, eta: 2:12:01, time: 0.419, data_time: 0.067, memory: 5158, loss_cls: 0.0186, loss_bbox: 0.1265, loss_centerness: 0.5461, loss: 0.6912, grad_norm: 9.2614
2026-05-09 00:46:05,221 - mmdet - INFO - Epoch [162][100/186]	lr: 4.481e-05, eta: 2:11:48, time: 0.361, data_time: 0.011, memory: 5158, loss_cls: 0.0242, loss_bbox: 0.1374, loss_centerness: 0.5323, loss: 0.6940, grad_norm: 9.8522
2026-05-09 00:46:23,247 - mmdet - INFO - Epoch [162][150/186]	lr: 4.481e-05, eta: 2:11:35, time: 0.361, data_time: 0.011, memory: 5158, loss_cls: 0.0320, loss_bbox: 0.1338, loss_centerness: 0.5129, loss: 0.6787, grad_norm: 9.5147
2026-05-09 00:46:57,256 - mmdet - INFO - Epoch [163][50/186]	lr: 4.430e-05, eta: 2:11:04, time: 0.416, data_time: 0.066, memory: 5158, loss_cls: 0.0370, loss_bbox: 0.1470, loss_centerness: 0.4910, loss: 0.6750, grad_norm: 8.8017
2026-05-09 00:47:15,463 - mmdet - INFO - Epoch [163][100/186]	lr: 4.430e-05, eta: 2:10:51, time: 0.364, data_time: 0.012, memory: 5158, loss_cls: 0.0180, loss_bbox: 0.1330, loss_centerness: 0.5550, loss: 0.7060, grad_norm: 8.7037
2026-05-09 00:47:33,448 - mmdet - INFO - Epoch [163][150/186]	lr: 4.430e-05, eta: 2:10:38, time: 0.360, data_time: 0.011, memory: 5158, loss_cls: 0.0173, loss_bbox: 0.1184, loss_centerness: 0.5095, loss: 0.6452, grad_norm: 8.1286
2026-05-09 00:48:07,553 - mmdet - INFO - Epoch [164][50/186]	lr: 4.378e-05, eta: 2:10:07, time: 0.418, data_time: 0.067, memory: 5158, loss_cls: 0.0109, loss_bbox: 0.1220, loss_centerness: 0.5399, loss: 0.6727, grad_norm: 10.0096
2026-05-09 00:48:25,566 - mmdet - INFO - Epoch [164][100/186]	lr: 4.378e-05, eta: 2:09:53, time: 0.360, data_time: 0.012, memory: 5158, loss_cls: 0.0146, loss_bbox: 0.1268, loss_centerness: 0.5298, loss: 0.6711, grad_norm: 9.9926
2026-05-09 00:48:43,763 - mmdet - INFO - Epoch [164][150/186]	lr: 4.378e-05, eta: 2:09:40, time: 0.364, data_time: 0.012, memory: 5158, loss_cls: 0.0167, loss_bbox: 0.1357, loss_centerness: 0.5441, loss: 0.6965, grad_norm: 9.8162
2026-05-09 00:49:17,849 - mmdet - INFO - Epoch [165][50/186]	lr: 4.327e-05, eta: 2:09:09, time: 0.418, data_time: 0.067, memory: 5158, loss_cls: 0.0184, loss_bbox: 0.1317, loss_centerness: 0.5301, loss: 0.6802, grad_norm: 9.9031
2026-05-09 00:49:35,946 - mmdet - INFO - Epoch [165][100/186]	lr: 4.327e-05, eta: 2:08:56, time: 0.362, data_time: 0.012, memory: 5158, loss_cls: 0.0120, loss_bbox: 0.1287, loss_centerness: 0.5348, loss: 0.6755, grad_norm: 10.4635
2026-05-09 00:49:53,990 - mmdet - INFO - Epoch [165][150/186]	lr: 4.327e-05, eta: 2:08:43, time: 0.361, data_time: 0.011, memory: 5158, loss_cls: 0.0158, loss_bbox: 0.1396, loss_centerness: 0.5275, loss: 0.6829, grad_norm: 10.2355
2026-05-09 00:50:31,330 - mmdet - INFO - Evaluating bbox...
2026-05-09 00:50:34,410 - mmdet - INFO - 
 Average Precision  (AP) @[ IoU=0.50:0.95 | area=   all | maxDets=100 ] = 0.232
 Average Precision  (AP) @[ IoU=0.50      | area=   all | maxDets=1000 ] = 0.644
 Average Precision  (AP) @[ IoU=0.75      | area=   all | maxDets=1000 ] = 0.099
 Average Precision  (AP) @[ IoU=0.50:0.95 | area= small | maxDets=1000 ] = 0.048
 Average Precision  (AP) @[ IoU=0.50:0.95 | area=medium | maxDets=1000 ] = 0.171
 Average Precision  (AP) @[ IoU=0.50:0.95 | area= large | maxDets=1000 ] = 0.309
 Average Recall     (AR) @[ IoU=0.50:0.95 | area=   all | maxDets=100 ] = 0.354
 Average Recall     (AR) @[ IoU=0.50:0.95 | area=   all | maxDets=300 ] = 0.354
 Average Recall     (AR) @[ IoU=0.50:0.95 | area=   all | maxDets=1000 ] = 0.354
 Average Recall     (AR) @[ IoU=0.50:0.95 | area= small | maxDets=1000 ] = 0.079
 Average Recall     (AR) @[ IoU=0.50:0.95 | area=medium | maxDets=1000 ] = 0.290
 Average Recall     (AR) @[ IoU=0.50:0.95 | area= large | maxDets=1000 ] = 0.441

2026-05-09 00:50:34,415 - mmdet - INFO - Exp name: fold_1_swin_t_3x_hbb.py
2026-05-09 00:50:34,416 - mmdet - INFO - Epoch(val) [165][371]	bbox_mAP: 0.2320, bbox_mAP_50: 0.6440, bbox_mAP_75: 0.0990, bbox_mAP_s: 0.0480, bbox_mAP_m: 0.1710, bbox_mAP_l: 0.3090, bbox_mAP_copypaste: 0.232 0.644 0.099 0.048 0.171 0.309
2026-05-09 00:50:55,497 - mmdet - INFO - Epoch [166][50/186]	lr: 4.276e-05, eta: 2:08:12, time: 0.421, data_time: 0.068, memory: 5158, loss_cls: 0.0184, loss_bbox: 0.1253, loss_centerness: 0.5361, loss: 0.6799, grad_norm: 10.0353
2026-05-09 00:51:13,537 - mmdet - INFO - Epoch [166][100/186]	lr: 4.276e-05, eta: 2:07:59, time: 0.361, data_time: 0.012, memory: 5158, loss_cls: 0.0256, loss_bbox: 0.1412, loss_centerness: 0.5322, loss: 0.6991, grad_norm: 9.4627
2026-05-09 00:51:31,674 - mmdet - INFO - Epoch [166][150/186]	lr: 4.276e-05, eta: 2:07:46, time: 0.363, data_time: 0.011, memory: 5158, loss_cls: 0.0304, loss_bbox: 0.1299, loss_centerness: 0.5184, loss: 0.6787, grad_norm: 9.1571
2026-05-09 00:52:05,763 - mmdet - INFO - Epoch [167][50/186]	lr: 4.224e-05, eta: 2:07:15, time: 0.418, data_time: 0.067, memory: 5158, loss_cls: 0.0173, loss_bbox: 0.1305, loss_centerness: 0.5176, loss: 0.6654, grad_norm: 8.8370
2026-05-09 00:52:23,912 - mmdet - INFO - Epoch [167][100/186]	lr: 4.224e-05, eta: 2:07:02, time: 0.363, data_time: 0.012, memory: 5158, loss_cls: 0.0141, loss_bbox: 0.1293, loss_centerness: 0.5314, loss: 0.6748, grad_norm: 9.6354
2026-05-09 00:52:41,984 - mmdet - INFO - Epoch [167][150/186]	lr: 4.224e-05, eta: 2:06:49, time: 0.361, data_time: 0.012, memory: 5158, loss_cls: 0.0162, loss_bbox: 0.1330, loss_centerness: 0.5542, loss: 0.7034, grad_norm: 9.3026
2026-05-09 00:53:16,228 - mmdet - INFO - Epoch [168][50/186]	lr: 4.173e-05, eta: 2:06:18, time: 0.420, data_time: 0.067, memory: 5158, loss_cls: 0.0182, loss_bbox: 0.1320, loss_centerness: 0.5259, loss: 0.6761, grad_norm: 8.6518
2026-05-09 00:53:34,315 - mmdet - INFO - Epoch [168][100/186]	lr: 4.173e-05, eta: 2:06:05, time: 0.362, data_time: 0.011, memory: 5158, loss_cls: 0.0163, loss_bbox: 0.1200, loss_centerness: 0.5127, loss: 0.6490, grad_norm: 9.3564
2026-05-09 00:53:52,470 - mmdet - INFO - Epoch [168][150/186]	lr: 4.173e-05, eta: 2:05:52, time: 0.363, data_time: 0.011, memory: 5158, loss_cls: 0.0498, loss_bbox: 0.1342, loss_centerness: 0.5119, loss: 0.6959, grad_norm: 9.2577
2026-05-09 00:54:26,498 - mmdet - INFO - Epoch [169][50/186]	lr: 4.122e-05, eta: 2:05:21, time: 0.416, data_time: 0.067, memory: 5158, loss_cls: 0.0330, loss_bbox: 0.1299, loss_centerness: 0.5201, loss: 0.6830, grad_norm: 9.9930
2026-05-09 00:54:44,649 - mmdet - INFO - Epoch [169][100/186]	lr: 4.122e-05, eta: 2:05:08, time: 0.363, data_time: 0.012, memory: 5158, loss_cls: 0.0266, loss_bbox: 0.1373, loss_centerness: 0.5349, loss: 0.6989, grad_norm: 9.0322
2026-05-09 00:55:02,735 - mmdet - INFO - Epoch [169][150/186]	lr: 4.122e-05, eta: 2:04:55, time: 0.362, data_time: 0.011, memory: 5158, loss_cls: 0.0272, loss_bbox: 0.1297, loss_centerness: 0.5185, loss: 0.6755, grad_norm: 8.8696
2026-05-09 00:55:36,908 - mmdet - INFO - Epoch [170][50/186]	lr: 4.072e-05, eta: 2:04:24, time: 0.419, data_time: 0.067, memory: 5158, loss_cls: 0.0179, loss_bbox: 0.1254, loss_centerness: 0.5468, loss: 0.6901, grad_norm: 10.1153
2026-05-09 00:55:54,978 - mmdet - INFO - Epoch [170][100/186]	lr: 4.072e-05, eta: 2:04:11, time: 0.361, data_time: 0.011, memory: 5158, loss_cls: 0.0127, loss_bbox: 0.1314, loss_centerness: 0.5428, loss: 0.6869, grad_norm: 10.2124
2026-05-09 00:56:13,201 - mmdet - INFO - Epoch [170][150/186]	lr: 4.072e-05, eta: 2:03:58, time: 0.364, data_time: 0.012, memory: 5158, loss_cls: 0.0175, loss_bbox: 0.1338, loss_centerness: 0.5336, loss: 0.6850, grad_norm: 10.5482
2026-05-09 00:56:26,378 - mmdet - INFO - Saving checkpoint at 170 epochs
2026-05-09 00:56:52,606 - mmdet - INFO - Evaluating bbox...
2026-05-09 00:56:56,220 - mmdet - INFO - 
 Average Precision  (AP) @[ IoU=0.50:0.95 | area=   all | maxDets=100 ] = 0.241
 Average Precision  (AP) @[ IoU=0.50      | area=   all | maxDets=1000 ] = 0.653
 Average Precision  (AP) @[ IoU=0.75      | area=   all | maxDets=1000 ] = 0.114
 Average Precision  (AP) @[ IoU=0.50:0.95 | area= small | maxDets=1000 ] = 0.049
 Average Precision  (AP) @[ IoU=0.50:0.95 | area=medium | maxDets=1000 ] = 0.179
 Average Precision  (AP) @[ IoU=0.50:0.95 | area= large | maxDets=1000 ] = 0.317
 Average Recall     (AR) @[ IoU=0.50:0.95 | area=   all | maxDets=100 ] = 0.369
 Average Recall     (AR) @[ IoU=0.50:0.95 | area=   all | maxDets=300 ] = 0.369
 Average Recall     (AR) @[ IoU=0.50:0.95 | area=   all | maxDets=1000 ] = 0.369
 Average Recall     (AR) @[ IoU=0.50:0.95 | area= small | maxDets=1000 ] = 0.069
 Average Recall     (AR) @[ IoU=0.50:0.95 | area=medium | maxDets=1000 ] = 0.299
 Average Recall     (AR) @[ IoU=0.50:0.95 | area= large | maxDets=1000 ] = 0.463

2026-05-09 00:56:56,226 - mmdet - INFO - Exp name: fold_1_swin_t_3x_hbb.py
2026-05-09 00:56:56,226 - mmdet - INFO - Epoch(val) [170][371]	bbox_mAP: 0.2410, bbox_mAP_50: 0.6530, bbox_mAP_75: 0.1140, bbox_mAP_s: 0.0490, bbox_mAP_m: 0.1790, bbox_mAP_l: 0.3170, bbox_mAP_copypaste: 0.241 0.653 0.114 0.049 0.179 0.317
2026-05-09 00:57:17,028 - mmdet - INFO - Epoch [171][50/186]	lr: 4.021e-05, eta: 2:03:27, time: 0.416, data_time: 0.067, memory: 5158, loss_cls: 0.0165, loss_bbox: 0.1067, loss_centerness: 0.5150, loss: 0.6382, grad_norm: 7.2157
2026-05-09 00:57:35,165 - mmdet - INFO - Epoch [171][100/186]	lr: 4.021e-05, eta: 2:03:14, time: 0.363, data_time: 0.011, memory: 5158, loss_cls: 0.0165, loss_bbox: 0.1317, loss_centerness: 0.5478, loss: 0.6959, grad_norm: 6.9972
2026-05-09 00:57:53,267 - mmdet - INFO - Epoch [171][150/186]	lr: 4.021e-05, eta: 2:03:01, time: 0.362, data_time: 0.012, memory: 5158, loss_cls: 0.0250, loss_bbox: 0.1217, loss_centerness: 0.5213, loss: 0.6680, grad_norm: 7.8550
2026-05-09 00:58:27,405 - mmdet - INFO - Epoch [172][50/186]	lr: 3.970e-05, eta: 2:02:30, time: 0.419, data_time: 0.067, memory: 5158, loss_cls: 0.0219, loss_bbox: 0.1291, loss_centerness: 0.5316, loss: 0.6826, grad_norm: 10.8515
2026-05-09 00:58:45,399 - mmdet - INFO - Epoch [172][100/186]	lr: 3.970e-05, eta: 2:02:17, time: 0.360, data_time: 0.011, memory: 5158, loss_cls: 0.0261, loss_bbox: 0.1390, loss_centerness: 0.5533, loss: 0.7184, grad_norm: 11.5065
2026-05-09 00:59:03,487 - mmdet - INFO - Epoch [172][150/186]	lr: 3.970e-05, eta: 2:02:03, time: 0.362, data_time: 0.011, memory: 5158, loss_cls: 0.0268, loss_bbox: 0.1341, loss_centerness: 0.5181, loss: 0.6790, grad_norm: 10.3572
2026-05-09 00:59:37,670 - mmdet - INFO - Epoch [173][50/186]	lr: 3.920e-05, eta: 2:01:33, time: 0.419, data_time: 0.067, memory: 5158, loss_cls: 0.0203, loss_bbox: 0.1214, loss_centerness: 0.5411, loss: 0.6829, grad_norm: 8.7258
2026-05-09 00:59:55,752 - mmdet - INFO - Epoch [173][100/186]	lr: 3.920e-05, eta: 2:01:20, time: 0.362, data_time: 0.011, memory: 5158, loss_cls: 0.0172, loss_bbox: 0.1185, loss_centerness: 0.4913, loss: 0.6270, grad_norm: 8.9376
2026-05-09 01:00:13,927 - mmdet - INFO - Epoch [173][150/186]	lr: 3.920e-05, eta: 2:01:06, time: 0.363, data_time: 0.012, memory: 5158, loss_cls: 0.0161, loss_bbox: 0.1195, loss_centerness: 0.5289, loss: 0.6645, grad_norm: 8.8670
2026-05-09 01:00:48,030 - mmdet - INFO - Epoch [174][50/186]	lr: 3.869e-05, eta: 2:00:36, time: 0.419, data_time: 0.067, memory: 5158, loss_cls: 0.0150, loss_bbox: 0.1219, loss_centerness: 0.5147, loss: 0.6515, grad_norm: 10.1653
2026-05-09 01:01:06,123 - mmdet - INFO - Epoch [174][100/186]	lr: 3.869e-05, eta: 2:00:22, time: 0.362, data_time: 0.012, memory: 5158, loss_cls: 0.0113, loss_bbox: 0.1314, loss_centerness: 0.5531, loss: 0.6957, grad_norm: 10.6975
2026-05-09 01:01:24,295 - mmdet - INFO - Epoch [174][150/186]	lr: 3.869e-05, eta: 2:00:09, time: 0.363, data_time: 0.012, memory: 5158, loss_cls: 0.0149, loss_bbox: 0.1289, loss_centerness: 0.5310, loss: 0.6748, grad_norm: 11.0522
2026-05-09 01:01:58,475 - mmdet - INFO - Epoch [175][50/186]	lr: 3.819e-05, eta: 1:59:39, time: 0.419, data_time: 0.067, memory: 5158, loss_cls: 0.0150, loss_bbox: 0.1354, loss_centerness: 0.5532, loss: 0.7037, grad_norm: 9.6565
2026-05-09 01:02:16,665 - mmdet - INFO - Epoch [175][100/186]	lr: 3.819e-05, eta: 1:59:25, time: 0.364, data_time: 0.012, memory: 5158, loss_cls: 0.0119, loss_bbox: 0.1189, loss_centerness: 0.5443, loss: 0.6751, grad_norm: 9.5137
2026-05-09 01:02:34,677 - mmdet - INFO - Epoch [175][150/186]	lr: 3.819e-05, eta: 1:59:12, time: 0.360, data_time: 0.011, memory: 5158, loss_cls: 0.0185, loss_bbox: 0.1246, loss_centerness: 0.5022, loss: 0.6453, grad_norm: 9.2998
2026-05-09 01:03:11,868 - mmdet - INFO - Evaluating bbox...
2026-05-09 01:03:15,373 - mmdet - INFO - 
 Average Precision  (AP) @[ IoU=0.50:0.95 | area=   all | maxDets=100 ] = 0.237
 Average Precision  (AP) @[ IoU=0.50      | area=   all | maxDets=1000 ] = 0.641
 Average Precision  (AP) @[ IoU=0.75      | area=   all | maxDets=1000 ] = 0.104
 Average Precision  (AP) @[ IoU=0.50:0.95 | area= small | maxDets=1000 ] = 0.038
 Average Precision  (AP) @[ IoU=0.50:0.95 | area=medium | maxDets=1000 ] = 0.179
 Average Precision  (AP) @[ IoU=0.50:0.95 | area= large | maxDets=1000 ] = 0.313
 Average Recall     (AR) @[ IoU=0.50:0.95 | area=   all | maxDets=100 ] = 0.365
 Average Recall     (AR) @[ IoU=0.50:0.95 | area=   all | maxDets=300 ] = 0.365
 Average Recall     (AR) @[ IoU=0.50:0.95 | area=   all | maxDets=1000 ] = 0.365
 Average Recall     (AR) @[ IoU=0.50:0.95 | area= small | maxDets=1000 ] = 0.066
 Average Recall     (AR) @[ IoU=0.50:0.95 | area=medium | maxDets=1000 ] = 0.302
 Average Recall     (AR) @[ IoU=0.50:0.95 | area= large | maxDets=1000 ] = 0.453

2026-05-09 01:03:15,378 - mmdet - INFO - Exp name: fold_1_swin_t_3x_hbb.py
2026-05-09 01:03:15,379 - mmdet - INFO - Epoch(val) [175][371]	bbox_mAP: 0.2370, bbox_mAP_50: 0.6410, bbox_mAP_75: 0.1040, bbox_mAP_s: 0.0380, bbox_mAP_m: 0.1790, bbox_mAP_l: 0.3130, bbox_mAP_copypaste: 0.237 0.641 0.104 0.038 0.179 0.313
2026-05-09 01:03:36,277 - mmdet - INFO - Epoch [176][50/186]	lr: 3.769e-05, eta: 1:58:42, time: 0.418, data_time: 0.067, memory: 5158, loss_cls: 0.0128, loss_bbox: 0.1266, loss_centerness: 0.5522, loss: 0.6916, grad_norm: 11.8987
2026-05-09 01:03:54,328 - mmdet - INFO - Epoch [176][100/186]	lr: 3.769e-05, eta: 1:58:28, time: 0.361, data_time: 0.012, memory: 5158, loss_cls: 0.0140, loss_bbox: 0.1387, loss_centerness: 0.5477, loss: 0.7005, grad_norm: 10.4948
2026-05-09 01:04:12,427 - mmdet - INFO - Epoch [176][150/186]	lr: 3.769e-05, eta: 1:58:15, time: 0.362, data_time: 0.012, memory: 5158, loss_cls: 0.0154, loss_bbox: 0.1242, loss_centerness: 0.5432, loss: 0.6828, grad_norm: 9.9421
2026-05-09 01:04:46,557 - mmdet - INFO - Epoch [177][50/186]	lr: 3.719e-05, eta: 1:57:45, time: 0.419, data_time: 0.067, memory: 5158, loss_cls: 0.0192, loss_bbox: 0.1216, loss_centerness: 0.5321, loss: 0.6728, grad_norm: 7.9737
2026-05-09 01:05:04,651 - mmdet - INFO - Epoch [177][100/186]	lr: 3.719e-05, eta: 1:57:31, time: 0.362, data_time: 0.011, memory: 5158, loss_cls: 0.0189, loss_bbox: 0.1289, loss_centerness: 0.5314, loss: 0.6792, grad_norm: 8.6547
2026-05-09 01:05:22,723 - mmdet - INFO - Epoch [177][150/186]	lr: 3.719e-05, eta: 1:57:18, time: 0.361, data_time: 0.012, memory: 5158, loss_cls: 0.0318, loss_bbox: 0.1393, loss_centerness: 0.5224, loss: 0.6936, grad_norm: 8.8273
2026-05-09 01:05:56,830 - mmdet - INFO - Epoch [178][50/186]	lr: 3.669e-05, eta: 1:56:47, time: 0.419, data_time: 0.067, memory: 5158, loss_cls: 0.0140, loss_bbox: 0.1152, loss_centerness: 0.5413, loss: 0.6704, grad_norm: 7.7179
2026-05-09 01:06:14,944 - mmdet - INFO - Epoch [178][100/186]	lr: 3.669e-05, eta: 1:56:34, time: 0.362, data_time: 0.012, memory: 5158, loss_cls: 0.0107, loss_bbox: 0.1147, loss_centerness: 0.5411, loss: 0.6665, grad_norm: 8.5098
2026-05-09 01:06:33,031 - mmdet - INFO - Epoch [178][150/186]	lr: 3.669e-05, eta: 1:56:21, time: 0.362, data_time: 0.011, memory: 5158, loss_cls: 0.0111, loss_bbox: 0.1170, loss_centerness: 0.5089, loss: 0.6370, grad_norm: 8.2624
2026-05-09 01:07:07,205 - mmdet - INFO - Epoch [179][50/186]	lr: 3.619e-05, eta: 1:55:50, time: 0.419, data_time: 0.067, memory: 5158, loss_cls: 0.0133, loss_bbox: 0.1188, loss_centerness: 0.5338, loss: 0.6660, grad_norm: 11.0715
2026-05-09 01:07:25,331 - mmdet - INFO - Epoch [179][100/186]	lr: 3.619e-05, eta: 1:55:37, time: 0.363, data_time: 0.012, memory: 5158, loss_cls: 0.0159, loss_bbox: 0.1242, loss_centerness: 0.5543, loss: 0.6944, grad_norm: 10.8629
2026-05-09 01:07:43,376 - mmdet - INFO - Epoch [179][150/186]	lr: 3.619e-05, eta: 1:55:23, time: 0.361, data_time: 0.012, memory: 5158, loss_cls: 0.0220, loss_bbox: 0.1175, loss_centerness: 0.5231, loss: 0.6626, grad_norm: 10.9679
2026-05-09 01:08:17,551 - mmdet - INFO - Epoch [180][50/186]	lr: 3.570e-05, eta: 1:54:53, time: 0.420, data_time: 0.067, memory: 5158, loss_cls: 0.0180, loss_bbox: 0.1015, loss_centerness: 0.5082, loss: 0.6277, grad_norm: 8.4143
2026-05-09 01:08:35,589 - mmdet - INFO - Epoch [180][100/186]	lr: 3.570e-05, eta: 1:54:40, time: 0.361, data_time: 0.011, memory: 5158, loss_cls: 0.0148, loss_bbox: 0.1285, loss_centerness: 0.5193, loss: 0.6627, grad_norm: 8.2650
2026-05-09 01:08:53,725 - mmdet - INFO - Epoch [180][150/186]	lr: 3.570e-05, eta: 1:54:26, time: 0.363, data_time: 0.011, memory: 5158, loss_cls: 0.0129, loss_bbox: 0.1018, loss_centerness: 0.5044, loss: 0.6190, grad_norm: 8.3378
2026-05-09 01:09:06,890 - mmdet - INFO - Saving checkpoint at 180 epochs
2026-05-09 01:09:32,873 - mmdet - INFO - Evaluating bbox...
2026-05-09 01:09:35,660 - mmdet - INFO - 
 Average Precision  (AP) @[ IoU=0.50:0.95 | area=   all | maxDets=100 ] = 0.239
 Average Precision  (AP) @[ IoU=0.50      | area=   all | maxDets=1000 ] = 0.644
 Average Precision  (AP) @[ IoU=0.75      | area=   all | maxDets=1000 ] = 0.111
 Average Precision  (AP) @[ IoU=0.50:0.95 | area= small | maxDets=1000 ] = 0.034
 Average Precision  (AP) @[ IoU=0.50:0.95 | area=medium | maxDets=1000 ] = 0.177
 Average Precision  (AP) @[ IoU=0.50:0.95 | area= large | maxDets=1000 ] = 0.317
 Average Recall     (AR) @[ IoU=0.50:0.95 | area=   all | maxDets=100 ] = 0.356
 Average Recall     (AR) @[ IoU=0.50:0.95 | area=   all | maxDets=300 ] = 0.356
 Average Recall     (AR) @[ IoU=0.50:0.95 | area=   all | maxDets=1000 ] = 0.356
 Average Recall     (AR) @[ IoU=0.50:0.95 | area= small | maxDets=1000 ] = 0.052
 Average Recall     (AR) @[ IoU=0.50:0.95 | area=medium | maxDets=1000 ] = 0.288
 Average Recall     (AR) @[ IoU=0.50:0.95 | area= large | maxDets=1000 ] = 0.450

2026-05-09 01:09:35,665 - mmdet - INFO - Exp name: fold_1_swin_t_3x_hbb.py
2026-05-09 01:09:35,665 - mmdet - INFO - Epoch(val) [180][371]	bbox_mAP: 0.2390, bbox_mAP_50: 0.6440, bbox_mAP_75: 0.1110, bbox_mAP_s: 0.0340, bbox_mAP_m: 0.1770, bbox_mAP_l: 0.3170, bbox_mAP_copypaste: 0.239 0.644 0.111 0.034 0.177 0.317
2026-05-09 01:09:56,508 - mmdet - INFO - Epoch [181][50/186]	lr: 3.520e-05, eta: 1:53:56, time: 0.417, data_time: 0.067, memory: 5158, loss_cls: 0.0140, loss_bbox: 0.1164, loss_centerness: 0.5410, loss: 0.6715, grad_norm: 10.4165
2026-05-09 01:10:14,585 - mmdet - INFO - Epoch [181][100/186]	lr: 3.520e-05, eta: 1:53:43, time: 0.362, data_time: 0.011, memory: 5158, loss_cls: 0.0127, loss_bbox: 0.1225, loss_centerness: 0.5301, loss: 0.6653, grad_norm: 10.0993
2026-05-09 01:10:32,614 - mmdet - INFO - Epoch [181][150/186]	lr: 3.520e-05, eta: 1:53:29, time: 0.361, data_time: 0.012, memory: 5158, loss_cls: 0.0115, loss_bbox: 0.1168, loss_centerness: 0.5318, loss: 0.6602, grad_norm: 9.8178
2026-05-09 01:11:06,755 - mmdet - INFO - Epoch [182][50/186]	lr: 3.471e-05, eta: 1:52:59, time: 0.420, data_time: 0.067, memory: 5158, loss_cls: 0.0110, loss_bbox: 0.1198, loss_centerness: 0.5506, loss: 0.6814, grad_norm: 8.7515
2026-05-09 01:11:24,885 - mmdet - INFO - Epoch [182][100/186]	lr: 3.471e-05, eta: 1:52:46, time: 0.363, data_time: 0.012, memory: 5158, loss_cls: 0.0134, loss_bbox: 0.1230, loss_centerness: 0.5554, loss: 0.6917, grad_norm: 8.9893
2026-05-09 01:11:42,967 - mmdet - INFO - Epoch [182][150/186]	lr: 3.471e-05, eta: 1:52:32, time: 0.362, data_time: 0.011, memory: 5158, loss_cls: 0.0100, loss_bbox: 0.1070, loss_centerness: 0.5394, loss: 0.6564, grad_norm: 9.0241
2026-05-09 01:12:16,961 - mmdet - INFO - Epoch [183][50/186]	lr: 3.422e-05, eta: 1:52:02, time: 0.417, data_time: 0.067, memory: 5158, loss_cls: 0.0126, loss_bbox: 0.1116, loss_centerness: 0.5231, loss: 0.6473, grad_norm: 11.1191
2026-05-09 01:12:35,073 - mmdet - INFO - Epoch [183][100/186]	lr: 3.422e-05, eta: 1:51:48, time: 0.362, data_time: 0.011, memory: 5158, loss_cls: 0.0136, loss_bbox: 0.1241, loss_centerness: 0.5335, loss: 0.6712, grad_norm: 9.8651
2026-05-09 01:12:53,160 - mmdet - INFO - Epoch [183][150/186]	lr: 3.422e-05, eta: 1:51:35, time: 0.362, data_time: 0.012, memory: 5158, loss_cls: 0.0150, loss_bbox: 0.1238, loss_centerness: 0.5410, loss: 0.6799, grad_norm: 9.7482
2026-05-09 01:13:27,265 - mmdet - INFO - Epoch [184][50/186]	lr: 3.373e-05, eta: 1:51:05, time: 0.419, data_time: 0.067, memory: 5158, loss_cls: 0.0129, loss_bbox: 0.1145, loss_centerness: 0.5312, loss: 0.6586, grad_norm: 9.6343
2026-05-09 01:13:45,331 - mmdet - INFO - Epoch [184][100/186]	lr: 3.373e-05, eta: 1:50:51, time: 0.361, data_time: 0.011, memory: 5158, loss_cls: 0.0117, loss_bbox: 0.1121, loss_centerness: 0.5220, loss: 0.6458, grad_norm: 9.5850
2026-05-09 01:14:03,540 - mmdet - INFO - Epoch [184][150/186]	lr: 3.373e-05, eta: 1:50:38, time: 0.364, data_time: 0.012, memory: 5158, loss_cls: 0.0125, loss_bbox: 0.1123, loss_centerness: 0.5508, loss: 0.6756, grad_norm: 9.6874
2026-05-09 01:14:37,481 - mmdet - INFO - Epoch [185][50/186]	lr: 3.325e-05, eta: 1:50:08, time: 0.416, data_time: 0.067, memory: 5158, loss_cls: 0.0067, loss_bbox: 0.0976, loss_centerness: 0.4905, loss: 0.5948, grad_norm: 9.1869
2026-05-09 01:14:55,610 - mmdet - INFO - Epoch [185][100/186]	lr: 3.325e-05, eta: 1:49:54, time: 0.363, data_time: 0.011, memory: 5158, loss_cls: 0.0140, loss_bbox: 0.1184, loss_centerness: 0.5225, loss: 0.6550, grad_norm: 10.1835
2026-05-09 01:15:13,619 - mmdet - INFO - Epoch [185][150/186]	lr: 3.325e-05, eta: 1:49:40, time: 0.360, data_time: 0.011, memory: 5158, loss_cls: 0.0119, loss_bbox: 0.1230, loss_centerness: 0.5225, loss: 0.6574, grad_norm: 10.1154
2026-05-09 01:15:50,943 - mmdet - INFO - Evaluating bbox...
2026-05-09 01:15:53,848 - mmdet - INFO - 
 Average Precision  (AP) @[ IoU=0.50:0.95 | area=   all | maxDets=100 ] = 0.237
 Average Precision  (AP) @[ IoU=0.50      | area=   all | maxDets=1000 ] = 0.641
 Average Precision  (AP) @[ IoU=0.75      | area=   all | maxDets=1000 ] = 0.110
 Average Precision  (AP) @[ IoU=0.50:0.95 | area= small | maxDets=1000 ] = 0.046
 Average Precision  (AP) @[ IoU=0.50:0.95 | area=medium | maxDets=1000 ] = 0.173
 Average Precision  (AP) @[ IoU=0.50:0.95 | area= large | maxDets=1000 ] = 0.316
 Average Recall     (AR) @[ IoU=0.50:0.95 | area=   all | maxDets=100 ] = 0.363
 Average Recall     (AR) @[ IoU=0.50:0.95 | area=   all | maxDets=300 ] = 0.363
 Average Recall     (AR) @[ IoU=0.50:0.95 | area=   all | maxDets=1000 ] = 0.363
 Average Recall     (AR) @[ IoU=0.50:0.95 | area= small | maxDets=1000 ] = 0.076
 Average Recall     (AR) @[ IoU=0.50:0.95 | area=medium | maxDets=1000 ] = 0.296
 Average Recall     (AR) @[ IoU=0.50:0.95 | area= large | maxDets=1000 ] = 0.454

2026-05-09 01:15:53,853 - mmdet - INFO - Exp name: fold_1_swin_t_3x_hbb.py
2026-05-09 01:15:53,853 - mmdet - INFO - Epoch(val) [185][371]	bbox_mAP: 0.2370, bbox_mAP_50: 0.6410, bbox_mAP_75: 0.1100, bbox_mAP_s: 0.0460, bbox_mAP_m: 0.1730, bbox_mAP_l: 0.3160, bbox_mAP_copypaste: 0.237 0.641 0.110 0.046 0.173 0.316
2026-05-09 01:16:14,805 - mmdet - INFO - Epoch [186][50/186]	lr: 3.276e-05, eta: 1:49:11, time: 0.419, data_time: 0.067, memory: 5158, loss_cls: 0.0134, loss_bbox: 0.1203, loss_centerness: 0.5435, loss: 0.6773, grad_norm: 7.8201
2026-05-09 01:16:32,768 - mmdet - INFO - Epoch [186][100/186]	lr: 3.276e-05, eta: 1:48:57, time: 0.359, data_time: 0.011, memory: 5158, loss_cls: 0.0152, loss_bbox: 0.0980, loss_centerness: 0.5073, loss: 0.6204, grad_norm: 8.1648
2026-05-09 01:16:50,866 - mmdet - INFO - Epoch [186][150/186]	lr: 3.276e-05, eta: 1:48:43, time: 0.362, data_time: 0.011, memory: 5158, loss_cls: 0.0144, loss_bbox: 0.1340, loss_centerness: 0.5434, loss: 0.6918, grad_norm: 8.2215
2026-05-09 01:17:24,987 - mmdet - INFO - Epoch [187][50/186]	lr: 3.228e-05, eta: 1:48:13, time: 0.418, data_time: 0.067, memory: 5158, loss_cls: 0.0139, loss_bbox: 0.1276, loss_centerness: 0.5414, loss: 0.6829, grad_norm: 10.3209
2026-05-09 01:17:43,102 - mmdet - INFO - Epoch [187][100/186]	lr: 3.228e-05, eta: 1:48:00, time: 0.362, data_time: 0.011, memory: 5158, loss_cls: 0.0125, loss_bbox: 0.1096, loss_centerness: 0.5098, loss: 0.6319, grad_norm: 9.1814
2026-05-09 01:18:01,168 - mmdet - INFO - Epoch [187][150/186]	lr: 3.228e-05, eta: 1:47:46, time: 0.361, data_time: 0.011, memory: 5158, loss_cls: 0.0163, loss_bbox: 0.1093, loss_centerness: 0.5208, loss: 0.6464, grad_norm: 8.7675
2026-05-09 01:18:35,350 - mmdet - INFO - Epoch [188][50/186]	lr: 3.180e-05, eta: 1:47:16, time: 0.420, data_time: 0.067, memory: 5158, loss_cls: 0.0104, loss_bbox: 0.1075, loss_centerness: 0.5417, loss: 0.6597, grad_norm: 7.6047
2026-05-09 01:18:53,314 - mmdet - INFO - Epoch [188][100/186]	lr: 3.180e-05, eta: 1:47:03, time: 0.359, data_time: 0.011, memory: 5158, loss_cls: 0.0113, loss_bbox: 0.1099, loss_centerness: 0.4884, loss: 0.6096, grad_norm: 7.6529
2026-05-09 01:19:11,514 - mmdet - INFO - Epoch [188][150/186]	lr: 3.180e-05, eta: 1:46:49, time: 0.364, data_time: 0.012, memory: 5158, loss_cls: 0.0150, loss_bbox: 0.1135, loss_centerness: 0.5375, loss: 0.6660, grad_norm: 8.4106
2026-05-09 01:19:45,675 - mmdet - INFO - Epoch [189][50/186]	lr: 3.132e-05, eta: 1:46:19, time: 0.419, data_time: 0.067, memory: 5158, loss_cls: 0.0132, loss_bbox: 0.1248, loss_centerness: 0.5434, loss: 0.6814, grad_norm: 8.1029
2026-05-09 01:20:03,760 - mmdet - INFO - Epoch [189][100/186]	lr: 3.132e-05, eta: 1:46:06, time: 0.362, data_time: 0.011, memory: 5158, loss_cls: 0.0119, loss_bbox: 0.1069, loss_centerness: 0.5411, loss: 0.6599, grad_norm: 9.0383
2026-05-09 01:20:21,837 - mmdet - INFO - Epoch [189][150/186]	lr: 3.132e-05, eta: 1:45:52, time: 0.362, data_time: 0.011, memory: 5158, loss_cls: 0.0149, loss_bbox: 0.1165, loss_centerness: 0.5428, loss: 0.6742, grad_norm: 9.6642
2026-05-09 01:20:56,040 - mmdet - INFO - Epoch [190][50/186]	lr: 3.084e-05, eta: 1:45:22, time: 0.421, data_time: 0.067, memory: 5158, loss_cls: 0.0239, loss_bbox: 0.1129, loss_centerness: 0.5397, loss: 0.6765, grad_norm: 7.9763
2026-05-09 01:21:14,166 - mmdet - INFO - Epoch [190][100/186]	lr: 3.084e-05, eta: 1:45:09, time: 0.363, data_time: 0.012, memory: 5158, loss_cls: 0.0216, loss_bbox: 0.1202, loss_centerness: 0.5307, loss: 0.6725, grad_norm: 9.0068
2026-05-09 01:21:32,318 - mmdet - INFO - Epoch [190][150/186]	lr: 3.084e-05, eta: 1:44:55, time: 0.363, data_time: 0.012, memory: 5158, loss_cls: 0.0148, loss_bbox: 0.1086, loss_centerness: 0.5117, loss: 0.6350, grad_norm: 9.4264
2026-05-09 01:21:45,544 - mmdet - INFO - Saving checkpoint at 190 epochs
2026-05-09 01:22:11,500 - mmdet - INFO - Evaluating bbox...
2026-05-09 01:22:14,705 - mmdet - INFO - 
 Average Precision  (AP) @[ IoU=0.50:0.95 | area=   all | maxDets=100 ] = 0.239
 Average Precision  (AP) @[ IoU=0.50      | area=   all | maxDets=1000 ] = 0.641
 Average Precision  (AP) @[ IoU=0.75      | area=   all | maxDets=1000 ] = 0.115
 Average Precision  (AP) @[ IoU=0.50:0.95 | area= small | maxDets=1000 ] = 0.035
 Average Precision  (AP) @[ IoU=0.50:0.95 | area=medium | maxDets=1000 ] = 0.175
 Average Precision  (AP) @[ IoU=0.50:0.95 | area= large | maxDets=1000 ] = 0.321
 Average Recall     (AR) @[ IoU=0.50:0.95 | area=   all | maxDets=100 ] = 0.363
 Average Recall     (AR) @[ IoU=0.50:0.95 | area=   all | maxDets=300 ] = 0.363
 Average Recall     (AR) @[ IoU=0.50:0.95 | area=   all | maxDets=1000 ] = 0.363
 Average Recall     (AR) @[ IoU=0.50:0.95 | area= small | maxDets=1000 ] = 0.048
 Average Recall     (AR) @[ IoU=0.50:0.95 | area=medium | maxDets=1000 ] = 0.297
 Average Recall     (AR) @[ IoU=0.50:0.95 | area= large | maxDets=1000 ] = 0.453

2026-05-09 01:22:14,710 - mmdet - INFO - Exp name: fold_1_swin_t_3x_hbb.py
2026-05-09 01:22:14,711 - mmdet - INFO - Epoch(val) [190][371]	bbox_mAP: 0.2390, bbox_mAP_50: 0.6410, bbox_mAP_75: 0.1150, bbox_mAP_s: 0.0350, bbox_mAP_m: 0.1750, bbox_mAP_l: 0.3210, bbox_mAP_copypaste: 0.239 0.641 0.115 0.035 0.175 0.321
2026-05-09 01:22:35,553 - mmdet - INFO - Epoch [191][50/186]	lr: 3.037e-05, eta: 1:44:25, time: 0.417, data_time: 0.068, memory: 5158, loss_cls: 0.0127, loss_bbox: 0.1121, loss_centerness: 0.5211, loss: 0.6459, grad_norm: 7.8783
2026-05-09 01:22:53,612 - mmdet - INFO - Epoch [191][100/186]	lr: 3.037e-05, eta: 1:44:11, time: 0.361, data_time: 0.011, memory: 5158, loss_cls: 0.0155, loss_bbox: 0.1102, loss_centerness: 0.4954, loss: 0.6210, grad_norm: 9.4462
2026-05-09 01:23:11,587 - mmdet - INFO - Epoch [191][150/186]	lr: 3.037e-05, eta: 1:43:57, time: 0.359, data_time: 0.011, memory: 5158, loss_cls: 0.0155, loss_bbox: 0.1200, loss_centerness: 0.5316, loss: 0.6672, grad_norm: 10.1984
2026-05-09 01:23:45,639 - mmdet - INFO - Epoch [192][50/186]	lr: 2.989e-05, eta: 1:43:28, time: 0.418, data_time: 0.067, memory: 5158, loss_cls: 0.0133, loss_bbox: 0.1188, loss_centerness: 0.5419, loss: 0.6739, grad_norm: 11.6987
2026-05-09 01:24:03,644 - mmdet - INFO - Epoch [192][100/186]	lr: 2.989e-05, eta: 1:43:14, time: 0.360, data_time: 0.011, memory: 5158, loss_cls: 0.0152, loss_bbox: 0.1274, loss_centerness: 0.5432, loss: 0.6859, grad_norm: 10.9963
2026-05-09 01:24:21,760 - mmdet - INFO - Epoch [192][150/186]	lr: 2.989e-05, eta: 1:43:00, time: 0.362, data_time: 0.012, memory: 5158, loss_cls: 0.0105, loss_bbox: 0.1116, loss_centerness: 0.5217, loss: 0.6439, grad_norm: 10.5713
2026-05-09 01:24:55,763 - mmdet - INFO - Epoch [193][50/186]	lr: 2.942e-05, eta: 1:42:31, time: 0.417, data_time: 0.067, memory: 5158, loss_cls: 0.0254, loss_bbox: 0.1075, loss_centerness: 0.5333, loss: 0.6663, grad_norm: 8.0752
2026-05-09 01:25:13,936 - mmdet - INFO - Epoch [193][100/186]	lr: 2.942e-05, eta: 1:42:17, time: 0.363, data_time: 0.012, memory: 5158, loss_cls: 0.0172, loss_bbox: 0.1135, loss_centerness: 0.5200, loss: 0.6507, grad_norm: 6.9720
2026-05-09 01:25:31,997 - mmdet - INFO - Epoch [193][150/186]	lr: 2.942e-05, eta: 1:42:03, time: 0.361, data_time: 0.011, memory: 5158, loss_cls: 0.0169, loss_bbox: 0.1171, loss_centerness: 0.5091, loss: 0.6431, grad_norm: 7.4486
2026-05-09 01:26:06,125 - mmdet - INFO - Epoch [194][50/186]	lr: 2.896e-05, eta: 1:41:34, time: 0.419, data_time: 0.067, memory: 5158, loss_cls: 0.0210, loss_bbox: 0.1082, loss_centerness: 0.5295, loss: 0.6586, grad_norm: 10.5422
2026-05-09 01:26:24,195 - mmdet - INFO - Epoch [194][100/186]	lr: 2.896e-05, eta: 1:41:20, time: 0.361, data_time: 0.011, memory: 5158, loss_cls: 0.0178, loss_bbox: 0.1057, loss_centerness: 0.5203, loss: 0.6438, grad_norm: 9.7896
2026-05-09 01:26:42,315 - mmdet - INFO - Epoch [194][150/186]	lr: 2.896e-05, eta: 1:41:06, time: 0.362, data_time: 0.011, memory: 5158, loss_cls: 0.0167, loss_bbox: 0.1142, loss_centerness: 0.5228, loss: 0.6537, grad_norm: 9.5234
2026-05-09 01:27:16,445 - mmdet - INFO - Epoch [195][50/186]	lr: 2.849e-05, eta: 1:40:37, time: 0.419, data_time: 0.068, memory: 5158, loss_cls: 0.0168, loss_bbox: 0.1134, loss_centerness: 0.5189, loss: 0.6491, grad_norm: 9.2931
2026-05-09 01:27:34,539 - mmdet - INFO - Epoch [195][100/186]	lr: 2.849e-05, eta: 1:40:23, time: 0.362, data_time: 0.012, memory: 5158, loss_cls: 0.0137, loss_bbox: 0.1124, loss_centerness: 0.5009, loss: 0.6270, grad_norm: 9.2550
2026-05-09 01:27:52,619 - mmdet - INFO - Epoch [195][150/186]	lr: 2.849e-05, eta: 1:40:09, time: 0.362, data_time: 0.012, memory: 5158, loss_cls: 0.0314, loss_bbox: 0.1133, loss_centerness: 0.5302, loss: 0.6749, grad_norm: 10.0698
2026-05-09 01:28:29,841 - mmdet - INFO - Evaluating bbox...
2026-05-09 01:28:32,996 - mmdet - INFO - 
 Average Precision  (AP) @[ IoU=0.50:0.95 | area=   all | maxDets=100 ] = 0.241
 Average Precision  (AP) @[ IoU=0.50      | area=   all | maxDets=1000 ] = 0.651
 Average Precision  (AP) @[ IoU=0.75      | area=   all | maxDets=1000 ] = 0.115
 Average Precision  (AP) @[ IoU=0.50:0.95 | area= small | maxDets=1000 ] = 0.032
 Average Precision  (AP) @[ IoU=0.50:0.95 | area=medium | maxDets=1000 ] = 0.174
 Average Precision  (AP) @[ IoU=0.50:0.95 | area= large | maxDets=1000 ] = 0.322
 Average Recall     (AR) @[ IoU=0.50:0.95 | area=   all | maxDets=100 ] = 0.361
 Average Recall     (AR) @[ IoU=0.50:0.95 | area=   all | maxDets=300 ] = 0.361
 Average Recall     (AR) @[ IoU=0.50:0.95 | area=   all | maxDets=1000 ] = 0.361
 Average Recall     (AR) @[ IoU=0.50:0.95 | area= small | maxDets=1000 ] = 0.059
 Average Recall     (AR) @[ IoU=0.50:0.95 | area=medium | maxDets=1000 ] = 0.294
 Average Recall     (AR) @[ IoU=0.50:0.95 | area= large | maxDets=1000 ] = 0.452

2026-05-09 01:28:33,002 - mmdet - INFO - Exp name: fold_1_swin_t_3x_hbb.py
2026-05-09 01:28:33,002 - mmdet - INFO - Epoch(val) [195][371]	bbox_mAP: 0.2410, bbox_mAP_50: 0.6510, bbox_mAP_75: 0.1150, bbox_mAP_s: 0.0320, bbox_mAP_m: 0.1740, bbox_mAP_l: 0.3220, bbox_mAP_copypaste: 0.241 0.651 0.115 0.032 0.174 0.322
2026-05-09 01:28:53,928 - mmdet - INFO - Epoch [196][50/186]	lr: 2.803e-05, eta: 1:39:40, time: 0.418, data_time: 0.067, memory: 5158, loss_cls: 0.0137, loss_bbox: 0.1138, loss_centerness: 0.5310, loss: 0.6584, grad_norm: 9.5369
2026-05-09 01:29:11,919 - mmdet - INFO - Epoch [196][100/186]	lr: 2.803e-05, eta: 1:39:26, time: 0.360, data_time: 0.012, memory: 5158, loss_cls: 0.0147, loss_bbox: 0.1144, loss_centerness: 0.5374, loss: 0.6666, grad_norm: 9.8017
2026-05-09 01:29:29,968 - mmdet - INFO - Epoch [196][150/186]	lr: 2.803e-05, eta: 1:39:12, time: 0.361, data_time: 0.011, memory: 5158, loss_cls: 0.0101, loss_bbox: 0.1103, loss_centerness: 0.5326, loss: 0.6530, grad_norm: 9.1861
2026-05-09 01:30:04,123 - mmdet - INFO - Epoch [197][50/186]	lr: 2.757e-05, eta: 1:38:42, time: 0.419, data_time: 0.067, memory: 5158, loss_cls: 0.0102, loss_bbox: 0.1041, loss_centerness: 0.5294, loss: 0.6437, grad_norm: 9.5878
2026-05-09 01:30:22,336 - mmdet - INFO - Epoch [197][100/186]	lr: 2.757e-05, eta: 1:38:29, time: 0.364, data_time: 0.012, memory: 5158, loss_cls: 0.0162, loss_bbox: 0.1247, loss_centerness: 0.5309, loss: 0.6717, grad_norm: 10.3778
2026-05-09 01:30:40,457 - mmdet - INFO - Epoch [197][150/186]	lr: 2.757e-05, eta: 1:38:15, time: 0.362, data_time: 0.012, memory: 5158, loss_cls: 0.0151, loss_bbox: 0.1098, loss_centerness: 0.5302, loss: 0.6551, grad_norm: 9.8996
2026-05-09 01:31:14,610 - mmdet - INFO - Epoch [198][50/186]	lr: 2.711e-05, eta: 1:37:45, time: 0.421, data_time: 0.067, memory: 5158, loss_cls: 0.0199, loss_bbox: 0.1093, loss_centerness: 0.5429, loss: 0.6722, grad_norm: 8.3411
2026-05-09 01:31:32,634 - mmdet - INFO - Epoch [198][100/186]	lr: 2.711e-05, eta: 1:37:31, time: 0.360, data_time: 0.011, memory: 5158, loss_cls: 0.0148, loss_bbox: 0.1081, loss_centerness: 0.5334, loss: 0.6563, grad_norm: 9.3628
2026-05-09 01:31:50,642 - mmdet - INFO - Epoch [198][150/186]	lr: 2.711e-05, eta: 1:37:18, time: 0.360, data_time: 0.011, memory: 5158, loss_cls: 0.0102, loss_bbox: 0.0965, loss_centerness: 0.4958, loss: 0.6024, grad_norm: 9.8038
2026-05-09 01:32:24,865 - mmdet - INFO - Epoch [199][50/186]	lr: 2.665e-05, eta: 1:36:48, time: 0.419, data_time: 0.067, memory: 5158, loss_cls: 0.0122, loss_bbox: 0.1123, loss_centerness: 0.5188, loss: 0.6434, grad_norm: 9.8465
2026-05-09 01:32:42,994 - mmdet - INFO - Epoch [199][100/186]	lr: 2.665e-05, eta: 1:36:34, time: 0.363, data_time: 0.011, memory: 5158, loss_cls: 0.0149, loss_bbox: 0.1144, loss_centerness: 0.4980, loss: 0.6273, grad_norm: 9.1122
2026-05-09 01:33:01,111 - mmdet - INFO - Epoch [199][150/186]	lr: 2.665e-05, eta: 1:36:20, time: 0.362, data_time: 0.012, memory: 5158, loss_cls: 0.0107, loss_bbox: 0.1040, loss_centerness: 0.5520, loss: 0.6667, grad_norm: 10.1433
2026-05-09 01:33:35,194 - mmdet - INFO - Epoch [200][50/186]	lr: 2.620e-05, eta: 1:35:51, time: 0.418, data_time: 0.067, memory: 5158, loss_cls: 0.0096, loss_bbox: 0.0978, loss_centerness: 0.5048, loss: 0.6122, grad_norm: 8.4248
2026-05-09 01:33:53,268 - mmdet - INFO - Epoch [200][100/186]	lr: 2.620e-05, eta: 1:35:37, time: 0.361, data_time: 0.011, memory: 5158, loss_cls: 0.0132, loss_bbox: 0.1020, loss_centerness: 0.5419, loss: 0.6571, grad_norm: 8.1301
2026-05-09 01:34:11,463 - mmdet - INFO - Epoch [200][150/186]	lr: 2.620e-05, eta: 1:35:23, time: 0.364, data_time: 0.012, memory: 5158, loss_cls: 0.0103, loss_bbox: 0.1002, loss_centerness: 0.5416, loss: 0.6521, grad_norm: 8.3120
2026-05-09 01:34:24,648 - mmdet - INFO - Saving checkpoint at 200 epochs
2026-05-09 01:34:50,572 - mmdet - INFO - Evaluating bbox...
2026-05-09 01:34:53,476 - mmdet - INFO - 
 Average Precision  (AP) @[ IoU=0.50:0.95 | area=   all | maxDets=100 ] = 0.242
 Average Precision  (AP) @[ IoU=0.50      | area=   all | maxDets=1000 ] = 0.651
 Average Precision  (AP) @[ IoU=0.75      | area=   all | maxDets=1000 ] = 0.114
 Average Precision  (AP) @[ IoU=0.50:0.95 | area= small | maxDets=1000 ] = 0.033
 Average Precision  (AP) @[ IoU=0.50:0.95 | area=medium | maxDets=1000 ] = 0.179
 Average Precision  (AP) @[ IoU=0.50:0.95 | area= large | maxDets=1000 ] = 0.321
 Average Recall     (AR) @[ IoU=0.50:0.95 | area=   all | maxDets=100 ] = 0.364
 Average Recall     (AR) @[ IoU=0.50:0.95 | area=   all | maxDets=300 ] = 0.364
 Average Recall     (AR) @[ IoU=0.50:0.95 | area=   all | maxDets=1000 ] = 0.364
 Average Recall     (AR) @[ IoU=0.50:0.95 | area= small | maxDets=1000 ] = 0.055
 Average Recall     (AR) @[ IoU=0.50:0.95 | area=medium | maxDets=1000 ] = 0.300
 Average Recall     (AR) @[ IoU=0.50:0.95 | area= large | maxDets=1000 ] = 0.452

2026-05-09 01:34:53,610 - mmdet - INFO - The previous best checkpoint /home/ahmadreza/Downloads/Research/M2SODAI/baseline_official/runs_swin_hbb/swin_t_hbb_fold_1/best_bbox_mAP_epoch_160.pth was removed
2026-05-09 01:34:55,276 - mmdet - INFO - Now best checkpoint is saved as best_bbox_mAP_epoch_200.pth.
2026-05-09 01:34:55,277 - mmdet - INFO - Best bbox_mAP is 0.2420 at 200 epoch.
2026-05-09 01:34:55,277 - mmdet - INFO - Exp name: fold_1_swin_t_3x_hbb.py
2026-05-09 01:34:55,277 - mmdet - INFO - Epoch(val) [200][371]	bbox_mAP: 0.2420, bbox_mAP_50: 0.6510, bbox_mAP_75: 0.1140, bbox_mAP_s: 0.0330, bbox_mAP_m: 0.1790, bbox_mAP_l: 0.3210, bbox_mAP_copypaste: 0.242 0.651 0.114 0.033 0.179 0.321
2026-05-09 01:35:16,167 - mmdet - INFO - Epoch [201][50/186]	lr: 2.575e-05, eta: 1:34:54, time: 0.418, data_time: 0.067, memory: 5158, loss_cls: 0.0106, loss_bbox: 0.1020, loss_centerness: 0.5177, loss: 0.6303, grad_norm: 9.4014
2026-05-09 01:35:34,344 - mmdet - INFO - Epoch [201][100/186]	lr: 2.575e-05, eta: 1:34:40, time: 0.364, data_time: 0.012, memory: 5158, loss_cls: 0.0107, loss_bbox: 0.1227, loss_centerness: 0.5442, loss: 0.6776, grad_norm: 9.7398
2026-05-09 01:35:52,342 - mmdet - INFO - Epoch [201][150/186]	lr: 2.575e-05, eta: 1:34:26, time: 0.360, data_time: 0.011, memory: 5158, loss_cls: 0.0127, loss_bbox: 0.1101, loss_centerness: 0.5066, loss: 0.6293, grad_norm: 9.4046
2026-05-09 01:36:26,548 - mmdet - INFO - Epoch [202][50/186]	lr: 2.530e-05, eta: 1:33:57, time: 0.420, data_time: 0.067, memory: 5158, loss_cls: 0.0139, loss_bbox: 0.1058, loss_centerness: 0.5508, loss: 0.6705, grad_norm: 8.5056
2026-05-09 01:36:44,559 - mmdet - INFO - Epoch [202][100/186]	lr: 2.530e-05, eta: 1:33:43, time: 0.360, data_time: 0.011, memory: 5158, loss_cls: 0.0123, loss_bbox: 0.1099, loss_centerness: 0.5096, loss: 0.6318, grad_norm: 8.1430
2026-05-09 01:37:02,665 - mmdet - INFO - Epoch [202][150/186]	lr: 2.530e-05, eta: 1:33:29, time: 0.362, data_time: 0.011, memory: 5158, loss_cls: 0.0103, loss_bbox: 0.1048, loss_centerness: 0.5207, loss: 0.6358, grad_norm: 8.2591
2026-05-09 01:37:36,719 - mmdet - INFO - Epoch [203][50/186]	lr: 2.486e-05, eta: 1:33:00, time: 0.418, data_time: 0.067, memory: 5158, loss_cls: 0.0132, loss_bbox: 0.1049, loss_centerness: 0.5327, loss: 0.6509, grad_norm: 9.5656
2026-05-09 01:37:54,914 - mmdet - INFO - Epoch [203][100/186]	lr: 2.486e-05, eta: 1:32:46, time: 0.364, data_time: 0.012, memory: 5158, loss_cls: 0.0109, loss_bbox: 0.1034, loss_centerness: 0.5197, loss: 0.6340, grad_norm: 8.9434
2026-05-09 01:38:12,995 - mmdet - INFO - Epoch [203][150/186]	lr: 2.486e-05, eta: 1:32:32, time: 0.362, data_time: 0.012, memory: 5158, loss_cls: 0.0091, loss_bbox: 0.1103, loss_centerness: 0.5276, loss: 0.6470, grad_norm: 8.8424
2026-05-09 01:38:47,206 - mmdet - INFO - Epoch [204][50/186]	lr: 2.442e-05, eta: 1:32:03, time: 0.420, data_time: 0.067, memory: 5158, loss_cls: 0.0093, loss_bbox: 0.1189, loss_centerness: 0.5521, loss: 0.6803, grad_norm: 13.6502
2026-05-09 01:39:05,269 - mmdet - INFO - Epoch [204][100/186]	lr: 2.442e-05, eta: 1:31:49, time: 0.361, data_time: 0.012, memory: 5158, loss_cls: 0.0101, loss_bbox: 0.1100, loss_centerness: 0.5325, loss: 0.6526, grad_norm: 11.9009
2026-05-09 01:39:23,367 - mmdet - INFO - Epoch [204][150/186]	lr: 2.442e-05, eta: 1:31:35, time: 0.362, data_time: 0.011, memory: 5158, loss_cls: 0.0240, loss_bbox: 0.1167, loss_centerness: 0.5092, loss: 0.6499, grad_norm: 11.1149
2026-05-09 01:39:57,550 - mmdet - INFO - Epoch [205][50/186]	lr: 2.398e-05, eta: 1:31:06, time: 0.419, data_time: 0.067, memory: 5158, loss_cls: 0.0125, loss_bbox: 0.1044, loss_centerness: 0.5174, loss: 0.6344, grad_norm: 7.9302
2026-05-09 01:40:15,685 - mmdet - INFO - Epoch [205][100/186]	lr: 2.398e-05, eta: 1:30:52, time: 0.363, data_time: 0.011, memory: 5158, loss_cls: 0.0082, loss_bbox: 0.0979, loss_centerness: 0.5191, loss: 0.6253, grad_norm: 7.8603
2026-05-09 01:40:33,745 - mmdet - INFO - Epoch [205][150/186]	lr: 2.398e-05, eta: 1:30:38, time: 0.361, data_time: 0.011, memory: 5158, loss_cls: 0.0105, loss_bbox: 0.0990, loss_centerness: 0.5083, loss: 0.6178, grad_norm: 8.4104
2026-05-09 01:41:11,133 - mmdet - INFO - Evaluating bbox...
2026-05-09 01:41:13,900 - mmdet - INFO - 
 Average Precision  (AP) @[ IoU=0.50:0.95 | area=   all | maxDets=100 ] = 0.239
 Average Precision  (AP) @[ IoU=0.50      | area=   all | maxDets=1000 ] = 0.640
 Average Precision  (AP) @[ IoU=0.75      | area=   all | maxDets=1000 ] = 0.109
 Average Precision  (AP) @[ IoU=0.50:0.95 | area= small | maxDets=1000 ] = 0.026
 Average Precision  (AP) @[ IoU=0.50:0.95 | area=medium | maxDets=1000 ] = 0.176
 Average Precision  (AP) @[ IoU=0.50:0.95 | area= large | maxDets=1000 ] = 0.317
 Average Recall     (AR) @[ IoU=0.50:0.95 | area=   all | maxDets=100 ] = 0.357
 Average Recall     (AR) @[ IoU=0.50:0.95 | area=   all | maxDets=300 ] = 0.357
 Average Recall     (AR) @[ IoU=0.50:0.95 | area=   all | maxDets=1000 ] = 0.357
 Average Recall     (AR) @[ IoU=0.50:0.95 | area= small | maxDets=1000 ] = 0.038
 Average Recall     (AR) @[ IoU=0.50:0.95 | area=medium | maxDets=1000 ] = 0.292
 Average Recall     (AR) @[ IoU=0.50:0.95 | area= large | maxDets=1000 ] = 0.446

2026-05-09 01:41:13,904 - mmdet - INFO - Exp name: fold_1_swin_t_3x_hbb.py
2026-05-09 01:41:13,904 - mmdet - INFO - Epoch(val) [205][371]	bbox_mAP: 0.2390, bbox_mAP_50: 0.6400, bbox_mAP_75: 0.1090, bbox_mAP_s: 0.0260, bbox_mAP_m: 0.1760, bbox_mAP_l: 0.3170, bbox_mAP_copypaste: 0.239 0.640 0.109 0.026 0.176 0.317
2026-05-09 01:41:34,832 - mmdet - INFO - Epoch [206][50/186]	lr: 2.354e-05, eta: 1:30:09, time: 0.418, data_time: 0.067, memory: 5158, loss_cls: 0.0091, loss_bbox: 0.1000, loss_centerness: 0.5204, loss: 0.6294, grad_norm: 10.2955
2026-05-09 01:41:52,818 - mmdet - INFO - Epoch [206][100/186]	lr: 2.354e-05, eta: 1:29:55, time: 0.360, data_time: 0.011, memory: 5158, loss_cls: 0.0104, loss_bbox: 0.0957, loss_centerness: 0.5193, loss: 0.6254, grad_norm: 9.9212
2026-05-09 01:42:10,977 - mmdet - INFO - Epoch [206][150/186]	lr: 2.354e-05, eta: 1:29:41, time: 0.363, data_time: 0.012, memory: 5158, loss_cls: 0.0104, loss_bbox: 0.1104, loss_centerness: 0.5425, loss: 0.6633, grad_norm: 9.0218
2026-05-09 01:42:44,996 - mmdet - INFO - Epoch [207][50/186]	lr: 2.311e-05, eta: 1:29:12, time: 0.416, data_time: 0.067, memory: 5158, loss_cls: 0.0093, loss_bbox: 0.0985, loss_centerness: 0.5272, loss: 0.6351, grad_norm: 8.5919
2026-05-09 01:43:03,016 - mmdet - INFO - Epoch [207][100/186]	lr: 2.311e-05, eta: 1:28:57, time: 0.360, data_time: 0.011, memory: 5158, loss_cls: 0.0063, loss_bbox: 0.0807, loss_centerness: 0.4836, loss: 0.5706, grad_norm: 7.4764
2026-05-09 01:43:21,112 - mmdet - INFO - Epoch [207][150/186]	lr: 2.311e-05, eta: 1:28:43, time: 0.362, data_time: 0.011, memory: 5158, loss_cls: 0.0090, loss_bbox: 0.1086, loss_centerness: 0.5415, loss: 0.6592, grad_norm: 7.5323
2026-05-09 01:43:55,296 - mmdet - INFO - Epoch [208][50/186]	lr: 2.268e-05, eta: 1:28:14, time: 0.420, data_time: 0.067, memory: 5158, loss_cls: 0.0104, loss_bbox: 0.0960, loss_centerness: 0.5267, loss: 0.6331, grad_norm: 10.0339
2026-05-09 01:44:13,374 - mmdet - INFO - Epoch [208][100/186]	lr: 2.268e-05, eta: 1:28:00, time: 0.362, data_time: 0.012, memory: 5158, loss_cls: 0.0087, loss_bbox: 0.0977, loss_centerness: 0.5190, loss: 0.6255, grad_norm: 10.0162
2026-05-09 01:44:31,402 - mmdet - INFO - Epoch [208][150/186]	lr: 2.268e-05, eta: 1:27:46, time: 0.361, data_time: 0.011, memory: 5158, loss_cls: 0.0110, loss_bbox: 0.0937, loss_centerness: 0.4716, loss: 0.5763, grad_norm: 9.1325
2026-05-09 01:45:05,542 - mmdet - INFO - Epoch [209][50/186]	lr: 2.225e-05, eta: 1:27:17, time: 0.419, data_time: 0.067, memory: 5158, loss_cls: 0.0125, loss_bbox: 0.1059, loss_centerness: 0.5281, loss: 0.6465, grad_norm: 7.7499
2026-05-09 01:45:23,633 - mmdet - INFO - Epoch [209][100/186]	lr: 2.225e-05, eta: 1:27:03, time: 0.362, data_time: 0.011, memory: 5158, loss_cls: 0.0213, loss_bbox: 0.1130, loss_centerness: 0.5379, loss: 0.6721, grad_norm: 8.5513
2026-05-09 01:45:41,687 - mmdet - INFO - Epoch [209][150/186]	lr: 2.225e-05, eta: 1:26:49, time: 0.361, data_time: 0.011, memory: 5158, loss_cls: 0.0129, loss_bbox: 0.1053, loss_centerness: 0.5330, loss: 0.6511, grad_norm: 8.7701
2026-05-09 01:46:15,784 - mmdet - INFO - Epoch [210][50/186]	lr: 2.183e-05, eta: 1:26:20, time: 0.419, data_time: 0.067, memory: 5158, loss_cls: 0.0115, loss_bbox: 0.1034, loss_centerness: 0.5432, loss: 0.6580, grad_norm: 8.3243
2026-05-09 01:46:33,853 - mmdet - INFO - Epoch [210][100/186]	lr: 2.183e-05, eta: 1:26:06, time: 0.361, data_time: 0.012, memory: 5158, loss_cls: 0.0099, loss_bbox: 0.1072, loss_centerness: 0.5428, loss: 0.6599, grad_norm: 8.1798
2026-05-09 01:46:51,947 - mmdet - INFO - Epoch [210][150/186]	lr: 2.183e-05, eta: 1:25:52, time: 0.362, data_time: 0.011, memory: 5158, loss_cls: 0.0153, loss_bbox: 0.1082, loss_centerness: 0.5421, loss: 0.6656, grad_norm: 8.1799
2026-05-09 01:47:05,032 - mmdet - INFO - Saving checkpoint at 210 epochs
2026-05-09 01:47:30,857 - mmdet - INFO - Evaluating bbox...
2026-05-09 01:47:34,059 - mmdet - INFO - 
 Average Precision  (AP) @[ IoU=0.50:0.95 | area=   all | maxDets=100 ] = 0.244
 Average Precision  (AP) @[ IoU=0.50      | area=   all | maxDets=1000 ] = 0.650
 Average Precision  (AP) @[ IoU=0.75      | area=   all | maxDets=1000 ] = 0.123
 Average Precision  (AP) @[ IoU=0.50:0.95 | area= small | maxDets=1000 ] = 0.035
 Average Precision  (AP) @[ IoU=0.50:0.95 | area=medium | maxDets=1000 ] = 0.178
 Average Precision  (AP) @[ IoU=0.50:0.95 | area= large | maxDets=1000 ] = 0.325
 Average Recall     (AR) @[ IoU=0.50:0.95 | area=   all | maxDets=100 ] = 0.366
 Average Recall     (AR) @[ IoU=0.50:0.95 | area=   all | maxDets=300 ] = 0.366
 Average Recall     (AR) @[ IoU=0.50:0.95 | area=   all | maxDets=1000 ] = 0.366
 Average Recall     (AR) @[ IoU=0.50:0.95 | area= small | maxDets=1000 ] = 0.055
 Average Recall     (AR) @[ IoU=0.50:0.95 | area=medium | maxDets=1000 ] = 0.303
 Average Recall     (AR) @[ IoU=0.50:0.95 | area= large | maxDets=1000 ] = 0.454

2026-05-09 01:47:34,219 - mmdet - INFO - The previous best checkpoint /home/ahmadreza/Downloads/Research/M2SODAI/baseline_official/runs_swin_hbb/swin_t_hbb_fold_1/best_bbox_mAP_epoch_200.pth was removed
2026-05-09 01:47:35,882 - mmdet - INFO - Now best checkpoint is saved as best_bbox_mAP_epoch_210.pth.
2026-05-09 01:47:35,883 - mmdet - INFO - Best bbox_mAP is 0.2440 at 210 epoch.
2026-05-09 01:47:35,883 - mmdet - INFO - Exp name: fold_1_swin_t_3x_hbb.py
2026-05-09 01:47:35,883 - mmdet - INFO - Epoch(val) [210][371]	bbox_mAP: 0.2440, bbox_mAP_50: 0.6500, bbox_mAP_75: 0.1230, bbox_mAP_s: 0.0350, bbox_mAP_m: 0.1780, bbox_mAP_l: 0.3250, bbox_mAP_copypaste: 0.244 0.650 0.123 0.035 0.178 0.325
2026-05-09 01:47:56,688 - mmdet - INFO - Epoch [211][50/186]	lr: 2.140e-05, eta: 1:25:23, time: 0.416, data_time: 0.067, memory: 5158, loss_cls: 0.0177, loss_bbox: 0.1133, loss_centerness: 0.5547, loss: 0.6857, grad_norm: 7.7440
2026-05-09 01:48:14,698 - mmdet - INFO - Epoch [211][100/186]	lr: 2.140e-05, eta: 1:25:09, time: 0.360, data_time: 0.011, memory: 5158, loss_cls: 0.0113, loss_bbox: 0.0976, loss_centerness: 0.5081, loss: 0.6170, grad_norm: 7.9976
2026-05-09 01:48:32,718 - mmdet - INFO - Epoch [211][150/186]	lr: 2.140e-05, eta: 1:24:55, time: 0.360, data_time: 0.011, memory: 5158, loss_cls: 0.0113, loss_bbox: 0.1020, loss_centerness: 0.5142, loss: 0.6275, grad_norm: 8.2934
2026-05-09 01:49:06,879 - mmdet - INFO - Epoch [212][50/186]	lr: 2.099e-05, eta: 1:24:26, time: 0.420, data_time: 0.067, memory: 5158, loss_cls: 0.0096, loss_bbox: 0.0956, loss_centerness: 0.5357, loss: 0.6409, grad_norm: 10.0562
2026-05-09 01:49:24,927 - mmdet - INFO - Epoch [212][100/186]	lr: 2.099e-05, eta: 1:24:12, time: 0.361, data_time: 0.012, memory: 5158, loss_cls: 0.0115, loss_bbox: 0.1021, loss_centerness: 0.5292, loss: 0.6427, grad_norm: 10.6788
2026-05-09 01:49:43,069 - mmdet - INFO - Epoch [212][150/186]	lr: 2.099e-05, eta: 1:23:58, time: 0.363, data_time: 0.012, memory: 5158, loss_cls: 0.0111, loss_bbox: 0.1032, loss_centerness: 0.5290, loss: 0.6433, grad_norm: 9.4001
2026-05-09 01:50:17,024 - mmdet - INFO - Epoch [213][50/186]	lr: 2.057e-05, eta: 1:23:29, time: 0.417, data_time: 0.067, memory: 5158, loss_cls: 0.0087, loss_bbox: 0.0941, loss_centerness: 0.5266, loss: 0.6295, grad_norm: 8.7286
2026-05-09 01:50:35,084 - mmdet - INFO - Epoch [213][100/186]	lr: 2.057e-05, eta: 1:23:15, time: 0.361, data_time: 0.011, memory: 5158, loss_cls: 0.0101, loss_bbox: 0.1001, loss_centerness: 0.5305, loss: 0.6407, grad_norm: 8.2746
2026-05-09 01:50:53,154 - mmdet - INFO - Epoch [213][150/186]	lr: 2.057e-05, eta: 1:23:00, time: 0.361, data_time: 0.011, memory: 5158, loss_cls: 0.0097, loss_bbox: 0.1046, loss_centerness: 0.5202, loss: 0.6345, grad_norm: 8.0300
2026-05-09 01:51:27,302 - mmdet - INFO - Epoch [214][50/186]	lr: 2.016e-05, eta: 1:22:32, time: 0.420, data_time: 0.069, memory: 5158, loss_cls: 0.0126, loss_bbox: 0.1131, loss_centerness: 0.5303, loss: 0.6560, grad_norm: 9.9815
2026-05-09 01:51:45,331 - mmdet - INFO - Epoch [214][100/186]	lr: 2.016e-05, eta: 1:22:17, time: 0.361, data_time: 0.011, memory: 5158, loss_cls: 0.0081, loss_bbox: 0.0948, loss_centerness: 0.5306, loss: 0.6335, grad_norm: 8.8340
2026-05-09 01:52:03,377 - mmdet - INFO - Epoch [214][150/186]	lr: 2.016e-05, eta: 1:22:03, time: 0.361, data_time: 0.011, memory: 5158, loss_cls: 0.0099, loss_bbox: 0.0962, loss_centerness: 0.5261, loss: 0.6323, grad_norm: 8.5795
2026-05-09 01:52:37,438 - mmdet - INFO - Epoch [215][50/186]	lr: 1.975e-05, eta: 1:21:35, time: 0.417, data_time: 0.067, memory: 5158, loss_cls: 0.0122, loss_bbox: 0.1010, loss_centerness: 0.5423, loss: 0.6556, grad_norm: 8.6596
2026-05-09 01:52:55,530 - mmdet - INFO - Epoch [215][100/186]	lr: 1.975e-05, eta: 1:21:20, time: 0.362, data_time: 0.011, memory: 5158, loss_cls: 0.0074, loss_bbox: 0.0946, loss_centerness: 0.5395, loss: 0.6415, grad_norm: 8.0997
2026-05-09 01:53:13,651 - mmdet - INFO - Epoch [215][150/186]	lr: 1.975e-05, eta: 1:21:06, time: 0.362, data_time: 0.012, memory: 5158, loss_cls: 0.0090, loss_bbox: 0.1057, loss_centerness: 0.5478, loss: 0.6625, grad_norm: 8.1797
2026-05-09 01:53:50,805 - mmdet - INFO - Evaluating bbox...
2026-05-09 01:53:53,780 - mmdet - INFO - 
 Average Precision  (AP) @[ IoU=0.50:0.95 | area=   all | maxDets=100 ] = 0.240
 Average Precision  (AP) @[ IoU=0.50      | area=   all | maxDets=1000 ] = 0.643
 Average Precision  (AP) @[ IoU=0.75      | area=   all | maxDets=1000 ] = 0.111
 Average Precision  (AP) @[ IoU=0.50:0.95 | area= small | maxDets=1000 ] = 0.043
 Average Precision  (AP) @[ IoU=0.50:0.95 | area=medium | maxDets=1000 ] = 0.172
 Average Precision  (AP) @[ IoU=0.50:0.95 | area= large | maxDets=1000 ] = 0.321
 Average Recall     (AR) @[ IoU=0.50:0.95 | area=   all | maxDets=100 ] = 0.360
 Average Recall     (AR) @[ IoU=0.50:0.95 | area=   all | maxDets=300 ] = 0.360
 Average Recall     (AR) @[ IoU=0.50:0.95 | area=   all | maxDets=1000 ] = 0.360
 Average Recall     (AR) @[ IoU=0.50:0.95 | area= small | maxDets=1000 ] = 0.066
 Average Recall     (AR) @[ IoU=0.50:0.95 | area=medium | maxDets=1000 ] = 0.294
 Average Recall     (AR) @[ IoU=0.50:0.95 | area= large | maxDets=1000 ] = 0.451

2026-05-09 01:53:53,785 - mmdet - INFO - Exp name: fold_1_swin_t_3x_hbb.py
2026-05-09 01:53:53,785 - mmdet - INFO - Epoch(val) [215][371]	bbox_mAP: 0.2400, bbox_mAP_50: 0.6430, bbox_mAP_75: 0.1110, bbox_mAP_s: 0.0430, bbox_mAP_m: 0.1720, bbox_mAP_l: 0.3210, bbox_mAP_copypaste: 0.240 0.643 0.111 0.043 0.172 0.321
2026-05-09 01:54:14,722 - mmdet - INFO - Epoch [216][50/186]	lr: 1.935e-05, eta: 1:20:37, time: 0.418, data_time: 0.067, memory: 5158, loss_cls: 0.0068, loss_bbox: 0.0852, loss_centerness: 0.5304, loss: 0.6224, grad_norm: 11.5837
2026-05-09 01:54:32,688 - mmdet - INFO - Epoch [216][100/186]	lr: 1.935e-05, eta: 1:20:23, time: 0.359, data_time: 0.011, memory: 5158, loss_cls: 0.0143, loss_bbox: 0.1032, loss_centerness: 0.5242, loss: 0.6417, grad_norm: 9.9544
2026-05-09 01:54:50,760 - mmdet - INFO - Epoch [216][150/186]	lr: 1.935e-05, eta: 1:20:09, time: 0.361, data_time: 0.011, memory: 5158, loss_cls: 0.0206, loss_bbox: 0.1160, loss_centerness: 0.5224, loss: 0.6590, grad_norm: 8.8023
2026-05-09 01:55:24,819 - mmdet - INFO - Epoch [217][50/186]	lr: 1.895e-05, eta: 1:19:40, time: 0.418, data_time: 0.067, memory: 5158, loss_cls: 0.0096, loss_bbox: 0.0976, loss_centerness: 0.5174, loss: 0.6246, grad_norm: 7.2163
2026-05-09 01:55:43,000 - mmdet - INFO - Epoch [217][100/186]	lr: 1.895e-05, eta: 1:19:26, time: 0.364, data_time: 0.012, memory: 5158, loss_cls: 0.0135, loss_bbox: 0.0943, loss_centerness: 0.5199, loss: 0.6277, grad_norm: 8.2188
2026-05-09 01:56:01,034 - mmdet - INFO - Epoch [217][150/186]	lr: 1.895e-05, eta: 1:19:12, time: 0.361, data_time: 0.011, memory: 5158, loss_cls: 0.0083, loss_bbox: 0.0895, loss_centerness: 0.5141, loss: 0.6120, grad_norm: 8.7008
2026-05-09 01:56:35,175 - mmdet - INFO - Epoch [218][50/186]	lr: 1.855e-05, eta: 1:18:43, time: 0.419, data_time: 0.067, memory: 5158, loss_cls: 0.0110, loss_bbox: 0.0968, loss_centerness: 0.5215, loss: 0.6294, grad_norm: 10.5086
2026-05-09 01:56:53,233 - mmdet - INFO - Epoch [218][100/186]	lr: 1.855e-05, eta: 1:18:29, time: 0.361, data_time: 0.011, memory: 5158, loss_cls: 0.0076, loss_bbox: 0.0977, loss_centerness: 0.5203, loss: 0.6256, grad_norm: 10.0001
2026-05-09 01:57:11,349 - mmdet - INFO - Epoch [218][150/186]	lr: 1.855e-05, eta: 1:18:15, time: 0.362, data_time: 0.011, memory: 5158, loss_cls: 0.0088, loss_bbox: 0.1023, loss_centerness: 0.5388, loss: 0.6499, grad_norm: 10.5731
2026-05-09 01:57:45,379 - mmdet - INFO - Epoch [219][50/186]	lr: 1.816e-05, eta: 1:17:46, time: 0.417, data_time: 0.067, memory: 5158, loss_cls: 0.0157, loss_bbox: 0.1026, loss_centerness: 0.5369, loss: 0.6552, grad_norm: 8.5699
2026-05-09 01:58:03,506 - mmdet - INFO - Epoch [219][100/186]	lr: 1.816e-05, eta: 1:17:32, time: 0.363, data_time: 0.011, memory: 5158, loss_cls: 0.0121, loss_bbox: 0.1147, loss_centerness: 0.5436, loss: 0.6704, grad_norm: 9.4039
2026-05-09 01:58:21,562 - mmdet - INFO - Epoch [219][150/186]	lr: 1.816e-05, eta: 1:17:17, time: 0.361, data_time: 0.011, memory: 5158, loss_cls: 0.0091, loss_bbox: 0.0873, loss_centerness: 0.5164, loss: 0.6128, grad_norm: 9.4905
2026-05-09 01:58:55,725 - mmdet - INFO - Epoch [220][50/186]	lr: 1.777e-05, eta: 1:16:49, time: 0.419, data_time: 0.067, memory: 5158, loss_cls: 0.0105, loss_bbox: 0.0956, loss_centerness: 0.5313, loss: 0.6374, grad_norm: 7.7501
2026-05-09 01:59:13,767 - mmdet - INFO - Epoch [220][100/186]	lr: 1.777e-05, eta: 1:16:35, time: 0.361, data_time: 0.011, memory: 5158, loss_cls: 0.0079, loss_bbox: 0.0950, loss_centerness: 0.5084, loss: 0.6113, grad_norm: 7.5057
2026-05-09 01:59:31,854 - mmdet - INFO - Epoch [220][150/186]	lr: 1.777e-05, eta: 1:16:20, time: 0.362, data_time: 0.011, memory: 5158, loss_cls: 0.0104, loss_bbox: 0.0999, loss_centerness: 0.5170, loss: 0.6273, grad_norm: 7.7754
2026-05-09 01:59:45,027 - mmdet - INFO - Saving checkpoint at 220 epochs
2026-05-09 02:00:10,722 - mmdet - INFO - Evaluating bbox...
2026-05-09 02:00:13,578 - mmdet - INFO - 
 Average Precision  (AP) @[ IoU=0.50:0.95 | area=   all | maxDets=100 ] = 0.242
 Average Precision  (AP) @[ IoU=0.50      | area=   all | maxDets=1000 ] = 0.644
 Average Precision  (AP) @[ IoU=0.75      | area=   all | maxDets=1000 ] = 0.117
 Average Precision  (AP) @[ IoU=0.50:0.95 | area= small | maxDets=1000 ] = 0.037
 Average Precision  (AP) @[ IoU=0.50:0.95 | area=medium | maxDets=1000 ] = 0.176
 Average Precision  (AP) @[ IoU=0.50:0.95 | area= large | maxDets=1000 ] = 0.322
 Average Recall     (AR) @[ IoU=0.50:0.95 | area=   all | maxDets=100 ] = 0.363
 Average Recall     (AR) @[ IoU=0.50:0.95 | area=   all | maxDets=300 ] = 0.363
 Average Recall     (AR) @[ IoU=0.50:0.95 | area=   all | maxDets=1000 ] = 0.363
 Average Recall     (AR) @[ IoU=0.50:0.95 | area= small | maxDets=1000 ] = 0.062
 Average Recall     (AR) @[ IoU=0.50:0.95 | area=medium | maxDets=1000 ] = 0.294
 Average Recall     (AR) @[ IoU=0.50:0.95 | area= large | maxDets=1000 ] = 0.456

2026-05-09 02:00:13,583 - mmdet - INFO - Exp name: fold_1_swin_t_3x_hbb.py
2026-05-09 02:00:13,583 - mmdet - INFO - Epoch(val) [220][371]	bbox_mAP: 0.2420, bbox_mAP_50: 0.6440, bbox_mAP_75: 0.1170, bbox_mAP_s: 0.0370, bbox_mAP_m: 0.1760, bbox_mAP_l: 0.3220, bbox_mAP_copypaste: 0.242 0.644 0.117 0.037 0.176 0.322
2026-05-09 02:00:34,412 - mmdet - INFO - Epoch [221][50/186]	lr: 1.738e-05, eta: 1:15:52, time: 0.416, data_time: 0.067, memory: 5158, loss_cls: 0.0254, loss_bbox: 0.1241, loss_centerness: 0.5447, loss: 0.6941, grad_norm: 8.9077
2026-05-09 02:00:52,498 - mmdet - INFO - Epoch [221][100/186]	lr: 1.738e-05, eta: 1:15:38, time: 0.362, data_time: 0.012, memory: 5158, loss_cls: 0.0101, loss_bbox: 0.1060, loss_centerness: 0.5427, loss: 0.6589, grad_norm: 8.1867
2026-05-09 02:01:10,421 - mmdet - INFO - Epoch [221][150/186]	lr: 1.738e-05, eta: 1:15:23, time: 0.358, data_time: 0.011, memory: 5158, loss_cls: 0.0090, loss_bbox: 0.0842, loss_centerness: 0.4895, loss: 0.5827, grad_norm: 7.8695
2026-05-09 02:01:44,439 - mmdet - INFO - Epoch [222][50/186]	lr: 1.699e-05, eta: 1:14:55, time: 0.419, data_time: 0.067, memory: 5158, loss_cls: 0.0167, loss_bbox: 0.1073, loss_centerness: 0.5313, loss: 0.6552, grad_norm: 8.1902
2026-05-09 02:02:02,483 - mmdet - INFO - Epoch [222][100/186]	lr: 1.699e-05, eta: 1:14:40, time: 0.361, data_time: 0.011, memory: 5158, loss_cls: 0.0103, loss_bbox: 0.0931, loss_centerness: 0.5383, loss: 0.6417, grad_norm: 8.1770
2026-05-09 02:02:20,560 - mmdet - INFO - Epoch [222][150/186]	lr: 1.699e-05, eta: 1:14:26, time: 0.362, data_time: 0.011, memory: 5158, loss_cls: 0.0125, loss_bbox: 0.0999, loss_centerness: 0.5175, loss: 0.6299, grad_norm: 8.3627
2026-05-09 02:02:54,642 - mmdet - INFO - Epoch [223][50/186]	lr: 1.661e-05, eta: 1:13:58, time: 0.418, data_time: 0.067, memory: 5158, loss_cls: 0.0110, loss_bbox: 0.0982, loss_centerness: 0.5044, loss: 0.6135, grad_norm: 9.2344
2026-05-09 02:03:12,726 - mmdet - INFO - Epoch [223][100/186]	lr: 1.661e-05, eta: 1:13:43, time: 0.362, data_time: 0.011, memory: 5158, loss_cls: 0.0071, loss_bbox: 0.0812, loss_centerness: 0.5045, loss: 0.5928, grad_norm: 7.9141
2026-05-09 02:03:30,781 - mmdet - INFO - Epoch [223][150/186]	lr: 1.661e-05, eta: 1:13:29, time: 0.361, data_time: 0.012, memory: 5158, loss_cls: 0.0118, loss_bbox: 0.0997, loss_centerness: 0.5401, loss: 0.6516, grad_norm: 8.1281
2026-05-09 02:04:04,957 - mmdet - INFO - Epoch [224][50/186]	lr: 1.624e-05, eta: 1:13:01, time: 0.420, data_time: 0.067, memory: 5158, loss_cls: 0.0082, loss_bbox: 0.0938, loss_centerness: 0.5520, loss: 0.6540, grad_norm: 8.0684
2026-05-09 02:04:23,065 - mmdet - INFO - Epoch [224][100/186]	lr: 1.624e-05, eta: 1:12:46, time: 0.362, data_time: 0.012, memory: 5158, loss_cls: 0.0064, loss_bbox: 0.0881, loss_centerness: 0.5364, loss: 0.6309, grad_norm: 7.9124
2026-05-09 02:04:41,213 - mmdet - INFO - Epoch [224][150/186]	lr: 1.624e-05, eta: 1:12:32, time: 0.363, data_time: 0.011, memory: 5158, loss_cls: 0.0082, loss_bbox: 0.0961, loss_centerness: 0.5192, loss: 0.6236, grad_norm: 7.9156
2026-05-09 02:05:15,315 - mmdet - INFO - Epoch [225][50/186]	lr: 1.587e-05, eta: 1:12:03, time: 0.420, data_time: 0.067, memory: 5158, loss_cls: 0.0090, loss_bbox: 0.0877, loss_centerness: 0.5307, loss: 0.6275, grad_norm: 8.4458
2026-05-09 02:05:33,518 - mmdet - INFO - Epoch [225][100/186]	lr: 1.587e-05, eta: 1:11:49, time: 0.364, data_time: 0.012, memory: 5158, loss_cls: 0.0178, loss_bbox: 0.0860, loss_centerness: 0.5190, loss: 0.6228, grad_norm: 10.0078
2026-05-09 02:05:51,607 - mmdet - INFO - Epoch [225][150/186]	lr: 1.587e-05, eta: 1:11:35, time: 0.362, data_time: 0.011, memory: 5158, loss_cls: 0.0104, loss_bbox: 0.1055, loss_centerness: 0.5400, loss: 0.6559, grad_norm: 9.6437
2026-05-09 02:06:28,730 - mmdet - INFO - Evaluating bbox...
2026-05-09 02:06:31,581 - mmdet - INFO - 
 Average Precision  (AP) @[ IoU=0.50:0.95 | area=   all | maxDets=100 ] = 0.244
 Average Precision  (AP) @[ IoU=0.50      | area=   all | maxDets=1000 ] = 0.644
 Average Precision  (AP) @[ IoU=0.75      | area=   all | maxDets=1000 ] = 0.119
 Average Precision  (AP) @[ IoU=0.50:0.95 | area= small | maxDets=1000 ] = 0.042
 Average Precision  (AP) @[ IoU=0.50:0.95 | area=medium | maxDets=1000 ] = 0.179
 Average Precision  (AP) @[ IoU=0.50:0.95 | area= large | maxDets=1000 ] = 0.325
 Average Recall     (AR) @[ IoU=0.50:0.95 | area=   all | maxDets=100 ] = 0.360
 Average Recall     (AR) @[ IoU=0.50:0.95 | area=   all | maxDets=300 ] = 0.360
 Average Recall     (AR) @[ IoU=0.50:0.95 | area=   all | maxDets=1000 ] = 0.360
 Average Recall     (AR) @[ IoU=0.50:0.95 | area= small | maxDets=1000 ] = 0.072
 Average Recall     (AR) @[ IoU=0.50:0.95 | area=medium | maxDets=1000 ] = 0.293
 Average Recall     (AR) @[ IoU=0.50:0.95 | area= large | maxDets=1000 ] = 0.451

2026-05-09 02:06:31,586 - mmdet - INFO - Exp name: fold_1_swin_t_3x_hbb.py
2026-05-09 02:06:31,586 - mmdet - INFO - Epoch(val) [225][371]	bbox_mAP: 0.2440, bbox_mAP_50: 0.6440, bbox_mAP_75: 0.1190, bbox_mAP_s: 0.0420, bbox_mAP_m: 0.1790, bbox_mAP_l: 0.3250, bbox_mAP_copypaste: 0.244 0.644 0.119 0.042 0.179 0.325
2026-05-09 02:06:52,569 - mmdet - INFO - Epoch [226][50/186]	lr: 1.550e-05, eta: 1:11:06, time: 0.419, data_time: 0.067, memory: 5158, loss_cls: 0.0106, loss_bbox: 0.0995, loss_centerness: 0.5243, loss: 0.6344, grad_norm: 7.4568
2026-05-09 02:07:10,571 - mmdet - INFO - Epoch [226][100/186]	lr: 1.550e-05, eta: 1:10:52, time: 0.360, data_time: 0.011, memory: 5158, loss_cls: 0.0202, loss_bbox: 0.0987, loss_centerness: 0.5405, loss: 0.6594, grad_norm: 8.2335
2026-05-09 02:07:28,613 - mmdet - INFO - Exp name: fold_1_swin_t_3x_hbb.py
2026-05-09 02:07:28,613 - mmdet - INFO - Epoch [226][150/186]	lr: 1.550e-05, eta: 1:10:37, time: 0.361, data_time: 0.011, memory: 5158, loss_cls: 0.0130, loss_bbox: 0.0911, loss_centerness: 0.5194, loss: 0.6234, grad_norm: 7.9964
2026-05-09 02:08:02,730 - mmdet - INFO - Epoch [227][50/186]	lr: 1.513e-05, eta: 1:10:09, time: 0.420, data_time: 0.067, memory: 5158, loss_cls: 0.0136, loss_bbox: 0.0998, loss_centerness: 0.5361, loss: 0.6495, grad_norm: 8.2891
2026-05-09 02:08:20,826 - mmdet - INFO - Epoch [227][100/186]	lr: 1.513e-05, eta: 1:09:55, time: 0.362, data_time: 0.011, memory: 5158, loss_cls: 0.0059, loss_bbox: 0.0776, loss_centerness: 0.5172, loss: 0.6007, grad_norm: 7.1007
2026-05-09 02:08:38,763 - mmdet - INFO - Epoch [227][150/186]	lr: 1.513e-05, eta: 1:09:40, time: 0.359, data_time: 0.011, memory: 5158, loss_cls: 0.0108, loss_bbox: 0.0980, loss_centerness: 0.5231, loss: 0.6319, grad_norm: 6.7309
2026-05-09 02:09:12,912 - mmdet - INFO - Epoch [228][50/186]	lr: 1.477e-05, eta: 1:09:12, time: 0.420, data_time: 0.067, memory: 5158, loss_cls: 0.0105, loss_bbox: 0.0923, loss_centerness: 0.5417, loss: 0.6446, grad_norm: 9.2868
2026-05-09 02:09:30,980 - mmdet - INFO - Epoch [228][100/186]	lr: 1.477e-05, eta: 1:08:58, time: 0.361, data_time: 0.011, memory: 5158, loss_cls: 0.0070, loss_bbox: 0.0891, loss_centerness: 0.5360, loss: 0.6321, grad_norm: 9.4742
2026-05-09 02:09:49,054 - mmdet - INFO - Epoch [228][150/186]	lr: 1.477e-05, eta: 1:08:43, time: 0.361, data_time: 0.011, memory: 5158, loss_cls: 0.0083, loss_bbox: 0.0918, loss_centerness: 0.5180, loss: 0.6181, grad_norm: 9.4718
2026-05-09 02:10:23,164 - mmdet - INFO - Epoch [229][50/186]	lr: 1.442e-05, eta: 1:08:15, time: 0.418, data_time: 0.067, memory: 5158, loss_cls: 0.0065, loss_bbox: 0.0836, loss_centerness: 0.5308, loss: 0.6209, grad_norm: 6.9786
2026-05-09 02:10:41,313 - mmdet - INFO - Epoch [229][100/186]	lr: 1.442e-05, eta: 1:08:01, time: 0.363, data_time: 0.012, memory: 5158, loss_cls: 0.0062, loss_bbox: 0.0851, loss_centerness: 0.5437, loss: 0.6350, grad_norm: 7.5901
2026-05-09 02:10:59,284 - mmdet - INFO - Epoch [229][150/186]	lr: 1.442e-05, eta: 1:07:46, time: 0.359, data_time: 0.011, memory: 5158, loss_cls: 0.0086, loss_bbox: 0.0931, loss_centerness: 0.5166, loss: 0.6183, grad_norm: 7.8125
2026-05-09 02:11:33,468 - mmdet - INFO - Epoch [230][50/186]	lr: 1.406e-05, eta: 1:07:18, time: 0.420, data_time: 0.067, memory: 5158, loss_cls: 0.0339, loss_bbox: 0.1020, loss_centerness: 0.5419, loss: 0.6778, grad_norm: 7.3416
2026-05-09 02:11:51,533 - mmdet - INFO - Epoch [230][100/186]	lr: 1.406e-05, eta: 1:07:03, time: 0.361, data_time: 0.011, memory: 5158, loss_cls: 0.0135, loss_bbox: 0.1025, loss_centerness: 0.5206, loss: 0.6366, grad_norm: 7.0219
2026-05-09 02:12:09,600 - mmdet - INFO - Epoch [230][150/186]	lr: 1.406e-05, eta: 1:06:49, time: 0.361, data_time: 0.011, memory: 5158, loss_cls: 0.0103, loss_bbox: 0.0943, loss_centerness: 0.5160, loss: 0.6206, grad_norm: 7.2764
2026-05-09 02:12:22,797 - mmdet - INFO - Saving checkpoint at 230 epochs
2026-05-09 02:12:48,238 - mmdet - INFO - Evaluating bbox...
2026-05-09 02:12:51,136 - mmdet - INFO - 
 Average Precision  (AP) @[ IoU=0.50:0.95 | area=   all | maxDets=100 ] = 0.245
 Average Precision  (AP) @[ IoU=0.50      | area=   all | maxDets=1000 ] = 0.645
 Average Precision  (AP) @[ IoU=0.75      | area=   all | maxDets=1000 ] = 0.132
 Average Precision  (AP) @[ IoU=0.50:0.95 | area= small | maxDets=1000 ] = 0.026
 Average Precision  (AP) @[ IoU=0.50:0.95 | area=medium | maxDets=1000 ] = 0.179
 Average Precision  (AP) @[ IoU=0.50:0.95 | area= large | maxDets=1000 ] = 0.328
 Average Recall     (AR) @[ IoU=0.50:0.95 | area=   all | maxDets=100 ] = 0.364
 Average Recall     (AR) @[ IoU=0.50:0.95 | area=   all | maxDets=300 ] = 0.364
 Average Recall     (AR) @[ IoU=0.50:0.95 | area=   all | maxDets=1000 ] = 0.364
 Average Recall     (AR) @[ IoU=0.50:0.95 | area= small | maxDets=1000 ] = 0.048
 Average Recall     (AR) @[ IoU=0.50:0.95 | area=medium | maxDets=1000 ] = 0.299
 Average Recall     (AR) @[ IoU=0.50:0.95 | area= large | maxDets=1000 ] = 0.456

2026-05-09 02:12:51,294 - mmdet - INFO - The previous best checkpoint /home/ahmadreza/Downloads/Research/M2SODAI/baseline_official/runs_swin_hbb/swin_t_hbb_fold_1/best_bbox_mAP_epoch_210.pth was removed
2026-05-09 02:12:52,912 - mmdet - INFO - Now best checkpoint is saved as best_bbox_mAP_epoch_230.pth.
2026-05-09 02:12:52,913 - mmdet - INFO - Best bbox_mAP is 0.2450 at 230 epoch.
2026-05-09 02:12:52,913 - mmdet - INFO - Exp name: fold_1_swin_t_3x_hbb.py
2026-05-09 02:12:52,913 - mmdet - INFO - Epoch(val) [230][371]	bbox_mAP: 0.2450, bbox_mAP_50: 0.6450, bbox_mAP_75: 0.1320, bbox_mAP_s: 0.0260, bbox_mAP_m: 0.1790, bbox_mAP_l: 0.3280, bbox_mAP_copypaste: 0.245 0.645 0.132 0.026 0.179 0.328
2026-05-09 02:13:13,734 - mmdet - INFO - Epoch [231][50/186]	lr: 1.371e-05, eta: 1:06:21, time: 0.416, data_time: 0.067, memory: 5158, loss_cls: 0.0104, loss_bbox: 0.0982, loss_centerness: 0.5204, loss: 0.6290, grad_norm: 7.2552
2026-05-09 02:13:31,779 - mmdet - INFO - Epoch [231][100/186]	lr: 1.371e-05, eta: 1:06:06, time: 0.361, data_time: 0.012, memory: 5158, loss_cls: 0.0071, loss_bbox: 0.0855, loss_centerness: 0.5260, loss: 0.6186, grad_norm: 6.6563
2026-05-09 02:13:49,809 - mmdet - INFO - Epoch [231][150/186]	lr: 1.371e-05, eta: 1:05:52, time: 0.361, data_time: 0.011, memory: 5158, loss_cls: 0.0146, loss_bbox: 0.1031, loss_centerness: 0.5214, loss: 0.6391, grad_norm: 6.9220
2026-05-09 02:14:23,891 - mmdet - INFO - Epoch [232][50/186]	lr: 1.337e-05, eta: 1:05:24, time: 0.418, data_time: 0.067, memory: 5158, loss_cls: 0.0090, loss_bbox: 0.0892, loss_centerness: 0.5072, loss: 0.6054, grad_norm: 6.8657
2026-05-09 02:14:41,894 - mmdet - INFO - Epoch [232][100/186]	lr: 1.337e-05, eta: 1:05:09, time: 0.360, data_time: 0.011, memory: 5158, loss_cls: 0.0080, loss_bbox: 0.0920, loss_centerness: 0.5505, loss: 0.6504, grad_norm: 7.7624
2026-05-09 02:14:59,910 - mmdet - INFO - Epoch [232][150/186]	lr: 1.337e-05, eta: 1:04:55, time: 0.360, data_time: 0.011, memory: 5158, loss_cls: 0.0138, loss_bbox: 0.0944, loss_centerness: 0.4937, loss: 0.6019, grad_norm: 7.3555
2026-05-09 02:15:34,010 - mmdet - INFO - Epoch [233][50/186]	lr: 1.303e-05, eta: 1:04:27, time: 0.419, data_time: 0.067, memory: 5158, loss_cls: 0.0202, loss_bbox: 0.1106, loss_centerness: 0.5279, loss: 0.6588, grad_norm: 6.3148
2026-05-09 02:15:52,092 - mmdet - INFO - Epoch [233][100/186]	lr: 1.303e-05, eta: 1:04:12, time: 0.362, data_time: 0.011, memory: 5158, loss_cls: 0.0079, loss_bbox: 0.0887, loss_centerness: 0.5413, loss: 0.6380, grad_norm: 7.1407
2026-05-09 02:16:10,113 - mmdet - INFO - Epoch [233][150/186]	lr: 1.303e-05, eta: 1:03:57, time: 0.360, data_time: 0.011, memory: 5158, loss_cls: 0.0108, loss_bbox: 0.0962, loss_centerness: 0.5198, loss: 0.6269, grad_norm: 7.4118
2026-05-09 02:16:44,218 - mmdet - INFO - Epoch [234][50/186]	lr: 1.269e-05, eta: 1:03:29, time: 0.418, data_time: 0.067, memory: 5158, loss_cls: 0.0078, loss_bbox: 0.0886, loss_centerness: 0.5170, loss: 0.6134, grad_norm: 8.1074
2026-05-09 02:17:02,275 - mmdet - INFO - Epoch [234][100/186]	lr: 1.269e-05, eta: 1:03:15, time: 0.361, data_time: 0.012, memory: 5158, loss_cls: 0.0078, loss_bbox: 0.0920, loss_centerness: 0.5308, loss: 0.6306, grad_norm: 8.3397
2026-05-09 02:17:20,417 - mmdet - INFO - Epoch [234][150/186]	lr: 1.269e-05, eta: 1:03:00, time: 0.363, data_time: 0.011, memory: 5158, loss_cls: 0.0178, loss_bbox: 0.0878, loss_centerness: 0.5390, loss: 0.6446, grad_norm: 8.3460
2026-05-09 02:17:54,454 - mmdet - INFO - Epoch [235][50/186]	lr: 1.236e-05, eta: 1:02:32, time: 0.418, data_time: 0.067, memory: 5158, loss_cls: 0.0086, loss_bbox: 0.0946, loss_centerness: 0.5092, loss: 0.6124, grad_norm: 9.1456
2026-05-09 02:18:12,534 - mmdet - INFO - Epoch [235][100/186]	lr: 1.236e-05, eta: 1:02:18, time: 0.362, data_time: 0.011, memory: 5158, loss_cls: 0.0079, loss_bbox: 0.0889, loss_centerness: 0.5256, loss: 0.6224, grad_norm: 9.5390
2026-05-09 02:18:30,597 - mmdet - INFO - Epoch [235][150/186]	lr: 1.236e-05, eta: 1:02:03, time: 0.361, data_time: 0.011, memory: 5158, loss_cls: 0.0111, loss_bbox: 0.0986, loss_centerness: 0.5174, loss: 0.6272, grad_norm: 9.8798
2026-05-09 02:19:07,809 - mmdet - INFO - Evaluating bbox...
2026-05-09 02:19:10,934 - mmdet - INFO - 
 Average Precision  (AP) @[ IoU=0.50:0.95 | area=   all | maxDets=100 ] = 0.245
 Average Precision  (AP) @[ IoU=0.50      | area=   all | maxDets=1000 ] = 0.644
 Average Precision  (AP) @[ IoU=0.75      | area=   all | maxDets=1000 ] = 0.124
 Average Precision  (AP) @[ IoU=0.50:0.95 | area= small | maxDets=1000 ] = 0.025
 Average Precision  (AP) @[ IoU=0.50:0.95 | area=medium | maxDets=1000 ] = 0.178
 Average Precision  (AP) @[ IoU=0.50:0.95 | area= large | maxDets=1000 ] = 0.329
 Average Recall     (AR) @[ IoU=0.50:0.95 | area=   all | maxDets=100 ] = 0.367
 Average Recall     (AR) @[ IoU=0.50:0.95 | area=   all | maxDets=300 ] = 0.367
 Average Recall     (AR) @[ IoU=0.50:0.95 | area=   all | maxDets=1000 ] = 0.367
 Average Recall     (AR) @[ IoU=0.50:0.95 | area= small | maxDets=1000 ] = 0.041
 Average Recall     (AR) @[ IoU=0.50:0.95 | area=medium | maxDets=1000 ] = 0.301
 Average Recall     (AR) @[ IoU=0.50:0.95 | area= large | maxDets=1000 ] = 0.460

2026-05-09 02:19:10,939 - mmdet - INFO - Exp name: fold_1_swin_t_3x_hbb.py
2026-05-09 02:19:10,939 - mmdet - INFO - Epoch(val) [235][371]	bbox_mAP: 0.2450, bbox_mAP_50: 0.6440, bbox_mAP_75: 0.1240, bbox_mAP_s: 0.0250, bbox_mAP_m: 0.1780, bbox_mAP_l: 0.3290, bbox_mAP_copypaste: 0.245 0.644 0.124 0.025 0.178 0.329
2026-05-09 02:19:31,833 - mmdet - INFO - Epoch [236][50/186]	lr: 1.203e-05, eta: 1:01:35, time: 0.418, data_time: 0.067, memory: 5158, loss_cls: 0.0093, loss_bbox: 0.0965, loss_centerness: 0.5274, loss: 0.6332, grad_norm: 6.5899
2026-05-09 02:19:49,815 - mmdet - INFO - Epoch [236][100/186]	lr: 1.203e-05, eta: 1:01:21, time: 0.360, data_time: 0.012, memory: 5158, loss_cls: 0.0068, loss_bbox: 0.0876, loss_centerness: 0.5383, loss: 0.6327, grad_norm: 6.5942
2026-05-09 02:20:07,940 - mmdet - INFO - Epoch [236][150/186]	lr: 1.203e-05, eta: 1:01:06, time: 0.362, data_time: 0.011, memory: 5158, loss_cls: 0.0087, loss_bbox: 0.0897, loss_centerness: 0.5289, loss: 0.6274, grad_norm: 6.8298
2026-05-09 02:20:41,987 - mmdet - INFO - Epoch [237][50/186]	lr: 1.171e-05, eta: 1:00:38, time: 0.417, data_time: 0.067, memory: 5158, loss_cls: 0.0109, loss_bbox: 0.0974, loss_centerness: 0.5290, loss: 0.6374, grad_norm: 5.4864
2026-05-09 02:21:00,104 - mmdet - INFO - Epoch [237][100/186]	lr: 1.171e-05, eta: 1:00:24, time: 0.362, data_time: 0.012, memory: 5158, loss_cls: 0.0063, loss_bbox: 0.0828, loss_centerness: 0.5252, loss: 0.6143, grad_norm: 6.6815
2026-05-09 02:21:18,181 - mmdet - INFO - Epoch [237][150/186]	lr: 1.171e-05, eta: 1:00:09, time: 0.362, data_time: 0.011, memory: 5158, loss_cls: 0.0122, loss_bbox: 0.1010, loss_centerness: 0.5407, loss: 0.6539, grad_norm: 6.8459
2026-05-09 02:21:52,294 - mmdet - INFO - Epoch [238][50/186]	lr: 1.139e-05, eta: 0:59:41, time: 0.419, data_time: 0.068, memory: 5158, loss_cls: 0.0173, loss_bbox: 0.0963, loss_centerness: 0.5298, loss: 0.6434, grad_norm: 8.0800
2026-05-09 02:22:10,205 - mmdet - INFO - Epoch [238][100/186]	lr: 1.139e-05, eta: 0:59:26, time: 0.358, data_time: 0.011, memory: 5158, loss_cls: 0.0099, loss_bbox: 0.0882, loss_centerness: 0.5101, loss: 0.6082, grad_norm: 8.6285
2026-05-09 02:22:28,298 - mmdet - INFO - Epoch [238][150/186]	lr: 1.139e-05, eta: 0:59:12, time: 0.362, data_time: 0.012, memory: 5158, loss_cls: 0.0131, loss_bbox: 0.0996, loss_centerness: 0.5540, loss: 0.6667, grad_norm: 8.4976
2026-05-09 02:23:02,403 - mmdet - INFO - Epoch [239][50/186]	lr: 1.107e-05, eta: 0:58:44, time: 0.417, data_time: 0.067, memory: 5158, loss_cls: 0.0088, loss_bbox: 0.0929, loss_centerness: 0.5272, loss: 0.6289, grad_norm: 8.4091
2026-05-09 02:23:20,540 - mmdet - INFO - Epoch [239][100/186]	lr: 1.107e-05, eta: 0:58:29, time: 0.363, data_time: 0.011, memory: 5158, loss_cls: 0.0069, loss_bbox: 0.0809, loss_centerness: 0.5333, loss: 0.6211, grad_norm: 8.2304
2026-05-09 02:23:38,600 - mmdet - INFO - Epoch [239][150/186]	lr: 1.107e-05, eta: 0:58:15, time: 0.361, data_time: 0.011, memory: 5158, loss_cls: 0.0099, loss_bbox: 0.0912, loss_centerness: 0.5289, loss: 0.6300, grad_norm: 8.1140
2026-05-09 02:24:12,633 - mmdet - INFO - Epoch [240][50/186]	lr: 1.076e-05, eta: 0:57:47, time: 0.419, data_time: 0.067, memory: 5158, loss_cls: 0.0069, loss_bbox: 0.0850, loss_centerness: 0.5165, loss: 0.6084, grad_norm: 8.4612
2026-05-09 02:24:30,682 - mmdet - INFO - Epoch [240][100/186]	lr: 1.076e-05, eta: 0:57:32, time: 0.361, data_time: 0.011, memory: 5158, loss_cls: 0.0122, loss_bbox: 0.1064, loss_centerness: 0.5422, loss: 0.6608, grad_norm: 8.3047
2026-05-09 02:24:48,802 - mmdet - INFO - Epoch [240][150/186]	lr: 1.076e-05, eta: 0:57:18, time: 0.362, data_time: 0.011, memory: 5158, loss_cls: 0.0050, loss_bbox: 0.0690, loss_centerness: 0.5048, loss: 0.5789, grad_norm: 8.1242
2026-05-09 02:25:01,938 - mmdet - INFO - Saving checkpoint at 240 epochs
2026-05-09 02:25:27,691 - mmdet - INFO - Evaluating bbox...
2026-05-09 02:25:30,513 - mmdet - INFO - 
 Average Precision  (AP) @[ IoU=0.50:0.95 | area=   all | maxDets=100 ] = 0.245
 Average Precision  (AP) @[ IoU=0.50      | area=   all | maxDets=1000 ] = 0.649
 Average Precision  (AP) @[ IoU=0.75      | area=   all | maxDets=1000 ] = 0.126
 Average Precision  (AP) @[ IoU=0.50:0.95 | area= small | maxDets=1000 ] = 0.031
 Average Precision  (AP) @[ IoU=0.50:0.95 | area=medium | maxDets=1000 ] = 0.179
 Average Precision  (AP) @[ IoU=0.50:0.95 | area= large | maxDets=1000 ] = 0.324
 Average Recall     (AR) @[ IoU=0.50:0.95 | area=   all | maxDets=100 ] = 0.363
 Average Recall     (AR) @[ IoU=0.50:0.95 | area=   all | maxDets=300 ] = 0.363
 Average Recall     (AR) @[ IoU=0.50:0.95 | area=   all | maxDets=1000 ] = 0.363
 Average Recall     (AR) @[ IoU=0.50:0.95 | area= small | maxDets=1000 ] = 0.048
 Average Recall     (AR) @[ IoU=0.50:0.95 | area=medium | maxDets=1000 ] = 0.300
 Average Recall     (AR) @[ IoU=0.50:0.95 | area= large | maxDets=1000 ] = 0.450

2026-05-09 02:25:30,518 - mmdet - INFO - Exp name: fold_1_swin_t_3x_hbb.py
2026-05-09 02:25:30,518 - mmdet - INFO - Epoch(val) [240][371]	bbox_mAP: 0.2450, bbox_mAP_50: 0.6490, bbox_mAP_75: 0.1260, bbox_mAP_s: 0.0310, bbox_mAP_m: 0.1790, bbox_mAP_l: 0.3240, bbox_mAP_copypaste: 0.245 0.649 0.126 0.031 0.179 0.324
2026-05-09 02:25:51,416 - mmdet - INFO - Epoch [241][50/186]	lr: 1.045e-05, eta: 0:56:50, time: 0.418, data_time: 0.067, memory: 5158, loss_cls: 0.0074, loss_bbox: 0.0921, loss_centerness: 0.5318, loss: 0.6313, grad_norm: 7.3661
2026-05-09 02:26:09,467 - mmdet - INFO - Epoch [241][100/186]	lr: 1.045e-05, eta: 0:56:35, time: 0.361, data_time: 0.011, memory: 5158, loss_cls: 0.0068, loss_bbox: 0.0917, loss_centerness: 0.5241, loss: 0.6227, grad_norm: 6.6261
2026-05-09 02:26:27,498 - mmdet - INFO - Epoch [241][150/186]	lr: 1.045e-05, eta: 0:56:20, time: 0.361, data_time: 0.011, memory: 5158, loss_cls: 0.0161, loss_bbox: 0.0865, loss_centerness: 0.5233, loss: 0.6259, grad_norm: 7.3103
2026-05-09 02:27:01,683 - mmdet - INFO - Epoch [242][50/186]	lr: 1.015e-05, eta: 0:55:53, time: 0.420, data_time: 0.068, memory: 5158, loss_cls: 0.0080, loss_bbox: 0.0841, loss_centerness: 0.5106, loss: 0.6027, grad_norm: 6.4366
2026-05-09 02:27:19,731 - mmdet - INFO - Epoch [242][100/186]	lr: 1.015e-05, eta: 0:55:38, time: 0.361, data_time: 0.012, memory: 5158, loss_cls: 0.0075, loss_bbox: 0.0839, loss_centerness: 0.5293, loss: 0.6207, grad_norm: 6.2637
2026-05-09 02:27:37,863 - mmdet - INFO - Epoch [242][150/186]	lr: 1.015e-05, eta: 0:55:23, time: 0.363, data_time: 0.012, memory: 5158, loss_cls: 0.0083, loss_bbox: 0.0914, loss_centerness: 0.5201, loss: 0.6198, grad_norm: 6.1878
2026-05-09 02:28:11,995 - mmdet - INFO - Epoch [243][50/186]	lr: 9.853e-06, eta: 0:54:56, time: 0.419, data_time: 0.067, memory: 5158, loss_cls: 0.0076, loss_bbox: 0.0982, loss_centerness: 0.5417, loss: 0.6475, grad_norm: 7.3359
2026-05-09 02:28:30,135 - mmdet - INFO - Epoch [243][100/186]	lr: 9.853e-06, eta: 0:54:41, time: 0.363, data_time: 0.012, memory: 5158, loss_cls: 0.0103, loss_bbox: 0.0802, loss_centerness: 0.5416, loss: 0.6321, grad_norm: 8.0220
2026-05-09 02:28:48,132 - mmdet - INFO - Epoch [243][150/186]	lr: 9.853e-06, eta: 0:54:26, time: 0.360, data_time: 0.011, memory: 5158, loss_cls: 0.0077, loss_bbox: 0.0841, loss_centerness: 0.4999, loss: 0.5917, grad_norm: 7.3520
2026-05-09 02:29:22,239 - mmdet - INFO - Epoch [244][50/186]	lr: 9.560e-06, eta: 0:53:58, time: 0.419, data_time: 0.067, memory: 5158, loss_cls: 0.0092, loss_bbox: 0.0933, loss_centerness: 0.5153, loss: 0.6178, grad_norm: 7.5126
2026-05-09 02:29:40,220 - mmdet - INFO - Epoch [244][100/186]	lr: 9.560e-06, eta: 0:53:44, time: 0.360, data_time: 0.012, memory: 5158, loss_cls: 0.0094, loss_bbox: 0.0871, loss_centerness: 0.5259, loss: 0.6224, grad_norm: 7.1561
2026-05-09 02:29:58,281 - mmdet - INFO - Epoch [244][150/186]	lr: 9.560e-06, eta: 0:53:29, time: 0.361, data_time: 0.011, memory: 5158, loss_cls: 0.0107, loss_bbox: 0.0878, loss_centerness: 0.5194, loss: 0.6178, grad_norm: 7.3769
2026-05-09 02:30:32,373 - mmdet - INFO - Epoch [245][50/186]	lr: 9.270e-06, eta: 0:53:01, time: 0.418, data_time: 0.067, memory: 5158, loss_cls: 0.0057, loss_bbox: 0.0701, loss_centerness: 0.5182, loss: 0.5939, grad_norm: 8.5083
2026-05-09 02:30:50,424 - mmdet - INFO - Epoch [245][100/186]	lr: 9.270e-06, eta: 0:52:47, time: 0.361, data_time: 0.011, memory: 5158, loss_cls: 0.0091, loss_bbox: 0.0865, loss_centerness: 0.5026, loss: 0.5982, grad_norm: 7.6352
2026-05-09 02:31:08,457 - mmdet - INFO - Epoch [245][150/186]	lr: 9.270e-06, eta: 0:52:32, time: 0.361, data_time: 0.011, memory: 5158, loss_cls: 0.0150, loss_bbox: 0.0948, loss_centerness: 0.5317, loss: 0.6415, grad_norm: 7.3240
2026-05-09 02:31:45,198 - mmdet - INFO - Evaluating bbox...
2026-05-09 02:31:48,099 - mmdet - INFO - 
 Average Precision  (AP) @[ IoU=0.50:0.95 | area=   all | maxDets=100 ] = 0.245
 Average Precision  (AP) @[ IoU=0.50      | area=   all | maxDets=1000 ] = 0.647
 Average Precision  (AP) @[ IoU=0.75      | area=   all | maxDets=1000 ] = 0.123
 Average Precision  (AP) @[ IoU=0.50:0.95 | area= small | maxDets=1000 ] = 0.034
 Average Precision  (AP) @[ IoU=0.50:0.95 | area=medium | maxDets=1000 ] = 0.178
 Average Precision  (AP) @[ IoU=0.50:0.95 | area= large | maxDets=1000 ] = 0.325
 Average Recall     (AR) @[ IoU=0.50:0.95 | area=   all | maxDets=100 ] = 0.365
 Average Recall     (AR) @[ IoU=0.50:0.95 | area=   all | maxDets=300 ] = 0.365
 Average Recall     (AR) @[ IoU=0.50:0.95 | area=   all | maxDets=1000 ] = 0.365
 Average Recall     (AR) @[ IoU=0.50:0.95 | area= small | maxDets=1000 ] = 0.048
 Average Recall     (AR) @[ IoU=0.50:0.95 | area=medium | maxDets=1000 ] = 0.299
 Average Recall     (AR) @[ IoU=0.50:0.95 | area= large | maxDets=1000 ] = 0.457

2026-05-09 02:31:48,103 - mmdet - INFO - Exp name: fold_1_swin_t_3x_hbb.py
2026-05-09 02:31:48,104 - mmdet - INFO - Epoch(val) [245][371]	bbox_mAP: 0.2450, bbox_mAP_50: 0.6470, bbox_mAP_75: 0.1230, bbox_mAP_s: 0.0340, bbox_mAP_m: 0.1780, bbox_mAP_l: 0.3250, bbox_mAP_copypaste: 0.245 0.647 0.123 0.034 0.178 0.325
2026-05-09 02:32:09,084 - mmdet - INFO - Epoch [246][50/186]	lr: 8.986e-06, eta: 0:52:04, time: 0.419, data_time: 0.067, memory: 5158, loss_cls: 0.0069, loss_bbox: 0.0801, loss_centerness: 0.5331, loss: 0.6201, grad_norm: 7.7198
2026-05-09 02:32:27,015 - mmdet - INFO - Epoch [246][100/186]	lr: 8.986e-06, eta: 0:51:49, time: 0.359, data_time: 0.011, memory: 5158, loss_cls: 0.0133, loss_bbox: 0.0862, loss_centerness: 0.5202, loss: 0.6197, grad_norm: 7.9316
2026-05-09 02:32:45,128 - mmdet - INFO - Epoch [246][150/186]	lr: 8.986e-06, eta: 0:51:35, time: 0.362, data_time: 0.011, memory: 5158, loss_cls: 0.0111, loss_bbox: 0.0913, loss_centerness: 0.5191, loss: 0.6216, grad_norm: 7.3542
2026-05-09 02:33:19,102 - mmdet - INFO - Epoch [247][50/186]	lr: 8.706e-06, eta: 0:51:07, time: 0.415, data_time: 0.066, memory: 5158, loss_cls: 0.0107, loss_bbox: 0.0918, loss_centerness: 0.5171, loss: 0.6197, grad_norm: 7.1949
2026-05-09 02:33:37,216 - mmdet - INFO - Epoch [247][100/186]	lr: 8.706e-06, eta: 0:50:52, time: 0.362, data_time: 0.012, memory: 5158, loss_cls: 0.0085, loss_bbox: 0.0881, loss_centerness: 0.5363, loss: 0.6328, grad_norm: 7.0564
2026-05-09 02:33:55,198 - mmdet - INFO - Epoch [247][150/186]	lr: 8.706e-06, eta: 0:50:38, time: 0.360, data_time: 0.011, memory: 5158, loss_cls: 0.0091, loss_bbox: 0.0865, loss_centerness: 0.5305, loss: 0.6261, grad_norm: 7.2687
2026-05-09 02:34:29,427 - mmdet - INFO - Epoch [248][50/186]	lr: 8.430e-06, eta: 0:50:10, time: 0.420, data_time: 0.067, memory: 5158, loss_cls: 0.0082, loss_bbox: 0.0854, loss_centerness: 0.5507, loss: 0.6443, grad_norm: 7.0844
2026-05-09 02:34:47,428 - mmdet - INFO - Epoch [248][100/186]	lr: 8.430e-06, eta: 0:49:55, time: 0.360, data_time: 0.011, memory: 5158, loss_cls: 0.0087, loss_bbox: 0.0847, loss_centerness: 0.5306, loss: 0.6240, grad_norm: 6.8594
2026-05-09 02:35:05,463 - mmdet - INFO - Epoch [248][150/186]	lr: 8.430e-06, eta: 0:49:40, time: 0.361, data_time: 0.011, memory: 5158, loss_cls: 0.0185, loss_bbox: 0.0974, loss_centerness: 0.5162, loss: 0.6322, grad_norm: 6.6522
2026-05-09 02:35:39,411 - mmdet - INFO - Epoch [249][50/186]	lr: 8.159e-06, eta: 0:49:13, time: 0.416, data_time: 0.067, memory: 5158, loss_cls: 0.0073, loss_bbox: 0.0876, loss_centerness: 0.5456, loss: 0.6406, grad_norm: 6.9499
2026-05-09 02:35:57,421 - mmdet - INFO - Epoch [249][100/186]	lr: 8.159e-06, eta: 0:48:58, time: 0.360, data_time: 0.011, memory: 5158, loss_cls: 0.0098, loss_bbox: 0.0906, loss_centerness: 0.5218, loss: 0.6223, grad_norm: 6.6644
2026-05-09 02:36:15,460 - mmdet - INFO - Epoch [249][150/186]	lr: 8.159e-06, eta: 0:48:43, time: 0.361, data_time: 0.011, memory: 5158, loss_cls: 0.0153, loss_bbox: 0.1104, loss_centerness: 0.5283, loss: 0.6541, grad_norm: 7.1815
2026-05-09 02:36:49,636 - mmdet - INFO - Epoch [250][50/186]	lr: 7.893e-06, eta: 0:48:16, time: 0.420, data_time: 0.067, memory: 5158, loss_cls: 0.0089, loss_bbox: 0.0967, loss_centerness: 0.5295, loss: 0.6351, grad_norm: 8.0053
2026-05-09 02:37:07,729 - mmdet - INFO - Epoch [250][100/186]	lr: 7.893e-06, eta: 0:48:01, time: 0.362, data_time: 0.012, memory: 5158, loss_cls: 0.0071, loss_bbox: 0.0758, loss_centerness: 0.5490, loss: 0.6320, grad_norm: 8.0725
2026-05-09 02:37:25,828 - mmdet - INFO - Epoch [250][150/186]	lr: 7.893e-06, eta: 0:47:46, time: 0.362, data_time: 0.011, memory: 5158, loss_cls: 0.0166, loss_bbox: 0.1060, loss_centerness: 0.5484, loss: 0.6710, grad_norm: 8.0368
2026-05-09 02:37:38,949 - mmdet - INFO - Saving checkpoint at 250 epochs
2026-05-09 02:38:04,546 - mmdet - INFO - Evaluating bbox...
2026-05-09 02:38:07,685 - mmdet - INFO - 
 Average Precision  (AP) @[ IoU=0.50:0.95 | area=   all | maxDets=100 ] = 0.246
 Average Precision  (AP) @[ IoU=0.50      | area=   all | maxDets=1000 ] = 0.646
 Average Precision  (AP) @[ IoU=0.75      | area=   all | maxDets=1000 ] = 0.122
 Average Precision  (AP) @[ IoU=0.50:0.95 | area= small | maxDets=1000 ] = 0.030
 Average Precision  (AP) @[ IoU=0.50:0.95 | area=medium | maxDets=1000 ] = 0.181
 Average Precision  (AP) @[ IoU=0.50:0.95 | area= large | maxDets=1000 ] = 0.327
 Average Recall     (AR) @[ IoU=0.50:0.95 | area=   all | maxDets=100 ] = 0.368
 Average Recall     (AR) @[ IoU=0.50:0.95 | area=   all | maxDets=300 ] = 0.368
 Average Recall     (AR) @[ IoU=0.50:0.95 | area=   all | maxDets=1000 ] = 0.368
 Average Recall     (AR) @[ IoU=0.50:0.95 | area= small | maxDets=1000 ] = 0.045
 Average Recall     (AR) @[ IoU=0.50:0.95 | area=medium | maxDets=1000 ] = 0.303
 Average Recall     (AR) @[ IoU=0.50:0.95 | area= large | maxDets=1000 ] = 0.458

2026-05-09 02:38:07,844 - mmdet - INFO - The previous best checkpoint /home/ahmadreza/Downloads/Research/M2SODAI/baseline_official/runs_swin_hbb/swin_t_hbb_fold_1/best_bbox_mAP_epoch_230.pth was removed
2026-05-09 02:38:09,489 - mmdet - INFO - Now best checkpoint is saved as best_bbox_mAP_epoch_250.pth.
2026-05-09 02:38:09,490 - mmdet - INFO - Best bbox_mAP is 0.2460 at 250 epoch.
2026-05-09 02:38:09,490 - mmdet - INFO - Exp name: fold_1_swin_t_3x_hbb.py
2026-05-09 02:38:09,490 - mmdet - INFO - Epoch(val) [250][371]	bbox_mAP: 0.2460, bbox_mAP_50: 0.6460, bbox_mAP_75: 0.1220, bbox_mAP_s: 0.0300, bbox_mAP_m: 0.1810, bbox_mAP_l: 0.3270, bbox_mAP_copypaste: 0.246 0.646 0.122 0.030 0.181 0.327
2026-05-09 02:38:30,311 - mmdet - INFO - Epoch [251][50/186]	lr: 7.632e-06, eta: 0:47:19, time: 0.416, data_time: 0.067, memory: 5158, loss_cls: 0.0095, loss_bbox: 0.0963, loss_centerness: 0.5176, loss: 0.6233, grad_norm: 6.4938
2026-05-09 02:38:48,312 - mmdet - INFO - Epoch [251][100/186]	lr: 7.632e-06, eta: 0:47:04, time: 0.360, data_time: 0.011, memory: 5158, loss_cls: 0.0069, loss_bbox: 0.0768, loss_centerness: 0.5364, loss: 0.6201, grad_norm: 7.4049
2026-05-09 02:39:06,324 - mmdet - INFO - Epoch [251][150/186]	lr: 7.632e-06, eta: 0:46:49, time: 0.360, data_time: 0.011, memory: 5158, loss_cls: 0.0102, loss_bbox: 0.0986, loss_centerness: 0.5565, loss: 0.6654, grad_norm: 7.0115
2026-05-09 02:39:40,413 - mmdet - INFO - Epoch [252][50/186]	lr: 7.375e-06, eta: 0:46:21, time: 0.419, data_time: 0.067, memory: 5158, loss_cls: 0.0074, loss_bbox: 0.0814, loss_centerness: 0.5178, loss: 0.6066, grad_norm: 6.3935
2026-05-09 02:39:58,371 - mmdet - INFO - Epoch [252][100/186]	lr: 7.375e-06, eta: 0:46:07, time: 0.359, data_time: 0.011, memory: 5158, loss_cls: 0.0064, loss_bbox: 0.0755, loss_centerness: 0.5235, loss: 0.6053, grad_norm: 6.9494
2026-05-09 02:40:16,480 - mmdet - INFO - Epoch [252][150/186]	lr: 7.375e-06, eta: 0:45:52, time: 0.362, data_time: 0.012, memory: 5158, loss_cls: 0.0081, loss_bbox: 0.0967, loss_centerness: 0.5313, loss: 0.6361, grad_norm: 7.0859
2026-05-09 02:40:50,480 - mmdet - INFO - Epoch [253][50/186]	lr: 7.123e-06, eta: 0:45:24, time: 0.416, data_time: 0.067, memory: 5158, loss_cls: 0.0083, loss_bbox: 0.0924, loss_centerness: 0.5382, loss: 0.6389, grad_norm: 7.3917
2026-05-09 02:41:08,608 - mmdet - INFO - Epoch [253][100/186]	lr: 7.123e-06, eta: 0:45:10, time: 0.363, data_time: 0.012, memory: 5158, loss_cls: 0.0089, loss_bbox: 0.0947, loss_centerness: 0.5487, loss: 0.6523, grad_norm: 7.7392
2026-05-09 02:41:26,674 - mmdet - INFO - Epoch [253][150/186]	lr: 7.123e-06, eta: 0:44:55, time: 0.361, data_time: 0.012, memory: 5158, loss_cls: 0.0096, loss_bbox: 0.0994, loss_centerness: 0.5536, loss: 0.6626, grad_norm: 6.9665
2026-05-09 02:42:00,765 - mmdet - INFO - Epoch [254][50/186]	lr: 6.875e-06, eta: 0:44:27, time: 0.419, data_time: 0.067, memory: 5158, loss_cls: 0.0084, loss_bbox: 0.0826, loss_centerness: 0.5268, loss: 0.6178, grad_norm: 7.4087
2026-05-09 02:42:18,843 - mmdet - INFO - Epoch [254][100/186]	lr: 6.875e-06, eta: 0:44:12, time: 0.362, data_time: 0.012, memory: 5158, loss_cls: 0.0100, loss_bbox: 0.0984, loss_centerness: 0.5407, loss: 0.6491, grad_norm: 6.3976
2026-05-09 02:42:36,916 - mmdet - INFO - Epoch [254][150/186]	lr: 6.875e-06, eta: 0:43:58, time: 0.361, data_time: 0.011, memory: 5158, loss_cls: 0.0083, loss_bbox: 0.0900, loss_centerness: 0.5192, loss: 0.6175, grad_norm: 6.1627
2026-05-09 02:43:10,929 - mmdet - INFO - Epoch [255][50/186]	lr: 6.633e-06, eta: 0:43:30, time: 0.417, data_time: 0.067, memory: 5158, loss_cls: 0.0078, loss_bbox: 0.0795, loss_centerness: 0.5465, loss: 0.6339, grad_norm: 6.6860
2026-05-09 02:43:29,045 - mmdet - INFO - Epoch [255][100/186]	lr: 6.633e-06, eta: 0:43:15, time: 0.362, data_time: 0.012, memory: 5158, loss_cls: 0.0086, loss_bbox: 0.0901, loss_centerness: 0.5399, loss: 0.6387, grad_norm: 6.2817
2026-05-09 02:43:47,033 - mmdet - INFO - Epoch [255][150/186]	lr: 6.633e-06, eta: 0:43:00, time: 0.360, data_time: 0.011, memory: 5158, loss_cls: 0.0088, loss_bbox: 0.0940, loss_centerness: 0.5140, loss: 0.6168, grad_norm: 6.5081
2026-05-09 02:44:23,933 - mmdet - INFO - Evaluating bbox...
2026-05-09 02:44:26,702 - mmdet - INFO - 
 Average Precision  (AP) @[ IoU=0.50:0.95 | area=   all | maxDets=100 ] = 0.245
 Average Precision  (AP) @[ IoU=0.50      | area=   all | maxDets=1000 ] = 0.647
 Average Precision  (AP) @[ IoU=0.75      | area=   all | maxDets=1000 ] = 0.124
 Average Precision  (AP) @[ IoU=0.50:0.95 | area= small | maxDets=1000 ] = 0.030
 Average Precision  (AP) @[ IoU=0.50:0.95 | area=medium | maxDets=1000 ] = 0.179
 Average Precision  (AP) @[ IoU=0.50:0.95 | area= large | maxDets=1000 ] = 0.328
 Average Recall     (AR) @[ IoU=0.50:0.95 | area=   all | maxDets=100 ] = 0.364
 Average Recall     (AR) @[ IoU=0.50:0.95 | area=   all | maxDets=300 ] = 0.364
 Average Recall     (AR) @[ IoU=0.50:0.95 | area=   all | maxDets=1000 ] = 0.364
 Average Recall     (AR) @[ IoU=0.50:0.95 | area= small | maxDets=1000 ] = 0.048
 Average Recall     (AR) @[ IoU=0.50:0.95 | area=medium | maxDets=1000 ] = 0.299
 Average Recall     (AR) @[ IoU=0.50:0.95 | area= large | maxDets=1000 ] = 0.455

2026-05-09 02:44:26,706 - mmdet - INFO - Exp name: fold_1_swin_t_3x_hbb.py
2026-05-09 02:44:26,706 - mmdet - INFO - Epoch(val) [255][371]	bbox_mAP: 0.2450, bbox_mAP_50: 0.6470, bbox_mAP_75: 0.1240, bbox_mAP_s: 0.0300, bbox_mAP_m: 0.1790, bbox_mAP_l: 0.3280, bbox_mAP_copypaste: 0.245 0.647 0.124 0.030 0.179 0.328
2026-05-09 02:44:47,676 - mmdet - INFO - Epoch [256][50/186]	lr: 6.395e-06, eta: 0:42:33, time: 0.419, data_time: 0.067, memory: 5158, loss_cls: 0.0078, loss_bbox: 0.0850, loss_centerness: 0.5409, loss: 0.6337, grad_norm: 6.4942
2026-05-09 02:45:05,657 - mmdet - INFO - Epoch [256][100/186]	lr: 6.395e-06, eta: 0:42:18, time: 0.360, data_time: 0.011, memory: 5158, loss_cls: 0.0102, loss_bbox: 0.0892, loss_centerness: 0.5308, loss: 0.6303, grad_norm: 6.3870
2026-05-09 02:45:23,739 - mmdet - INFO - Epoch [256][150/186]	lr: 6.395e-06, eta: 0:42:03, time: 0.362, data_time: 0.011, memory: 5158, loss_cls: 0.0063, loss_bbox: 0.0822, loss_centerness: 0.5075, loss: 0.5959, grad_norm: 6.6380
2026-05-09 02:45:57,826 - mmdet - INFO - Epoch [257][50/186]	lr: 6.162e-06, eta: 0:41:36, time: 0.418, data_time: 0.067, memory: 5158, loss_cls: 0.0091, loss_bbox: 0.0892, loss_centerness: 0.5408, loss: 0.6391, grad_norm: 7.2961
2026-05-09 02:46:15,886 - mmdet - INFO - Epoch [257][100/186]	lr: 6.162e-06, eta: 0:41:21, time: 0.361, data_time: 0.012, memory: 5158, loss_cls: 0.0105, loss_bbox: 0.0949, loss_centerness: 0.5322, loss: 0.6375, grad_norm: 6.8233
2026-05-09 02:46:33,862 - mmdet - INFO - Epoch [257][150/186]	lr: 6.162e-06, eta: 0:41:06, time: 0.359, data_time: 0.011, memory: 5158, loss_cls: 0.0134, loss_bbox: 0.0751, loss_centerness: 0.4931, loss: 0.5816, grad_norm: 6.5936
2026-05-09 02:47:08,003 - mmdet - INFO - Epoch [258][50/186]	lr: 5.934e-06, eta: 0:40:39, time: 0.419, data_time: 0.067, memory: 5158, loss_cls: 0.0073, loss_bbox: 0.0838, loss_centerness: 0.5267, loss: 0.6178, grad_norm: 7.2098
2026-05-09 02:47:26,054 - mmdet - INFO - Epoch [258][100/186]	lr: 5.934e-06, eta: 0:40:24, time: 0.361, data_time: 0.011, memory: 5158, loss_cls: 0.0100, loss_bbox: 0.0978, loss_centerness: 0.5378, loss: 0.6456, grad_norm: 7.5880
2026-05-09 02:47:44,120 - mmdet - INFO - Epoch [258][150/186]	lr: 5.934e-06, eta: 0:40:09, time: 0.361, data_time: 0.011, memory: 5158, loss_cls: 0.0043, loss_bbox: 0.0742, loss_centerness: 0.5046, loss: 0.5831, grad_norm: 7.4343
2026-05-09 02:48:18,165 - mmdet - INFO - Epoch [259][50/186]	lr: 5.711e-06, eta: 0:39:42, time: 0.417, data_time: 0.067, memory: 5158, loss_cls: 0.0064, loss_bbox: 0.0856, loss_centerness: 0.5200, loss: 0.6120, grad_norm: 5.2691
2026-05-09 02:48:36,283 - mmdet - INFO - Epoch [259][100/186]	lr: 5.711e-06, eta: 0:39:27, time: 0.362, data_time: 0.012, memory: 5158, loss_cls: 0.0076, loss_bbox: 0.0813, loss_centerness: 0.5238, loss: 0.6128, grad_norm: 5.8755
2026-05-09 02:48:54,271 - mmdet - INFO - Epoch [259][150/186]	lr: 5.711e-06, eta: 0:39:12, time: 0.360, data_time: 0.011, memory: 5158, loss_cls: 0.0073, loss_bbox: 0.0839, loss_centerness: 0.4933, loss: 0.5845, grad_norm: 5.6465
2026-05-09 02:49:28,449 - mmdet - INFO - Epoch [260][50/186]	lr: 5.493e-06, eta: 0:38:45, time: 0.419, data_time: 0.067, memory: 5158, loss_cls: 0.0085, loss_bbox: 0.0909, loss_centerness: 0.5216, loss: 0.6210, grad_norm: 6.2272
2026-05-09 02:49:46,447 - mmdet - INFO - Epoch [260][100/186]	lr: 5.493e-06, eta: 0:38:30, time: 0.360, data_time: 0.012, memory: 5158, loss_cls: 0.0060, loss_bbox: 0.0787, loss_centerness: 0.5284, loss: 0.6131, grad_norm: 6.0005
2026-05-09 02:50:04,583 - mmdet - INFO - Epoch [260][150/186]	lr: 5.493e-06, eta: 0:38:15, time: 0.363, data_time: 0.012, memory: 5158, loss_cls: 0.0053, loss_bbox: 0.0853, loss_centerness: 0.5354, loss: 0.6260, grad_norm: 6.1992
2026-05-09 02:50:17,755 - mmdet - INFO - Saving checkpoint at 260 epochs
2026-05-09 02:50:43,521 - mmdet - INFO - Evaluating bbox...
2026-05-09 02:50:46,298 - mmdet - INFO - 
 Average Precision  (AP) @[ IoU=0.50:0.95 | area=   all | maxDets=100 ] = 0.245
 Average Precision  (AP) @[ IoU=0.50      | area=   all | maxDets=1000 ] = 0.642
 Average Precision  (AP) @[ IoU=0.75      | area=   all | maxDets=1000 ] = 0.124
 Average Precision  (AP) @[ IoU=0.50:0.95 | area= small | maxDets=1000 ] = 0.034
 Average Precision  (AP) @[ IoU=0.50:0.95 | area=medium | maxDets=1000 ] = 0.181
 Average Precision  (AP) @[ IoU=0.50:0.95 | area= large | maxDets=1000 ] = 0.324
 Average Recall     (AR) @[ IoU=0.50:0.95 | area=   all | maxDets=100 ] = 0.362
 Average Recall     (AR) @[ IoU=0.50:0.95 | area=   all | maxDets=300 ] = 0.362
 Average Recall     (AR) @[ IoU=0.50:0.95 | area=   all | maxDets=1000 ] = 0.362
 Average Recall     (AR) @[ IoU=0.50:0.95 | area= small | maxDets=1000 ] = 0.059
 Average Recall     (AR) @[ IoU=0.50:0.95 | area=medium | maxDets=1000 ] = 0.299
 Average Recall     (AR) @[ IoU=0.50:0.95 | area= large | maxDets=1000 ] = 0.449

2026-05-09 02:50:46,302 - mmdet - INFO - Exp name: fold_1_swin_t_3x_hbb.py
2026-05-09 02:50:46,302 - mmdet - INFO - Epoch(val) [260][371]	bbox_mAP: 0.2450, bbox_mAP_50: 0.6420, bbox_mAP_75: 0.1240, bbox_mAP_s: 0.0340, bbox_mAP_m: 0.1810, bbox_mAP_l: 0.3240, bbox_mAP_copypaste: 0.245 0.642 0.124 0.034 0.181 0.324
2026-05-09 02:51:07,139 - mmdet - INFO - Epoch [261][50/186]	lr: 5.279e-06, eta: 0:37:48, time: 0.416, data_time: 0.067, memory: 5158, loss_cls: 0.0082, loss_bbox: 0.0890, loss_centerness: 0.5370, loss: 0.6343, grad_norm: 7.3763
2026-05-09 02:51:25,254 - mmdet - INFO - Epoch [261][100/186]	lr: 5.279e-06, eta: 0:37:33, time: 0.362, data_time: 0.012, memory: 5158, loss_cls: 0.0095, loss_bbox: 0.0973, loss_centerness: 0.5435, loss: 0.6502, grad_norm: 7.2444
2026-05-09 02:51:43,230 - mmdet - INFO - Epoch [261][150/186]	lr: 5.279e-06, eta: 0:37:18, time: 0.359, data_time: 0.011, memory: 5158, loss_cls: 0.0131, loss_bbox: 0.0866, loss_centerness: 0.5283, loss: 0.6281, grad_norm: 6.9700
2026-05-09 02:52:17,225 - mmdet - INFO - Epoch [262][50/186]	lr: 5.071e-06, eta: 0:36:50, time: 0.418, data_time: 0.067, memory: 5158, loss_cls: 0.0078, loss_bbox: 0.0847, loss_centerness: 0.5386, loss: 0.6311, grad_norm: 7.1165
2026-05-09 02:52:35,230 - mmdet - INFO - Epoch [262][100/186]	lr: 5.071e-06, eta: 0:36:36, time: 0.360, data_time: 0.011, memory: 5158, loss_cls: 0.0108, loss_bbox: 0.0932, loss_centerness: 0.5431, loss: 0.6471, grad_norm: 7.2179
2026-05-09 02:52:53,425 - mmdet - INFO - Epoch [262][150/186]	lr: 5.071e-06, eta: 0:36:21, time: 0.364, data_time: 0.012, memory: 5158, loss_cls: 0.0071, loss_bbox: 0.0903, loss_centerness: 0.5488, loss: 0.6462, grad_norm: 6.6288
2026-05-09 02:53:27,571 - mmdet - INFO - Epoch [263][50/186]	lr: 4.868e-06, eta: 0:35:53, time: 0.418, data_time: 0.067, memory: 5158, loss_cls: 0.0128, loss_bbox: 0.0970, loss_centerness: 0.5392, loss: 0.6491, grad_norm: 5.8177
2026-05-09 02:53:45,628 - mmdet - INFO - Epoch [263][100/186]	lr: 4.868e-06, eta: 0:35:38, time: 0.361, data_time: 0.011, memory: 5158, loss_cls: 0.0109, loss_bbox: 0.0813, loss_centerness: 0.4966, loss: 0.5889, grad_norm: 5.3542
2026-05-09 02:54:03,649 - mmdet - INFO - Epoch [263][150/186]	lr: 4.868e-06, eta: 0:35:23, time: 0.360, data_time: 0.011, memory: 5158, loss_cls: 0.0074, loss_bbox: 0.0815, loss_centerness: 0.5042, loss: 0.5932, grad_norm: 5.8585
2026-05-09 02:54:37,739 - mmdet - INFO - Epoch [264][50/186]	lr: 4.669e-06, eta: 0:34:56, time: 0.418, data_time: 0.067, memory: 5158, loss_cls: 0.0096, loss_bbox: 0.1000, loss_centerness: 0.5323, loss: 0.6419, grad_norm: 6.3917
2026-05-09 02:54:55,740 - mmdet - INFO - Epoch [264][100/186]	lr: 4.669e-06, eta: 0:34:41, time: 0.360, data_time: 0.011, memory: 5158, loss_cls: 0.0060, loss_bbox: 0.0834, loss_centerness: 0.5254, loss: 0.6148, grad_norm: 6.7956
2026-05-09 02:55:13,872 - mmdet - INFO - Epoch [264][150/186]	lr: 4.669e-06, eta: 0:34:26, time: 0.363, data_time: 0.012, memory: 5158, loss_cls: 0.0068, loss_bbox: 0.0787, loss_centerness: 0.5396, loss: 0.6251, grad_norm: 6.8280
2026-05-09 02:55:47,925 - mmdet - INFO - Epoch [265][50/186]	lr: 4.476e-06, eta: 0:33:59, time: 0.417, data_time: 0.067, memory: 5158, loss_cls: 0.0087, loss_bbox: 0.0847, loss_centerness: 0.5348, loss: 0.6282, grad_norm: 7.5534
2026-05-09 02:56:06,018 - mmdet - INFO - Epoch [265][100/186]	lr: 4.476e-06, eta: 0:33:44, time: 0.362, data_time: 0.011, memory: 5158, loss_cls: 0.0087, loss_bbox: 0.0862, loss_centerness: 0.5186, loss: 0.6135, grad_norm: 6.8363
2026-05-09 02:56:24,081 - mmdet - INFO - Epoch [265][150/186]	lr: 4.476e-06, eta: 0:33:29, time: 0.361, data_time: 0.012, memory: 5158, loss_cls: 0.0134, loss_bbox: 0.0978, loss_centerness: 0.5492, loss: 0.6603, grad_norm: 7.1481
2026-05-09 02:57:01,192 - mmdet - INFO - Evaluating bbox...
2026-05-09 02:57:03,890 - mmdet - INFO - 
 Average Precision  (AP) @[ IoU=0.50:0.95 | area=   all | maxDets=100 ] = 0.246
 Average Precision  (AP) @[ IoU=0.50      | area=   all | maxDets=1000 ] = 0.650
 Average Precision  (AP) @[ IoU=0.75      | area=   all | maxDets=1000 ] = 0.120
 Average Precision  (AP) @[ IoU=0.50:0.95 | area= small | maxDets=1000 ] = 0.034
 Average Precision  (AP) @[ IoU=0.50:0.95 | area=medium | maxDets=1000 ] = 0.182
 Average Precision  (AP) @[ IoU=0.50:0.95 | area= large | maxDets=1000 ] = 0.325
 Average Recall     (AR) @[ IoU=0.50:0.95 | area=   all | maxDets=100 ] = 0.366
 Average Recall     (AR) @[ IoU=0.50:0.95 | area=   all | maxDets=300 ] = 0.366
 Average Recall     (AR) @[ IoU=0.50:0.95 | area=   all | maxDets=1000 ] = 0.366
 Average Recall     (AR) @[ IoU=0.50:0.95 | area= small | maxDets=1000 ] = 0.062
 Average Recall     (AR) @[ IoU=0.50:0.95 | area=medium | maxDets=1000 ] = 0.302
 Average Recall     (AR) @[ IoU=0.50:0.95 | area= large | maxDets=1000 ] = 0.454

2026-05-09 02:57:03,895 - mmdet - INFO - Exp name: fold_1_swin_t_3x_hbb.py
2026-05-09 02:57:03,895 - mmdet - INFO - Epoch(val) [265][371]	bbox_mAP: 0.2460, bbox_mAP_50: 0.6500, bbox_mAP_75: 0.1200, bbox_mAP_s: 0.0340, bbox_mAP_m: 0.1820, bbox_mAP_l: 0.3250, bbox_mAP_copypaste: 0.246 0.650 0.120 0.034 0.182 0.325
2026-05-09 02:57:24,801 - mmdet - INFO - Epoch [266][50/186]	lr: 4.288e-06, eta: 0:33:02, time: 0.418, data_time: 0.067, memory: 5158, loss_cls: 0.0101, loss_bbox: 0.0900, loss_centerness: 0.5272, loss: 0.6273, grad_norm: 7.2771
2026-05-09 02:57:42,767 - mmdet - INFO - Epoch [266][100/186]	lr: 4.288e-06, eta: 0:32:47, time: 0.359, data_time: 0.012, memory: 5158, loss_cls: 0.0087, loss_bbox: 0.0815, loss_centerness: 0.5168, loss: 0.6070, grad_norm: 7.7743
2026-05-09 02:58:00,861 - mmdet - INFO - Epoch [266][150/186]	lr: 4.288e-06, eta: 0:32:32, time: 0.362, data_time: 0.012, memory: 5158, loss_cls: 0.0076, loss_bbox: 0.0868, loss_centerness: 0.5316, loss: 0.6259, grad_norm: 7.3096
2026-05-09 02:58:34,804 - mmdet - INFO - Epoch [267][50/186]	lr: 4.105e-06, eta: 0:32:05, time: 0.417, data_time: 0.067, memory: 5158, loss_cls: 0.0070, loss_bbox: 0.0778, loss_centerness: 0.5173, loss: 0.6021, grad_norm: 5.2142
2026-05-09 02:58:52,856 - mmdet - INFO - Epoch [267][100/186]	lr: 4.105e-06, eta: 0:31:50, time: 0.361, data_time: 0.011, memory: 5158, loss_cls: 0.0088, loss_bbox: 0.0768, loss_centerness: 0.4993, loss: 0.5849, grad_norm: 5.8997
2026-05-09 02:59:10,907 - mmdet - INFO - Epoch [267][150/186]	lr: 4.105e-06, eta: 0:31:35, time: 0.361, data_time: 0.012, memory: 5158, loss_cls: 0.0062, loss_bbox: 0.0883, loss_centerness: 0.5453, loss: 0.6398, grad_norm: 6.4216
2026-05-09 02:59:45,059 - mmdet - INFO - Epoch [268][50/186]	lr: 3.926e-06, eta: 0:31:08, time: 0.419, data_time: 0.067, memory: 5158, loss_cls: 0.0089, loss_bbox: 0.0893, loss_centerness: 0.5169, loss: 0.6151, grad_norm: 5.6138
2026-05-09 03:00:03,121 - mmdet - INFO - Epoch [268][100/186]	lr: 3.926e-06, eta: 0:30:53, time: 0.361, data_time: 0.011, memory: 5158, loss_cls: 0.0087, loss_bbox: 0.0823, loss_centerness: 0.5331, loss: 0.6241, grad_norm: 5.8937
2026-05-09 03:00:21,235 - mmdet - INFO - Epoch [268][150/186]	lr: 3.926e-06, eta: 0:30:38, time: 0.362, data_time: 0.011, memory: 5158, loss_cls: 0.0077, loss_bbox: 0.0879, loss_centerness: 0.5382, loss: 0.6338, grad_norm: 6.5217
2026-05-09 03:00:55,345 - mmdet - INFO - Epoch [269][50/186]	lr: 3.753e-06, eta: 0:30:11, time: 0.418, data_time: 0.067, memory: 5158, loss_cls: 0.0083, loss_bbox: 0.0855, loss_centerness: 0.5299, loss: 0.6237, grad_norm: 6.8731
2026-05-09 03:01:13,517 - mmdet - INFO - Epoch [269][100/186]	lr: 3.753e-06, eta: 0:29:56, time: 0.363, data_time: 0.012, memory: 5158, loss_cls: 0.0082, loss_bbox: 0.0829, loss_centerness: 0.5463, loss: 0.6375, grad_norm: 6.4669
2026-05-09 03:01:31,552 - mmdet - INFO - Epoch [269][150/186]	lr: 3.753e-06, eta: 0:29:41, time: 0.361, data_time: 0.011, memory: 5158, loss_cls: 0.0201, loss_bbox: 0.0937, loss_centerness: 0.5278, loss: 0.6416, grad_norm: 6.2727
2026-05-09 03:02:05,636 - mmdet - INFO - Epoch [270][50/186]	lr: 3.585e-06, eta: 0:29:14, time: 0.418, data_time: 0.067, memory: 5158, loss_cls: 0.0073, loss_bbox: 0.0836, loss_centerness: 0.5268, loss: 0.6177, grad_norm: 6.4022
2026-05-09 03:02:23,688 - mmdet - INFO - Epoch [270][100/186]	lr: 3.585e-06, eta: 0:28:59, time: 0.361, data_time: 0.011, memory: 5158, loss_cls: 0.0075, loss_bbox: 0.0798, loss_centerness: 0.5434, loss: 0.6307, grad_norm: 6.5678
2026-05-09 03:02:41,864 - mmdet - INFO - Epoch [270][150/186]	lr: 3.585e-06, eta: 0:28:44, time: 0.364, data_time: 0.012, memory: 5158, loss_cls: 0.0094, loss_bbox: 0.0985, loss_centerness: 0.5389, loss: 0.6468, grad_norm: 6.4068
2026-05-09 03:02:54,967 - mmdet - INFO - Saving checkpoint at 270 epochs
2026-05-09 03:03:20,761 - mmdet - INFO - Evaluating bbox...
2026-05-09 03:03:23,490 - mmdet - INFO - 
 Average Precision  (AP) @[ IoU=0.50:0.95 | area=   all | maxDets=100 ] = 0.245
 Average Precision  (AP) @[ IoU=0.50      | area=   all | maxDets=1000 ] = 0.645
 Average Precision  (AP) @[ IoU=0.75      | area=   all | maxDets=1000 ] = 0.124
 Average Precision  (AP) @[ IoU=0.50:0.95 | area= small | maxDets=1000 ] = 0.032
 Average Precision  (AP) @[ IoU=0.50:0.95 | area=medium | maxDets=1000 ] = 0.177
 Average Precision  (AP) @[ IoU=0.50:0.95 | area= large | maxDets=1000 ] = 0.327
 Average Recall     (AR) @[ IoU=0.50:0.95 | area=   all | maxDets=100 ] = 0.365
 Average Recall     (AR) @[ IoU=0.50:0.95 | area=   all | maxDets=300 ] = 0.365
 Average Recall     (AR) @[ IoU=0.50:0.95 | area=   all | maxDets=1000 ] = 0.365
 Average Recall     (AR) @[ IoU=0.50:0.95 | area= small | maxDets=1000 ] = 0.055
 Average Recall     (AR) @[ IoU=0.50:0.95 | area=medium | maxDets=1000 ] = 0.298
 Average Recall     (AR) @[ IoU=0.50:0.95 | area= large | maxDets=1000 ] = 0.457

2026-05-09 03:03:23,495 - mmdet - INFO - Exp name: fold_1_swin_t_3x_hbb.py
2026-05-09 03:03:23,495 - mmdet - INFO - Epoch(val) [270][371]	bbox_mAP: 0.2450, bbox_mAP_50: 0.6450, bbox_mAP_75: 0.1240, bbox_mAP_s: 0.0320, bbox_mAP_m: 0.1770, bbox_mAP_l: 0.3270, bbox_mAP_copypaste: 0.245 0.645 0.124 0.032 0.177 0.327
2026-05-09 03:03:44,420 - mmdet - INFO - Epoch [271][50/186]	lr: 3.423e-06, eta: 0:28:17, time: 0.418, data_time: 0.067, memory: 5158, loss_cls: 0.0257, loss_bbox: 0.1031, loss_centerness: 0.5405, loss: 0.6692, grad_norm: 6.7826
2026-05-09 03:04:02,658 - mmdet - INFO - Epoch [271][100/186]	lr: 3.423e-06, eta: 0:28:02, time: 0.365, data_time: 0.012, memory: 5158, loss_cls: 0.0071, loss_bbox: 0.0806, loss_centerness: 0.5165, loss: 0.6043, grad_norm: 6.1500
2026-05-09 03:04:20,773 - mmdet - INFO - Epoch [271][150/186]	lr: 3.423e-06, eta: 0:27:47, time: 0.362, data_time: 0.012, memory: 5158, loss_cls: 0.0075, loss_bbox: 0.0829, loss_centerness: 0.5324, loss: 0.6228, grad_norm: 6.4753
2026-05-09 03:04:55,065 - mmdet - INFO - Epoch [272][50/186]	lr: 3.265e-06, eta: 0:27:20, time: 0.421, data_time: 0.068, memory: 5158, loss_cls: 0.0125, loss_bbox: 0.0802, loss_centerness: 0.5359, loss: 0.6286, grad_norm: 7.0009
2026-05-09 03:05:13,122 - mmdet - INFO - Epoch [272][100/186]	lr: 3.265e-06, eta: 0:27:05, time: 0.361, data_time: 0.012, memory: 5158, loss_cls: 0.0114, loss_bbox: 0.0890, loss_centerness: 0.5313, loss: 0.6318, grad_norm: 6.5480
2026-05-09 03:05:31,178 - mmdet - INFO - Epoch [272][150/186]	lr: 3.265e-06, eta: 0:26:49, time: 0.361, data_time: 0.012, memory: 5158, loss_cls: 0.0077, loss_bbox: 0.0807, loss_centerness: 0.5144, loss: 0.6028, grad_norm: 6.2904
2026-05-09 03:06:05,265 - mmdet - INFO - Epoch [273][50/186]	lr: 3.113e-06, eta: 0:26:23, time: 0.418, data_time: 0.067, memory: 5158, loss_cls: 0.0076, loss_bbox: 0.0889, loss_centerness: 0.5320, loss: 0.6285, grad_norm: 5.3050
2026-05-09 03:06:23,393 - mmdet - INFO - Epoch [273][100/186]	lr: 3.113e-06, eta: 0:26:07, time: 0.363, data_time: 0.011, memory: 5158, loss_cls: 0.0060, loss_bbox: 0.0807, loss_centerness: 0.5140, loss: 0.6007, grad_norm: 5.5871
2026-05-09 03:06:41,393 - mmdet - INFO - Epoch [273][150/186]	lr: 3.113e-06, eta: 0:25:52, time: 0.360, data_time: 0.011, memory: 5158, loss_cls: 0.0105, loss_bbox: 0.0828, loss_centerness: 0.5222, loss: 0.6155, grad_norm: 5.6512
2026-05-09 03:07:15,489 - mmdet - INFO - Epoch [274][50/186]	lr: 2.965e-06, eta: 0:25:25, time: 0.419, data_time: 0.067, memory: 5158, loss_cls: 0.0073, loss_bbox: 0.0903, loss_centerness: 0.5288, loss: 0.6265, grad_norm: 5.3648
2026-05-09 03:07:33,478 - mmdet - INFO - Epoch [274][100/186]	lr: 2.965e-06, eta: 0:25:10, time: 0.360, data_time: 0.011, memory: 5158, loss_cls: 0.0070, loss_bbox: 0.0781, loss_centerness: 0.5180, loss: 0.6030, grad_norm: 5.4962
2026-05-09 03:07:51,530 - mmdet - INFO - Epoch [274][150/186]	lr: 2.965e-06, eta: 0:24:55, time: 0.361, data_time: 0.011, memory: 5158, loss_cls: 0.0108, loss_bbox: 0.0957, loss_centerness: 0.5358, loss: 0.6423, grad_norm: 5.7607
2026-05-09 03:08:25,640 - mmdet - INFO - Epoch [275][50/186]	lr: 2.823e-06, eta: 0:24:28, time: 0.417, data_time: 0.067, memory: 5158, loss_cls: 0.0091, loss_bbox: 0.0868, loss_centerness: 0.5248, loss: 0.6207, grad_norm: 5.6038
2026-05-09 03:08:43,760 - mmdet - INFO - Epoch [275][100/186]	lr: 2.823e-06, eta: 0:24:13, time: 0.362, data_time: 0.011, memory: 5158, loss_cls: 0.0087, loss_bbox: 0.0801, loss_centerness: 0.5366, loss: 0.6254, grad_norm: 6.4432
2026-05-09 03:09:01,809 - mmdet - INFO - Epoch [275][150/186]	lr: 2.823e-06, eta: 0:23:58, time: 0.361, data_time: 0.012, memory: 5158, loss_cls: 0.0069, loss_bbox: 0.0886, loss_centerness: 0.5165, loss: 0.6120, grad_norm: 6.1616
2026-05-09 03:09:38,961 - mmdet - INFO - Evaluating bbox...
2026-05-09 03:09:41,673 - mmdet - INFO - 
 Average Precision  (AP) @[ IoU=0.50:0.95 | area=   all | maxDets=100 ] = 0.244
 Average Precision  (AP) @[ IoU=0.50      | area=   all | maxDets=1000 ] = 0.643
 Average Precision  (AP) @[ IoU=0.75      | area=   all | maxDets=1000 ] = 0.126
 Average Precision  (AP) @[ IoU=0.50:0.95 | area= small | maxDets=1000 ] = 0.035
 Average Precision  (AP) @[ IoU=0.50:0.95 | area=medium | maxDets=1000 ] = 0.179
 Average Precision  (AP) @[ IoU=0.50:0.95 | area= large | maxDets=1000 ] = 0.326
 Average Recall     (AR) @[ IoU=0.50:0.95 | area=   all | maxDets=100 ] = 0.363
 Average Recall     (AR) @[ IoU=0.50:0.95 | area=   all | maxDets=300 ] = 0.363
 Average Recall     (AR) @[ IoU=0.50:0.95 | area=   all | maxDets=1000 ] = 0.363
 Average Recall     (AR) @[ IoU=0.50:0.95 | area= small | maxDets=1000 ] = 0.059
 Average Recall     (AR) @[ IoU=0.50:0.95 | area=medium | maxDets=1000 ] = 0.297
 Average Recall     (AR) @[ IoU=0.50:0.95 | area= large | maxDets=1000 ] = 0.454

2026-05-09 03:09:41,677 - mmdet - INFO - Exp name: fold_1_swin_t_3x_hbb.py
2026-05-09 03:09:41,678 - mmdet - INFO - Epoch(val) [275][371]	bbox_mAP: 0.2440, bbox_mAP_50: 0.6430, bbox_mAP_75: 0.1260, bbox_mAP_s: 0.0350, bbox_mAP_m: 0.1790, bbox_mAP_l: 0.3260, bbox_mAP_copypaste: 0.244 0.643 0.126 0.035 0.179 0.326
2026-05-09 03:10:02,593 - mmdet - INFO - Epoch [276][50/186]	lr: 2.687e-06, eta: 0:23:31, time: 0.418, data_time: 0.067, memory: 5158, loss_cls: 0.0083, loss_bbox: 0.0890, loss_centerness: 0.5193, loss: 0.6166, grad_norm: 4.6751
2026-05-09 03:10:20,588 - mmdet - INFO - Epoch [276][100/186]	lr: 2.687e-06, eta: 0:23:16, time: 0.360, data_time: 0.011, memory: 5158, loss_cls: 0.0049, loss_bbox: 0.0652, loss_centerness: 0.5151, loss: 0.5852, grad_norm: 4.9847
2026-05-09 03:10:38,718 - mmdet - INFO - Epoch [276][150/186]	lr: 2.687e-06, eta: 0:23:01, time: 0.363, data_time: 0.012, memory: 5158, loss_cls: 0.0070, loss_bbox: 0.0882, loss_centerness: 0.5216, loss: 0.6169, grad_norm: 5.1321
2026-05-09 03:11:12,805 - mmdet - INFO - Epoch [277][50/186]	lr: 2.555e-06, eta: 0:22:34, time: 0.418, data_time: 0.067, memory: 5158, loss_cls: 0.0071, loss_bbox: 0.0767, loss_centerness: 0.5143, loss: 0.5982, grad_norm: 5.1246
2026-05-09 03:11:30,896 - mmdet - INFO - Epoch [277][100/186]	lr: 2.555e-06, eta: 0:22:19, time: 0.362, data_time: 0.011, memory: 5158, loss_cls: 0.0068, loss_bbox: 0.0738, loss_centerness: 0.5271, loss: 0.6078, grad_norm: 5.4410
2026-05-09 03:11:48,874 - mmdet - INFO - Epoch [277][150/186]	lr: 2.555e-06, eta: 0:22:04, time: 0.360, data_time: 0.011, memory: 5158, loss_cls: 0.0063, loss_bbox: 0.0756, loss_centerness: 0.4937, loss: 0.5755, grad_norm: 5.6397
2026-05-09 03:12:23,026 - mmdet - INFO - Epoch [278][50/186]	lr: 2.429e-06, eta: 0:21:37, time: 0.419, data_time: 0.067, memory: 5158, loss_cls: 0.0219, loss_bbox: 0.0958, loss_centerness: 0.4937, loss: 0.6114, grad_norm: 6.0330
2026-05-09 03:12:41,117 - mmdet - INFO - Epoch [278][100/186]	lr: 2.429e-06, eta: 0:21:22, time: 0.362, data_time: 0.012, memory: 5158, loss_cls: 0.0075, loss_bbox: 0.0851, loss_centerness: 0.5270, loss: 0.6196, grad_norm: 5.5248
2026-05-09 03:12:59,258 - mmdet - INFO - Epoch [278][150/186]	lr: 2.429e-06, eta: 0:21:07, time: 0.363, data_time: 0.012, memory: 5158, loss_cls: 0.0088, loss_bbox: 0.0873, loss_centerness: 0.5503, loss: 0.6464, grad_norm: 5.8703
2026-05-09 03:13:33,410 - mmdet - INFO - Epoch [279][50/186]	lr: 2.308e-06, eta: 0:20:40, time: 0.419, data_time: 0.067, memory: 5158, loss_cls: 0.0070, loss_bbox: 0.0739, loss_centerness: 0.5353, loss: 0.6161, grad_norm: 5.9794
2026-05-09 03:13:51,535 - mmdet - INFO - Epoch [279][100/186]	lr: 2.308e-06, eta: 0:20:25, time: 0.362, data_time: 0.011, memory: 5158, loss_cls: 0.0064, loss_bbox: 0.0751, loss_centerness: 0.5293, loss: 0.6108, grad_norm: 6.3491
2026-05-09 03:14:09,566 - mmdet - INFO - Epoch [279][150/186]	lr: 2.308e-06, eta: 0:20:10, time: 0.361, data_time: 0.011, memory: 5158, loss_cls: 0.0072, loss_bbox: 0.0792, loss_centerness: 0.5431, loss: 0.6294, grad_norm: 6.5684
2026-05-09 03:14:43,677 - mmdet - INFO - Epoch [280][50/186]	lr: 2.192e-06, eta: 0:19:43, time: 0.419, data_time: 0.067, memory: 5158, loss_cls: 0.0099, loss_bbox: 0.0921, loss_centerness: 0.5314, loss: 0.6334, grad_norm: 6.6108
2026-05-09 03:15:01,765 - mmdet - INFO - Epoch [280][100/186]	lr: 2.192e-06, eta: 0:19:28, time: 0.362, data_time: 0.012, memory: 5158, loss_cls: 0.0058, loss_bbox: 0.0807, loss_centerness: 0.5501, loss: 0.6365, grad_norm: 6.6702
2026-05-09 03:15:19,866 - mmdet - INFO - Epoch [280][150/186]	lr: 2.192e-06, eta: 0:19:13, time: 0.362, data_time: 0.011, memory: 5158, loss_cls: 0.0065, loss_bbox: 0.0738, loss_centerness: 0.5145, loss: 0.5948, grad_norm: 6.5402
2026-05-09 03:15:32,993 - mmdet - INFO - Saving checkpoint at 280 epochs
2026-05-09 03:16:00,622 - mmdet - INFO - Evaluating bbox...
2026-05-09 03:16:03,366 - mmdet - INFO - 
 Average Precision  (AP) @[ IoU=0.50:0.95 | area=   all | maxDets=100 ] = 0.245
 Average Precision  (AP) @[ IoU=0.50      | area=   all | maxDets=1000 ] = 0.646
 Average Precision  (AP) @[ IoU=0.75      | area=   all | maxDets=1000 ] = 0.125
 Average Precision  (AP) @[ IoU=0.50:0.95 | area= small | maxDets=1000 ] = 0.037
 Average Precision  (AP) @[ IoU=0.50:0.95 | area=medium | maxDets=1000 ] = 0.179
 Average Precision  (AP) @[ IoU=0.50:0.95 | area= large | maxDets=1000 ] = 0.327
 Average Recall     (AR) @[ IoU=0.50:0.95 | area=   all | maxDets=100 ] = 0.364
 Average Recall     (AR) @[ IoU=0.50:0.95 | area=   all | maxDets=300 ] = 0.364
 Average Recall     (AR) @[ IoU=0.50:0.95 | area=   all | maxDets=1000 ] = 0.364
 Average Recall     (AR) @[ IoU=0.50:0.95 | area= small | maxDets=1000 ] = 0.066
 Average Recall     (AR) @[ IoU=0.50:0.95 | area=medium | maxDets=1000 ] = 0.298
 Average Recall     (AR) @[ IoU=0.50:0.95 | area= large | maxDets=1000 ] = 0.455

2026-05-09 03:16:03,370 - mmdet - INFO - Exp name: fold_1_swin_t_3x_hbb.py
2026-05-09 03:16:03,371 - mmdet - INFO - Epoch(val) [280][371]	bbox_mAP: 0.2450, bbox_mAP_50: 0.6460, bbox_mAP_75: 0.1250, bbox_mAP_s: 0.0370, bbox_mAP_m: 0.1790, bbox_mAP_l: 0.3270, bbox_mAP_copypaste: 0.245 0.646 0.125 0.037 0.179 0.327
2026-05-09 03:16:24,281 - mmdet - INFO - Epoch [281][50/186]	lr: 2.082e-06, eta: 0:18:46, time: 0.418, data_time: 0.067, memory: 5158, loss_cls: 0.0149, loss_bbox: 0.0789, loss_centerness: 0.5456, loss: 0.6394, grad_norm: 5.3897
2026-05-09 03:16:42,311 - mmdet - INFO - Epoch [281][100/186]	lr: 2.082e-06, eta: 0:18:31, time: 0.361, data_time: 0.011, memory: 5158, loss_cls: 0.0073, loss_bbox: 0.0862, loss_centerness: 0.5074, loss: 0.6009, grad_norm: 5.5567
2026-05-09 03:17:00,292 - mmdet - INFO - Epoch [281][150/186]	lr: 2.082e-06, eta: 0:18:16, time: 0.360, data_time: 0.011, memory: 5158, loss_cls: 0.0055, loss_bbox: 0.0768, loss_centerness: 0.5171, loss: 0.5994, grad_norm: 5.8640
2026-05-09 03:17:34,416 - mmdet - INFO - Epoch [282][50/186]	lr: 1.977e-06, eta: 0:17:49, time: 0.418, data_time: 0.067, memory: 5158, loss_cls: 0.0084, loss_bbox: 0.0860, loss_centerness: 0.5416, loss: 0.6360, grad_norm: 5.3716
2026-05-09 03:17:52,452 - mmdet - INFO - Epoch [282][100/186]	lr: 1.977e-06, eta: 0:17:34, time: 0.361, data_time: 0.011, memory: 5158, loss_cls: 0.0058, loss_bbox: 0.0849, loss_centerness: 0.5417, loss: 0.6324, grad_norm: 5.9594
2026-05-09 03:18:10,535 - mmdet - INFO - Epoch [282][150/186]	lr: 1.977e-06, eta: 0:17:18, time: 0.362, data_time: 0.011, memory: 5158, loss_cls: 0.0064, loss_bbox: 0.0636, loss_centerness: 0.4937, loss: 0.5637, grad_norm: 5.8320
2026-05-09 03:18:44,690 - mmdet - INFO - Epoch [283][50/186]	lr: 1.877e-06, eta: 0:16:52, time: 0.418, data_time: 0.067, memory: 5158, loss_cls: 0.0081, loss_bbox: 0.0890, loss_centerness: 0.5242, loss: 0.6214, grad_norm: 6.8125
2026-05-09 03:19:02,816 - mmdet - INFO - Epoch [283][100/186]	lr: 1.877e-06, eta: 0:16:36, time: 0.363, data_time: 0.011, memory: 5158, loss_cls: 0.0091, loss_bbox: 0.0843, loss_centerness: 0.5392, loss: 0.6327, grad_norm: 6.1025
2026-05-09 03:19:20,869 - mmdet - INFO - Epoch [283][150/186]	lr: 1.877e-06, eta: 0:16:21, time: 0.361, data_time: 0.011, memory: 5158, loss_cls: 0.0085, loss_bbox: 0.0814, loss_centerness: 0.5066, loss: 0.5965, grad_norm: 5.9961
2026-05-09 03:19:55,049 - mmdet - INFO - Epoch [284][50/186]	lr: 1.782e-06, eta: 0:15:55, time: 0.419, data_time: 0.067, memory: 5158, loss_cls: 0.0064, loss_bbox: 0.0815, loss_centerness: 0.5157, loss: 0.6036, grad_norm: 4.5256
2026-05-09 03:20:13,068 - mmdet - INFO - Epoch [284][100/186]	lr: 1.782e-06, eta: 0:15:39, time: 0.360, data_time: 0.011, memory: 5158, loss_cls: 0.0063, loss_bbox: 0.0729, loss_centerness: 0.5156, loss: 0.5947, grad_norm: 4.5958
2026-05-09 03:20:31,160 - mmdet - INFO - Epoch [284][150/186]	lr: 1.782e-06, eta: 0:15:24, time: 0.362, data_time: 0.011, memory: 5158, loss_cls: 0.0097, loss_bbox: 0.0875, loss_centerness: 0.4864, loss: 0.5836, grad_norm: 4.7294
2026-05-09 03:21:05,244 - mmdet - INFO - Epoch [285][50/186]	lr: 1.693e-06, eta: 0:14:57, time: 0.417, data_time: 0.067, memory: 5158, loss_cls: 0.0094, loss_bbox: 0.0766, loss_centerness: 0.5361, loss: 0.6222, grad_norm: 6.1300
2026-05-09 03:21:23,348 - mmdet - INFO - Epoch [285][100/186]	lr: 1.693e-06, eta: 0:14:42, time: 0.362, data_time: 0.011, memory: 5158, loss_cls: 0.0064, loss_bbox: 0.0812, loss_centerness: 0.5336, loss: 0.6212, grad_norm: 6.0546
2026-05-09 03:21:41,448 - mmdet - INFO - Epoch [285][150/186]	lr: 1.693e-06, eta: 0:14:27, time: 0.362, data_time: 0.012, memory: 5158, loss_cls: 0.0123, loss_bbox: 0.0961, loss_centerness: 0.5402, loss: 0.6486, grad_norm: 5.8269
2026-05-09 03:22:18,804 - mmdet - INFO - Evaluating bbox...
2026-05-09 03:22:21,488 - mmdet - INFO - 
 Average Precision  (AP) @[ IoU=0.50:0.95 | area=   all | maxDets=100 ] = 0.245
 Average Precision  (AP) @[ IoU=0.50      | area=   all | maxDets=1000 ] = 0.646
 Average Precision  (AP) @[ IoU=0.75      | area=   all | maxDets=1000 ] = 0.126
 Average Precision  (AP) @[ IoU=0.50:0.95 | area= small | maxDets=1000 ] = 0.031
 Average Precision  (AP) @[ IoU=0.50:0.95 | area=medium | maxDets=1000 ] = 0.176
 Average Precision  (AP) @[ IoU=0.50:0.95 | area= large | maxDets=1000 ] = 0.327
 Average Recall     (AR) @[ IoU=0.50:0.95 | area=   all | maxDets=100 ] = 0.363
 Average Recall     (AR) @[ IoU=0.50:0.95 | area=   all | maxDets=300 ] = 0.363
 Average Recall     (AR) @[ IoU=0.50:0.95 | area=   all | maxDets=1000 ] = 0.363
 Average Recall     (AR) @[ IoU=0.50:0.95 | area= small | maxDets=1000 ] = 0.055
 Average Recall     (AR) @[ IoU=0.50:0.95 | area=medium | maxDets=1000 ] = 0.297
 Average Recall     (AR) @[ IoU=0.50:0.95 | area= large | maxDets=1000 ] = 0.455

2026-05-09 03:22:21,492 - mmdet - INFO - Exp name: fold_1_swin_t_3x_hbb.py
2026-05-09 03:22:21,492 - mmdet - INFO - Epoch(val) [285][371]	bbox_mAP: 0.2450, bbox_mAP_50: 0.6460, bbox_mAP_75: 0.1260, bbox_mAP_s: 0.0310, bbox_mAP_m: 0.1760, bbox_mAP_l: 0.3270, bbox_mAP_copypaste: 0.245 0.646 0.126 0.031 0.176 0.327
2026-05-09 03:22:42,453 - mmdet - INFO - Epoch [286][50/186]	lr: 1.609e-06, eta: 0:14:00, time: 0.419, data_time: 0.067, memory: 5158, loss_cls: 0.0164, loss_bbox: 0.0971, loss_centerness: 0.5457, loss: 0.6592, grad_norm: 6.5412
2026-05-09 03:23:00,343 - mmdet - INFO - Epoch [286][100/186]	lr: 1.609e-06, eta: 0:13:45, time: 0.358, data_time: 0.011, memory: 5158, loss_cls: 0.0081, loss_bbox: 0.0730, loss_centerness: 0.4694, loss: 0.5505, grad_norm: 6.5772
2026-05-09 03:23:18,466 - mmdet - INFO - Epoch [286][150/186]	lr: 1.609e-06, eta: 0:13:30, time: 0.362, data_time: 0.012, memory: 5158, loss_cls: 0.0067, loss_bbox: 0.0923, loss_centerness: 0.5298, loss: 0.6287, grad_norm: 6.2456
2026-05-09 03:23:52,600 - mmdet - INFO - Epoch [287][50/186]	lr: 1.531e-06, eta: 0:13:03, time: 0.419, data_time: 0.067, memory: 5158, loss_cls: 0.0067, loss_bbox: 0.0816, loss_centerness: 0.5265, loss: 0.6148, grad_norm: 6.1239
2026-05-09 03:24:10,727 - mmdet - INFO - Epoch [287][100/186]	lr: 1.531e-06, eta: 0:12:48, time: 0.363, data_time: 0.012, memory: 5158, loss_cls: 0.0063, loss_bbox: 0.0824, loss_centerness: 0.5367, loss: 0.6254, grad_norm: 5.9403
2026-05-09 03:24:28,758 - mmdet - INFO - Epoch [287][150/186]	lr: 1.531e-06, eta: 0:12:33, time: 0.361, data_time: 0.011, memory: 5158, loss_cls: 0.0091, loss_bbox: 0.0834, loss_centerness: 0.5345, loss: 0.6270, grad_norm: 5.8514
2026-05-09 03:25:02,859 - mmdet - INFO - Epoch [288][50/186]	lr: 1.458e-06, eta: 0:12:06, time: 0.419, data_time: 0.067, memory: 5158, loss_cls: 0.0071, loss_bbox: 0.0836, loss_centerness: 0.5306, loss: 0.6213, grad_norm: 5.7611
2026-05-09 03:25:20,887 - mmdet - INFO - Epoch [288][100/186]	lr: 1.458e-06, eta: 0:11:51, time: 0.361, data_time: 0.011, memory: 5158, loss_cls: 0.0056, loss_bbox: 0.0796, loss_centerness: 0.5261, loss: 0.6113, grad_norm: 5.3348
2026-05-09 03:25:38,974 - mmdet - INFO - Epoch [288][150/186]	lr: 1.458e-06, eta: 0:11:36, time: 0.362, data_time: 0.011, memory: 5158, loss_cls: 0.0075, loss_bbox: 0.0770, loss_centerness: 0.5033, loss: 0.5877, grad_norm: 5.2171
2026-05-09 03:26:13,010 - mmdet - INFO - Epoch [289][50/186]	lr: 1.390e-06, eta: 0:11:09, time: 0.417, data_time: 0.067, memory: 5158, loss_cls: 0.0061, loss_bbox: 0.0783, loss_centerness: 0.5148, loss: 0.5992, grad_norm: 4.4638
2026-05-09 03:26:31,139 - mmdet - INFO - Epoch [289][100/186]	lr: 1.390e-06, eta: 0:10:54, time: 0.363, data_time: 0.011, memory: 5158, loss_cls: 0.0107, loss_bbox: 0.0960, loss_centerness: 0.5483, loss: 0.6550, grad_norm: 4.7392
2026-05-09 03:26:49,131 - mmdet - INFO - Epoch [289][150/186]	lr: 1.390e-06, eta: 0:10:39, time: 0.360, data_time: 0.011, memory: 5158, loss_cls: 0.0075, loss_bbox: 0.0777, loss_centerness: 0.5113, loss: 0.5965, grad_norm: 5.1250
2026-05-09 03:27:23,180 - mmdet - INFO - Epoch [290][50/186]	lr: 1.328e-06, eta: 0:10:12, time: 0.418, data_time: 0.067, memory: 5158, loss_cls: 0.0049, loss_bbox: 0.0804, loss_centerness: 0.5280, loss: 0.6133, grad_norm: 5.3129
2026-05-09 03:27:41,137 - mmdet - INFO - Epoch [290][100/186]	lr: 1.328e-06, eta: 0:09:57, time: 0.359, data_time: 0.011, memory: 5158, loss_cls: 0.0093, loss_bbox: 0.0892, loss_centerness: 0.5404, loss: 0.6389, grad_norm: 6.0876
2026-05-09 03:27:59,253 - mmdet - INFO - Epoch [290][150/186]	lr: 1.328e-06, eta: 0:09:42, time: 0.362, data_time: 0.011, memory: 5158, loss_cls: 0.0104, loss_bbox: 0.0788, loss_centerness: 0.5125, loss: 0.6016, grad_norm: 5.8125
2026-05-09 03:28:12,427 - mmdet - INFO - Saving checkpoint at 290 epochs
2026-05-09 03:28:39,699 - mmdet - INFO - Evaluating bbox...
2026-05-09 03:28:42,390 - mmdet - INFO - 
 Average Precision  (AP) @[ IoU=0.50:0.95 | area=   all | maxDets=100 ] = 0.246
 Average Precision  (AP) @[ IoU=0.50      | area=   all | maxDets=1000 ] = 0.646
 Average Precision  (AP) @[ IoU=0.75      | area=   all | maxDets=1000 ] = 0.126
 Average Precision  (AP) @[ IoU=0.50:0.95 | area= small | maxDets=1000 ] = 0.035
 Average Precision  (AP) @[ IoU=0.50:0.95 | area=medium | maxDets=1000 ] = 0.180
 Average Precision  (AP) @[ IoU=0.50:0.95 | area= large | maxDets=1000 ] = 0.328
 Average Recall     (AR) @[ IoU=0.50:0.95 | area=   all | maxDets=100 ] = 0.364
 Average Recall     (AR) @[ IoU=0.50:0.95 | area=   all | maxDets=300 ] = 0.364
 Average Recall     (AR) @[ IoU=0.50:0.95 | area=   all | maxDets=1000 ] = 0.364
 Average Recall     (AR) @[ IoU=0.50:0.95 | area= small | maxDets=1000 ] = 0.062
 Average Recall     (AR) @[ IoU=0.50:0.95 | area=medium | maxDets=1000 ] = 0.300
 Average Recall     (AR) @[ IoU=0.50:0.95 | area= large | maxDets=1000 ] = 0.454

2026-05-09 03:28:42,395 - mmdet - INFO - Exp name: fold_1_swin_t_3x_hbb.py
2026-05-09 03:28:42,395 - mmdet - INFO - Epoch(val) [290][371]	bbox_mAP: 0.2460, bbox_mAP_50: 0.6460, bbox_mAP_75: 0.1260, bbox_mAP_s: 0.0350, bbox_mAP_m: 0.1800, bbox_mAP_l: 0.3280, bbox_mAP_copypaste: 0.246 0.646 0.126 0.035 0.180 0.328
2026-05-09 03:29:03,188 - mmdet - INFO - Epoch [291][50/186]	lr: 1.271e-06, eta: 0:09:15, time: 0.416, data_time: 0.067, memory: 5158, loss_cls: 0.0211, loss_bbox: 0.0729, loss_centerness: 0.5180, loss: 0.6120, grad_norm: 6.3396
2026-05-09 03:29:21,277 - mmdet - INFO - Epoch [291][100/186]	lr: 1.271e-06, eta: 0:09:00, time: 0.362, data_time: 0.011, memory: 5158, loss_cls: 0.0143, loss_bbox: 0.0947, loss_centerness: 0.5315, loss: 0.6405, grad_norm: 5.4003
2026-05-09 03:29:39,287 - mmdet - INFO - Epoch [291][150/186]	lr: 1.271e-06, eta: 0:08:44, time: 0.360, data_time: 0.012, memory: 5158, loss_cls: 0.0065, loss_bbox: 0.0841, loss_centerness: 0.5377, loss: 0.6284, grad_norm: 5.4477
2026-05-09 03:30:13,426 - mmdet - INFO - Epoch [292][50/186]	lr: 1.220e-06, eta: 0:08:18, time: 0.420, data_time: 0.067, memory: 5158, loss_cls: 0.0087, loss_bbox: 0.0945, loss_centerness: 0.5515, loss: 0.6547, grad_norm: 5.8161
2026-05-09 03:30:31,430 - mmdet - INFO - Epoch [292][100/186]	lr: 1.220e-06, eta: 0:08:03, time: 0.360, data_time: 0.011, memory: 5158, loss_cls: 0.0097, loss_bbox: 0.0847, loss_centerness: 0.5171, loss: 0.6115, grad_norm: 5.3553
2026-05-09 03:30:49,553 - mmdet - INFO - Epoch [292][150/186]	lr: 1.220e-06, eta: 0:07:47, time: 0.362, data_time: 0.011, memory: 5158, loss_cls: 0.0096, loss_bbox: 0.0836, loss_centerness: 0.5166, loss: 0.6098, grad_norm: 5.2538
2026-05-09 03:31:23,494 - mmdet - INFO - Epoch [293][50/186]	lr: 1.174e-06, eta: 0:07:21, time: 0.417, data_time: 0.067, memory: 5158, loss_cls: 0.0068, loss_bbox: 0.0798, loss_centerness: 0.5169, loss: 0.6035, grad_norm: 5.8093
2026-05-09 03:31:41,634 - mmdet - INFO - Epoch [293][100/186]	lr: 1.174e-06, eta: 0:07:06, time: 0.363, data_time: 0.012, memory: 5158, loss_cls: 0.0045, loss_bbox: 0.0753, loss_centerness: 0.5373, loss: 0.6171, grad_norm: 5.1073
2026-05-09 03:31:59,653 - mmdet - INFO - Epoch [293][150/186]	lr: 1.174e-06, eta: 0:06:50, time: 0.360, data_time: 0.011, memory: 5158, loss_cls: 0.0071, loss_bbox: 0.0826, loss_centerness: 0.5317, loss: 0.6215, grad_norm: 5.4054
2026-05-09 03:32:33,800 - mmdet - INFO - Epoch [294][50/186]	lr: 1.133e-06, eta: 0:06:24, time: 0.419, data_time: 0.067, memory: 5158, loss_cls: 0.0105, loss_bbox: 0.0786, loss_centerness: 0.5471, loss: 0.6362, grad_norm: 7.0866
2026-05-09 03:32:51,844 - mmdet - INFO - Epoch [294][100/186]	lr: 1.133e-06, eta: 0:06:08, time: 0.361, data_time: 0.011, memory: 5158, loss_cls: 0.0100, loss_bbox: 0.0805, loss_centerness: 0.5288, loss: 0.6193, grad_norm: 6.1568
2026-05-09 03:33:09,959 - mmdet - INFO - Epoch [294][150/186]	lr: 1.133e-06, eta: 0:05:53, time: 0.362, data_time: 0.011, memory: 5158, loss_cls: 0.0068, loss_bbox: 0.0760, loss_centerness: 0.5329, loss: 0.6157, grad_norm: 6.2520
2026-05-09 03:33:43,990 - mmdet - INFO - Epoch [295][50/186]	lr: 1.098e-06, eta: 0:05:27, time: 0.417, data_time: 0.067, memory: 5158, loss_cls: 0.0056, loss_bbox: 0.0690, loss_centerness: 0.5212, loss: 0.5958, grad_norm: 5.8197
2026-05-09 03:34:02,172 - mmdet - INFO - Epoch [295][100/186]	lr: 1.098e-06, eta: 0:05:11, time: 0.364, data_time: 0.012, memory: 5158, loss_cls: 0.0089, loss_bbox: 0.0858, loss_centerness: 0.5246, loss: 0.6193, grad_norm: 5.7170
2026-05-09 03:34:20,186 - mmdet - INFO - Epoch [295][150/186]	lr: 1.098e-06, eta: 0:04:56, time: 0.360, data_time: 0.011, memory: 5158, loss_cls: 0.0074, loss_bbox: 0.0851, loss_centerness: 0.5144, loss: 0.6069, grad_norm: 5.3270
2026-05-09 03:34:57,374 - mmdet - INFO - Evaluating bbox...
2026-05-09 03:35:00,192 - mmdet - INFO - 
 Average Precision  (AP) @[ IoU=0.50:0.95 | area=   all | maxDets=100 ] = 0.246
 Average Precision  (AP) @[ IoU=0.50      | area=   all | maxDets=1000 ] = 0.648
 Average Precision  (AP) @[ IoU=0.75      | area=   all | maxDets=1000 ] = 0.126
 Average Precision  (AP) @[ IoU=0.50:0.95 | area= small | maxDets=1000 ] = 0.035
 Average Precision  (AP) @[ IoU=0.50:0.95 | area=medium | maxDets=1000 ] = 0.179
 Average Precision  (AP) @[ IoU=0.50:0.95 | area= large | maxDets=1000 ] = 0.329
 Average Recall     (AR) @[ IoU=0.50:0.95 | area=   all | maxDets=100 ] = 0.364
 Average Recall     (AR) @[ IoU=0.50:0.95 | area=   all | maxDets=300 ] = 0.364
 Average Recall     (AR) @[ IoU=0.50:0.95 | area=   all | maxDets=1000 ] = 0.364
 Average Recall     (AR) @[ IoU=0.50:0.95 | area= small | maxDets=1000 ] = 0.059
 Average Recall     (AR) @[ IoU=0.50:0.95 | area=medium | maxDets=1000 ] = 0.300
 Average Recall     (AR) @[ IoU=0.50:0.95 | area= large | maxDets=1000 ] = 0.454

2026-05-09 03:35:00,197 - mmdet - INFO - Exp name: fold_1_swin_t_3x_hbb.py
2026-05-09 03:35:00,197 - mmdet - INFO - Epoch(val) [295][371]	bbox_mAP: 0.2460, bbox_mAP_50: 0.6480, bbox_mAP_75: 0.1260, bbox_mAP_s: 0.0350, bbox_mAP_m: 0.1790, bbox_mAP_l: 0.3290, bbox_mAP_copypaste: 0.246 0.648 0.126 0.035 0.179 0.329
2026-05-09 03:35:21,171 - mmdet - INFO - Epoch [296][50/186]	lr: 1.068e-06, eta: 0:04:30, time: 0.419, data_time: 0.068, memory: 5158, loss_cls: 0.0072, loss_bbox: 0.0848, loss_centerness: 0.5439, loss: 0.6358, grad_norm: 5.5333
2026-05-09 03:35:39,204 - mmdet - INFO - Epoch [296][100/186]	lr: 1.068e-06, eta: 0:04:14, time: 0.361, data_time: 0.011, memory: 5158, loss_cls: 0.0087, loss_bbox: 0.0879, loss_centerness: 0.5506, loss: 0.6472, grad_norm: 5.8346
2026-05-09 03:35:57,350 - mmdet - INFO - Epoch [296][150/186]	lr: 1.068e-06, eta: 0:03:59, time: 0.363, data_time: 0.011, memory: 5158, loss_cls: 0.0057, loss_bbox: 0.0772, loss_centerness: 0.5176, loss: 0.6005, grad_norm: 5.8045
2026-05-09 03:36:31,426 - mmdet - INFO - Epoch [297][50/186]	lr: 1.043e-06, eta: 0:03:32, time: 0.417, data_time: 0.067, memory: 5158, loss_cls: 0.0063, loss_bbox: 0.0796, loss_centerness: 0.5176, loss: 0.6035, grad_norm: 5.4168
2026-05-09 03:36:49,475 - mmdet - INFO - Epoch [297][100/186]	lr: 1.043e-06, eta: 0:03:17, time: 0.361, data_time: 0.011, memory: 5158, loss_cls: 0.0066, loss_bbox: 0.0814, loss_centerness: 0.4986, loss: 0.5866, grad_norm: 5.5469
2026-05-09 03:37:07,496 - mmdet - INFO - Epoch [297][150/186]	lr: 1.043e-06, eta: 0:03:02, time: 0.360, data_time: 0.011, memory: 5158, loss_cls: 0.0074, loss_bbox: 0.0854, loss_centerness: 0.5066, loss: 0.5994, grad_norm: 5.6809
2026-05-09 03:37:41,661 - mmdet - INFO - Epoch [298][50/186]	lr: 1.024e-06, eta: 0:02:35, time: 0.419, data_time: 0.067, memory: 5158, loss_cls: 0.0080, loss_bbox: 0.0964, loss_centerness: 0.5345, loss: 0.6389, grad_norm: 5.9944
2026-05-09 03:37:59,706 - mmdet - INFO - Epoch [298][100/186]	lr: 1.024e-06, eta: 0:02:20, time: 0.361, data_time: 0.011, memory: 5158, loss_cls: 0.0136, loss_bbox: 0.0913, loss_centerness: 0.5270, loss: 0.6319, grad_norm: 5.8038
2026-05-09 03:38:17,868 - mmdet - INFO - Epoch [298][150/186]	lr: 1.024e-06, eta: 0:02:05, time: 0.363, data_time: 0.012, memory: 5158, loss_cls: 0.0054, loss_bbox: 0.0802, loss_centerness: 0.5427, loss: 0.6282, grad_norm: 5.6509
2026-05-09 03:38:51,853 - mmdet - INFO - Epoch [299][50/186]	lr: 1.011e-06, eta: 0:01:38, time: 0.417, data_time: 0.067, memory: 5158, loss_cls: 0.0114, loss_bbox: 0.0893, loss_centerness: 0.5299, loss: 0.6306, grad_norm: 5.7636
2026-05-09 03:39:10,025 - mmdet - INFO - Epoch [299][100/186]	lr: 1.011e-06, eta: 0:01:23, time: 0.363, data_time: 0.012, memory: 5158, loss_cls: 0.0084, loss_bbox: 0.0844, loss_centerness: 0.5377, loss: 0.6305, grad_norm: 5.3522
2026-05-09 03:39:28,090 - mmdet - INFO - Epoch [299][150/186]	lr: 1.011e-06, eta: 0:01:08, time: 0.361, data_time: 0.011, memory: 5158, loss_cls: 0.0101, loss_bbox: 0.0779, loss_centerness: 0.5198, loss: 0.6078, grad_norm: 5.5501
2026-05-09 03:40:02,208 - mmdet - INFO - Epoch [300][50/186]	lr: 1.003e-06, eta: 0:00:41, time: 0.418, data_time: 0.067, memory: 5158, loss_cls: 0.0051, loss_bbox: 0.0764, loss_centerness: 0.5198, loss: 0.6013, grad_norm: 4.6907
2026-05-09 03:40:20,246 - mmdet - INFO - Epoch [300][100/186]	lr: 1.003e-06, eta: 0:00:26, time: 0.361, data_time: 0.011, memory: 5158, loss_cls: 0.0066, loss_bbox: 0.0883, loss_centerness: 0.5269, loss: 0.6218, grad_norm: 4.7627
2026-05-09 03:40:38,352 - mmdet - INFO - Epoch [300][150/186]	lr: 1.003e-06, eta: 0:00:11, time: 0.362, data_time: 0.012, memory: 5158, loss_cls: 0.0065, loss_bbox: 0.0804, loss_centerness: 0.5298, loss: 0.6167, grad_norm: 5.3007
2026-05-09 03:40:51,520 - mmdet - INFO - Saving checkpoint at 300 epochs
2026-05-09 03:41:19,626 - mmdet - INFO - Evaluating bbox...
2026-05-09 03:41:22,306 - mmdet - INFO - 
 Average Precision  (AP) @[ IoU=0.50:0.95 | area=   all | maxDets=100 ] = 0.245
 Average Precision  (AP) @[ IoU=0.50      | area=   all | maxDets=1000 ] = 0.640
 Average Precision  (AP) @[ IoU=0.75      | area=   all | maxDets=1000 ] = 0.126
 Average Precision  (AP) @[ IoU=0.50:0.95 | area= small | maxDets=1000 ] = 0.031
 Average Precision  (AP) @[ IoU=0.50:0.95 | area=medium | maxDets=1000 ] = 0.180
 Average Precision  (AP) @[ IoU=0.50:0.95 | area= large | maxDets=1000 ] = 0.327
 Average Recall     (AR) @[ IoU=0.50:0.95 | area=   all | maxDets=100 ] = 0.363
 Average Recall     (AR) @[ IoU=0.50:0.95 | area=   all | maxDets=300 ] = 0.363
 Average Recall     (AR) @[ IoU=0.50:0.95 | area=   all | maxDets=1000 ] = 0.363
 Average Recall     (AR) @[ IoU=0.50:0.95 | area= small | maxDets=1000 ] = 0.055
 Average Recall     (AR) @[ IoU=0.50:0.95 | area=medium | maxDets=1000 ] = 0.299
 Average Recall     (AR) @[ IoU=0.50:0.95 | area= large | maxDets=1000 ] = 0.453

2026-05-09 03:41:22,310 - mmdet - INFO - Exp name: fold_1_swin_t_3x_hbb.py
2026-05-09 03:41:22,310 - mmdet - INFO - Epoch(val) [300][371]	bbox_mAP: 0.2450, bbox_mAP_50: 0.6400, bbox_mAP_75: 0.1260, bbox_mAP_s: 0.0310, bbox_mAP_m: 0.1800, bbox_mAP_l: 0.3270, bbox_mAP_copypaste: 0.245 0.640 0.126 0.031 0.180 0.327
