2026-05-07 16:03:54,478 - mmdet - INFO - Environment info:
------------------------------------------------------------
sys.platform: linux
Python: 3.7.16 (default, Jan 17 2023, 22:20:44) [GCC 11.2.0]
CUDA available: True
GPU 0: NVIDIA GeForce RTX 2080 Ti
CUDA_HOME: /usr
NVCC: Build cuda_11.5.r11.5/compiler.30672275_0
GCC: gcc (Ubuntu 11.4.0-1ubuntu1~22.04.3) 11.4.0
PyTorch: 1.7.1+cu110
PyTorch compiling details: PyTorch built with:
  - GCC 7.3
  - C++ Version: 201402
  - Intel(R) Math Kernel Library Version 2020.0.0 Product Build 20191122 for Intel(R) 64 architecture applications
  - Intel(R) MKL-DNN v1.6.0 (Git Hash 5ef631a030a6f73131c77892041042805a06064f)
  - OpenMP 201511 (a.k.a. OpenMP 4.5)
  - NNPACK is enabled
  - CPU capability usage: AVX2
  - CUDA Runtime 11.0
  - NVCC architecture flags: -gencode;arch=compute_37,code=sm_37;-gencode;arch=compute_50,code=sm_50;-gencode;arch=compute_60,code=sm_60;-gencode;arch=compute_70,code=sm_70;-gencode;arch=compute_75,code=sm_75;-gencode;arch=compute_80,code=sm_80
  - CuDNN 8.0.5
  - Magma 2.5.2
  - Build settings: BLAS=MKL, BUILD_TYPE=Release, CXX_FLAGS= -Wno-deprecated -fvisibility-inlines-hidden -DUSE_PTHREADPOOL -fopenmp -DNDEBUG -DUSE_FBGEMM -DUSE_QNNPACK -DUSE_PYTORCH_QNNPACK -DUSE_XNNPACK -DUSE_VULKAN_WRAPPER -O2 -fPIC -Wno-narrowing -Wall -Wextra -Werror=return-type -Wno-missing-field-initializers -Wno-type-limits -Wno-array-bounds -Wno-unknown-pragmas -Wno-sign-compare -Wno-unused-parameter -Wno-unused-variable -Wno-unused-function -Wno-unused-result -Wno-unused-local-typedefs -Wno-strict-overflow -Wno-strict-aliasing -Wno-error=deprecated-declarations -Wno-stringop-overflow -Wno-psabi -Wno-error=pedantic -Wno-error=redundant-decls -Wno-error=old-style-cast -fdiagnostics-color=always -faligned-new -Wno-unused-but-set-variable -Wno-maybe-uninitialized -fno-math-errno -fno-trapping-math -Werror=format -Wno-stringop-overflow, PERF_WITH_AVX=1, PERF_WITH_AVX2=1, PERF_WITH_AVX512=1, USE_CUDA=ON, USE_EXCEPTION_PTR=1, USE_GFLAGS=OFF, USE_GLOG=OFF, USE_MKL=ON, USE_MKLDNN=ON, USE_MPI=OFF, USE_NCCL=ON, USE_NNPACK=ON, USE_OPENMP=ON, 

TorchVision: 0.8.2+cu110
OpenCV: 4.13.0
MMCV: 1.3.17
MMCV Compiler: GCC 7.3
MMCV CUDA Compiler: 11.0
MMDetection: 2.23.0+2544401
------------------------------------------------------------

2026-05-07 16:03:55,655 - mmdet - INFO - Distributed training: True
2026-05-07 16:03:56,895 - mmdet - INFO - Config:
norm_cfg = dict(type='GN', num_groups=32, requires_grad=True)
model = dict(
    type='FasterRCNN',
    backbone=dict(
        type='SwinTransformer',
        embed_dims=96,
        depths=[2, 2, 6, 2],
        num_heads=[3, 6, 12, 24],
        window_size=7,
        mlp_ratio=4,
        qkv_bias=True,
        qk_scale=None,
        drop_rate=0.0,
        attn_drop_rate=0.0,
        drop_path_rate=0.2,
        patch_norm=True,
        out_indices=(0, 1, 2, 3),
        with_cp=False,
        convert_weights=True,
        init_cfg=dict(
            type='Pretrained', checkpoint='orcn-swin-t-dota-latest.pth')),
    neck=dict(
        type='FPN',
        in_channels=[96, 192, 384, 768],
        out_channels=256,
        num_outs=5),
    rpn_head=dict(
        type='RPNHead',
        in_channels=256,
        feat_channels=256,
        anchor_generator=dict(
            type='AnchorGenerator',
            scales=[8],
            ratios=[0.5, 1.0, 2.0],
            strides=[4, 8, 16, 32, 64]),
        bbox_coder=dict(
            type='DeltaXYWHBBoxCoder',
            target_means=[0.0, 0.0, 0.0, 0.0],
            target_stds=[1.0, 1.0, 1.0, 1.0]),
        loss_cls=dict(
            type='CrossEntropyLoss', use_sigmoid=True, loss_weight=1.0),
        loss_bbox=dict(type='SmoothL1Loss', loss_weight=1.0)),
    roi_head=dict(
        type='StandardRoIHead',
        bbox_roi_extractor=dict(
            type='SingleRoIExtractor',
            roi_layer=dict(type='RoIAlign', output_size=7, sampling_ratio=0),
            out_channels=256,
            featmap_strides=[4, 8, 16, 32]),
        bbox_head=dict(
            type='Shared4Conv1FCBBoxHead',
            conv_out_channels=256,
            norm_cfg=dict(type='GN', num_groups=32, requires_grad=True),
            in_channels=256,
            fc_out_channels=1024,
            roi_feat_size=7,
            num_classes=1,
            bbox_coder=dict(
                type='DeltaXYWHBBoxCoder',
                target_means=[0.0, 0.0, 0.0, 0.0],
                target_stds=[0.1, 0.1, 0.2, 0.2]),
            reg_class_agnostic=False,
            loss_cls=dict(
                type='CrossEntropyLoss', use_sigmoid=False, loss_weight=1.0),
            loss_bbox=dict(type='SmoothL1Loss', loss_weight=1.0))),
    train_cfg=dict(
        rpn=dict(
            assigner=dict(
                type='MaxIoUAssigner',
                pos_iou_thr=0.7,
                neg_iou_thr=0.3,
                min_pos_iou=0.3,
                match_low_quality=True,
                ignore_iof_thr=-1),
            sampler=dict(
                type='RandomSampler',
                num=256,
                pos_fraction=0.5,
                neg_pos_ub=-1,
                add_gt_as_proposals=False),
            allowed_border=-1,
            pos_weight=-1,
            debug=False),
        rpn_proposal=dict(
            nms_pre=2000,
            max_per_img=1000,
            nms=dict(type='nms', iou_threshold=0.7),
            min_bbox_size=0),
        rcnn=dict(
            assigner=dict(
                type='MaxIoUAssigner',
                pos_iou_thr=0.5,
                neg_iou_thr=0.5,
                min_pos_iou=0.5,
                match_low_quality=False,
                ignore_iof_thr=-1),
            sampler=dict(
                type='RandomSampler',
                num=512,
                pos_fraction=0.25,
                neg_pos_ub=-1,
                add_gt_as_proposals=True),
            pos_weight=-1,
            debug=False)),
    test_cfg=dict(
        rpn=dict(
            nms_pre=1000,
            max_per_img=1000,
            nms=dict(type='nms', iou_threshold=0.9),
            min_bbox_size=0),
        rcnn=dict(
            score_thr=0.01,
            nms=dict(type='soft_nms', iou_threshold=0.5, min_score=0.01),
            max_per_img=100)))
dataset_type = 'CocoDataset'
data_root = '/home/ahmadreza/Downloads/Research/M2SODAI/baseline_official/'
img_norm_cfg = dict(
    mean=[123.675, 116.28, 103.53], std=[58.395, 57.12, 57.375], to_rgb=True)
train_pipeline = [
    dict(type='LoadImageFromFile'),
    dict(type='LoadAnnotations', with_bbox=True),
    dict(type='Resize', img_scale=(640, 640), keep_ratio=True),
    dict(
        type='RandomFlip',
        flip_ratio=0.5,
        direction=['horizontal', 'vertical']),
    dict(
        type='Normalize',
        mean=[123.675, 116.28, 103.53],
        std=[58.395, 57.12, 57.375],
        to_rgb=True),
    dict(type='Pad', size_divisor=32),
    dict(type='DefaultFormatBundle'),
    dict(type='Collect', keys=['img', 'gt_bboxes', 'gt_labels'])
]
test_pipeline = [
    dict(type='LoadImageFromFile'),
    dict(
        type='MultiScaleFlipAug',
        img_scale=(640, 640),
        flip=False,
        transforms=[
            dict(type='Resize', keep_ratio=True),
            dict(type='RandomFlip'),
            dict(
                type='Normalize',
                mean=[123.675, 116.28, 103.53],
                std=[58.395, 57.12, 57.375],
                to_rgb=True),
            dict(type='Pad', size_divisor=32),
            dict(type='ImageToTensor', keys=['img']),
            dict(type='Collect', keys=['img'])
        ])
]
data = dict(
    samples_per_gpu=4,
    workers_per_gpu=4,
    train=dict(
        type='CocoDataset',
        ann_file=
        '/home/ahmadreza/Downloads/Research/M2SODAI/baseline_official/fold_1/train/annotations.json',
        img_prefix=
        '/home/ahmadreza/Downloads/Research/M2SODAI/baseline_official/fold_1/train/images/',
        classes=('ship', ),
        pipeline=[
            dict(type='LoadImageFromFile'),
            dict(type='LoadAnnotations', with_bbox=True),
            dict(type='Resize', img_scale=(640, 640), keep_ratio=True),
            dict(
                type='RandomFlip',
                flip_ratio=0.5,
                direction=['horizontal', 'vertical']),
            dict(
                type='Normalize',
                mean=[123.675, 116.28, 103.53],
                std=[58.395, 57.12, 57.375],
                to_rgb=True),
            dict(type='Pad', size_divisor=32),
            dict(type='DefaultFormatBundle'),
            dict(type='Collect', keys=['img', 'gt_bboxes', 'gt_labels'])
        ]),
    val=dict(
        type='CocoDataset',
        ann_file=
        '/home/ahmadreza/Downloads/Research/M2SODAI/baseline_official/fold_1/val/annotations.json',
        img_prefix=
        '/home/ahmadreza/Downloads/Research/M2SODAI/baseline_official/fold_1/val/images/',
        classes=('ship', ),
        pipeline=[
            dict(type='LoadImageFromFile'),
            dict(
                type='MultiScaleFlipAug',
                img_scale=(640, 640),
                flip=False,
                transforms=[
                    dict(type='Resize', keep_ratio=True),
                    dict(type='RandomFlip'),
                    dict(
                        type='Normalize',
                        mean=[123.675, 116.28, 103.53],
                        std=[58.395, 57.12, 57.375],
                        to_rgb=True),
                    dict(type='Pad', size_divisor=32),
                    dict(type='ImageToTensor', keys=['img']),
                    dict(type='Collect', keys=['img'])
                ])
        ]),
    test=dict(
        type='CocoDataset',
        ann_file=
        '/home/ahmadreza/Downloads/Research/M2SODAI/baseline_official/fold_1/val/annotations.json',
        img_prefix=
        '/home/ahmadreza/Downloads/Research/M2SODAI/baseline_official/fold_1/val/images/',
        classes=('ship', ),
        pipeline=[
            dict(type='LoadImageFromFile'),
            dict(
                type='MultiScaleFlipAug',
                img_scale=(640, 640),
                flip=False,
                transforms=[
                    dict(type='Resize', keep_ratio=True),
                    dict(type='RandomFlip'),
                    dict(
                        type='Normalize',
                        mean=[123.675, 116.28, 103.53],
                        std=[58.395, 57.12, 57.375],
                        to_rgb=True),
                    dict(type='Pad', size_divisor=32),
                    dict(type='ImageToTensor', keys=['img']),
                    dict(type='Collect', keys=['img'])
                ])
        ]))
optimizer = dict(type='AdamW', lr=0.0001, weight_decay=0.05)
optimizer_config = dict(grad_clip=None)
lr_config = dict(
    policy='step',
    warmup='linear',
    warmup_iters=500,
    warmup_ratio=0.001,
    step=[200, 250])
runner = dict(type='EpochBasedRunner', max_epochs=300)
evaluation = dict(interval=10, metric='bbox')
checkpoint_config = dict(interval=10, max_keep_ckpts=3)
log_config = dict(
    interval=50,
    hooks=[dict(type='TextLoggerHook'),
           dict(type='TensorboardLoggerHook')])
custom_hooks = [
    dict(
        type='EarlyStoppingHook',
        monitor='bbox_mAP',
        patience=5,
        min_delta=0.001)
]
dist_params = dict(backend='nccl')
log_level = 'INFO'
load_from = None
resume_from = '/home/ahmadreza/Downloads/Research/M2SODAI/baseline_official/runs_swin_hbb/swin_t_hbb_fold_1/latest.pth'
workflow = [('train', 1)]
work_dir = '/home/ahmadreza/Downloads/Research/M2SODAI/baseline_official/runs_swin_hbb/swin_t_hbb_fold_1'
seed = 0
deterministic = True
auto_resume = False
gpu_ids = range(0, 1)

2026-05-07 16:03:56,896 - mmdet - INFO - Set random seed to 42, deterministic: False
2026-05-07 16:03:57,593 - mmdet - INFO - load checkpoint from local path: orcn-swin-t-dota-latest.pth
2026-05-07 16:03:58,236 - mmdet - INFO - initialize FPN with init_cfg {'type': 'Xavier', 'layer': 'Conv2d', 'distribution': 'uniform'}
2026-05-07 16:03:58,260 - mmdet - INFO - initialize RPNHead with init_cfg {'type': 'Normal', 'layer': 'Conv2d', 'std': 0.01}
2026-05-07 16:03:58,271 - mmdet - INFO - initialize Shared4Conv1FCBBoxHead with init_cfg [{'type': 'Normal', 'std': 0.01, 'override': {'name': 'fc_cls'}}, {'type': 'Normal', 'std': 0.001, 'override': {'name': 'fc_reg'}}, {'type': 'Xavier', 'distribution': 'uniform', 'override': [{'name': 'shared_fcs'}, {'name': 'cls_fcs'}, {'name': 'reg_fcs'}]}]
Name of parameter - Initialization information

backbone.patch_embed.projection.weight - torch.Size([96, 3, 4, 4]): 
Initialized by user-defined `init_weights` in SwinTransformer  

backbone.patch_embed.projection.bias - torch.Size([96]): 
Initialized by user-defined `init_weights` in SwinTransformer  

backbone.patch_embed.norm.weight - torch.Size([96]): 
Initialized by user-defined `init_weights` in SwinTransformer  

backbone.patch_embed.norm.bias - torch.Size([96]): 
Initialized by user-defined `init_weights` in SwinTransformer  

backbone.stages.0.blocks.0.norm1.weight - torch.Size([96]): 
Initialized by user-defined `init_weights` in SwinTransformer  

backbone.stages.0.blocks.0.norm1.bias - torch.Size([96]): 
Initialized by user-defined `init_weights` in SwinTransformer  

backbone.stages.0.blocks.0.attn.w_msa.relative_position_bias_table - torch.Size([169, 3]): 
Initialized by user-defined `init_weights` in SwinTransformer  

backbone.stages.0.blocks.0.attn.w_msa.qkv.weight - torch.Size([288, 96]): 
Initialized by user-defined `init_weights` in SwinTransformer  

backbone.stages.0.blocks.0.attn.w_msa.qkv.bias - torch.Size([288]): 
Initialized by user-defined `init_weights` in SwinTransformer  

backbone.stages.0.blocks.0.attn.w_msa.proj.weight - torch.Size([96, 96]): 
Initialized by user-defined `init_weights` in SwinTransformer  

backbone.stages.0.blocks.0.attn.w_msa.proj.bias - torch.Size([96]): 
Initialized by user-defined `init_weights` in SwinTransformer  

backbone.stages.0.blocks.0.norm2.weight - torch.Size([96]): 
Initialized by user-defined `init_weights` in SwinTransformer  

backbone.stages.0.blocks.0.norm2.bias - torch.Size([96]): 
Initialized by user-defined `init_weights` in SwinTransformer  

backbone.stages.0.blocks.0.ffn.layers.0.0.weight - torch.Size([384, 96]): 
Initialized by user-defined `init_weights` in SwinTransformer  

backbone.stages.0.blocks.0.ffn.layers.0.0.bias - torch.Size([384]): 
Initialized by user-defined `init_weights` in SwinTransformer  

backbone.stages.0.blocks.0.ffn.layers.1.weight - torch.Size([96, 384]): 
Initialized by user-defined `init_weights` in SwinTransformer  

backbone.stages.0.blocks.0.ffn.layers.1.bias - torch.Size([96]): 
Initialized by user-defined `init_weights` in SwinTransformer  

backbone.stages.0.blocks.1.norm1.weight - torch.Size([96]): 
Initialized by user-defined `init_weights` in SwinTransformer  

backbone.stages.0.blocks.1.norm1.bias - torch.Size([96]): 
Initialized by user-defined `init_weights` in SwinTransformer  

backbone.stages.0.blocks.1.attn.w_msa.relative_position_bias_table - torch.Size([169, 3]): 
Initialized by user-defined `init_weights` in SwinTransformer  

backbone.stages.0.blocks.1.attn.w_msa.qkv.weight - torch.Size([288, 96]): 
Initialized by user-defined `init_weights` in SwinTransformer  

backbone.stages.0.blocks.1.attn.w_msa.qkv.bias - torch.Size([288]): 
Initialized by user-defined `init_weights` in SwinTransformer  

backbone.stages.0.blocks.1.attn.w_msa.proj.weight - torch.Size([96, 96]): 
Initialized by user-defined `init_weights` in SwinTransformer  

backbone.stages.0.blocks.1.attn.w_msa.proj.bias - torch.Size([96]): 
Initialized by user-defined `init_weights` in SwinTransformer  

backbone.stages.0.blocks.1.norm2.weight - torch.Size([96]): 
Initialized by user-defined `init_weights` in SwinTransformer  

backbone.stages.0.blocks.1.norm2.bias - torch.Size([96]): 
Initialized by user-defined `init_weights` in SwinTransformer  

backbone.stages.0.blocks.1.ffn.layers.0.0.weight - torch.Size([384, 96]): 
Initialized by user-defined `init_weights` in SwinTransformer  

backbone.stages.0.blocks.1.ffn.layers.0.0.bias - torch.Size([384]): 
Initialized by user-defined `init_weights` in SwinTransformer  

backbone.stages.0.blocks.1.ffn.layers.1.weight - torch.Size([96, 384]): 
Initialized by user-defined `init_weights` in SwinTransformer  

backbone.stages.0.blocks.1.ffn.layers.1.bias - torch.Size([96]): 
Initialized by user-defined `init_weights` in SwinTransformer  

backbone.stages.0.downsample.norm.weight - torch.Size([384]): 
Initialized by user-defined `init_weights` in SwinTransformer  

backbone.stages.0.downsample.norm.bias - torch.Size([384]): 
Initialized by user-defined `init_weights` in SwinTransformer  

backbone.stages.0.downsample.reduction.weight - torch.Size([192, 384]): 
Initialized by user-defined `init_weights` in SwinTransformer  

backbone.stages.1.blocks.0.norm1.weight - torch.Size([192]): 
Initialized by user-defined `init_weights` in SwinTransformer  

backbone.stages.1.blocks.0.norm1.bias - torch.Size([192]): 
Initialized by user-defined `init_weights` in SwinTransformer  

backbone.stages.1.blocks.0.attn.w_msa.relative_position_bias_table - torch.Size([169, 6]): 
Initialized by user-defined `init_weights` in SwinTransformer  

backbone.stages.1.blocks.0.attn.w_msa.qkv.weight - torch.Size([576, 192]): 
Initialized by user-defined `init_weights` in SwinTransformer  

backbone.stages.1.blocks.0.attn.w_msa.qkv.bias - torch.Size([576]): 
Initialized by user-defined `init_weights` in SwinTransformer  

backbone.stages.1.blocks.0.attn.w_msa.proj.weight - torch.Size([192, 192]): 
Initialized by user-defined `init_weights` in SwinTransformer  

backbone.stages.1.blocks.0.attn.w_msa.proj.bias - torch.Size([192]): 
Initialized by user-defined `init_weights` in SwinTransformer  

backbone.stages.1.blocks.0.norm2.weight - torch.Size([192]): 
Initialized by user-defined `init_weights` in SwinTransformer  

backbone.stages.1.blocks.0.norm2.bias - torch.Size([192]): 
Initialized by user-defined `init_weights` in SwinTransformer  

backbone.stages.1.blocks.0.ffn.layers.0.0.weight - torch.Size([768, 192]): 
Initialized by user-defined `init_weights` in SwinTransformer  

backbone.stages.1.blocks.0.ffn.layers.0.0.bias - torch.Size([768]): 
Initialized by user-defined `init_weights` in SwinTransformer  

backbone.stages.1.blocks.0.ffn.layers.1.weight - torch.Size([192, 768]): 
Initialized by user-defined `init_weights` in SwinTransformer  

backbone.stages.1.blocks.0.ffn.layers.1.bias - torch.Size([192]): 
Initialized by user-defined `init_weights` in SwinTransformer  

backbone.stages.1.blocks.1.norm1.weight - torch.Size([192]): 
Initialized by user-defined `init_weights` in SwinTransformer  

backbone.stages.1.blocks.1.norm1.bias - torch.Size([192]): 
Initialized by user-defined `init_weights` in SwinTransformer  

backbone.stages.1.blocks.1.attn.w_msa.relative_position_bias_table - torch.Size([169, 6]): 
Initialized by user-defined `init_weights` in SwinTransformer  

backbone.stages.1.blocks.1.attn.w_msa.qkv.weight - torch.Size([576, 192]): 
Initialized by user-defined `init_weights` in SwinTransformer  

backbone.stages.1.blocks.1.attn.w_msa.qkv.bias - torch.Size([576]): 
Initialized by user-defined `init_weights` in SwinTransformer  

backbone.stages.1.blocks.1.attn.w_msa.proj.weight - torch.Size([192, 192]): 
Initialized by user-defined `init_weights` in SwinTransformer  

backbone.stages.1.blocks.1.attn.w_msa.proj.bias - torch.Size([192]): 
Initialized by user-defined `init_weights` in SwinTransformer  

backbone.stages.1.blocks.1.norm2.weight - torch.Size([192]): 
Initialized by user-defined `init_weights` in SwinTransformer  

backbone.stages.1.blocks.1.norm2.bias - torch.Size([192]): 
Initialized by user-defined `init_weights` in SwinTransformer  

backbone.stages.1.blocks.1.ffn.layers.0.0.weight - torch.Size([768, 192]): 
Initialized by user-defined `init_weights` in SwinTransformer  

backbone.stages.1.blocks.1.ffn.layers.0.0.bias - torch.Size([768]): 
Initialized by user-defined `init_weights` in SwinTransformer  

backbone.stages.1.blocks.1.ffn.layers.1.weight - torch.Size([192, 768]): 
Initialized by user-defined `init_weights` in SwinTransformer  

backbone.stages.1.blocks.1.ffn.layers.1.bias - torch.Size([192]): 
Initialized by user-defined `init_weights` in SwinTransformer  

backbone.stages.1.downsample.norm.weight - torch.Size([768]): 
Initialized by user-defined `init_weights` in SwinTransformer  

backbone.stages.1.downsample.norm.bias - torch.Size([768]): 
Initialized by user-defined `init_weights` in SwinTransformer  

backbone.stages.1.downsample.reduction.weight - torch.Size([384, 768]): 
Initialized by user-defined `init_weights` in SwinTransformer  

backbone.stages.2.blocks.0.norm1.weight - torch.Size([384]): 
Initialized by user-defined `init_weights` in SwinTransformer  

backbone.stages.2.blocks.0.norm1.bias - torch.Size([384]): 
Initialized by user-defined `init_weights` in SwinTransformer  

backbone.stages.2.blocks.0.attn.w_msa.relative_position_bias_table - torch.Size([169, 12]): 
Initialized by user-defined `init_weights` in SwinTransformer  

backbone.stages.2.blocks.0.attn.w_msa.qkv.weight - torch.Size([1152, 384]): 
Initialized by user-defined `init_weights` in SwinTransformer  

backbone.stages.2.blocks.0.attn.w_msa.qkv.bias - torch.Size([1152]): 
Initialized by user-defined `init_weights` in SwinTransformer  

backbone.stages.2.blocks.0.attn.w_msa.proj.weight - torch.Size([384, 384]): 
Initialized by user-defined `init_weights` in SwinTransformer  

backbone.stages.2.blocks.0.attn.w_msa.proj.bias - torch.Size([384]): 
Initialized by user-defined `init_weights` in SwinTransformer  

backbone.stages.2.blocks.0.norm2.weight - torch.Size([384]): 
Initialized by user-defined `init_weights` in SwinTransformer  

backbone.stages.2.blocks.0.norm2.bias - torch.Size([384]): 
Initialized by user-defined `init_weights` in SwinTransformer  

backbone.stages.2.blocks.0.ffn.layers.0.0.weight - torch.Size([1536, 384]): 
Initialized by user-defined `init_weights` in SwinTransformer  

backbone.stages.2.blocks.0.ffn.layers.0.0.bias - torch.Size([1536]): 
Initialized by user-defined `init_weights` in SwinTransformer  

backbone.stages.2.blocks.0.ffn.layers.1.weight - torch.Size([384, 1536]): 
Initialized by user-defined `init_weights` in SwinTransformer  

backbone.stages.2.blocks.0.ffn.layers.1.bias - torch.Size([384]): 
Initialized by user-defined `init_weights` in SwinTransformer  

backbone.stages.2.blocks.1.norm1.weight - torch.Size([384]): 
Initialized by user-defined `init_weights` in SwinTransformer  

backbone.stages.2.blocks.1.norm1.bias - torch.Size([384]): 
Initialized by user-defined `init_weights` in SwinTransformer  

backbone.stages.2.blocks.1.attn.w_msa.relative_position_bias_table - torch.Size([169, 12]): 
Initialized by user-defined `init_weights` in SwinTransformer  

backbone.stages.2.blocks.1.attn.w_msa.qkv.weight - torch.Size([1152, 384]): 
Initialized by user-defined `init_weights` in SwinTransformer  

backbone.stages.2.blocks.1.attn.w_msa.qkv.bias - torch.Size([1152]): 
Initialized by user-defined `init_weights` in SwinTransformer  

backbone.stages.2.blocks.1.attn.w_msa.proj.weight - torch.Size([384, 384]): 
Initialized by user-defined `init_weights` in SwinTransformer  

backbone.stages.2.blocks.1.attn.w_msa.proj.bias - torch.Size([384]): 
Initialized by user-defined `init_weights` in SwinTransformer  

backbone.stages.2.blocks.1.norm2.weight - torch.Size([384]): 
Initialized by user-defined `init_weights` in SwinTransformer  

backbone.stages.2.blocks.1.norm2.bias - torch.Size([384]): 
Initialized by user-defined `init_weights` in SwinTransformer  

backbone.stages.2.blocks.1.ffn.layers.0.0.weight - torch.Size([1536, 384]): 
Initialized by user-defined `init_weights` in SwinTransformer  

backbone.stages.2.blocks.1.ffn.layers.0.0.bias - torch.Size([1536]): 
Initialized by user-defined `init_weights` in SwinTransformer  

backbone.stages.2.blocks.1.ffn.layers.1.weight - torch.Size([384, 1536]): 
Initialized by user-defined `init_weights` in SwinTransformer  

backbone.stages.2.blocks.1.ffn.layers.1.bias - torch.Size([384]): 
Initialized by user-defined `init_weights` in SwinTransformer  

backbone.stages.2.blocks.2.norm1.weight - torch.Size([384]): 
Initialized by user-defined `init_weights` in SwinTransformer  

backbone.stages.2.blocks.2.norm1.bias - torch.Size([384]): 
Initialized by user-defined `init_weights` in SwinTransformer  

backbone.stages.2.blocks.2.attn.w_msa.relative_position_bias_table - torch.Size([169, 12]): 
Initialized by user-defined `init_weights` in SwinTransformer  

backbone.stages.2.blocks.2.attn.w_msa.qkv.weight - torch.Size([1152, 384]): 
Initialized by user-defined `init_weights` in SwinTransformer  

backbone.stages.2.blocks.2.attn.w_msa.qkv.bias - torch.Size([1152]): 
Initialized by user-defined `init_weights` in SwinTransformer  

backbone.stages.2.blocks.2.attn.w_msa.proj.weight - torch.Size([384, 384]): 
Initialized by user-defined `init_weights` in SwinTransformer  

backbone.stages.2.blocks.2.attn.w_msa.proj.bias - torch.Size([384]): 
Initialized by user-defined `init_weights` in SwinTransformer  

backbone.stages.2.blocks.2.norm2.weight - torch.Size([384]): 
Initialized by user-defined `init_weights` in SwinTransformer  

backbone.stages.2.blocks.2.norm2.bias - torch.Size([384]): 
Initialized by user-defined `init_weights` in SwinTransformer  

backbone.stages.2.blocks.2.ffn.layers.0.0.weight - torch.Size([1536, 384]): 
Initialized by user-defined `init_weights` in SwinTransformer  

backbone.stages.2.blocks.2.ffn.layers.0.0.bias - torch.Size([1536]): 
Initialized by user-defined `init_weights` in SwinTransformer  

backbone.stages.2.blocks.2.ffn.layers.1.weight - torch.Size([384, 1536]): 
Initialized by user-defined `init_weights` in SwinTransformer  

backbone.stages.2.blocks.2.ffn.layers.1.bias - torch.Size([384]): 
Initialized by user-defined `init_weights` in SwinTransformer  

backbone.stages.2.blocks.3.norm1.weight - torch.Size([384]): 
Initialized by user-defined `init_weights` in SwinTransformer  

backbone.stages.2.blocks.3.norm1.bias - torch.Size([384]): 
Initialized by user-defined `init_weights` in SwinTransformer  

backbone.stages.2.blocks.3.attn.w_msa.relative_position_bias_table - torch.Size([169, 12]): 
Initialized by user-defined `init_weights` in SwinTransformer  

backbone.stages.2.blocks.3.attn.w_msa.qkv.weight - torch.Size([1152, 384]): 
Initialized by user-defined `init_weights` in SwinTransformer  

backbone.stages.2.blocks.3.attn.w_msa.qkv.bias - torch.Size([1152]): 
Initialized by user-defined `init_weights` in SwinTransformer  

backbone.stages.2.blocks.3.attn.w_msa.proj.weight - torch.Size([384, 384]): 
Initialized by user-defined `init_weights` in SwinTransformer  

backbone.stages.2.blocks.3.attn.w_msa.proj.bias - torch.Size([384]): 
Initialized by user-defined `init_weights` in SwinTransformer  

backbone.stages.2.blocks.3.norm2.weight - torch.Size([384]): 
Initialized by user-defined `init_weights` in SwinTransformer  

backbone.stages.2.blocks.3.norm2.bias - torch.Size([384]): 
Initialized by user-defined `init_weights` in SwinTransformer  

backbone.stages.2.blocks.3.ffn.layers.0.0.weight - torch.Size([1536, 384]): 
Initialized by user-defined `init_weights` in SwinTransformer  

backbone.stages.2.blocks.3.ffn.layers.0.0.bias - torch.Size([1536]): 
Initialized by user-defined `init_weights` in SwinTransformer  

backbone.stages.2.blocks.3.ffn.layers.1.weight - torch.Size([384, 1536]): 
Initialized by user-defined `init_weights` in SwinTransformer  

backbone.stages.2.blocks.3.ffn.layers.1.bias - torch.Size([384]): 
Initialized by user-defined `init_weights` in SwinTransformer  

backbone.stages.2.blocks.4.norm1.weight - torch.Size([384]): 
Initialized by user-defined `init_weights` in SwinTransformer  

backbone.stages.2.blocks.4.norm1.bias - torch.Size([384]): 
Initialized by user-defined `init_weights` in SwinTransformer  

backbone.stages.2.blocks.4.attn.w_msa.relative_position_bias_table - torch.Size([169, 12]): 
Initialized by user-defined `init_weights` in SwinTransformer  

backbone.stages.2.blocks.4.attn.w_msa.qkv.weight - torch.Size([1152, 384]): 
Initialized by user-defined `init_weights` in SwinTransformer  

backbone.stages.2.blocks.4.attn.w_msa.qkv.bias - torch.Size([1152]): 
Initialized by user-defined `init_weights` in SwinTransformer  

backbone.stages.2.blocks.4.attn.w_msa.proj.weight - torch.Size([384, 384]): 
Initialized by user-defined `init_weights` in SwinTransformer  

backbone.stages.2.blocks.4.attn.w_msa.proj.bias - torch.Size([384]): 
Initialized by user-defined `init_weights` in SwinTransformer  

backbone.stages.2.blocks.4.norm2.weight - torch.Size([384]): 
Initialized by user-defined `init_weights` in SwinTransformer  

backbone.stages.2.blocks.4.norm2.bias - torch.Size([384]): 
Initialized by user-defined `init_weights` in SwinTransformer  

backbone.stages.2.blocks.4.ffn.layers.0.0.weight - torch.Size([1536, 384]): 
Initialized by user-defined `init_weights` in SwinTransformer  

backbone.stages.2.blocks.4.ffn.layers.0.0.bias - torch.Size([1536]): 
Initialized by user-defined `init_weights` in SwinTransformer  

backbone.stages.2.blocks.4.ffn.layers.1.weight - torch.Size([384, 1536]): 
Initialized by user-defined `init_weights` in SwinTransformer  

backbone.stages.2.blocks.4.ffn.layers.1.bias - torch.Size([384]): 
Initialized by user-defined `init_weights` in SwinTransformer  

backbone.stages.2.blocks.5.norm1.weight - torch.Size([384]): 
Initialized by user-defined `init_weights` in SwinTransformer  

backbone.stages.2.blocks.5.norm1.bias - torch.Size([384]): 
Initialized by user-defined `init_weights` in SwinTransformer  

backbone.stages.2.blocks.5.attn.w_msa.relative_position_bias_table - torch.Size([169, 12]): 
Initialized by user-defined `init_weights` in SwinTransformer  

backbone.stages.2.blocks.5.attn.w_msa.qkv.weight - torch.Size([1152, 384]): 
Initialized by user-defined `init_weights` in SwinTransformer  

backbone.stages.2.blocks.5.attn.w_msa.qkv.bias - torch.Size([1152]): 
Initialized by user-defined `init_weights` in SwinTransformer  

backbone.stages.2.blocks.5.attn.w_msa.proj.weight - torch.Size([384, 384]): 
Initialized by user-defined `init_weights` in SwinTransformer  

backbone.stages.2.blocks.5.attn.w_msa.proj.bias - torch.Size([384]): 
Initialized by user-defined `init_weights` in SwinTransformer  

backbone.stages.2.blocks.5.norm2.weight - torch.Size([384]): 
Initialized by user-defined `init_weights` in SwinTransformer  

backbone.stages.2.blocks.5.norm2.bias - torch.Size([384]): 
Initialized by user-defined `init_weights` in SwinTransformer  

backbone.stages.2.blocks.5.ffn.layers.0.0.weight - torch.Size([1536, 384]): 
Initialized by user-defined `init_weights` in SwinTransformer  

backbone.stages.2.blocks.5.ffn.layers.0.0.bias - torch.Size([1536]): 
Initialized by user-defined `init_weights` in SwinTransformer  

backbone.stages.2.blocks.5.ffn.layers.1.weight - torch.Size([384, 1536]): 
Initialized by user-defined `init_weights` in SwinTransformer  

backbone.stages.2.blocks.5.ffn.layers.1.bias - torch.Size([384]): 
Initialized by user-defined `init_weights` in SwinTransformer  

backbone.stages.2.downsample.norm.weight - torch.Size([1536]): 
Initialized by user-defined `init_weights` in SwinTransformer  

backbone.stages.2.downsample.norm.bias - torch.Size([1536]): 
Initialized by user-defined `init_weights` in SwinTransformer  

backbone.stages.2.downsample.reduction.weight - torch.Size([768, 1536]): 
Initialized by user-defined `init_weights` in SwinTransformer  

backbone.stages.3.blocks.0.norm1.weight - torch.Size([768]): 
Initialized by user-defined `init_weights` in SwinTransformer  

backbone.stages.3.blocks.0.norm1.bias - torch.Size([768]): 
Initialized by user-defined `init_weights` in SwinTransformer  

backbone.stages.3.blocks.0.attn.w_msa.relative_position_bias_table - torch.Size([169, 24]): 
Initialized by user-defined `init_weights` in SwinTransformer  

backbone.stages.3.blocks.0.attn.w_msa.qkv.weight - torch.Size([2304, 768]): 
Initialized by user-defined `init_weights` in SwinTransformer  

backbone.stages.3.blocks.0.attn.w_msa.qkv.bias - torch.Size([2304]): 
Initialized by user-defined `init_weights` in SwinTransformer  

backbone.stages.3.blocks.0.attn.w_msa.proj.weight - torch.Size([768, 768]): 
Initialized by user-defined `init_weights` in SwinTransformer  

backbone.stages.3.blocks.0.attn.w_msa.proj.bias - torch.Size([768]): 
Initialized by user-defined `init_weights` in SwinTransformer  

backbone.stages.3.blocks.0.norm2.weight - torch.Size([768]): 
Initialized by user-defined `init_weights` in SwinTransformer  

backbone.stages.3.blocks.0.norm2.bias - torch.Size([768]): 
Initialized by user-defined `init_weights` in SwinTransformer  

backbone.stages.3.blocks.0.ffn.layers.0.0.weight - torch.Size([3072, 768]): 
Initialized by user-defined `init_weights` in SwinTransformer  

backbone.stages.3.blocks.0.ffn.layers.0.0.bias - torch.Size([3072]): 
Initialized by user-defined `init_weights` in SwinTransformer  

backbone.stages.3.blocks.0.ffn.layers.1.weight - torch.Size([768, 3072]): 
Initialized by user-defined `init_weights` in SwinTransformer  

backbone.stages.3.blocks.0.ffn.layers.1.bias - torch.Size([768]): 
Initialized by user-defined `init_weights` in SwinTransformer  

backbone.stages.3.blocks.1.norm1.weight - torch.Size([768]): 
Initialized by user-defined `init_weights` in SwinTransformer  

backbone.stages.3.blocks.1.norm1.bias - torch.Size([768]): 
Initialized by user-defined `init_weights` in SwinTransformer  

backbone.stages.3.blocks.1.attn.w_msa.relative_position_bias_table - torch.Size([169, 24]): 
Initialized by user-defined `init_weights` in SwinTransformer  

backbone.stages.3.blocks.1.attn.w_msa.qkv.weight - torch.Size([2304, 768]): 
Initialized by user-defined `init_weights` in SwinTransformer  

backbone.stages.3.blocks.1.attn.w_msa.qkv.bias - torch.Size([2304]): 
Initialized by user-defined `init_weights` in SwinTransformer  

backbone.stages.3.blocks.1.attn.w_msa.proj.weight - torch.Size([768, 768]): 
Initialized by user-defined `init_weights` in SwinTransformer  

backbone.stages.3.blocks.1.attn.w_msa.proj.bias - torch.Size([768]): 
Initialized by user-defined `init_weights` in SwinTransformer  

backbone.stages.3.blocks.1.norm2.weight - torch.Size([768]): 
Initialized by user-defined `init_weights` in SwinTransformer  

backbone.stages.3.blocks.1.norm2.bias - torch.Size([768]): 
Initialized by user-defined `init_weights` in SwinTransformer  

backbone.stages.3.blocks.1.ffn.layers.0.0.weight - torch.Size([3072, 768]): 
Initialized by user-defined `init_weights` in SwinTransformer  

backbone.stages.3.blocks.1.ffn.layers.0.0.bias - torch.Size([3072]): 
Initialized by user-defined `init_weights` in SwinTransformer  

backbone.stages.3.blocks.1.ffn.layers.1.weight - torch.Size([768, 3072]): 
Initialized by user-defined `init_weights` in SwinTransformer  

backbone.stages.3.blocks.1.ffn.layers.1.bias - torch.Size([768]): 
Initialized by user-defined `init_weights` in SwinTransformer  

backbone.norm0.weight - torch.Size([96]): 
Initialized by user-defined `init_weights` in SwinTransformer  

backbone.norm0.bias - torch.Size([96]): 
Initialized by user-defined `init_weights` in SwinTransformer  

backbone.norm1.weight - torch.Size([192]): 
Initialized by user-defined `init_weights` in SwinTransformer  

backbone.norm1.bias - torch.Size([192]): 
Initialized by user-defined `init_weights` in SwinTransformer  

backbone.norm2.weight - torch.Size([384]): 
Initialized by user-defined `init_weights` in SwinTransformer  

backbone.norm2.bias - torch.Size([384]): 
Initialized by user-defined `init_weights` in SwinTransformer  

backbone.norm3.weight - torch.Size([768]): 
Initialized by user-defined `init_weights` in SwinTransformer  

backbone.norm3.bias - torch.Size([768]): 
Initialized by user-defined `init_weights` in SwinTransformer  

neck.lateral_convs.0.conv.weight - torch.Size([256, 96, 1, 1]): 
XavierInit: gain=1, distribution=uniform, bias=0 

neck.lateral_convs.0.conv.bias - torch.Size([256]): 
The value is the same before and after calling `init_weights` of FasterRCNN  

neck.lateral_convs.1.conv.weight - torch.Size([256, 192, 1, 1]): 
XavierInit: gain=1, distribution=uniform, bias=0 

neck.lateral_convs.1.conv.bias - torch.Size([256]): 
The value is the same before and after calling `init_weights` of FasterRCNN  

neck.lateral_convs.2.conv.weight - torch.Size([256, 384, 1, 1]): 
XavierInit: gain=1, distribution=uniform, bias=0 

neck.lateral_convs.2.conv.bias - torch.Size([256]): 
The value is the same before and after calling `init_weights` of FasterRCNN  

neck.lateral_convs.3.conv.weight - torch.Size([256, 768, 1, 1]): 
XavierInit: gain=1, distribution=uniform, bias=0 

neck.lateral_convs.3.conv.bias - torch.Size([256]): 
The value is the same before and after calling `init_weights` of FasterRCNN  

neck.fpn_convs.0.conv.weight - torch.Size([256, 256, 3, 3]): 
XavierInit: gain=1, distribution=uniform, bias=0 

neck.fpn_convs.0.conv.bias - torch.Size([256]): 
The value is the same before and after calling `init_weights` of FasterRCNN  

neck.fpn_convs.1.conv.weight - torch.Size([256, 256, 3, 3]): 
XavierInit: gain=1, distribution=uniform, bias=0 

neck.fpn_convs.1.conv.bias - torch.Size([256]): 
The value is the same before and after calling `init_weights` of FasterRCNN  

neck.fpn_convs.2.conv.weight - torch.Size([256, 256, 3, 3]): 
XavierInit: gain=1, distribution=uniform, bias=0 

neck.fpn_convs.2.conv.bias - torch.Size([256]): 
The value is the same before and after calling `init_weights` of FasterRCNN  

neck.fpn_convs.3.conv.weight - torch.Size([256, 256, 3, 3]): 
XavierInit: gain=1, distribution=uniform, bias=0 

neck.fpn_convs.3.conv.bias - torch.Size([256]): 
The value is the same before and after calling `init_weights` of FasterRCNN  

rpn_head.rpn_conv.weight - torch.Size([256, 256, 3, 3]): 
NormalInit: mean=0, std=0.01, bias=0 

rpn_head.rpn_conv.bias - torch.Size([256]): 
NormalInit: mean=0, std=0.01, bias=0 

rpn_head.rpn_cls.weight - torch.Size([3, 256, 1, 1]): 
NormalInit: mean=0, std=0.01, bias=0 

rpn_head.rpn_cls.bias - torch.Size([3]): 
NormalInit: mean=0, std=0.01, bias=0 

rpn_head.rpn_reg.weight - torch.Size([12, 256, 1, 1]): 
NormalInit: mean=0, std=0.01, bias=0 

rpn_head.rpn_reg.bias - torch.Size([12]): 
NormalInit: mean=0, std=0.01, bias=0 

roi_head.bbox_head.fc_cls.weight - torch.Size([2, 1024]): 
NormalInit: mean=0, std=0.01, bias=0 

roi_head.bbox_head.fc_cls.bias - torch.Size([2]): 
NormalInit: mean=0, std=0.01, bias=0 

roi_head.bbox_head.fc_reg.weight - torch.Size([4, 1024]): 
NormalInit: mean=0, std=0.001, bias=0 

roi_head.bbox_head.fc_reg.bias - torch.Size([4]): 
NormalInit: mean=0, std=0.001, bias=0 

roi_head.bbox_head.shared_convs.0.conv.weight - torch.Size([256, 256, 3, 3]): 
The value is the same before and after calling `init_weights` of FasterRCNN  

roi_head.bbox_head.shared_convs.0.gn.weight - torch.Size([256]): 
The value is the same before and after calling `init_weights` of FasterRCNN  

roi_head.bbox_head.shared_convs.0.gn.bias - torch.Size([256]): 
The value is the same before and after calling `init_weights` of FasterRCNN  

roi_head.bbox_head.shared_convs.1.conv.weight - torch.Size([256, 256, 3, 3]): 
The value is the same before and after calling `init_weights` of FasterRCNN  

roi_head.bbox_head.shared_convs.1.gn.weight - torch.Size([256]): 
The value is the same before and after calling `init_weights` of FasterRCNN  

roi_head.bbox_head.shared_convs.1.gn.bias - torch.Size([256]): 
The value is the same before and after calling `init_weights` of FasterRCNN  

roi_head.bbox_head.shared_convs.2.conv.weight - torch.Size([256, 256, 3, 3]): 
The value is the same before and after calling `init_weights` of FasterRCNN  

roi_head.bbox_head.shared_convs.2.gn.weight - torch.Size([256]): 
The value is the same before and after calling `init_weights` of FasterRCNN  

roi_head.bbox_head.shared_convs.2.gn.bias - torch.Size([256]): 
The value is the same before and after calling `init_weights` of FasterRCNN  

roi_head.bbox_head.shared_convs.3.conv.weight - torch.Size([256, 256, 3, 3]): 
The value is the same before and after calling `init_weights` of FasterRCNN  

roi_head.bbox_head.shared_convs.3.gn.weight - torch.Size([256]): 
The value is the same before and after calling `init_weights` of FasterRCNN  

roi_head.bbox_head.shared_convs.3.gn.bias - torch.Size([256]): 
The value is the same before and after calling `init_weights` of FasterRCNN  

roi_head.bbox_head.shared_fcs.0.weight - torch.Size([1024, 12544]): 
XavierInit: gain=1, distribution=uniform, bias=0 

roi_head.bbox_head.shared_fcs.0.bias - torch.Size([1024]): 
XavierInit: gain=1, distribution=uniform, bias=0 
2026-05-07 16:03:58,775 - mmdet - INFO - load checkpoint from local path: /home/ahmadreza/Downloads/Research/M2SODAI/baseline_official/runs_swin_hbb/swin_t_hbb_fold_1/latest.pth
2026-05-07 16:03:59,222 - mmdet - INFO - resumed epoch 60, iter 6060
2026-05-07 16:03:59,224 - mmdet - INFO - Start running, host: ahmadreza@quartz, work_dir: /home/ahmadreza/Downloads/Research/M2SODAI/baseline_official/runs_swin_hbb/swin_t_hbb_fold_1
2026-05-07 16:03:59,224 - mmdet - INFO - Hooks will be executed in the following order:
before_run:
(VERY_HIGH   ) StepLrUpdaterHook                  
(NORMAL      ) CheckpointHook                     
(LOW         ) DistEvalHook                       
(VERY_LOW    ) TextLoggerHook                     
(VERY_LOW    ) TensorboardLoggerHook              
 -------------------- 
before_train_epoch:
(VERY_HIGH   ) StepLrUpdaterHook                  
(NORMAL      ) DistSamplerSeedHook                
(LOW         ) IterTimerHook                      
(LOW         ) DistEvalHook                       
(VERY_LOW    ) TextLoggerHook                     
(VERY_LOW    ) TensorboardLoggerHook              
 -------------------- 
before_train_iter:
(VERY_HIGH   ) StepLrUpdaterHook                  
(LOW         ) IterTimerHook                      
(LOW         ) DistEvalHook                       
 -------------------- 
after_train_iter:
(ABOVE_NORMAL) OptimizerHook                      
(NORMAL      ) CheckpointHook                     
(LOW         ) IterTimerHook                      
(LOW         ) DistEvalHook                       
(VERY_LOW    ) TextLoggerHook                     
(VERY_LOW    ) TensorboardLoggerHook              
 -------------------- 
after_train_epoch:
(NORMAL      ) CheckpointHook                     
(NORMAL      ) EarlyStoppingHook                  
(LOW         ) DistEvalHook                       
(VERY_LOW    ) TextLoggerHook                     
(VERY_LOW    ) TensorboardLoggerHook              
 -------------------- 
before_val_epoch:
(NORMAL      ) DistSamplerSeedHook                
(LOW         ) IterTimerHook                      
(VERY_LOW    ) TextLoggerHook                     
(VERY_LOW    ) TensorboardLoggerHook              
 -------------------- 
before_val_iter:
(LOW         ) IterTimerHook                      
 -------------------- 
after_val_iter:
(LOW         ) IterTimerHook                      
 -------------------- 
after_val_epoch:
(VERY_LOW    ) TextLoggerHook                     
(VERY_LOW    ) TensorboardLoggerHook              
 -------------------- 
after_run:
(VERY_LOW    ) TextLoggerHook                     
(VERY_LOW    ) TensorboardLoggerHook              
 -------------------- 
2026-05-07 16:03:59,225 - mmdet - INFO - workflow: [('train', 1)], max: 300 epochs
2026-05-07 16:03:59,225 - mmdet - INFO - Checkpoints will be saved to /home/ahmadreza/Downloads/Research/M2SODAI/baseline_official/runs_swin_hbb/swin_t_hbb_fold_1 by HardDiskBackend.
2026-05-07 16:04:32,757 - mmdet - INFO - Epoch [61][50/101]	lr: 1.000e-04, eta: 4:29:44, time: 0.669, data_time: 0.065, memory: 7264, loss_rpn_cls: 0.0147, loss_rpn_bbox: 0.0055, loss_cls: 0.1435, acc: 93.7910, loss_bbox: 0.1153, loss: 0.2789
2026-05-07 16:05:03,629 - mmdet - INFO - Epoch [61][100/101]	lr: 1.000e-04, eta: 4:18:48, time: 0.617, data_time: 0.012, memory: 7264, loss_rpn_cls: 0.0140, loss_rpn_bbox: 0.0057, loss_cls: 0.1572, acc: 93.1982, loss_bbox: 0.1315, loss: 0.3085
2026-05-07 16:05:37,918 - mmdet - INFO - Epoch [62][50/101]	lr: 1.000e-04, eta: 4:20:07, time: 0.670, data_time: 0.065, memory: 7264, loss_rpn_cls: 0.0137, loss_rpn_bbox: 0.0061, loss_cls: 0.1471, acc: 93.7832, loss_bbox: 0.1201, loss: 0.2869
2026-05-07 16:06:08,979 - mmdet - INFO - Epoch [62][100/101]	lr: 1.000e-04, eta: 4:16:55, time: 0.621, data_time: 0.013, memory: 7264, loss_rpn_cls: 0.0166, loss_rpn_bbox: 0.0053, loss_cls: 0.1572, acc: 93.0664, loss_bbox: 0.1291, loss: 0.3082
2026-05-07 16:06:43,528 - mmdet - INFO - Epoch [63][50/101]	lr: 1.000e-04, eta: 4:18:02, time: 0.675, data_time: 0.065, memory: 7264, loss_rpn_cls: 0.0161, loss_rpn_bbox: 0.0047, loss_cls: 0.1608, acc: 93.0889, loss_bbox: 0.1230, loss: 0.3045
2026-05-07 16:07:14,545 - mmdet - INFO - Epoch [63][100/101]	lr: 1.000e-04, eta: 4:15:50, time: 0.620, data_time: 0.013, memory: 7264, loss_rpn_cls: 0.0154, loss_rpn_bbox: 0.0052, loss_cls: 0.1463, acc: 93.6889, loss_bbox: 0.1179, loss: 0.2848
2026-05-07 16:07:49,080 - mmdet - INFO - Epoch [64][50/101]	lr: 1.000e-04, eta: 4:16:28, time: 0.675, data_time: 0.065, memory: 7264, loss_rpn_cls: 0.0171, loss_rpn_bbox: 0.0049, loss_cls: 0.1487, acc: 93.6061, loss_bbox: 0.1166, loss: 0.2872
2026-05-07 16:08:19,966 - mmdet - INFO - Epoch [64][100/101]	lr: 1.000e-04, eta: 4:14:37, time: 0.618, data_time: 0.013, memory: 7264, loss_rpn_cls: 0.0147, loss_rpn_bbox: 0.0040, loss_cls: 0.1560, acc: 93.3086, loss_bbox: 0.1224, loss: 0.2971
2026-05-07 16:08:54,375 - mmdet - INFO - Epoch [65][50/101]	lr: 1.000e-04, eta: 4:14:53, time: 0.672, data_time: 0.065, memory: 7264, loss_rpn_cls: 0.0147, loss_rpn_bbox: 0.0040, loss_cls: 0.1434, acc: 93.9411, loss_bbox: 0.1109, loss: 0.2730
2026-05-07 16:09:25,196 - mmdet - INFO - Epoch [65][100/101]	lr: 1.000e-04, eta: 4:13:18, time: 0.616, data_time: 0.012, memory: 7264, loss_rpn_cls: 0.0105, loss_rpn_bbox: 0.0041, loss_cls: 0.1327, acc: 94.2822, loss_bbox: 0.1085, loss: 0.2558
2026-05-07 16:09:59,664 - mmdet - INFO - Epoch [66][50/101]	lr: 1.000e-04, eta: 4:13:30, time: 0.674, data_time: 0.065, memory: 7264, loss_rpn_cls: 0.0118, loss_rpn_bbox: 0.0043, loss_cls: 0.1471, acc: 93.6491, loss_bbox: 0.1117, loss: 0.2749
2026-05-07 16:10:30,617 - mmdet - INFO - Epoch [66][100/101]	lr: 1.000e-04, eta: 4:12:12, time: 0.619, data_time: 0.013, memory: 7264, loss_rpn_cls: 0.0088, loss_rpn_bbox: 0.0037, loss_cls: 0.1300, acc: 94.4326, loss_bbox: 0.0993, loss: 0.2418
2026-05-07 16:11:05,087 - mmdet - INFO - Epoch [67][50/101]	lr: 1.000e-04, eta: 4:12:16, time: 0.673, data_time: 0.066, memory: 7264, loss_rpn_cls: 0.0127, loss_rpn_bbox: 0.0039, loss_cls: 0.1307, acc: 94.4510, loss_bbox: 0.1056, loss: 0.2529
2026-05-07 16:11:36,000 - mmdet - INFO - Epoch [67][100/101]	lr: 1.000e-04, eta: 4:11:05, time: 0.618, data_time: 0.012, memory: 7264, loss_rpn_cls: 0.0094, loss_rpn_bbox: 0.0035, loss_cls: 0.1279, acc: 94.5361, loss_bbox: 0.1021, loss: 0.2429
2026-05-07 16:12:10,364 - mmdet - INFO - Epoch [68][50/101]	lr: 1.000e-04, eta: 4:11:01, time: 0.672, data_time: 0.065, memory: 7264, loss_rpn_cls: 0.0079, loss_rpn_bbox: 0.0033, loss_cls: 0.1156, acc: 95.0374, loss_bbox: 0.0899, loss: 0.2168
2026-05-07 16:12:41,319 - mmdet - INFO - Epoch [68][100/101]	lr: 1.000e-04, eta: 4:09:57, time: 0.619, data_time: 0.013, memory: 7264, loss_rpn_cls: 0.0121, loss_rpn_bbox: 0.0041, loss_cls: 0.1254, acc: 94.5901, loss_bbox: 0.1027, loss: 0.2442
2026-05-07 16:13:15,707 - mmdet - INFO - Epoch [69][50/101]	lr: 1.000e-04, eta: 4:09:50, time: 0.672, data_time: 0.065, memory: 7264, loss_rpn_cls: 0.0083, loss_rpn_bbox: 0.0032, loss_cls: 0.1172, acc: 94.9557, loss_bbox: 0.0927, loss: 0.2214
2026-05-07 16:13:46,638 - mmdet - INFO - Epoch [69][100/101]	lr: 1.000e-04, eta: 4:08:49, time: 0.619, data_time: 0.013, memory: 7264, loss_rpn_cls: 0.0077, loss_rpn_bbox: 0.0031, loss_cls: 0.1128, acc: 95.1943, loss_bbox: 0.0882, loss: 0.2119
2026-05-07 16:14:21,085 - mmdet - INFO - Epoch [70][50/101]	lr: 1.000e-04, eta: 4:08:41, time: 0.673, data_time: 0.065, memory: 7264, loss_rpn_cls: 0.0083, loss_rpn_bbox: 0.0033, loss_cls: 0.1166, acc: 94.9461, loss_bbox: 0.0906, loss: 0.2188
2026-05-07 16:14:52,140 - mmdet - INFO - Epoch [70][100/101]	lr: 1.000e-04, eta: 4:07:46, time: 0.621, data_time: 0.013, memory: 7264, loss_rpn_cls: 0.0084, loss_rpn_bbox: 0.0031, loss_cls: 0.1123, acc: 95.1507, loss_bbox: 0.0876, loss: 0.2113
2026-05-07 16:14:52,917 - mmdet - INFO - Saving checkpoint at 70 epochs
2026-05-07 16:15:32,977 - mmdet - INFO - Evaluating bbox...
2026-05-07 16:15:36,721 - mmdet - INFO - 
 Average Precision  (AP) @[ IoU=0.50:0.95 | area=   all | maxDets=100 ] = 0.283
 Average Precision  (AP) @[ IoU=0.50      | area=   all | maxDets=1000 ] = 0.674
 Average Precision  (AP) @[ IoU=0.75      | area=   all | maxDets=1000 ] = 0.186
 Average Precision  (AP) @[ IoU=0.50:0.95 | area= small | maxDets=1000 ] = 0.024
 Average Precision  (AP) @[ IoU=0.50:0.95 | area=medium | maxDets=1000 ] = 0.228
 Average Precision  (AP) @[ IoU=0.50:0.95 | area= large | maxDets=1000 ] = 0.353
 Average Recall     (AR) @[ IoU=0.50:0.95 | area=   all | maxDets=100 ] = 0.440
 Average Recall     (AR) @[ IoU=0.50:0.95 | area=   all | maxDets=300 ] = 0.440
 Average Recall     (AR) @[ IoU=0.50:0.95 | area=   all | maxDets=1000 ] = 0.440
 Average Recall     (AR) @[ IoU=0.50:0.95 | area= small | maxDets=1000 ] = 0.052
 Average Recall     (AR) @[ IoU=0.50:0.95 | area=medium | maxDets=1000 ] = 0.383
 Average Recall     (AR) @[ IoU=0.50:0.95 | area= large | maxDets=1000 ] = 0.523

2026-05-07 16:15:36,729 - mmdet - INFO - Exp name: fold_1_swin_t_3x_hbb.py
2026-05-07 16:15:36,729 - mmdet - INFO - Epoch(val) [70][371]	bbox_mAP: 0.2830, bbox_mAP_50: 0.6740, bbox_mAP_75: 0.1860, bbox_mAP_s: 0.0240, bbox_mAP_m: 0.2280, bbox_mAP_l: 0.3530, bbox_mAP_copypaste: 0.283 0.674 0.186 0.024 0.228 0.353
2026-05-07 16:16:10,350 - mmdet - INFO - Epoch [71][50/101]	lr: 1.000e-04, eta: 4:07:35, time: 0.672, data_time: 0.065, memory: 7264, loss_rpn_cls: 0.0073, loss_rpn_bbox: 0.0031, loss_cls: 0.1103, acc: 95.3520, loss_bbox: 0.0816, loss: 0.2022
2026-05-07 16:16:41,286 - mmdet - INFO - Epoch [71][100/101]	lr: 1.000e-04, eta: 4:06:40, time: 0.619, data_time: 0.013, memory: 7264, loss_rpn_cls: 0.0070, loss_rpn_bbox: 0.0031, loss_cls: 0.1042, acc: 95.5557, loss_bbox: 0.0788, loss: 0.1931
2026-05-07 16:17:15,687 - mmdet - INFO - Epoch [72][50/101]	lr: 1.000e-04, eta: 4:06:27, time: 0.672, data_time: 0.065, memory: 7264, loss_rpn_cls: 0.0063, loss_rpn_bbox: 0.0027, loss_cls: 0.0990, acc: 95.7574, loss_bbox: 0.0716, loss: 0.1796
2026-05-07 16:17:46,685 - mmdet - INFO - Epoch [72][100/101]	lr: 1.000e-04, eta: 4:05:35, time: 0.620, data_time: 0.013, memory: 7264, loss_rpn_cls: 0.0102, loss_rpn_bbox: 0.0030, loss_cls: 0.1164, acc: 95.0131, loss_bbox: 0.0895, loss: 0.2191
2026-05-07 16:18:21,170 - mmdet - INFO - Epoch [73][50/101]	lr: 1.000e-04, eta: 4:05:22, time: 0.674, data_time: 0.065, memory: 7264, loss_rpn_cls: 0.0056, loss_rpn_bbox: 0.0022, loss_cls: 0.0916, acc: 96.0967, loss_bbox: 0.0655, loss: 0.1648
2026-05-07 16:18:52,214 - mmdet - INFO - Epoch [73][100/101]	lr: 1.000e-04, eta: 4:04:32, time: 0.621, data_time: 0.013, memory: 7264, loss_rpn_cls: 0.0079, loss_rpn_bbox: 0.0033, loss_cls: 0.1150, acc: 95.0581, loss_bbox: 0.0840, loss: 0.2102
2026-05-07 16:19:26,580 - mmdet - INFO - Epoch [74][50/101]	lr: 1.000e-04, eta: 4:04:15, time: 0.672, data_time: 0.065, memory: 7264, loss_rpn_cls: 0.0071, loss_rpn_bbox: 0.0026, loss_cls: 0.0976, acc: 95.7744, loss_bbox: 0.0741, loss: 0.1814
2026-05-07 16:19:57,531 - mmdet - INFO - Epoch [74][100/101]	lr: 1.000e-04, eta: 4:03:26, time: 0.619, data_time: 0.013, memory: 7264, loss_rpn_cls: 0.0073, loss_rpn_bbox: 0.0029, loss_cls: 0.0990, acc: 95.7198, loss_bbox: 0.0720, loss: 0.1812
2026-05-07 16:20:31,978 - mmdet - INFO - Epoch [75][50/101]	lr: 1.000e-04, eta: 4:03:09, time: 0.673, data_time: 0.065, memory: 7264, loss_rpn_cls: 0.0062, loss_rpn_bbox: 0.0029, loss_cls: 0.1041, acc: 95.5224, loss_bbox: 0.0777, loss: 0.1909
2026-05-07 16:21:02,851 - mmdet - INFO - Epoch [75][100/101]	lr: 1.000e-04, eta: 4:02:20, time: 0.617, data_time: 0.013, memory: 7264, loss_rpn_cls: 0.0073, loss_rpn_bbox: 0.0028, loss_cls: 0.1008, acc: 95.6992, loss_bbox: 0.0744, loss: 0.1853
2026-05-07 16:21:37,349 - mmdet - INFO - Epoch [76][50/101]	lr: 1.000e-04, eta: 4:02:03, time: 0.674, data_time: 0.065, memory: 7264, loss_rpn_cls: 0.0068, loss_rpn_bbox: 0.0025, loss_cls: 0.0959, acc: 95.8105, loss_bbox: 0.0720, loss: 0.1773
2026-05-07 16:22:08,264 - mmdet - INFO - Epoch [76][100/101]	lr: 1.000e-04, eta: 4:01:15, time: 0.618, data_time: 0.013, memory: 7264, loss_rpn_cls: 0.0064, loss_rpn_bbox: 0.0027, loss_cls: 0.1005, acc: 95.6871, loss_bbox: 0.0682, loss: 0.1777
2026-05-07 16:22:42,693 - mmdet - INFO - Epoch [77][50/101]	lr: 1.000e-04, eta: 4:00:56, time: 0.673, data_time: 0.066, memory: 7264, loss_rpn_cls: 0.0050, loss_rpn_bbox: 0.0025, loss_cls: 0.0894, acc: 96.2340, loss_bbox: 0.0653, loss: 0.1622
2026-05-07 16:23:13,663 - mmdet - INFO - Epoch [77][100/101]	lr: 1.000e-04, eta: 4:00:11, time: 0.619, data_time: 0.013, memory: 7264, loss_rpn_cls: 0.0066, loss_rpn_bbox: 0.0026, loss_cls: 0.0989, acc: 95.7431, loss_bbox: 0.0719, loss: 0.1800
2026-05-07 16:23:47,997 - mmdet - INFO - Epoch [78][50/101]	lr: 1.000e-04, eta: 3:59:50, time: 0.671, data_time: 0.066, memory: 7264, loss_rpn_cls: 0.0060, loss_rpn_bbox: 0.0027, loss_cls: 0.0920, acc: 96.0936, loss_bbox: 0.0683, loss: 0.1690
2026-05-07 16:24:18,999 - mmdet - INFO - Epoch [78][100/101]	lr: 1.000e-04, eta: 3:59:05, time: 0.620, data_time: 0.013, memory: 7264, loss_rpn_cls: 0.0061, loss_rpn_bbox: 0.0029, loss_cls: 0.1010, acc: 95.6865, loss_bbox: 0.0711, loss: 0.1810
2026-05-07 16:24:53,463 - mmdet - INFO - Epoch [79][50/101]	lr: 1.000e-04, eta: 3:58:45, time: 0.673, data_time: 0.066, memory: 7264, loss_rpn_cls: 0.0048, loss_rpn_bbox: 0.0028, loss_cls: 0.0880, acc: 96.2381, loss_bbox: 0.0624, loss: 0.1581
2026-05-07 16:25:24,407 - mmdet - INFO - Epoch [79][100/101]	lr: 1.000e-04, eta: 3:58:01, time: 0.619, data_time: 0.013, memory: 7264, loss_rpn_cls: 0.0050, loss_rpn_bbox: 0.0025, loss_cls: 0.0918, acc: 96.0910, loss_bbox: 0.0682, loss: 0.1676
2026-05-07 16:25:58,863 - mmdet - INFO - Epoch [80][50/101]	lr: 1.000e-04, eta: 3:57:40, time: 0.673, data_time: 0.066, memory: 7264, loss_rpn_cls: 0.0038, loss_rpn_bbox: 0.0022, loss_cls: 0.0865, acc: 96.2677, loss_bbox: 0.0613, loss: 0.1538
2026-05-07 16:26:29,858 - mmdet - INFO - Epoch [80][100/101]	lr: 1.000e-04, eta: 3:56:56, time: 0.620, data_time: 0.013, memory: 7264, loss_rpn_cls: 0.0051, loss_rpn_bbox: 0.0022, loss_cls: 0.0887, acc: 96.1986, loss_bbox: 0.0606, loss: 0.1566
2026-05-07 16:26:30,630 - mmdet - INFO - Saving checkpoint at 80 epochs
2026-05-07 16:27:10,985 - mmdet - INFO - Evaluating bbox...
2026-05-07 16:27:14,789 - mmdet - INFO - 
 Average Precision  (AP) @[ IoU=0.50:0.95 | area=   all | maxDets=100 ] = 0.283
 Average Precision  (AP) @[ IoU=0.50      | area=   all | maxDets=1000 ] = 0.678
 Average Precision  (AP) @[ IoU=0.75      | area=   all | maxDets=1000 ] = 0.184
 Average Precision  (AP) @[ IoU=0.50:0.95 | area= small | maxDets=1000 ] = 0.013
 Average Precision  (AP) @[ IoU=0.50:0.95 | area=medium | maxDets=1000 ] = 0.230
 Average Precision  (AP) @[ IoU=0.50:0.95 | area= large | maxDets=1000 ] = 0.353
 Average Recall     (AR) @[ IoU=0.50:0.95 | area=   all | maxDets=100 ] = 0.444
 Average Recall     (AR) @[ IoU=0.50:0.95 | area=   all | maxDets=300 ] = 0.444
 Average Recall     (AR) @[ IoU=0.50:0.95 | area=   all | maxDets=1000 ] = 0.444
 Average Recall     (AR) @[ IoU=0.50:0.95 | area= small | maxDets=1000 ] = 0.048
 Average Recall     (AR) @[ IoU=0.50:0.95 | area=medium | maxDets=1000 ] = 0.393
 Average Recall     (AR) @[ IoU=0.50:0.95 | area= large | maxDets=1000 ] = 0.520

2026-05-07 16:27:14,796 - mmdet - INFO - Exp name: fold_1_swin_t_3x_hbb.py
2026-05-07 16:27:14,796 - mmdet - INFO - Epoch(val) [80][371]	bbox_mAP: 0.2830, bbox_mAP_50: 0.6780, bbox_mAP_75: 0.1840, bbox_mAP_s: 0.0130, bbox_mAP_m: 0.2300, bbox_mAP_l: 0.3530, bbox_mAP_copypaste: 0.283 0.678 0.184 0.013 0.230 0.353
2026-05-07 16:27:48,440 - mmdet - INFO - Epoch [81][50/101]	lr: 1.000e-04, eta: 3:56:35, time: 0.673, data_time: 0.066, memory: 7264, loss_rpn_cls: 0.0051, loss_rpn_bbox: 0.0024, loss_cls: 0.0860, acc: 96.3519, loss_bbox: 0.0573, loss: 0.1508
2026-05-07 16:28:19,342 - mmdet - INFO - Epoch [81][100/101]	lr: 1.000e-04, eta: 3:55:51, time: 0.618, data_time: 0.013, memory: 7264, loss_rpn_cls: 0.0050, loss_rpn_bbox: 0.0023, loss_cls: 0.0876, acc: 96.2507, loss_bbox: 0.0629, loss: 0.1578
2026-05-07 16:28:53,734 - mmdet - INFO - Epoch [82][50/101]	lr: 1.000e-04, eta: 3:55:28, time: 0.672, data_time: 0.066, memory: 7264, loss_rpn_cls: 0.0054, loss_rpn_bbox: 0.0025, loss_cls: 0.0778, acc: 96.7117, loss_bbox: 0.0563, loss: 0.1420
2026-05-07 16:29:24,750 - mmdet - INFO - Epoch [82][100/101]	lr: 1.000e-04, eta: 3:54:46, time: 0.620, data_time: 0.013, memory: 7264, loss_rpn_cls: 0.0043, loss_rpn_bbox: 0.0026, loss_cls: 0.0821, acc: 96.4859, loss_bbox: 0.0572, loss: 0.1462
2026-05-07 16:29:59,310 - mmdet - INFO - Epoch [83][50/101]	lr: 1.000e-04, eta: 3:54:25, time: 0.675, data_time: 0.066, memory: 7264, loss_rpn_cls: 0.0046, loss_rpn_bbox: 0.0022, loss_cls: 0.0840, acc: 96.3804, loss_bbox: 0.0583, loss: 0.1492
2026-05-07 16:30:30,362 - mmdet - INFO - Epoch [83][100/101]	lr: 1.000e-04, eta: 3:53:44, time: 0.621, data_time: 0.013, memory: 7264, loss_rpn_cls: 0.0055, loss_rpn_bbox: 0.0025, loss_cls: 0.0895, acc: 96.1627, loss_bbox: 0.0579, loss: 0.1555
2026-05-07 16:31:04,833 - mmdet - INFO - Epoch [84][50/101]	lr: 1.000e-04, eta: 3:53:21, time: 0.674, data_time: 0.066, memory: 7264, loss_rpn_cls: 0.0049, loss_rpn_bbox: 0.0021, loss_cls: 0.0828, acc: 96.4395, loss_bbox: 0.0549, loss: 0.1446
2026-05-07 16:31:35,875 - mmdet - INFO - Epoch [84][100/101]	lr: 1.000e-04, eta: 3:52:40, time: 0.621, data_time: 0.013, memory: 7264, loss_rpn_cls: 0.0050, loss_rpn_bbox: 0.0022, loss_cls: 0.0811, acc: 96.5289, loss_bbox: 0.0544, loss: 0.1428
2026-05-07 16:32:10,459 - mmdet - INFO - Epoch [85][50/101]	lr: 1.000e-04, eta: 3:52:18, time: 0.676, data_time: 0.066, memory: 7264, loss_rpn_cls: 0.0044, loss_rpn_bbox: 0.0019, loss_cls: 0.0729, acc: 96.8556, loss_bbox: 0.0468, loss: 0.1260
2026-05-07 16:32:41,530 - mmdet - INFO - Epoch [85][100/101]	lr: 1.000e-04, eta: 3:51:37, time: 0.621, data_time: 0.013, memory: 7264, loss_rpn_cls: 0.0061, loss_rpn_bbox: 0.0026, loss_cls: 0.0824, acc: 96.5263, loss_bbox: 0.0554, loss: 0.1465
2026-05-07 16:33:15,946 - mmdet - INFO - Epoch [86][50/101]	lr: 1.000e-04, eta: 3:51:13, time: 0.673, data_time: 0.066, memory: 7264, loss_rpn_cls: 0.0040, loss_rpn_bbox: 0.0019, loss_cls: 0.0717, acc: 96.9047, loss_bbox: 0.0481, loss: 0.1256
2026-05-07 16:33:46,969 - mmdet - INFO - Epoch [86][100/101]	lr: 1.000e-04, eta: 3:50:33, time: 0.620, data_time: 0.013, memory: 7264, loss_rpn_cls: 0.0042, loss_rpn_bbox: 0.0025, loss_cls: 0.0832, acc: 96.4433, loss_bbox: 0.0553, loss: 0.1452
2026-05-07 16:34:21,435 - mmdet - INFO - Epoch [87][50/101]	lr: 1.000e-04, eta: 3:50:08, time: 0.673, data_time: 0.066, memory: 7264, loss_rpn_cls: 0.0035, loss_rpn_bbox: 0.0022, loss_cls: 0.0785, acc: 96.6218, loss_bbox: 0.0520, loss: 0.1362
2026-05-07 16:34:52,355 - mmdet - INFO - Epoch [87][100/101]	lr: 1.000e-04, eta: 3:49:28, time: 0.618, data_time: 0.013, memory: 7264, loss_rpn_cls: 0.0040, loss_rpn_bbox: 0.0019, loss_cls: 0.0691, acc: 97.0742, loss_bbox: 0.0457, loss: 0.1207
2026-05-07 16:35:26,767 - mmdet - INFO - Epoch [88][50/101]	lr: 1.000e-04, eta: 3:49:03, time: 0.673, data_time: 0.066, memory: 7264, loss_rpn_cls: 0.0036, loss_rpn_bbox: 0.0020, loss_cls: 0.0704, acc: 97.0543, loss_bbox: 0.0453, loss: 0.1213
2026-05-07 16:35:57,746 - mmdet - INFO - Epoch [88][100/101]	lr: 1.000e-04, eta: 3:48:23, time: 0.620, data_time: 0.013, memory: 7264, loss_rpn_cls: 0.0043, loss_rpn_bbox: 0.0020, loss_cls: 0.0779, acc: 96.7781, loss_bbox: 0.0515, loss: 0.1357
2026-05-07 16:36:32,146 - mmdet - INFO - Epoch [89][50/101]	lr: 1.000e-04, eta: 3:47:58, time: 0.672, data_time: 0.066, memory: 7264, loss_rpn_cls: 0.0031, loss_rpn_bbox: 0.0019, loss_cls: 0.0712, acc: 96.9603, loss_bbox: 0.0488, loss: 0.1250
2026-05-07 16:37:03,126 - mmdet - INFO - Epoch [89][100/101]	lr: 1.000e-04, eta: 3:47:18, time: 0.620, data_time: 0.013, memory: 7264, loss_rpn_cls: 0.0037, loss_rpn_bbox: 0.0023, loss_cls: 0.0799, acc: 96.5856, loss_bbox: 0.0520, loss: 0.1379
2026-05-07 16:37:37,457 - mmdet - INFO - Epoch [90][50/101]	lr: 1.000e-04, eta: 3:46:52, time: 0.671, data_time: 0.066, memory: 7264, loss_rpn_cls: 0.0039, loss_rpn_bbox: 0.0021, loss_cls: 0.0692, acc: 97.0488, loss_bbox: 0.0470, loss: 0.1222
2026-05-07 16:38:08,536 - mmdet - INFO - Epoch [90][100/101]	lr: 1.000e-04, eta: 3:46:13, time: 0.622, data_time: 0.013, memory: 7264, loss_rpn_cls: 0.0031, loss_rpn_bbox: 0.0020, loss_cls: 0.0758, acc: 96.7541, loss_bbox: 0.0498, loss: 0.1308
2026-05-07 16:38:09,305 - mmdet - INFO - Saving checkpoint at 90 epochs
2026-05-07 16:38:49,407 - mmdet - INFO - Evaluating bbox...
2026-05-07 16:38:53,259 - mmdet - INFO - 
 Average Precision  (AP) @[ IoU=0.50:0.95 | area=   all | maxDets=100 ] = 0.298
 Average Precision  (AP) @[ IoU=0.50      | area=   all | maxDets=1000 ] = 0.699
 Average Precision  (AP) @[ IoU=0.75      | area=   all | maxDets=1000 ] = 0.199
 Average Precision  (AP) @[ IoU=0.50:0.95 | area= small | maxDets=1000 ] = 0.018
 Average Precision  (AP) @[ IoU=0.50:0.95 | area=medium | maxDets=1000 ] = 0.241
 Average Precision  (AP) @[ IoU=0.50:0.95 | area= large | maxDets=1000 ] = 0.368
 Average Recall     (AR) @[ IoU=0.50:0.95 | area=   all | maxDets=100 ] = 0.447
 Average Recall     (AR) @[ IoU=0.50:0.95 | area=   all | maxDets=300 ] = 0.447
 Average Recall     (AR) @[ IoU=0.50:0.95 | area=   all | maxDets=1000 ] = 0.447
 Average Recall     (AR) @[ IoU=0.50:0.95 | area= small | maxDets=1000 ] = 0.038
 Average Recall     (AR) @[ IoU=0.50:0.95 | area=medium | maxDets=1000 ] = 0.399
 Average Recall     (AR) @[ IoU=0.50:0.95 | area= large | maxDets=1000 ] = 0.519

2026-05-07 16:38:53,267 - mmdet - INFO - Exp name: fold_1_swin_t_3x_hbb.py
2026-05-07 16:38:53,267 - mmdet - INFO - Epoch(val) [90][371]	bbox_mAP: 0.2980, bbox_mAP_50: 0.6990, bbox_mAP_75: 0.1990, bbox_mAP_s: 0.0180, bbox_mAP_m: 0.2410, bbox_mAP_l: 0.3680, bbox_mAP_copypaste: 0.298 0.699 0.199 0.018 0.241 0.368
2026-05-07 16:39:26,922 - mmdet - INFO - Epoch [91][50/101]	lr: 1.000e-04, eta: 3:45:48, time: 0.673, data_time: 0.066, memory: 7264, loss_rpn_cls: 0.0029, loss_rpn_bbox: 0.0019, loss_cls: 0.0679, acc: 97.1405, loss_bbox: 0.0451, loss: 0.1178
2026-05-07 16:39:58,083 - mmdet - INFO - Epoch [91][100/101]	lr: 1.000e-04, eta: 3:45:10, time: 0.623, data_time: 0.013, memory: 7264, loss_rpn_cls: 0.0043, loss_rpn_bbox: 0.0021, loss_cls: 0.0736, acc: 96.8648, loss_bbox: 0.0474, loss: 0.1275
2026-05-07 16:40:32,474 - mmdet - INFO - Epoch [92][50/101]	lr: 1.000e-04, eta: 3:44:44, time: 0.672, data_time: 0.065, memory: 7264, loss_rpn_cls: 0.0029, loss_rpn_bbox: 0.0020, loss_cls: 0.0688, acc: 97.0818, loss_bbox: 0.0456, loss: 0.1193
2026-05-07 16:41:03,394 - mmdet - INFO - Epoch [92][100/101]	lr: 1.000e-04, eta: 3:44:04, time: 0.618, data_time: 0.013, memory: 7264, loss_rpn_cls: 0.0028, loss_rpn_bbox: 0.0018, loss_cls: 0.0663, acc: 97.1906, loss_bbox: 0.0398, loss: 0.1108
2026-05-07 16:41:37,832 - mmdet - INFO - Epoch [93][50/101]	lr: 1.000e-04, eta: 3:43:38, time: 0.673, data_time: 0.066, memory: 7264, loss_rpn_cls: 0.0027, loss_rpn_bbox: 0.0018, loss_cls: 0.0689, acc: 97.0705, loss_bbox: 0.0441, loss: 0.1174
2026-05-07 16:42:08,776 - mmdet - INFO - Epoch [93][100/101]	lr: 1.000e-04, eta: 3:43:00, time: 0.619, data_time: 0.013, memory: 7264, loss_rpn_cls: 0.0028, loss_rpn_bbox: 0.0019, loss_cls: 0.0664, acc: 97.1807, loss_bbox: 0.0412, loss: 0.1123
2026-05-07 16:42:43,141 - mmdet - INFO - Epoch [94][50/101]	lr: 1.000e-04, eta: 3:42:33, time: 0.672, data_time: 0.066, memory: 7264, loss_rpn_cls: 0.0030, loss_rpn_bbox: 0.0017, loss_cls: 0.0625, acc: 97.2936, loss_bbox: 0.0401, loss: 0.1073
2026-05-07 16:43:14,121 - mmdet - INFO - Epoch [94][100/101]	lr: 1.000e-04, eta: 3:41:55, time: 0.620, data_time: 0.013, memory: 7264, loss_rpn_cls: 0.0034, loss_rpn_bbox: 0.0019, loss_cls: 0.0672, acc: 97.1122, loss_bbox: 0.0441, loss: 0.1167
2026-05-07 16:43:48,762 - mmdet - INFO - Epoch [95][50/101]	lr: 1.000e-04, eta: 3:41:29, time: 0.677, data_time: 0.066, memory: 7264, loss_rpn_cls: 0.0034, loss_rpn_bbox: 0.0020, loss_cls: 0.0715, acc: 96.9353, loss_bbox: 0.0458, loss: 0.1227
2026-05-07 16:44:19,729 - mmdet - INFO - Epoch [95][100/101]	lr: 1.000e-04, eta: 3:40:51, time: 0.619, data_time: 0.013, memory: 7264, loss_rpn_cls: 0.0030, loss_rpn_bbox: 0.0021, loss_cls: 0.0677, acc: 97.1647, loss_bbox: 0.0420, loss: 0.1147
2026-05-07 16:44:54,220 - mmdet - INFO - Epoch [96][50/101]	lr: 1.000e-04, eta: 3:40:24, time: 0.674, data_time: 0.066, memory: 7264, loss_rpn_cls: 0.0031, loss_rpn_bbox: 0.0021, loss_cls: 0.0679, acc: 97.0967, loss_bbox: 0.0422, loss: 0.1152
2026-05-07 16:45:25,216 - mmdet - INFO - Epoch [96][100/101]	lr: 1.000e-04, eta: 3:39:47, time: 0.620, data_time: 0.013, memory: 7264, loss_rpn_cls: 0.0028, loss_rpn_bbox: 0.0018, loss_cls: 0.0632, acc: 97.2793, loss_bbox: 0.0390, loss: 0.1068
2026-05-07 16:45:59,671 - mmdet - INFO - Epoch [97][50/101]	lr: 1.000e-04, eta: 3:39:20, time: 0.673, data_time: 0.066, memory: 7264, loss_rpn_cls: 0.0032, loss_rpn_bbox: 0.0019, loss_cls: 0.0640, acc: 97.2244, loss_bbox: 0.0399, loss: 0.1089
2026-05-07 16:46:30,732 - mmdet - INFO - Epoch [97][100/101]	lr: 1.000e-04, eta: 3:38:42, time: 0.621, data_time: 0.013, memory: 7264, loss_rpn_cls: 0.0021, loss_rpn_bbox: 0.0018, loss_cls: 0.0636, acc: 97.2217, loss_bbox: 0.0401, loss: 0.1076
2026-05-07 16:47:05,263 - mmdet - INFO - Epoch [98][50/101]	lr: 1.000e-04, eta: 3:38:16, time: 0.675, data_time: 0.065, memory: 7264, loss_rpn_cls: 0.0040, loss_rpn_bbox: 0.0023, loss_cls: 0.0665, acc: 97.1289, loss_bbox: 0.0419, loss: 0.1147
2026-05-07 16:47:36,203 - mmdet - INFO - Epoch [98][100/101]	lr: 1.000e-04, eta: 3:37:38, time: 0.619, data_time: 0.013, memory: 7264, loss_rpn_cls: 0.0037, loss_rpn_bbox: 0.0018, loss_cls: 0.0629, acc: 97.3133, loss_bbox: 0.0370, loss: 0.1053
2026-05-07 16:48:10,690 - mmdet - INFO - Epoch [99][50/101]	lr: 1.000e-04, eta: 3:37:11, time: 0.674, data_time: 0.066, memory: 7264, loss_rpn_cls: 0.0030, loss_rpn_bbox: 0.0020, loss_cls: 0.0680, acc: 97.1041, loss_bbox: 0.0406, loss: 0.1136
2026-05-07 16:48:41,589 - mmdet - INFO - Epoch [99][100/101]	lr: 1.000e-04, eta: 3:36:33, time: 0.618, data_time: 0.013, memory: 7264, loss_rpn_cls: 0.0026, loss_rpn_bbox: 0.0016, loss_cls: 0.0575, acc: 97.5410, loss_bbox: 0.0354, loss: 0.0971
2026-05-07 16:49:15,981 - mmdet - INFO - Epoch [100][50/101]	lr: 1.000e-04, eta: 3:36:05, time: 0.672, data_time: 0.066, memory: 7264, loss_rpn_cls: 0.0027, loss_rpn_bbox: 0.0015, loss_cls: 0.0634, acc: 97.2363, loss_bbox: 0.0393, loss: 0.1069
2026-05-07 16:49:47,110 - mmdet - INFO - Epoch [100][100/101]	lr: 1.000e-04, eta: 3:35:29, time: 0.623, data_time: 0.013, memory: 7264, loss_rpn_cls: 0.0034, loss_rpn_bbox: 0.0019, loss_cls: 0.0631, acc: 97.3352, loss_bbox: 0.0401, loss: 0.1085
2026-05-07 16:49:47,894 - mmdet - INFO - Saving checkpoint at 100 epochs
2026-05-07 16:50:27,775 - mmdet - INFO - Evaluating bbox...
2026-05-07 16:50:31,144 - mmdet - INFO - 
 Average Precision  (AP) @[ IoU=0.50:0.95 | area=   all | maxDets=100 ] = 0.294
 Average Precision  (AP) @[ IoU=0.50      | area=   all | maxDets=1000 ] = 0.685
 Average Precision  (AP) @[ IoU=0.75      | area=   all | maxDets=1000 ] = 0.201
 Average Precision  (AP) @[ IoU=0.50:0.95 | area= small | maxDets=1000 ] = 0.007
 Average Precision  (AP) @[ IoU=0.50:0.95 | area=medium | maxDets=1000 ] = 0.240
 Average Precision  (AP) @[ IoU=0.50:0.95 | area= large | maxDets=1000 ] = 0.369
 Average Recall     (AR) @[ IoU=0.50:0.95 | area=   all | maxDets=100 ] = 0.444
 Average Recall     (AR) @[ IoU=0.50:0.95 | area=   all | maxDets=300 ] = 0.444
 Average Recall     (AR) @[ IoU=0.50:0.95 | area=   all | maxDets=1000 ] = 0.444
 Average Recall     (AR) @[ IoU=0.50:0.95 | area= small | maxDets=1000 ] = 0.028
 Average Recall     (AR) @[ IoU=0.50:0.95 | area=medium | maxDets=1000 ] = 0.386
 Average Recall     (AR) @[ IoU=0.50:0.95 | area= large | maxDets=1000 ] = 0.529

2026-05-07 16:50:31,150 - mmdet - INFO - Exp name: fold_1_swin_t_3x_hbb.py
2026-05-07 16:50:31,150 - mmdet - INFO - Epoch(val) [100][371]	bbox_mAP: 0.2940, bbox_mAP_50: 0.6850, bbox_mAP_75: 0.2010, bbox_mAP_s: 0.0070, bbox_mAP_m: 0.2400, bbox_mAP_l: 0.3690, bbox_mAP_copypaste: 0.294 0.685 0.201 0.007 0.240 0.369
2026-05-07 16:51:04,788 - mmdet - INFO - Epoch [101][50/101]	lr: 1.000e-04, eta: 3:35:01, time: 0.672, data_time: 0.065, memory: 7264, loss_rpn_cls: 0.0041, loss_rpn_bbox: 0.0020, loss_cls: 0.0646, acc: 97.1713, loss_bbox: 0.0400, loss: 0.1107
2026-05-07 16:51:35,683 - mmdet - INFO - Epoch [101][100/101]	lr: 1.000e-04, eta: 3:34:24, time: 0.618, data_time: 0.013, memory: 7264, loss_rpn_cls: 0.0039, loss_rpn_bbox: 0.0017, loss_cls: 0.0622, acc: 97.3794, loss_bbox: 0.0376, loss: 0.1054
2026-05-07 16:52:10,090 - mmdet - INFO - Epoch [102][50/101]	lr: 1.000e-04, eta: 3:33:56, time: 0.673, data_time: 0.066, memory: 7264, loss_rpn_cls: 0.0035, loss_rpn_bbox: 0.0021, loss_cls: 0.0635, acc: 97.2627, loss_bbox: 0.0396, loss: 0.1087
2026-05-07 16:52:40,983 - mmdet - INFO - Epoch [102][100/101]	lr: 1.000e-04, eta: 3:33:18, time: 0.618, data_time: 0.013, memory: 7264, loss_rpn_cls: 0.0029, loss_rpn_bbox: 0.0017, loss_cls: 0.0618, acc: 97.4012, loss_bbox: 0.0373, loss: 0.1037
2026-05-07 16:53:15,389 - mmdet - INFO - Epoch [103][50/101]	lr: 1.000e-04, eta: 3:32:50, time: 0.672, data_time: 0.066, memory: 7264, loss_rpn_cls: 0.0032, loss_rpn_bbox: 0.0016, loss_cls: 0.0542, acc: 97.7344, loss_bbox: 0.0337, loss: 0.0928
2026-05-07 16:53:46,247 - mmdet - INFO - Epoch [103][100/101]	lr: 1.000e-04, eta: 3:32:13, time: 0.617, data_time: 0.013, memory: 7264, loss_rpn_cls: 0.0033, loss_rpn_bbox: 0.0018, loss_cls: 0.0601, acc: 97.4072, loss_bbox: 0.0346, loss: 0.0997
2026-05-07 16:54:20,588 - mmdet - INFO - Epoch [104][50/101]	lr: 1.000e-04, eta: 3:31:45, time: 0.671, data_time: 0.066, memory: 7264, loss_rpn_cls: 0.0039, loss_rpn_bbox: 0.0017, loss_cls: 0.0598, acc: 97.5107, loss_bbox: 0.0367, loss: 0.1020
2026-05-07 16:54:51,567 - mmdet - INFO - Epoch [104][100/101]	lr: 1.000e-04, eta: 3:31:08, time: 0.620, data_time: 0.013, memory: 7264, loss_rpn_cls: 0.0026, loss_rpn_bbox: 0.0017, loss_cls: 0.0630, acc: 97.3465, loss_bbox: 0.0368, loss: 0.1041
2026-05-07 16:55:26,021 - mmdet - INFO - Epoch [105][50/101]	lr: 1.000e-04, eta: 3:30:40, time: 0.673, data_time: 0.065, memory: 7264, loss_rpn_cls: 0.0028, loss_rpn_bbox: 0.0017, loss_cls: 0.0582, acc: 97.5337, loss_bbox: 0.0345, loss: 0.0973
2026-05-07 16:55:56,971 - mmdet - INFO - Epoch [105][100/101]	lr: 1.000e-04, eta: 3:30:03, time: 0.619, data_time: 0.013, memory: 7264, loss_rpn_cls: 0.0019, loss_rpn_bbox: 0.0017, loss_cls: 0.0565, acc: 97.6162, loss_bbox: 0.0332, loss: 0.0934
2026-05-07 16:56:31,413 - mmdet - INFO - Epoch [106][50/101]	lr: 1.000e-04, eta: 3:29:35, time: 0.673, data_time: 0.066, memory: 7264, loss_rpn_cls: 0.0031, loss_rpn_bbox: 0.0019, loss_cls: 0.0612, acc: 97.3861, loss_bbox: 0.0378, loss: 0.1039
2026-05-07 16:57:02,363 - mmdet - INFO - Epoch [106][100/101]	lr: 1.000e-04, eta: 3:28:58, time: 0.619, data_time: 0.013, memory: 7264, loss_rpn_cls: 0.0019, loss_rpn_bbox: 0.0014, loss_cls: 0.0566, acc: 97.6003, loss_bbox: 0.0323, loss: 0.0921
2026-05-07 16:57:36,727 - mmdet - INFO - Epoch [107][50/101]	lr: 1.000e-04, eta: 3:28:30, time: 0.671, data_time: 0.066, memory: 7264, loss_rpn_cls: 0.0024, loss_rpn_bbox: 0.0016, loss_cls: 0.0608, acc: 97.4569, loss_bbox: 0.0359, loss: 0.1007
2026-05-07 16:58:07,694 - mmdet - INFO - Epoch [107][100/101]	lr: 1.000e-04, eta: 3:27:53, time: 0.619, data_time: 0.013, memory: 7264, loss_rpn_cls: 0.0082, loss_rpn_bbox: 0.0020, loss_cls: 0.0666, acc: 97.2506, loss_bbox: 0.0388, loss: 0.1156
2026-05-07 16:58:41,947 - mmdet - INFO - Epoch [108][50/101]	lr: 1.000e-04, eta: 3:27:24, time: 0.669, data_time: 0.066, memory: 7264, loss_rpn_cls: 0.0048, loss_rpn_bbox: 0.0020, loss_cls: 0.0609, acc: 97.3782, loss_bbox: 0.0383, loss: 0.1060
2026-05-07 16:59:12,957 - mmdet - INFO - Epoch [108][100/101]	lr: 1.000e-04, eta: 3:26:48, time: 0.620, data_time: 0.013, memory: 7264, loss_rpn_cls: 0.0044, loss_rpn_bbox: 0.0020, loss_cls: 0.0606, acc: 97.3790, loss_bbox: 0.0391, loss: 0.1061
2026-05-07 16:59:47,411 - mmdet - INFO - Epoch [109][50/101]	lr: 1.000e-04, eta: 3:26:20, time: 0.673, data_time: 0.065, memory: 7264, loss_rpn_cls: 0.0027, loss_rpn_bbox: 0.0019, loss_cls: 0.0633, acc: 97.3297, loss_bbox: 0.0377, loss: 0.1057
2026-05-07 17:00:18,338 - mmdet - INFO - Epoch [109][100/101]	lr: 1.000e-04, eta: 3:25:43, time: 0.619, data_time: 0.013, memory: 7264, loss_rpn_cls: 0.0054, loss_rpn_bbox: 0.0015, loss_cls: 0.0608, acc: 97.4503, loss_bbox: 0.0358, loss: 0.1034
2026-05-07 17:00:52,795 - mmdet - INFO - Epoch [110][50/101]	lr: 1.000e-04, eta: 3:25:15, time: 0.673, data_time: 0.066, memory: 7264, loss_rpn_cls: 0.0026, loss_rpn_bbox: 0.0018, loss_cls: 0.0596, acc: 97.4824, loss_bbox: 0.0370, loss: 0.1011
2026-05-07 17:01:23,758 - mmdet - INFO - Epoch [110][100/101]	lr: 1.000e-04, eta: 3:24:39, time: 0.619, data_time: 0.013, memory: 7264, loss_rpn_cls: 0.0044, loss_rpn_bbox: 0.0017, loss_cls: 0.0585, acc: 97.5143, loss_bbox: 0.0340, loss: 0.0986
2026-05-07 17:01:24,521 - mmdet - INFO - Saving checkpoint at 110 epochs
2026-05-07 17:02:04,391 - mmdet - INFO - Evaluating bbox...
2026-05-07 17:02:08,093 - mmdet - INFO - 
 Average Precision  (AP) @[ IoU=0.50:0.95 | area=   all | maxDets=100 ] = 0.283
 Average Precision  (AP) @[ IoU=0.50      | area=   all | maxDets=1000 ] = 0.677
 Average Precision  (AP) @[ IoU=0.75      | area=   all | maxDets=1000 ] = 0.183
 Average Precision  (AP) @[ IoU=0.50:0.95 | area= small | maxDets=1000 ] = 0.011
 Average Precision  (AP) @[ IoU=0.50:0.95 | area=medium | maxDets=1000 ] = 0.226
 Average Precision  (AP) @[ IoU=0.50:0.95 | area= large | maxDets=1000 ] = 0.359
 Average Recall     (AR) @[ IoU=0.50:0.95 | area=   all | maxDets=100 ] = 0.434
 Average Recall     (AR) @[ IoU=0.50:0.95 | area=   all | maxDets=300 ] = 0.434
 Average Recall     (AR) @[ IoU=0.50:0.95 | area=   all | maxDets=1000 ] = 0.434
 Average Recall     (AR) @[ IoU=0.50:0.95 | area= small | maxDets=1000 ] = 0.034
 Average Recall     (AR) @[ IoU=0.50:0.95 | area=medium | maxDets=1000 ] = 0.376
 Average Recall     (AR) @[ IoU=0.50:0.95 | area= large | maxDets=1000 ] = 0.519

2026-05-07 17:02:08,099 - mmdet - INFO - Exp name: fold_1_swin_t_3x_hbb.py
2026-05-07 17:02:08,099 - mmdet - INFO - Epoch(val) [110][371]	bbox_mAP: 0.2830, bbox_mAP_50: 0.6770, bbox_mAP_75: 0.1830, bbox_mAP_s: 0.0110, bbox_mAP_m: 0.2260, bbox_mAP_l: 0.3590, bbox_mAP_copypaste: 0.283 0.677 0.183 0.011 0.226 0.359
2026-05-07 17:02:41,684 - mmdet - INFO - Epoch [111][50/101]	lr: 1.000e-04, eta: 3:24:10, time: 0.671, data_time: 0.066, memory: 7264, loss_rpn_cls: 0.0031, loss_rpn_bbox: 0.0016, loss_cls: 0.0538, acc: 97.6849, loss_bbox: 0.0311, loss: 0.0896
2026-05-07 17:03:12,658 - mmdet - INFO - Epoch [111][100/101]	lr: 1.000e-04, eta: 3:23:34, time: 0.619, data_time: 0.013, memory: 7264, loss_rpn_cls: 0.0027, loss_rpn_bbox: 0.0018, loss_cls: 0.0604, acc: 97.4208, loss_bbox: 0.0363, loss: 0.1011
2026-05-07 17:03:47,006 - mmdet - INFO - Epoch [112][50/101]	lr: 1.000e-04, eta: 3:23:05, time: 0.671, data_time: 0.066, memory: 7264, loss_rpn_cls: 0.0025, loss_rpn_bbox: 0.0015, loss_cls: 0.0531, acc: 97.7477, loss_bbox: 0.0300, loss: 0.0871
2026-05-07 17:04:17,986 - mmdet - INFO - Epoch [112][100/101]	lr: 1.000e-04, eta: 3:22:29, time: 0.620, data_time: 0.013, memory: 7264, loss_rpn_cls: 0.0024, loss_rpn_bbox: 0.0016, loss_cls: 0.0556, acc: 97.6433, loss_bbox: 0.0308, loss: 0.0904
2026-05-07 17:04:52,433 - mmdet - INFO - Epoch [113][50/101]	lr: 1.000e-04, eta: 3:22:00, time: 0.674, data_time: 0.066, memory: 7264, loss_rpn_cls: 0.0022, loss_rpn_bbox: 0.0018, loss_cls: 0.0580, acc: 97.4800, loss_bbox: 0.0339, loss: 0.0959
2026-05-07 17:05:23,331 - mmdet - INFO - Epoch [113][100/101]	lr: 1.000e-04, eta: 3:21:24, time: 0.618, data_time: 0.013, memory: 7264, loss_rpn_cls: 0.0025, loss_rpn_bbox: 0.0014, loss_cls: 0.0536, acc: 97.7204, loss_bbox: 0.0300, loss: 0.0874
2026-05-07 17:05:57,784 - mmdet - INFO - Epoch [114][50/101]	lr: 1.000e-04, eta: 3:20:55, time: 0.673, data_time: 0.065, memory: 7264, loss_rpn_cls: 0.0019, loss_rpn_bbox: 0.0014, loss_cls: 0.0512, acc: 97.7830, loss_bbox: 0.0299, loss: 0.0844
2026-05-07 17:06:28,766 - mmdet - INFO - Epoch [114][100/101]	lr: 1.000e-04, eta: 3:20:20, time: 0.620, data_time: 0.013, memory: 7264, loss_rpn_cls: 0.0028, loss_rpn_bbox: 0.0017, loss_cls: 0.0568, acc: 97.5433, loss_bbox: 0.0315, loss: 0.0929
2026-05-07 17:07:03,251 - mmdet - INFO - Epoch [115][50/101]	lr: 1.000e-04, eta: 3:19:51, time: 0.674, data_time: 0.066, memory: 7264, loss_rpn_cls: 0.0024, loss_rpn_bbox: 0.0016, loss_cls: 0.0559, acc: 97.6296, loss_bbox: 0.0320, loss: 0.0919
2026-05-07 17:07:34,250 - mmdet - INFO - Epoch [115][100/101]	lr: 1.000e-04, eta: 3:19:15, time: 0.620, data_time: 0.013, memory: 7264, loss_rpn_cls: 0.0038, loss_rpn_bbox: 0.0016, loss_cls: 0.0542, acc: 97.6719, loss_bbox: 0.0321, loss: 0.0916
2026-05-07 17:08:08,658 - mmdet - INFO - Epoch [116][50/101]	lr: 1.000e-04, eta: 3:18:46, time: 0.673, data_time: 0.066, memory: 7264, loss_rpn_cls: 0.0019, loss_rpn_bbox: 0.0014, loss_cls: 0.0517, acc: 97.7914, loss_bbox: 0.0272, loss: 0.0821
2026-05-07 17:08:39,612 - mmdet - INFO - Epoch [116][100/101]	lr: 1.000e-04, eta: 3:18:11, time: 0.619, data_time: 0.013, memory: 7264, loss_rpn_cls: 0.0021, loss_rpn_bbox: 0.0015, loss_cls: 0.0572, acc: 97.5650, loss_bbox: 0.0350, loss: 0.0958
2026-05-07 17:09:14,108 - mmdet - INFO - Epoch [117][50/101]	lr: 1.000e-04, eta: 3:17:42, time: 0.674, data_time: 0.066, memory: 7264, loss_rpn_cls: 0.0022, loss_rpn_bbox: 0.0015, loss_cls: 0.0550, acc: 97.6571, loss_bbox: 0.0299, loss: 0.0886
2026-05-07 17:09:45,075 - mmdet - INFO - Epoch [117][100/101]	lr: 1.000e-04, eta: 3:17:06, time: 0.619, data_time: 0.013, memory: 7264, loss_rpn_cls: 0.0025, loss_rpn_bbox: 0.0014, loss_cls: 0.0492, acc: 97.8919, loss_bbox: 0.0280, loss: 0.0810
2026-05-07 17:10:19,574 - mmdet - INFO - Epoch [118][50/101]	lr: 1.000e-04, eta: 3:16:37, time: 0.674, data_time: 0.066, memory: 7264, loss_rpn_cls: 0.0020, loss_rpn_bbox: 0.0013, loss_cls: 0.0513, acc: 97.8007, loss_bbox: 0.0284, loss: 0.0831
2026-05-07 17:10:50,451 - mmdet - INFO - Epoch [118][100/101]	lr: 1.000e-04, eta: 3:16:01, time: 0.618, data_time: 0.013, memory: 7264, loss_rpn_cls: 0.0017, loss_rpn_bbox: 0.0014, loss_cls: 0.0494, acc: 97.9167, loss_bbox: 0.0285, loss: 0.0811
2026-05-07 17:11:24,869 - mmdet - INFO - Epoch [119][50/101]	lr: 1.000e-04, eta: 3:15:32, time: 0.673, data_time: 0.066, memory: 7264, loss_rpn_cls: 0.0018, loss_rpn_bbox: 0.0017, loss_cls: 0.0546, acc: 97.6338, loss_bbox: 0.0313, loss: 0.0894
2026-05-07 17:11:55,846 - mmdet - INFO - Epoch [119][100/101]	lr: 1.000e-04, eta: 3:14:57, time: 0.620, data_time: 0.013, memory: 7264, loss_rpn_cls: 0.0042, loss_rpn_bbox: 0.0016, loss_cls: 0.0522, acc: 97.8440, loss_bbox: 0.0297, loss: 0.0877
2026-05-07 17:12:30,292 - mmdet - INFO - Epoch [120][50/101]	lr: 1.000e-04, eta: 3:14:27, time: 0.673, data_time: 0.065, memory: 7264, loss_rpn_cls: 0.0025, loss_rpn_bbox: 0.0015, loss_cls: 0.0532, acc: 97.7050, loss_bbox: 0.0293, loss: 0.0865
2026-05-07 17:13:01,229 - mmdet - INFO - Epoch [120][100/101]	lr: 1.000e-04, eta: 3:13:52, time: 0.619, data_time: 0.013, memory: 7264, loss_rpn_cls: 0.0022, loss_rpn_bbox: 0.0014, loss_cls: 0.0509, acc: 97.8623, loss_bbox: 0.0278, loss: 0.0823
2026-05-07 17:13:02,010 - mmdet - INFO - Saving checkpoint at 120 epochs
2026-05-07 17:13:42,132 - mmdet - INFO - Evaluating bbox...
2026-05-07 17:13:45,384 - mmdet - INFO - 
 Average Precision  (AP) @[ IoU=0.50:0.95 | area=   all | maxDets=100 ] = 0.290
 Average Precision  (AP) @[ IoU=0.50      | area=   all | maxDets=1000 ] = 0.679
 Average Precision  (AP) @[ IoU=0.75      | area=   all | maxDets=1000 ] = 0.194
 Average Precision  (AP) @[ IoU=0.50:0.95 | area= small | maxDets=1000 ] = 0.018
 Average Precision  (AP) @[ IoU=0.50:0.95 | area=medium | maxDets=1000 ] = 0.236
 Average Precision  (AP) @[ IoU=0.50:0.95 | area= large | maxDets=1000 ] = 0.362
 Average Recall     (AR) @[ IoU=0.50:0.95 | area=   all | maxDets=100 ] = 0.436
 Average Recall     (AR) @[ IoU=0.50:0.95 | area=   all | maxDets=300 ] = 0.436
 Average Recall     (AR) @[ IoU=0.50:0.95 | area=   all | maxDets=1000 ] = 0.436
 Average Recall     (AR) @[ IoU=0.50:0.95 | area= small | maxDets=1000 ] = 0.059
 Average Recall     (AR) @[ IoU=0.50:0.95 | area=medium | maxDets=1000 ] = 0.378
 Average Recall     (AR) @[ IoU=0.50:0.95 | area= large | maxDets=1000 ] = 0.520

2026-05-07 17:13:45,390 - mmdet - INFO - Exp name: fold_1_swin_t_3x_hbb.py
2026-05-07 17:13:45,390 - mmdet - INFO - Epoch(val) [120][371]	bbox_mAP: 0.2900, bbox_mAP_50: 0.6790, bbox_mAP_75: 0.1940, bbox_mAP_s: 0.0180, bbox_mAP_m: 0.2360, bbox_mAP_l: 0.3620, bbox_mAP_copypaste: 0.290 0.679 0.194 0.018 0.236 0.362
2026-05-07 17:14:18,963 - mmdet - INFO - Epoch [121][50/101]	lr: 1.000e-04, eta: 3:13:22, time: 0.671, data_time: 0.066, memory: 7264, loss_rpn_cls: 0.0017, loss_rpn_bbox: 0.0016, loss_cls: 0.0515, acc: 97.7951, loss_bbox: 0.0298, loss: 0.0846
2026-05-07 17:14:49,908 - mmdet - INFO - Epoch [121][100/101]	lr: 1.000e-04, eta: 3:12:47, time: 0.619, data_time: 0.013, memory: 7264, loss_rpn_cls: 0.0024, loss_rpn_bbox: 0.0014, loss_cls: 0.0494, acc: 97.8951, loss_bbox: 0.0287, loss: 0.0819
2026-05-07 17:15:24,305 - mmdet - INFO - Epoch [122][50/101]	lr: 1.000e-04, eta: 3:12:17, time: 0.672, data_time: 0.065, memory: 7264, loss_rpn_cls: 0.0018, loss_rpn_bbox: 0.0015, loss_cls: 0.0538, acc: 97.7598, loss_bbox: 0.0288, loss: 0.0859
2026-05-07 17:15:55,232 - mmdet - INFO - Epoch [122][100/101]	lr: 1.000e-04, eta: 3:11:42, time: 0.619, data_time: 0.013, memory: 7264, loss_rpn_cls: 0.0021, loss_rpn_bbox: 0.0013, loss_cls: 0.0477, acc: 97.9491, loss_bbox: 0.0276, loss: 0.0787
2026-05-07 17:16:29,610 - mmdet - INFO - Epoch [123][50/101]	lr: 1.000e-04, eta: 3:11:12, time: 0.672, data_time: 0.066, memory: 7264, loss_rpn_cls: 0.0027, loss_rpn_bbox: 0.0014, loss_cls: 0.0527, acc: 97.7878, loss_bbox: 0.0277, loss: 0.0844
2026-05-07 17:17:00,513 - mmdet - INFO - Epoch [123][100/101]	lr: 1.000e-04, eta: 3:10:37, time: 0.618, data_time: 0.013, memory: 7264, loss_rpn_cls: 0.0015, loss_rpn_bbox: 0.0013, loss_cls: 0.0481, acc: 97.9690, loss_bbox: 0.0256, loss: 0.0765
2026-05-07 17:17:34,914 - mmdet - INFO - Epoch [124][50/101]	lr: 1.000e-04, eta: 3:10:07, time: 0.672, data_time: 0.066, memory: 7264, loss_rpn_cls: 0.0013, loss_rpn_bbox: 0.0015, loss_cls: 0.0506, acc: 97.8438, loss_bbox: 0.0283, loss: 0.0817
2026-05-07 17:18:05,879 - mmdet - INFO - Epoch [124][100/101]	lr: 1.000e-04, eta: 3:09:33, time: 0.619, data_time: 0.013, memory: 7264, loss_rpn_cls: 0.0020, loss_rpn_bbox: 0.0014, loss_cls: 0.0471, acc: 97.9052, loss_bbox: 0.0262, loss: 0.0767
2026-05-07 17:18:40,315 - mmdet - INFO - Epoch [125][50/101]	lr: 1.000e-04, eta: 3:09:03, time: 0.673, data_time: 0.066, memory: 7264, loss_rpn_cls: 0.0018, loss_rpn_bbox: 0.0012, loss_cls: 0.0470, acc: 97.9938, loss_bbox: 0.0254, loss: 0.0753
2026-05-07 17:19:11,269 - mmdet - INFO - Epoch [125][100/101]	lr: 1.000e-04, eta: 3:08:28, time: 0.619, data_time: 0.013, memory: 7264, loss_rpn_cls: 0.0019, loss_rpn_bbox: 0.0014, loss_cls: 0.0514, acc: 97.7989, loss_bbox: 0.0283, loss: 0.0830
2026-05-07 17:19:45,716 - mmdet - INFO - Epoch [126][50/101]	lr: 1.000e-04, eta: 3:07:58, time: 0.673, data_time: 0.066, memory: 7264, loss_rpn_cls: 0.0017, loss_rpn_bbox: 0.0014, loss_cls: 0.0492, acc: 97.8906, loss_bbox: 0.0258, loss: 0.0781
2026-05-07 17:20:16,638 - mmdet - INFO - Epoch [126][100/101]	lr: 1.000e-04, eta: 3:07:23, time: 0.618, data_time: 0.013, memory: 7264, loss_rpn_cls: 0.0026, loss_rpn_bbox: 0.0013, loss_cls: 0.0488, acc: 97.9279, loss_bbox: 0.0243, loss: 0.0770
2026-05-07 17:20:51,047 - mmdet - INFO - Epoch [127][50/101]	lr: 1.000e-04, eta: 3:06:53, time: 0.672, data_time: 0.066, memory: 7264, loss_rpn_cls: 0.0024, loss_rpn_bbox: 0.0013, loss_cls: 0.0532, acc: 97.7230, loss_bbox: 0.0294, loss: 0.0863
2026-05-07 17:21:22,083 - mmdet - INFO - Epoch [127][100/101]	lr: 1.000e-04, eta: 3:06:19, time: 0.621, data_time: 0.013, memory: 7264, loss_rpn_cls: 0.0022, loss_rpn_bbox: 0.0015, loss_cls: 0.0483, acc: 97.9569, loss_bbox: 0.0270, loss: 0.0790
2026-05-07 17:21:56,513 - mmdet - INFO - Epoch [128][50/101]	lr: 1.000e-04, eta: 3:05:49, time: 0.673, data_time: 0.066, memory: 7264, loss_rpn_cls: 0.0012, loss_rpn_bbox: 0.0011, loss_cls: 0.0455, acc: 98.1317, loss_bbox: 0.0224, loss: 0.0702
2026-05-07 17:22:27,571 - mmdet - INFO - Epoch [128][100/101]	lr: 1.000e-04, eta: 3:05:14, time: 0.621, data_time: 0.013, memory: 7264, loss_rpn_cls: 0.0020, loss_rpn_bbox: 0.0016, loss_cls: 0.0522, acc: 97.7984, loss_bbox: 0.0296, loss: 0.0853
2026-05-07 17:23:02,021 - mmdet - INFO - Epoch [129][50/101]	lr: 1.000e-04, eta: 3:04:44, time: 0.673, data_time: 0.065, memory: 7264, loss_rpn_cls: 0.0031, loss_rpn_bbox: 0.0016, loss_cls: 0.0459, acc: 98.0440, loss_bbox: 0.0233, loss: 0.0739
2026-05-07 17:23:32,905 - mmdet - INFO - Epoch [129][100/101]	lr: 1.000e-04, eta: 3:04:10, time: 0.618, data_time: 0.013, memory: 7264, loss_rpn_cls: 0.0022, loss_rpn_bbox: 0.0014, loss_cls: 0.0510, acc: 97.8613, loss_bbox: 0.0262, loss: 0.0808
2026-05-07 17:24:07,385 - mmdet - INFO - Epoch [130][50/101]	lr: 1.000e-04, eta: 3:03:40, time: 0.674, data_time: 0.066, memory: 7264, loss_rpn_cls: 0.0020, loss_rpn_bbox: 0.0014, loss_cls: 0.0493, acc: 97.9143, loss_bbox: 0.0282, loss: 0.0809
2026-05-07 17:24:38,265 - mmdet - INFO - Epoch [130][100/101]	lr: 1.000e-04, eta: 3:03:05, time: 0.618, data_time: 0.013, memory: 7264, loss_rpn_cls: 0.0018, loss_rpn_bbox: 0.0012, loss_cls: 0.0472, acc: 97.9844, loss_bbox: 0.0239, loss: 0.0742
2026-05-07 17:24:39,054 - mmdet - INFO - Saving checkpoint at 130 epochs
2026-05-07 17:25:19,097 - mmdet - INFO - Evaluating bbox...
2026-05-07 17:25:22,118 - mmdet - INFO - 
 Average Precision  (AP) @[ IoU=0.50:0.95 | area=   all | maxDets=100 ] = 0.298
 Average Precision  (AP) @[ IoU=0.50      | area=   all | maxDets=1000 ] = 0.678
 Average Precision  (AP) @[ IoU=0.75      | area=   all | maxDets=1000 ] = 0.214
 Average Precision  (AP) @[ IoU=0.50:0.95 | area= small | maxDets=1000 ] = 0.010
 Average Precision  (AP) @[ IoU=0.50:0.95 | area=medium | maxDets=1000 ] = 0.240
 Average Precision  (AP) @[ IoU=0.50:0.95 | area= large | maxDets=1000 ] = 0.376
 Average Recall     (AR) @[ IoU=0.50:0.95 | area=   all | maxDets=100 ] = 0.431
 Average Recall     (AR) @[ IoU=0.50:0.95 | area=   all | maxDets=300 ] = 0.431
 Average Recall     (AR) @[ IoU=0.50:0.95 | area=   all | maxDets=1000 ] = 0.431
 Average Recall     (AR) @[ IoU=0.50:0.95 | area= small | maxDets=1000 ] = 0.034
 Average Recall     (AR) @[ IoU=0.50:0.95 | area=medium | maxDets=1000 ] = 0.370
 Average Recall     (AR) @[ IoU=0.50:0.95 | area= large | maxDets=1000 ] = 0.518

2026-05-07 17:25:22,123 - mmdet - INFO - Exp name: fold_1_swin_t_3x_hbb.py
2026-05-07 17:25:22,123 - mmdet - INFO - Epoch(val) [130][371]	bbox_mAP: 0.2980, bbox_mAP_50: 0.6780, bbox_mAP_75: 0.2140, bbox_mAP_s: 0.0100, bbox_mAP_m: 0.2400, bbox_mAP_l: 0.3760, bbox_mAP_copypaste: 0.298 0.678 0.214 0.010 0.240 0.376
2026-05-07 17:25:55,827 - mmdet - INFO - Epoch [131][50/101]	lr: 1.000e-04, eta: 3:02:35, time: 0.674, data_time: 0.066, memory: 7264, loss_rpn_cls: 0.0024, loss_rpn_bbox: 0.0013, loss_cls: 0.0499, acc: 97.8823, loss_bbox: 0.0255, loss: 0.0791
2026-05-07 17:26:26,836 - mmdet - INFO - Epoch [131][100/101]	lr: 1.000e-04, eta: 3:02:00, time: 0.620, data_time: 0.013, memory: 7264, loss_rpn_cls: 0.0016, loss_rpn_bbox: 0.0014, loss_cls: 0.0514, acc: 97.8090, loss_bbox: 0.0281, loss: 0.0825
2026-05-07 17:27:01,259 - mmdet - INFO - Epoch [132][50/101]	lr: 1.000e-04, eta: 3:01:30, time: 0.673, data_time: 0.066, memory: 7264, loss_rpn_cls: 0.0013, loss_rpn_bbox: 0.0015, loss_cls: 0.0498, acc: 97.8158, loss_bbox: 0.0264, loss: 0.0789
2026-05-07 17:27:32,191 - mmdet - INFO - Epoch [132][100/101]	lr: 1.000e-04, eta: 3:00:56, time: 0.619, data_time: 0.013, memory: 7264, loss_rpn_cls: 0.0014, loss_rpn_bbox: 0.0013, loss_cls: 0.0463, acc: 98.0055, loss_bbox: 0.0235, loss: 0.0725
2026-05-07 17:28:06,629 - mmdet - INFO - Epoch [133][50/101]	lr: 1.000e-04, eta: 3:00:25, time: 0.673, data_time: 0.066, memory: 7264, loss_rpn_cls: 0.0013, loss_rpn_bbox: 0.0014, loss_cls: 0.0475, acc: 97.9542, loss_bbox: 0.0257, loss: 0.0759
2026-05-07 17:28:37,590 - mmdet - INFO - Epoch [133][100/101]	lr: 1.000e-04, eta: 2:59:51, time: 0.619, data_time: 0.013, memory: 7264, loss_rpn_cls: 0.0012, loss_rpn_bbox: 0.0014, loss_cls: 0.0458, acc: 98.0248, loss_bbox: 0.0225, loss: 0.0709
2026-05-07 17:29:12,092 - mmdet - INFO - Epoch [134][50/101]	lr: 1.000e-04, eta: 2:59:21, time: 0.674, data_time: 0.066, memory: 7264, loss_rpn_cls: 0.0020, loss_rpn_bbox: 0.0015, loss_cls: 0.0501, acc: 97.8581, loss_bbox: 0.0253, loss: 0.0789
2026-05-07 17:29:42,980 - mmdet - INFO - Epoch [134][100/101]	lr: 1.000e-04, eta: 2:58:46, time: 0.618, data_time: 0.013, memory: 7264, loss_rpn_cls: 0.0018, loss_rpn_bbox: 0.0011, loss_cls: 0.0398, acc: 98.2959, loss_bbox: 0.0208, loss: 0.0636
2026-05-07 17:30:17,406 - mmdet - INFO - Epoch [135][50/101]	lr: 1.000e-04, eta: 2:58:16, time: 0.673, data_time: 0.066, memory: 7264, loss_rpn_cls: 0.0013, loss_rpn_bbox: 0.0011, loss_cls: 0.0418, acc: 98.2215, loss_bbox: 0.0232, loss: 0.0675
2026-05-07 17:30:48,360 - mmdet - INFO - Epoch [135][100/101]	lr: 1.000e-04, eta: 2:57:42, time: 0.619, data_time: 0.013, memory: 7264, loss_rpn_cls: 0.0025, loss_rpn_bbox: 0.0014, loss_cls: 0.0471, acc: 97.9606, loss_bbox: 0.0258, loss: 0.0768
2026-05-07 17:31:22,876 - mmdet - INFO - Epoch [136][50/101]	lr: 1.000e-04, eta: 2:57:11, time: 0.674, data_time: 0.066, memory: 7264, loss_rpn_cls: 0.0029, loss_rpn_bbox: 0.0016, loss_cls: 0.0473, acc: 97.9946, loss_bbox: 0.0264, loss: 0.0782
2026-05-07 17:31:53,795 - mmdet - INFO - Epoch [136][100/101]	lr: 1.000e-04, eta: 2:56:37, time: 0.618, data_time: 0.013, memory: 7264, loss_rpn_cls: 0.0013, loss_rpn_bbox: 0.0013, loss_cls: 0.0463, acc: 98.0156, loss_bbox: 0.0244, loss: 0.0732
2026-05-07 17:32:28,250 - mmdet - INFO - Epoch [137][50/101]	lr: 1.000e-04, eta: 2:56:07, time: 0.674, data_time: 0.066, memory: 7264, loss_rpn_cls: 0.0017, loss_rpn_bbox: 0.0013, loss_cls: 0.0471, acc: 97.9354, loss_bbox: 0.0242, loss: 0.0743
2026-05-07 17:32:59,280 - mmdet - INFO - Epoch [137][100/101]	lr: 1.000e-04, eta: 2:55:33, time: 0.621, data_time: 0.013, memory: 7264, loss_rpn_cls: 0.0021, loss_rpn_bbox: 0.0015, loss_cls: 0.0479, acc: 97.9753, loss_bbox: 0.0265, loss: 0.0779
2026-05-07 17:33:33,791 - mmdet - INFO - Epoch [138][50/101]	lr: 1.000e-04, eta: 2:55:02, time: 0.674, data_time: 0.066, memory: 7264, loss_rpn_cls: 0.0014, loss_rpn_bbox: 0.0011, loss_cls: 0.0455, acc: 98.0374, loss_bbox: 0.0230, loss: 0.0711
2026-05-07 17:34:04,788 - mmdet - INFO - Epoch [138][100/101]	lr: 1.000e-04, eta: 2:54:28, time: 0.620, data_time: 0.013, memory: 7264, loss_rpn_cls: 0.0018, loss_rpn_bbox: 0.0013, loss_cls: 0.0448, acc: 98.0698, loss_bbox: 0.0238, loss: 0.0717
2026-05-07 17:34:39,236 - mmdet - INFO - Epoch [139][50/101]	lr: 1.000e-04, eta: 2:53:58, time: 0.673, data_time: 0.066, memory: 7264, loss_rpn_cls: 0.0016, loss_rpn_bbox: 0.0012, loss_cls: 0.0448, acc: 98.0878, loss_bbox: 0.0231, loss: 0.0707
2026-05-07 17:35:10,231 - mmdet - INFO - Epoch [139][100/101]	lr: 1.000e-04, eta: 2:53:24, time: 0.620, data_time: 0.013, memory: 7264, loss_rpn_cls: 0.0022, loss_rpn_bbox: 0.0015, loss_cls: 0.0458, acc: 98.0552, loss_bbox: 0.0255, loss: 0.0750
2026-05-07 17:35:44,737 - mmdet - INFO - Epoch [140][50/101]	lr: 1.000e-04, eta: 2:52:53, time: 0.673, data_time: 0.066, memory: 7264, loss_rpn_cls: 0.0013, loss_rpn_bbox: 0.0013, loss_cls: 0.0504, acc: 97.8545, loss_bbox: 0.0259, loss: 0.0790
2026-05-07 17:36:15,734 - mmdet - INFO - Epoch [140][100/101]	lr: 1.000e-04, eta: 2:52:19, time: 0.620, data_time: 0.013, memory: 7264, loss_rpn_cls: 0.0021, loss_rpn_bbox: 0.0013, loss_cls: 0.0455, acc: 98.0702, loss_bbox: 0.0248, loss: 0.0737
2026-05-07 17:36:16,498 - mmdet - INFO - Saving checkpoint at 140 epochs
2026-05-07 17:36:56,591 - mmdet - INFO - Evaluating bbox...
2026-05-07 17:36:59,806 - mmdet - INFO - 
 Average Precision  (AP) @[ IoU=0.50:0.95 | area=   all | maxDets=100 ] = 0.295
 Average Precision  (AP) @[ IoU=0.50      | area=   all | maxDets=1000 ] = 0.671
 Average Precision  (AP) @[ IoU=0.75      | area=   all | maxDets=1000 ] = 0.222
 Average Precision  (AP) @[ IoU=0.50:0.95 | area= small | maxDets=1000 ] = 0.010
 Average Precision  (AP) @[ IoU=0.50:0.95 | area=medium | maxDets=1000 ] = 0.239
 Average Precision  (AP) @[ IoU=0.50:0.95 | area= large | maxDets=1000 ] = 0.373
 Average Recall     (AR) @[ IoU=0.50:0.95 | area=   all | maxDets=100 ] = 0.439
 Average Recall     (AR) @[ IoU=0.50:0.95 | area=   all | maxDets=300 ] = 0.439
 Average Recall     (AR) @[ IoU=0.50:0.95 | area=   all | maxDets=1000 ] = 0.439
 Average Recall     (AR) @[ IoU=0.50:0.95 | area= small | maxDets=1000 ] = 0.028
 Average Recall     (AR) @[ IoU=0.50:0.95 | area=medium | maxDets=1000 ] = 0.379
 Average Recall     (AR) @[ IoU=0.50:0.95 | area= large | maxDets=1000 ] = 0.527

2026-05-07 17:36:59,811 - mmdet - INFO - Exp name: fold_1_swin_t_3x_hbb.py
2026-05-07 17:36:59,811 - mmdet - INFO - Epoch(val) [140][371]	bbox_mAP: 0.2950, bbox_mAP_50: 0.6710, bbox_mAP_75: 0.2220, bbox_mAP_s: 0.0100, bbox_mAP_m: 0.2390, bbox_mAP_l: 0.3730, bbox_mAP_copypaste: 0.295 0.671 0.222 0.010 0.239 0.373
2026-05-07 17:37:33,423 - mmdet - INFO - Epoch [141][50/101]	lr: 1.000e-04, eta: 2:51:48, time: 0.672, data_time: 0.066, memory: 7264, loss_rpn_cls: 0.0015, loss_rpn_bbox: 0.0012, loss_cls: 0.0422, acc: 98.2032, loss_bbox: 0.0232, loss: 0.0682
2026-05-07 17:38:04,377 - mmdet - INFO - Epoch [141][100/101]	lr: 1.000e-04, eta: 2:51:14, time: 0.619, data_time: 0.013, memory: 7264, loss_rpn_cls: 0.0021, loss_rpn_bbox: 0.0012, loss_cls: 0.0462, acc: 98.0352, loss_bbox: 0.0236, loss: 0.0732
2026-05-07 17:38:38,630 - mmdet - INFO - Epoch [142][50/101]	lr: 1.000e-04, eta: 2:50:43, time: 0.670, data_time: 0.066, memory: 7264, loss_rpn_cls: 0.0014, loss_rpn_bbox: 0.0011, loss_cls: 0.0395, acc: 98.2851, loss_bbox: 0.0204, loss: 0.0624
2026-05-07 17:39:09,591 - mmdet - INFO - Epoch [142][100/101]	lr: 1.000e-04, eta: 2:50:09, time: 0.619, data_time: 0.013, memory: 7264, loss_rpn_cls: 0.0025, loss_rpn_bbox: 0.0013, loss_cls: 0.0457, acc: 98.0189, loss_bbox: 0.0232, loss: 0.0727
2026-05-07 17:39:44,044 - mmdet - INFO - Epoch [143][50/101]	lr: 1.000e-04, eta: 2:49:39, time: 0.673, data_time: 0.066, memory: 7264, loss_rpn_cls: 0.0024, loss_rpn_bbox: 0.0012, loss_cls: 0.0471, acc: 97.9611, loss_bbox: 0.0229, loss: 0.0735
2026-05-07 17:40:15,021 - mmdet - INFO - Epoch [143][100/101]	lr: 1.000e-04, eta: 2:49:05, time: 0.620, data_time: 0.013, memory: 7264, loss_rpn_cls: 0.0019, loss_rpn_bbox: 0.0012, loss_cls: 0.0436, acc: 98.1240, loss_bbox: 0.0219, loss: 0.0686
2026-05-07 17:40:49,423 - mmdet - INFO - Epoch [144][50/101]	lr: 1.000e-04, eta: 2:48:34, time: 0.672, data_time: 0.065, memory: 7264, loss_rpn_cls: 0.0020, loss_rpn_bbox: 0.0014, loss_cls: 0.0423, acc: 98.1783, loss_bbox: 0.0216, loss: 0.0673
2026-05-07 17:41:20,360 - mmdet - INFO - Epoch [144][100/101]	lr: 1.000e-04, eta: 2:48:00, time: 0.619, data_time: 0.013, memory: 7264, loss_rpn_cls: 0.0012, loss_rpn_bbox: 0.0011, loss_cls: 0.0426, acc: 98.1769, loss_bbox: 0.0211, loss: 0.0660
2026-05-07 17:41:54,619 - mmdet - INFO - Epoch [145][50/101]	lr: 1.000e-04, eta: 2:47:29, time: 0.669, data_time: 0.065, memory: 7264, loss_rpn_cls: 0.0015, loss_rpn_bbox: 0.0009, loss_cls: 0.0398, acc: 98.3203, loss_bbox: 0.0196, loss: 0.0619
2026-05-07 17:42:25,694 - mmdet - INFO - Epoch [145][100/101]	lr: 1.000e-04, eta: 2:46:55, time: 0.621, data_time: 0.013, memory: 7264, loss_rpn_cls: 0.0013, loss_rpn_bbox: 0.0015, loss_cls: 0.0499, acc: 97.7962, loss_bbox: 0.0275, loss: 0.0803
2026-05-07 17:43:00,095 - mmdet - INFO - Epoch [146][50/101]	lr: 1.000e-04, eta: 2:46:24, time: 0.672, data_time: 0.065, memory: 7264, loss_rpn_cls: 0.0013, loss_rpn_bbox: 0.0013, loss_cls: 0.0424, acc: 98.1860, loss_bbox: 0.0238, loss: 0.0688
2026-05-07 17:43:31,027 - mmdet - INFO - Epoch [146][100/101]	lr: 1.000e-04, eta: 2:45:51, time: 0.619, data_time: 0.013, memory: 7264, loss_rpn_cls: 0.0015, loss_rpn_bbox: 0.0012, loss_cls: 0.0423, acc: 98.1666, loss_bbox: 0.0210, loss: 0.0659
2026-05-07 17:44:05,533 - mmdet - INFO - Epoch [147][50/101]	lr: 1.000e-04, eta: 2:45:20, time: 0.674, data_time: 0.066, memory: 7264, loss_rpn_cls: 0.0014, loss_rpn_bbox: 0.0011, loss_cls: 0.0424, acc: 98.2102, loss_bbox: 0.0215, loss: 0.0664
2026-05-07 17:44:36,551 - mmdet - INFO - Epoch [147][100/101]	lr: 1.000e-04, eta: 2:44:46, time: 0.620, data_time: 0.013, memory: 7264, loss_rpn_cls: 0.0013, loss_rpn_bbox: 0.0011, loss_cls: 0.0442, acc: 98.1323, loss_bbox: 0.0227, loss: 0.0695
2026-05-07 17:45:10,927 - mmdet - INFO - Epoch [148][50/101]	lr: 1.000e-04, eta: 2:44:15, time: 0.672, data_time: 0.066, memory: 7264, loss_rpn_cls: 0.0014, loss_rpn_bbox: 0.0010, loss_cls: 0.0397, acc: 98.2751, loss_bbox: 0.0207, loss: 0.0629
2026-05-07 17:45:41,877 - mmdet - INFO - Epoch [148][100/101]	lr: 1.000e-04, eta: 2:43:41, time: 0.619, data_time: 0.013, memory: 7264, loss_rpn_cls: 0.0019, loss_rpn_bbox: 0.0013, loss_cls: 0.0420, acc: 98.2243, loss_bbox: 0.0206, loss: 0.0658
2026-05-07 17:46:16,249 - mmdet - INFO - Epoch [149][50/101]	lr: 1.000e-04, eta: 2:43:10, time: 0.672, data_time: 0.066, memory: 7264, loss_rpn_cls: 0.0010, loss_rpn_bbox: 0.0011, loss_cls: 0.0423, acc: 98.1808, loss_bbox: 0.0222, loss: 0.0666
2026-05-07 17:46:47,155 - mmdet - INFO - Epoch [149][100/101]	lr: 1.000e-04, eta: 2:42:37, time: 0.618, data_time: 0.013, memory: 7264, loss_rpn_cls: 0.0020, loss_rpn_bbox: 0.0014, loss_cls: 0.0463, acc: 98.0479, loss_bbox: 0.0247, loss: 0.0744
2026-05-07 17:47:21,565 - mmdet - INFO - Epoch [150][50/101]	lr: 1.000e-04, eta: 2:42:06, time: 0.672, data_time: 0.065, memory: 7264, loss_rpn_cls: 0.0024, loss_rpn_bbox: 0.0015, loss_cls: 0.0487, acc: 97.8837, loss_bbox: 0.0256, loss: 0.0782
2026-05-07 17:47:52,431 - mmdet - INFO - Epoch [150][100/101]	lr: 1.000e-04, eta: 2:41:32, time: 0.617, data_time: 0.013, memory: 7264, loss_rpn_cls: 0.0014, loss_rpn_bbox: 0.0011, loss_cls: 0.0405, acc: 98.2716, loss_bbox: 0.0208, loss: 0.0638
2026-05-07 17:47:53,209 - mmdet - INFO - Saving checkpoint at 150 epochs
2026-05-07 17:48:33,276 - mmdet - INFO - Evaluating bbox...
2026-05-07 17:48:36,284 - mmdet - INFO - 
 Average Precision  (AP) @[ IoU=0.50:0.95 | area=   all | maxDets=100 ] = 0.293
 Average Precision  (AP) @[ IoU=0.50      | area=   all | maxDets=1000 ] = 0.666
 Average Precision  (AP) @[ IoU=0.75      | area=   all | maxDets=1000 ] = 0.204
 Average Precision  (AP) @[ IoU=0.50:0.95 | area= small | maxDets=1000 ] = 0.028
 Average Precision  (AP) @[ IoU=0.50:0.95 | area=medium | maxDets=1000 ] = 0.237
 Average Precision  (AP) @[ IoU=0.50:0.95 | area= large | maxDets=1000 ] = 0.369
 Average Recall     (AR) @[ IoU=0.50:0.95 | area=   all | maxDets=100 ] = 0.426
 Average Recall     (AR) @[ IoU=0.50:0.95 | area=   all | maxDets=300 ] = 0.426
 Average Recall     (AR) @[ IoU=0.50:0.95 | area=   all | maxDets=1000 ] = 0.426
 Average Recall     (AR) @[ IoU=0.50:0.95 | area= small | maxDets=1000 ] = 0.038
 Average Recall     (AR) @[ IoU=0.50:0.95 | area=medium | maxDets=1000 ] = 0.360
 Average Recall     (AR) @[ IoU=0.50:0.95 | area= large | maxDets=1000 ] = 0.519

2026-05-07 17:48:36,289 - mmdet - INFO - Exp name: fold_1_swin_t_3x_hbb.py
2026-05-07 17:48:36,289 - mmdet - INFO - Epoch(val) [150][371]	bbox_mAP: 0.2930, bbox_mAP_50: 0.6660, bbox_mAP_75: 0.2040, bbox_mAP_s: 0.0280, bbox_mAP_m: 0.2370, bbox_mAP_l: 0.3690, bbox_mAP_copypaste: 0.293 0.666 0.204 0.028 0.237 0.369
2026-05-07 17:49:09,876 - mmdet - INFO - Epoch [151][50/101]	lr: 1.000e-04, eta: 2:41:01, time: 0.671, data_time: 0.066, memory: 7264, loss_rpn_cls: 0.0021, loss_rpn_bbox: 0.0013, loss_cls: 0.0459, acc: 98.0826, loss_bbox: 0.0238, loss: 0.0731
2026-05-07 17:49:40,780 - mmdet - INFO - Epoch [151][100/101]	lr: 1.000e-04, eta: 2:40:27, time: 0.618, data_time: 0.013, memory: 7264, loss_rpn_cls: 0.0018, loss_rpn_bbox: 0.0012, loss_cls: 0.0438, acc: 98.1519, loss_bbox: 0.0225, loss: 0.0693
2026-05-07 17:50:15,153 - mmdet - INFO - Epoch [152][50/101]	lr: 1.000e-04, eta: 2:39:56, time: 0.672, data_time: 0.066, memory: 7264, loss_rpn_cls: 0.0014, loss_rpn_bbox: 0.0013, loss_cls: 0.0436, acc: 98.1163, loss_bbox: 0.0212, loss: 0.0675
2026-05-07 17:50:46,026 - mmdet - INFO - Epoch [152][100/101]	lr: 1.000e-04, eta: 2:39:22, time: 0.617, data_time: 0.013, memory: 7264, loss_rpn_cls: 0.0015, loss_rpn_bbox: 0.0013, loss_cls: 0.0444, acc: 98.0946, loss_bbox: 0.0240, loss: 0.0712
2026-05-07 17:51:20,474 - mmdet - INFO - Epoch [153][50/101]	lr: 1.000e-04, eta: 2:38:51, time: 0.673, data_time: 0.066, memory: 7264, loss_rpn_cls: 0.0015, loss_rpn_bbox: 0.0012, loss_cls: 0.0430, acc: 98.1833, loss_bbox: 0.0199, loss: 0.0657
2026-05-07 17:51:51,324 - mmdet - INFO - Epoch [153][100/101]	lr: 1.000e-04, eta: 2:38:17, time: 0.617, data_time: 0.013, memory: 7264, loss_rpn_cls: 0.0028, loss_rpn_bbox: 0.0013, loss_cls: 0.0434, acc: 98.1504, loss_bbox: 0.0225, loss: 0.0700
2026-05-07 17:52:25,720 - mmdet - INFO - Epoch [154][50/101]	lr: 1.000e-04, eta: 2:37:46, time: 0.672, data_time: 0.066, memory: 7264, loss_rpn_cls: 0.0031, loss_rpn_bbox: 0.0012, loss_cls: 0.0464, acc: 98.0767, loss_bbox: 0.0217, loss: 0.0724
2026-05-07 17:52:56,692 - mmdet - INFO - Epoch [154][100/101]	lr: 1.000e-04, eta: 2:37:13, time: 0.619, data_time: 0.013, memory: 7264, loss_rpn_cls: 0.0060, loss_rpn_bbox: 0.0018, loss_cls: 0.0581, acc: 97.5779, loss_bbox: 0.0317, loss: 0.0976
2026-05-07 17:53:31,160 - mmdet - INFO - Epoch [155][50/101]	lr: 1.000e-04, eta: 2:36:42, time: 0.673, data_time: 0.066, memory: 7264, loss_rpn_cls: 0.0046, loss_rpn_bbox: 0.0019, loss_cls: 0.0590, acc: 97.4971, loss_bbox: 0.0326, loss: 0.0980
2026-05-07 17:54:02,130 - mmdet - INFO - Epoch [155][100/101]	lr: 1.000e-04, eta: 2:36:08, time: 0.619, data_time: 0.013, memory: 7264, loss_rpn_cls: 0.0020, loss_rpn_bbox: 0.0014, loss_cls: 0.0453, acc: 98.0509, loss_bbox: 0.0236, loss: 0.0723
2026-05-07 17:54:36,650 - mmdet - INFO - Epoch [156][50/101]	lr: 1.000e-04, eta: 2:35:37, time: 0.674, data_time: 0.066, memory: 7264, loss_rpn_cls: 0.0020, loss_rpn_bbox: 0.0013, loss_cls: 0.0452, acc: 98.0500, loss_bbox: 0.0241, loss: 0.0726
2026-05-07 17:55:07,589 - mmdet - INFO - Epoch [156][100/101]	lr: 1.000e-04, eta: 2:35:04, time: 0.619, data_time: 0.013, memory: 7264, loss_rpn_cls: 0.0013, loss_rpn_bbox: 0.0012, loss_cls: 0.0419, acc: 98.2354, loss_bbox: 0.0222, loss: 0.0665
2026-05-07 17:55:41,953 - mmdet - INFO - Epoch [157][50/101]	lr: 1.000e-04, eta: 2:34:32, time: 0.672, data_time: 0.066, memory: 7264, loss_rpn_cls: 0.0020, loss_rpn_bbox: 0.0012, loss_cls: 0.0437, acc: 98.1659, loss_bbox: 0.0222, loss: 0.0691
2026-05-07 17:56:12,996 - mmdet - INFO - Epoch [157][100/101]	lr: 1.000e-04, eta: 2:33:59, time: 0.621, data_time: 0.013, memory: 7264, loss_rpn_cls: 0.0019, loss_rpn_bbox: 0.0011, loss_cls: 0.0437, acc: 98.1128, loss_bbox: 0.0218, loss: 0.0685
2026-05-07 17:56:47,467 - mmdet - INFO - Epoch [158][50/101]	lr: 1.000e-04, eta: 2:33:28, time: 0.674, data_time: 0.066, memory: 7264, loss_rpn_cls: 0.0020, loss_rpn_bbox: 0.0013, loss_cls: 0.0434, acc: 98.2062, loss_bbox: 0.0219, loss: 0.0686
2026-05-07 17:57:18,393 - mmdet - INFO - Epoch [158][100/101]	lr: 1.000e-04, eta: 2:32:54, time: 0.619, data_time: 0.013, memory: 7264, loss_rpn_cls: 0.0013, loss_rpn_bbox: 0.0010, loss_cls: 0.0382, acc: 98.3410, loss_bbox: 0.0203, loss: 0.0607
2026-05-07 17:57:52,748 - mmdet - INFO - Epoch [159][50/101]	lr: 1.000e-04, eta: 2:32:23, time: 0.671, data_time: 0.066, memory: 7264, loss_rpn_cls: 0.0012, loss_rpn_bbox: 0.0012, loss_cls: 0.0379, acc: 98.3680, loss_bbox: 0.0193, loss: 0.0597
2026-05-07 17:58:23,664 - mmdet - INFO - Epoch [159][100/101]	lr: 1.000e-04, eta: 2:31:50, time: 0.618, data_time: 0.013, memory: 7264, loss_rpn_cls: 0.0009, loss_rpn_bbox: 0.0011, loss_cls: 0.0401, acc: 98.3099, loss_bbox: 0.0191, loss: 0.0612
2026-05-07 17:58:58,075 - mmdet - INFO - Epoch [160][50/101]	lr: 1.000e-04, eta: 2:31:18, time: 0.672, data_time: 0.066, memory: 7264, loss_rpn_cls: 0.0012, loss_rpn_bbox: 0.0012, loss_cls: 0.0397, acc: 98.3299, loss_bbox: 0.0185, loss: 0.0607
2026-05-07 17:59:29,042 - mmdet - INFO - Epoch [160][100/101]	lr: 1.000e-04, eta: 2:30:45, time: 0.619, data_time: 0.013, memory: 7264, loss_rpn_cls: 0.0017, loss_rpn_bbox: 0.0011, loss_cls: 0.0398, acc: 98.3277, loss_bbox: 0.0226, loss: 0.0653
2026-05-07 17:59:29,806 - mmdet - INFO - Saving checkpoint at 160 epochs
2026-05-07 18:00:09,985 - mmdet - INFO - Evaluating bbox...
2026-05-07 18:00:13,092 - mmdet - INFO - 
 Average Precision  (AP) @[ IoU=0.50:0.95 | area=   all | maxDets=100 ] = 0.302
 Average Precision  (AP) @[ IoU=0.50      | area=   all | maxDets=1000 ] = 0.691
 Average Precision  (AP) @[ IoU=0.75      | area=   all | maxDets=1000 ] = 0.212
 Average Precision  (AP) @[ IoU=0.50:0.95 | area= small | maxDets=1000 ] = 0.015
 Average Precision  (AP) @[ IoU=0.50:0.95 | area=medium | maxDets=1000 ] = 0.248
 Average Precision  (AP) @[ IoU=0.50:0.95 | area= large | maxDets=1000 ] = 0.377
 Average Recall     (AR) @[ IoU=0.50:0.95 | area=   all | maxDets=100 ] = 0.440
 Average Recall     (AR) @[ IoU=0.50:0.95 | area=   all | maxDets=300 ] = 0.440
 Average Recall     (AR) @[ IoU=0.50:0.95 | area=   all | maxDets=1000 ] = 0.440
 Average Recall     (AR) @[ IoU=0.50:0.95 | area= small | maxDets=1000 ] = 0.038
 Average Recall     (AR) @[ IoU=0.50:0.95 | area=medium | maxDets=1000 ] = 0.378
 Average Recall     (AR) @[ IoU=0.50:0.95 | area= large | maxDets=1000 ] = 0.529

2026-05-07 18:00:13,097 - mmdet - INFO - Exp name: fold_1_swin_t_3x_hbb.py
2026-05-07 18:00:13,097 - mmdet - INFO - Epoch(val) [160][371]	bbox_mAP: 0.3020, bbox_mAP_50: 0.6910, bbox_mAP_75: 0.2120, bbox_mAP_s: 0.0150, bbox_mAP_m: 0.2480, bbox_mAP_l: 0.3770, bbox_mAP_copypaste: 0.302 0.691 0.212 0.015 0.248 0.377
2026-05-07 18:00:46,722 - mmdet - INFO - Epoch [161][50/101]	lr: 1.000e-04, eta: 2:30:14, time: 0.672, data_time: 0.066, memory: 7264, loss_rpn_cls: 0.0012, loss_rpn_bbox: 0.0011, loss_cls: 0.0385, acc: 98.3423, loss_bbox: 0.0191, loss: 0.0599
2026-05-07 18:01:17,822 - mmdet - INFO - Epoch [161][100/101]	lr: 1.000e-04, eta: 2:29:40, time: 0.622, data_time: 0.013, memory: 7264, loss_rpn_cls: 0.0014, loss_rpn_bbox: 0.0010, loss_cls: 0.0361, acc: 98.4616, loss_bbox: 0.0192, loss: 0.0576
2026-05-07 18:01:52,206 - mmdet - INFO - Epoch [162][50/101]	lr: 1.000e-04, eta: 2:29:09, time: 0.672, data_time: 0.065, memory: 7264, loss_rpn_cls: 0.0022, loss_rpn_bbox: 0.0014, loss_cls: 0.0416, acc: 98.2292, loss_bbox: 0.0207, loss: 0.0658
2026-05-07 18:02:23,076 - mmdet - INFO - Epoch [162][100/101]	lr: 1.000e-04, eta: 2:28:36, time: 0.617, data_time: 0.013, memory: 7264, loss_rpn_cls: 0.0014, loss_rpn_bbox: 0.0010, loss_cls: 0.0345, acc: 98.5475, loss_bbox: 0.0185, loss: 0.0554
2026-05-07 18:02:57,487 - mmdet - INFO - Epoch [163][50/101]	lr: 1.000e-04, eta: 2:28:04, time: 0.672, data_time: 0.066, memory: 7264, loss_rpn_cls: 0.0015, loss_rpn_bbox: 0.0011, loss_cls: 0.0343, acc: 98.5071, loss_bbox: 0.0172, loss: 0.0540
2026-05-07 18:03:28,548 - mmdet - INFO - Epoch [163][100/101]	lr: 1.000e-04, eta: 2:27:31, time: 0.621, data_time: 0.013, memory: 7264, loss_rpn_cls: 0.0013, loss_rpn_bbox: 0.0012, loss_cls: 0.0443, acc: 98.0924, loss_bbox: 0.0240, loss: 0.0708
2026-05-07 18:04:02,994 - mmdet - INFO - Epoch [164][50/101]	lr: 1.000e-04, eta: 2:27:00, time: 0.673, data_time: 0.066, memory: 7264, loss_rpn_cls: 0.0010, loss_rpn_bbox: 0.0011, loss_cls: 0.0379, acc: 98.3411, loss_bbox: 0.0187, loss: 0.0588
2026-05-07 18:04:33,942 - mmdet - INFO - Epoch [164][100/101]	lr: 1.000e-04, eta: 2:26:27, time: 0.619, data_time: 0.013, memory: 7264, loss_rpn_cls: 0.0010, loss_rpn_bbox: 0.0011, loss_cls: 0.0381, acc: 98.3837, loss_bbox: 0.0190, loss: 0.0592
2026-05-07 18:05:08,407 - mmdet - INFO - Epoch [165][50/101]	lr: 1.000e-04, eta: 2:25:55, time: 0.674, data_time: 0.066, memory: 7264, loss_rpn_cls: 0.0011, loss_rpn_bbox: 0.0011, loss_cls: 0.0399, acc: 98.3097, loss_bbox: 0.0216, loss: 0.0636
2026-05-07 18:05:39,274 - mmdet - INFO - Epoch [165][100/101]	lr: 1.000e-04, eta: 2:25:22, time: 0.617, data_time: 0.013, memory: 7264, loss_rpn_cls: 0.0016, loss_rpn_bbox: 0.0009, loss_cls: 0.0383, acc: 98.3645, loss_bbox: 0.0178, loss: 0.0586
2026-05-07 18:06:13,700 - mmdet - INFO - Epoch [166][50/101]	lr: 1.000e-04, eta: 2:24:51, time: 0.673, data_time: 0.066, memory: 7264, loss_rpn_cls: 0.0018, loss_rpn_bbox: 0.0012, loss_cls: 0.0409, acc: 98.2708, loss_bbox: 0.0205, loss: 0.0643
2026-05-07 18:06:44,611 - mmdet - INFO - Epoch [166][100/101]	lr: 1.000e-04, eta: 2:24:17, time: 0.618, data_time: 0.013, memory: 7264, loss_rpn_cls: 0.0009, loss_rpn_bbox: 0.0011, loss_cls: 0.0374, acc: 98.4325, loss_bbox: 0.0179, loss: 0.0573
2026-05-07 18:07:18,999 - mmdet - INFO - Epoch [167][50/101]	lr: 1.000e-04, eta: 2:23:46, time: 0.672, data_time: 0.065, memory: 7264, loss_rpn_cls: 0.0015, loss_rpn_bbox: 0.0010, loss_cls: 0.0394, acc: 98.3057, loss_bbox: 0.0186, loss: 0.0606
2026-05-07 18:07:49,990 - mmdet - INFO - Epoch [167][100/101]	lr: 1.000e-04, eta: 2:23:13, time: 0.620, data_time: 0.013, memory: 7264, loss_rpn_cls: 0.0007, loss_rpn_bbox: 0.0010, loss_cls: 0.0384, acc: 98.3741, loss_bbox: 0.0189, loss: 0.0591
2026-05-07 18:08:24,470 - mmdet - INFO - Epoch [168][50/101]	lr: 1.000e-04, eta: 2:22:41, time: 0.674, data_time: 0.066, memory: 7264, loss_rpn_cls: 0.0023, loss_rpn_bbox: 0.0012, loss_cls: 0.0409, acc: 98.2563, loss_bbox: 0.0219, loss: 0.0663
2026-05-07 18:08:55,383 - mmdet - INFO - Epoch [168][100/101]	lr: 1.000e-04, eta: 2:22:08, time: 0.618, data_time: 0.013, memory: 7264, loss_rpn_cls: 0.0010, loss_rpn_bbox: 0.0011, loss_cls: 0.0371, acc: 98.4475, loss_bbox: 0.0175, loss: 0.0566
2026-05-07 18:09:29,763 - mmdet - INFO - Epoch [169][50/101]	lr: 1.000e-04, eta: 2:21:37, time: 0.672, data_time: 0.066, memory: 7264, loss_rpn_cls: 0.0014, loss_rpn_bbox: 0.0009, loss_cls: 0.0376, acc: 98.4052, loss_bbox: 0.0190, loss: 0.0589
2026-05-07 18:10:00,776 - mmdet - INFO - Epoch [169][100/101]	lr: 1.000e-04, eta: 2:21:03, time: 0.620, data_time: 0.013, memory: 7264, loss_rpn_cls: 0.0011, loss_rpn_bbox: 0.0013, loss_cls: 0.0382, acc: 98.3973, loss_bbox: 0.0187, loss: 0.0593
2026-05-07 18:10:35,156 - mmdet - INFO - Epoch [170][50/101]	lr: 1.000e-04, eta: 2:20:32, time: 0.672, data_time: 0.066, memory: 7264, loss_rpn_cls: 0.0011, loss_rpn_bbox: 0.0010, loss_cls: 0.0352, acc: 98.5295, loss_bbox: 0.0182, loss: 0.0554
2026-05-07 18:11:06,240 - mmdet - INFO - Epoch [170][100/101]	lr: 1.000e-04, eta: 2:19:59, time: 0.622, data_time: 0.013, memory: 7264, loss_rpn_cls: 0.0011, loss_rpn_bbox: 0.0012, loss_cls: 0.0388, acc: 98.3728, loss_bbox: 0.0178, loss: 0.0588
2026-05-07 18:11:07,015 - mmdet - INFO - Saving checkpoint at 170 epochs
2026-05-07 18:11:46,970 - mmdet - INFO - Evaluating bbox...
2026-05-07 18:11:49,873 - mmdet - INFO - 
 Average Precision  (AP) @[ IoU=0.50:0.95 | area=   all | maxDets=100 ] = 0.297
 Average Precision  (AP) @[ IoU=0.50      | area=   all | maxDets=1000 ] = 0.676
 Average Precision  (AP) @[ IoU=0.75      | area=   all | maxDets=1000 ] = 0.207
 Average Precision  (AP) @[ IoU=0.50:0.95 | area= small | maxDets=1000 ] = 0.010
 Average Precision  (AP) @[ IoU=0.50:0.95 | area=medium | maxDets=1000 ] = 0.234
 Average Precision  (AP) @[ IoU=0.50:0.95 | area= large | maxDets=1000 ] = 0.382
 Average Recall     (AR) @[ IoU=0.50:0.95 | area=   all | maxDets=100 ] = 0.433
 Average Recall     (AR) @[ IoU=0.50:0.95 | area=   all | maxDets=300 ] = 0.433
 Average Recall     (AR) @[ IoU=0.50:0.95 | area=   all | maxDets=1000 ] = 0.433
 Average Recall     (AR) @[ IoU=0.50:0.95 | area= small | maxDets=1000 ] = 0.038
 Average Recall     (AR) @[ IoU=0.50:0.95 | area=medium | maxDets=1000 ] = 0.369
 Average Recall     (AR) @[ IoU=0.50:0.95 | area= large | maxDets=1000 ] = 0.525

2026-05-07 18:11:49,878 - mmdet - INFO - Exp name: fold_1_swin_t_3x_hbb.py
2026-05-07 18:11:49,879 - mmdet - INFO - Epoch(val) [170][371]	bbox_mAP: 0.2970, bbox_mAP_50: 0.6760, bbox_mAP_75: 0.2070, bbox_mAP_s: 0.0100, bbox_mAP_m: 0.2340, bbox_mAP_l: 0.3820, bbox_mAP_copypaste: 0.297 0.676 0.207 0.010 0.234 0.382
2026-05-07 18:12:23,443 - mmdet - INFO - Epoch [171][50/101]	lr: 1.000e-04, eta: 2:19:27, time: 0.671, data_time: 0.066, memory: 7264, loss_rpn_cls: 0.0011, loss_rpn_bbox: 0.0011, loss_cls: 0.0381, acc: 98.3498, loss_bbox: 0.0175, loss: 0.0578
2026-05-07 18:12:54,403 - mmdet - INFO - Epoch [171][100/101]	lr: 1.000e-04, eta: 2:18:54, time: 0.619, data_time: 0.013, memory: 7264, loss_rpn_cls: 0.0008, loss_rpn_bbox: 0.0012, loss_cls: 0.0382, acc: 98.3884, loss_bbox: 0.0187, loss: 0.0589
2026-05-07 18:13:28,811 - mmdet - INFO - Epoch [172][50/101]	lr: 1.000e-04, eta: 2:18:23, time: 0.672, data_time: 0.066, memory: 7264, loss_rpn_cls: 0.0008, loss_rpn_bbox: 0.0011, loss_cls: 0.0367, acc: 98.4374, loss_bbox: 0.0192, loss: 0.0578
2026-05-07 18:13:59,760 - mmdet - INFO - Epoch [172][100/101]	lr: 1.000e-04, eta: 2:17:49, time: 0.619, data_time: 0.013, memory: 7264, loss_rpn_cls: 0.0011, loss_rpn_bbox: 0.0011, loss_cls: 0.0363, acc: 98.4286, loss_bbox: 0.0179, loss: 0.0564
2026-05-07 18:14:34,209 - mmdet - INFO - Epoch [173][50/101]	lr: 1.000e-04, eta: 2:17:18, time: 0.673, data_time: 0.066, memory: 7264, loss_rpn_cls: 0.0009, loss_rpn_bbox: 0.0011, loss_cls: 0.0366, acc: 98.4434, loss_bbox: 0.0187, loss: 0.0573
2026-05-07 18:15:05,274 - mmdet - INFO - Epoch [173][100/101]	lr: 1.000e-04, eta: 2:16:45, time: 0.621, data_time: 0.013, memory: 7264, loss_rpn_cls: 0.0016, loss_rpn_bbox: 0.0011, loss_cls: 0.0364, acc: 98.4469, loss_bbox: 0.0169, loss: 0.0560
2026-05-07 18:15:39,686 - mmdet - INFO - Epoch [174][50/101]	lr: 1.000e-04, eta: 2:16:14, time: 0.673, data_time: 0.066, memory: 7264, loss_rpn_cls: 0.0007, loss_rpn_bbox: 0.0010, loss_cls: 0.0395, acc: 98.3344, loss_bbox: 0.0181, loss: 0.0593
2026-05-07 18:16:10,691 - mmdet - INFO - Epoch [174][100/101]	lr: 1.000e-04, eta: 2:15:40, time: 0.620, data_time: 0.013, memory: 7264, loss_rpn_cls: 0.0009, loss_rpn_bbox: 0.0011, loss_cls: 0.0395, acc: 98.3050, loss_bbox: 0.0184, loss: 0.0598
2026-05-07 18:16:45,135 - mmdet - INFO - Epoch [175][50/101]	lr: 1.000e-04, eta: 2:15:09, time: 0.673, data_time: 0.066, memory: 7264, loss_rpn_cls: 0.0012, loss_rpn_bbox: 0.0010, loss_cls: 0.0383, acc: 98.3882, loss_bbox: 0.0181, loss: 0.0586
2026-05-07 18:17:16,043 - mmdet - INFO - Epoch [175][100/101]	lr: 1.000e-04, eta: 2:14:36, time: 0.618, data_time: 0.013, memory: 7264, loss_rpn_cls: 0.0012, loss_rpn_bbox: 0.0010, loss_cls: 0.0377, acc: 98.3643, loss_bbox: 0.0172, loss: 0.0571
2026-05-07 18:17:50,452 - mmdet - INFO - Epoch [176][50/101]	lr: 1.000e-04, eta: 2:14:04, time: 0.672, data_time: 0.066, memory: 7264, loss_rpn_cls: 0.0006, loss_rpn_bbox: 0.0009, loss_cls: 0.0340, acc: 98.5222, loss_bbox: 0.0168, loss: 0.0523
2026-05-07 18:18:21,427 - mmdet - INFO - Epoch [176][100/101]	lr: 1.000e-04, eta: 2:13:31, time: 0.620, data_time: 0.013, memory: 7264, loss_rpn_cls: 0.0016, loss_rpn_bbox: 0.0011, loss_cls: 0.0383, acc: 98.4054, loss_bbox: 0.0201, loss: 0.0611
2026-05-07 18:18:55,813 - mmdet - INFO - Epoch [177][50/101]	lr: 1.000e-04, eta: 2:13:00, time: 0.672, data_time: 0.066, memory: 7264, loss_rpn_cls: 0.0017, loss_rpn_bbox: 0.0011, loss_cls: 0.0373, acc: 98.4156, loss_bbox: 0.0195, loss: 0.0595
2026-05-07 18:19:26,783 - mmdet - INFO - Epoch [177][100/101]	lr: 1.000e-04, eta: 2:12:27, time: 0.619, data_time: 0.013, memory: 7264, loss_rpn_cls: 0.0015, loss_rpn_bbox: 0.0011, loss_cls: 0.0371, acc: 98.3784, loss_bbox: 0.0178, loss: 0.0575
2026-05-07 18:20:01,130 - mmdet - INFO - Epoch [178][50/101]	lr: 1.000e-04, eta: 2:11:55, time: 0.671, data_time: 0.066, memory: 7264, loss_rpn_cls: 0.0012, loss_rpn_bbox: 0.0008, loss_cls: 0.0302, acc: 98.7383, loss_bbox: 0.0153, loss: 0.0476
2026-05-07 18:20:32,226 - mmdet - INFO - Epoch [178][100/101]	lr: 1.000e-04, eta: 2:11:22, time: 0.622, data_time: 0.013, memory: 7264, loss_rpn_cls: 0.0009, loss_rpn_bbox: 0.0012, loss_cls: 0.0403, acc: 98.3080, loss_bbox: 0.0200, loss: 0.0624
2026-05-07 18:21:06,734 - mmdet - INFO - Epoch [179][50/101]	lr: 1.000e-04, eta: 2:10:50, time: 0.674, data_time: 0.066, memory: 7264, loss_rpn_cls: 0.0009, loss_rpn_bbox: 0.0011, loss_cls: 0.0378, acc: 98.4083, loss_bbox: 0.0185, loss: 0.0584
2026-05-07 18:21:37,617 - mmdet - INFO - Epoch [179][100/101]	lr: 1.000e-04, eta: 2:10:17, time: 0.618, data_time: 0.013, memory: 7264, loss_rpn_cls: 0.0014, loss_rpn_bbox: 0.0009, loss_cls: 0.0341, acc: 98.5547, loss_bbox: 0.0159, loss: 0.0523
2026-05-07 18:22:12,038 - mmdet - INFO - Epoch [180][50/101]	lr: 1.000e-04, eta: 2:09:46, time: 0.673, data_time: 0.066, memory: 7264, loss_rpn_cls: 0.0019, loss_rpn_bbox: 0.0011, loss_cls: 0.0380, acc: 98.3967, loss_bbox: 0.0183, loss: 0.0593
2026-05-07 18:22:42,977 - mmdet - INFO - Epoch [180][100/101]	lr: 1.000e-04, eta: 2:09:13, time: 0.619, data_time: 0.013, memory: 7264, loss_rpn_cls: 0.0009, loss_rpn_bbox: 0.0012, loss_cls: 0.0371, acc: 98.4285, loss_bbox: 0.0188, loss: 0.0579
2026-05-07 18:22:43,761 - mmdet - INFO - Saving checkpoint at 180 epochs
2026-05-07 18:23:23,992 - mmdet - INFO - Evaluating bbox...
2026-05-07 18:23:26,942 - mmdet - INFO - 
 Average Precision  (AP) @[ IoU=0.50:0.95 | area=   all | maxDets=100 ] = 0.297
 Average Precision  (AP) @[ IoU=0.50      | area=   all | maxDets=1000 ] = 0.670
 Average Precision  (AP) @[ IoU=0.75      | area=   all | maxDets=1000 ] = 0.205
 Average Precision  (AP) @[ IoU=0.50:0.95 | area= small | maxDets=1000 ] = 0.018
 Average Precision  (AP) @[ IoU=0.50:0.95 | area=medium | maxDets=1000 ] = 0.231
 Average Precision  (AP) @[ IoU=0.50:0.95 | area= large | maxDets=1000 ] = 0.386
 Average Recall     (AR) @[ IoU=0.50:0.95 | area=   all | maxDets=100 ] = 0.429
 Average Recall     (AR) @[ IoU=0.50:0.95 | area=   all | maxDets=300 ] = 0.429
 Average Recall     (AR) @[ IoU=0.50:0.95 | area=   all | maxDets=1000 ] = 0.429
 Average Recall     (AR) @[ IoU=0.50:0.95 | area= small | maxDets=1000 ] = 0.052
 Average Recall     (AR) @[ IoU=0.50:0.95 | area=medium | maxDets=1000 ] = 0.360
 Average Recall     (AR) @[ IoU=0.50:0.95 | area= large | maxDets=1000 ] = 0.525

2026-05-07 18:23:26,947 - mmdet - INFO - Exp name: fold_1_swin_t_3x_hbb.py
2026-05-07 18:23:26,947 - mmdet - INFO - Epoch(val) [180][371]	bbox_mAP: 0.2970, bbox_mAP_50: 0.6700, bbox_mAP_75: 0.2050, bbox_mAP_s: 0.0180, bbox_mAP_m: 0.2310, bbox_mAP_l: 0.3860, bbox_mAP_copypaste: 0.297 0.670 0.205 0.018 0.231 0.386
2026-05-07 18:24:00,567 - mmdet - INFO - Epoch [181][50/101]	lr: 1.000e-04, eta: 2:08:41, time: 0.672, data_time: 0.066, memory: 7264, loss_rpn_cls: 0.0016, loss_rpn_bbox: 0.0011, loss_cls: 0.0404, acc: 98.2870, loss_bbox: 0.0191, loss: 0.0622
2026-05-07 18:24:31,425 - mmdet - INFO - Epoch [181][100/101]	lr: 1.000e-04, eta: 2:08:08, time: 0.617, data_time: 0.013, memory: 7264, loss_rpn_cls: 0.0013, loss_rpn_bbox: 0.0010, loss_cls: 0.0339, acc: 98.5527, loss_bbox: 0.0155, loss: 0.0517
2026-05-07 18:25:05,817 - mmdet - INFO - Epoch [182][50/101]	lr: 1.000e-04, eta: 2:07:36, time: 0.672, data_time: 0.066, memory: 7264, loss_rpn_cls: 0.0012, loss_rpn_bbox: 0.0010, loss_cls: 0.0341, acc: 98.5872, loss_bbox: 0.0172, loss: 0.0536
2026-05-07 18:25:36,772 - mmdet - INFO - Epoch [182][100/101]	lr: 1.000e-04, eta: 2:07:03, time: 0.619, data_time: 0.013, memory: 7264, loss_rpn_cls: 0.0023, loss_rpn_bbox: 0.0011, loss_cls: 0.0365, acc: 98.4526, loss_bbox: 0.0182, loss: 0.0580
2026-05-07 18:26:11,232 - mmdet - INFO - Epoch [183][50/101]	lr: 1.000e-04, eta: 2:06:32, time: 0.673, data_time: 0.066, memory: 7264, loss_rpn_cls: 0.0011, loss_rpn_bbox: 0.0011, loss_cls: 0.0373, acc: 98.4171, loss_bbox: 0.0193, loss: 0.0589
2026-05-07 18:26:42,217 - mmdet - INFO - Epoch [183][100/101]	lr: 1.000e-04, eta: 2:05:59, time: 0.620, data_time: 0.013, memory: 7264, loss_rpn_cls: 0.0013, loss_rpn_bbox: 0.0009, loss_cls: 0.0347, acc: 98.5104, loss_bbox: 0.0175, loss: 0.0544
2026-05-07 18:27:16,690 - mmdet - INFO - Epoch [184][50/101]	lr: 1.000e-04, eta: 2:05:27, time: 0.674, data_time: 0.066, memory: 7264, loss_rpn_cls: 0.0010, loss_rpn_bbox: 0.0011, loss_cls: 0.0411, acc: 98.2508, loss_bbox: 0.0205, loss: 0.0637
2026-05-07 18:27:47,550 - mmdet - INFO - Epoch [184][100/101]	lr: 1.000e-04, eta: 2:04:54, time: 0.617, data_time: 0.013, memory: 7264, loss_rpn_cls: 0.0012, loss_rpn_bbox: 0.0010, loss_cls: 0.0350, acc: 98.5088, loss_bbox: 0.0162, loss: 0.0534
2026-05-07 18:28:21,978 - mmdet - INFO - Epoch [185][50/101]	lr: 1.000e-04, eta: 2:04:22, time: 0.673, data_time: 0.065, memory: 7264, loss_rpn_cls: 0.0011, loss_rpn_bbox: 0.0012, loss_cls: 0.0364, acc: 98.4361, loss_bbox: 0.0174, loss: 0.0560
2026-05-07 18:28:52,869 - mmdet - INFO - Epoch [185][100/101]	lr: 1.000e-04, eta: 2:03:49, time: 0.618, data_time: 0.013, memory: 7264, loss_rpn_cls: 0.0008, loss_rpn_bbox: 0.0009, loss_cls: 0.0364, acc: 98.4023, loss_bbox: 0.0173, loss: 0.0555
2026-05-07 18:29:27,294 - mmdet - INFO - Epoch [186][50/101]	lr: 1.000e-04, eta: 2:03:18, time: 0.673, data_time: 0.066, memory: 7264, loss_rpn_cls: 0.0009, loss_rpn_bbox: 0.0011, loss_cls: 0.0421, acc: 98.2021, loss_bbox: 0.0206, loss: 0.0647
2026-05-07 18:29:58,100 - mmdet - INFO - Epoch [186][100/101]	lr: 1.000e-04, eta: 2:02:45, time: 0.616, data_time: 0.013, memory: 7264, loss_rpn_cls: 0.0038, loss_rpn_bbox: 0.0011, loss_cls: 0.0358, acc: 98.4635, loss_bbox: 0.0167, loss: 0.0574
2026-05-07 18:30:32,342 - mmdet - INFO - Epoch [187][50/101]	lr: 1.000e-04, eta: 2:02:13, time: 0.669, data_time: 0.065, memory: 7264, loss_rpn_cls: 0.0022, loss_rpn_bbox: 0.0010, loss_cls: 0.0341, acc: 98.5437, loss_bbox: 0.0168, loss: 0.0542
2026-05-07 18:31:03,363 - mmdet - INFO - Epoch [187][100/101]	lr: 1.000e-04, eta: 2:01:40, time: 0.620, data_time: 0.013, memory: 7264, loss_rpn_cls: 0.0024, loss_rpn_bbox: 0.0013, loss_cls: 0.0433, acc: 98.2350, loss_bbox: 0.0187, loss: 0.0657
2026-05-07 18:31:37,818 - mmdet - INFO - Epoch [188][50/101]	lr: 1.000e-04, eta: 2:01:08, time: 0.673, data_time: 0.066, memory: 7264, loss_rpn_cls: 0.0014, loss_rpn_bbox: 0.0010, loss_cls: 0.0352, acc: 98.4623, loss_bbox: 0.0163, loss: 0.0540
2026-05-07 18:32:08,810 - mmdet - INFO - Epoch [188][100/101]	lr: 1.000e-04, eta: 2:00:35, time: 0.620, data_time: 0.013, memory: 7264, loss_rpn_cls: 0.0040, loss_rpn_bbox: 0.0014, loss_cls: 0.0392, acc: 98.3465, loss_bbox: 0.0197, loss: 0.0643
2026-05-07 18:32:43,247 - mmdet - INFO - Epoch [189][50/101]	lr: 1.000e-04, eta: 2:00:04, time: 0.673, data_time: 0.066, memory: 7264, loss_rpn_cls: 0.0018, loss_rpn_bbox: 0.0012, loss_cls: 0.0365, acc: 98.4667, loss_bbox: 0.0180, loss: 0.0574
2026-05-07 18:33:14,124 - mmdet - INFO - Epoch [189][100/101]	lr: 1.000e-04, eta: 1:59:31, time: 0.618, data_time: 0.013, memory: 7264, loss_rpn_cls: 0.0024, loss_rpn_bbox: 0.0012, loss_cls: 0.0384, acc: 98.3696, loss_bbox: 0.0183, loss: 0.0603
2026-05-07 18:33:48,522 - mmdet - INFO - Epoch [190][50/101]	lr: 1.000e-04, eta: 1:58:59, time: 0.672, data_time: 0.066, memory: 7264, loss_rpn_cls: 0.0020, loss_rpn_bbox: 0.0011, loss_cls: 0.0369, acc: 98.4548, loss_bbox: 0.0199, loss: 0.0600
2026-05-07 18:34:19,450 - mmdet - INFO - Epoch [190][100/101]	lr: 1.000e-04, eta: 1:58:26, time: 0.619, data_time: 0.013, memory: 7264, loss_rpn_cls: 0.0011, loss_rpn_bbox: 0.0010, loss_cls: 0.0356, acc: 98.4844, loss_bbox: 0.0172, loss: 0.0549
2026-05-07 18:34:20,226 - mmdet - INFO - Saving checkpoint at 190 epochs
2026-05-07 18:35:00,493 - mmdet - INFO - Evaluating bbox...
2026-05-07 18:35:03,629 - mmdet - INFO - 
 Average Precision  (AP) @[ IoU=0.50:0.95 | area=   all | maxDets=100 ] = 0.302
 Average Precision  (AP) @[ IoU=0.50      | area=   all | maxDets=1000 ] = 0.680
 Average Precision  (AP) @[ IoU=0.75      | area=   all | maxDets=1000 ] = 0.214
 Average Precision  (AP) @[ IoU=0.50:0.95 | area= small | maxDets=1000 ] = 0.034
 Average Precision  (AP) @[ IoU=0.50:0.95 | area=medium | maxDets=1000 ] = 0.244
 Average Precision  (AP) @[ IoU=0.50:0.95 | area= large | maxDets=1000 ] = 0.379
 Average Recall     (AR) @[ IoU=0.50:0.95 | area=   all | maxDets=100 ] = 0.437
 Average Recall     (AR) @[ IoU=0.50:0.95 | area=   all | maxDets=300 ] = 0.437
 Average Recall     (AR) @[ IoU=0.50:0.95 | area=   all | maxDets=1000 ] = 0.437
 Average Recall     (AR) @[ IoU=0.50:0.95 | area= small | maxDets=1000 ] = 0.052
 Average Recall     (AR) @[ IoU=0.50:0.95 | area=medium | maxDets=1000 ] = 0.376
 Average Recall     (AR) @[ IoU=0.50:0.95 | area= large | maxDets=1000 ] = 0.525

2026-05-07 18:35:03,634 - mmdet - INFO - Exp name: fold_1_swin_t_3x_hbb.py
2026-05-07 18:35:03,634 - mmdet - INFO - Epoch(val) [190][371]	bbox_mAP: 0.3020, bbox_mAP_50: 0.6800, bbox_mAP_75: 0.2140, bbox_mAP_s: 0.0340, bbox_mAP_m: 0.2440, bbox_mAP_l: 0.3790, bbox_mAP_copypaste: 0.302 0.680 0.214 0.034 0.244 0.379
2026-05-07 18:35:37,248 - mmdet - INFO - Epoch [191][50/101]	lr: 1.000e-04, eta: 1:57:54, time: 0.672, data_time: 0.066, memory: 7264, loss_rpn_cls: 0.0011, loss_rpn_bbox: 0.0010, loss_cls: 0.0361, acc: 98.4344, loss_bbox: 0.0166, loss: 0.0548
2026-05-07 18:36:08,162 - mmdet - INFO - Epoch [191][100/101]	lr: 1.000e-04, eta: 1:57:21, time: 0.618, data_time: 0.013, memory: 7264, loss_rpn_cls: 0.0015, loss_rpn_bbox: 0.0009, loss_cls: 0.0331, acc: 98.5875, loss_bbox: 0.0160, loss: 0.0515
2026-05-07 18:36:42,562 - mmdet - INFO - Epoch [192][50/101]	lr: 1.000e-04, eta: 1:56:50, time: 0.672, data_time: 0.066, memory: 7264, loss_rpn_cls: 0.0009, loss_rpn_bbox: 0.0009, loss_cls: 0.0332, acc: 98.5863, loss_bbox: 0.0156, loss: 0.0506
2026-05-07 18:37:13,520 - mmdet - INFO - Epoch [192][100/101]	lr: 1.000e-04, eta: 1:56:17, time: 0.619, data_time: 0.013, memory: 7264, loss_rpn_cls: 0.0011, loss_rpn_bbox: 0.0012, loss_cls: 0.0349, acc: 98.5233, loss_bbox: 0.0165, loss: 0.0537
2026-05-07 18:37:47,926 - mmdet - INFO - Epoch [193][50/101]	lr: 1.000e-04, eta: 1:55:45, time: 0.673, data_time: 0.066, memory: 7264, loss_rpn_cls: 0.0009, loss_rpn_bbox: 0.0010, loss_cls: 0.0341, acc: 98.5553, loss_bbox: 0.0169, loss: 0.0529
2026-05-07 18:38:18,857 - mmdet - INFO - Epoch [193][100/101]	lr: 1.000e-04, eta: 1:55:12, time: 0.619, data_time: 0.013, memory: 7264, loss_rpn_cls: 0.0010, loss_rpn_bbox: 0.0009, loss_cls: 0.0337, acc: 98.5298, loss_bbox: 0.0161, loss: 0.0518
2026-05-07 18:38:53,209 - mmdet - INFO - Epoch [194][50/101]	lr: 1.000e-04, eta: 1:54:40, time: 0.672, data_time: 0.066, memory: 7264, loss_rpn_cls: 0.0006, loss_rpn_bbox: 0.0009, loss_cls: 0.0318, acc: 98.6475, loss_bbox: 0.0152, loss: 0.0485
2026-05-07 18:39:24,162 - mmdet - INFO - Epoch [194][100/101]	lr: 1.000e-04, eta: 1:54:08, time: 0.619, data_time: 0.013, memory: 7264, loss_rpn_cls: 0.0014, loss_rpn_bbox: 0.0011, loss_cls: 0.0348, acc: 98.5132, loss_bbox: 0.0168, loss: 0.0541
2026-05-07 18:39:58,611 - mmdet - INFO - Epoch [195][50/101]	lr: 1.000e-04, eta: 1:53:36, time: 0.673, data_time: 0.066, memory: 7264, loss_rpn_cls: 0.0018, loss_rpn_bbox: 0.0011, loss_cls: 0.0379, acc: 98.4140, loss_bbox: 0.0175, loss: 0.0584
2026-05-07 18:40:29,408 - mmdet - INFO - Epoch [195][100/101]	lr: 1.000e-04, eta: 1:53:03, time: 0.616, data_time: 0.013, memory: 7264, loss_rpn_cls: 0.0007, loss_rpn_bbox: 0.0008, loss_cls: 0.0312, acc: 98.6748, loss_bbox: 0.0149, loss: 0.0476
2026-05-07 18:41:03,845 - mmdet - INFO - Epoch [196][50/101]	lr: 1.000e-04, eta: 1:52:31, time: 0.673, data_time: 0.066, memory: 7264, loss_rpn_cls: 0.0011, loss_rpn_bbox: 0.0011, loss_cls: 0.0351, acc: 98.5440, loss_bbox: 0.0176, loss: 0.0548
2026-05-07 18:41:34,709 - mmdet - INFO - Epoch [196][100/101]	lr: 1.000e-04, eta: 1:51:58, time: 0.617, data_time: 0.013, memory: 7264, loss_rpn_cls: 0.0005, loss_rpn_bbox: 0.0008, loss_cls: 0.0317, acc: 98.6644, loss_bbox: 0.0145, loss: 0.0475
2026-05-07 18:42:09,121 - mmdet - INFO - Epoch [197][50/101]	lr: 1.000e-04, eta: 1:51:26, time: 0.672, data_time: 0.066, memory: 7264, loss_rpn_cls: 0.0008, loss_rpn_bbox: 0.0008, loss_cls: 0.0364, acc: 98.4857, loss_bbox: 0.0165, loss: 0.0545
2026-05-07 18:42:40,053 - mmdet - INFO - Epoch [197][100/101]	lr: 1.000e-04, eta: 1:50:54, time: 0.619, data_time: 0.013, memory: 7264, loss_rpn_cls: 0.0011, loss_rpn_bbox: 0.0010, loss_cls: 0.0309, acc: 98.6621, loss_bbox: 0.0138, loss: 0.0468
2026-05-07 18:43:14,442 - mmdet - INFO - Epoch [198][50/101]	lr: 1.000e-04, eta: 1:50:22, time: 0.672, data_time: 0.066, memory: 7264, loss_rpn_cls: 0.0006, loss_rpn_bbox: 0.0008, loss_cls: 0.0327, acc: 98.6151, loss_bbox: 0.0150, loss: 0.0490
2026-05-07 18:43:45,367 - mmdet - INFO - Epoch [198][100/101]	lr: 1.000e-04, eta: 1:49:49, time: 0.618, data_time: 0.013, memory: 7264, loss_rpn_cls: 0.0012, loss_rpn_bbox: 0.0010, loss_cls: 0.0351, acc: 98.5207, loss_bbox: 0.0157, loss: 0.0530
2026-05-07 18:44:19,837 - mmdet - INFO - Epoch [199][50/101]	lr: 1.000e-04, eta: 1:49:17, time: 0.674, data_time: 0.066, memory: 7264, loss_rpn_cls: 0.0008, loss_rpn_bbox: 0.0010, loss_cls: 0.0366, acc: 98.4140, loss_bbox: 0.0174, loss: 0.0558
2026-05-07 18:44:50,720 - mmdet - INFO - Epoch [199][100/101]	lr: 1.000e-04, eta: 1:48:44, time: 0.618, data_time: 0.013, memory: 7264, loss_rpn_cls: 0.0010, loss_rpn_bbox: 0.0008, loss_cls: 0.0314, acc: 98.6758, loss_bbox: 0.0147, loss: 0.0479
2026-05-07 18:45:25,173 - mmdet - INFO - Epoch [200][50/101]	lr: 1.000e-04, eta: 1:48:12, time: 0.673, data_time: 0.066, memory: 7264, loss_rpn_cls: 0.0016, loss_rpn_bbox: 0.0012, loss_cls: 0.0370, acc: 98.4086, loss_bbox: 0.0170, loss: 0.0567
2026-05-07 18:45:55,978 - mmdet - INFO - Epoch [200][100/101]	lr: 1.000e-04, eta: 1:47:40, time: 0.616, data_time: 0.013, memory: 7264, loss_rpn_cls: 0.0009, loss_rpn_bbox: 0.0010, loss_cls: 0.0334, acc: 98.5625, loss_bbox: 0.0159, loss: 0.0512
2026-05-07 18:45:56,756 - mmdet - INFO - Saving checkpoint at 200 epochs
2026-05-07 18:46:37,114 - mmdet - INFO - Evaluating bbox...
2026-05-07 18:46:40,142 - mmdet - INFO - 
 Average Precision  (AP) @[ IoU=0.50:0.95 | area=   all | maxDets=100 ] = 0.292
 Average Precision  (AP) @[ IoU=0.50      | area=   all | maxDets=1000 ] = 0.670
 Average Precision  (AP) @[ IoU=0.75      | area=   all | maxDets=1000 ] = 0.202
 Average Precision  (AP) @[ IoU=0.50:0.95 | area= small | maxDets=1000 ] = 0.021
 Average Precision  (AP) @[ IoU=0.50:0.95 | area=medium | maxDets=1000 ] = 0.233
 Average Precision  (AP) @[ IoU=0.50:0.95 | area= large | maxDets=1000 ] = 0.368
 Average Recall     (AR) @[ IoU=0.50:0.95 | area=   all | maxDets=100 ] = 0.423
 Average Recall     (AR) @[ IoU=0.50:0.95 | area=   all | maxDets=300 ] = 0.423
 Average Recall     (AR) @[ IoU=0.50:0.95 | area=   all | maxDets=1000 ] = 0.423
 Average Recall     (AR) @[ IoU=0.50:0.95 | area= small | maxDets=1000 ] = 0.045
 Average Recall     (AR) @[ IoU=0.50:0.95 | area=medium | maxDets=1000 ] = 0.363
 Average Recall     (AR) @[ IoU=0.50:0.95 | area= large | maxDets=1000 ] = 0.508

2026-05-07 18:46:40,147 - mmdet - INFO - Exp name: fold_1_swin_t_3x_hbb.py
2026-05-07 18:46:40,148 - mmdet - INFO - Epoch(val) [200][371]	bbox_mAP: 0.2920, bbox_mAP_50: 0.6700, bbox_mAP_75: 0.2020, bbox_mAP_s: 0.0210, bbox_mAP_m: 0.2330, bbox_mAP_l: 0.3680, bbox_mAP_copypaste: 0.292 0.670 0.202 0.021 0.233 0.368
2026-05-07 18:47:13,830 - mmdet - INFO - Epoch [201][50/101]	lr: 1.000e-05, eta: 1:47:08, time: 0.673, data_time: 0.066, memory: 7264, loss_rpn_cls: 0.0009, loss_rpn_bbox: 0.0010, loss_cls: 0.0366, acc: 98.4299, loss_bbox: 0.0154, loss: 0.0539
2026-05-07 18:47:44,706 - mmdet - INFO - Epoch [201][100/101]	lr: 1.000e-05, eta: 1:46:35, time: 0.618, data_time: 0.013, memory: 7264, loss_rpn_cls: 0.0008, loss_rpn_bbox: 0.0007, loss_cls: 0.0287, acc: 98.7908, loss_bbox: 0.0126, loss: 0.0428
2026-05-07 18:48:19,261 - mmdet - INFO - Epoch [202][50/101]	lr: 1.000e-05, eta: 1:46:03, time: 0.676, data_time: 0.066, memory: 7264, loss_rpn_cls: 0.0012, loss_rpn_bbox: 0.0009, loss_cls: 0.0344, acc: 98.5968, loss_bbox: 0.0150, loss: 0.0514
2026-05-07 18:48:50,137 - mmdet - INFO - Epoch [202][100/101]	lr: 1.000e-05, eta: 1:45:30, time: 0.618, data_time: 0.013, memory: 7264, loss_rpn_cls: 0.0004, loss_rpn_bbox: 0.0006, loss_cls: 0.0262, acc: 98.9238, loss_bbox: 0.0102, loss: 0.0374
2026-05-07 18:49:24,507 - mmdet - INFO - Epoch [203][50/101]	lr: 1.000e-05, eta: 1:44:58, time: 0.672, data_time: 0.066, memory: 7264, loss_rpn_cls: 0.0006, loss_rpn_bbox: 0.0007, loss_cls: 0.0288, acc: 98.8047, loss_bbox: 0.0116, loss: 0.0416
2026-05-07 18:49:55,542 - mmdet - INFO - Epoch [203][100/101]	lr: 1.000e-05, eta: 1:44:26, time: 0.621, data_time: 0.013, memory: 7264, loss_rpn_cls: 0.0011, loss_rpn_bbox: 0.0008, loss_cls: 0.0287, acc: 98.8195, loss_bbox: 0.0121, loss: 0.0427
2026-05-07 18:50:30,024 - mmdet - INFO - Epoch [204][50/101]	lr: 1.000e-05, eta: 1:43:54, time: 0.674, data_time: 0.066, memory: 7264, loss_rpn_cls: 0.0004, loss_rpn_bbox: 0.0006, loss_cls: 0.0283, acc: 98.8033, loss_bbox: 0.0110, loss: 0.0404
2026-05-07 18:51:00,971 - mmdet - INFO - Epoch [204][100/101]	lr: 1.000e-05, eta: 1:43:21, time: 0.619, data_time: 0.013, memory: 7264, loss_rpn_cls: 0.0010, loss_rpn_bbox: 0.0007, loss_cls: 0.0263, acc: 98.9111, loss_bbox: 0.0115, loss: 0.0394
2026-05-07 18:51:35,561 - mmdet - INFO - Epoch [205][50/101]	lr: 1.000e-05, eta: 1:42:49, time: 0.676, data_time: 0.066, memory: 7264, loss_rpn_cls: 0.0011, loss_rpn_bbox: 0.0009, loss_cls: 0.0318, acc: 98.6375, loss_bbox: 0.0136, loss: 0.0474
2026-05-07 18:52:06,390 - mmdet - INFO - Epoch [205][100/101]	lr: 1.000e-05, eta: 1:42:17, time: 0.617, data_time: 0.013, memory: 7264, loss_rpn_cls: 0.0004, loss_rpn_bbox: 0.0005, loss_cls: 0.0237, acc: 98.9889, loss_bbox: 0.0087, loss: 0.0332
2026-05-07 18:52:40,832 - mmdet - INFO - Epoch [206][50/101]	lr: 1.000e-05, eta: 1:41:45, time: 0.673, data_time: 0.066, memory: 7264, loss_rpn_cls: 0.0005, loss_rpn_bbox: 0.0007, loss_cls: 0.0251, acc: 98.9207, loss_bbox: 0.0099, loss: 0.0362
2026-05-07 18:53:11,834 - mmdet - INFO - Epoch [206][100/101]	lr: 1.000e-05, eta: 1:41:12, time: 0.620, data_time: 0.013, memory: 7264, loss_rpn_cls: 0.0006, loss_rpn_bbox: 0.0006, loss_cls: 0.0264, acc: 98.9113, loss_bbox: 0.0102, loss: 0.0379
2026-05-07 18:53:46,184 - mmdet - INFO - Epoch [207][50/101]	lr: 1.000e-05, eta: 1:40:40, time: 0.671, data_time: 0.066, memory: 7264, loss_rpn_cls: 0.0006, loss_rpn_bbox: 0.0006, loss_cls: 0.0253, acc: 98.9392, loss_bbox: 0.0092, loss: 0.0357
2026-05-07 18:54:17,174 - mmdet - INFO - Epoch [207][100/101]	lr: 1.000e-05, eta: 1:40:08, time: 0.620, data_time: 0.013, memory: 7264, loss_rpn_cls: 0.0010, loss_rpn_bbox: 0.0007, loss_cls: 0.0276, acc: 98.8311, loss_bbox: 0.0115, loss: 0.0409
2026-05-07 18:54:51,595 - mmdet - INFO - Epoch [208][50/101]	lr: 1.000e-05, eta: 1:39:36, time: 0.672, data_time: 0.066, memory: 7264, loss_rpn_cls: 0.0004, loss_rpn_bbox: 0.0006, loss_cls: 0.0246, acc: 98.9682, loss_bbox: 0.0108, loss: 0.0363
2026-05-07 18:55:22,630 - mmdet - INFO - Epoch [208][100/101]	lr: 1.000e-05, eta: 1:39:03, time: 0.621, data_time: 0.013, memory: 7264, loss_rpn_cls: 0.0004, loss_rpn_bbox: 0.0007, loss_cls: 0.0270, acc: 98.8337, loss_bbox: 0.0094, loss: 0.0375
2026-05-07 18:55:57,096 - mmdet - INFO - Epoch [209][50/101]	lr: 1.000e-05, eta: 1:38:31, time: 0.674, data_time: 0.066, memory: 7264, loss_rpn_cls: 0.0005, loss_rpn_bbox: 0.0006, loss_cls: 0.0245, acc: 98.9592, loss_bbox: 0.0098, loss: 0.0354
2026-05-07 18:56:28,080 - mmdet - INFO - Epoch [209][100/101]	lr: 1.000e-05, eta: 1:37:58, time: 0.620, data_time: 0.013, memory: 7264, loss_rpn_cls: 0.0005, loss_rpn_bbox: 0.0006, loss_cls: 0.0248, acc: 98.9933, loss_bbox: 0.0100, loss: 0.0359
2026-05-07 18:57:02,547 - mmdet - INFO - Epoch [210][50/101]	lr: 1.000e-05, eta: 1:37:26, time: 0.674, data_time: 0.066, memory: 7264, loss_rpn_cls: 0.0008, loss_rpn_bbox: 0.0007, loss_cls: 0.0261, acc: 98.9039, loss_bbox: 0.0106, loss: 0.0383
2026-05-07 18:57:33,405 - mmdet - INFO - Epoch [210][100/101]	lr: 1.000e-05, eta: 1:36:54, time: 0.617, data_time: 0.013, memory: 7264, loss_rpn_cls: 0.0004, loss_rpn_bbox: 0.0005, loss_cls: 0.0223, acc: 99.0801, loss_bbox: 0.0085, loss: 0.0317
2026-05-07 18:57:34,169 - mmdet - INFO - Saving checkpoint at 210 epochs
2026-05-07 18:58:14,239 - mmdet - INFO - Evaluating bbox...
2026-05-07 18:58:17,095 - mmdet - INFO - 
 Average Precision  (AP) @[ IoU=0.50:0.95 | area=   all | maxDets=100 ] = 0.310
 Average Precision  (AP) @[ IoU=0.50      | area=   all | maxDets=1000 ] = 0.683
 Average Precision  (AP) @[ IoU=0.75      | area=   all | maxDets=1000 ] = 0.236
 Average Precision  (AP) @[ IoU=0.50:0.95 | area= small | maxDets=1000 ] = 0.023
 Average Precision  (AP) @[ IoU=0.50:0.95 | area=medium | maxDets=1000 ] = 0.250
 Average Precision  (AP) @[ IoU=0.50:0.95 | area= large | maxDets=1000 ] = 0.388
 Average Recall     (AR) @[ IoU=0.50:0.95 | area=   all | maxDets=100 ] = 0.439
 Average Recall     (AR) @[ IoU=0.50:0.95 | area=   all | maxDets=300 ] = 0.439
 Average Recall     (AR) @[ IoU=0.50:0.95 | area=   all | maxDets=1000 ] = 0.439
 Average Recall     (AR) @[ IoU=0.50:0.95 | area= small | maxDets=1000 ] = 0.034
 Average Recall     (AR) @[ IoU=0.50:0.95 | area=medium | maxDets=1000 ] = 0.373
 Average Recall     (AR) @[ IoU=0.50:0.95 | area= large | maxDets=1000 ] = 0.533

2026-05-07 18:58:17,099 - mmdet - INFO - Exp name: fold_1_swin_t_3x_hbb.py
2026-05-07 18:58:17,100 - mmdet - INFO - Epoch(val) [210][371]	bbox_mAP: 0.3100, bbox_mAP_50: 0.6830, bbox_mAP_75: 0.2360, bbox_mAP_s: 0.0230, bbox_mAP_m: 0.2500, bbox_mAP_l: 0.3880, bbox_mAP_copypaste: 0.310 0.683 0.236 0.023 0.250 0.388
2026-05-07 18:58:50,676 - mmdet - INFO - Epoch [211][50/101]	lr: 1.000e-05, eta: 1:36:22, time: 0.671, data_time: 0.066, memory: 7264, loss_rpn_cls: 0.0005, loss_rpn_bbox: 0.0006, loss_cls: 0.0229, acc: 99.0321, loss_bbox: 0.0091, loss: 0.0331
2026-05-07 18:59:21,652 - mmdet - INFO - Epoch [211][100/101]	lr: 1.000e-05, eta: 1:35:49, time: 0.620, data_time: 0.013, memory: 7264, loss_rpn_cls: 0.0004, loss_rpn_bbox: 0.0006, loss_cls: 0.0254, acc: 98.9313, loss_bbox: 0.0097, loss: 0.0361
2026-05-07 18:59:56,200 - mmdet - INFO - Epoch [212][50/101]	lr: 1.000e-05, eta: 1:35:17, time: 0.675, data_time: 0.066, memory: 7264, loss_rpn_cls: 0.0005, loss_rpn_bbox: 0.0006, loss_cls: 0.0247, acc: 98.9706, loss_bbox: 0.0098, loss: 0.0356
2026-05-07 19:00:27,055 - mmdet - INFO - Epoch [212][100/101]	lr: 1.000e-05, eta: 1:34:45, time: 0.617, data_time: 0.013, memory: 7264, loss_rpn_cls: 0.0002, loss_rpn_bbox: 0.0005, loss_cls: 0.0227, acc: 99.0488, loss_bbox: 0.0086, loss: 0.0320
2026-05-07 19:01:01,488 - mmdet - INFO - Epoch [213][50/101]	lr: 1.000e-05, eta: 1:34:13, time: 0.673, data_time: 0.066, memory: 7264, loss_rpn_cls: 0.0008, loss_rpn_bbox: 0.0006, loss_cls: 0.0236, acc: 99.0112, loss_bbox: 0.0091, loss: 0.0340
2026-05-07 19:01:32,463 - mmdet - INFO - Epoch [213][100/101]	lr: 1.000e-05, eta: 1:33:40, time: 0.619, data_time: 0.013, memory: 7264, loss_rpn_cls: 0.0005, loss_rpn_bbox: 0.0006, loss_cls: 0.0237, acc: 98.9970, loss_bbox: 0.0086, loss: 0.0334
2026-05-07 19:02:06,890 - mmdet - INFO - Epoch [214][50/101]	lr: 1.000e-05, eta: 1:33:08, time: 0.673, data_time: 0.066, memory: 7264, loss_rpn_cls: 0.0003, loss_rpn_bbox: 0.0005, loss_cls: 0.0222, acc: 99.0650, loss_bbox: 0.0085, loss: 0.0315
2026-05-07 19:02:37,900 - mmdet - INFO - Epoch [214][100/101]	lr: 1.000e-05, eta: 1:32:35, time: 0.620, data_time: 0.013, memory: 7264, loss_rpn_cls: 0.0006, loss_rpn_bbox: 0.0006, loss_cls: 0.0253, acc: 98.9625, loss_bbox: 0.0100, loss: 0.0366
2026-05-07 19:03:12,316 - mmdet - INFO - Epoch [215][50/101]	lr: 1.000e-05, eta: 1:32:03, time: 0.672, data_time: 0.066, memory: 7264, loss_rpn_cls: 0.0003, loss_rpn_bbox: 0.0005, loss_cls: 0.0207, acc: 99.1492, loss_bbox: 0.0080, loss: 0.0295
2026-05-07 19:03:43,255 - mmdet - INFO - Epoch [215][100/101]	lr: 1.000e-05, eta: 1:31:31, time: 0.619, data_time: 0.013, memory: 7264, loss_rpn_cls: 0.0006, loss_rpn_bbox: 0.0007, loss_cls: 0.0246, acc: 98.9776, loss_bbox: 0.0095, loss: 0.0354
2026-05-07 19:04:17,692 - mmdet - INFO - Epoch [216][50/101]	lr: 1.000e-05, eta: 1:30:59, time: 0.673, data_time: 0.066, memory: 7264, loss_rpn_cls: 0.0006, loss_rpn_bbox: 0.0006, loss_cls: 0.0246, acc: 98.9636, loss_bbox: 0.0099, loss: 0.0358
2026-05-07 19:04:48,574 - mmdet - INFO - Epoch [216][100/101]	lr: 1.000e-05, eta: 1:30:26, time: 0.618, data_time: 0.013, memory: 7264, loss_rpn_cls: 0.0010, loss_rpn_bbox: 0.0007, loss_cls: 0.0258, acc: 98.9443, loss_bbox: 0.0098, loss: 0.0372
2026-05-07 19:05:23,010 - mmdet - INFO - Epoch [217][50/101]	lr: 1.000e-05, eta: 1:29:54, time: 0.673, data_time: 0.066, memory: 7264, loss_rpn_cls: 0.0003, loss_rpn_bbox: 0.0006, loss_cls: 0.0211, acc: 99.1246, loss_bbox: 0.0085, loss: 0.0305
2026-05-07 19:05:54,000 - mmdet - INFO - Epoch [217][100/101]	lr: 1.000e-05, eta: 1:29:22, time: 0.620, data_time: 0.013, memory: 7264, loss_rpn_cls: 0.0004, loss_rpn_bbox: 0.0005, loss_cls: 0.0220, acc: 99.0711, loss_bbox: 0.0081, loss: 0.0311
2026-05-07 19:06:28,449 - mmdet - INFO - Epoch [218][50/101]	lr: 1.000e-05, eta: 1:28:50, time: 0.673, data_time: 0.066, memory: 7264, loss_rpn_cls: 0.0006, loss_rpn_bbox: 0.0006, loss_cls: 0.0240, acc: 99.0415, loss_bbox: 0.0092, loss: 0.0344
2026-05-07 19:06:59,345 - mmdet - INFO - Epoch [218][100/101]	lr: 1.000e-05, eta: 1:28:17, time: 0.618, data_time: 0.013, memory: 7264, loss_rpn_cls: 0.0006, loss_rpn_bbox: 0.0006, loss_cls: 0.0238, acc: 98.9938, loss_bbox: 0.0087, loss: 0.0337
2026-05-07 19:07:33,859 - mmdet - INFO - Epoch [219][50/101]	lr: 1.000e-05, eta: 1:27:45, time: 0.675, data_time: 0.066, memory: 7264, loss_rpn_cls: 0.0005, loss_rpn_bbox: 0.0006, loss_cls: 0.0242, acc: 99.0162, loss_bbox: 0.0091, loss: 0.0343
2026-05-07 19:08:04,738 - mmdet - INFO - Epoch [219][100/101]	lr: 1.000e-05, eta: 1:27:12, time: 0.618, data_time: 0.013, memory: 7264, loss_rpn_cls: 0.0002, loss_rpn_bbox: 0.0005, loss_cls: 0.0218, acc: 99.0983, loss_bbox: 0.0082, loss: 0.0307
2026-05-07 19:08:39,089 - mmdet - INFO - Epoch [220][50/101]	lr: 1.000e-05, eta: 1:26:40, time: 0.671, data_time: 0.066, memory: 7264, loss_rpn_cls: 0.0004, loss_rpn_bbox: 0.0005, loss_cls: 0.0208, acc: 99.1406, loss_bbox: 0.0078, loss: 0.0295
2026-05-07 19:09:10,111 - mmdet - INFO - Epoch [220][100/101]	lr: 1.000e-05, eta: 1:26:08, time: 0.620, data_time: 0.013, memory: 7264, loss_rpn_cls: 0.0004, loss_rpn_bbox: 0.0006, loss_cls: 0.0234, acc: 98.9757, loss_bbox: 0.0088, loss: 0.0333
2026-05-07 19:09:10,887 - mmdet - INFO - Saving checkpoint at 220 epochs
2026-05-07 19:09:51,057 - mmdet - INFO - Evaluating bbox...
2026-05-07 19:09:53,999 - mmdet - INFO - 
 Average Precision  (AP) @[ IoU=0.50:0.95 | area=   all | maxDets=100 ] = 0.307
 Average Precision  (AP) @[ IoU=0.50      | area=   all | maxDets=1000 ] = 0.681
 Average Precision  (AP) @[ IoU=0.75      | area=   all | maxDets=1000 ] = 0.231
 Average Precision  (AP) @[ IoU=0.50:0.95 | area= small | maxDets=1000 ] = 0.017
 Average Precision  (AP) @[ IoU=0.50:0.95 | area=medium | maxDets=1000 ] = 0.247
 Average Precision  (AP) @[ IoU=0.50:0.95 | area= large | maxDets=1000 ] = 0.385
 Average Recall     (AR) @[ IoU=0.50:0.95 | area=   all | maxDets=100 ] = 0.436
 Average Recall     (AR) @[ IoU=0.50:0.95 | area=   all | maxDets=300 ] = 0.436
 Average Recall     (AR) @[ IoU=0.50:0.95 | area=   all | maxDets=1000 ] = 0.436
 Average Recall     (AR) @[ IoU=0.50:0.95 | area= small | maxDets=1000 ] = 0.041
 Average Recall     (AR) @[ IoU=0.50:0.95 | area=medium | maxDets=1000 ] = 0.367
 Average Recall     (AR) @[ IoU=0.50:0.95 | area= large | maxDets=1000 ] = 0.532

2026-05-07 19:09:54,004 - mmdet - INFO - Exp name: fold_1_swin_t_3x_hbb.py
2026-05-07 19:09:54,004 - mmdet - INFO - Epoch(val) [220][371]	bbox_mAP: 0.3070, bbox_mAP_50: 0.6810, bbox_mAP_75: 0.2310, bbox_mAP_s: 0.0170, bbox_mAP_m: 0.2470, bbox_mAP_l: 0.3850, bbox_mAP_copypaste: 0.307 0.681 0.231 0.017 0.247 0.385
2026-05-07 19:10:27,515 - mmdet - INFO - Epoch [221][50/101]	lr: 1.000e-05, eta: 1:25:36, time: 0.670, data_time: 0.066, memory: 7264, loss_rpn_cls: 0.0004, loss_rpn_bbox: 0.0005, loss_cls: 0.0213, acc: 99.0970, loss_bbox: 0.0076, loss: 0.0297
2026-05-07 19:10:58,455 - mmdet - INFO - Epoch [221][100/101]	lr: 1.000e-05, eta: 1:25:03, time: 0.619, data_time: 0.013, memory: 7264, loss_rpn_cls: 0.0006, loss_rpn_bbox: 0.0007, loss_cls: 0.0229, acc: 99.0538, loss_bbox: 0.0092, loss: 0.0334
2026-05-07 19:11:32,821 - mmdet - INFO - Epoch [222][50/101]	lr: 1.000e-05, eta: 1:24:31, time: 0.672, data_time: 0.066, memory: 7264, loss_rpn_cls: 0.0003, loss_rpn_bbox: 0.0005, loss_cls: 0.0217, acc: 99.1139, loss_bbox: 0.0086, loss: 0.0312
2026-05-07 19:12:03,712 - mmdet - INFO - Epoch [222][100/101]	lr: 1.000e-05, eta: 1:23:58, time: 0.618, data_time: 0.013, memory: 7264, loss_rpn_cls: 0.0003, loss_rpn_bbox: 0.0005, loss_cls: 0.0203, acc: 99.1366, loss_bbox: 0.0073, loss: 0.0284
2026-05-07 19:12:37,966 - mmdet - INFO - Epoch [223][50/101]	lr: 1.000e-05, eta: 1:23:26, time: 0.669, data_time: 0.065, memory: 7264, loss_rpn_cls: 0.0003, loss_rpn_bbox: 0.0004, loss_cls: 0.0205, acc: 99.1720, loss_bbox: 0.0076, loss: 0.0288
2026-05-07 19:13:08,974 - mmdet - INFO - Epoch [223][100/101]	lr: 1.000e-05, eta: 1:22:54, time: 0.620, data_time: 0.013, memory: 7264, loss_rpn_cls: 0.0005, loss_rpn_bbox: 0.0007, loss_cls: 0.0238, acc: 98.9849, loss_bbox: 0.0093, loss: 0.0343
2026-05-07 19:13:43,354 - mmdet - INFO - Epoch [224][50/101]	lr: 1.000e-05, eta: 1:22:22, time: 0.672, data_time: 0.066, memory: 7264, loss_rpn_cls: 0.0005, loss_rpn_bbox: 0.0006, loss_cls: 0.0206, acc: 99.1356, loss_bbox: 0.0084, loss: 0.0301
2026-05-07 19:14:14,280 - mmdet - INFO - Epoch [224][100/101]	lr: 1.000e-05, eta: 1:21:49, time: 0.619, data_time: 0.013, memory: 7264, loss_rpn_cls: 0.0003, loss_rpn_bbox: 0.0005, loss_cls: 0.0234, acc: 99.0261, loss_bbox: 0.0081, loss: 0.0323
2026-05-07 19:14:48,653 - mmdet - INFO - Epoch [225][50/101]	lr: 1.000e-05, eta: 1:21:17, time: 0.672, data_time: 0.065, memory: 7264, loss_rpn_cls: 0.0004, loss_rpn_bbox: 0.0005, loss_cls: 0.0215, acc: 99.1287, loss_bbox: 0.0082, loss: 0.0306
2026-05-07 19:15:19,597 - mmdet - INFO - Epoch [225][100/101]	lr: 1.000e-05, eta: 1:20:45, time: 0.619, data_time: 0.013, memory: 7264, loss_rpn_cls: 0.0009, loss_rpn_bbox: 0.0006, loss_cls: 0.0218, acc: 99.0871, loss_bbox: 0.0081, loss: 0.0314
2026-05-07 19:15:53,982 - mmdet - INFO - Epoch [226][50/101]	lr: 1.000e-05, eta: 1:20:12, time: 0.672, data_time: 0.066, memory: 7264, loss_rpn_cls: 0.0006, loss_rpn_bbox: 0.0005, loss_cls: 0.0208, acc: 99.1257, loss_bbox: 0.0079, loss: 0.0298
2026-05-07 19:16:24,871 - mmdet - INFO - Epoch [226][100/101]	lr: 1.000e-05, eta: 1:19:40, time: 0.618, data_time: 0.013, memory: 7264, loss_rpn_cls: 0.0004, loss_rpn_bbox: 0.0005, loss_cls: 0.0197, acc: 99.1982, loss_bbox: 0.0071, loss: 0.0277
2026-05-07 19:16:59,375 - mmdet - INFO - Epoch [227][50/101]	lr: 1.000e-05, eta: 1:19:08, time: 0.674, data_time: 0.066, memory: 7264, loss_rpn_cls: 0.0005, loss_rpn_bbox: 0.0006, loss_cls: 0.0234, acc: 99.0425, loss_bbox: 0.0084, loss: 0.0329
2026-05-07 19:17:30,220 - mmdet - INFO - Epoch [227][100/101]	lr: 1.000e-05, eta: 1:18:35, time: 0.617, data_time: 0.013, memory: 7264, loss_rpn_cls: 0.0005, loss_rpn_bbox: 0.0005, loss_cls: 0.0188, acc: 99.2021, loss_bbox: 0.0066, loss: 0.0263
2026-05-07 19:18:04,553 - mmdet - INFO - Epoch [228][50/101]	lr: 1.000e-05, eta: 1:18:03, time: 0.671, data_time: 0.066, memory: 7264, loss_rpn_cls: 0.0003, loss_rpn_bbox: 0.0005, loss_cls: 0.0196, acc: 99.1720, loss_bbox: 0.0074, loss: 0.0278
2026-05-07 19:18:35,504 - mmdet - INFO - Epoch [228][100/101]	lr: 1.000e-05, eta: 1:17:31, time: 0.619, data_time: 0.013, memory: 7264, loss_rpn_cls: 0.0005, loss_rpn_bbox: 0.0006, loss_cls: 0.0215, acc: 99.0864, loss_bbox: 0.0081, loss: 0.0306
2026-05-07 19:19:10,005 - mmdet - INFO - Epoch [229][50/101]	lr: 1.000e-05, eta: 1:16:59, time: 0.674, data_time: 0.067, memory: 7264, loss_rpn_cls: 0.0008, loss_rpn_bbox: 0.0006, loss_cls: 0.0227, acc: 99.0388, loss_bbox: 0.0088, loss: 0.0328
2026-05-07 19:19:40,751 - mmdet - INFO - Epoch [229][100/101]	lr: 1.000e-05, eta: 1:16:26, time: 0.615, data_time: 0.013, memory: 7264, loss_rpn_cls: 0.0005, loss_rpn_bbox: 0.0004, loss_cls: 0.0196, acc: 99.1602, loss_bbox: 0.0071, loss: 0.0276
2026-05-07 19:20:15,224 - mmdet - INFO - Epoch [230][50/101]	lr: 1.000e-05, eta: 1:15:54, time: 0.674, data_time: 0.066, memory: 7264, loss_rpn_cls: 0.0006, loss_rpn_bbox: 0.0006, loss_cls: 0.0226, acc: 99.0552, loss_bbox: 0.0086, loss: 0.0326
2026-05-07 19:20:46,039 - mmdet - INFO - Epoch [230][100/101]	lr: 1.000e-05, eta: 1:15:21, time: 0.616, data_time: 0.013, memory: 7264, loss_rpn_cls: 0.0003, loss_rpn_bbox: 0.0004, loss_cls: 0.0189, acc: 99.2111, loss_bbox: 0.0072, loss: 0.0268
2026-05-07 19:20:46,805 - mmdet - INFO - Saving checkpoint at 230 epochs
2026-05-07 19:21:26,869 - mmdet - INFO - Evaluating bbox...
2026-05-07 19:21:29,636 - mmdet - INFO - 
 Average Precision  (AP) @[ IoU=0.50:0.95 | area=   all | maxDets=100 ] = 0.305
 Average Precision  (AP) @[ IoU=0.50      | area=   all | maxDets=1000 ] = 0.672
 Average Precision  (AP) @[ IoU=0.75      | area=   all | maxDets=1000 ] = 0.233
 Average Precision  (AP) @[ IoU=0.50:0.95 | area= small | maxDets=1000 ] = 0.012
 Average Precision  (AP) @[ IoU=0.50:0.95 | area=medium | maxDets=1000 ] = 0.247
 Average Precision  (AP) @[ IoU=0.50:0.95 | area= large | maxDets=1000 ] = 0.385
 Average Recall     (AR) @[ IoU=0.50:0.95 | area=   all | maxDets=100 ] = 0.430
 Average Recall     (AR) @[ IoU=0.50:0.95 | area=   all | maxDets=300 ] = 0.430
 Average Recall     (AR) @[ IoU=0.50:0.95 | area=   all | maxDets=1000 ] = 0.430
 Average Recall     (AR) @[ IoU=0.50:0.95 | area= small | maxDets=1000 ] = 0.038
 Average Recall     (AR) @[ IoU=0.50:0.95 | area=medium | maxDets=1000 ] = 0.360
 Average Recall     (AR) @[ IoU=0.50:0.95 | area= large | maxDets=1000 ] = 0.527

2026-05-07 19:21:29,641 - mmdet - INFO - Exp name: fold_1_swin_t_3x_hbb.py
2026-05-07 19:21:29,641 - mmdet - INFO - Epoch(val) [230][371]	bbox_mAP: 0.3050, bbox_mAP_50: 0.6720, bbox_mAP_75: 0.2330, bbox_mAP_s: 0.0120, bbox_mAP_m: 0.2470, bbox_mAP_l: 0.3850, bbox_mAP_copypaste: 0.305 0.672 0.233 0.012 0.247 0.385
2026-05-07 19:22:03,297 - mmdet - INFO - Epoch [231][50/101]	lr: 1.000e-05, eta: 1:14:49, time: 0.673, data_time: 0.065, memory: 7264, loss_rpn_cls: 0.0008, loss_rpn_bbox: 0.0006, loss_cls: 0.0208, acc: 99.1171, loss_bbox: 0.0076, loss: 0.0297
2026-05-07 19:22:34,121 - mmdet - INFO - Epoch [231][100/101]	lr: 1.000e-05, eta: 1:14:17, time: 0.616, data_time: 0.013, memory: 7264, loss_rpn_cls: 0.0004, loss_rpn_bbox: 0.0005, loss_cls: 0.0192, acc: 99.2046, loss_bbox: 0.0074, loss: 0.0275
2026-05-07 19:23:08,512 - mmdet - INFO - Epoch [232][50/101]	lr: 1.000e-05, eta: 1:13:45, time: 0.672, data_time: 0.066, memory: 7264, loss_rpn_cls: 0.0004, loss_rpn_bbox: 0.0005, loss_cls: 0.0205, acc: 99.1247, loss_bbox: 0.0081, loss: 0.0296
2026-05-07 19:23:39,420 - mmdet - INFO - Epoch [232][100/101]	lr: 1.000e-05, eta: 1:13:12, time: 0.618, data_time: 0.013, memory: 7264, loss_rpn_cls: 0.0006, loss_rpn_bbox: 0.0005, loss_cls: 0.0198, acc: 99.1893, loss_bbox: 0.0068, loss: 0.0276
2026-05-07 19:24:13,823 - mmdet - INFO - Epoch [233][50/101]	lr: 1.000e-05, eta: 1:12:40, time: 0.672, data_time: 0.066, memory: 7264, loss_rpn_cls: 0.0005, loss_rpn_bbox: 0.0006, loss_cls: 0.0232, acc: 99.0574, loss_bbox: 0.0087, loss: 0.0330
2026-05-07 19:24:44,689 - mmdet - INFO - Epoch [233][100/101]	lr: 1.000e-05, eta: 1:12:08, time: 0.617, data_time: 0.013, memory: 7264, loss_rpn_cls: 0.0004, loss_rpn_bbox: 0.0005, loss_cls: 0.0185, acc: 99.2236, loss_bbox: 0.0067, loss: 0.0260
2026-05-07 19:25:19,132 - mmdet - INFO - Epoch [234][50/101]	lr: 1.000e-05, eta: 1:11:35, time: 0.673, data_time: 0.065, memory: 7264, loss_rpn_cls: 0.0005, loss_rpn_bbox: 0.0006, loss_cls: 0.0218, acc: 99.0821, loss_bbox: 0.0086, loss: 0.0314
2026-05-07 19:25:50,003 - mmdet - INFO - Epoch [234][100/101]	lr: 1.000e-05, eta: 1:11:03, time: 0.617, data_time: 0.013, memory: 7264, loss_rpn_cls: 0.0004, loss_rpn_bbox: 0.0005, loss_cls: 0.0207, acc: 99.1325, loss_bbox: 0.0069, loss: 0.0285
2026-05-07 19:26:24,348 - mmdet - INFO - Epoch [235][50/101]	lr: 1.000e-05, eta: 1:10:31, time: 0.671, data_time: 0.066, memory: 7264, loss_rpn_cls: 0.0006, loss_rpn_bbox: 0.0006, loss_cls: 0.0210, acc: 99.1287, loss_bbox: 0.0079, loss: 0.0301
2026-05-07 19:26:55,266 - mmdet - INFO - Epoch [235][100/101]	lr: 1.000e-05, eta: 1:09:58, time: 0.618, data_time: 0.013, memory: 7264, loss_rpn_cls: 0.0007, loss_rpn_bbox: 0.0006, loss_cls: 0.0203, acc: 99.1432, loss_bbox: 0.0081, loss: 0.0297
2026-05-07 19:27:29,665 - mmdet - INFO - Epoch [236][50/101]	lr: 1.000e-05, eta: 1:09:26, time: 0.672, data_time: 0.066, memory: 7264, loss_rpn_cls: 0.0002, loss_rpn_bbox: 0.0005, loss_cls: 0.0197, acc: 99.1870, loss_bbox: 0.0075, loss: 0.0278
2026-05-07 19:28:00,624 - mmdet - INFO - Epoch [236][100/101]	lr: 1.000e-05, eta: 1:08:54, time: 0.619, data_time: 0.013, memory: 7264, loss_rpn_cls: 0.0003, loss_rpn_bbox: 0.0005, loss_cls: 0.0189, acc: 99.2089, loss_bbox: 0.0075, loss: 0.0272
2026-05-07 19:28:34,961 - mmdet - INFO - Epoch [237][50/101]	lr: 1.000e-05, eta: 1:08:21, time: 0.671, data_time: 0.066, memory: 7264, loss_rpn_cls: 0.0006, loss_rpn_bbox: 0.0004, loss_cls: 0.0185, acc: 99.2496, loss_bbox: 0.0068, loss: 0.0263
2026-05-07 19:29:05,961 - mmdet - INFO - Epoch [237][100/101]	lr: 1.000e-05, eta: 1:07:49, time: 0.620, data_time: 0.013, memory: 7264, loss_rpn_cls: 0.0006, loss_rpn_bbox: 0.0006, loss_cls: 0.0209, acc: 99.1163, loss_bbox: 0.0084, loss: 0.0304
2026-05-07 19:29:40,414 - mmdet - INFO - Epoch [238][50/101]	lr: 1.000e-05, eta: 1:07:17, time: 0.673, data_time: 0.066, memory: 7264, loss_rpn_cls: 0.0003, loss_rpn_bbox: 0.0006, loss_cls: 0.0220, acc: 99.0735, loss_bbox: 0.0084, loss: 0.0313
2026-05-07 19:30:11,266 - mmdet - INFO - Epoch [238][100/101]	lr: 1.000e-05, eta: 1:06:44, time: 0.617, data_time: 0.013, memory: 7264, loss_rpn_cls: 0.0004, loss_rpn_bbox: 0.0004, loss_cls: 0.0179, acc: 99.2451, loss_bbox: 0.0057, loss: 0.0244
2026-05-07 19:30:45,695 - mmdet - INFO - Epoch [239][50/101]	lr: 1.000e-05, eta: 1:06:12, time: 0.672, data_time: 0.066, memory: 7264, loss_rpn_cls: 0.0003, loss_rpn_bbox: 0.0005, loss_cls: 0.0183, acc: 99.2394, loss_bbox: 0.0067, loss: 0.0258
2026-05-07 19:31:16,642 - mmdet - INFO - Epoch [239][100/101]	lr: 1.000e-05, eta: 1:05:40, time: 0.619, data_time: 0.013, memory: 7264, loss_rpn_cls: 0.0003, loss_rpn_bbox: 0.0005, loss_cls: 0.0219, acc: 99.0443, loss_bbox: 0.0079, loss: 0.0306
2026-05-07 19:31:51,056 - mmdet - INFO - Epoch [240][50/101]	lr: 1.000e-05, eta: 1:05:08, time: 0.673, data_time: 0.065, memory: 7264, loss_rpn_cls: 0.0004, loss_rpn_bbox: 0.0006, loss_cls: 0.0213, acc: 99.0991, loss_bbox: 0.0083, loss: 0.0306
2026-05-07 19:32:21,852 - mmdet - INFO - Epoch [240][100/101]	lr: 1.000e-05, eta: 1:04:35, time: 0.616, data_time: 0.013, memory: 7264, loss_rpn_cls: 0.0003, loss_rpn_bbox: 0.0004, loss_cls: 0.0162, acc: 99.3128, loss_bbox: 0.0054, loss: 0.0223
2026-05-07 19:32:22,631 - mmdet - INFO - Saving checkpoint at 240 epochs
2026-05-07 19:33:02,895 - mmdet - INFO - Evaluating bbox...
2026-05-07 19:33:05,596 - mmdet - INFO - 
 Average Precision  (AP) @[ IoU=0.50:0.95 | area=   all | maxDets=100 ] = 0.304
 Average Precision  (AP) @[ IoU=0.50      | area=   all | maxDets=1000 ] = 0.664
 Average Precision  (AP) @[ IoU=0.75      | area=   all | maxDets=1000 ] = 0.226
 Average Precision  (AP) @[ IoU=0.50:0.95 | area= small | maxDets=1000 ] = 0.012
 Average Precision  (AP) @[ IoU=0.50:0.95 | area=medium | maxDets=1000 ] = 0.245
 Average Precision  (AP) @[ IoU=0.50:0.95 | area= large | maxDets=1000 ] = 0.384
 Average Recall     (AR) @[ IoU=0.50:0.95 | area=   all | maxDets=100 ] = 0.428
 Average Recall     (AR) @[ IoU=0.50:0.95 | area=   all | maxDets=300 ] = 0.428
 Average Recall     (AR) @[ IoU=0.50:0.95 | area=   all | maxDets=1000 ] = 0.428
 Average Recall     (AR) @[ IoU=0.50:0.95 | area= small | maxDets=1000 ] = 0.038
 Average Recall     (AR) @[ IoU=0.50:0.95 | area=medium | maxDets=1000 ] = 0.357
 Average Recall     (AR) @[ IoU=0.50:0.95 | area= large | maxDets=1000 ] = 0.527

2026-05-07 19:33:05,601 - mmdet - INFO - Exp name: fold_1_swin_t_3x_hbb.py
2026-05-07 19:33:05,601 - mmdet - INFO - Epoch(val) [240][371]	bbox_mAP: 0.3040, bbox_mAP_50: 0.6640, bbox_mAP_75: 0.2260, bbox_mAP_s: 0.0120, bbox_mAP_m: 0.2450, bbox_mAP_l: 0.3840, bbox_mAP_copypaste: 0.304 0.664 0.226 0.012 0.245 0.384
2026-05-07 19:33:39,266 - mmdet - INFO - Epoch [241][50/101]	lr: 1.000e-05, eta: 1:04:03, time: 0.673, data_time: 0.066, memory: 7264, loss_rpn_cls: 0.0004, loss_rpn_bbox: 0.0005, loss_cls: 0.0209, acc: 99.1432, loss_bbox: 0.0077, loss: 0.0296
2026-05-07 19:34:10,103 - mmdet - INFO - Epoch [241][100/101]	lr: 1.000e-05, eta: 1:03:31, time: 0.617, data_time: 0.013, memory: 7264, loss_rpn_cls: 0.0004, loss_rpn_bbox: 0.0004, loss_cls: 0.0188, acc: 99.2016, loss_bbox: 0.0071, loss: 0.0267
2026-05-07 19:34:44,477 - mmdet - INFO - Epoch [242][50/101]	lr: 1.000e-05, eta: 1:02:58, time: 0.672, data_time: 0.066, memory: 7264, loss_rpn_cls: 0.0008, loss_rpn_bbox: 0.0006, loss_cls: 0.0211, acc: 99.1210, loss_bbox: 0.0081, loss: 0.0305
2026-05-07 19:35:15,320 - mmdet - INFO - Epoch [242][100/101]	lr: 1.000e-05, eta: 1:02:26, time: 0.617, data_time: 0.013, memory: 7264, loss_rpn_cls: 0.0011, loss_rpn_bbox: 0.0005, loss_cls: 0.0199, acc: 99.1671, loss_bbox: 0.0076, loss: 0.0291
2026-05-07 19:35:49,682 - mmdet - INFO - Epoch [243][50/101]	lr: 1.000e-05, eta: 1:01:54, time: 0.672, data_time: 0.066, memory: 7264, loss_rpn_cls: 0.0003, loss_rpn_bbox: 0.0005, loss_cls: 0.0182, acc: 99.2632, loss_bbox: 0.0065, loss: 0.0255
2026-05-07 19:36:20,615 - mmdet - INFO - Epoch [243][100/101]	lr: 1.000e-05, eta: 1:01:21, time: 0.619, data_time: 0.013, memory: 7264, loss_rpn_cls: 0.0003, loss_rpn_bbox: 0.0005, loss_cls: 0.0192, acc: 99.2187, loss_bbox: 0.0074, loss: 0.0274
2026-05-07 19:36:54,969 - mmdet - INFO - Epoch [244][50/101]	lr: 1.000e-05, eta: 1:00:49, time: 0.672, data_time: 0.066, memory: 7264, loss_rpn_cls: 0.0004, loss_rpn_bbox: 0.0005, loss_cls: 0.0174, acc: 99.2847, loss_bbox: 0.0072, loss: 0.0256
2026-05-07 19:37:25,880 - mmdet - INFO - Epoch [244][100/101]	lr: 1.000e-05, eta: 1:00:17, time: 0.618, data_time: 0.013, memory: 7264, loss_rpn_cls: 0.0004, loss_rpn_bbox: 0.0005, loss_cls: 0.0197, acc: 99.1812, loss_bbox: 0.0074, loss: 0.0280
2026-05-07 19:38:00,253 - mmdet - INFO - Epoch [245][50/101]	lr: 1.000e-05, eta: 0:59:44, time: 0.671, data_time: 0.066, memory: 7264, loss_rpn_cls: 0.0001, loss_rpn_bbox: 0.0005, loss_cls: 0.0186, acc: 99.2007, loss_bbox: 0.0068, loss: 0.0260
2026-05-07 19:38:31,077 - mmdet - INFO - Epoch [245][100/101]	lr: 1.000e-05, eta: 0:59:12, time: 0.616, data_time: 0.013, memory: 7264, loss_rpn_cls: 0.0003, loss_rpn_bbox: 0.0005, loss_cls: 0.0183, acc: 99.2029, loss_bbox: 0.0067, loss: 0.0258
2026-05-07 19:39:05,466 - mmdet - INFO - Epoch [246][50/101]	lr: 1.000e-05, eta: 0:58:40, time: 0.672, data_time: 0.066, memory: 7264, loss_rpn_cls: 0.0005, loss_rpn_bbox: 0.0005, loss_cls: 0.0186, acc: 99.2225, loss_bbox: 0.0068, loss: 0.0264
2026-05-07 19:39:36,386 - mmdet - INFO - Epoch [246][100/101]	lr: 1.000e-05, eta: 0:58:08, time: 0.618, data_time: 0.013, memory: 7264, loss_rpn_cls: 0.0003, loss_rpn_bbox: 0.0005, loss_cls: 0.0194, acc: 99.2039, loss_bbox: 0.0070, loss: 0.0272
2026-05-07 19:40:10,687 - mmdet - INFO - Epoch [247][50/101]	lr: 1.000e-05, eta: 0:57:35, time: 0.670, data_time: 0.066, memory: 7264, loss_rpn_cls: 0.0003, loss_rpn_bbox: 0.0005, loss_cls: 0.0188, acc: 99.2001, loss_bbox: 0.0073, loss: 0.0269
2026-05-07 19:40:41,546 - mmdet - INFO - Epoch [247][100/101]	lr: 1.000e-05, eta: 0:57:03, time: 0.617, data_time: 0.013, memory: 7264, loss_rpn_cls: 0.0004, loss_rpn_bbox: 0.0005, loss_cls: 0.0174, acc: 99.2908, loss_bbox: 0.0071, loss: 0.0253
2026-05-07 19:41:15,986 - mmdet - INFO - Epoch [248][50/101]	lr: 1.000e-05, eta: 0:56:31, time: 0.673, data_time: 0.066, memory: 7264, loss_rpn_cls: 0.0006, loss_rpn_bbox: 0.0005, loss_cls: 0.0205, acc: 99.1833, loss_bbox: 0.0081, loss: 0.0297
2026-05-07 19:41:46,845 - mmdet - INFO - Epoch [248][100/101]	lr: 1.000e-05, eta: 0:55:58, time: 0.617, data_time: 0.013, memory: 7264, loss_rpn_cls: 0.0006, loss_rpn_bbox: 0.0005, loss_cls: 0.0171, acc: 99.2807, loss_bbox: 0.0063, loss: 0.0244
2026-05-07 19:42:21,255 - mmdet - INFO - Epoch [249][50/101]	lr: 1.000e-05, eta: 0:55:26, time: 0.672, data_time: 0.066, memory: 7264, loss_rpn_cls: 0.0005, loss_rpn_bbox: 0.0005, loss_cls: 0.0180, acc: 99.2638, loss_bbox: 0.0075, loss: 0.0265
2026-05-07 19:42:52,219 - mmdet - INFO - Epoch [249][100/101]	lr: 1.000e-05, eta: 0:54:54, time: 0.619, data_time: 0.013, memory: 7264, loss_rpn_cls: 0.0004, loss_rpn_bbox: 0.0005, loss_cls: 0.0183, acc: 99.2432, loss_bbox: 0.0071, loss: 0.0263
2026-05-07 19:43:26,621 - mmdet - INFO - Epoch [250][50/101]	lr: 1.000e-05, eta: 0:54:21, time: 0.672, data_time: 0.066, memory: 7264, loss_rpn_cls: 0.0003, loss_rpn_bbox: 0.0005, loss_cls: 0.0195, acc: 99.1993, loss_bbox: 0.0078, loss: 0.0281
2026-05-07 19:43:57,426 - mmdet - INFO - Epoch [250][100/101]	lr: 1.000e-05, eta: 0:53:49, time: 0.616, data_time: 0.013, memory: 7264, loss_rpn_cls: 0.0004, loss_rpn_bbox: 0.0004, loss_cls: 0.0161, acc: 99.3350, loss_bbox: 0.0061, loss: 0.0231
2026-05-07 19:43:58,196 - mmdet - INFO - Saving checkpoint at 250 epochs
2026-05-07 19:44:38,380 - mmdet - INFO - Evaluating bbox...
2026-05-07 19:44:41,239 - mmdet - INFO - 
 Average Precision  (AP) @[ IoU=0.50:0.95 | area=   all | maxDets=100 ] = 0.309
 Average Precision  (AP) @[ IoU=0.50      | area=   all | maxDets=1000 ] = 0.674
 Average Precision  (AP) @[ IoU=0.75      | area=   all | maxDets=1000 ] = 0.237
 Average Precision  (AP) @[ IoU=0.50:0.95 | area= small | maxDets=1000 ] = 0.014
 Average Precision  (AP) @[ IoU=0.50:0.95 | area=medium | maxDets=1000 ] = 0.249
 Average Precision  (AP) @[ IoU=0.50:0.95 | area= large | maxDets=1000 ] = 0.388
 Average Recall     (AR) @[ IoU=0.50:0.95 | area=   all | maxDets=100 ] = 0.432
 Average Recall     (AR) @[ IoU=0.50:0.95 | area=   all | maxDets=300 ] = 0.432
 Average Recall     (AR) @[ IoU=0.50:0.95 | area=   all | maxDets=1000 ] = 0.432
 Average Recall     (AR) @[ IoU=0.50:0.95 | area= small | maxDets=1000 ] = 0.034
 Average Recall     (AR) @[ IoU=0.50:0.95 | area=medium | maxDets=1000 ] = 0.362
 Average Recall     (AR) @[ IoU=0.50:0.95 | area= large | maxDets=1000 ] = 0.530

2026-05-07 19:44:41,243 - mmdet - INFO - Exp name: fold_1_swin_t_3x_hbb.py
2026-05-07 19:44:41,244 - mmdet - INFO - Epoch(val) [250][371]	bbox_mAP: 0.3090, bbox_mAP_50: 0.6740, bbox_mAP_75: 0.2370, bbox_mAP_s: 0.0140, bbox_mAP_m: 0.2490, bbox_mAP_l: 0.3880, bbox_mAP_copypaste: 0.309 0.674 0.237 0.014 0.249 0.388
2026-05-07 19:45:14,840 - mmdet - INFO - Epoch [251][50/101]	lr: 1.000e-06, eta: 0:53:17, time: 0.672, data_time: 0.066, memory: 7264, loss_rpn_cls: 0.0002, loss_rpn_bbox: 0.0005, loss_cls: 0.0186, acc: 99.2173, loss_bbox: 0.0073, loss: 0.0267
2026-05-07 19:45:45,719 - mmdet - INFO - Epoch [251][100/101]	lr: 1.000e-06, eta: 0:52:44, time: 0.618, data_time: 0.013, memory: 7264, loss_rpn_cls: 0.0004, loss_rpn_bbox: 0.0005, loss_cls: 0.0175, acc: 99.2706, loss_bbox: 0.0068, loss: 0.0252
2026-05-07 19:46:20,046 - mmdet - INFO - Epoch [252][50/101]	lr: 1.000e-06, eta: 0:52:12, time: 0.671, data_time: 0.066, memory: 7264, loss_rpn_cls: 0.0002, loss_rpn_bbox: 0.0004, loss_cls: 0.0176, acc: 99.2563, loss_bbox: 0.0061, loss: 0.0243
2026-05-07 19:46:50,989 - mmdet - INFO - Epoch [252][100/101]	lr: 1.000e-06, eta: 0:51:40, time: 0.619, data_time: 0.013, memory: 7264, loss_rpn_cls: 0.0004, loss_rpn_bbox: 0.0006, loss_cls: 0.0192, acc: 99.2202, loss_bbox: 0.0073, loss: 0.0275
2026-05-07 19:47:25,377 - mmdet - INFO - Epoch [253][50/101]	lr: 1.000e-06, eta: 0:51:08, time: 0.672, data_time: 0.066, memory: 7264, loss_rpn_cls: 0.0002, loss_rpn_bbox: 0.0004, loss_cls: 0.0169, acc: 99.2992, loss_bbox: 0.0064, loss: 0.0238
2026-05-07 19:47:56,382 - mmdet - INFO - Epoch [253][100/101]	lr: 1.000e-06, eta: 0:50:35, time: 0.620, data_time: 0.013, memory: 7264, loss_rpn_cls: 0.0007, loss_rpn_bbox: 0.0006, loss_cls: 0.0190, acc: 99.2147, loss_bbox: 0.0072, loss: 0.0274
2026-05-07 19:48:30,776 - mmdet - INFO - Epoch [254][50/101]	lr: 1.000e-06, eta: 0:50:03, time: 0.672, data_time: 0.066, memory: 7264, loss_rpn_cls: 0.0004, loss_rpn_bbox: 0.0005, loss_cls: 0.0173, acc: 99.3060, loss_bbox: 0.0065, loss: 0.0247
2026-05-07 19:49:01,644 - mmdet - INFO - Epoch [254][100/101]	lr: 1.000e-06, eta: 0:49:31, time: 0.617, data_time: 0.013, memory: 7264, loss_rpn_cls: 0.0003, loss_rpn_bbox: 0.0004, loss_cls: 0.0175, acc: 99.2604, loss_bbox: 0.0068, loss: 0.0250
2026-05-07 19:49:36,056 - mmdet - INFO - Epoch [255][50/101]	lr: 1.000e-06, eta: 0:48:58, time: 0.673, data_time: 0.066, memory: 7264, loss_rpn_cls: 0.0004, loss_rpn_bbox: 0.0005, loss_cls: 0.0173, acc: 99.2922, loss_bbox: 0.0066, loss: 0.0248
2026-05-07 19:50:06,923 - mmdet - INFO - Epoch [255][100/101]	lr: 1.000e-06, eta: 0:48:26, time: 0.617, data_time: 0.013, memory: 7264, loss_rpn_cls: 0.0003, loss_rpn_bbox: 0.0004, loss_cls: 0.0171, acc: 99.3121, loss_bbox: 0.0063, loss: 0.0241
2026-05-07 19:50:41,248 - mmdet - INFO - Epoch [256][50/101]	lr: 1.000e-06, eta: 0:47:54, time: 0.671, data_time: 0.066, memory: 7264, loss_rpn_cls: 0.0003, loss_rpn_bbox: 0.0004, loss_cls: 0.0167, acc: 99.3191, loss_bbox: 0.0068, loss: 0.0242
2026-05-07 19:51:12,171 - mmdet - INFO - Epoch [256][100/101]	lr: 1.000e-06, eta: 0:47:22, time: 0.618, data_time: 0.013, memory: 7264, loss_rpn_cls: 0.0004, loss_rpn_bbox: 0.0005, loss_cls: 0.0185, acc: 99.2328, loss_bbox: 0.0066, loss: 0.0260
2026-05-07 19:51:46,649 - mmdet - INFO - Epoch [257][50/101]	lr: 1.000e-06, eta: 0:46:49, time: 0.674, data_time: 0.066, memory: 7264, loss_rpn_cls: 0.0005, loss_rpn_bbox: 0.0006, loss_cls: 0.0206, acc: 99.1580, loss_bbox: 0.0083, loss: 0.0300
2026-05-07 19:52:17,411 - mmdet - INFO - Epoch [257][100/101]	lr: 1.000e-06, eta: 0:46:17, time: 0.615, data_time: 0.013, memory: 7264, loss_rpn_cls: 0.0002, loss_rpn_bbox: 0.0004, loss_cls: 0.0157, acc: 99.3525, loss_bbox: 0.0054, loss: 0.0218
2026-05-07 19:52:51,781 - mmdet - INFO - Epoch [258][50/101]	lr: 1.000e-06, eta: 0:45:45, time: 0.672, data_time: 0.066, memory: 7264, loss_rpn_cls: 0.0007, loss_rpn_bbox: 0.0005, loss_cls: 0.0176, acc: 99.2669, loss_bbox: 0.0063, loss: 0.0250
2026-05-07 19:53:22,695 - mmdet - INFO - Epoch [258][100/101]	lr: 1.000e-06, eta: 0:45:12, time: 0.618, data_time: 0.013, memory: 7264, loss_rpn_cls: 0.0002, loss_rpn_bbox: 0.0005, loss_cls: 0.0179, acc: 99.2670, loss_bbox: 0.0073, loss: 0.0259
2026-05-07 19:53:57,006 - mmdet - INFO - Epoch [259][50/101]	lr: 1.000e-06, eta: 0:44:40, time: 0.670, data_time: 0.066, memory: 7264, loss_rpn_cls: 0.0003, loss_rpn_bbox: 0.0004, loss_cls: 0.0176, acc: 99.2773, loss_bbox: 0.0068, loss: 0.0251
2026-05-07 19:54:27,905 - mmdet - INFO - Epoch [259][100/101]	lr: 1.000e-06, eta: 0:44:08, time: 0.618, data_time: 0.013, memory: 7264, loss_rpn_cls: 0.0003, loss_rpn_bbox: 0.0005, loss_cls: 0.0171, acc: 99.2895, loss_bbox: 0.0061, loss: 0.0240
2026-05-07 19:55:02,352 - mmdet - INFO - Epoch [260][50/101]	lr: 1.000e-06, eta: 0:43:35, time: 0.673, data_time: 0.066, memory: 7264, loss_rpn_cls: 0.0004, loss_rpn_bbox: 0.0005, loss_cls: 0.0185, acc: 99.2323, loss_bbox: 0.0070, loss: 0.0264
2026-05-07 19:55:33,211 - mmdet - INFO - Epoch [260][100/101]	lr: 1.000e-06, eta: 0:43:03, time: 0.617, data_time: 0.013, memory: 7264, loss_rpn_cls: 0.0002, loss_rpn_bbox: 0.0004, loss_cls: 0.0167, acc: 99.3174, loss_bbox: 0.0067, loss: 0.0240
2026-05-07 19:55:33,988 - mmdet - INFO - Saving checkpoint at 260 epochs
2026-05-07 19:56:14,349 - mmdet - INFO - Evaluating bbox...
2026-05-07 19:56:17,103 - mmdet - INFO - 
 Average Precision  (AP) @[ IoU=0.50:0.95 | area=   all | maxDets=100 ] = 0.308
 Average Precision  (AP) @[ IoU=0.50      | area=   all | maxDets=1000 ] = 0.673
 Average Precision  (AP) @[ IoU=0.75      | area=   all | maxDets=1000 ] = 0.237
 Average Precision  (AP) @[ IoU=0.50:0.95 | area= small | maxDets=1000 ] = 0.016
 Average Precision  (AP) @[ IoU=0.50:0.95 | area=medium | maxDets=1000 ] = 0.251
 Average Precision  (AP) @[ IoU=0.50:0.95 | area= large | maxDets=1000 ] = 0.388
 Average Recall     (AR) @[ IoU=0.50:0.95 | area=   all | maxDets=100 ] = 0.432
 Average Recall     (AR) @[ IoU=0.50:0.95 | area=   all | maxDets=300 ] = 0.432
 Average Recall     (AR) @[ IoU=0.50:0.95 | area=   all | maxDets=1000 ] = 0.432
 Average Recall     (AR) @[ IoU=0.50:0.95 | area= small | maxDets=1000 ] = 0.038
 Average Recall     (AR) @[ IoU=0.50:0.95 | area=medium | maxDets=1000 ] = 0.363
 Average Recall     (AR) @[ IoU=0.50:0.95 | area= large | maxDets=1000 ] = 0.528

2026-05-07 19:56:17,107 - mmdet - INFO - Exp name: fold_1_swin_t_3x_hbb.py
2026-05-07 19:56:17,107 - mmdet - INFO - Epoch(val) [260][371]	bbox_mAP: 0.3080, bbox_mAP_50: 0.6730, bbox_mAP_75: 0.2370, bbox_mAP_s: 0.0160, bbox_mAP_m: 0.2510, bbox_mAP_l: 0.3880, bbox_mAP_copypaste: 0.308 0.673 0.237 0.016 0.251 0.388
2026-05-07 19:56:50,675 - mmdet - INFO - Epoch [261][50/101]	lr: 1.000e-06, eta: 0:42:31, time: 0.671, data_time: 0.066, memory: 7264, loss_rpn_cls: 0.0005, loss_rpn_bbox: 0.0005, loss_cls: 0.0164, acc: 99.3129, loss_bbox: 0.0064, loss: 0.0237
2026-05-07 19:57:21,513 - mmdet - INFO - Epoch [261][100/101]	lr: 1.000e-06, eta: 0:41:59, time: 0.617, data_time: 0.013, memory: 7264, loss_rpn_cls: 0.0003, loss_rpn_bbox: 0.0004, loss_cls: 0.0184, acc: 99.2470, loss_bbox: 0.0067, loss: 0.0258
2026-05-07 19:57:55,858 - mmdet - INFO - Epoch [262][50/101]	lr: 1.000e-06, eta: 0:41:26, time: 0.671, data_time: 0.066, memory: 7264, loss_rpn_cls: 0.0006, loss_rpn_bbox: 0.0005, loss_cls: 0.0168, acc: 99.3198, loss_bbox: 0.0061, loss: 0.0240
2026-05-07 19:58:26,768 - mmdet - INFO - Epoch [262][100/101]	lr: 1.000e-06, eta: 0:40:54, time: 0.618, data_time: 0.013, memory: 7264, loss_rpn_cls: 0.0002, loss_rpn_bbox: 0.0005, loss_cls: 0.0192, acc: 99.2033, loss_bbox: 0.0077, loss: 0.0275
2026-05-07 19:59:01,236 - mmdet - INFO - Epoch [263][50/101]	lr: 1.000e-06, eta: 0:40:22, time: 0.673, data_time: 0.066, memory: 7264, loss_rpn_cls: 0.0005, loss_rpn_bbox: 0.0006, loss_cls: 0.0184, acc: 99.2267, loss_bbox: 0.0075, loss: 0.0270
2026-05-07 19:59:32,108 - mmdet - INFO - Epoch [263][100/101]	lr: 1.000e-06, eta: 0:39:49, time: 0.617, data_time: 0.013, memory: 7264, loss_rpn_cls: 0.0003, loss_rpn_bbox: 0.0005, loss_cls: 0.0176, acc: 99.2698, loss_bbox: 0.0067, loss: 0.0252
2026-05-07 20:00:06,448 - mmdet - INFO - Epoch [264][50/101]	lr: 1.000e-06, eta: 0:39:17, time: 0.671, data_time: 0.066, memory: 7264, loss_rpn_cls: 0.0003, loss_rpn_bbox: 0.0004, loss_cls: 0.0171, acc: 99.3195, loss_bbox: 0.0067, loss: 0.0245
2026-05-07 20:00:37,347 - mmdet - INFO - Epoch [264][100/101]	lr: 1.000e-06, eta: 0:38:45, time: 0.618, data_time: 0.013, memory: 7264, loss_rpn_cls: 0.0002, loss_rpn_bbox: 0.0005, loss_cls: 0.0183, acc: 99.2586, loss_bbox: 0.0065, loss: 0.0254
2026-05-07 20:01:11,773 - mmdet - INFO - Epoch [265][50/101]	lr: 1.000e-06, eta: 0:38:12, time: 0.673, data_time: 0.066, memory: 7264, loss_rpn_cls: 0.0004, loss_rpn_bbox: 0.0005, loss_cls: 0.0180, acc: 99.2427, loss_bbox: 0.0072, loss: 0.0261
2026-05-07 20:01:42,642 - mmdet - INFO - Epoch [265][100/101]	lr: 1.000e-06, eta: 0:37:40, time: 0.617, data_time: 0.013, memory: 7264, loss_rpn_cls: 0.0005, loss_rpn_bbox: 0.0004, loss_cls: 0.0162, acc: 99.3405, loss_bbox: 0.0059, loss: 0.0230
2026-05-07 20:02:17,080 - mmdet - INFO - Epoch [266][50/101]	lr: 1.000e-06, eta: 0:37:08, time: 0.673, data_time: 0.066, memory: 7264, loss_rpn_cls: 0.0004, loss_rpn_bbox: 0.0005, loss_cls: 0.0174, acc: 99.2862, loss_bbox: 0.0073, loss: 0.0255
2026-05-07 20:02:47,947 - mmdet - INFO - Epoch [266][100/101]	lr: 1.000e-06, eta: 0:36:36, time: 0.617, data_time: 0.013, memory: 7264, loss_rpn_cls: 0.0004, loss_rpn_bbox: 0.0004, loss_cls: 0.0177, acc: 99.2819, loss_bbox: 0.0064, loss: 0.0249
2026-05-07 20:03:22,316 - mmdet - INFO - Epoch [267][50/101]	lr: 1.000e-06, eta: 0:36:03, time: 0.671, data_time: 0.066, memory: 7264, loss_rpn_cls: 0.0002, loss_rpn_bbox: 0.0004, loss_cls: 0.0155, acc: 99.3776, loss_bbox: 0.0059, loss: 0.0220
2026-05-07 20:03:53,266 - mmdet - INFO - Epoch [267][100/101]	lr: 1.000e-06, eta: 0:35:31, time: 0.619, data_time: 0.013, memory: 7264, loss_rpn_cls: 0.0002, loss_rpn_bbox: 0.0005, loss_cls: 0.0182, acc: 99.2600, loss_bbox: 0.0070, loss: 0.0260
2026-05-07 20:04:27,625 - mmdet - INFO - Epoch [268][50/101]	lr: 1.000e-06, eta: 0:34:59, time: 0.672, data_time: 0.066, memory: 7264, loss_rpn_cls: 0.0004, loss_rpn_bbox: 0.0004, loss_cls: 0.0173, acc: 99.2857, loss_bbox: 0.0067, loss: 0.0248
2026-05-07 20:04:58,522 - mmdet - INFO - Epoch [268][100/101]	lr: 1.000e-06, eta: 0:34:26, time: 0.618, data_time: 0.013, memory: 7264, loss_rpn_cls: 0.0002, loss_rpn_bbox: 0.0005, loss_cls: 0.0169, acc: 99.3173, loss_bbox: 0.0061, loss: 0.0237
2026-05-07 20:05:32,949 - mmdet - INFO - Epoch [269][50/101]	lr: 1.000e-06, eta: 0:33:54, time: 0.673, data_time: 0.066, memory: 7264, loss_rpn_cls: 0.0002, loss_rpn_bbox: 0.0005, loss_cls: 0.0165, acc: 99.3238, loss_bbox: 0.0063, loss: 0.0235
2026-05-07 20:06:03,888 - mmdet - INFO - Epoch [269][100/101]	lr: 1.000e-06, eta: 0:33:22, time: 0.619, data_time: 0.013, memory: 7264, loss_rpn_cls: 0.0005, loss_rpn_bbox: 0.0004, loss_cls: 0.0169, acc: 99.3192, loss_bbox: 0.0065, loss: 0.0244
2026-05-07 20:06:38,242 - mmdet - INFO - Epoch [270][50/101]	lr: 1.000e-06, eta: 0:32:49, time: 0.671, data_time: 0.066, memory: 7264, loss_rpn_cls: 0.0003, loss_rpn_bbox: 0.0005, loss_cls: 0.0185, acc: 99.2326, loss_bbox: 0.0071, loss: 0.0263
2026-05-07 20:07:09,084 - mmdet - INFO - Epoch [270][100/101]	lr: 1.000e-06, eta: 0:32:17, time: 0.617, data_time: 0.013, memory: 7264, loss_rpn_cls: 0.0005, loss_rpn_bbox: 0.0004, loss_cls: 0.0162, acc: 99.3330, loss_bbox: 0.0065, loss: 0.0236
2026-05-07 20:07:09,847 - mmdet - INFO - Saving checkpoint at 270 epochs
2026-05-07 20:07:50,028 - mmdet - INFO - Evaluating bbox...
2026-05-07 20:07:52,788 - mmdet - INFO - 
 Average Precision  (AP) @[ IoU=0.50:0.95 | area=   all | maxDets=100 ] = 0.307
 Average Precision  (AP) @[ IoU=0.50      | area=   all | maxDets=1000 ] = 0.675
 Average Precision  (AP) @[ IoU=0.75      | area=   all | maxDets=1000 ] = 0.235
 Average Precision  (AP) @[ IoU=0.50:0.95 | area= small | maxDets=1000 ] = 0.014
 Average Precision  (AP) @[ IoU=0.50:0.95 | area=medium | maxDets=1000 ] = 0.250
 Average Precision  (AP) @[ IoU=0.50:0.95 | area= large | maxDets=1000 ] = 0.386
 Average Recall     (AR) @[ IoU=0.50:0.95 | area=   all | maxDets=100 ] = 0.429
 Average Recall     (AR) @[ IoU=0.50:0.95 | area=   all | maxDets=300 ] = 0.429
 Average Recall     (AR) @[ IoU=0.50:0.95 | area=   all | maxDets=1000 ] = 0.429
 Average Recall     (AR) @[ IoU=0.50:0.95 | area= small | maxDets=1000 ] = 0.038
 Average Recall     (AR) @[ IoU=0.50:0.95 | area=medium | maxDets=1000 ] = 0.360
 Average Recall     (AR) @[ IoU=0.50:0.95 | area= large | maxDets=1000 ] = 0.527

2026-05-07 20:07:52,793 - mmdet - INFO - Exp name: fold_1_swin_t_3x_hbb.py
2026-05-07 20:07:52,793 - mmdet - INFO - Epoch(val) [270][371]	bbox_mAP: 0.3070, bbox_mAP_50: 0.6750, bbox_mAP_75: 0.2350, bbox_mAP_s: 0.0140, bbox_mAP_m: 0.2500, bbox_mAP_l: 0.3860, bbox_mAP_copypaste: 0.307 0.675 0.235 0.014 0.250 0.386
2026-05-07 20:08:26,344 - mmdet - INFO - Epoch [271][50/101]	lr: 1.000e-06, eta: 0:31:45, time: 0.671, data_time: 0.067, memory: 7264, loss_rpn_cls: 0.0003, loss_rpn_bbox: 0.0004, loss_cls: 0.0166, acc: 99.3221, loss_bbox: 0.0059, loss: 0.0232
2026-05-07 20:08:57,206 - mmdet - INFO - Epoch [271][100/101]	lr: 1.000e-06, eta: 0:31:13, time: 0.617, data_time: 0.013, memory: 7264, loss_rpn_cls: 0.0005, loss_rpn_bbox: 0.0005, loss_cls: 0.0180, acc: 99.2551, loss_bbox: 0.0071, loss: 0.0261
2026-05-07 20:09:31,583 - mmdet - INFO - Epoch [272][50/101]	lr: 1.000e-06, eta: 0:30:40, time: 0.672, data_time: 0.065, memory: 7264, loss_rpn_cls: 0.0005, loss_rpn_bbox: 0.0005, loss_cls: 0.0183, acc: 99.2686, loss_bbox: 0.0068, loss: 0.0261
2026-05-07 20:10:02,434 - mmdet - INFO - Epoch [272][100/101]	lr: 1.000e-06, eta: 0:30:08, time: 0.617, data_time: 0.013, memory: 7264, loss_rpn_cls: 0.0003, loss_rpn_bbox: 0.0004, loss_cls: 0.0159, acc: 99.3548, loss_bbox: 0.0061, loss: 0.0228
2026-05-07 20:10:36,781 - mmdet - INFO - Epoch [273][50/101]	lr: 1.000e-06, eta: 0:29:36, time: 0.671, data_time: 0.066, memory: 7264, loss_rpn_cls: 0.0004, loss_rpn_bbox: 0.0005, loss_cls: 0.0174, acc: 99.3264, loss_bbox: 0.0069, loss: 0.0252
2026-05-07 20:11:07,660 - mmdet - INFO - Epoch [273][100/101]	lr: 1.000e-06, eta: 0:29:03, time: 0.618, data_time: 0.013, memory: 7264, loss_rpn_cls: 0.0003, loss_rpn_bbox: 0.0004, loss_cls: 0.0178, acc: 99.2573, loss_bbox: 0.0071, loss: 0.0256
2026-05-07 20:11:42,007 - mmdet - INFO - Epoch [274][50/101]	lr: 1.000e-06, eta: 0:28:31, time: 0.671, data_time: 0.066, memory: 7264, loss_rpn_cls: 0.0003, loss_rpn_bbox: 0.0004, loss_cls: 0.0187, acc: 99.2246, loss_bbox: 0.0066, loss: 0.0261
2026-05-07 20:12:12,900 - mmdet - INFO - Epoch [274][100/101]	lr: 1.000e-06, eta: 0:27:59, time: 0.618, data_time: 0.013, memory: 7264, loss_rpn_cls: 0.0003, loss_rpn_bbox: 0.0005, loss_cls: 0.0178, acc: 99.2575, loss_bbox: 0.0066, loss: 0.0252
2026-05-07 20:12:47,178 - mmdet - INFO - Epoch [275][50/101]	lr: 1.000e-06, eta: 0:27:26, time: 0.670, data_time: 0.066, memory: 7264, loss_rpn_cls: 0.0003, loss_rpn_bbox: 0.0004, loss_cls: 0.0164, acc: 99.3460, loss_bbox: 0.0058, loss: 0.0229
2026-05-07 20:13:18,065 - mmdet - INFO - Epoch [275][100/101]	lr: 1.000e-06, eta: 0:26:54, time: 0.618, data_time: 0.013, memory: 7264, loss_rpn_cls: 0.0009, loss_rpn_bbox: 0.0005, loss_cls: 0.0173, acc: 99.3249, loss_bbox: 0.0069, loss: 0.0256
2026-05-07 20:13:52,354 - mmdet - INFO - Epoch [276][50/101]	lr: 1.000e-06, eta: 0:26:22, time: 0.670, data_time: 0.066, memory: 7264, loss_rpn_cls: 0.0002, loss_rpn_bbox: 0.0004, loss_cls: 0.0157, acc: 99.3515, loss_bbox: 0.0053, loss: 0.0216
2026-05-07 20:14:23,315 - mmdet - INFO - Epoch [276][100/101]	lr: 1.000e-06, eta: 0:25:50, time: 0.619, data_time: 0.013, memory: 7264, loss_rpn_cls: 0.0004, loss_rpn_bbox: 0.0006, loss_cls: 0.0191, acc: 99.2269, loss_bbox: 0.0078, loss: 0.0278
2026-05-07 20:14:57,626 - mmdet - INFO - Epoch [277][50/101]	lr: 1.000e-06, eta: 0:25:17, time: 0.671, data_time: 0.066, memory: 7264, loss_rpn_cls: 0.0002, loss_rpn_bbox: 0.0004, loss_cls: 0.0153, acc: 99.3490, loss_bbox: 0.0057, loss: 0.0215
2026-05-07 20:15:28,517 - mmdet - INFO - Epoch [277][100/101]	lr: 1.000e-06, eta: 0:24:45, time: 0.618, data_time: 0.013, memory: 7264, loss_rpn_cls: 0.0002, loss_rpn_bbox: 0.0005, loss_cls: 0.0186, acc: 99.2292, loss_bbox: 0.0076, loss: 0.0270
2026-05-07 20:16:02,861 - mmdet - INFO - Epoch [278][50/101]	lr: 1.000e-06, eta: 0:24:13, time: 0.671, data_time: 0.066, memory: 7264, loss_rpn_cls: 0.0002, loss_rpn_bbox: 0.0004, loss_cls: 0.0174, acc: 99.2762, loss_bbox: 0.0063, loss: 0.0244
2026-05-07 20:16:33,754 - mmdet - INFO - Epoch [278][100/101]	lr: 1.000e-06, eta: 0:23:41, time: 0.618, data_time: 0.013, memory: 7264, loss_rpn_cls: 0.0005, loss_rpn_bbox: 0.0005, loss_cls: 0.0166, acc: 99.3021, loss_bbox: 0.0064, loss: 0.0240
2026-05-07 20:17:08,197 - mmdet - INFO - Epoch [279][50/101]	lr: 1.000e-06, eta: 0:23:08, time: 0.673, data_time: 0.066, memory: 7264, loss_rpn_cls: 0.0001, loss_rpn_bbox: 0.0004, loss_cls: 0.0167, acc: 99.3164, loss_bbox: 0.0067, loss: 0.0240
2026-05-07 20:17:39,001 - mmdet - INFO - Epoch [279][100/101]	lr: 1.000e-06, eta: 0:22:36, time: 0.616, data_time: 0.013, memory: 7264, loss_rpn_cls: 0.0006, loss_rpn_bbox: 0.0004, loss_cls: 0.0153, acc: 99.3525, loss_bbox: 0.0052, loss: 0.0216
2026-05-07 20:18:13,369 - mmdet - INFO - Epoch [280][50/101]	lr: 1.000e-06, eta: 0:22:03, time: 0.671, data_time: 0.065, memory: 7264, loss_rpn_cls: 0.0003, loss_rpn_bbox: 0.0006, loss_cls: 0.0198, acc: 99.1772, loss_bbox: 0.0071, loss: 0.0279
2026-05-07 20:18:44,209 - mmdet - INFO - Epoch [280][100/101]	lr: 1.000e-06, eta: 0:21:31, time: 0.617, data_time: 0.013, memory: 7264, loss_rpn_cls: 0.0002, loss_rpn_bbox: 0.0004, loss_cls: 0.0157, acc: 99.3906, loss_bbox: 0.0058, loss: 0.0221
2026-05-07 20:18:44,983 - mmdet - INFO - Saving checkpoint at 280 epochs
2026-05-07 20:19:25,202 - mmdet - INFO - Evaluating bbox...
2026-05-07 20:19:28,038 - mmdet - INFO - 
 Average Precision  (AP) @[ IoU=0.50:0.95 | area=   all | maxDets=100 ] = 0.307
 Average Precision  (AP) @[ IoU=0.50      | area=   all | maxDets=1000 ] = 0.672
 Average Precision  (AP) @[ IoU=0.75      | area=   all | maxDets=1000 ] = 0.235
 Average Precision  (AP) @[ IoU=0.50:0.95 | area= small | maxDets=1000 ] = 0.010
 Average Precision  (AP) @[ IoU=0.50:0.95 | area=medium | maxDets=1000 ] = 0.249
 Average Precision  (AP) @[ IoU=0.50:0.95 | area= large | maxDets=1000 ] = 0.387
 Average Recall     (AR) @[ IoU=0.50:0.95 | area=   all | maxDets=100 ] = 0.429
 Average Recall     (AR) @[ IoU=0.50:0.95 | area=   all | maxDets=300 ] = 0.429
 Average Recall     (AR) @[ IoU=0.50:0.95 | area=   all | maxDets=1000 ] = 0.429
 Average Recall     (AR) @[ IoU=0.50:0.95 | area= small | maxDets=1000 ] = 0.038
 Average Recall     (AR) @[ IoU=0.50:0.95 | area=medium | maxDets=1000 ] = 0.360
 Average Recall     (AR) @[ IoU=0.50:0.95 | area= large | maxDets=1000 ] = 0.525

2026-05-07 20:19:28,042 - mmdet - INFO - Exp name: fold_1_swin_t_3x_hbb.py
2026-05-07 20:19:28,043 - mmdet - INFO - Epoch(val) [280][371]	bbox_mAP: 0.3070, bbox_mAP_50: 0.6720, bbox_mAP_75: 0.2350, bbox_mAP_s: 0.0100, bbox_mAP_m: 0.2490, bbox_mAP_l: 0.3870, bbox_mAP_copypaste: 0.307 0.672 0.235 0.010 0.249 0.387
2026-05-07 20:20:01,582 - mmdet - INFO - Epoch [281][50/101]	lr: 1.000e-06, eta: 0:20:59, time: 0.671, data_time: 0.066, memory: 7264, loss_rpn_cls: 0.0004, loss_rpn_bbox: 0.0004, loss_cls: 0.0156, acc: 99.3785, loss_bbox: 0.0057, loss: 0.0221
2026-05-07 20:20:32,457 - mmdet - INFO - Epoch [281][100/101]	lr: 1.000e-06, eta: 0:20:27, time: 0.617, data_time: 0.013, memory: 7264, loss_rpn_cls: 0.0004, loss_rpn_bbox: 0.0005, loss_cls: 0.0187, acc: 99.2460, loss_bbox: 0.0076, loss: 0.0272
2026-05-07 20:21:06,882 - mmdet - INFO - Epoch [282][50/101]	lr: 1.000e-06, eta: 0:19:54, time: 0.673, data_time: 0.066, memory: 7264, loss_rpn_cls: 0.0004, loss_rpn_bbox: 0.0005, loss_cls: 0.0184, acc: 99.2113, loss_bbox: 0.0076, loss: 0.0269
2026-05-07 20:21:37,757 - mmdet - INFO - Epoch [282][100/101]	lr: 1.000e-06, eta: 0:19:22, time: 0.617, data_time: 0.013, memory: 7264, loss_rpn_cls: 0.0005, loss_rpn_bbox: 0.0004, loss_cls: 0.0167, acc: 99.3168, loss_bbox: 0.0062, loss: 0.0238
2026-05-07 20:22:12,170 - mmdet - INFO - Epoch [283][50/101]	lr: 1.000e-06, eta: 0:18:50, time: 0.673, data_time: 0.066, memory: 7264, loss_rpn_cls: 0.0002, loss_rpn_bbox: 0.0005, loss_cls: 0.0178, acc: 99.2471, loss_bbox: 0.0072, loss: 0.0257
2026-05-07 20:22:43,020 - mmdet - INFO - Epoch [283][100/101]	lr: 1.000e-06, eta: 0:18:18, time: 0.617, data_time: 0.013, memory: 7264, loss_rpn_cls: 0.0004, loss_rpn_bbox: 0.0004, loss_cls: 0.0160, acc: 99.3442, loss_bbox: 0.0061, loss: 0.0229
2026-05-07 20:23:17,400 - mmdet - INFO - Epoch [284][50/101]	lr: 1.000e-06, eta: 0:17:45, time: 0.672, data_time: 0.066, memory: 7264, loss_rpn_cls: 0.0002, loss_rpn_bbox: 0.0005, loss_cls: 0.0171, acc: 99.2982, loss_bbox: 0.0064, loss: 0.0242
2026-05-07 20:23:48,229 - mmdet - INFO - Epoch [284][100/101]	lr: 1.000e-06, eta: 0:17:13, time: 0.617, data_time: 0.013, memory: 7264, loss_rpn_cls: 0.0004, loss_rpn_bbox: 0.0005, loss_cls: 0.0177, acc: 99.2682, loss_bbox: 0.0065, loss: 0.0250
2026-05-07 20:24:22,541 - mmdet - INFO - Epoch [285][50/101]	lr: 1.000e-06, eta: 0:16:41, time: 0.671, data_time: 0.066, memory: 7264, loss_rpn_cls: 0.0003, loss_rpn_bbox: 0.0005, loss_cls: 0.0190, acc: 99.2075, loss_bbox: 0.0075, loss: 0.0272
2026-05-07 20:24:53,456 - mmdet - INFO - Epoch [285][100/101]	lr: 1.000e-06, eta: 0:16:09, time: 0.618, data_time: 0.013, memory: 7264, loss_rpn_cls: 0.0003, loss_rpn_bbox: 0.0005, loss_cls: 0.0167, acc: 99.3495, loss_bbox: 0.0064, loss: 0.0239
2026-05-07 20:25:27,858 - mmdet - INFO - Epoch [286][50/101]	lr: 1.000e-06, eta: 0:15:36, time: 0.672, data_time: 0.066, memory: 7264, loss_rpn_cls: 0.0002, loss_rpn_bbox: 0.0005, loss_cls: 0.0178, acc: 99.2803, loss_bbox: 0.0059, loss: 0.0244
2026-05-07 20:25:58,746 - mmdet - INFO - Epoch [286][100/101]	lr: 1.000e-06, eta: 0:15:04, time: 0.618, data_time: 0.013, memory: 7264, loss_rpn_cls: 0.0003, loss_rpn_bbox: 0.0005, loss_cls: 0.0161, acc: 99.3447, loss_bbox: 0.0069, loss: 0.0237
2026-05-07 20:26:33,070 - mmdet - INFO - Epoch [287][50/101]	lr: 1.000e-06, eta: 0:14:31, time: 0.671, data_time: 0.066, memory: 7264, loss_rpn_cls: 0.0001, loss_rpn_bbox: 0.0004, loss_cls: 0.0152, acc: 99.3641, loss_bbox: 0.0057, loss: 0.0214
2026-05-07 20:27:04,072 - mmdet - INFO - Epoch [287][100/101]	lr: 1.000e-06, eta: 0:13:59, time: 0.620, data_time: 0.013, memory: 7264, loss_rpn_cls: 0.0003, loss_rpn_bbox: 0.0005, loss_cls: 0.0184, acc: 99.2692, loss_bbox: 0.0074, loss: 0.0266
2026-05-07 20:27:38,471 - mmdet - INFO - Epoch [288][50/101]	lr: 1.000e-06, eta: 0:13:27, time: 0.672, data_time: 0.066, memory: 7264, loss_rpn_cls: 0.0002, loss_rpn_bbox: 0.0004, loss_cls: 0.0165, acc: 99.3042, loss_bbox: 0.0058, loss: 0.0229
2026-05-07 20:28:09,387 - mmdet - INFO - Epoch [288][100/101]	lr: 1.000e-06, eta: 0:12:55, time: 0.618, data_time: 0.013, memory: 7264, loss_rpn_cls: 0.0004, loss_rpn_bbox: 0.0005, loss_cls: 0.0178, acc: 99.2580, loss_bbox: 0.0069, loss: 0.0257
2026-05-07 20:28:43,719 - mmdet - INFO - Epoch [289][50/101]	lr: 1.000e-06, eta: 0:12:22, time: 0.671, data_time: 0.066, memory: 7264, loss_rpn_cls: 0.0002, loss_rpn_bbox: 0.0004, loss_cls: 0.0172, acc: 99.3055, loss_bbox: 0.0064, loss: 0.0243
2026-05-07 20:29:14,579 - mmdet - INFO - Epoch [289][100/101]	lr: 1.000e-06, eta: 0:11:50, time: 0.617, data_time: 0.013, memory: 7264, loss_rpn_cls: 0.0007, loss_rpn_bbox: 0.0005, loss_cls: 0.0187, acc: 99.2374, loss_bbox: 0.0076, loss: 0.0275
2026-05-07 20:29:48,981 - mmdet - INFO - Epoch [290][50/101]	lr: 1.000e-06, eta: 0:11:18, time: 0.672, data_time: 0.066, memory: 7264, loss_rpn_cls: 0.0003, loss_rpn_bbox: 0.0005, loss_cls: 0.0182, acc: 99.2469, loss_bbox: 0.0065, loss: 0.0255
2026-05-07 20:30:19,794 - mmdet - INFO - Epoch [290][100/101]	lr: 1.000e-06, eta: 0:10:46, time: 0.616, data_time: 0.013, memory: 7264, loss_rpn_cls: 0.0003, loss_rpn_bbox: 0.0005, loss_cls: 0.0167, acc: 99.3127, loss_bbox: 0.0067, loss: 0.0241
2026-05-07 20:30:20,552 - mmdet - INFO - Saving checkpoint at 290 epochs
2026-05-07 20:31:00,488 - mmdet - INFO - Evaluating bbox...
2026-05-07 20:31:03,230 - mmdet - INFO - 
 Average Precision  (AP) @[ IoU=0.50:0.95 | area=   all | maxDets=100 ] = 0.308
 Average Precision  (AP) @[ IoU=0.50      | area=   all | maxDets=1000 ] = 0.673
 Average Precision  (AP) @[ IoU=0.75      | area=   all | maxDets=1000 ] = 0.236
 Average Precision  (AP) @[ IoU=0.50:0.95 | area= small | maxDets=1000 ] = 0.015
 Average Precision  (AP) @[ IoU=0.50:0.95 | area=medium | maxDets=1000 ] = 0.251
 Average Precision  (AP) @[ IoU=0.50:0.95 | area= large | maxDets=1000 ] = 0.388
 Average Recall     (AR) @[ IoU=0.50:0.95 | area=   all | maxDets=100 ] = 0.430
 Average Recall     (AR) @[ IoU=0.50:0.95 | area=   all | maxDets=300 ] = 0.430
 Average Recall     (AR) @[ IoU=0.50:0.95 | area=   all | maxDets=1000 ] = 0.430
 Average Recall     (AR) @[ IoU=0.50:0.95 | area= small | maxDets=1000 ] = 0.034
 Average Recall     (AR) @[ IoU=0.50:0.95 | area=medium | maxDets=1000 ] = 0.362
 Average Recall     (AR) @[ IoU=0.50:0.95 | area= large | maxDets=1000 ] = 0.526

2026-05-07 20:31:03,234 - mmdet - INFO - Exp name: fold_1_swin_t_3x_hbb.py
2026-05-07 20:31:03,235 - mmdet - INFO - Epoch(val) [290][371]	bbox_mAP: 0.3080, bbox_mAP_50: 0.6730, bbox_mAP_75: 0.2360, bbox_mAP_s: 0.0150, bbox_mAP_m: 0.2510, bbox_mAP_l: 0.3880, bbox_mAP_copypaste: 0.308 0.673 0.236 0.015 0.251 0.388
2026-05-07 20:31:36,670 - mmdet - INFO - Epoch [291][50/101]	lr: 1.000e-06, eta: 0:10:13, time: 0.668, data_time: 0.066, memory: 7264, loss_rpn_cls: 0.0003, loss_rpn_bbox: 0.0003, loss_cls: 0.0150, acc: 99.3984, loss_bbox: 0.0050, loss: 0.0206
2026-05-07 20:32:07,585 - mmdet - INFO - Epoch [291][100/101]	lr: 1.000e-06, eta: 0:09:41, time: 0.618, data_time: 0.013, memory: 7264, loss_rpn_cls: 0.0006, loss_rpn_bbox: 0.0006, loss_cls: 0.0193, acc: 99.2038, loss_bbox: 0.0079, loss: 0.0284
2026-05-07 20:32:41,973 - mmdet - INFO - Epoch [292][50/101]	lr: 1.000e-06, eta: 0:09:09, time: 0.672, data_time: 0.066, memory: 7264, loss_rpn_cls: 0.0002, loss_rpn_bbox: 0.0004, loss_cls: 0.0174, acc: 99.3122, loss_bbox: 0.0061, loss: 0.0242
2026-05-07 20:33:12,788 - mmdet - INFO - Epoch [292][100/101]	lr: 1.000e-06, eta: 0:08:37, time: 0.616, data_time: 0.013, memory: 7264, loss_rpn_cls: 0.0004, loss_rpn_bbox: 0.0005, loss_cls: 0.0172, acc: 99.3245, loss_bbox: 0.0063, loss: 0.0243
2026-05-07 20:33:47,156 - mmdet - INFO - Epoch [293][50/101]	lr: 1.000e-06, eta: 0:08:04, time: 0.672, data_time: 0.066, memory: 7264, loss_rpn_cls: 0.0004, loss_rpn_bbox: 0.0005, loss_cls: 0.0162, acc: 99.3484, loss_bbox: 0.0062, loss: 0.0233
2026-05-07 20:34:18,072 - mmdet - INFO - Epoch [293][100/101]	lr: 1.000e-06, eta: 0:07:32, time: 0.618, data_time: 0.013, memory: 7264, loss_rpn_cls: 0.0004, loss_rpn_bbox: 0.0005, loss_cls: 0.0180, acc: 99.2493, loss_bbox: 0.0066, loss: 0.0255
2026-05-07 20:34:52,531 - mmdet - INFO - Epoch [294][50/101]	lr: 1.000e-06, eta: 0:06:59, time: 0.673, data_time: 0.066, memory: 7264, loss_rpn_cls: 0.0004, loss_rpn_bbox: 0.0005, loss_cls: 0.0178, acc: 99.2858, loss_bbox: 0.0073, loss: 0.0260
2026-05-07 20:35:23,377 - mmdet - INFO - Epoch [294][100/101]	lr: 1.000e-06, eta: 0:06:27, time: 0.617, data_time: 0.013, memory: 7264, loss_rpn_cls: 0.0004, loss_rpn_bbox: 0.0004, loss_cls: 0.0158, acc: 99.3553, loss_bbox: 0.0054, loss: 0.0220
2026-05-07 20:35:57,795 - mmdet - INFO - Epoch [295][50/101]	lr: 1.000e-06, eta: 0:05:55, time: 0.672, data_time: 0.066, memory: 7264, loss_rpn_cls: 0.0005, loss_rpn_bbox: 0.0006, loss_cls: 0.0188, acc: 99.2035, loss_bbox: 0.0077, loss: 0.0277
2026-05-07 20:36:28,581 - mmdet - INFO - Epoch [295][100/101]	lr: 1.000e-06, eta: 0:05:23, time: 0.616, data_time: 0.013, memory: 7264, loss_rpn_cls: 0.0001, loss_rpn_bbox: 0.0003, loss_cls: 0.0149, acc: 99.4189, loss_bbox: 0.0051, loss: 0.0205
2026-05-07 20:37:02,892 - mmdet - INFO - Epoch [296][50/101]	lr: 1.000e-06, eta: 0:04:50, time: 0.671, data_time: 0.066, memory: 7264, loss_rpn_cls: 0.0003, loss_rpn_bbox: 0.0004, loss_cls: 0.0170, acc: 99.3137, loss_bbox: 0.0064, loss: 0.0242
2026-05-07 20:37:33,779 - mmdet - INFO - Epoch [296][100/101]	lr: 1.000e-06, eta: 0:04:18, time: 0.618, data_time: 0.013, memory: 7264, loss_rpn_cls: 0.0004, loss_rpn_bbox: 0.0005, loss_cls: 0.0177, acc: 99.2801, loss_bbox: 0.0071, loss: 0.0258
2026-05-07 20:38:08,158 - mmdet - INFO - Epoch [297][50/101]	lr: 1.000e-06, eta: 0:03:46, time: 0.672, data_time: 0.066, memory: 7264, loss_rpn_cls: 0.0002, loss_rpn_bbox: 0.0004, loss_cls: 0.0161, acc: 99.3402, loss_bbox: 0.0058, loss: 0.0225
2026-05-07 20:38:39,032 - mmdet - INFO - Epoch [297][100/101]	lr: 1.000e-06, eta: 0:03:14, time: 0.617, data_time: 0.013, memory: 7264, loss_rpn_cls: 0.0003, loss_rpn_bbox: 0.0005, loss_cls: 0.0164, acc: 99.3191, loss_bbox: 0.0063, loss: 0.0235
2026-05-07 20:39:13,468 - mmdet - INFO - Epoch [298][50/101]	lr: 1.000e-06, eta: 0:02:41, time: 0.673, data_time: 0.066, memory: 7264, loss_rpn_cls: 0.0005, loss_rpn_bbox: 0.0005, loss_cls: 0.0169, acc: 99.3003, loss_bbox: 0.0069, loss: 0.0248
2026-05-07 20:39:44,360 - mmdet - INFO - Epoch [298][100/101]	lr: 1.000e-06, eta: 0:02:09, time: 0.618, data_time: 0.013, memory: 7264, loss_rpn_cls: 0.0002, loss_rpn_bbox: 0.0004, loss_cls: 0.0168, acc: 99.3156, loss_bbox: 0.0058, loss: 0.0231
2026-05-07 20:40:18,750 - mmdet - INFO - Epoch [299][50/101]	lr: 1.000e-06, eta: 0:01:37, time: 0.672, data_time: 0.066, memory: 7264, loss_rpn_cls: 0.0002, loss_rpn_bbox: 0.0004, loss_cls: 0.0155, acc: 99.3503, loss_bbox: 0.0056, loss: 0.0218
2026-05-07 20:40:49,744 - mmdet - INFO - Epoch [299][100/101]	lr: 1.000e-06, eta: 0:01:05, time: 0.620, data_time: 0.013, memory: 7264, loss_rpn_cls: 0.0004, loss_rpn_bbox: 0.0005, loss_cls: 0.0180, acc: 99.2861, loss_bbox: 0.0070, loss: 0.0259
2026-05-07 20:41:24,100 - mmdet - INFO - Epoch [300][50/101]	lr: 1.000e-06, eta: 0:00:32, time: 0.671, data_time: 0.066, memory: 7264, loss_rpn_cls: 0.0004, loss_rpn_bbox: 0.0004, loss_cls: 0.0159, acc: 99.3675, loss_bbox: 0.0060, loss: 0.0227
2026-05-07 20:41:55,038 - mmdet - INFO - Epoch [300][100/101]	lr: 1.000e-06, eta: 0:00:00, time: 0.619, data_time: 0.013, memory: 7264, loss_rpn_cls: 0.0003, loss_rpn_bbox: 0.0005, loss_cls: 0.0192, acc: 99.2070, loss_bbox: 0.0072, loss: 0.0272
2026-05-07 20:41:55,827 - mmdet - INFO - Saving checkpoint at 300 epochs
2026-05-07 20:42:35,757 - mmdet - INFO - Evaluating bbox...
2026-05-07 20:42:38,500 - mmdet - INFO - 
 Average Precision  (AP) @[ IoU=0.50:0.95 | area=   all | maxDets=100 ] = 0.308
 Average Precision  (AP) @[ IoU=0.50      | area=   all | maxDets=1000 ] = 0.674
 Average Precision  (AP) @[ IoU=0.75      | area=   all | maxDets=1000 ] = 0.235
 Average Precision  (AP) @[ IoU=0.50:0.95 | area= small | maxDets=1000 ] = 0.012
 Average Precision  (AP) @[ IoU=0.50:0.95 | area=medium | maxDets=1000 ] = 0.251
 Average Precision  (AP) @[ IoU=0.50:0.95 | area= large | maxDets=1000 ] = 0.388
 Average Recall     (AR) @[ IoU=0.50:0.95 | area=   all | maxDets=100 ] = 0.432
 Average Recall     (AR) @[ IoU=0.50:0.95 | area=   all | maxDets=300 ] = 0.432
 Average Recall     (AR) @[ IoU=0.50:0.95 | area=   all | maxDets=1000 ] = 0.432
 Average Recall     (AR) @[ IoU=0.50:0.95 | area= small | maxDets=1000 ] = 0.038
 Average Recall     (AR) @[ IoU=0.50:0.95 | area=medium | maxDets=1000 ] = 0.364
 Average Recall     (AR) @[ IoU=0.50:0.95 | area= large | maxDets=1000 ] = 0.528

2026-05-07 20:42:38,505 - mmdet - INFO - Exp name: fold_1_swin_t_3x_hbb.py
2026-05-07 20:42:38,505 - mmdet - INFO - Epoch(val) [300][371]	bbox_mAP: 0.3080, bbox_mAP_50: 0.6740, bbox_mAP_75: 0.2350, bbox_mAP_s: 0.0120, bbox_mAP_m: 0.2510, bbox_mAP_l: 0.3880, bbox_mAP_copypaste: 0.308 0.674 0.235 0.012 0.251 0.388
