2026-05-07 06:17:04,916 - mmdet - INFO - Environment info:
------------------------------------------------------------
sys.platform: linux
Python: 3.7.16 (default, Jan 17 2023, 22:20:44) [GCC 11.2.0]
CUDA available: True
GPU 0: NVIDIA GeForce RTX 2080 Ti
CUDA_HOME: /usr
NVCC: Build cuda_11.5.r11.5/compiler.30672275_0
GCC: gcc (Ubuntu 11.4.0-1ubuntu1~22.04.3) 11.4.0
PyTorch: 1.7.1+cu110
PyTorch compiling details: PyTorch built with:
  - GCC 7.3
  - C++ Version: 201402
  - Intel(R) Math Kernel Library Version 2020.0.0 Product Build 20191122 for Intel(R) 64 architecture applications
  - Intel(R) MKL-DNN v1.6.0 (Git Hash 5ef631a030a6f73131c77892041042805a06064f)
  - OpenMP 201511 (a.k.a. OpenMP 4.5)
  - NNPACK is enabled
  - CPU capability usage: AVX2
  - CUDA Runtime 11.0
  - NVCC architecture flags: -gencode;arch=compute_37,code=sm_37;-gencode;arch=compute_50,code=sm_50;-gencode;arch=compute_60,code=sm_60;-gencode;arch=compute_70,code=sm_70;-gencode;arch=compute_75,code=sm_75;-gencode;arch=compute_80,code=sm_80
  - CuDNN 8.0.5
  - Magma 2.5.2
  - Build settings: BLAS=MKL, BUILD_TYPE=Release, CXX_FLAGS= -Wno-deprecated -fvisibility-inlines-hidden -DUSE_PTHREADPOOL -fopenmp -DNDEBUG -DUSE_FBGEMM -DUSE_QNNPACK -DUSE_PYTORCH_QNNPACK -DUSE_XNNPACK -DUSE_VULKAN_WRAPPER -O2 -fPIC -Wno-narrowing -Wall -Wextra -Werror=return-type -Wno-missing-field-initializers -Wno-type-limits -Wno-array-bounds -Wno-unknown-pragmas -Wno-sign-compare -Wno-unused-parameter -Wno-unused-variable -Wno-unused-function -Wno-unused-result -Wno-unused-local-typedefs -Wno-strict-overflow -Wno-strict-aliasing -Wno-error=deprecated-declarations -Wno-stringop-overflow -Wno-psabi -Wno-error=pedantic -Wno-error=redundant-decls -Wno-error=old-style-cast -fdiagnostics-color=always -faligned-new -Wno-unused-but-set-variable -Wno-maybe-uninitialized -fno-math-errno -fno-trapping-math -Werror=format -Wno-stringop-overflow, PERF_WITH_AVX=1, PERF_WITH_AVX2=1, PERF_WITH_AVX512=1, USE_CUDA=ON, USE_EXCEPTION_PTR=1, USE_GFLAGS=OFF, USE_GLOG=OFF, USE_MKL=ON, USE_MKLDNN=ON, USE_MPI=OFF, USE_NCCL=ON, USE_NNPACK=ON, USE_OPENMP=ON, 

TorchVision: 0.8.2+cu110
OpenCV: 4.13.0
MMCV: 1.3.17
MMCV Compiler: GCC 7.3
MMCV CUDA Compiler: 11.0
MMDetection: 2.23.0+2544401
------------------------------------------------------------

2026-05-07 06:17:06,104 - mmdet - INFO - Distributed training: True
2026-05-07 06:17:07,350 - mmdet - INFO - Config:
norm_cfg = dict(type='GN', num_groups=32, requires_grad=True)
model = dict(
    type='FasterRCNN',
    backbone=dict(
        type='SwinTransformer',
        embed_dims=96,
        depths=[2, 2, 6, 2],
        num_heads=[3, 6, 12, 24],
        window_size=7,
        mlp_ratio=4,
        qkv_bias=True,
        qk_scale=None,
        drop_rate=0.0,
        attn_drop_rate=0.0,
        drop_path_rate=0.2,
        patch_norm=True,
        out_indices=(0, 1, 2, 3),
        with_cp=False,
        convert_weights=True,
        init_cfg=dict(
            type='Pretrained', checkpoint='orcn-swin-t-dota-latest.pth')),
    neck=dict(
        type='FPN',
        in_channels=[96, 192, 384, 768],
        out_channels=256,
        num_outs=5),
    rpn_head=dict(
        type='RPNHead',
        in_channels=256,
        feat_channels=256,
        anchor_generator=dict(
            type='AnchorGenerator',
            scales=[8],
            ratios=[0.5, 1.0, 2.0],
            strides=[4, 8, 16, 32, 64]),
        bbox_coder=dict(
            type='DeltaXYWHBBoxCoder',
            target_means=[0.0, 0.0, 0.0, 0.0],
            target_stds=[1.0, 1.0, 1.0, 1.0]),
        loss_cls=dict(
            type='CrossEntropyLoss', use_sigmoid=True, loss_weight=1.0),
        loss_bbox=dict(type='SmoothL1Loss', loss_weight=1.0)),
    roi_head=dict(
        type='StandardRoIHead',
        bbox_roi_extractor=dict(
            type='SingleRoIExtractor',
            roi_layer=dict(type='RoIAlign', output_size=7, sampling_ratio=0),
            out_channels=256,
            featmap_strides=[4, 8, 16, 32]),
        bbox_head=dict(
            type='Shared4Conv1FCBBoxHead',
            conv_out_channels=256,
            norm_cfg=dict(type='GN', num_groups=32, requires_grad=True),
            in_channels=256,
            fc_out_channels=1024,
            roi_feat_size=7,
            num_classes=1,
            bbox_coder=dict(
                type='DeltaXYWHBBoxCoder',
                target_means=[0.0, 0.0, 0.0, 0.0],
                target_stds=[0.1, 0.1, 0.2, 0.2]),
            reg_class_agnostic=False,
            loss_cls=dict(
                type='CrossEntropyLoss', use_sigmoid=False, loss_weight=1.0),
            loss_bbox=dict(type='SmoothL1Loss', loss_weight=1.0))),
    train_cfg=dict(
        rpn=dict(
            assigner=dict(
                type='MaxIoUAssigner',
                pos_iou_thr=0.7,
                neg_iou_thr=0.3,
                min_pos_iou=0.3,
                match_low_quality=True,
                ignore_iof_thr=-1),
            sampler=dict(
                type='RandomSampler',
                num=256,
                pos_fraction=0.5,
                neg_pos_ub=-1,
                add_gt_as_proposals=False),
            allowed_border=-1,
            pos_weight=-1,
            debug=False),
        rpn_proposal=dict(
            nms_pre=2000,
            max_per_img=1000,
            nms=dict(type='nms', iou_threshold=0.7),
            min_bbox_size=0),
        rcnn=dict(
            assigner=dict(
                type='MaxIoUAssigner',
                pos_iou_thr=0.5,
                neg_iou_thr=0.5,
                min_pos_iou=0.5,
                match_low_quality=False,
                ignore_iof_thr=-1),
            sampler=dict(
                type='RandomSampler',
                num=512,
                pos_fraction=0.25,
                neg_pos_ub=-1,
                add_gt_as_proposals=True),
            pos_weight=-1,
            debug=False)),
    test_cfg=dict(
        rpn=dict(
            nms_pre=1000,
            max_per_img=1000,
            nms=dict(type='nms', iou_threshold=0.9),
            min_bbox_size=0),
        rcnn=dict(
            score_thr=0.01,
            nms=dict(type='soft_nms', iou_threshold=0.5, min_score=0.01),
            max_per_img=100)))
dataset_type = 'CocoDataset'
data_root = '/home/ahmadreza/Downloads/Research/M2SODAI/baseline_official/'
img_norm_cfg = dict(
    mean=[123.675, 116.28, 103.53], std=[58.395, 57.12, 57.375], to_rgb=True)
train_pipeline = [
    dict(type='LoadImageFromFile'),
    dict(type='LoadAnnotations', with_bbox=True),
    dict(type='Resize', img_scale=(640, 640), keep_ratio=True),
    dict(
        type='RandomFlip',
        flip_ratio=0.5,
        direction=['horizontal', 'vertical']),
    dict(
        type='Normalize',
        mean=[123.675, 116.28, 103.53],
        std=[58.395, 57.12, 57.375],
        to_rgb=True),
    dict(type='Pad', size_divisor=32),
    dict(type='DefaultFormatBundle'),
    dict(type='Collect', keys=['img', 'gt_bboxes', 'gt_labels'])
]
test_pipeline = [
    dict(type='LoadImageFromFile'),
    dict(
        type='MultiScaleFlipAug',
        img_scale=(640, 640),
        flip=False,
        transforms=[
            dict(type='Resize', keep_ratio=True),
            dict(type='RandomFlip'),
            dict(
                type='Normalize',
                mean=[123.675, 116.28, 103.53],
                std=[58.395, 57.12, 57.375],
                to_rgb=True),
            dict(type='Pad', size_divisor=32),
            dict(type='ImageToTensor', keys=['img']),
            dict(type='Collect', keys=['img'])
        ])
]
data = dict(
    samples_per_gpu=4,
    workers_per_gpu=4,
    train=dict(
        type='CocoDataset',
        ann_file=
        '/home/ahmadreza/Downloads/Research/M2SODAI/baseline_official/fold_1/train/annotations.json',
        img_prefix=
        '/home/ahmadreza/Downloads/Research/M2SODAI/baseline_official/fold_1/train/images/',
        classes=('ship', ),
        pipeline=[
            dict(type='LoadImageFromFile'),
            dict(type='LoadAnnotations', with_bbox=True),
            dict(type='Resize', img_scale=(640, 640), keep_ratio=True),
            dict(
                type='RandomFlip',
                flip_ratio=0.5,
                direction=['horizontal', 'vertical']),
            dict(
                type='Normalize',
                mean=[123.675, 116.28, 103.53],
                std=[58.395, 57.12, 57.375],
                to_rgb=True),
            dict(type='Pad', size_divisor=32),
            dict(type='DefaultFormatBundle'),
            dict(type='Collect', keys=['img', 'gt_bboxes', 'gt_labels'])
        ]),
    val=dict(
        type='CocoDataset',
        ann_file=
        '/home/ahmadreza/Downloads/Research/M2SODAI/baseline_official/fold_1/val/annotations.json',
        img_prefix=
        '/home/ahmadreza/Downloads/Research/M2SODAI/baseline_official/fold_1/val/images/',
        classes=('ship', ),
        pipeline=[
            dict(type='LoadImageFromFile'),
            dict(
                type='MultiScaleFlipAug',
                img_scale=(640, 640),
                flip=False,
                transforms=[
                    dict(type='Resize', keep_ratio=True),
                    dict(type='RandomFlip'),
                    dict(
                        type='Normalize',
                        mean=[123.675, 116.28, 103.53],
                        std=[58.395, 57.12, 57.375],
                        to_rgb=True),
                    dict(type='Pad', size_divisor=32),
                    dict(type='ImageToTensor', keys=['img']),
                    dict(type='Collect', keys=['img'])
                ])
        ]),
    test=dict(
        type='CocoDataset',
        ann_file=
        '/home/ahmadreza/Downloads/Research/M2SODAI/baseline_official/fold_1/val/annotations.json',
        img_prefix=
        '/home/ahmadreza/Downloads/Research/M2SODAI/baseline_official/fold_1/val/images/',
        classes=('ship', ),
        pipeline=[
            dict(type='LoadImageFromFile'),
            dict(
                type='MultiScaleFlipAug',
                img_scale=(640, 640),
                flip=False,
                transforms=[
                    dict(type='Resize', keep_ratio=True),
                    dict(type='RandomFlip'),
                    dict(
                        type='Normalize',
                        mean=[123.675, 116.28, 103.53],
                        std=[58.395, 57.12, 57.375],
                        to_rgb=True),
                    dict(type='Pad', size_divisor=32),
                    dict(type='ImageToTensor', keys=['img']),
                    dict(type='Collect', keys=['img'])
                ])
        ]))
optimizer = dict(type='AdamW', lr=0.0001, weight_decay=0.05)
optimizer_config = dict(grad_clip=None)
lr_config = dict(
    policy='step',
    warmup='linear',
    warmup_iters=500,
    warmup_ratio=0.001,
    step=[8, 11])
runner = dict(type='EpochBasedRunner', max_epochs=300)
evaluation = dict(interval=10, metric='bbox')
checkpoint_config = dict(interval=1)
log_config = dict(
    interval=50,
    hooks=[dict(type='TextLoggerHook'),
           dict(type='TensorboardLoggerHook')])
custom_hooks = [
    dict(
        type='EarlyStoppingHook',
        monitor='bbox_mAP',
        patience=5,
        min_delta=0.001)
]
dist_params = dict(backend='nccl')
log_level = 'INFO'
load_from = None
resume_from = None
workflow = [('train', 1)]
work_dir = '/home/ahmadreza/Downloads/Research/M2SODAI/baseline_official/runs_swin_hbb/swin_t_hbb_fold_1'
seed = 0
deterministic = True
auto_resume = False
gpu_ids = range(0, 1)

2026-05-07 06:17:07,350 - mmdet - INFO - Set random seed to 42, deterministic: False
2026-05-07 06:17:07,968 - mmdet - INFO - load checkpoint from local path: orcn-swin-t-dota-latest.pth
2026-05-07 06:17:08,607 - mmdet - INFO - initialize FPN with init_cfg {'type': 'Xavier', 'layer': 'Conv2d', 'distribution': 'uniform'}
2026-05-07 06:17:08,631 - mmdet - INFO - initialize RPNHead with init_cfg {'type': 'Normal', 'layer': 'Conv2d', 'std': 0.01}
2026-05-07 06:17:08,641 - mmdet - INFO - initialize Shared4Conv1FCBBoxHead with init_cfg [{'type': 'Normal', 'std': 0.01, 'override': {'name': 'fc_cls'}}, {'type': 'Normal', 'std': 0.001, 'override': {'name': 'fc_reg'}}, {'type': 'Xavier', 'distribution': 'uniform', 'override': [{'name': 'shared_fcs'}, {'name': 'cls_fcs'}, {'name': 'reg_fcs'}]}]
Name of parameter - Initialization information

backbone.patch_embed.projection.weight - torch.Size([96, 3, 4, 4]): 
Initialized by user-defined `init_weights` in SwinTransformer  

backbone.patch_embed.projection.bias - torch.Size([96]): 
Initialized by user-defined `init_weights` in SwinTransformer  

backbone.patch_embed.norm.weight - torch.Size([96]): 
Initialized by user-defined `init_weights` in SwinTransformer  

backbone.patch_embed.norm.bias - torch.Size([96]): 
Initialized by user-defined `init_weights` in SwinTransformer  

backbone.stages.0.blocks.0.norm1.weight - torch.Size([96]): 
Initialized by user-defined `init_weights` in SwinTransformer  

backbone.stages.0.blocks.0.norm1.bias - torch.Size([96]): 
Initialized by user-defined `init_weights` in SwinTransformer  

backbone.stages.0.blocks.0.attn.w_msa.relative_position_bias_table - torch.Size([169, 3]): 
Initialized by user-defined `init_weights` in SwinTransformer  

backbone.stages.0.blocks.0.attn.w_msa.qkv.weight - torch.Size([288, 96]): 
Initialized by user-defined `init_weights` in SwinTransformer  

backbone.stages.0.blocks.0.attn.w_msa.qkv.bias - torch.Size([288]): 
Initialized by user-defined `init_weights` in SwinTransformer  

backbone.stages.0.blocks.0.attn.w_msa.proj.weight - torch.Size([96, 96]): 
Initialized by user-defined `init_weights` in SwinTransformer  

backbone.stages.0.blocks.0.attn.w_msa.proj.bias - torch.Size([96]): 
Initialized by user-defined `init_weights` in SwinTransformer  

backbone.stages.0.blocks.0.norm2.weight - torch.Size([96]): 
Initialized by user-defined `init_weights` in SwinTransformer  

backbone.stages.0.blocks.0.norm2.bias - torch.Size([96]): 
Initialized by user-defined `init_weights` in SwinTransformer  

backbone.stages.0.blocks.0.ffn.layers.0.0.weight - torch.Size([384, 96]): 
Initialized by user-defined `init_weights` in SwinTransformer  

backbone.stages.0.blocks.0.ffn.layers.0.0.bias - torch.Size([384]): 
Initialized by user-defined `init_weights` in SwinTransformer  

backbone.stages.0.blocks.0.ffn.layers.1.weight - torch.Size([96, 384]): 
Initialized by user-defined `init_weights` in SwinTransformer  

backbone.stages.0.blocks.0.ffn.layers.1.bias - torch.Size([96]): 
Initialized by user-defined `init_weights` in SwinTransformer  

backbone.stages.0.blocks.1.norm1.weight - torch.Size([96]): 
Initialized by user-defined `init_weights` in SwinTransformer  

backbone.stages.0.blocks.1.norm1.bias - torch.Size([96]): 
Initialized by user-defined `init_weights` in SwinTransformer  

backbone.stages.0.blocks.1.attn.w_msa.relative_position_bias_table - torch.Size([169, 3]): 
Initialized by user-defined `init_weights` in SwinTransformer  

backbone.stages.0.blocks.1.attn.w_msa.qkv.weight - torch.Size([288, 96]): 
Initialized by user-defined `init_weights` in SwinTransformer  

backbone.stages.0.blocks.1.attn.w_msa.qkv.bias - torch.Size([288]): 
Initialized by user-defined `init_weights` in SwinTransformer  

backbone.stages.0.blocks.1.attn.w_msa.proj.weight - torch.Size([96, 96]): 
Initialized by user-defined `init_weights` in SwinTransformer  

backbone.stages.0.blocks.1.attn.w_msa.proj.bias - torch.Size([96]): 
Initialized by user-defined `init_weights` in SwinTransformer  

backbone.stages.0.blocks.1.norm2.weight - torch.Size([96]): 
Initialized by user-defined `init_weights` in SwinTransformer  

backbone.stages.0.blocks.1.norm2.bias - torch.Size([96]): 
Initialized by user-defined `init_weights` in SwinTransformer  

backbone.stages.0.blocks.1.ffn.layers.0.0.weight - torch.Size([384, 96]): 
Initialized by user-defined `init_weights` in SwinTransformer  

backbone.stages.0.blocks.1.ffn.layers.0.0.bias - torch.Size([384]): 
Initialized by user-defined `init_weights` in SwinTransformer  

backbone.stages.0.blocks.1.ffn.layers.1.weight - torch.Size([96, 384]): 
Initialized by user-defined `init_weights` in SwinTransformer  

backbone.stages.0.blocks.1.ffn.layers.1.bias - torch.Size([96]): 
Initialized by user-defined `init_weights` in SwinTransformer  

backbone.stages.0.downsample.norm.weight - torch.Size([384]): 
Initialized by user-defined `init_weights` in SwinTransformer  

backbone.stages.0.downsample.norm.bias - torch.Size([384]): 
Initialized by user-defined `init_weights` in SwinTransformer  

backbone.stages.0.downsample.reduction.weight - torch.Size([192, 384]): 
Initialized by user-defined `init_weights` in SwinTransformer  

backbone.stages.1.blocks.0.norm1.weight - torch.Size([192]): 
Initialized by user-defined `init_weights` in SwinTransformer  

backbone.stages.1.blocks.0.norm1.bias - torch.Size([192]): 
Initialized by user-defined `init_weights` in SwinTransformer  

backbone.stages.1.blocks.0.attn.w_msa.relative_position_bias_table - torch.Size([169, 6]): 
Initialized by user-defined `init_weights` in SwinTransformer  

backbone.stages.1.blocks.0.attn.w_msa.qkv.weight - torch.Size([576, 192]): 
Initialized by user-defined `init_weights` in SwinTransformer  

backbone.stages.1.blocks.0.attn.w_msa.qkv.bias - torch.Size([576]): 
Initialized by user-defined `init_weights` in SwinTransformer  

backbone.stages.1.blocks.0.attn.w_msa.proj.weight - torch.Size([192, 192]): 
Initialized by user-defined `init_weights` in SwinTransformer  

backbone.stages.1.blocks.0.attn.w_msa.proj.bias - torch.Size([192]): 
Initialized by user-defined `init_weights` in SwinTransformer  

backbone.stages.1.blocks.0.norm2.weight - torch.Size([192]): 
Initialized by user-defined `init_weights` in SwinTransformer  

backbone.stages.1.blocks.0.norm2.bias - torch.Size([192]): 
Initialized by user-defined `init_weights` in SwinTransformer  

backbone.stages.1.blocks.0.ffn.layers.0.0.weight - torch.Size([768, 192]): 
Initialized by user-defined `init_weights` in SwinTransformer  

backbone.stages.1.blocks.0.ffn.layers.0.0.bias - torch.Size([768]): 
Initialized by user-defined `init_weights` in SwinTransformer  

backbone.stages.1.blocks.0.ffn.layers.1.weight - torch.Size([192, 768]): 
Initialized by user-defined `init_weights` in SwinTransformer  

backbone.stages.1.blocks.0.ffn.layers.1.bias - torch.Size([192]): 
Initialized by user-defined `init_weights` in SwinTransformer  

backbone.stages.1.blocks.1.norm1.weight - torch.Size([192]): 
Initialized by user-defined `init_weights` in SwinTransformer  

backbone.stages.1.blocks.1.norm1.bias - torch.Size([192]): 
Initialized by user-defined `init_weights` in SwinTransformer  

backbone.stages.1.blocks.1.attn.w_msa.relative_position_bias_table - torch.Size([169, 6]): 
Initialized by user-defined `init_weights` in SwinTransformer  

backbone.stages.1.blocks.1.attn.w_msa.qkv.weight - torch.Size([576, 192]): 
Initialized by user-defined `init_weights` in SwinTransformer  

backbone.stages.1.blocks.1.attn.w_msa.qkv.bias - torch.Size([576]): 
Initialized by user-defined `init_weights` in SwinTransformer  

backbone.stages.1.blocks.1.attn.w_msa.proj.weight - torch.Size([192, 192]): 
Initialized by user-defined `init_weights` in SwinTransformer  

backbone.stages.1.blocks.1.attn.w_msa.proj.bias - torch.Size([192]): 
Initialized by user-defined `init_weights` in SwinTransformer  

backbone.stages.1.blocks.1.norm2.weight - torch.Size([192]): 
Initialized by user-defined `init_weights` in SwinTransformer  

backbone.stages.1.blocks.1.norm2.bias - torch.Size([192]): 
Initialized by user-defined `init_weights` in SwinTransformer  

backbone.stages.1.blocks.1.ffn.layers.0.0.weight - torch.Size([768, 192]): 
Initialized by user-defined `init_weights` in SwinTransformer  

backbone.stages.1.blocks.1.ffn.layers.0.0.bias - torch.Size([768]): 
Initialized by user-defined `init_weights` in SwinTransformer  

backbone.stages.1.blocks.1.ffn.layers.1.weight - torch.Size([192, 768]): 
Initialized by user-defined `init_weights` in SwinTransformer  

backbone.stages.1.blocks.1.ffn.layers.1.bias - torch.Size([192]): 
Initialized by user-defined `init_weights` in SwinTransformer  

backbone.stages.1.downsample.norm.weight - torch.Size([768]): 
Initialized by user-defined `init_weights` in SwinTransformer  

backbone.stages.1.downsample.norm.bias - torch.Size([768]): 
Initialized by user-defined `init_weights` in SwinTransformer  

backbone.stages.1.downsample.reduction.weight - torch.Size([384, 768]): 
Initialized by user-defined `init_weights` in SwinTransformer  

backbone.stages.2.blocks.0.norm1.weight - torch.Size([384]): 
Initialized by user-defined `init_weights` in SwinTransformer  

backbone.stages.2.blocks.0.norm1.bias - torch.Size([384]): 
Initialized by user-defined `init_weights` in SwinTransformer  

backbone.stages.2.blocks.0.attn.w_msa.relative_position_bias_table - torch.Size([169, 12]): 
Initialized by user-defined `init_weights` in SwinTransformer  

backbone.stages.2.blocks.0.attn.w_msa.qkv.weight - torch.Size([1152, 384]): 
Initialized by user-defined `init_weights` in SwinTransformer  

backbone.stages.2.blocks.0.attn.w_msa.qkv.bias - torch.Size([1152]): 
Initialized by user-defined `init_weights` in SwinTransformer  

backbone.stages.2.blocks.0.attn.w_msa.proj.weight - torch.Size([384, 384]): 
Initialized by user-defined `init_weights` in SwinTransformer  

backbone.stages.2.blocks.0.attn.w_msa.proj.bias - torch.Size([384]): 
Initialized by user-defined `init_weights` in SwinTransformer  

backbone.stages.2.blocks.0.norm2.weight - torch.Size([384]): 
Initialized by user-defined `init_weights` in SwinTransformer  

backbone.stages.2.blocks.0.norm2.bias - torch.Size([384]): 
Initialized by user-defined `init_weights` in SwinTransformer  

backbone.stages.2.blocks.0.ffn.layers.0.0.weight - torch.Size([1536, 384]): 
Initialized by user-defined `init_weights` in SwinTransformer  

backbone.stages.2.blocks.0.ffn.layers.0.0.bias - torch.Size([1536]): 
Initialized by user-defined `init_weights` in SwinTransformer  

backbone.stages.2.blocks.0.ffn.layers.1.weight - torch.Size([384, 1536]): 
Initialized by user-defined `init_weights` in SwinTransformer  

backbone.stages.2.blocks.0.ffn.layers.1.bias - torch.Size([384]): 
Initialized by user-defined `init_weights` in SwinTransformer  

backbone.stages.2.blocks.1.norm1.weight - torch.Size([384]): 
Initialized by user-defined `init_weights` in SwinTransformer  

backbone.stages.2.blocks.1.norm1.bias - torch.Size([384]): 
Initialized by user-defined `init_weights` in SwinTransformer  

backbone.stages.2.blocks.1.attn.w_msa.relative_position_bias_table - torch.Size([169, 12]): 
Initialized by user-defined `init_weights` in SwinTransformer  

backbone.stages.2.blocks.1.attn.w_msa.qkv.weight - torch.Size([1152, 384]): 
Initialized by user-defined `init_weights` in SwinTransformer  

backbone.stages.2.blocks.1.attn.w_msa.qkv.bias - torch.Size([1152]): 
Initialized by user-defined `init_weights` in SwinTransformer  

backbone.stages.2.blocks.1.attn.w_msa.proj.weight - torch.Size([384, 384]): 
Initialized by user-defined `init_weights` in SwinTransformer  

backbone.stages.2.blocks.1.attn.w_msa.proj.bias - torch.Size([384]): 
Initialized by user-defined `init_weights` in SwinTransformer  

backbone.stages.2.blocks.1.norm2.weight - torch.Size([384]): 
Initialized by user-defined `init_weights` in SwinTransformer  

backbone.stages.2.blocks.1.norm2.bias - torch.Size([384]): 
Initialized by user-defined `init_weights` in SwinTransformer  

backbone.stages.2.blocks.1.ffn.layers.0.0.weight - torch.Size([1536, 384]): 
Initialized by user-defined `init_weights` in SwinTransformer  

backbone.stages.2.blocks.1.ffn.layers.0.0.bias - torch.Size([1536]): 
Initialized by user-defined `init_weights` in SwinTransformer  

backbone.stages.2.blocks.1.ffn.layers.1.weight - torch.Size([384, 1536]): 
Initialized by user-defined `init_weights` in SwinTransformer  

backbone.stages.2.blocks.1.ffn.layers.1.bias - torch.Size([384]): 
Initialized by user-defined `init_weights` in SwinTransformer  

backbone.stages.2.blocks.2.norm1.weight - torch.Size([384]): 
Initialized by user-defined `init_weights` in SwinTransformer  

backbone.stages.2.blocks.2.norm1.bias - torch.Size([384]): 
Initialized by user-defined `init_weights` in SwinTransformer  

backbone.stages.2.blocks.2.attn.w_msa.relative_position_bias_table - torch.Size([169, 12]): 
Initialized by user-defined `init_weights` in SwinTransformer  

backbone.stages.2.blocks.2.attn.w_msa.qkv.weight - torch.Size([1152, 384]): 
Initialized by user-defined `init_weights` in SwinTransformer  

backbone.stages.2.blocks.2.attn.w_msa.qkv.bias - torch.Size([1152]): 
Initialized by user-defined `init_weights` in SwinTransformer  

backbone.stages.2.blocks.2.attn.w_msa.proj.weight - torch.Size([384, 384]): 
Initialized by user-defined `init_weights` in SwinTransformer  

backbone.stages.2.blocks.2.attn.w_msa.proj.bias - torch.Size([384]): 
Initialized by user-defined `init_weights` in SwinTransformer  

backbone.stages.2.blocks.2.norm2.weight - torch.Size([384]): 
Initialized by user-defined `init_weights` in SwinTransformer  

backbone.stages.2.blocks.2.norm2.bias - torch.Size([384]): 
Initialized by user-defined `init_weights` in SwinTransformer  

backbone.stages.2.blocks.2.ffn.layers.0.0.weight - torch.Size([1536, 384]): 
Initialized by user-defined `init_weights` in SwinTransformer  

backbone.stages.2.blocks.2.ffn.layers.0.0.bias - torch.Size([1536]): 
Initialized by user-defined `init_weights` in SwinTransformer  

backbone.stages.2.blocks.2.ffn.layers.1.weight - torch.Size([384, 1536]): 
Initialized by user-defined `init_weights` in SwinTransformer  

backbone.stages.2.blocks.2.ffn.layers.1.bias - torch.Size([384]): 
Initialized by user-defined `init_weights` in SwinTransformer  

backbone.stages.2.blocks.3.norm1.weight - torch.Size([384]): 
Initialized by user-defined `init_weights` in SwinTransformer  

backbone.stages.2.blocks.3.norm1.bias - torch.Size([384]): 
Initialized by user-defined `init_weights` in SwinTransformer  

backbone.stages.2.blocks.3.attn.w_msa.relative_position_bias_table - torch.Size([169, 12]): 
Initialized by user-defined `init_weights` in SwinTransformer  

backbone.stages.2.blocks.3.attn.w_msa.qkv.weight - torch.Size([1152, 384]): 
Initialized by user-defined `init_weights` in SwinTransformer  

backbone.stages.2.blocks.3.attn.w_msa.qkv.bias - torch.Size([1152]): 
Initialized by user-defined `init_weights` in SwinTransformer  

backbone.stages.2.blocks.3.attn.w_msa.proj.weight - torch.Size([384, 384]): 
Initialized by user-defined `init_weights` in SwinTransformer  

backbone.stages.2.blocks.3.attn.w_msa.proj.bias - torch.Size([384]): 
Initialized by user-defined `init_weights` in SwinTransformer  

backbone.stages.2.blocks.3.norm2.weight - torch.Size([384]): 
Initialized by user-defined `init_weights` in SwinTransformer  

backbone.stages.2.blocks.3.norm2.bias - torch.Size([384]): 
Initialized by user-defined `init_weights` in SwinTransformer  

backbone.stages.2.blocks.3.ffn.layers.0.0.weight - torch.Size([1536, 384]): 
Initialized by user-defined `init_weights` in SwinTransformer  

backbone.stages.2.blocks.3.ffn.layers.0.0.bias - torch.Size([1536]): 
Initialized by user-defined `init_weights` in SwinTransformer  

backbone.stages.2.blocks.3.ffn.layers.1.weight - torch.Size([384, 1536]): 
Initialized by user-defined `init_weights` in SwinTransformer  

backbone.stages.2.blocks.3.ffn.layers.1.bias - torch.Size([384]): 
Initialized by user-defined `init_weights` in SwinTransformer  

backbone.stages.2.blocks.4.norm1.weight - torch.Size([384]): 
Initialized by user-defined `init_weights` in SwinTransformer  

backbone.stages.2.blocks.4.norm1.bias - torch.Size([384]): 
Initialized by user-defined `init_weights` in SwinTransformer  

backbone.stages.2.blocks.4.attn.w_msa.relative_position_bias_table - torch.Size([169, 12]): 
Initialized by user-defined `init_weights` in SwinTransformer  

backbone.stages.2.blocks.4.attn.w_msa.qkv.weight - torch.Size([1152, 384]): 
Initialized by user-defined `init_weights` in SwinTransformer  

backbone.stages.2.blocks.4.attn.w_msa.qkv.bias - torch.Size([1152]): 
Initialized by user-defined `init_weights` in SwinTransformer  

backbone.stages.2.blocks.4.attn.w_msa.proj.weight - torch.Size([384, 384]): 
Initialized by user-defined `init_weights` in SwinTransformer  

backbone.stages.2.blocks.4.attn.w_msa.proj.bias - torch.Size([384]): 
Initialized by user-defined `init_weights` in SwinTransformer  

backbone.stages.2.blocks.4.norm2.weight - torch.Size([384]): 
Initialized by user-defined `init_weights` in SwinTransformer  

backbone.stages.2.blocks.4.norm2.bias - torch.Size([384]): 
Initialized by user-defined `init_weights` in SwinTransformer  

backbone.stages.2.blocks.4.ffn.layers.0.0.weight - torch.Size([1536, 384]): 
Initialized by user-defined `init_weights` in SwinTransformer  

backbone.stages.2.blocks.4.ffn.layers.0.0.bias - torch.Size([1536]): 
Initialized by user-defined `init_weights` in SwinTransformer  

backbone.stages.2.blocks.4.ffn.layers.1.weight - torch.Size([384, 1536]): 
Initialized by user-defined `init_weights` in SwinTransformer  

backbone.stages.2.blocks.4.ffn.layers.1.bias - torch.Size([384]): 
Initialized by user-defined `init_weights` in SwinTransformer  

backbone.stages.2.blocks.5.norm1.weight - torch.Size([384]): 
Initialized by user-defined `init_weights` in SwinTransformer  

backbone.stages.2.blocks.5.norm1.bias - torch.Size([384]): 
Initialized by user-defined `init_weights` in SwinTransformer  

backbone.stages.2.blocks.5.attn.w_msa.relative_position_bias_table - torch.Size([169, 12]): 
Initialized by user-defined `init_weights` in SwinTransformer  

backbone.stages.2.blocks.5.attn.w_msa.qkv.weight - torch.Size([1152, 384]): 
Initialized by user-defined `init_weights` in SwinTransformer  

backbone.stages.2.blocks.5.attn.w_msa.qkv.bias - torch.Size([1152]): 
Initialized by user-defined `init_weights` in SwinTransformer  

backbone.stages.2.blocks.5.attn.w_msa.proj.weight - torch.Size([384, 384]): 
Initialized by user-defined `init_weights` in SwinTransformer  

backbone.stages.2.blocks.5.attn.w_msa.proj.bias - torch.Size([384]): 
Initialized by user-defined `init_weights` in SwinTransformer  

backbone.stages.2.blocks.5.norm2.weight - torch.Size([384]): 
Initialized by user-defined `init_weights` in SwinTransformer  

backbone.stages.2.blocks.5.norm2.bias - torch.Size([384]): 
Initialized by user-defined `init_weights` in SwinTransformer  

backbone.stages.2.blocks.5.ffn.layers.0.0.weight - torch.Size([1536, 384]): 
Initialized by user-defined `init_weights` in SwinTransformer  

backbone.stages.2.blocks.5.ffn.layers.0.0.bias - torch.Size([1536]): 
Initialized by user-defined `init_weights` in SwinTransformer  

backbone.stages.2.blocks.5.ffn.layers.1.weight - torch.Size([384, 1536]): 
Initialized by user-defined `init_weights` in SwinTransformer  

backbone.stages.2.blocks.5.ffn.layers.1.bias - torch.Size([384]): 
Initialized by user-defined `init_weights` in SwinTransformer  

backbone.stages.2.downsample.norm.weight - torch.Size([1536]): 
Initialized by user-defined `init_weights` in SwinTransformer  

backbone.stages.2.downsample.norm.bias - torch.Size([1536]): 
Initialized by user-defined `init_weights` in SwinTransformer  

backbone.stages.2.downsample.reduction.weight - torch.Size([768, 1536]): 
Initialized by user-defined `init_weights` in SwinTransformer  

backbone.stages.3.blocks.0.norm1.weight - torch.Size([768]): 
Initialized by user-defined `init_weights` in SwinTransformer  

backbone.stages.3.blocks.0.norm1.bias - torch.Size([768]): 
Initialized by user-defined `init_weights` in SwinTransformer  

backbone.stages.3.blocks.0.attn.w_msa.relative_position_bias_table - torch.Size([169, 24]): 
Initialized by user-defined `init_weights` in SwinTransformer  

backbone.stages.3.blocks.0.attn.w_msa.qkv.weight - torch.Size([2304, 768]): 
Initialized by user-defined `init_weights` in SwinTransformer  

backbone.stages.3.blocks.0.attn.w_msa.qkv.bias - torch.Size([2304]): 
Initialized by user-defined `init_weights` in SwinTransformer  

backbone.stages.3.blocks.0.attn.w_msa.proj.weight - torch.Size([768, 768]): 
Initialized by user-defined `init_weights` in SwinTransformer  

backbone.stages.3.blocks.0.attn.w_msa.proj.bias - torch.Size([768]): 
Initialized by user-defined `init_weights` in SwinTransformer  

backbone.stages.3.blocks.0.norm2.weight - torch.Size([768]): 
Initialized by user-defined `init_weights` in SwinTransformer  

backbone.stages.3.blocks.0.norm2.bias - torch.Size([768]): 
Initialized by user-defined `init_weights` in SwinTransformer  

backbone.stages.3.blocks.0.ffn.layers.0.0.weight - torch.Size([3072, 768]): 
Initialized by user-defined `init_weights` in SwinTransformer  

backbone.stages.3.blocks.0.ffn.layers.0.0.bias - torch.Size([3072]): 
Initialized by user-defined `init_weights` in SwinTransformer  

backbone.stages.3.blocks.0.ffn.layers.1.weight - torch.Size([768, 3072]): 
Initialized by user-defined `init_weights` in SwinTransformer  

backbone.stages.3.blocks.0.ffn.layers.1.bias - torch.Size([768]): 
Initialized by user-defined `init_weights` in SwinTransformer  

backbone.stages.3.blocks.1.norm1.weight - torch.Size([768]): 
Initialized by user-defined `init_weights` in SwinTransformer  

backbone.stages.3.blocks.1.norm1.bias - torch.Size([768]): 
Initialized by user-defined `init_weights` in SwinTransformer  

backbone.stages.3.blocks.1.attn.w_msa.relative_position_bias_table - torch.Size([169, 24]): 
Initialized by user-defined `init_weights` in SwinTransformer  

backbone.stages.3.blocks.1.attn.w_msa.qkv.weight - torch.Size([2304, 768]): 
Initialized by user-defined `init_weights` in SwinTransformer  

backbone.stages.3.blocks.1.attn.w_msa.qkv.bias - torch.Size([2304]): 
Initialized by user-defined `init_weights` in SwinTransformer  

backbone.stages.3.blocks.1.attn.w_msa.proj.weight - torch.Size([768, 768]): 
Initialized by user-defined `init_weights` in SwinTransformer  

backbone.stages.3.blocks.1.attn.w_msa.proj.bias - torch.Size([768]): 
Initialized by user-defined `init_weights` in SwinTransformer  

backbone.stages.3.blocks.1.norm2.weight - torch.Size([768]): 
Initialized by user-defined `init_weights` in SwinTransformer  

backbone.stages.3.blocks.1.norm2.bias - torch.Size([768]): 
Initialized by user-defined `init_weights` in SwinTransformer  

backbone.stages.3.blocks.1.ffn.layers.0.0.weight - torch.Size([3072, 768]): 
Initialized by user-defined `init_weights` in SwinTransformer  

backbone.stages.3.blocks.1.ffn.layers.0.0.bias - torch.Size([3072]): 
Initialized by user-defined `init_weights` in SwinTransformer  

backbone.stages.3.blocks.1.ffn.layers.1.weight - torch.Size([768, 3072]): 
Initialized by user-defined `init_weights` in SwinTransformer  

backbone.stages.3.blocks.1.ffn.layers.1.bias - torch.Size([768]): 
Initialized by user-defined `init_weights` in SwinTransformer  

backbone.norm0.weight - torch.Size([96]): 
Initialized by user-defined `init_weights` in SwinTransformer  

backbone.norm0.bias - torch.Size([96]): 
Initialized by user-defined `init_weights` in SwinTransformer  

backbone.norm1.weight - torch.Size([192]): 
Initialized by user-defined `init_weights` in SwinTransformer  

backbone.norm1.bias - torch.Size([192]): 
Initialized by user-defined `init_weights` in SwinTransformer  

backbone.norm2.weight - torch.Size([384]): 
Initialized by user-defined `init_weights` in SwinTransformer  

backbone.norm2.bias - torch.Size([384]): 
Initialized by user-defined `init_weights` in SwinTransformer  

backbone.norm3.weight - torch.Size([768]): 
Initialized by user-defined `init_weights` in SwinTransformer  

backbone.norm3.bias - torch.Size([768]): 
Initialized by user-defined `init_weights` in SwinTransformer  

neck.lateral_convs.0.conv.weight - torch.Size([256, 96, 1, 1]): 
XavierInit: gain=1, distribution=uniform, bias=0 

neck.lateral_convs.0.conv.bias - torch.Size([256]): 
The value is the same before and after calling `init_weights` of FasterRCNN  

neck.lateral_convs.1.conv.weight - torch.Size([256, 192, 1, 1]): 
XavierInit: gain=1, distribution=uniform, bias=0 

neck.lateral_convs.1.conv.bias - torch.Size([256]): 
The value is the same before and after calling `init_weights` of FasterRCNN  

neck.lateral_convs.2.conv.weight - torch.Size([256, 384, 1, 1]): 
XavierInit: gain=1, distribution=uniform, bias=0 

neck.lateral_convs.2.conv.bias - torch.Size([256]): 
The value is the same before and after calling `init_weights` of FasterRCNN  

neck.lateral_convs.3.conv.weight - torch.Size([256, 768, 1, 1]): 
XavierInit: gain=1, distribution=uniform, bias=0 

neck.lateral_convs.3.conv.bias - torch.Size([256]): 
The value is the same before and after calling `init_weights` of FasterRCNN  

neck.fpn_convs.0.conv.weight - torch.Size([256, 256, 3, 3]): 
XavierInit: gain=1, distribution=uniform, bias=0 

neck.fpn_convs.0.conv.bias - torch.Size([256]): 
The value is the same before and after calling `init_weights` of FasterRCNN  

neck.fpn_convs.1.conv.weight - torch.Size([256, 256, 3, 3]): 
XavierInit: gain=1, distribution=uniform, bias=0 

neck.fpn_convs.1.conv.bias - torch.Size([256]): 
The value is the same before and after calling `init_weights` of FasterRCNN  

neck.fpn_convs.2.conv.weight - torch.Size([256, 256, 3, 3]): 
XavierInit: gain=1, distribution=uniform, bias=0 

neck.fpn_convs.2.conv.bias - torch.Size([256]): 
The value is the same before and after calling `init_weights` of FasterRCNN  

neck.fpn_convs.3.conv.weight - torch.Size([256, 256, 3, 3]): 
XavierInit: gain=1, distribution=uniform, bias=0 

neck.fpn_convs.3.conv.bias - torch.Size([256]): 
The value is the same before and after calling `init_weights` of FasterRCNN  

rpn_head.rpn_conv.weight - torch.Size([256, 256, 3, 3]): 
NormalInit: mean=0, std=0.01, bias=0 

rpn_head.rpn_conv.bias - torch.Size([256]): 
NormalInit: mean=0, std=0.01, bias=0 

rpn_head.rpn_cls.weight - torch.Size([3, 256, 1, 1]): 
NormalInit: mean=0, std=0.01, bias=0 

rpn_head.rpn_cls.bias - torch.Size([3]): 
NormalInit: mean=0, std=0.01, bias=0 

rpn_head.rpn_reg.weight - torch.Size([12, 256, 1, 1]): 
NormalInit: mean=0, std=0.01, bias=0 

rpn_head.rpn_reg.bias - torch.Size([12]): 
NormalInit: mean=0, std=0.01, bias=0 

roi_head.bbox_head.fc_cls.weight - torch.Size([2, 1024]): 
NormalInit: mean=0, std=0.01, bias=0 

roi_head.bbox_head.fc_cls.bias - torch.Size([2]): 
NormalInit: mean=0, std=0.01, bias=0 

roi_head.bbox_head.fc_reg.weight - torch.Size([4, 1024]): 
NormalInit: mean=0, std=0.001, bias=0 

roi_head.bbox_head.fc_reg.bias - torch.Size([4]): 
NormalInit: mean=0, std=0.001, bias=0 

roi_head.bbox_head.shared_convs.0.conv.weight - torch.Size([256, 256, 3, 3]): 
The value is the same before and after calling `init_weights` of FasterRCNN  

roi_head.bbox_head.shared_convs.0.gn.weight - torch.Size([256]): 
The value is the same before and after calling `init_weights` of FasterRCNN  

roi_head.bbox_head.shared_convs.0.gn.bias - torch.Size([256]): 
The value is the same before and after calling `init_weights` of FasterRCNN  

roi_head.bbox_head.shared_convs.1.conv.weight - torch.Size([256, 256, 3, 3]): 
The value is the same before and after calling `init_weights` of FasterRCNN  

roi_head.bbox_head.shared_convs.1.gn.weight - torch.Size([256]): 
The value is the same before and after calling `init_weights` of FasterRCNN  

roi_head.bbox_head.shared_convs.1.gn.bias - torch.Size([256]): 
The value is the same before and after calling `init_weights` of FasterRCNN  

roi_head.bbox_head.shared_convs.2.conv.weight - torch.Size([256, 256, 3, 3]): 
The value is the same before and after calling `init_weights` of FasterRCNN  

roi_head.bbox_head.shared_convs.2.gn.weight - torch.Size([256]): 
The value is the same before and after calling `init_weights` of FasterRCNN  

roi_head.bbox_head.shared_convs.2.gn.bias - torch.Size([256]): 
The value is the same before and after calling `init_weights` of FasterRCNN  

roi_head.bbox_head.shared_convs.3.conv.weight - torch.Size([256, 256, 3, 3]): 
The value is the same before and after calling `init_weights` of FasterRCNN  

roi_head.bbox_head.shared_convs.3.gn.weight - torch.Size([256]): 
The value is the same before and after calling `init_weights` of FasterRCNN  

roi_head.bbox_head.shared_convs.3.gn.bias - torch.Size([256]): 
The value is the same before and after calling `init_weights` of FasterRCNN  

roi_head.bbox_head.shared_fcs.0.weight - torch.Size([1024, 12544]): 
XavierInit: gain=1, distribution=uniform, bias=0 

roi_head.bbox_head.shared_fcs.0.bias - torch.Size([1024]): 
XavierInit: gain=1, distribution=uniform, bias=0 
2026-05-07 06:17:09,150 - mmdet - INFO - Start running, host: ahmadreza@quartz, work_dir: /home/ahmadreza/Downloads/Research/M2SODAI/baseline_official/runs_swin_hbb/swin_t_hbb_fold_1
2026-05-07 06:17:09,151 - mmdet - INFO - Hooks will be executed in the following order:
before_run:
(VERY_HIGH   ) StepLrUpdaterHook                  
(NORMAL      ) CheckpointHook                     
(LOW         ) DistEvalHook                       
(VERY_LOW    ) TextLoggerHook                     
(VERY_LOW    ) TensorboardLoggerHook              
 -------------------- 
before_train_epoch:
(VERY_HIGH   ) StepLrUpdaterHook                  
(NORMAL      ) DistSamplerSeedHook                
(LOW         ) IterTimerHook                      
(LOW         ) DistEvalHook                       
(VERY_LOW    ) TextLoggerHook                     
(VERY_LOW    ) TensorboardLoggerHook              
 -------------------- 
before_train_iter:
(VERY_HIGH   ) StepLrUpdaterHook                  
(LOW         ) IterTimerHook                      
(LOW         ) DistEvalHook                       
 -------------------- 
after_train_iter:
(ABOVE_NORMAL) OptimizerHook                      
(NORMAL      ) CheckpointHook                     
(LOW         ) IterTimerHook                      
(LOW         ) DistEvalHook                       
(VERY_LOW    ) TextLoggerHook                     
(VERY_LOW    ) TensorboardLoggerHook              
 -------------------- 
after_train_epoch:
(NORMAL      ) CheckpointHook                     
(NORMAL      ) EarlyStoppingHook                  
(LOW         ) DistEvalHook                       
(VERY_LOW    ) TextLoggerHook                     
(VERY_LOW    ) TensorboardLoggerHook              
 -------------------- 
before_val_epoch:
(NORMAL      ) DistSamplerSeedHook                
(LOW         ) IterTimerHook                      
(VERY_LOW    ) TextLoggerHook                     
(VERY_LOW    ) TensorboardLoggerHook              
 -------------------- 
before_val_iter:
(LOW         ) IterTimerHook                      
 -------------------- 
after_val_iter:
(LOW         ) IterTimerHook                      
 -------------------- 
after_val_epoch:
(VERY_LOW    ) TextLoggerHook                     
(VERY_LOW    ) TensorboardLoggerHook              
 -------------------- 
after_run:
(VERY_LOW    ) TextLoggerHook                     
(VERY_LOW    ) TensorboardLoggerHook              
 -------------------- 
2026-05-07 06:17:09,151 - mmdet - INFO - workflow: [('train', 1)], max: 300 epochs
2026-05-07 06:17:09,152 - mmdet - INFO - Checkpoints will be saved to /home/ahmadreza/Downloads/Research/M2SODAI/baseline_official/runs_swin_hbb/swin_t_hbb_fold_1 by HardDiskBackend.
2026-05-07 06:17:42,478 - mmdet - INFO - Epoch [1][50/101]	lr: 9.890e-06, eta: 5:35:13, time: 0.665, data_time: 0.066, memory: 7277, loss_rpn_cls: 0.6333, loss_rpn_bbox: 0.0117, loss_cls: 0.3058, acc: 95.1104, loss_bbox: 0.0663, loss: 1.0170
2026-05-07 06:18:13,451 - mmdet - INFO - Epoch [1][100/101]	lr: 1.988e-05, eta: 5:23:13, time: 0.619, data_time: 0.013, memory: 7277, loss_rpn_cls: 0.3002, loss_rpn_bbox: 0.0127, loss_cls: 0.1669, acc: 94.5742, loss_bbox: 0.1052, loss: 0.5850
2026-05-07 06:18:14,215 - mmdet - INFO - Saving checkpoint at 1 epochs
2026-05-07 06:18:51,738 - mmdet - INFO - Epoch [2][50/101]	lr: 3.007e-05, eta: 5:24:38, time: 0.667, data_time: 0.065, memory: 7277, loss_rpn_cls: 0.0913, loss_rpn_bbox: 0.0096, loss_cls: 0.1912, acc: 93.1641, loss_bbox: 0.1514, loss: 0.4434
2026-05-07 06:19:22,503 - mmdet - INFO - Epoch [2][100/101]	lr: 4.006e-05, eta: 5:20:15, time: 0.615, data_time: 0.013, memory: 7277, loss_rpn_cls: 0.0729, loss_rpn_bbox: 0.0109, loss_cls: 0.2149, acc: 91.8066, loss_bbox: 0.1878, loss: 0.4865
2026-05-07 06:19:23,275 - mmdet - INFO - Saving checkpoint at 2 epochs
2026-05-07 06:19:58,986 - mmdet - INFO - Epoch [3][50/101]	lr: 5.025e-05, eta: 5:21:41, time: 0.671, data_time: 0.065, memory: 7277, loss_rpn_cls: 0.0547, loss_rpn_bbox: 0.0082, loss_cls: 0.2064, acc: 92.0508, loss_bbox: 0.1696, loss: 0.4388
2026-05-07 06:20:29,830 - mmdet - INFO - Epoch [3][100/101]	lr: 6.024e-05, eta: 5:19:03, time: 0.617, data_time: 0.013, memory: 7277, loss_rpn_cls: 0.0450, loss_rpn_bbox: 0.0079, loss_cls: 0.2141, acc: 91.0889, loss_bbox: 0.1950, loss: 0.4620
2026-05-07 06:20:30,603 - mmdet - INFO - Saving checkpoint at 3 epochs
2026-05-07 06:21:06,241 - mmdet - INFO - Epoch [4][50/101]	lr: 7.043e-05, eta: 5:19:52, time: 0.670, data_time: 0.065, memory: 7277, loss_rpn_cls: 0.0415, loss_rpn_bbox: 0.0080, loss_cls: 0.2171, acc: 90.9941, loss_bbox: 0.1906, loss: 0.4572
2026-05-07 06:21:37,097 - mmdet - INFO - Epoch [4][100/101]	lr: 8.042e-05, eta: 5:17:52, time: 0.617, data_time: 0.013, memory: 7277, loss_rpn_cls: 0.0375, loss_rpn_bbox: 0.0069, loss_cls: 0.2074, acc: 91.3838, loss_bbox: 0.1754, loss: 0.4271
2026-05-07 06:21:37,868 - mmdet - INFO - Saving checkpoint at 4 epochs
2026-05-07 06:22:13,565 - mmdet - INFO - Epoch [5][50/101]	lr: 9.061e-05, eta: 5:18:27, time: 0.671, data_time: 0.066, memory: 7277, loss_rpn_cls: 0.0332, loss_rpn_bbox: 0.0074, loss_cls: 0.1966, acc: 91.6699, loss_bbox: 0.1716, loss: 0.4088
2026-05-07 06:22:44,495 - mmdet - INFO - Epoch [5][100/101]	lr: 1.000e-04, eta: 5:16:51, time: 0.619, data_time: 0.013, memory: 7277, loss_rpn_cls: 0.0326, loss_rpn_bbox: 0.0062, loss_cls: 0.2054, acc: 91.2227, loss_bbox: 0.1835, loss: 0.4278
2026-05-07 06:22:45,263 - mmdet - INFO - Saving checkpoint at 5 epochs
2026-05-07 06:23:21,032 - mmdet - INFO - Epoch [6][50/101]	lr: 1.000e-04, eta: 5:17:17, time: 0.673, data_time: 0.065, memory: 7277, loss_rpn_cls: 0.0265, loss_rpn_bbox: 0.0069, loss_cls: 0.1955, acc: 91.7031, loss_bbox: 0.1732, loss: 0.4021
2026-05-07 06:23:51,916 - mmdet - INFO - Epoch [6][100/101]	lr: 1.000e-04, eta: 5:15:50, time: 0.618, data_time: 0.013, memory: 7277, loss_rpn_cls: 0.0299, loss_rpn_bbox: 0.0057, loss_cls: 0.1845, acc: 92.0557, loss_bbox: 0.1579, loss: 0.3781
2026-05-07 06:23:52,714 - mmdet - INFO - Saving checkpoint at 6 epochs
2026-05-07 06:24:28,612 - mmdet - INFO - Epoch [7][50/101]	lr: 1.000e-04, eta: 5:16:13, time: 0.676, data_time: 0.066, memory: 7277, loss_rpn_cls: 0.0243, loss_rpn_bbox: 0.0060, loss_cls: 0.1772, acc: 92.3711, loss_bbox: 0.1560, loss: 0.3635
2026-05-07 06:24:59,445 - mmdet - INFO - Epoch [7][100/101]	lr: 1.000e-04, eta: 5:14:52, time: 0.617, data_time: 0.013, memory: 7277, loss_rpn_cls: 0.0213, loss_rpn_bbox: 0.0057, loss_cls: 0.1836, acc: 92.1436, loss_bbox: 0.1546, loss: 0.3652
2026-05-07 06:25:00,229 - mmdet - INFO - Saving checkpoint at 7 epochs
2026-05-07 06:25:35,854 - mmdet - INFO - Epoch [8][50/101]	lr: 1.000e-04, eta: 5:14:56, time: 0.670, data_time: 0.065, memory: 7277, loss_rpn_cls: 0.0155, loss_rpn_bbox: 0.0048, loss_cls: 0.1506, acc: 93.5498, loss_bbox: 0.1380, loss: 0.3089
2026-05-07 06:26:06,958 - mmdet - INFO - Epoch [8][100/101]	lr: 1.000e-04, eta: 5:13:52, time: 0.622, data_time: 0.013, memory: 7277, loss_rpn_cls: 0.0260, loss_rpn_bbox: 0.0058, loss_cls: 0.1822, acc: 92.0821, loss_bbox: 0.1545, loss: 0.3685
2026-05-07 06:26:07,743 - mmdet - INFO - Saving checkpoint at 8 epochs
2026-05-07 06:26:43,450 - mmdet - INFO - Epoch [9][50/101]	lr: 1.000e-05, eta: 5:13:55, time: 0.672, data_time: 0.066, memory: 7277, loss_rpn_cls: 0.0147, loss_rpn_bbox: 0.0037, loss_cls: 0.1481, acc: 93.6406, loss_bbox: 0.1248, loss: 0.2914
2026-05-07 06:27:14,465 - mmdet - INFO - Epoch [9][100/101]	lr: 1.000e-05, eta: 5:12:51, time: 0.620, data_time: 0.013, memory: 7277, loss_rpn_cls: 0.0164, loss_rpn_bbox: 0.0043, loss_cls: 0.1530, acc: 93.5244, loss_bbox: 0.1255, loss: 0.2992
2026-05-07 06:27:15,251 - mmdet - INFO - Saving checkpoint at 9 epochs
2026-05-07 06:27:51,103 - mmdet - INFO - Epoch [10][50/101]	lr: 1.000e-05, eta: 5:12:55, time: 0.675, data_time: 0.066, memory: 7277, loss_rpn_cls: 0.0164, loss_rpn_bbox: 0.0044, loss_cls: 0.1524, acc: 93.5353, loss_bbox: 0.1230, loss: 0.2963
2026-05-07 06:28:21,976 - mmdet - INFO - Epoch [10][100/101]	lr: 1.000e-05, eta: 5:11:50, time: 0.617, data_time: 0.013, memory: 7277, loss_rpn_cls: 0.0114, loss_rpn_bbox: 0.0031, loss_cls: 0.1329, acc: 94.3447, loss_bbox: 0.1119, loss: 0.2593
2026-05-07 06:28:22,767 - mmdet - INFO - Saving checkpoint at 10 epochs
2026-05-07 06:29:02,559 - mmdet - INFO - Evaluating bbox...
2026-05-07 06:29:07,261 - mmdet - INFO - 
 Average Precision  (AP) @[ IoU=0.50:0.95 | area=   all | maxDets=100 ] = 0.273
 Average Precision  (AP) @[ IoU=0.50      | area=   all | maxDets=1000 ] = 0.683
 Average Precision  (AP) @[ IoU=0.75      | area=   all | maxDets=1000 ] = 0.152
 Average Precision  (AP) @[ IoU=0.50:0.95 | area= small | maxDets=1000 ] = 0.029
 Average Precision  (AP) @[ IoU=0.50:0.95 | area=medium | maxDets=1000 ] = 0.216
 Average Precision  (AP) @[ IoU=0.50:0.95 | area= large | maxDets=1000 ] = 0.347
 Average Recall     (AR) @[ IoU=0.50:0.95 | area=   all | maxDets=100 ] = 0.457
 Average Recall     (AR) @[ IoU=0.50:0.95 | area=   all | maxDets=300 ] = 0.457
 Average Recall     (AR) @[ IoU=0.50:0.95 | area=   all | maxDets=1000 ] = 0.457
 Average Recall     (AR) @[ IoU=0.50:0.95 | area= small | maxDets=1000 ] = 0.038
 Average Recall     (AR) @[ IoU=0.50:0.95 | area=medium | maxDets=1000 ] = 0.407
 Average Recall     (AR) @[ IoU=0.50:0.95 | area= large | maxDets=1000 ] = 0.534

2026-05-07 06:29:07,272 - mmdet - INFO - Exp name: fold_1_swin_t_3x_hbb.py
2026-05-07 06:29:07,272 - mmdet - INFO - Epoch(val) [10][371]	bbox_mAP: 0.2730, bbox_mAP_50: 0.6830, bbox_mAP_75: 0.1520, bbox_mAP_s: 0.0290, bbox_mAP_m: 0.2160, bbox_mAP_l: 0.3470, bbox_mAP_copypaste: 0.273 0.683 0.152 0.029 0.216 0.347
2026-05-07 06:29:40,844 - mmdet - INFO - Epoch [11][50/101]	lr: 1.000e-05, eta: 5:11:45, time: 0.671, data_time: 0.066, memory: 7277, loss_rpn_cls: 0.0131, loss_rpn_bbox: 0.0036, loss_cls: 0.1411, acc: 94.0488, loss_bbox: 0.1190, loss: 0.2769
2026-05-07 06:30:11,895 - mmdet - INFO - Epoch [11][100/101]	lr: 1.000e-05, eta: 5:10:48, time: 0.621, data_time: 0.013, memory: 7277, loss_rpn_cls: 0.0140, loss_rpn_bbox: 0.0037, loss_cls: 0.1395, acc: 94.1988, loss_bbox: 0.1155, loss: 0.2727
2026-05-07 06:30:12,675 - mmdet - INFO - Saving checkpoint at 11 epochs
2026-05-07 06:30:48,357 - mmdet - INFO - Epoch [12][50/101]	lr: 1.000e-06, eta: 5:10:41, time: 0.672, data_time: 0.066, memory: 7277, loss_rpn_cls: 0.0139, loss_rpn_bbox: 0.0037, loss_cls: 0.1475, acc: 93.7324, loss_bbox: 0.1232, loss: 0.2883
2026-05-07 06:31:19,260 - mmdet - INFO - Epoch [12][100/101]	lr: 1.000e-06, eta: 5:09:43, time: 0.618, data_time: 0.013, memory: 7277, loss_rpn_cls: 0.0141, loss_rpn_bbox: 0.0035, loss_cls: 0.1324, acc: 94.3213, loss_bbox: 0.1067, loss: 0.2567
2026-05-07 06:31:20,035 - mmdet - INFO - Saving checkpoint at 12 epochs
2026-05-07 06:31:55,786 - mmdet - INFO - Epoch [13][50/101]	lr: 1.000e-06, eta: 5:09:35, time: 0.673, data_time: 0.066, memory: 7277, loss_rpn_cls: 0.0150, loss_rpn_bbox: 0.0037, loss_cls: 0.1451, acc: 93.8467, loss_bbox: 0.1189, loss: 0.2827
2026-05-07 06:32:26,722 - mmdet - INFO - Epoch [13][100/101]	lr: 1.000e-06, eta: 5:08:40, time: 0.619, data_time: 0.013, memory: 7277, loss_rpn_cls: 0.0120, loss_rpn_bbox: 0.0036, loss_cls: 0.1322, acc: 94.3117, loss_bbox: 0.1085, loss: 0.2563
2026-05-07 06:32:27,497 - mmdet - INFO - Saving checkpoint at 13 epochs
2026-05-07 06:33:03,266 - mmdet - INFO - Epoch [14][50/101]	lr: 1.000e-06, eta: 5:08:30, time: 0.673, data_time: 0.066, memory: 7277, loss_rpn_cls: 0.0129, loss_rpn_bbox: 0.0032, loss_cls: 0.1312, acc: 94.4902, loss_bbox: 0.1073, loss: 0.2546
2026-05-07 06:33:34,192 - mmdet - INFO - Epoch [14][100/101]	lr: 1.000e-06, eta: 5:07:36, time: 0.619, data_time: 0.013, memory: 7277, loss_rpn_cls: 0.0139, loss_rpn_bbox: 0.0039, loss_cls: 0.1463, acc: 93.7924, loss_bbox: 0.1221, loss: 0.2861
2026-05-07 06:33:34,967 - mmdet - INFO - Saving checkpoint at 14 epochs
2026-05-07 06:34:10,683 - mmdet - INFO - Epoch [15][50/101]	lr: 1.000e-06, eta: 5:07:24, time: 0.672, data_time: 0.066, memory: 7277, loss_rpn_cls: 0.0103, loss_rpn_bbox: 0.0030, loss_cls: 0.1247, acc: 94.7520, loss_bbox: 0.1061, loss: 0.2441
2026-05-07 06:34:41,678 - mmdet - INFO - Epoch [15][100/101]	lr: 1.000e-06, eta: 5:06:33, time: 0.620, data_time: 0.013, memory: 7277, loss_rpn_cls: 0.0154, loss_rpn_bbox: 0.0038, loss_cls: 0.1454, acc: 93.8525, loss_bbox: 0.1180, loss: 0.2826
2026-05-07 06:34:42,484 - mmdet - INFO - Saving checkpoint at 15 epochs
2026-05-07 06:35:18,299 - mmdet - INFO - Epoch [16][50/101]	lr: 1.000e-06, eta: 5:06:22, time: 0.674, data_time: 0.066, memory: 7277, loss_rpn_cls: 0.0137, loss_rpn_bbox: 0.0037, loss_cls: 0.1421, acc: 93.9463, loss_bbox: 0.1135, loss: 0.2731
2026-05-07 06:35:49,306 - mmdet - INFO - Epoch [16][100/101]	lr: 1.000e-06, eta: 5:05:32, time: 0.620, data_time: 0.013, memory: 7277, loss_rpn_cls: 0.0136, loss_rpn_bbox: 0.0034, loss_cls: 0.1364, acc: 94.2061, loss_bbox: 0.1105, loss: 0.2639
2026-05-07 06:35:50,090 - mmdet - INFO - Saving checkpoint at 16 epochs
2026-05-07 06:36:25,819 - mmdet - INFO - Epoch [17][50/101]	lr: 1.000e-06, eta: 5:05:18, time: 0.673, data_time: 0.066, memory: 7277, loss_rpn_cls: 0.0136, loss_rpn_bbox: 0.0037, loss_cls: 0.1434, acc: 93.9120, loss_bbox: 0.1176, loss: 0.2783
2026-05-07 06:36:56,770 - mmdet - INFO - Epoch [17][100/101]	lr: 1.000e-06, eta: 5:04:28, time: 0.619, data_time: 0.013, memory: 7277, loss_rpn_cls: 0.0117, loss_rpn_bbox: 0.0034, loss_cls: 0.1286, acc: 94.5752, loss_bbox: 0.1047, loss: 0.2484
2026-05-07 06:36:57,549 - mmdet - INFO - Saving checkpoint at 17 epochs
2026-05-07 06:37:33,258 - mmdet - INFO - Epoch [18][50/101]	lr: 1.000e-06, eta: 5:04:12, time: 0.672, data_time: 0.066, memory: 7277, loss_rpn_cls: 0.0110, loss_rpn_bbox: 0.0031, loss_cls: 0.1323, acc: 94.3481, loss_bbox: 0.1078, loss: 0.2542
2026-05-07 06:38:04,258 - mmdet - INFO - Epoch [18][100/101]	lr: 1.000e-06, eta: 5:03:25, time: 0.620, data_time: 0.013, memory: 7277, loss_rpn_cls: 0.0137, loss_rpn_bbox: 0.0039, loss_cls: 0.1448, acc: 93.9287, loss_bbox: 0.1196, loss: 0.2820
2026-05-07 06:38:05,045 - mmdet - INFO - Saving checkpoint at 18 epochs
2026-05-07 06:38:40,837 - mmdet - INFO - Epoch [19][50/101]	lr: 1.000e-06, eta: 5:03:09, time: 0.674, data_time: 0.066, memory: 7277, loss_rpn_cls: 0.0121, loss_rpn_bbox: 0.0033, loss_cls: 0.1389, acc: 94.0342, loss_bbox: 0.1143, loss: 0.2686
2026-05-07 06:39:11,858 - mmdet - INFO - Epoch [19][100/101]	lr: 1.000e-06, eta: 5:02:23, time: 0.620, data_time: 0.013, memory: 7277, loss_rpn_cls: 0.0129, loss_rpn_bbox: 0.0037, loss_cls: 0.1365, acc: 94.1946, loss_bbox: 0.1119, loss: 0.2649
2026-05-07 06:39:12,630 - mmdet - INFO - Saving checkpoint at 19 epochs
2026-05-07 06:39:48,483 - mmdet - INFO - Epoch [20][50/101]	lr: 1.000e-06, eta: 5:02:06, time: 0.675, data_time: 0.066, memory: 7277, loss_rpn_cls: 0.0143, loss_rpn_bbox: 0.0038, loss_cls: 0.1495, acc: 93.7129, loss_bbox: 0.1195, loss: 0.2871
2026-05-07 06:40:19,401 - mmdet - INFO - Epoch [20][100/101]	lr: 1.000e-06, eta: 5:01:19, time: 0.618, data_time: 0.013, memory: 7277, loss_rpn_cls: 0.0119, loss_rpn_bbox: 0.0030, loss_cls: 0.1257, acc: 94.6855, loss_bbox: 0.1066, loss: 0.2473
2026-05-07 06:40:20,188 - mmdet - INFO - Saving checkpoint at 20 epochs
2026-05-07 06:41:00,080 - mmdet - INFO - Evaluating bbox...
2026-05-07 06:41:04,620 - mmdet - INFO - 
 Average Precision  (AP) @[ IoU=0.50:0.95 | area=   all | maxDets=100 ] = 0.283
 Average Precision  (AP) @[ IoU=0.50      | area=   all | maxDets=1000 ] = 0.687
 Average Precision  (AP) @[ IoU=0.75      | area=   all | maxDets=1000 ] = 0.169
 Average Precision  (AP) @[ IoU=0.50:0.95 | area= small | maxDets=1000 ] = 0.032
 Average Precision  (AP) @[ IoU=0.50:0.95 | area=medium | maxDets=1000 ] = 0.222
 Average Precision  (AP) @[ IoU=0.50:0.95 | area= large | maxDets=1000 ] = 0.359
 Average Recall     (AR) @[ IoU=0.50:0.95 | area=   all | maxDets=100 ] = 0.463
 Average Recall     (AR) @[ IoU=0.50:0.95 | area=   all | maxDets=300 ] = 0.463
 Average Recall     (AR) @[ IoU=0.50:0.95 | area=   all | maxDets=1000 ] = 0.463
 Average Recall     (AR) @[ IoU=0.50:0.95 | area= small | maxDets=1000 ] = 0.038
 Average Recall     (AR) @[ IoU=0.50:0.95 | area=medium | maxDets=1000 ] = 0.410
 Average Recall     (AR) @[ IoU=0.50:0.95 | area= large | maxDets=1000 ] = 0.542

2026-05-07 06:41:04,630 - mmdet - INFO - Exp name: fold_1_swin_t_3x_hbb.py
2026-05-07 06:41:04,630 - mmdet - INFO - Epoch(val) [20][371]	bbox_mAP: 0.2830, bbox_mAP_50: 0.6870, bbox_mAP_75: 0.1690, bbox_mAP_s: 0.0320, bbox_mAP_m: 0.2220, bbox_mAP_l: 0.3590, bbox_mAP_copypaste: 0.283 0.687 0.169 0.032 0.222 0.359
2026-05-07 06:41:38,242 - mmdet - INFO - Epoch [21][50/101]	lr: 1.000e-06, eta: 5:01:00, time: 0.672, data_time: 0.066, memory: 7277, loss_rpn_cls: 0.0102, loss_rpn_bbox: 0.0032, loss_cls: 0.1246, acc: 94.6338, loss_bbox: 0.1010, loss: 0.2390
2026-05-07 06:42:09,246 - mmdet - INFO - Epoch [21][100/101]	lr: 1.000e-06, eta: 5:00:15, time: 0.620, data_time: 0.013, memory: 7277, loss_rpn_cls: 0.0135, loss_rpn_bbox: 0.0038, loss_cls: 0.1462, acc: 93.8511, loss_bbox: 0.1201, loss: 0.2836
2026-05-07 06:42:10,048 - mmdet - INFO - Saving checkpoint at 21 epochs
2026-05-07 06:42:45,851 - mmdet - INFO - Epoch [22][50/101]	lr: 1.000e-06, eta: 4:59:57, time: 0.674, data_time: 0.066, memory: 7277, loss_rpn_cls: 0.0140, loss_rpn_bbox: 0.0038, loss_cls: 0.1420, acc: 93.9788, loss_bbox: 0.1136, loss: 0.2733
2026-05-07 06:43:16,830 - mmdet - INFO - Epoch [22][100/101]	lr: 1.000e-06, eta: 4:59:12, time: 0.620, data_time: 0.013, memory: 7277, loss_rpn_cls: 0.0121, loss_rpn_bbox: 0.0032, loss_cls: 0.1334, acc: 94.3232, loss_bbox: 0.1096, loss: 0.2583
2026-05-07 06:43:17,612 - mmdet - INFO - Saving checkpoint at 22 epochs
2026-05-07 06:43:53,456 - mmdet - INFO - Epoch [23][50/101]	lr: 1.000e-06, eta: 4:58:54, time: 0.675, data_time: 0.066, memory: 7277, loss_rpn_cls: 0.0113, loss_rpn_bbox: 0.0031, loss_cls: 0.1253, acc: 94.6623, loss_bbox: 0.1031, loss: 0.2427
2026-05-07 06:44:24,465 - mmdet - INFO - Epoch [23][100/101]	lr: 1.000e-06, eta: 4:58:10, time: 0.620, data_time: 0.013, memory: 7277, loss_rpn_cls: 0.0120, loss_rpn_bbox: 0.0037, loss_cls: 0.1440, acc: 93.9355, loss_bbox: 0.1172, loss: 0.2769
2026-05-07 06:44:25,243 - mmdet - INFO - Saving checkpoint at 23 epochs
2026-05-07 06:45:01,034 - mmdet - INFO - Epoch [24][50/101]	lr: 1.000e-06, eta: 4:57:50, time: 0.674, data_time: 0.066, memory: 7277, loss_rpn_cls: 0.0135, loss_rpn_bbox: 0.0039, loss_cls: 0.1352, acc: 94.3350, loss_bbox: 0.1056, loss: 0.2582
2026-05-07 06:45:31,991 - mmdet - INFO - Epoch [24][100/101]	lr: 1.000e-06, eta: 4:57:06, time: 0.619, data_time: 0.013, memory: 7277, loss_rpn_cls: 0.0124, loss_rpn_bbox: 0.0034, loss_cls: 0.1377, acc: 94.1992, loss_bbox: 0.1137, loss: 0.2672
2026-05-07 06:45:32,767 - mmdet - INFO - Saving checkpoint at 24 epochs
2026-05-07 06:46:08,530 - mmdet - INFO - Epoch [25][50/101]	lr: 1.000e-06, eta: 4:56:46, time: 0.674, data_time: 0.066, memory: 7277, loss_rpn_cls: 0.0116, loss_rpn_bbox: 0.0036, loss_cls: 0.1396, acc: 94.1289, loss_bbox: 0.1157, loss: 0.2706
2026-05-07 06:46:39,538 - mmdet - INFO - Epoch [25][100/101]	lr: 1.000e-06, eta: 4:56:03, time: 0.620, data_time: 0.013, memory: 7277, loss_rpn_cls: 0.0125, loss_rpn_bbox: 0.0034, loss_cls: 0.1345, acc: 94.2330, loss_bbox: 0.1075, loss: 0.2579
2026-05-07 06:46:40,311 - mmdet - INFO - Saving checkpoint at 25 epochs
2026-05-07 06:47:16,000 - mmdet - INFO - Epoch [26][50/101]	lr: 1.000e-06, eta: 4:55:41, time: 0.672, data_time: 0.066, memory: 7277, loss_rpn_cls: 0.0114, loss_rpn_bbox: 0.0034, loss_cls: 0.1393, acc: 94.0945, loss_bbox: 0.1138, loss: 0.2680
2026-05-07 06:47:46,930 - mmdet - INFO - Epoch [26][100/101]	lr: 1.000e-06, eta: 4:54:57, time: 0.619, data_time: 0.013, memory: 7277, loss_rpn_cls: 0.0116, loss_rpn_bbox: 0.0036, loss_cls: 0.1345, acc: 94.3262, loss_bbox: 0.1105, loss: 0.2601
2026-05-07 06:47:47,712 - mmdet - INFO - Saving checkpoint at 26 epochs
2026-05-07 06:48:23,618 - mmdet - INFO - Epoch [27][50/101]	lr: 1.000e-06, eta: 4:54:37, time: 0.676, data_time: 0.066, memory: 7277, loss_rpn_cls: 0.0119, loss_rpn_bbox: 0.0034, loss_cls: 0.1322, acc: 94.4582, loss_bbox: 0.1079, loss: 0.2553
2026-05-07 06:48:54,617 - mmdet - INFO - Epoch [27][100/101]	lr: 1.000e-06, eta: 4:53:55, time: 0.620, data_time: 0.013, memory: 7277, loss_rpn_cls: 0.0131, loss_rpn_bbox: 0.0036, loss_cls: 0.1359, acc: 94.1777, loss_bbox: 0.1128, loss: 0.2654
2026-05-07 06:48:55,409 - mmdet - INFO - Saving checkpoint at 27 epochs
2026-05-07 06:49:31,162 - mmdet - INFO - Epoch [28][50/101]	lr: 1.000e-06, eta: 4:53:33, time: 0.673, data_time: 0.066, memory: 7277, loss_rpn_cls: 0.0125, loss_rpn_bbox: 0.0035, loss_cls: 0.1362, acc: 94.1846, loss_bbox: 0.1134, loss: 0.2655
2026-05-07 06:50:02,164 - mmdet - INFO - Epoch [28][100/101]	lr: 1.000e-06, eta: 4:52:51, time: 0.620, data_time: 0.013, memory: 7277, loss_rpn_cls: 0.0121, loss_rpn_bbox: 0.0034, loss_cls: 0.1332, acc: 94.3295, loss_bbox: 0.1051, loss: 0.2538
2026-05-07 06:50:02,935 - mmdet - INFO - Saving checkpoint at 28 epochs
2026-05-07 06:50:38,674 - mmdet - INFO - Epoch [29][50/101]	lr: 1.000e-06, eta: 4:52:28, time: 0.673, data_time: 0.066, memory: 7277, loss_rpn_cls: 0.0127, loss_rpn_bbox: 0.0033, loss_cls: 0.1366, acc: 94.2188, loss_bbox: 0.1131, loss: 0.2658
2026-05-07 06:51:09,679 - mmdet - INFO - Epoch [29][100/101]	lr: 1.000e-06, eta: 4:51:47, time: 0.620, data_time: 0.013, memory: 7277, loss_rpn_cls: 0.0114, loss_rpn_bbox: 0.0036, loss_cls: 0.1353, acc: 94.2747, loss_bbox: 0.1108, loss: 0.2611
2026-05-07 06:51:10,451 - mmdet - INFO - Saving checkpoint at 29 epochs
2026-05-07 06:51:46,213 - mmdet - INFO - Epoch [30][50/101]	lr: 1.000e-06, eta: 4:51:24, time: 0.673, data_time: 0.066, memory: 7277, loss_rpn_cls: 0.0127, loss_rpn_bbox: 0.0036, loss_cls: 0.1414, acc: 94.0781, loss_bbox: 0.1134, loss: 0.2712
2026-05-07 06:52:17,212 - mmdet - INFO - Epoch [30][100/101]	lr: 1.000e-06, eta: 4:50:43, time: 0.620, data_time: 0.013, memory: 7277, loss_rpn_cls: 0.0110, loss_rpn_bbox: 0.0032, loss_cls: 0.1273, acc: 94.6068, loss_bbox: 0.1051, loss: 0.2466
2026-05-07 06:52:18,022 - mmdet - INFO - Saving checkpoint at 30 epochs
2026-05-07 06:52:57,929 - mmdet - INFO - Evaluating bbox...
2026-05-07 06:53:02,362 - mmdet - INFO - 
 Average Precision  (AP) @[ IoU=0.50:0.95 | area=   all | maxDets=100 ] = 0.286
 Average Precision  (AP) @[ IoU=0.50      | area=   all | maxDets=1000 ] = 0.684
 Average Precision  (AP) @[ IoU=0.75      | area=   all | maxDets=1000 ] = 0.169
 Average Precision  (AP) @[ IoU=0.50:0.95 | area= small | maxDets=1000 ] = 0.032
 Average Precision  (AP) @[ IoU=0.50:0.95 | area=medium | maxDets=1000 ] = 0.222
 Average Precision  (AP) @[ IoU=0.50:0.95 | area= large | maxDets=1000 ] = 0.360
 Average Recall     (AR) @[ IoU=0.50:0.95 | area=   all | maxDets=100 ] = 0.459
 Average Recall     (AR) @[ IoU=0.50:0.95 | area=   all | maxDets=300 ] = 0.459
 Average Recall     (AR) @[ IoU=0.50:0.95 | area=   all | maxDets=1000 ] = 0.459
 Average Recall     (AR) @[ IoU=0.50:0.95 | area= small | maxDets=1000 ] = 0.038
 Average Recall     (AR) @[ IoU=0.50:0.95 | area=medium | maxDets=1000 ] = 0.409
 Average Recall     (AR) @[ IoU=0.50:0.95 | area= large | maxDets=1000 ] = 0.533

2026-05-07 06:53:02,372 - mmdet - INFO - Exp name: fold_1_swin_t_3x_hbb.py
2026-05-07 06:53:02,372 - mmdet - INFO - Epoch(val) [30][371]	bbox_mAP: 0.2860, bbox_mAP_50: 0.6840, bbox_mAP_75: 0.1690, bbox_mAP_s: 0.0320, bbox_mAP_m: 0.2220, bbox_mAP_l: 0.3600, bbox_mAP_copypaste: 0.286 0.684 0.169 0.032 0.222 0.360
2026-05-07 06:53:36,040 - mmdet - INFO - Epoch [31][50/101]	lr: 1.000e-06, eta: 4:50:19, time: 0.673, data_time: 0.066, memory: 7277, loss_rpn_cls: 0.0114, loss_rpn_bbox: 0.0034, loss_cls: 0.1316, acc: 94.5120, loss_bbox: 0.1079, loss: 0.2543
2026-05-07 06:54:07,095 - mmdet - INFO - Epoch [31][100/101]	lr: 1.000e-06, eta: 4:49:39, time: 0.621, data_time: 0.013, memory: 7277, loss_rpn_cls: 0.0122, loss_rpn_bbox: 0.0035, loss_cls: 0.1375, acc: 94.2158, loss_bbox: 0.1115, loss: 0.2646
2026-05-07 06:54:07,879 - mmdet - INFO - Saving checkpoint at 31 epochs
2026-05-07 06:54:43,694 - mmdet - INFO - Epoch [32][50/101]	lr: 1.000e-06, eta: 4:49:16, time: 0.674, data_time: 0.066, memory: 7277, loss_rpn_cls: 0.0112, loss_rpn_bbox: 0.0036, loss_cls: 0.1341, acc: 94.3291, loss_bbox: 0.1061, loss: 0.2550
2026-05-07 06:55:14,669 - mmdet - INFO - Epoch [32][100/101]	lr: 1.000e-06, eta: 4:48:35, time: 0.619, data_time: 0.013, memory: 7277, loss_rpn_cls: 0.0108, loss_rpn_bbox: 0.0033, loss_cls: 0.1337, acc: 94.3599, loss_bbox: 0.1092, loss: 0.2569
2026-05-07 06:55:15,471 - mmdet - INFO - Saving checkpoint at 32 epochs
2026-05-07 06:55:51,257 - mmdet - INFO - Epoch [33][50/101]	lr: 1.000e-06, eta: 4:48:11, time: 0.674, data_time: 0.066, memory: 7277, loss_rpn_cls: 0.0117, loss_rpn_bbox: 0.0036, loss_cls: 0.1328, acc: 94.4008, loss_bbox: 0.1073, loss: 0.2554
2026-05-07 06:56:22,196 - mmdet - INFO - Epoch [33][100/101]	lr: 1.000e-06, eta: 4:47:31, time: 0.619, data_time: 0.013, memory: 7277, loss_rpn_cls: 0.0112, loss_rpn_bbox: 0.0029, loss_cls: 0.1316, acc: 94.4111, loss_bbox: 0.1072, loss: 0.2530
2026-05-07 06:56:22,983 - mmdet - INFO - Saving checkpoint at 33 epochs
2026-05-07 06:56:58,800 - mmdet - INFO - Epoch [34][50/101]	lr: 1.000e-06, eta: 4:47:06, time: 0.674, data_time: 0.066, memory: 7277, loss_rpn_cls: 0.0118, loss_rpn_bbox: 0.0038, loss_cls: 0.1365, acc: 94.3086, loss_bbox: 0.1111, loss: 0.2633
2026-05-07 06:57:29,726 - mmdet - INFO - Epoch [34][100/101]	lr: 1.000e-06, eta: 4:46:26, time: 0.619, data_time: 0.013, memory: 7277, loss_rpn_cls: 0.0104, loss_rpn_bbox: 0.0029, loss_cls: 0.1315, acc: 94.4725, loss_bbox: 0.1094, loss: 0.2541
2026-05-07 06:57:30,511 - mmdet - INFO - Saving checkpoint at 34 epochs
2026-05-07 06:58:06,369 - mmdet - INFO - Epoch [35][50/101]	lr: 1.000e-06, eta: 4:46:02, time: 0.675, data_time: 0.067, memory: 7277, loss_rpn_cls: 0.0122, loss_rpn_bbox: 0.0034, loss_cls: 0.1369, acc: 94.2041, loss_bbox: 0.1094, loss: 0.2618
2026-05-07 06:58:37,311 - mmdet - INFO - Epoch [35][100/101]	lr: 1.000e-06, eta: 4:45:22, time: 0.619, data_time: 0.013, memory: 7277, loss_rpn_cls: 0.0114, loss_rpn_bbox: 0.0034, loss_cls: 0.1323, acc: 94.4258, loss_bbox: 0.1103, loss: 0.2574
2026-05-07 06:58:38,101 - mmdet - INFO - Saving checkpoint at 35 epochs
2026-05-07 06:59:13,850 - mmdet - INFO - Epoch [36][50/101]	lr: 1.000e-06, eta: 4:44:57, time: 0.673, data_time: 0.066, memory: 7277, loss_rpn_cls: 0.0118, loss_rpn_bbox: 0.0034, loss_cls: 0.1280, acc: 94.5879, loss_bbox: 0.1061, loss: 0.2493
2026-05-07 06:59:44,897 - mmdet - INFO - Epoch [36][100/101]	lr: 1.000e-06, eta: 4:44:18, time: 0.621, data_time: 0.013, memory: 7277, loss_rpn_cls: 0.0128, loss_rpn_bbox: 0.0035, loss_cls: 0.1368, acc: 94.1550, loss_bbox: 0.1110, loss: 0.2640
2026-05-07 06:59:45,673 - mmdet - INFO - Saving checkpoint at 36 epochs
2026-05-07 07:00:21,523 - mmdet - INFO - Epoch [37][50/101]	lr: 1.000e-06, eta: 4:43:53, time: 0.674, data_time: 0.066, memory: 7277, loss_rpn_cls: 0.0118, loss_rpn_bbox: 0.0033, loss_cls: 0.1348, acc: 94.2858, loss_bbox: 0.1077, loss: 0.2576
2026-05-07 07:00:52,528 - mmdet - INFO - Epoch [37][100/101]	lr: 1.000e-06, eta: 4:43:14, time: 0.620, data_time: 0.013, memory: 7277, loss_rpn_cls: 0.0122, loss_rpn_bbox: 0.0035, loss_cls: 0.1310, acc: 94.4608, loss_bbox: 0.1068, loss: 0.2536
2026-05-07 07:00:53,295 - mmdet - INFO - Saving checkpoint at 37 epochs
2026-05-07 07:01:29,106 - mmdet - INFO - Epoch [38][50/101]	lr: 1.000e-06, eta: 4:42:49, time: 0.674, data_time: 0.066, memory: 7277, loss_rpn_cls: 0.0136, loss_rpn_bbox: 0.0036, loss_cls: 0.1418, acc: 93.9985, loss_bbox: 0.1166, loss: 0.2756
2026-05-07 07:02:00,006 - mmdet - INFO - Epoch [38][100/101]	lr: 1.000e-06, eta: 4:42:10, time: 0.618, data_time: 0.013, memory: 7277, loss_rpn_cls: 0.0107, loss_rpn_bbox: 0.0033, loss_cls: 0.1243, acc: 94.7246, loss_bbox: 0.1002, loss: 0.2385
2026-05-07 07:02:00,783 - mmdet - INFO - Saving checkpoint at 38 epochs
2026-05-07 07:02:36,578 - mmdet - INFO - Epoch [39][50/101]	lr: 1.000e-06, eta: 4:41:44, time: 0.674, data_time: 0.066, memory: 7277, loss_rpn_cls: 0.0119, loss_rpn_bbox: 0.0033, loss_cls: 0.1309, acc: 94.4612, loss_bbox: 0.1063, loss: 0.2525
2026-05-07 07:03:07,539 - mmdet - INFO - Epoch [39][100/101]	lr: 1.000e-06, eta: 4:41:05, time: 0.619, data_time: 0.013, memory: 7277, loss_rpn_cls: 0.0126, loss_rpn_bbox: 0.0033, loss_cls: 0.1340, acc: 94.3135, loss_bbox: 0.1082, loss: 0.2582
2026-05-07 07:03:08,328 - mmdet - INFO - Saving checkpoint at 39 epochs
2026-05-07 07:03:44,044 - mmdet - INFO - Epoch [40][50/101]	lr: 1.000e-06, eta: 4:40:39, time: 0.672, data_time: 0.066, memory: 7277, loss_rpn_cls: 0.0109, loss_rpn_bbox: 0.0030, loss_cls: 0.1259, acc: 94.7659, loss_bbox: 0.0987, loss: 0.2385
2026-05-07 07:04:15,028 - mmdet - INFO - Epoch [40][100/101]	lr: 1.000e-06, eta: 4:40:00, time: 0.620, data_time: 0.013, memory: 7277, loss_rpn_cls: 0.0130, loss_rpn_bbox: 0.0039, loss_cls: 0.1413, acc: 94.0674, loss_bbox: 0.1178, loss: 0.2760
2026-05-07 07:04:15,820 - mmdet - INFO - Saving checkpoint at 40 epochs
2026-05-07 07:04:55,919 - mmdet - INFO - Evaluating bbox...
2026-05-07 07:05:00,371 - mmdet - INFO - 
 Average Precision  (AP) @[ IoU=0.50:0.95 | area=   all | maxDets=100 ] = 0.287
 Average Precision  (AP) @[ IoU=0.50      | area=   all | maxDets=1000 ] = 0.687
 Average Precision  (AP) @[ IoU=0.75      | area=   all | maxDets=1000 ] = 0.175
 Average Precision  (AP) @[ IoU=0.50:0.95 | area= small | maxDets=1000 ] = 0.033
 Average Precision  (AP) @[ IoU=0.50:0.95 | area=medium | maxDets=1000 ] = 0.221
 Average Precision  (AP) @[ IoU=0.50:0.95 | area= large | maxDets=1000 ] = 0.365
 Average Recall     (AR) @[ IoU=0.50:0.95 | area=   all | maxDets=100 ] = 0.460
 Average Recall     (AR) @[ IoU=0.50:0.95 | area=   all | maxDets=300 ] = 0.460
 Average Recall     (AR) @[ IoU=0.50:0.95 | area=   all | maxDets=1000 ] = 0.460
 Average Recall     (AR) @[ IoU=0.50:0.95 | area= small | maxDets=1000 ] = 0.041
 Average Recall     (AR) @[ IoU=0.50:0.95 | area=medium | maxDets=1000 ] = 0.407
 Average Recall     (AR) @[ IoU=0.50:0.95 | area= large | maxDets=1000 ] = 0.538

2026-05-07 07:05:00,381 - mmdet - INFO - Exp name: fold_1_swin_t_3x_hbb.py
2026-05-07 07:05:00,381 - mmdet - INFO - Epoch(val) [40][371]	bbox_mAP: 0.2870, bbox_mAP_50: 0.6870, bbox_mAP_75: 0.1750, bbox_mAP_s: 0.0330, bbox_mAP_m: 0.2210, bbox_mAP_l: 0.3650, bbox_mAP_copypaste: 0.287 0.687 0.175 0.033 0.221 0.365
2026-05-07 07:05:33,977 - mmdet - INFO - Epoch [41][50/101]	lr: 1.000e-06, eta: 4:39:34, time: 0.672, data_time: 0.066, memory: 7277, loss_rpn_cls: 0.0117, loss_rpn_bbox: 0.0030, loss_cls: 0.1228, acc: 94.8359, loss_bbox: 0.0993, loss: 0.2368
2026-05-07 07:06:04,973 - mmdet - INFO - Epoch [41][100/101]	lr: 1.000e-06, eta: 4:38:56, time: 0.620, data_time: 0.013, memory: 7277, loss_rpn_cls: 0.0141, loss_rpn_bbox: 0.0039, loss_cls: 0.1432, acc: 93.8958, loss_bbox: 0.1175, loss: 0.2787
2026-05-07 07:06:05,748 - mmdet - INFO - Saving checkpoint at 41 epochs
2026-05-07 07:06:41,458 - mmdet - INFO - Epoch [42][50/101]	lr: 1.000e-06, eta: 4:38:29, time: 0.673, data_time: 0.066, memory: 7277, loss_rpn_cls: 0.0110, loss_rpn_bbox: 0.0035, loss_cls: 0.1288, acc: 94.5537, loss_bbox: 0.1048, loss: 0.2481
2026-05-07 07:07:12,369 - mmdet - INFO - Epoch [42][100/101]	lr: 1.000e-06, eta: 4:37:51, time: 0.618, data_time: 0.013, memory: 7277, loss_rpn_cls: 0.0108, loss_rpn_bbox: 0.0032, loss_cls: 0.1339, acc: 94.2825, loss_bbox: 0.1064, loss: 0.2542
2026-05-07 07:07:13,146 - mmdet - INFO - Saving checkpoint at 42 epochs
2026-05-07 07:07:48,892 - mmdet - INFO - Epoch [43][50/101]	lr: 1.000e-06, eta: 4:37:24, time: 0.673, data_time: 0.066, memory: 7277, loss_rpn_cls: 0.0107, loss_rpn_bbox: 0.0036, loss_cls: 0.1279, acc: 94.5820, loss_bbox: 0.1032, loss: 0.2454
2026-05-07 07:08:19,924 - mmdet - INFO - Epoch [43][100/101]	lr: 1.000e-06, eta: 4:36:46, time: 0.621, data_time: 0.013, memory: 7277, loss_rpn_cls: 0.0119, loss_rpn_bbox: 0.0030, loss_cls: 0.1324, acc: 94.4121, loss_bbox: 0.1107, loss: 0.2580
2026-05-07 07:08:20,702 - mmdet - INFO - Saving checkpoint at 43 epochs
2026-05-07 07:08:56,490 - mmdet - INFO - Epoch [44][50/101]	lr: 1.000e-06, eta: 4:36:20, time: 0.673, data_time: 0.066, memory: 7277, loss_rpn_cls: 0.0120, loss_rpn_bbox: 0.0035, loss_cls: 0.1329, acc: 94.3750, loss_bbox: 0.1098, loss: 0.2582
2026-05-07 07:09:27,468 - mmdet - INFO - Epoch [44][100/101]	lr: 1.000e-06, eta: 4:35:42, time: 0.620, data_time: 0.013, memory: 7277, loss_rpn_cls: 0.0095, loss_rpn_bbox: 0.0031, loss_cls: 0.1271, acc: 94.6747, loss_bbox: 0.1007, loss: 0.2405
2026-05-07 07:09:28,258 - mmdet - INFO - Saving checkpoint at 44 epochs
2026-05-07 07:10:04,045 - mmdet - INFO - Epoch [45][50/101]	lr: 1.000e-06, eta: 4:35:15, time: 0.674, data_time: 0.066, memory: 7277, loss_rpn_cls: 0.0119, loss_rpn_bbox: 0.0035, loss_cls: 0.1376, acc: 94.0607, loss_bbox: 0.1116, loss: 0.2646
2026-05-07 07:10:34,969 - mmdet - INFO - Epoch [45][100/101]	lr: 1.000e-06, eta: 4:34:37, time: 0.618, data_time: 0.013, memory: 7277, loss_rpn_cls: 0.0094, loss_rpn_bbox: 0.0030, loss_cls: 0.1267, acc: 94.6973, loss_bbox: 0.1025, loss: 0.2416
2026-05-07 07:10:35,744 - mmdet - INFO - Saving checkpoint at 45 epochs
2026-05-07 07:11:11,562 - mmdet - INFO - Epoch [46][50/101]	lr: 1.000e-06, eta: 4:34:11, time: 0.674, data_time: 0.066, memory: 7277, loss_rpn_cls: 0.0127, loss_rpn_bbox: 0.0036, loss_cls: 0.1366, acc: 94.1380, loss_bbox: 0.1087, loss: 0.2616
2026-05-07 07:11:42,479 - mmdet - INFO - Epoch [46][100/101]	lr: 1.000e-06, eta: 4:33:33, time: 0.618, data_time: 0.013, memory: 7277, loss_rpn_cls: 0.0101, loss_rpn_bbox: 0.0031, loss_cls: 0.1238, acc: 94.8125, loss_bbox: 0.1008, loss: 0.2377
2026-05-07 07:11:43,252 - mmdet - INFO - Saving checkpoint at 46 epochs
2026-05-07 07:12:19,048 - mmdet - INFO - Epoch [47][50/101]	lr: 1.000e-06, eta: 4:33:06, time: 0.674, data_time: 0.066, memory: 7277, loss_rpn_cls: 0.0124, loss_rpn_bbox: 0.0036, loss_cls: 0.1313, acc: 94.3478, loss_bbox: 0.1069, loss: 0.2542
2026-05-07 07:12:49,973 - mmdet - INFO - Epoch [47][100/101]	lr: 1.000e-06, eta: 4:32:28, time: 0.618, data_time: 0.013, memory: 7277, loss_rpn_cls: 0.0110, loss_rpn_bbox: 0.0032, loss_cls: 0.1271, acc: 94.6084, loss_bbox: 0.1041, loss: 0.2455
2026-05-07 07:12:50,758 - mmdet - INFO - Saving checkpoint at 47 epochs
2026-05-07 07:13:26,599 - mmdet - INFO - Epoch [48][50/101]	lr: 1.000e-06, eta: 4:32:02, time: 0.675, data_time: 0.066, memory: 7277, loss_rpn_cls: 0.0114, loss_rpn_bbox: 0.0033, loss_cls: 0.1308, acc: 94.4695, loss_bbox: 0.1019, loss: 0.2475
2026-05-07 07:13:57,550 - mmdet - INFO - Epoch [48][100/101]	lr: 1.000e-06, eta: 4:31:24, time: 0.619, data_time: 0.013, memory: 7277, loss_rpn_cls: 0.0115, loss_rpn_bbox: 0.0032, loss_cls: 0.1348, acc: 94.2830, loss_bbox: 0.1100, loss: 0.2595
2026-05-07 07:13:58,331 - mmdet - INFO - Saving checkpoint at 48 epochs
2026-05-07 07:14:34,082 - mmdet - INFO - Epoch [49][50/101]	lr: 1.000e-06, eta: 4:30:57, time: 0.673, data_time: 0.066, memory: 7277, loss_rpn_cls: 0.0114, loss_rpn_bbox: 0.0035, loss_cls: 0.1326, acc: 94.4121, loss_bbox: 0.1077, loss: 0.2552
2026-05-07 07:15:05,037 - mmdet - INFO - Epoch [49][100/101]	lr: 1.000e-06, eta: 4:30:19, time: 0.619, data_time: 0.013, memory: 7277, loss_rpn_cls: 0.0111, loss_rpn_bbox: 0.0032, loss_cls: 0.1306, acc: 94.4170, loss_bbox: 0.1044, loss: 0.2492
2026-05-07 07:15:05,823 - mmdet - INFO - Saving checkpoint at 49 epochs
2026-05-07 07:15:41,578 - mmdet - INFO - Epoch [50][50/101]	lr: 1.000e-06, eta: 4:29:52, time: 0.673, data_time: 0.066, memory: 7277, loss_rpn_cls: 0.0104, loss_rpn_bbox: 0.0031, loss_cls: 0.1305, acc: 94.4980, loss_bbox: 0.1058, loss: 0.2498
2026-05-07 07:16:12,588 - mmdet - INFO - Epoch [50][100/101]	lr: 1.000e-06, eta: 4:29:15, time: 0.620, data_time: 0.013, memory: 7277, loss_rpn_cls: 0.0108, loss_rpn_bbox: 0.0034, loss_cls: 0.1278, acc: 94.6074, loss_bbox: 0.1047, loss: 0.2467
2026-05-07 07:16:13,384 - mmdet - INFO - Saving checkpoint at 50 epochs
2026-05-07 07:16:52,902 - mmdet - INFO - Evaluating bbox...
2026-05-07 07:16:57,376 - mmdet - INFO - 
 Average Precision  (AP) @[ IoU=0.50:0.95 | area=   all | maxDets=100 ] = 0.290
 Average Precision  (AP) @[ IoU=0.50      | area=   all | maxDets=1000 ] = 0.691
 Average Precision  (AP) @[ IoU=0.75      | area=   all | maxDets=1000 ] = 0.183
 Average Precision  (AP) @[ IoU=0.50:0.95 | area= small | maxDets=1000 ] = 0.032
 Average Precision  (AP) @[ IoU=0.50:0.95 | area=medium | maxDets=1000 ] = 0.224
 Average Precision  (AP) @[ IoU=0.50:0.95 | area= large | maxDets=1000 ] = 0.368
 Average Recall     (AR) @[ IoU=0.50:0.95 | area=   all | maxDets=100 ] = 0.457
 Average Recall     (AR) @[ IoU=0.50:0.95 | area=   all | maxDets=300 ] = 0.457
 Average Recall     (AR) @[ IoU=0.50:0.95 | area=   all | maxDets=1000 ] = 0.457
 Average Recall     (AR) @[ IoU=0.50:0.95 | area= small | maxDets=1000 ] = 0.038
 Average Recall     (AR) @[ IoU=0.50:0.95 | area=medium | maxDets=1000 ] = 0.400
 Average Recall     (AR) @[ IoU=0.50:0.95 | area= large | maxDets=1000 ] = 0.541

2026-05-07 07:16:57,385 - mmdet - INFO - Exp name: fold_1_swin_t_3x_hbb.py
2026-05-07 07:16:57,385 - mmdet - INFO - Epoch(val) [50][371]	bbox_mAP: 0.2900, bbox_mAP_50: 0.6910, bbox_mAP_75: 0.1830, bbox_mAP_s: 0.0320, bbox_mAP_m: 0.2240, bbox_mAP_l: 0.3680, bbox_mAP_copypaste: 0.290 0.691 0.183 0.032 0.224 0.368
2026-05-07 07:17:30,950 - mmdet - INFO - Epoch [51][50/101]	lr: 1.000e-06, eta: 4:28:47, time: 0.671, data_time: 0.066, memory: 7277, loss_rpn_cls: 0.0112, loss_rpn_bbox: 0.0031, loss_cls: 0.1227, acc: 94.8350, loss_bbox: 0.0991, loss: 0.2362
2026-05-07 07:18:01,967 - mmdet - INFO - Epoch [51][100/101]	lr: 1.000e-06, eta: 4:28:10, time: 0.620, data_time: 0.013, memory: 7277, loss_rpn_cls: 0.0131, loss_rpn_bbox: 0.0037, loss_cls: 0.1380, acc: 94.2019, loss_bbox: 0.1113, loss: 0.2660
2026-05-07 07:18:02,749 - mmdet - INFO - Saving checkpoint at 51 epochs
2026-05-07 07:18:38,561 - mmdet - INFO - Epoch [52][50/101]	lr: 1.000e-06, eta: 4:27:43, time: 0.674, data_time: 0.066, memory: 7277, loss_rpn_cls: 0.0116, loss_rpn_bbox: 0.0035, loss_cls: 0.1320, acc: 94.4879, loss_bbox: 0.1036, loss: 0.2508
2026-05-07 07:19:09,530 - mmdet - INFO - Epoch [52][100/101]	lr: 1.000e-06, eta: 4:27:06, time: 0.619, data_time: 0.013, memory: 7277, loss_rpn_cls: 0.0114, loss_rpn_bbox: 0.0031, loss_cls: 0.1253, acc: 94.6570, loss_bbox: 0.1018, loss: 0.2416
2026-05-07 07:19:10,313 - mmdet - INFO - Saving checkpoint at 52 epochs
2026-05-07 07:19:46,068 - mmdet - INFO - Epoch [53][50/101]	lr: 1.000e-06, eta: 4:26:38, time: 0.673, data_time: 0.066, memory: 7277, loss_rpn_cls: 0.0104, loss_rpn_bbox: 0.0032, loss_cls: 0.1289, acc: 94.4883, loss_bbox: 0.1046, loss: 0.2470
2026-05-07 07:20:17,039 - mmdet - INFO - Epoch [53][100/101]	lr: 1.000e-06, eta: 4:26:01, time: 0.619, data_time: 0.013, memory: 7277, loss_rpn_cls: 0.0108, loss_rpn_bbox: 0.0035, loss_cls: 0.1297, acc: 94.4729, loss_bbox: 0.1052, loss: 0.2492
2026-05-07 07:20:17,817 - mmdet - INFO - Saving checkpoint at 53 epochs
2026-05-07 07:20:53,682 - mmdet - INFO - Epoch [54][50/101]	lr: 1.000e-06, eta: 4:25:34, time: 0.675, data_time: 0.066, memory: 7277, loss_rpn_cls: 0.0116, loss_rpn_bbox: 0.0036, loss_cls: 0.1334, acc: 94.4700, loss_bbox: 0.1089, loss: 0.2574
2026-05-07 07:21:24,666 - mmdet - INFO - Epoch [54][100/101]	lr: 1.000e-06, eta: 4:24:57, time: 0.620, data_time: 0.013, memory: 7277, loss_rpn_cls: 0.0104, loss_rpn_bbox: 0.0031, loss_cls: 0.1271, acc: 94.5346, loss_bbox: 0.1012, loss: 0.2418
2026-05-07 07:21:25,437 - mmdet - INFO - Saving checkpoint at 54 epochs
2026-05-07 07:22:01,130 - mmdet - INFO - Epoch [55][50/101]	lr: 1.000e-06, eta: 4:24:29, time: 0.672, data_time: 0.066, memory: 7277, loss_rpn_cls: 0.0115, loss_rpn_bbox: 0.0032, loss_cls: 0.1239, acc: 94.7070, loss_bbox: 0.0983, loss: 0.2370
2026-05-07 07:22:32,092 - mmdet - INFO - Epoch [55][100/101]	lr: 1.000e-06, eta: 4:23:52, time: 0.619, data_time: 0.013, memory: 7277, loss_rpn_cls: 0.0117, loss_rpn_bbox: 0.0033, loss_cls: 0.1367, acc: 94.2059, loss_bbox: 0.1115, loss: 0.2631
2026-05-07 07:22:32,880 - mmdet - INFO - Saving checkpoint at 55 epochs
2026-05-07 07:23:08,650 - mmdet - INFO - Epoch [56][50/101]	lr: 1.000e-06, eta: 4:23:24, time: 0.673, data_time: 0.066, memory: 7277, loss_rpn_cls: 0.0093, loss_rpn_bbox: 0.0032, loss_cls: 0.1292, acc: 94.4270, loss_bbox: 0.1038, loss: 0.2456
2026-05-07 07:23:39,645 - mmdet - INFO - Epoch [56][100/101]	lr: 1.000e-06, eta: 4:22:48, time: 0.620, data_time: 0.013, memory: 7277, loss_rpn_cls: 0.0118, loss_rpn_bbox: 0.0034, loss_cls: 0.1273, acc: 94.6917, loss_bbox: 0.1014, loss: 0.2438
2026-05-07 07:23:40,423 - mmdet - INFO - Saving checkpoint at 56 epochs
2026-05-07 07:24:16,245 - mmdet - INFO - Epoch [57][50/101]	lr: 1.000e-06, eta: 4:22:20, time: 0.675, data_time: 0.066, memory: 7277, loss_rpn_cls: 0.0112, loss_rpn_bbox: 0.0035, loss_cls: 0.1385, acc: 94.1253, loss_bbox: 0.1108, loss: 0.2640
2026-05-07 07:24:47,094 - mmdet - INFO - Epoch [57][100/101]	lr: 1.000e-06, eta: 4:21:43, time: 0.617, data_time: 0.013, memory: 7277, loss_rpn_cls: 0.0096, loss_rpn_bbox: 0.0030, loss_cls: 0.1180, acc: 95.0007, loss_bbox: 0.0965, loss: 0.2270
2026-05-07 07:24:47,875 - mmdet - INFO - Saving checkpoint at 57 epochs
2026-05-07 07:25:23,647 - mmdet - INFO - Epoch [58][50/101]	lr: 1.000e-06, eta: 4:21:15, time: 0.674, data_time: 0.066, memory: 7277, loss_rpn_cls: 0.0101, loss_rpn_bbox: 0.0031, loss_cls: 0.1308, acc: 94.4985, loss_bbox: 0.1053, loss: 0.2494
2026-05-07 07:25:54,577 - mmdet - INFO - Epoch [58][100/101]	lr: 1.000e-06, eta: 4:20:38, time: 0.619, data_time: 0.013, memory: 7277, loss_rpn_cls: 0.0120, loss_rpn_bbox: 0.0031, loss_cls: 0.1245, acc: 94.6738, loss_bbox: 0.0996, loss: 0.2391
2026-05-07 07:25:55,382 - mmdet - INFO - Saving checkpoint at 58 epochs
2026-05-07 07:26:31,102 - mmdet - INFO - Epoch [59][50/101]	lr: 1.000e-06, eta: 4:20:10, time: 0.673, data_time: 0.067, memory: 7277, loss_rpn_cls: 0.0099, loss_rpn_bbox: 0.0031, loss_cls: 0.1197, acc: 94.9804, loss_bbox: 0.0979, loss: 0.2306
2026-05-07 07:27:02,136 - mmdet - INFO - Epoch [59][100/101]	lr: 1.000e-06, eta: 4:19:34, time: 0.621, data_time: 0.013, memory: 7277, loss_rpn_cls: 0.0116, loss_rpn_bbox: 0.0034, loss_cls: 0.1325, acc: 94.4150, loss_bbox: 0.1055, loss: 0.2531
2026-05-07 07:27:02,916 - mmdet - INFO - Saving checkpoint at 59 epochs
2026-05-07 07:27:38,755 - mmdet - INFO - Epoch [60][50/101]	lr: 1.000e-06, eta: 4:19:06, time: 0.675, data_time: 0.066, memory: 7277, loss_rpn_cls: 0.0125, loss_rpn_bbox: 0.0036, loss_cls: 0.1387, acc: 94.1601, loss_bbox: 0.1130, loss: 0.2678
2026-05-07 07:28:09,673 - mmdet - INFO - Epoch [60][100/101]	lr: 1.000e-06, eta: 4:18:30, time: 0.618, data_time: 0.013, memory: 7277, loss_rpn_cls: 0.0101, loss_rpn_bbox: 0.0030, loss_cls: 0.1159, acc: 95.1687, loss_bbox: 0.0913, loss: 0.2203
2026-05-07 07:28:10,451 - mmdet - INFO - Saving checkpoint at 60 epochs
2026-05-07 07:28:50,398 - mmdet - INFO - Evaluating bbox...
2026-05-07 07:28:54,823 - mmdet - INFO - 
 Average Precision  (AP) @[ IoU=0.50:0.95 | area=   all | maxDets=100 ] = 0.290
 Average Precision  (AP) @[ IoU=0.50      | area=   all | maxDets=1000 ] = 0.693
 Average Precision  (AP) @[ IoU=0.75      | area=   all | maxDets=1000 ] = 0.187
 Average Precision  (AP) @[ IoU=0.50:0.95 | area= small | maxDets=1000 ] = 0.033
 Average Precision  (AP) @[ IoU=0.50:0.95 | area=medium | maxDets=1000 ] = 0.225
 Average Precision  (AP) @[ IoU=0.50:0.95 | area= large | maxDets=1000 ] = 0.369
 Average Recall     (AR) @[ IoU=0.50:0.95 | area=   all | maxDets=100 ] = 0.460
 Average Recall     (AR) @[ IoU=0.50:0.95 | area=   all | maxDets=300 ] = 0.460
 Average Recall     (AR) @[ IoU=0.50:0.95 | area=   all | maxDets=1000 ] = 0.460
 Average Recall     (AR) @[ IoU=0.50:0.95 | area= small | maxDets=1000 ] = 0.041
 Average Recall     (AR) @[ IoU=0.50:0.95 | area=medium | maxDets=1000 ] = 0.407
 Average Recall     (AR) @[ IoU=0.50:0.95 | area= large | maxDets=1000 ] = 0.539

2026-05-07 07:28:54,832 - mmdet - INFO - Exp name: fold_1_swin_t_3x_hbb.py
2026-05-07 07:28:54,832 - mmdet - INFO - Epoch(val) [60][371]	bbox_mAP: 0.2900, bbox_mAP_50: 0.6930, bbox_mAP_75: 0.1870, bbox_mAP_s: 0.0330, bbox_mAP_m: 0.2250, bbox_mAP_l: 0.3690, bbox_mAP_copypaste: 0.290 0.693 0.187 0.033 0.225 0.369
2026-05-07 07:29:28,479 - mmdet - INFO - Epoch [61][50/101]	lr: 1.000e-06, eta: 4:18:01, time: 0.673, data_time: 0.066, memory: 7277, loss_rpn_cls: 0.0122, loss_rpn_bbox: 0.0031, loss_cls: 0.1217, acc: 94.8828, loss_bbox: 0.0966, loss: 0.2335
2026-05-07 07:29:59,525 - mmdet - INFO - Epoch [61][100/101]	lr: 1.000e-06, eta: 4:17:25, time: 0.621, data_time: 0.013, memory: 7277, loss_rpn_cls: 0.0112, loss_rpn_bbox: 0.0034, loss_cls: 0.1316, acc: 94.4277, loss_bbox: 0.1078, loss: 0.2540
2026-05-07 07:30:00,313 - mmdet - INFO - Saving checkpoint at 61 epochs
2026-05-07 07:30:36,086 - mmdet - INFO - Epoch [62][50/101]	lr: 1.000e-06, eta: 4:16:57, time: 0.673, data_time: 0.066, memory: 7277, loss_rpn_cls: 0.0112, loss_rpn_bbox: 0.0033, loss_cls: 0.1250, acc: 94.7393, loss_bbox: 0.1010, loss: 0.2405
2026-05-07 07:31:07,117 - mmdet - INFO - Epoch [62][100/101]	lr: 1.000e-06, eta: 4:16:21, time: 0.621, data_time: 0.013, memory: 7277, loss_rpn_cls: 0.0104, loss_rpn_bbox: 0.0034, loss_cls: 0.1293, acc: 94.5590, loss_bbox: 0.1033, loss: 0.2465
2026-05-07 07:31:07,900 - mmdet - INFO - Saving checkpoint at 62 epochs
2026-05-07 07:31:43,627 - mmdet - INFO - Epoch [63][50/101]	lr: 1.000e-06, eta: 4:15:52, time: 0.672, data_time: 0.066, memory: 7277, loss_rpn_cls: 0.0102, loss_rpn_bbox: 0.0032, loss_cls: 0.1302, acc: 94.4248, loss_bbox: 0.1028, loss: 0.2463
2026-05-07 07:32:14,618 - mmdet - INFO - Epoch [63][100/101]	lr: 1.000e-06, eta: 4:15:16, time: 0.620, data_time: 0.013, memory: 7277, loss_rpn_cls: 0.0108, loss_rpn_bbox: 0.0032, loss_cls: 0.1245, acc: 94.7450, loss_bbox: 0.1001, loss: 0.2387
2026-05-07 07:32:15,395 - mmdet - INFO - Saving checkpoint at 63 epochs
2026-05-07 07:32:51,193 - mmdet - INFO - Epoch [64][50/101]	lr: 1.000e-06, eta: 4:14:47, time: 0.674, data_time: 0.066, memory: 7277, loss_rpn_cls: 0.0116, loss_rpn_bbox: 0.0033, loss_cls: 0.1252, acc: 94.6952, loss_bbox: 0.1005, loss: 0.2407
2026-05-07 07:33:22,188 - mmdet - INFO - Epoch [64][100/101]	lr: 1.000e-06, eta: 4:14:12, time: 0.620, data_time: 0.013, memory: 7277, loss_rpn_cls: 0.0105, loss_rpn_bbox: 0.0030, loss_cls: 0.1276, acc: 94.5811, loss_bbox: 0.1020, loss: 0.2431
2026-05-07 07:33:22,964 - mmdet - INFO - Saving checkpoint at 64 epochs
2026-05-07 07:33:58,749 - mmdet - INFO - Epoch [65][50/101]	lr: 1.000e-06, eta: 4:13:43, time: 0.674, data_time: 0.065, memory: 7277, loss_rpn_cls: 0.0107, loss_rpn_bbox: 0.0033, loss_cls: 0.1296, acc: 94.5419, loss_bbox: 0.1019, loss: 0.2454
2026-05-07 07:34:29,795 - mmdet - INFO - Epoch [65][100/101]	lr: 1.000e-06, eta: 4:13:08, time: 0.621, data_time: 0.013, memory: 7277, loss_rpn_cls: 0.0095, loss_rpn_bbox: 0.0032, loss_cls: 0.1247, acc: 94.6621, loss_bbox: 0.1032, loss: 0.2405
2026-05-07 07:34:30,565 - mmdet - INFO - Saving checkpoint at 65 epochs
2026-05-07 07:35:06,347 - mmdet - INFO - Epoch [66][50/101]	lr: 1.000e-06, eta: 4:12:39, time: 0.674, data_time: 0.066, memory: 7277, loss_rpn_cls: 0.0111, loss_rpn_bbox: 0.0034, loss_cls: 0.1340, acc: 94.3326, loss_bbox: 0.1059, loss: 0.2544
2026-05-07 07:35:37,303 - mmdet - INFO - Epoch [66][100/101]	lr: 1.000e-06, eta: 4:12:03, time: 0.619, data_time: 0.013, memory: 7277, loss_rpn_cls: 0.0097, loss_rpn_bbox: 0.0030, loss_cls: 0.1192, acc: 94.9092, loss_bbox: 0.0950, loss: 0.2269
2026-05-07 07:35:38,088 - mmdet - INFO - Saving checkpoint at 66 epochs
2026-05-07 07:36:13,998 - mmdet - INFO - Epoch [67][50/101]	lr: 1.000e-06, eta: 4:11:34, time: 0.676, data_time: 0.066, memory: 7277, loss_rpn_cls: 0.0118, loss_rpn_bbox: 0.0033, loss_cls: 0.1302, acc: 94.5103, loss_bbox: 0.1044, loss: 0.2498
2026-05-07 07:36:44,958 - mmdet - INFO - Epoch [67][100/101]	lr: 1.000e-06, eta: 4:10:59, time: 0.619, data_time: 0.013, memory: 7277, loss_rpn_cls: 0.0092, loss_rpn_bbox: 0.0031, loss_cls: 0.1264, acc: 94.6299, loss_bbox: 0.0993, loss: 0.2380
2026-05-07 07:36:45,727 - mmdet - INFO - Saving checkpoint at 67 epochs
2026-05-07 07:37:21,557 - mmdet - INFO - Epoch [68][50/101]	lr: 1.000e-06, eta: 4:10:30, time: 0.675, data_time: 0.066, memory: 7277, loss_rpn_cls: 0.0098, loss_rpn_bbox: 0.0030, loss_cls: 0.1202, acc: 94.9048, loss_bbox: 0.0954, loss: 0.2283
2026-05-07 07:37:52,545 - mmdet - INFO - Epoch [68][100/101]	lr: 1.000e-06, eta: 4:09:55, time: 0.620, data_time: 0.013, memory: 7277, loss_rpn_cls: 0.0106, loss_rpn_bbox: 0.0034, loss_cls: 0.1324, acc: 94.4355, loss_bbox: 0.1060, loss: 0.2525
2026-05-07 07:37:53,318 - mmdet - INFO - Saving checkpoint at 68 epochs
2026-05-07 07:38:29,172 - mmdet - INFO - Epoch [69][50/101]	lr: 1.000e-06, eta: 4:09:26, time: 0.675, data_time: 0.066, memory: 7277, loss_rpn_cls: 0.0107, loss_rpn_bbox: 0.0033, loss_cls: 0.1285, acc: 94.4889, loss_bbox: 0.1020, loss: 0.2444
2026-05-07 07:39:00,121 - mmdet - INFO - Epoch [69][100/101]	lr: 1.000e-06, eta: 4:08:50, time: 0.619, data_time: 0.013, memory: 7277, loss_rpn_cls: 0.0095, loss_rpn_bbox: 0.0030, loss_cls: 0.1250, acc: 94.6621, loss_bbox: 0.0987, loss: 0.2362
2026-05-07 07:39:00,905 - mmdet - INFO - Saving checkpoint at 69 epochs
2026-05-07 07:39:36,777 - mmdet - INFO - Epoch [70][50/101]	lr: 1.000e-06, eta: 4:08:21, time: 0.676, data_time: 0.068, memory: 7277, loss_rpn_cls: 0.0108, loss_rpn_bbox: 0.0032, loss_cls: 0.1264, acc: 94.6885, loss_bbox: 0.1024, loss: 0.2428
2026-05-07 07:40:07,826 - mmdet - INFO - Epoch [70][100/101]	lr: 1.000e-06, eta: 4:07:46, time: 0.621, data_time: 0.013, memory: 7277, loss_rpn_cls: 0.0114, loss_rpn_bbox: 0.0031, loss_cls: 0.1268, acc: 94.5781, loss_bbox: 0.1000, loss: 0.2414
2026-05-07 07:40:08,602 - mmdet - INFO - Saving checkpoint at 70 epochs
2026-05-07 07:40:48,507 - mmdet - INFO - Evaluating bbox...
2026-05-07 07:40:52,756 - mmdet - INFO - 
 Average Precision  (AP) @[ IoU=0.50:0.95 | area=   all | maxDets=100 ] = 0.291
 Average Precision  (AP) @[ IoU=0.50      | area=   all | maxDets=1000 ] = 0.689
 Average Precision  (AP) @[ IoU=0.75      | area=   all | maxDets=1000 ] = 0.183
 Average Precision  (AP) @[ IoU=0.50:0.95 | area= small | maxDets=1000 ] = 0.033
 Average Precision  (AP) @[ IoU=0.50:0.95 | area=medium | maxDets=1000 ] = 0.225
 Average Precision  (AP) @[ IoU=0.50:0.95 | area= large | maxDets=1000 ] = 0.369
 Average Recall     (AR) @[ IoU=0.50:0.95 | area=   all | maxDets=100 ] = 0.457
 Average Recall     (AR) @[ IoU=0.50:0.95 | area=   all | maxDets=300 ] = 0.457
 Average Recall     (AR) @[ IoU=0.50:0.95 | area=   all | maxDets=1000 ] = 0.457
 Average Recall     (AR) @[ IoU=0.50:0.95 | area= small | maxDets=1000 ] = 0.041
 Average Recall     (AR) @[ IoU=0.50:0.95 | area=medium | maxDets=1000 ] = 0.406
 Average Recall     (AR) @[ IoU=0.50:0.95 | area= large | maxDets=1000 ] = 0.534

2026-05-07 07:40:52,765 - mmdet - INFO - Exp name: fold_1_swin_t_3x_hbb.py
2026-05-07 07:40:52,765 - mmdet - INFO - Epoch(val) [70][371]	bbox_mAP: 0.2910, bbox_mAP_50: 0.6890, bbox_mAP_75: 0.1830, bbox_mAP_s: 0.0330, bbox_mAP_m: 0.2250, bbox_mAP_l: 0.3690, bbox_mAP_copypaste: 0.291 0.689 0.183 0.033 0.225 0.369
2026-05-07 07:41:26,485 - mmdet - INFO - Epoch [71][50/101]	lr: 1.000e-06, eta: 4:07:17, time: 0.674, data_time: 0.066, memory: 7277, loss_rpn_cls: 0.0105, loss_rpn_bbox: 0.0031, loss_cls: 0.1259, acc: 94.7038, loss_bbox: 0.1013, loss: 0.2408
2026-05-07 07:41:57,431 - mmdet - INFO - Epoch [71][100/101]	lr: 1.000e-06, eta: 4:06:42, time: 0.619, data_time: 0.013, memory: 7277, loss_rpn_cls: 0.0102, loss_rpn_bbox: 0.0032, loss_cls: 0.1280, acc: 94.5020, loss_bbox: 0.1003, loss: 0.2418
2026-05-07 07:41:58,204 - mmdet - INFO - Saving checkpoint at 71 epochs
2026-05-07 07:42:34,022 - mmdet - INFO - Epoch [72][50/101]	lr: 1.000e-06, eta: 4:06:12, time: 0.674, data_time: 0.066, memory: 7277, loss_rpn_cls: 0.0099, loss_rpn_bbox: 0.0029, loss_cls: 0.1184, acc: 95.0131, loss_bbox: 0.0905, loss: 0.2218
2026-05-07 07:43:05,062 - mmdet - INFO - Epoch [72][100/101]	lr: 1.000e-06, eta: 4:05:37, time: 0.621, data_time: 0.013, memory: 7277, loss_rpn_cls: 0.0123, loss_rpn_bbox: 0.0036, loss_cls: 0.1327, acc: 94.4170, loss_bbox: 0.1081, loss: 0.2568
2026-05-07 07:43:05,843 - mmdet - INFO - Saving checkpoint at 72 epochs
2026-05-07 07:43:41,551 - mmdet - INFO - Epoch [73][50/101]	lr: 1.000e-06, eta: 4:05:08, time: 0.672, data_time: 0.066, memory: 7277, loss_rpn_cls: 0.0090, loss_rpn_bbox: 0.0026, loss_cls: 0.1175, acc: 95.0098, loss_bbox: 0.0937, loss: 0.2228
2026-05-07 07:44:12,632 - mmdet - INFO - Epoch [73][100/101]	lr: 1.000e-06, eta: 4:04:33, time: 0.622, data_time: 0.013, memory: 7277, loss_rpn_cls: 0.0121, loss_rpn_bbox: 0.0036, loss_cls: 0.1315, acc: 94.4396, loss_bbox: 0.1045, loss: 0.2517
2026-05-07 07:44:13,409 - mmdet - INFO - Saving checkpoint at 73 epochs
2026-05-07 07:44:49,204 - mmdet - INFO - Epoch [74][50/101]	lr: 1.000e-06, eta: 4:04:03, time: 0.674, data_time: 0.066, memory: 7277, loss_rpn_cls: 0.0103, loss_rpn_bbox: 0.0030, loss_cls: 0.1270, acc: 94.6602, loss_bbox: 0.1018, loss: 0.2421
2026-05-07 07:45:20,255 - mmdet - INFO - Epoch [74][100/101]	lr: 1.000e-06, eta: 4:03:28, time: 0.621, data_time: 0.013, memory: 7277, loss_rpn_cls: 0.0105, loss_rpn_bbox: 0.0034, loss_cls: 0.1247, acc: 94.7215, loss_bbox: 0.1000, loss: 0.2387
2026-05-07 07:45:21,017 - mmdet - INFO - Saving checkpoint at 74 epochs
2026-05-07 07:45:56,912 - mmdet - INFO - Epoch [75][50/101]	lr: 1.000e-06, eta: 4:02:59, time: 0.676, data_time: 0.066, memory: 7277, loss_rpn_cls: 0.0108, loss_rpn_bbox: 0.0033, loss_cls: 0.1301, acc: 94.5502, loss_bbox: 0.1051, loss: 0.2493
2026-05-07 07:46:27,857 - mmdet - INFO - Epoch [75][100/101]	lr: 1.000e-06, eta: 4:02:24, time: 0.619, data_time: 0.013, memory: 7277, loss_rpn_cls: 0.0099, loss_rpn_bbox: 0.0032, loss_cls: 0.1216, acc: 94.8066, loss_bbox: 0.0961, loss: 0.2308
2026-05-07 07:46:28,633 - mmdet - INFO - Saving checkpoint at 75 epochs
2026-05-07 07:47:04,431 - mmdet - INFO - Epoch [76][50/101]	lr: 1.000e-06, eta: 4:01:55, time: 0.674, data_time: 0.066, memory: 7277, loss_rpn_cls: 0.0103, loss_rpn_bbox: 0.0030, loss_cls: 0.1168, acc: 95.0321, loss_bbox: 0.0948, loss: 0.2249
2026-05-07 07:47:35,428 - mmdet - INFO - Epoch [76][100/101]	lr: 1.000e-06, eta: 4:01:20, time: 0.620, data_time: 0.013, memory: 7277, loss_rpn_cls: 0.0103, loss_rpn_bbox: 0.0032, loss_cls: 0.1296, acc: 94.5627, loss_bbox: 0.1013, loss: 0.2443
2026-05-07 07:47:36,199 - mmdet - INFO - Saving checkpoint at 76 epochs
2026-05-07 07:48:11,931 - mmdet - INFO - Epoch [77][50/101]	lr: 1.000e-06, eta: 4:00:50, time: 0.673, data_time: 0.066, memory: 7277, loss_rpn_cls: 0.0101, loss_rpn_bbox: 0.0031, loss_cls: 0.1201, acc: 94.9375, loss_bbox: 0.0981, loss: 0.2313
2026-05-07 07:48:42,976 - mmdet - INFO - Epoch [77][100/101]	lr: 1.000e-06, eta: 4:00:15, time: 0.621, data_time: 0.013, memory: 7277, loss_rpn_cls: 0.0101, loss_rpn_bbox: 0.0032, loss_cls: 0.1277, acc: 94.5734, loss_bbox: 0.0988, loss: 0.2398
2026-05-07 07:48:43,768 - mmdet - INFO - Saving checkpoint at 77 epochs
2026-05-07 07:49:19,542 - mmdet - INFO - Epoch [78][50/101]	lr: 1.000e-06, eta: 3:59:45, time: 0.674, data_time: 0.066, memory: 7277, loss_rpn_cls: 0.0090, loss_rpn_bbox: 0.0030, loss_cls: 0.1239, acc: 94.7535, loss_bbox: 0.0992, loss: 0.2351
2026-05-07 07:49:50,635 - mmdet - INFO - Epoch [78][100/101]	lr: 1.000e-06, eta: 3:59:11, time: 0.622, data_time: 0.013, memory: 7277, loss_rpn_cls: 0.0109, loss_rpn_bbox: 0.0034, loss_cls: 0.1284, acc: 94.5918, loss_bbox: 0.1020, loss: 0.2448
2026-05-07 07:49:51,408 - mmdet - INFO - Saving checkpoint at 78 epochs
2026-05-07 07:50:27,140 - mmdet - INFO - Epoch [79][50/101]	lr: 1.000e-06, eta: 3:58:41, time: 0.673, data_time: 0.066, memory: 7277, loss_rpn_cls: 0.0102, loss_rpn_bbox: 0.0031, loss_cls: 0.1211, acc: 94.8254, loss_bbox: 0.0962, loss: 0.2305
2026-05-07 07:50:58,161 - mmdet - INFO - Epoch [79][100/101]	lr: 1.000e-06, eta: 3:58:06, time: 0.620, data_time: 0.013, memory: 7277, loss_rpn_cls: 0.0102, loss_rpn_bbox: 0.0031, loss_cls: 0.1293, acc: 94.5091, loss_bbox: 0.1039, loss: 0.2466
2026-05-07 07:50:58,930 - mmdet - INFO - Saving checkpoint at 79 epochs
2026-05-07 07:51:34,658 - mmdet - INFO - Epoch [80][50/101]	lr: 1.000e-06, eta: 3:57:36, time: 0.673, data_time: 0.066, memory: 7277, loss_rpn_cls: 0.0093, loss_rpn_bbox: 0.0032, loss_cls: 0.1224, acc: 94.8332, loss_bbox: 0.0979, loss: 0.2328
2026-05-07 07:52:05,679 - mmdet - INFO - Epoch [80][100/101]	lr: 1.000e-06, eta: 3:57:02, time: 0.620, data_time: 0.013, memory: 7277, loss_rpn_cls: 0.0108, loss_rpn_bbox: 0.0030, loss_cls: 0.1241, acc: 94.7259, loss_bbox: 0.0994, loss: 0.2374
2026-05-07 07:52:06,448 - mmdet - INFO - Saving checkpoint at 80 epochs
2026-05-07 07:52:46,427 - mmdet - INFO - Evaluating bbox...
2026-05-07 07:52:50,731 - mmdet - INFO - 
 Average Precision  (AP) @[ IoU=0.50:0.95 | area=   all | maxDets=100 ] = 0.293
 Average Precision  (AP) @[ IoU=0.50      | area=   all | maxDets=1000 ] = 0.690
 Average Precision  (AP) @[ IoU=0.75      | area=   all | maxDets=1000 ] = 0.189
 Average Precision  (AP) @[ IoU=0.50:0.95 | area= small | maxDets=1000 ] = 0.027
 Average Precision  (AP) @[ IoU=0.50:0.95 | area=medium | maxDets=1000 ] = 0.229
 Average Precision  (AP) @[ IoU=0.50:0.95 | area= large | maxDets=1000 ] = 0.371
 Average Recall     (AR) @[ IoU=0.50:0.95 | area=   all | maxDets=100 ] = 0.460
 Average Recall     (AR) @[ IoU=0.50:0.95 | area=   all | maxDets=300 ] = 0.460
 Average Recall     (AR) @[ IoU=0.50:0.95 | area=   all | maxDets=1000 ] = 0.460
 Average Recall     (AR) @[ IoU=0.50:0.95 | area= small | maxDets=1000 ] = 0.034
 Average Recall     (AR) @[ IoU=0.50:0.95 | area=medium | maxDets=1000 ] = 0.409
 Average Recall     (AR) @[ IoU=0.50:0.95 | area= large | maxDets=1000 ] = 0.538

2026-05-07 07:52:50,739 - mmdet - INFO - Exp name: fold_1_swin_t_3x_hbb.py
2026-05-07 07:52:50,740 - mmdet - INFO - Epoch(val) [80][371]	bbox_mAP: 0.2930, bbox_mAP_50: 0.6900, bbox_mAP_75: 0.1890, bbox_mAP_s: 0.0270, bbox_mAP_m: 0.2290, bbox_mAP_l: 0.3710, bbox_mAP_copypaste: 0.293 0.690 0.189 0.027 0.229 0.371
2026-05-07 07:53:24,394 - mmdet - INFO - Epoch [81][50/101]	lr: 1.000e-06, eta: 3:56:32, time: 0.673, data_time: 0.066, memory: 7277, loss_rpn_cls: 0.0103, loss_rpn_bbox: 0.0032, loss_cls: 0.1225, acc: 94.8633, loss_bbox: 0.0949, loss: 0.2309
2026-05-07 07:53:55,392 - mmdet - INFO - Epoch [81][100/101]	lr: 1.000e-06, eta: 3:55:57, time: 0.620, data_time: 0.013, memory: 7277, loss_rpn_cls: 0.0103, loss_rpn_bbox: 0.0031, loss_cls: 0.1230, acc: 94.7998, loss_bbox: 0.0992, loss: 0.2355
2026-05-07 07:53:56,176 - mmdet - INFO - Saving checkpoint at 81 epochs
2026-05-07 07:54:31,968 - mmdet - INFO - Epoch [82][50/101]	lr: 1.000e-06, eta: 3:55:27, time: 0.674, data_time: 0.066, memory: 7277, loss_rpn_cls: 0.0102, loss_rpn_bbox: 0.0031, loss_cls: 0.1265, acc: 94.6377, loss_bbox: 0.1018, loss: 0.2416
2026-05-07 07:55:02,976 - mmdet - INFO - Epoch [82][100/101]	lr: 1.000e-06, eta: 3:54:53, time: 0.620, data_time: 0.013, memory: 7277, loss_rpn_cls: 0.0104, loss_rpn_bbox: 0.0031, loss_cls: 0.1214, acc: 94.8504, loss_bbox: 0.0978, loss: 0.2326
2026-05-07 07:55:03,750 - mmdet - INFO - Saving checkpoint at 82 epochs
2026-05-07 07:55:39,551 - mmdet - INFO - Epoch [83][50/101]	lr: 1.000e-06, eta: 3:54:23, time: 0.674, data_time: 0.066, memory: 7277, loss_rpn_cls: 0.0088, loss_rpn_bbox: 0.0030, loss_cls: 0.1221, acc: 94.8678, loss_bbox: 0.0962, loss: 0.2302
2026-05-07 07:56:10,617 - mmdet - INFO - Epoch [83][100/101]	lr: 1.000e-06, eta: 3:53:48, time: 0.621, data_time: 0.013, memory: 7277, loss_rpn_cls: 0.0125, loss_rpn_bbox: 0.0034, loss_cls: 0.1277, acc: 94.6196, loss_bbox: 0.1016, loss: 0.2451
2026-05-07 07:56:11,391 - mmdet - INFO - Saving checkpoint at 83 epochs
2026-05-07 07:56:47,197 - mmdet - INFO - Epoch [84][50/101]	lr: 1.000e-06, eta: 3:53:18, time: 0.674, data_time: 0.066, memory: 7277, loss_rpn_cls: 0.0101, loss_rpn_bbox: 0.0030, loss_cls: 0.1255, acc: 94.8252, loss_bbox: 0.0991, loss: 0.2377
2026-05-07 07:57:18,294 - mmdet - INFO - Epoch [84][100/101]	lr: 1.000e-06, eta: 3:52:44, time: 0.622, data_time: 0.013, memory: 7277, loss_rpn_cls: 0.0106, loss_rpn_bbox: 0.0032, loss_cls: 0.1226, acc: 94.7816, loss_bbox: 0.0983, loss: 0.2347
2026-05-07 07:57:19,072 - mmdet - INFO - Saving checkpoint at 84 epochs
2026-05-07 07:57:54,923 - mmdet - INFO - Epoch [85][50/101]	lr: 1.000e-06, eta: 3:52:14, time: 0.675, data_time: 0.066, memory: 7277, loss_rpn_cls: 0.0097, loss_rpn_bbox: 0.0029, loss_cls: 0.1165, acc: 95.0017, loss_bbox: 0.0939, loss: 0.2230
2026-05-07 07:58:25,967 - mmdet - INFO - Epoch [85][100/101]	lr: 1.000e-06, eta: 3:51:40, time: 0.621, data_time: 0.013, memory: 7277, loss_rpn_cls: 0.0108, loss_rpn_bbox: 0.0034, loss_cls: 0.1293, acc: 94.5578, loss_bbox: 0.1015, loss: 0.2450
2026-05-07 07:58:26,742 - mmdet - INFO - Saving checkpoint at 85 epochs
2026-05-07 07:59:02,510 - mmdet - INFO - Epoch [86][50/101]	lr: 1.000e-06, eta: 3:51:10, time: 0.674, data_time: 0.067, memory: 7277, loss_rpn_cls: 0.0082, loss_rpn_bbox: 0.0025, loss_cls: 0.1100, acc: 95.4523, loss_bbox: 0.0884, loss: 0.2091
2026-05-07 07:59:33,666 - mmdet - INFO - Epoch [86][100/101]	lr: 1.000e-06, eta: 3:50:36, time: 0.623, data_time: 0.013, memory: 7277, loss_rpn_cls: 0.0128, loss_rpn_bbox: 0.0035, loss_cls: 0.1337, acc: 94.2902, loss_bbox: 0.1053, loss: 0.2554
2026-05-07 07:59:34,448 - mmdet - INFO - Saving checkpoint at 86 epochs
2026-05-07 08:00:10,238 - mmdet - INFO - Epoch [87][50/101]	lr: 1.000e-06, eta: 3:50:05, time: 0.674, data_time: 0.066, memory: 7277, loss_rpn_cls: 0.0111, loss_rpn_bbox: 0.0033, loss_cls: 0.1293, acc: 94.5190, loss_bbox: 0.1053, loss: 0.2490
2026-05-07 08:00:41,244 - mmdet - INFO - Epoch [87][100/101]	lr: 1.000e-06, eta: 3:49:31, time: 0.620, data_time: 0.013, memory: 7277, loss_rpn_cls: 0.0091, loss_rpn_bbox: 0.0030, loss_cls: 0.1174, acc: 95.1141, loss_bbox: 0.0917, loss: 0.2213
2026-05-07 08:00:42,027 - mmdet - INFO - Saving checkpoint at 87 epochs
2026-05-07 08:01:17,887 - mmdet - INFO - Epoch [88][50/101]	lr: 1.000e-06, eta: 3:49:01, time: 0.675, data_time: 0.066, memory: 7277, loss_rpn_cls: 0.0102, loss_rpn_bbox: 0.0030, loss_cls: 0.1161, acc: 95.1055, loss_bbox: 0.0913, loss: 0.2206
2026-05-07 08:01:48,927 - mmdet - INFO - Epoch [88][100/101]	lr: 1.000e-06, eta: 3:48:27, time: 0.621, data_time: 0.013, memory: 7277, loss_rpn_cls: 0.0097, loss_rpn_bbox: 0.0030, loss_cls: 0.1261, acc: 94.6010, loss_bbox: 0.1016, loss: 0.2404
2026-05-07 08:01:49,716 - mmdet - INFO - Saving checkpoint at 88 epochs
2026-05-07 08:02:25,460 - mmdet - INFO - Epoch [89][50/101]	lr: 1.000e-06, eta: 3:47:56, time: 0.673, data_time: 0.066, memory: 7277, loss_rpn_cls: 0.0092, loss_rpn_bbox: 0.0028, loss_cls: 0.1092, acc: 95.4402, loss_bbox: 0.0860, loss: 0.2071
2026-05-07 08:02:56,493 - mmdet - INFO - Epoch [89][100/101]	lr: 1.000e-06, eta: 3:47:22, time: 0.621, data_time: 0.013, memory: 7277, loss_rpn_cls: 0.0112, loss_rpn_bbox: 0.0035, loss_cls: 0.1333, acc: 94.4141, loss_bbox: 0.1084, loss: 0.2564
2026-05-07 08:02:57,279 - mmdet - INFO - Saving checkpoint at 89 epochs
2026-05-07 08:03:33,028 - mmdet - INFO - Epoch [90][50/101]	lr: 1.000e-06, eta: 3:46:52, time: 0.673, data_time: 0.066, memory: 7277, loss_rpn_cls: 0.0108, loss_rpn_bbox: 0.0032, loss_cls: 0.1158, acc: 95.0479, loss_bbox: 0.0937, loss: 0.2235
2026-05-07 08:04:04,128 - mmdet - INFO - Epoch [90][100/101]	lr: 1.000e-06, eta: 3:46:18, time: 0.622, data_time: 0.013, memory: 7277, loss_rpn_cls: 0.0117, loss_rpn_bbox: 0.0031, loss_cls: 0.1299, acc: 94.4373, loss_bbox: 0.1041, loss: 0.2488
2026-05-07 08:04:04,902 - mmdet - INFO - Saving checkpoint at 90 epochs
2026-05-07 08:04:44,933 - mmdet - INFO - Evaluating bbox...
2026-05-07 08:04:49,370 - mmdet - INFO - 
 Average Precision  (AP) @[ IoU=0.50:0.95 | area=   all | maxDets=100 ] = 0.293
 Average Precision  (AP) @[ IoU=0.50      | area=   all | maxDets=1000 ] = 0.690
 Average Precision  (AP) @[ IoU=0.75      | area=   all | maxDets=1000 ] = 0.189
 Average Precision  (AP) @[ IoU=0.50:0.95 | area= small | maxDets=1000 ] = 0.030
 Average Precision  (AP) @[ IoU=0.50:0.95 | area=medium | maxDets=1000 ] = 0.228
 Average Precision  (AP) @[ IoU=0.50:0.95 | area= large | maxDets=1000 ] = 0.370
 Average Recall     (AR) @[ IoU=0.50:0.95 | area=   all | maxDets=100 ] = 0.459
 Average Recall     (AR) @[ IoU=0.50:0.95 | area=   all | maxDets=300 ] = 0.459
 Average Recall     (AR) @[ IoU=0.50:0.95 | area=   all | maxDets=1000 ] = 0.459
 Average Recall     (AR) @[ IoU=0.50:0.95 | area= small | maxDets=1000 ] = 0.038
 Average Recall     (AR) @[ IoU=0.50:0.95 | area=medium | maxDets=1000 ] = 0.409
 Average Recall     (AR) @[ IoU=0.50:0.95 | area= large | maxDets=1000 ] = 0.534

2026-05-07 08:04:49,379 - mmdet - INFO - Exp name: fold_1_swin_t_3x_hbb.py
2026-05-07 08:04:49,379 - mmdet - INFO - Epoch(val) [90][371]	bbox_mAP: 0.2930, bbox_mAP_50: 0.6900, bbox_mAP_75: 0.1890, bbox_mAP_s: 0.0300, bbox_mAP_m: 0.2280, bbox_mAP_l: 0.3700, bbox_mAP_copypaste: 0.293 0.690 0.189 0.030 0.228 0.370
2026-05-07 08:05:23,043 - mmdet - INFO - Epoch [91][50/101]	lr: 1.000e-06, eta: 3:45:47, time: 0.673, data_time: 0.065, memory: 7277, loss_rpn_cls: 0.0093, loss_rpn_bbox: 0.0029, loss_cls: 0.1133, acc: 95.1977, loss_bbox: 0.0928, loss: 0.2184
2026-05-07 08:05:54,072 - mmdet - INFO - Epoch [91][100/101]	lr: 1.000e-06, eta: 3:45:13, time: 0.621, data_time: 0.013, memory: 7277, loss_rpn_cls: 0.0105, loss_rpn_bbox: 0.0032, loss_cls: 0.1267, acc: 94.6984, loss_bbox: 0.1006, loss: 0.2411
2026-05-07 08:05:54,861 - mmdet - INFO - Saving checkpoint at 91 epochs
2026-05-07 08:06:30,654 - mmdet - INFO - Epoch [92][50/101]	lr: 1.000e-06, eta: 3:44:43, time: 0.674, data_time: 0.066, memory: 7277, loss_rpn_cls: 0.0111, loss_rpn_bbox: 0.0035, loss_cls: 0.1289, acc: 94.5762, loss_bbox: 0.1030, loss: 0.2465
2026-05-07 08:07:01,653 - mmdet - INFO - Epoch [92][100/101]	lr: 1.000e-06, eta: 3:44:09, time: 0.620, data_time: 0.013, memory: 7277, loss_rpn_cls: 0.0084, loss_rpn_bbox: 0.0027, loss_cls: 0.1155, acc: 95.1136, loss_bbox: 0.0925, loss: 0.2191
2026-05-07 08:07:02,429 - mmdet - INFO - Saving checkpoint at 92 epochs
2026-05-07 08:07:38,292 - mmdet - INFO - Epoch [93][50/101]	lr: 1.000e-06, eta: 3:43:38, time: 0.675, data_time: 0.066, memory: 7277, loss_rpn_cls: 0.0094, loss_rpn_bbox: 0.0030, loss_cls: 0.1186, acc: 94.9351, loss_bbox: 0.0952, loss: 0.2261
2026-05-07 08:08:09,286 - mmdet - INFO - Epoch [93][100/101]	lr: 1.000e-06, eta: 3:43:04, time: 0.620, data_time: 0.013, memory: 7277, loss_rpn_cls: 0.0122, loss_rpn_bbox: 0.0033, loss_cls: 0.1275, acc: 94.6064, loss_bbox: 0.1025, loss: 0.2456
2026-05-07 08:08:10,057 - mmdet - INFO - Saving checkpoint at 93 epochs
2026-05-07 08:08:45,817 - mmdet - INFO - Epoch [94][50/101]	lr: 1.000e-06, eta: 3:42:34, time: 0.674, data_time: 0.066, memory: 7277, loss_rpn_cls: 0.0092, loss_rpn_bbox: 0.0028, loss_cls: 0.1149, acc: 95.1596, loss_bbox: 0.0911, loss: 0.2180
2026-05-07 08:09:16,894 - mmdet - INFO - Epoch [94][100/101]	lr: 1.000e-06, eta: 3:42:00, time: 0.622, data_time: 0.013, memory: 7277, loss_rpn_cls: 0.0126, loss_rpn_bbox: 0.0033, loss_cls: 0.1292, acc: 94.4668, loss_bbox: 0.1040, loss: 0.2492
2026-05-07 08:09:17,694 - mmdet - INFO - Saving checkpoint at 94 epochs
2026-05-07 08:09:53,496 - mmdet - INFO - Epoch [95][50/101]	lr: 1.000e-06, eta: 3:41:29, time: 0.674, data_time: 0.066, memory: 7277, loss_rpn_cls: 0.0117, loss_rpn_bbox: 0.0031, loss_cls: 0.1267, acc: 94.5987, loss_bbox: 0.1032, loss: 0.2446
2026-05-07 08:10:24,494 - mmdet - INFO - Epoch [95][100/101]	lr: 1.000e-06, eta: 3:40:55, time: 0.620, data_time: 0.013, memory: 7277, loss_rpn_cls: 0.0100, loss_rpn_bbox: 0.0029, loss_cls: 0.1168, acc: 95.0889, loss_bbox: 0.0912, loss: 0.2209
2026-05-07 08:10:25,269 - mmdet - INFO - Saving checkpoint at 95 epochs
2026-05-07 08:11:01,092 - mmdet - INFO - Epoch [96][50/101]	lr: 1.000e-06, eta: 3:40:25, time: 0.675, data_time: 0.066, memory: 7277, loss_rpn_cls: 0.0114, loss_rpn_bbox: 0.0033, loss_cls: 0.1231, acc: 94.8148, loss_bbox: 0.1002, loss: 0.2379
2026-05-07 08:11:32,120 - mmdet - INFO - Epoch [96][100/101]	lr: 1.000e-06, eta: 3:39:51, time: 0.621, data_time: 0.013, memory: 7277, loss_rpn_cls: 0.0097, loss_rpn_bbox: 0.0028, loss_cls: 0.1222, acc: 94.7812, loss_bbox: 0.0942, loss: 0.2289
2026-05-07 08:11:32,903 - mmdet - INFO - Saving checkpoint at 96 epochs
2026-05-07 08:12:08,734 - mmdet - INFO - Epoch [97][50/101]	lr: 1.000e-06, eta: 3:39:20, time: 0.675, data_time: 0.066, memory: 7277, loss_rpn_cls: 0.0100, loss_rpn_bbox: 0.0030, loss_cls: 0.1198, acc: 94.8941, loss_bbox: 0.0958, loss: 0.2286
2026-05-07 08:12:39,741 - mmdet - INFO - Epoch [97][100/101]	lr: 1.000e-06, eta: 3:38:46, time: 0.620, data_time: 0.013, memory: 7277, loss_rpn_cls: 0.0098, loss_rpn_bbox: 0.0033, loss_cls: 0.1236, acc: 94.7373, loss_bbox: 0.0977, loss: 0.2344
2026-05-07 08:12:40,547 - mmdet - INFO - Saving checkpoint at 97 epochs
2026-05-07 08:13:16,418 - mmdet - INFO - Epoch [98][50/101]	lr: 1.000e-06, eta: 3:38:16, time: 0.675, data_time: 0.066, memory: 7277, loss_rpn_cls: 0.0115, loss_rpn_bbox: 0.0033, loss_cls: 0.1280, acc: 94.5586, loss_bbox: 0.1000, loss: 0.2428
2026-05-07 08:13:47,436 - mmdet - INFO - Epoch [98][100/101]	lr: 1.000e-06, eta: 3:37:42, time: 0.620, data_time: 0.013, memory: 7277, loss_rpn_cls: 0.0095, loss_rpn_bbox: 0.0028, loss_cls: 0.1193, acc: 94.9395, loss_bbox: 0.0938, loss: 0.2254
2026-05-07 08:13:48,211 - mmdet - INFO - Saving checkpoint at 98 epochs
2026-05-07 08:14:24,058 - mmdet - INFO - Epoch [99][50/101]	lr: 1.000e-06, eta: 3:37:11, time: 0.675, data_time: 0.066, memory: 7277, loss_rpn_cls: 0.0115, loss_rpn_bbox: 0.0036, loss_cls: 0.1325, acc: 94.3323, loss_bbox: 0.1034, loss: 0.2509
2026-05-07 08:14:55,048 - mmdet - INFO - Epoch [99][100/101]	lr: 1.000e-06, eta: 3:36:37, time: 0.620, data_time: 0.013, memory: 7277, loss_rpn_cls: 0.0090, loss_rpn_bbox: 0.0028, loss_cls: 0.1109, acc: 95.3291, loss_bbox: 0.0907, loss: 0.2133
2026-05-07 08:14:55,845 - mmdet - INFO - Saving checkpoint at 99 epochs
2026-05-07 08:15:31,644 - mmdet - INFO - Epoch [100][50/101]	lr: 1.000e-06, eta: 3:36:07, time: 0.674, data_time: 0.066, memory: 7277, loss_rpn_cls: 0.0082, loss_rpn_bbox: 0.0028, loss_cls: 0.1176, acc: 95.0830, loss_bbox: 0.0907, loss: 0.2192
2026-05-07 08:16:02,683 - mmdet - INFO - Epoch [100][100/101]	lr: 1.000e-06, eta: 3:35:33, time: 0.621, data_time: 0.013, memory: 7277, loss_rpn_cls: 0.0107, loss_rpn_bbox: 0.0032, loss_cls: 0.1238, acc: 94.7491, loss_bbox: 0.0994, loss: 0.2371
2026-05-07 08:16:03,458 - mmdet - INFO - Saving checkpoint at 100 epochs
2026-05-07 08:16:43,503 - mmdet - INFO - Evaluating bbox...
2026-05-07 08:16:47,864 - mmdet - INFO - 
 Average Precision  (AP) @[ IoU=0.50:0.95 | area=   all | maxDets=100 ] = 0.293
 Average Precision  (AP) @[ IoU=0.50      | area=   all | maxDets=1000 ] = 0.690
 Average Precision  (AP) @[ IoU=0.75      | area=   all | maxDets=1000 ] = 0.187
 Average Precision  (AP) @[ IoU=0.50:0.95 | area= small | maxDets=1000 ] = 0.016
 Average Precision  (AP) @[ IoU=0.50:0.95 | area=medium | maxDets=1000 ] = 0.229
 Average Precision  (AP) @[ IoU=0.50:0.95 | area= large | maxDets=1000 ] = 0.368
 Average Recall     (AR) @[ IoU=0.50:0.95 | area=   all | maxDets=100 ] = 0.460
 Average Recall     (AR) @[ IoU=0.50:0.95 | area=   all | maxDets=300 ] = 0.460
 Average Recall     (AR) @[ IoU=0.50:0.95 | area=   all | maxDets=1000 ] = 0.460
 Average Recall     (AR) @[ IoU=0.50:0.95 | area= small | maxDets=1000 ] = 0.034
 Average Recall     (AR) @[ IoU=0.50:0.95 | area=medium | maxDets=1000 ] = 0.410
 Average Recall     (AR) @[ IoU=0.50:0.95 | area= large | maxDets=1000 ] = 0.536

2026-05-07 08:16:47,872 - mmdet - INFO - Exp name: fold_1_swin_t_3x_hbb.py
2026-05-07 08:16:47,873 - mmdet - INFO - Epoch(val) [100][371]	bbox_mAP: 0.2930, bbox_mAP_50: 0.6900, bbox_mAP_75: 0.1870, bbox_mAP_s: 0.0160, bbox_mAP_m: 0.2290, bbox_mAP_l: 0.3680, bbox_mAP_copypaste: 0.293 0.690 0.187 0.016 0.229 0.368
2026-05-07 08:17:21,505 - mmdet - INFO - Epoch [101][50/101]	lr: 1.000e-06, eta: 3:35:02, time: 0.672, data_time: 0.065, memory: 7277, loss_rpn_cls: 0.0099, loss_rpn_bbox: 0.0032, loss_cls: 0.1222, acc: 94.7358, loss_bbox: 0.0971, loss: 0.2324
2026-05-07 08:17:52,464 - mmdet - INFO - Epoch [101][100/101]	lr: 1.000e-06, eta: 3:34:28, time: 0.619, data_time: 0.013, memory: 7277, loss_rpn_cls: 0.0098, loss_rpn_bbox: 0.0029, loss_cls: 0.1219, acc: 94.8636, loss_bbox: 0.0945, loss: 0.2291
2026-05-07 08:17:53,240 - mmdet - INFO - Saving checkpoint at 101 epochs
2026-05-07 08:18:29,099 - mmdet - INFO - Epoch [102][50/101]	lr: 1.000e-06, eta: 3:33:57, time: 0.676, data_time: 0.066, memory: 7277, loss_rpn_cls: 0.0101, loss_rpn_bbox: 0.0032, loss_cls: 0.1259, acc: 94.5792, loss_bbox: 0.0988, loss: 0.2380
2026-05-07 08:19:00,082 - mmdet - INFO - Epoch [102][100/101]	lr: 1.000e-06, eta: 3:33:23, time: 0.620, data_time: 0.013, memory: 7277, loss_rpn_cls: 0.0091, loss_rpn_bbox: 0.0029, loss_cls: 0.1207, acc: 94.8826, loss_bbox: 0.0946, loss: 0.2273
2026-05-07 08:19:00,861 - mmdet - INFO - Saving checkpoint at 102 epochs
2026-05-07 08:19:36,738 - mmdet - INFO - Epoch [103][50/101]	lr: 1.000e-06, eta: 3:32:53, time: 0.675, data_time: 0.066, memory: 7277, loss_rpn_cls: 0.0107, loss_rpn_bbox: 0.0030, loss_cls: 0.1205, acc: 94.8457, loss_bbox: 0.0963, loss: 0.2305
2026-05-07 08:20:07,733 - mmdet - INFO - Epoch [103][100/101]	lr: 1.000e-06, eta: 3:32:19, time: 0.620, data_time: 0.013, memory: 7277, loss_rpn_cls: 0.0088, loss_rpn_bbox: 0.0029, loss_cls: 0.1158, acc: 95.1372, loss_bbox: 0.0912, loss: 0.2186
2026-05-07 08:20:08,534 - mmdet - INFO - Saving checkpoint at 103 epochs
2026-05-07 08:20:44,415 - mmdet - INFO - Epoch [104][50/101]	lr: 1.000e-06, eta: 3:31:48, time: 0.676, data_time: 0.066, memory: 7277, loss_rpn_cls: 0.0086, loss_rpn_bbox: 0.0030, loss_cls: 0.1161, acc: 95.0400, loss_bbox: 0.0938, loss: 0.2215
2026-05-07 08:21:15,518 - mmdet - INFO - Epoch [104][100/101]	lr: 1.000e-06, eta: 3:31:15, time: 0.622, data_time: 0.013, memory: 7277, loss_rpn_cls: 0.0108, loss_rpn_bbox: 0.0031, loss_cls: 0.1259, acc: 94.6610, loss_bbox: 0.0998, loss: 0.2396
2026-05-07 08:21:16,305 - mmdet - INFO - Saving checkpoint at 104 epochs
2026-05-07 08:21:52,124 - mmdet - INFO - Epoch [105][50/101]	lr: 1.000e-06, eta: 3:30:44, time: 0.674, data_time: 0.065, memory: 7277, loss_rpn_cls: 0.0106, loss_rpn_bbox: 0.0031, loss_cls: 0.1198, acc: 94.8907, loss_bbox: 0.0955, loss: 0.2290
2026-05-07 08:22:23,149 - mmdet - INFO - Epoch [105][100/101]	lr: 1.000e-06, eta: 3:30:10, time: 0.620, data_time: 0.013, memory: 7277, loss_rpn_cls: 0.0096, loss_rpn_bbox: 0.0030, loss_cls: 0.1191, acc: 94.9316, loss_bbox: 0.0950, loss: 0.2267
2026-05-07 08:22:23,915 - mmdet - INFO - Saving checkpoint at 105 epochs
2026-05-07 08:22:59,795 - mmdet - INFO - Epoch [106][50/101]	lr: 1.000e-06, eta: 3:29:40, time: 0.676, data_time: 0.066, memory: 7277, loss_rpn_cls: 0.0093, loss_rpn_bbox: 0.0033, loss_cls: 0.1256, acc: 94.6982, loss_bbox: 0.1001, loss: 0.2382
2026-05-07 08:23:30,807 - mmdet - INFO - Epoch [106][100/101]	lr: 1.000e-06, eta: 3:29:06, time: 0.620, data_time: 0.013, memory: 7277, loss_rpn_cls: 0.0087, loss_rpn_bbox: 0.0027, loss_cls: 0.1129, acc: 95.1945, loss_bbox: 0.0896, loss: 0.2140
2026-05-07 08:23:31,600 - mmdet - INFO - Saving checkpoint at 106 epochs
2026-05-07 08:24:07,443 - mmdet - INFO - Epoch [107][50/101]	lr: 1.000e-06, eta: 3:28:35, time: 0.675, data_time: 0.066, memory: 7277, loss_rpn_cls: 0.0090, loss_rpn_bbox: 0.0030, loss_cls: 0.1224, acc: 94.8525, loss_bbox: 0.0962, loss: 0.2307
2026-05-07 08:24:38,558 - mmdet - INFO - Epoch [107][100/101]	lr: 1.000e-06, eta: 3:28:01, time: 0.622, data_time: 0.013, memory: 7277, loss_rpn_cls: 0.0099, loss_rpn_bbox: 0.0031, loss_cls: 0.1195, acc: 94.8888, loss_bbox: 0.0937, loss: 0.2261
2026-05-07 08:24:39,345 - mmdet - INFO - Saving checkpoint at 107 epochs
2026-05-07 08:25:15,183 - mmdet - INFO - Epoch [108][50/101]	lr: 1.000e-06, eta: 3:27:31, time: 0.674, data_time: 0.066, memory: 7277, loss_rpn_cls: 0.0091, loss_rpn_bbox: 0.0029, loss_cls: 0.1200, acc: 94.8988, loss_bbox: 0.0972, loss: 0.2292
2026-05-07 08:25:46,240 - mmdet - INFO - Epoch [108][100/101]	lr: 1.000e-06, eta: 3:26:57, time: 0.621, data_time: 0.013, memory: 7277, loss_rpn_cls: 0.0094, loss_rpn_bbox: 0.0031, loss_cls: 0.1162, acc: 95.1287, loss_bbox: 0.0932, loss: 0.2220
2026-05-07 08:25:47,019 - mmdet - INFO - Saving checkpoint at 108 epochs
2026-05-07 08:26:22,833 - mmdet - INFO - Epoch [109][50/101]	lr: 1.000e-06, eta: 3:26:26, time: 0.674, data_time: 0.066, memory: 7277, loss_rpn_cls: 0.0103, loss_rpn_bbox: 0.0032, loss_cls: 0.1199, acc: 94.9840, loss_bbox: 0.0946, loss: 0.2280
2026-05-07 08:26:53,888 - mmdet - INFO - Epoch [109][100/101]	lr: 1.000e-06, eta: 3:25:52, time: 0.621, data_time: 0.013, memory: 7277, loss_rpn_cls: 0.0093, loss_rpn_bbox: 0.0028, loss_cls: 0.1201, acc: 94.9268, loss_bbox: 0.0939, loss: 0.2261
2026-05-07 08:26:54,668 - mmdet - INFO - Saving checkpoint at 109 epochs
2026-05-07 08:27:30,523 - mmdet - INFO - Epoch [110][50/101]	lr: 1.000e-06, eta: 3:25:22, time: 0.675, data_time: 0.066, memory: 7277, loss_rpn_cls: 0.0104, loss_rpn_bbox: 0.0033, loss_cls: 0.1206, acc: 94.8919, loss_bbox: 0.0951, loss: 0.2295
2026-05-07 08:28:01,534 - mmdet - INFO - Epoch [110][100/101]	lr: 1.000e-06, eta: 3:24:48, time: 0.620, data_time: 0.013, memory: 7277, loss_rpn_cls: 0.0099, loss_rpn_bbox: 0.0027, loss_cls: 0.1174, acc: 95.0295, loss_bbox: 0.0931, loss: 0.2230
2026-05-07 08:28:02,311 - mmdet - INFO - Saving checkpoint at 110 epochs
2026-05-07 08:28:42,325 - mmdet - INFO - Evaluating bbox...
2026-05-07 08:28:46,600 - mmdet - INFO - 
 Average Precision  (AP) @[ IoU=0.50:0.95 | area=   all | maxDets=100 ] = 0.292
 Average Precision  (AP) @[ IoU=0.50      | area=   all | maxDets=1000 ] = 0.689
 Average Precision  (AP) @[ IoU=0.75      | area=   all | maxDets=1000 ] = 0.183
 Average Precision  (AP) @[ IoU=0.50:0.95 | area= small | maxDets=1000 ] = 0.015
 Average Precision  (AP) @[ IoU=0.50:0.95 | area=medium | maxDets=1000 ] = 0.228
 Average Precision  (AP) @[ IoU=0.50:0.95 | area= large | maxDets=1000 ] = 0.369
 Average Recall     (AR) @[ IoU=0.50:0.95 | area=   all | maxDets=100 ] = 0.460
 Average Recall     (AR) @[ IoU=0.50:0.95 | area=   all | maxDets=300 ] = 0.460
 Average Recall     (AR) @[ IoU=0.50:0.95 | area=   all | maxDets=1000 ] = 0.460
 Average Recall     (AR) @[ IoU=0.50:0.95 | area= small | maxDets=1000 ] = 0.038
 Average Recall     (AR) @[ IoU=0.50:0.95 | area=medium | maxDets=1000 ] = 0.407
 Average Recall     (AR) @[ IoU=0.50:0.95 | area= large | maxDets=1000 ] = 0.538

2026-05-07 08:28:46,609 - mmdet - INFO - Exp name: fold_1_swin_t_3x_hbb.py
2026-05-07 08:28:46,609 - mmdet - INFO - Epoch(val) [110][371]	bbox_mAP: 0.2920, bbox_mAP_50: 0.6890, bbox_mAP_75: 0.1830, bbox_mAP_s: 0.0150, bbox_mAP_m: 0.2280, bbox_mAP_l: 0.3690, bbox_mAP_copypaste: 0.292 0.689 0.183 0.015 0.228 0.369
2026-05-07 08:29:20,269 - mmdet - INFO - Epoch [111][50/101]	lr: 1.000e-06, eta: 3:24:17, time: 0.673, data_time: 0.066, memory: 7277, loss_rpn_cls: 0.0095, loss_rpn_bbox: 0.0031, loss_cls: 0.1197, acc: 94.9891, loss_bbox: 0.0931, loss: 0.2254
2026-05-07 08:29:51,290 - mmdet - INFO - Epoch [111][100/101]	lr: 1.000e-06, eta: 3:23:43, time: 0.620, data_time: 0.013, memory: 7277, loss_rpn_cls: 0.0089, loss_rpn_bbox: 0.0030, loss_cls: 0.1184, acc: 94.9623, loss_bbox: 0.0951, loss: 0.2254
2026-05-07 08:29:52,064 - mmdet - INFO - Saving checkpoint at 111 epochs
2026-05-07 08:30:27,890 - mmdet - INFO - Epoch [112][50/101]	lr: 1.000e-06, eta: 3:23:12, time: 0.674, data_time: 0.066, memory: 7277, loss_rpn_cls: 0.0079, loss_rpn_bbox: 0.0028, loss_cls: 0.1138, acc: 95.1743, loss_bbox: 0.0910, loss: 0.2155
2026-05-07 08:30:58,960 - mmdet - INFO - Epoch [112][100/101]	lr: 1.000e-06, eta: 3:22:39, time: 0.621, data_time: 0.013, memory: 7277, loss_rpn_cls: 0.0112, loss_rpn_bbox: 0.0031, loss_cls: 0.1243, acc: 94.7156, loss_bbox: 0.0970, loss: 0.2356
2026-05-07 08:30:59,739 - mmdet - INFO - Saving checkpoint at 112 epochs
2026-05-07 08:31:35,562 - mmdet - INFO - Epoch [113][50/101]	lr: 1.000e-06, eta: 3:22:08, time: 0.675, data_time: 0.066, memory: 7277, loss_rpn_cls: 0.0090, loss_rpn_bbox: 0.0034, loss_cls: 0.1229, acc: 94.7962, loss_bbox: 0.0975, loss: 0.2328
2026-05-07 08:32:06,517 - mmdet - INFO - Epoch [113][100/101]	lr: 1.000e-06, eta: 3:21:34, time: 0.619, data_time: 0.013, memory: 7277, loss_rpn_cls: 0.0095, loss_rpn_bbox: 0.0026, loss_cls: 0.1136, acc: 95.2559, loss_bbox: 0.0894, loss: 0.2151
2026-05-07 08:32:07,297 - mmdet - INFO - Saving checkpoint at 113 epochs
2026-05-07 08:32:43,072 - mmdet - INFO - Epoch [114][50/101]	lr: 1.000e-06, eta: 3:21:03, time: 0.674, data_time: 0.066, memory: 7277, loss_rpn_cls: 0.0106, loss_rpn_bbox: 0.0031, loss_cls: 0.1122, acc: 95.2471, loss_bbox: 0.0884, loss: 0.2143
2026-05-07 08:33:14,154 - mmdet - INFO - Epoch [114][100/101]	lr: 1.000e-06, eta: 3:20:30, time: 0.622, data_time: 0.013, memory: 7277, loss_rpn_cls: 0.0084, loss_rpn_bbox: 0.0028, loss_cls: 0.1247, acc: 94.6901, loss_bbox: 0.0966, loss: 0.2325
2026-05-07 08:33:14,937 - mmdet - INFO - Saving checkpoint at 114 epochs
2026-05-07 08:33:50,792 - mmdet - INFO - Epoch [115][50/101]	lr: 1.000e-06, eta: 3:19:59, time: 0.675, data_time: 0.067, memory: 7277, loss_rpn_cls: 0.0101, loss_rpn_bbox: 0.0031, loss_cls: 0.1183, acc: 94.9901, loss_bbox: 0.0923, loss: 0.2237
2026-05-07 08:34:21,897 - mmdet - INFO - Epoch [115][100/101]	lr: 1.000e-06, eta: 3:19:25, time: 0.622, data_time: 0.013, memory: 7277, loss_rpn_cls: 0.0092, loss_rpn_bbox: 0.0030, loss_cls: 0.1185, acc: 94.9511, loss_bbox: 0.0935, loss: 0.2242
2026-05-07 08:34:22,672 - mmdet - INFO - Saving checkpoint at 115 epochs
2026-05-07 08:34:58,486 - mmdet - INFO - Epoch [116][50/101]	lr: 1.000e-06, eta: 3:18:54, time: 0.674, data_time: 0.066, memory: 7277, loss_rpn_cls: 0.0087, loss_rpn_bbox: 0.0028, loss_cls: 0.1111, acc: 95.2222, loss_bbox: 0.0852, loss: 0.2078
2026-05-07 08:35:29,524 - mmdet - INFO - Epoch [116][100/101]	lr: 1.000e-06, eta: 3:18:21, time: 0.621, data_time: 0.013, memory: 7277, loss_rpn_cls: 0.0127, loss_rpn_bbox: 0.0032, loss_cls: 0.1240, acc: 94.7783, loss_bbox: 0.1007, loss: 0.2407
2026-05-07 08:35:30,303 - mmdet - INFO - Saving checkpoint at 116 epochs
2026-05-07 08:36:06,222 - mmdet - INFO - Epoch [117][50/101]	lr: 1.000e-06, eta: 3:17:50, time: 0.676, data_time: 0.066, memory: 7277, loss_rpn_cls: 0.0110, loss_rpn_bbox: 0.0033, loss_cls: 0.1220, acc: 94.8668, loss_bbox: 0.0970, loss: 0.2333
2026-05-07 08:36:37,253 - mmdet - INFO - Epoch [117][100/101]	lr: 1.000e-06, eta: 3:17:16, time: 0.621, data_time: 0.013, memory: 7277, loss_rpn_cls: 0.0083, loss_rpn_bbox: 0.0027, loss_cls: 0.1157, acc: 95.1233, loss_bbox: 0.0909, loss: 0.2175
2026-05-07 08:36:38,040 - mmdet - INFO - Saving checkpoint at 117 epochs
2026-05-07 08:37:13,946 - mmdet - INFO - Epoch [118][50/101]	lr: 1.000e-06, eta: 3:16:45, time: 0.676, data_time: 0.066, memory: 7277, loss_rpn_cls: 0.0099, loss_rpn_bbox: 0.0028, loss_cls: 0.1192, acc: 94.9240, loss_bbox: 0.0927, loss: 0.2246
2026-05-07 08:37:44,978 - mmdet - INFO - Epoch [118][100/101]	lr: 1.000e-06, eta: 3:16:12, time: 0.621, data_time: 0.013, memory: 7277, loss_rpn_cls: 0.0089, loss_rpn_bbox: 0.0030, loss_cls: 0.1137, acc: 95.1405, loss_bbox: 0.0916, loss: 0.2172
2026-05-07 08:37:45,758 - mmdet - INFO - Saving checkpoint at 118 epochs
2026-05-07 08:38:21,596 - mmdet - INFO - Epoch [119][50/101]	lr: 1.000e-06, eta: 3:15:41, time: 0.675, data_time: 0.066, memory: 7277, loss_rpn_cls: 0.0097, loss_rpn_bbox: 0.0029, loss_cls: 0.1123, acc: 95.2312, loss_bbox: 0.0881, loss: 0.2130
2026-05-07 08:38:52,608 - mmdet - INFO - Epoch [119][100/101]	lr: 1.000e-06, eta: 3:15:07, time: 0.620, data_time: 0.013, memory: 7277, loss_rpn_cls: 0.0092, loss_rpn_bbox: 0.0031, loss_cls: 0.1202, acc: 94.9023, loss_bbox: 0.0975, loss: 0.2300
2026-05-07 08:38:53,392 - mmdet - INFO - Saving checkpoint at 119 epochs
2026-05-07 08:39:29,225 - mmdet - INFO - Epoch [120][50/101]	lr: 1.000e-06, eta: 3:14:36, time: 0.675, data_time: 0.066, memory: 7277, loss_rpn_cls: 0.0101, loss_rpn_bbox: 0.0032, loss_cls: 0.1185, acc: 94.9810, loss_bbox: 0.0933, loss: 0.2251
2026-05-07 08:40:00,251 - mmdet - INFO - Epoch [120][100/101]	lr: 1.000e-06, eta: 3:14:03, time: 0.621, data_time: 0.013, memory: 7277, loss_rpn_cls: 0.0097, loss_rpn_bbox: 0.0027, loss_cls: 0.1167, acc: 95.0391, loss_bbox: 0.0904, loss: 0.2195
2026-05-07 08:40:01,042 - mmdet - INFO - Saving checkpoint at 120 epochs
2026-05-07 08:40:40,989 - mmdet - INFO - Evaluating bbox...
2026-05-07 08:40:45,163 - mmdet - INFO - 
 Average Precision  (AP) @[ IoU=0.50:0.95 | area=   all | maxDets=100 ] = 0.295
 Average Precision  (AP) @[ IoU=0.50      | area=   all | maxDets=1000 ] = 0.689
 Average Precision  (AP) @[ IoU=0.75      | area=   all | maxDets=1000 ] = 0.196
 Average Precision  (AP) @[ IoU=0.50:0.95 | area= small | maxDets=1000 ] = 0.015
 Average Precision  (AP) @[ IoU=0.50:0.95 | area=medium | maxDets=1000 ] = 0.230
 Average Precision  (AP) @[ IoU=0.50:0.95 | area= large | maxDets=1000 ] = 0.373
 Average Recall     (AR) @[ IoU=0.50:0.95 | area=   all | maxDets=100 ] = 0.458
 Average Recall     (AR) @[ IoU=0.50:0.95 | area=   all | maxDets=300 ] = 0.458
 Average Recall     (AR) @[ IoU=0.50:0.95 | area=   all | maxDets=1000 ] = 0.458
 Average Recall     (AR) @[ IoU=0.50:0.95 | area= small | maxDets=1000 ] = 0.038
 Average Recall     (AR) @[ IoU=0.50:0.95 | area=medium | maxDets=1000 ] = 0.407
 Average Recall     (AR) @[ IoU=0.50:0.95 | area= large | maxDets=1000 ] = 0.535

2026-05-07 08:40:45,172 - mmdet - INFO - Exp name: fold_1_swin_t_3x_hbb.py
2026-05-07 08:40:45,172 - mmdet - INFO - Epoch(val) [120][371]	bbox_mAP: 0.2950, bbox_mAP_50: 0.6890, bbox_mAP_75: 0.1960, bbox_mAP_s: 0.0150, bbox_mAP_m: 0.2300, bbox_mAP_l: 0.3730, bbox_mAP_copypaste: 0.295 0.689 0.196 0.015 0.230 0.373
2026-05-07 08:41:18,753 - mmdet - INFO - Epoch [121][50/101]	lr: 1.000e-06, eta: 3:13:31, time: 0.671, data_time: 0.066, memory: 7277, loss_rpn_cls: 0.0099, loss_rpn_bbox: 0.0029, loss_cls: 0.1171, acc: 95.0557, loss_bbox: 0.0913, loss: 0.2212
2026-05-07 08:41:49,688 - mmdet - INFO - Epoch [121][100/101]	lr: 1.000e-06, eta: 3:12:58, time: 0.619, data_time: 0.013, memory: 7277, loss_rpn_cls: 0.0105, loss_rpn_bbox: 0.0031, loss_cls: 0.1183, acc: 94.9950, loss_bbox: 0.0948, loss: 0.2266
2026-05-07 08:41:50,472 - mmdet - INFO - Saving checkpoint at 121 epochs
2026-05-07 08:42:26,242 - mmdet - INFO - Epoch [122][50/101]	lr: 1.000e-06, eta: 3:12:27, time: 0.673, data_time: 0.065, memory: 7277, loss_rpn_cls: 0.0103, loss_rpn_bbox: 0.0032, loss_cls: 0.1239, acc: 94.6475, loss_bbox: 0.0999, loss: 0.2373
2026-05-07 08:42:57,232 - mmdet - INFO - Epoch [122][100/101]	lr: 1.000e-06, eta: 3:11:53, time: 0.620, data_time: 0.013, memory: 7277, loss_rpn_cls: 0.0097, loss_rpn_bbox: 0.0028, loss_cls: 0.1125, acc: 95.2026, loss_bbox: 0.0874, loss: 0.2124
2026-05-07 08:42:58,012 - mmdet - INFO - Saving checkpoint at 122 epochs
2026-05-07 08:43:33,788 - mmdet - INFO - Epoch [123][50/101]	lr: 1.000e-06, eta: 3:11:22, time: 0.674, data_time: 0.066, memory: 7277, loss_rpn_cls: 0.0090, loss_rpn_bbox: 0.0030, loss_cls: 0.1190, acc: 94.9819, loss_bbox: 0.0929, loss: 0.2240
2026-05-07 08:44:04,850 - mmdet - INFO - Epoch [123][100/101]	lr: 1.000e-06, eta: 3:10:48, time: 0.621, data_time: 0.013, memory: 7277, loss_rpn_cls: 0.0079, loss_rpn_bbox: 0.0027, loss_cls: 0.1163, acc: 95.0257, loss_bbox: 0.0920, loss: 0.2188
2026-05-07 08:44:05,640 - mmdet - INFO - Saving checkpoint at 123 epochs
2026-05-07 08:44:41,498 - mmdet - INFO - Epoch [124][50/101]	lr: 1.000e-06, eta: 3:10:17, time: 0.675, data_time: 0.067, memory: 7277, loss_rpn_cls: 0.0095, loss_rpn_bbox: 0.0031, loss_cls: 0.1218, acc: 94.8564, loss_bbox: 0.0930, loss: 0.2275
2026-05-07 08:45:12,507 - mmdet - INFO - Epoch [124][100/101]	lr: 1.000e-06, eta: 3:09:44, time: 0.620, data_time: 0.013, memory: 7277, loss_rpn_cls: 0.0097, loss_rpn_bbox: 0.0028, loss_cls: 0.1133, acc: 95.3113, loss_bbox: 0.0891, loss: 0.2149
2026-05-07 08:45:13,287 - mmdet - INFO - Saving checkpoint at 124 epochs
2026-05-07 08:45:49,112 - mmdet - INFO - Epoch [125][50/101]	lr: 1.000e-06, eta: 3:09:13, time: 0.674, data_time: 0.066, memory: 7277, loss_rpn_cls: 0.0093, loss_rpn_bbox: 0.0028, loss_cls: 0.1101, acc: 95.2948, loss_bbox: 0.0887, loss: 0.2110
2026-05-07 08:46:20,179 - mmdet - INFO - Epoch [125][100/101]	lr: 1.000e-06, eta: 3:08:39, time: 0.621, data_time: 0.013, memory: 7277, loss_rpn_cls: 0.0082, loss_rpn_bbox: 0.0029, loss_cls: 0.1190, acc: 94.9906, loss_bbox: 0.0960, loss: 0.2261
2026-05-07 08:46:20,949 - mmdet - INFO - Saving checkpoint at 125 epochs
2026-05-07 08:46:56,844 - mmdet - INFO - Epoch [126][50/101]	lr: 1.000e-06, eta: 3:08:08, time: 0.676, data_time: 0.067, memory: 7277, loss_rpn_cls: 0.0155, loss_rpn_bbox: 0.0033, loss_cls: 0.1176, acc: 95.0303, loss_bbox: 0.0894, loss: 0.2258
2026-05-07 08:47:27,842 - mmdet - INFO - Epoch [126][100/101]	lr: 1.000e-06, eta: 3:07:35, time: 0.620, data_time: 0.013, memory: 7277, loss_rpn_cls: 0.0098, loss_rpn_bbox: 0.0028, loss_cls: 0.1190, acc: 95.0124, loss_bbox: 0.0926, loss: 0.2242
2026-05-07 08:47:28,610 - mmdet - INFO - Saving checkpoint at 126 epochs
2026-05-07 08:48:04,388 - mmdet - INFO - Epoch [127][50/101]	lr: 1.000e-06, eta: 3:07:04, time: 0.674, data_time: 0.066, memory: 7277, loss_rpn_cls: 0.0098, loss_rpn_bbox: 0.0028, loss_cls: 0.1156, acc: 94.9648, loss_bbox: 0.0931, loss: 0.2214
2026-05-07 08:48:35,402 - mmdet - INFO - Epoch [127][100/101]	lr: 1.000e-06, eta: 3:06:30, time: 0.620, data_time: 0.013, memory: 7277, loss_rpn_cls: 0.0094, loss_rpn_bbox: 0.0029, loss_cls: 0.1178, acc: 95.1194, loss_bbox: 0.0919, loss: 0.2219
2026-05-07 08:48:36,183 - mmdet - INFO - Saving checkpoint at 127 epochs
2026-05-07 08:49:11,958 - mmdet - INFO - Epoch [128][50/101]	lr: 1.000e-06, eta: 3:05:59, time: 0.673, data_time: 0.065, memory: 7277, loss_rpn_cls: 0.0073, loss_rpn_bbox: 0.0026, loss_cls: 0.1083, acc: 95.3752, loss_bbox: 0.0833, loss: 0.2015
2026-05-07 08:49:43,094 - mmdet - INFO - Epoch [128][100/101]	lr: 1.000e-06, eta: 3:05:26, time: 0.623, data_time: 0.013, memory: 7277, loss_rpn_cls: 0.0108, loss_rpn_bbox: 0.0032, loss_cls: 0.1260, acc: 94.6099, loss_bbox: 0.1028, loss: 0.2428
2026-05-07 08:49:43,881 - mmdet - INFO - Saving checkpoint at 128 epochs
2026-05-07 08:50:19,775 - mmdet - INFO - Epoch [129][50/101]	lr: 1.000e-06, eta: 3:04:55, time: 0.676, data_time: 0.066, memory: 7277, loss_rpn_cls: 0.0098, loss_rpn_bbox: 0.0028, loss_cls: 0.1135, acc: 95.1953, loss_bbox: 0.0877, loss: 0.2138
2026-05-07 08:50:50,829 - mmdet - INFO - Epoch [129][100/101]	lr: 1.000e-06, eta: 3:04:21, time: 0.621, data_time: 0.013, memory: 7277, loss_rpn_cls: 0.0105, loss_rpn_bbox: 0.0031, loss_cls: 0.1211, acc: 94.8379, loss_bbox: 0.0973, loss: 0.2320
2026-05-07 08:50:51,600 - mmdet - INFO - Saving checkpoint at 129 epochs
2026-05-07 08:51:27,476 - mmdet - INFO - Epoch [130][50/101]	lr: 1.000e-06, eta: 3:03:50, time: 0.676, data_time: 0.066, memory: 7277, loss_rpn_cls: 0.0099, loss_rpn_bbox: 0.0031, loss_cls: 0.1167, acc: 95.0498, loss_bbox: 0.0944, loss: 0.2242
2026-05-07 08:51:58,495 - mmdet - INFO - Epoch [130][100/101]	lr: 1.000e-06, eta: 3:03:17, time: 0.620, data_time: 0.013, memory: 7277, loss_rpn_cls: 0.0072, loss_rpn_bbox: 0.0027, loss_cls: 0.1130, acc: 95.1885, loss_bbox: 0.0875, loss: 0.2103
2026-05-07 08:51:59,290 - mmdet - INFO - Saving checkpoint at 130 epochs
2026-05-07 08:52:39,275 - mmdet - INFO - Evaluating bbox...
2026-05-07 08:52:43,573 - mmdet - INFO - 
 Average Precision  (AP) @[ IoU=0.50:0.95 | area=   all | maxDets=100 ] = 0.293
 Average Precision  (AP) @[ IoU=0.50      | area=   all | maxDets=1000 ] = 0.687
 Average Precision  (AP) @[ IoU=0.75      | area=   all | maxDets=1000 ] = 0.194
 Average Precision  (AP) @[ IoU=0.50:0.95 | area= small | maxDets=1000 ] = 0.014
 Average Precision  (AP) @[ IoU=0.50:0.95 | area=medium | maxDets=1000 ] = 0.227
 Average Precision  (AP) @[ IoU=0.50:0.95 | area= large | maxDets=1000 ] = 0.372
 Average Recall     (AR) @[ IoU=0.50:0.95 | area=   all | maxDets=100 ] = 0.458
 Average Recall     (AR) @[ IoU=0.50:0.95 | area=   all | maxDets=300 ] = 0.458
 Average Recall     (AR) @[ IoU=0.50:0.95 | area=   all | maxDets=1000 ] = 0.458
 Average Recall     (AR) @[ IoU=0.50:0.95 | area= small | maxDets=1000 ] = 0.034
 Average Recall     (AR) @[ IoU=0.50:0.95 | area=medium | maxDets=1000 ] = 0.407
 Average Recall     (AR) @[ IoU=0.50:0.95 | area= large | maxDets=1000 ] = 0.535

2026-05-07 08:52:43,581 - mmdet - INFO - Exp name: fold_1_swin_t_3x_hbb.py
2026-05-07 08:52:43,581 - mmdet - INFO - Epoch(val) [130][371]	bbox_mAP: 0.2930, bbox_mAP_50: 0.6870, bbox_mAP_75: 0.1940, bbox_mAP_s: 0.0140, bbox_mAP_m: 0.2270, bbox_mAP_l: 0.3720, bbox_mAP_copypaste: 0.293 0.687 0.194 0.014 0.227 0.372
2026-05-07 08:53:17,388 - mmdet - INFO - Epoch [131][50/101]	lr: 1.000e-06, eta: 3:02:45, time: 0.676, data_time: 0.066, memory: 7277, loss_rpn_cls: 0.0083, loss_rpn_bbox: 0.0029, loss_cls: 0.1175, acc: 95.0885, loss_bbox: 0.0888, loss: 0.2174
2026-05-07 08:53:48,408 - mmdet - INFO - Epoch [131][100/101]	lr: 1.000e-06, eta: 3:02:12, time: 0.620, data_time: 0.013, memory: 7277, loss_rpn_cls: 0.0083, loss_rpn_bbox: 0.0029, loss_cls: 0.1151, acc: 95.0840, loss_bbox: 0.0921, loss: 0.2183
2026-05-07 08:53:49,199 - mmdet - INFO - Saving checkpoint at 131 epochs
2026-05-07 08:54:25,018 - mmdet - INFO - Epoch [132][50/101]	lr: 1.000e-06, eta: 3:01:41, time: 0.674, data_time: 0.065, memory: 7277, loss_rpn_cls: 0.0089, loss_rpn_bbox: 0.0029, loss_cls: 0.1159, acc: 95.0816, loss_bbox: 0.0894, loss: 0.2171
2026-05-07 08:54:56,005 - mmdet - INFO - Epoch [132][100/101]	lr: 1.000e-06, eta: 3:01:07, time: 0.620, data_time: 0.013, memory: 7277, loss_rpn_cls: 0.0073, loss_rpn_bbox: 0.0028, loss_cls: 0.1106, acc: 95.2693, loss_bbox: 0.0865, loss: 0.2072
2026-05-07 08:54:56,797 - mmdet - INFO - Saving checkpoint at 132 epochs
2026-05-07 08:55:32,613 - mmdet - INFO - Epoch [133][50/101]	lr: 1.000e-06, eta: 3:00:36, time: 0.674, data_time: 0.066, memory: 7277, loss_rpn_cls: 0.0105, loss_rpn_bbox: 0.0030, loss_cls: 0.1202, acc: 94.8285, loss_bbox: 0.0941, loss: 0.2278
2026-05-07 08:56:03,685 - mmdet - INFO - Epoch [133][100/101]	lr: 1.000e-06, eta: 3:00:03, time: 0.621, data_time: 0.013, memory: 7277, loss_rpn_cls: 0.0095, loss_rpn_bbox: 0.0028, loss_cls: 0.1103, acc: 95.3008, loss_bbox: 0.0859, loss: 0.2084
2026-05-07 08:56:04,473 - mmdet - INFO - Saving checkpoint at 133 epochs
2026-05-07 08:56:40,350 - mmdet - INFO - Epoch [134][50/101]	lr: 1.000e-06, eta: 2:59:32, time: 0.675, data_time: 0.066, memory: 7277, loss_rpn_cls: 0.0103, loss_rpn_bbox: 0.0031, loss_cls: 0.1166, acc: 95.0453, loss_bbox: 0.0931, loss: 0.2230
2026-05-07 08:57:11,422 - mmdet - INFO - Epoch [134][100/101]	lr: 1.000e-06, eta: 2:58:58, time: 0.621, data_time: 0.013, memory: 7277, loss_rpn_cls: 0.0092, loss_rpn_bbox: 0.0027, loss_cls: 0.1147, acc: 95.1698, loss_bbox: 0.0903, loss: 0.2168
2026-05-07 08:57:12,202 - mmdet - INFO - Saving checkpoint at 134 epochs
2026-05-07 08:57:48,013 - mmdet - INFO - Epoch [135][50/101]	lr: 1.000e-06, eta: 2:58:27, time: 0.674, data_time: 0.066, memory: 7277, loss_rpn_cls: 0.0083, loss_rpn_bbox: 0.0027, loss_cls: 0.1164, acc: 95.0598, loss_bbox: 0.0925, loss: 0.2199
2026-05-07 08:58:19,098 - mmdet - INFO - Epoch [135][100/101]	lr: 1.000e-06, eta: 2:57:54, time: 0.622, data_time: 0.013, memory: 7277, loss_rpn_cls: 0.0099, loss_rpn_bbox: 0.0030, loss_cls: 0.1144, acc: 95.1987, loss_bbox: 0.0902, loss: 0.2175
2026-05-07 08:58:19,878 - mmdet - INFO - Saving checkpoint at 135 epochs
2026-05-07 08:58:55,795 - mmdet - INFO - Epoch [136][50/101]	lr: 1.000e-06, eta: 2:57:23, time: 0.676, data_time: 0.067, memory: 7277, loss_rpn_cls: 0.0099, loss_rpn_bbox: 0.0030, loss_cls: 0.1168, acc: 95.0366, loss_bbox: 0.0913, loss: 0.2211
2026-05-07 08:59:26,839 - mmdet - INFO - Epoch [136][100/101]	lr: 1.000e-06, eta: 2:56:49, time: 0.621, data_time: 0.013, memory: 7277, loss_rpn_cls: 0.0075, loss_rpn_bbox: 0.0027, loss_cls: 0.1166, acc: 95.0635, loss_bbox: 0.0906, loss: 0.2174
2026-05-07 08:59:27,608 - mmdet - INFO - Saving checkpoint at 136 epochs
2026-05-07 09:00:03,521 - mmdet - INFO - Epoch [137][50/101]	lr: 1.000e-06, eta: 2:56:18, time: 0.676, data_time: 0.066, memory: 7277, loss_rpn_cls: 0.0083, loss_rpn_bbox: 0.0027, loss_cls: 0.1153, acc: 95.0703, loss_bbox: 0.0893, loss: 0.2156
2026-05-07 09:00:34,575 - mmdet - INFO - Epoch [137][100/101]	lr: 1.000e-06, eta: 2:55:45, time: 0.621, data_time: 0.013, memory: 7277, loss_rpn_cls: 0.0090, loss_rpn_bbox: 0.0030, loss_cls: 0.1161, acc: 95.0153, loss_bbox: 0.0913, loss: 0.2194
2026-05-07 09:00:35,354 - mmdet - INFO - Saving checkpoint at 137 epochs
2026-05-07 09:01:11,272 - mmdet - INFO - Epoch [138][50/101]	lr: 1.000e-06, eta: 2:55:14, time: 0.675, data_time: 0.066, memory: 7277, loss_rpn_cls: 0.0101, loss_rpn_bbox: 0.0025, loss_cls: 0.1104, acc: 95.3887, loss_bbox: 0.0888, loss: 0.2118
2026-05-07 09:01:42,314 - mmdet - INFO - Epoch [138][100/101]	lr: 1.000e-06, eta: 2:54:40, time: 0.621, data_time: 0.013, memory: 7277, loss_rpn_cls: 0.0089, loss_rpn_bbox: 0.0030, loss_cls: 0.1167, acc: 95.0371, loss_bbox: 0.0903, loss: 0.2188
2026-05-07 09:01:43,118 - mmdet - INFO - Saving checkpoint at 138 epochs
2026-05-07 09:02:18,930 - mmdet - INFO - Epoch [139][50/101]	lr: 1.000e-06, eta: 2:54:09, time: 0.674, data_time: 0.066, memory: 7277, loss_rpn_cls: 0.0085, loss_rpn_bbox: 0.0027, loss_cls: 0.1172, acc: 95.1261, loss_bbox: 0.0892, loss: 0.2175
2026-05-07 09:02:49,993 - mmdet - INFO - Epoch [139][100/101]	lr: 1.000e-06, eta: 2:53:36, time: 0.621, data_time: 0.013, memory: 7277, loss_rpn_cls: 0.0088, loss_rpn_bbox: 0.0030, loss_cls: 0.1118, acc: 95.2534, loss_bbox: 0.0878, loss: 0.2114
2026-05-07 09:02:50,802 - mmdet - INFO - Saving checkpoint at 139 epochs
2026-05-07 09:03:26,715 - mmdet - INFO - Epoch [140][50/101]	lr: 1.000e-06, eta: 2:53:04, time: 0.676, data_time: 0.066, memory: 7277, loss_rpn_cls: 0.0085, loss_rpn_bbox: 0.0030, loss_cls: 0.1197, acc: 94.9102, loss_bbox: 0.0919, loss: 0.2232
2026-05-07 09:03:57,793 - mmdet - INFO - Epoch [140][100/101]	lr: 1.000e-06, eta: 2:52:31, time: 0.622, data_time: 0.013, memory: 7277, loss_rpn_cls: 0.0094, loss_rpn_bbox: 0.0029, loss_cls: 0.1117, acc: 95.2008, loss_bbox: 0.0874, loss: 0.2114
2026-05-07 09:03:58,569 - mmdet - INFO - Saving checkpoint at 140 epochs
2026-05-07 09:04:38,465 - mmdet - INFO - Evaluating bbox...
2026-05-07 09:04:42,740 - mmdet - INFO - 
 Average Precision  (AP) @[ IoU=0.50:0.95 | area=   all | maxDets=100 ] = 0.295
 Average Precision  (AP) @[ IoU=0.50      | area=   all | maxDets=1000 ] = 0.691
 Average Precision  (AP) @[ IoU=0.75      | area=   all | maxDets=1000 ] = 0.196
 Average Precision  (AP) @[ IoU=0.50:0.95 | area= small | maxDets=1000 ] = 0.013
 Average Precision  (AP) @[ IoU=0.50:0.95 | area=medium | maxDets=1000 ] = 0.229
 Average Precision  (AP) @[ IoU=0.50:0.95 | area= large | maxDets=1000 ] = 0.375
 Average Recall     (AR) @[ IoU=0.50:0.95 | area=   all | maxDets=100 ] = 0.460
 Average Recall     (AR) @[ IoU=0.50:0.95 | area=   all | maxDets=300 ] = 0.460
 Average Recall     (AR) @[ IoU=0.50:0.95 | area=   all | maxDets=1000 ] = 0.460
 Average Recall     (AR) @[ IoU=0.50:0.95 | area= small | maxDets=1000 ] = 0.038
 Average Recall     (AR) @[ IoU=0.50:0.95 | area=medium | maxDets=1000 ] = 0.406
 Average Recall     (AR) @[ IoU=0.50:0.95 | area= large | maxDets=1000 ] = 0.540

2026-05-07 09:04:42,749 - mmdet - INFO - Exp name: fold_1_swin_t_3x_hbb.py
2026-05-07 09:04:42,749 - mmdet - INFO - Epoch(val) [140][371]	bbox_mAP: 0.2950, bbox_mAP_50: 0.6910, bbox_mAP_75: 0.1960, bbox_mAP_s: 0.0130, bbox_mAP_m: 0.2290, bbox_mAP_l: 0.3750, bbox_mAP_copypaste: 0.295 0.691 0.196 0.013 0.229 0.375
2026-05-07 09:05:16,455 - mmdet - INFO - Epoch [141][50/101]	lr: 1.000e-06, eta: 2:52:00, time: 0.674, data_time: 0.066, memory: 7277, loss_rpn_cls: 0.0085, loss_rpn_bbox: 0.0027, loss_cls: 0.1106, acc: 95.2972, loss_bbox: 0.0851, loss: 0.2068
2026-05-07 09:05:47,521 - mmdet - INFO - Epoch [141][100/101]	lr: 1.000e-06, eta: 2:51:27, time: 0.621, data_time: 0.013, memory: 7277, loss_rpn_cls: 0.0101, loss_rpn_bbox: 0.0029, loss_cls: 0.1192, acc: 95.0151, loss_bbox: 0.0927, loss: 0.2249
2026-05-07 09:05:48,296 - mmdet - INFO - Saving checkpoint at 141 epochs
2026-05-07 09:06:24,095 - mmdet - INFO - Epoch [142][50/101]	lr: 1.000e-06, eta: 2:50:55, time: 0.674, data_time: 0.066, memory: 7277, loss_rpn_cls: 0.0083, loss_rpn_bbox: 0.0028, loss_cls: 0.1080, acc: 95.4258, loss_bbox: 0.0837, loss: 0.2028
2026-05-07 09:06:55,207 - mmdet - INFO - Epoch [142][100/101]	lr: 1.000e-06, eta: 2:50:22, time: 0.622, data_time: 0.013, memory: 7277, loss_rpn_cls: 0.0100, loss_rpn_bbox: 0.0029, loss_cls: 0.1194, acc: 94.8417, loss_bbox: 0.0945, loss: 0.2269
2026-05-07 09:06:56,021 - mmdet - INFO - Saving checkpoint at 142 epochs
2026-05-07 09:07:31,856 - mmdet - INFO - Epoch [143][50/101]	lr: 1.000e-06, eta: 2:49:51, time: 0.675, data_time: 0.066, memory: 7277, loss_rpn_cls: 0.0089, loss_rpn_bbox: 0.0026, loss_cls: 0.1128, acc: 95.1796, loss_bbox: 0.0861, loss: 0.2103
2026-05-07 09:08:02,854 - mmdet - INFO - Epoch [143][100/101]	lr: 1.000e-06, eta: 2:49:17, time: 0.620, data_time: 0.013, memory: 7277, loss_rpn_cls: 0.0086, loss_rpn_bbox: 0.0031, loss_cls: 0.1160, acc: 95.0752, loss_bbox: 0.0936, loss: 0.2213
2026-05-07 09:08:03,631 - mmdet - INFO - Saving checkpoint at 143 epochs
2026-05-07 09:08:39,500 - mmdet - INFO - Epoch [144][50/101]	lr: 1.000e-06, eta: 2:48:46, time: 0.675, data_time: 0.066, memory: 7277, loss_rpn_cls: 0.0105, loss_rpn_bbox: 0.0030, loss_cls: 0.1150, acc: 95.1826, loss_bbox: 0.0882, loss: 0.2168
2026-05-07 09:09:10,527 - mmdet - INFO - Epoch [144][100/101]	lr: 1.000e-06, eta: 2:48:13, time: 0.621, data_time: 0.013, memory: 7277, loss_rpn_cls: 0.0077, loss_rpn_bbox: 0.0026, loss_cls: 0.1110, acc: 95.2473, loss_bbox: 0.0889, loss: 0.2102
2026-05-07 09:09:11,321 - mmdet - INFO - Saving checkpoint at 144 epochs
2026-05-07 09:09:47,029 - mmdet - INFO - Epoch [145][50/101]	lr: 1.000e-06, eta: 2:47:41, time: 0.672, data_time: 0.066, memory: 7277, loss_rpn_cls: 0.0072, loss_rpn_bbox: 0.0022, loss_cls: 0.1022, acc: 95.6797, loss_bbox: 0.0772, loss: 0.1889
2026-05-07 09:10:18,212 - mmdet - INFO - Epoch [145][100/101]	lr: 1.000e-06, eta: 2:47:08, time: 0.624, data_time: 0.013, memory: 7277, loss_rpn_cls: 0.0109, loss_rpn_bbox: 0.0035, loss_cls: 0.1259, acc: 94.6365, loss_bbox: 0.0987, loss: 0.2389
2026-05-07 09:10:18,999 - mmdet - INFO - Saving checkpoint at 145 epochs
2026-05-07 09:10:54,752 - mmdet - INFO - Epoch [146][50/101]	lr: 1.000e-06, eta: 2:46:37, time: 0.673, data_time: 0.066, memory: 7277, loss_rpn_cls: 0.0094, loss_rpn_bbox: 0.0030, loss_cls: 0.1139, acc: 95.1290, loss_bbox: 0.0902, loss: 0.2165
2026-05-07 09:11:25,724 - mmdet - INFO - Epoch [146][100/101]	lr: 1.000e-06, eta: 2:46:03, time: 0.619, data_time: 0.013, memory: 7277, loss_rpn_cls: 0.0099, loss_rpn_bbox: 0.0028, loss_cls: 0.1101, acc: 95.3350, loss_bbox: 0.0870, loss: 0.2099
2026-05-07 09:11:26,537 - mmdet - INFO - Saving checkpoint at 146 epochs
2026-05-07 09:12:02,364 - mmdet - INFO - Epoch [147][50/101]	lr: 1.000e-06, eta: 2:45:32, time: 0.675, data_time: 0.066, memory: 7277, loss_rpn_cls: 0.0090, loss_rpn_bbox: 0.0029, loss_cls: 0.1113, acc: 95.2931, loss_bbox: 0.0869, loss: 0.2101
2026-05-07 09:12:33,447 - mmdet - INFO - Epoch [147][100/101]	lr: 1.000e-06, eta: 2:44:59, time: 0.622, data_time: 0.013, memory: 7277, loss_rpn_cls: 0.0105, loss_rpn_bbox: 0.0029, loss_cls: 0.1184, acc: 94.9945, loss_bbox: 0.0912, loss: 0.2229
2026-05-07 09:12:34,239 - mmdet - INFO - Saving checkpoint at 147 epochs
2026-05-07 09:13:10,098 - mmdet - INFO - Epoch [148][50/101]	lr: 1.000e-06, eta: 2:44:27, time: 0.675, data_time: 0.066, memory: 7277, loss_rpn_cls: 0.0102, loss_rpn_bbox: 0.0028, loss_cls: 0.1093, acc: 95.2852, loss_bbox: 0.0856, loss: 0.2078
2026-05-07 09:13:41,199 - mmdet - INFO - Epoch [148][100/101]	lr: 1.000e-06, eta: 2:43:54, time: 0.622, data_time: 0.013, memory: 7277, loss_rpn_cls: 0.0094, loss_rpn_bbox: 0.0030, loss_cls: 0.1190, acc: 94.9966, loss_bbox: 0.0923, loss: 0.2237
2026-05-07 09:13:41,983 - mmdet - INFO - Saving checkpoint at 148 epochs
2026-05-07 09:14:17,834 - mmdet - INFO - Epoch [149][50/101]	lr: 1.000e-06, eta: 2:43:23, time: 0.675, data_time: 0.066, memory: 7277, loss_rpn_cls: 0.0094, loss_rpn_bbox: 0.0026, loss_cls: 0.1108, acc: 95.3953, loss_bbox: 0.0883, loss: 0.2111
2026-05-07 09:14:48,883 - mmdet - INFO - Epoch [149][100/101]	lr: 1.000e-06, eta: 2:42:50, time: 0.621, data_time: 0.013, memory: 7277, loss_rpn_cls: 0.0096, loss_rpn_bbox: 0.0030, loss_cls: 0.1177, acc: 94.9600, loss_bbox: 0.0912, loss: 0.2215
2026-05-07 09:14:49,677 - mmdet - INFO - Saving checkpoint at 149 epochs
2026-05-07 09:15:25,573 - mmdet - INFO - Epoch [150][50/101]	lr: 1.000e-06, eta: 2:42:18, time: 0.676, data_time: 0.066, memory: 7277, loss_rpn_cls: 0.0090, loss_rpn_bbox: 0.0030, loss_cls: 0.1159, acc: 95.0444, loss_bbox: 0.0935, loss: 0.2213
2026-05-07 09:15:56,595 - mmdet - INFO - Epoch [150][100/101]	lr: 1.000e-06, eta: 2:41:45, time: 0.620, data_time: 0.013, memory: 7277, loss_rpn_cls: 0.0086, loss_rpn_bbox: 0.0026, loss_cls: 0.1094, acc: 95.4529, loss_bbox: 0.0833, loss: 0.2039
2026-05-07 09:15:57,368 - mmdet - INFO - Saving checkpoint at 150 epochs
2026-05-07 09:16:37,379 - mmdet - INFO - Evaluating bbox...
2026-05-07 09:16:41,520 - mmdet - INFO - 
 Average Precision  (AP) @[ IoU=0.50:0.95 | area=   all | maxDets=100 ] = 0.295
 Average Precision  (AP) @[ IoU=0.50      | area=   all | maxDets=1000 ] = 0.685
 Average Precision  (AP) @[ IoU=0.75      | area=   all | maxDets=1000 ] = 0.195
 Average Precision  (AP) @[ IoU=0.50:0.95 | area= small | maxDets=1000 ] = 0.021
 Average Precision  (AP) @[ IoU=0.50:0.95 | area=medium | maxDets=1000 ] = 0.231
 Average Precision  (AP) @[ IoU=0.50:0.95 | area= large | maxDets=1000 ] = 0.373
 Average Recall     (AR) @[ IoU=0.50:0.95 | area=   all | maxDets=100 ] = 0.457
 Average Recall     (AR) @[ IoU=0.50:0.95 | area=   all | maxDets=300 ] = 0.457
 Average Recall     (AR) @[ IoU=0.50:0.95 | area=   all | maxDets=1000 ] = 0.457
 Average Recall     (AR) @[ IoU=0.50:0.95 | area= small | maxDets=1000 ] = 0.038
 Average Recall     (AR) @[ IoU=0.50:0.95 | area=medium | maxDets=1000 ] = 0.404
 Average Recall     (AR) @[ IoU=0.50:0.95 | area= large | maxDets=1000 ] = 0.536

2026-05-07 09:16:41,528 - mmdet - INFO - Exp name: fold_1_swin_t_3x_hbb.py
2026-05-07 09:16:41,528 - mmdet - INFO - Epoch(val) [150][371]	bbox_mAP: 0.2950, bbox_mAP_50: 0.6850, bbox_mAP_75: 0.1950, bbox_mAP_s: 0.0210, bbox_mAP_m: 0.2310, bbox_mAP_l: 0.3730, bbox_mAP_copypaste: 0.295 0.685 0.195 0.021 0.231 0.373
2026-05-07 09:17:15,317 - mmdet - INFO - Epoch [151][50/101]	lr: 1.000e-06, eta: 2:41:14, time: 0.675, data_time: 0.066, memory: 7277, loss_rpn_cls: 0.0102, loss_rpn_bbox: 0.0030, loss_cls: 0.1163, acc: 95.0088, loss_bbox: 0.0924, loss: 0.2218
2026-05-07 09:17:46,398 - mmdet - INFO - Epoch [151][100/101]	lr: 1.000e-06, eta: 2:40:41, time: 0.622, data_time: 0.013, memory: 7277, loss_rpn_cls: 0.0083, loss_rpn_bbox: 0.0028, loss_cls: 0.1147, acc: 95.1509, loss_bbox: 0.0897, loss: 0.2155
2026-05-07 09:17:47,180 - mmdet - INFO - Saving checkpoint at 151 epochs
2026-05-07 09:18:23,064 - mmdet - INFO - Epoch [152][50/101]	lr: 1.000e-06, eta: 2:40:09, time: 0.676, data_time: 0.066, memory: 7277, loss_rpn_cls: 0.0087, loss_rpn_bbox: 0.0027, loss_cls: 0.1156, acc: 95.1470, loss_bbox: 0.0897, loss: 0.2167
2026-05-07 09:18:54,145 - mmdet - INFO - Epoch [152][100/101]	lr: 1.000e-06, eta: 2:39:36, time: 0.622, data_time: 0.013, memory: 7277, loss_rpn_cls: 0.0092, loss_rpn_bbox: 0.0031, loss_cls: 0.1120, acc: 95.2344, loss_bbox: 0.0874, loss: 0.2118
2026-05-07 09:18:54,964 - mmdet - INFO - Saving checkpoint at 152 epochs
2026-05-07 09:19:30,836 - mmdet - INFO - Epoch [153][50/101]	lr: 1.000e-06, eta: 2:39:05, time: 0.676, data_time: 0.067, memory: 7277, loss_rpn_cls: 0.0083, loss_rpn_bbox: 0.0027, loss_cls: 0.1130, acc: 95.2126, loss_bbox: 0.0868, loss: 0.2107
2026-05-07 09:20:01,963 - mmdet - INFO - Epoch [153][100/101]	lr: 1.000e-06, eta: 2:38:32, time: 0.623, data_time: 0.013, memory: 7277, loss_rpn_cls: 0.0081, loss_rpn_bbox: 0.0030, loss_cls: 0.1097, acc: 95.4062, loss_bbox: 0.0870, loss: 0.2079
2026-05-07 09:20:02,744 - mmdet - INFO - Saving checkpoint at 153 epochs
2026-05-07 09:20:38,560 - mmdet - INFO - Epoch [154][50/101]	lr: 1.000e-06, eta: 2:38:00, time: 0.674, data_time: 0.066, memory: 7277, loss_rpn_cls: 0.0073, loss_rpn_bbox: 0.0026, loss_cls: 0.1071, acc: 95.4726, loss_bbox: 0.0849, loss: 0.2019
2026-05-07 09:21:09,686 - mmdet - INFO - Epoch [154][100/101]	lr: 1.000e-06, eta: 2:37:27, time: 0.623, data_time: 0.013, memory: 7277, loss_rpn_cls: 0.0096, loss_rpn_bbox: 0.0030, loss_cls: 0.1164, acc: 94.9990, loss_bbox: 0.0909, loss: 0.2199
2026-05-07 09:21:10,480 - mmdet - INFO - Saving checkpoint at 154 epochs
2026-05-07 09:21:46,351 - mmdet - INFO - Epoch [155][50/101]	lr: 1.000e-06, eta: 2:36:55, time: 0.675, data_time: 0.066, memory: 7277, loss_rpn_cls: 0.0103, loss_rpn_bbox: 0.0029, loss_cls: 0.1212, acc: 94.8887, loss_bbox: 0.0951, loss: 0.2295
2026-05-07 09:22:17,501 - mmdet - INFO - Epoch [155][100/101]	lr: 1.000e-06, eta: 2:36:23, time: 0.623, data_time: 0.013, memory: 7277, loss_rpn_cls: 0.0086, loss_rpn_bbox: 0.0027, loss_cls: 0.1049, acc: 95.5796, loss_bbox: 0.0821, loss: 0.1984
2026-05-07 09:22:18,285 - mmdet - INFO - Saving checkpoint at 155 epochs
2026-05-07 09:22:54,227 - mmdet - INFO - Epoch [156][50/101]	lr: 1.000e-06, eta: 2:35:51, time: 0.677, data_time: 0.066, memory: 7277, loss_rpn_cls: 0.0077, loss_rpn_bbox: 0.0028, loss_cls: 0.1103, acc: 95.2968, loss_bbox: 0.0835, loss: 0.2043
2026-05-07 09:23:25,223 - mmdet - INFO - Epoch [156][100/101]	lr: 1.000e-06, eta: 2:35:18, time: 0.620, data_time: 0.013, memory: 7277, loss_rpn_cls: 0.0100, loss_rpn_bbox: 0.0027, loss_cls: 0.1129, acc: 95.1504, loss_bbox: 0.0905, loss: 0.2161
2026-05-07 09:23:26,009 - mmdet - INFO - Saving checkpoint at 156 epochs
2026-05-07 09:24:01,841 - mmdet - INFO - Epoch [157][50/101]	lr: 1.000e-06, eta: 2:34:46, time: 0.675, data_time: 0.066, memory: 7277, loss_rpn_cls: 0.0103, loss_rpn_bbox: 0.0030, loss_cls: 0.1090, acc: 95.4600, loss_bbox: 0.0871, loss: 0.2094
2026-05-07 09:24:32,925 - mmdet - INFO - Epoch [157][100/101]	lr: 1.000e-06, eta: 2:34:13, time: 0.622, data_time: 0.013, memory: 7277, loss_rpn_cls: 0.0080, loss_rpn_bbox: 0.0027, loss_cls: 0.1131, acc: 95.1310, loss_bbox: 0.0893, loss: 0.2130
2026-05-07 09:24:33,701 - mmdet - INFO - Saving checkpoint at 157 epochs
2026-05-07 09:25:09,560 - mmdet - INFO - Epoch [158][50/101]	lr: 1.000e-06, eta: 2:33:42, time: 0.675, data_time: 0.066, memory: 7277, loss_rpn_cls: 0.0106, loss_rpn_bbox: 0.0030, loss_cls: 0.1129, acc: 95.1736, loss_bbox: 0.0879, loss: 0.2144
2026-05-07 09:25:40,562 - mmdet - INFO - Epoch [158][100/101]	lr: 1.000e-06, eta: 2:33:09, time: 0.620, data_time: 0.013, memory: 7277, loss_rpn_cls: 0.0081, loss_rpn_bbox: 0.0028, loss_cls: 0.1091, acc: 95.3955, loss_bbox: 0.0848, loss: 0.2048
2026-05-07 09:25:41,348 - mmdet - INFO - Saving checkpoint at 158 epochs
2026-05-07 09:26:17,236 - mmdet - INFO - Epoch [159][50/101]	lr: 1.000e-06, eta: 2:32:37, time: 0.675, data_time: 0.067, memory: 7277, loss_rpn_cls: 0.0091, loss_rpn_bbox: 0.0027, loss_cls: 0.1104, acc: 95.3196, loss_bbox: 0.0870, loss: 0.2092
2026-05-07 09:26:48,319 - mmdet - INFO - Epoch [159][100/101]	lr: 1.000e-06, eta: 2:32:04, time: 0.622, data_time: 0.013, memory: 7277, loss_rpn_cls: 0.0097, loss_rpn_bbox: 0.0028, loss_cls: 0.1158, acc: 95.1102, loss_bbox: 0.0900, loss: 0.2182
2026-05-07 09:26:49,101 - mmdet - INFO - Saving checkpoint at 159 epochs
2026-05-07 09:27:24,937 - mmdet - INFO - Epoch [160][50/101]	lr: 1.000e-06, eta: 2:31:32, time: 0.675, data_time: 0.066, memory: 7277, loss_rpn_cls: 0.0080, loss_rpn_bbox: 0.0028, loss_cls: 0.1071, acc: 95.5563, loss_bbox: 0.0839, loss: 0.2019
2026-05-07 09:27:56,078 - mmdet - INFO - Epoch [160][100/101]	lr: 1.000e-06, eta: 2:31:00, time: 0.623, data_time: 0.013, memory: 7277, loss_rpn_cls: 0.0102, loss_rpn_bbox: 0.0029, loss_cls: 0.1139, acc: 95.1572, loss_bbox: 0.0903, loss: 0.2173
2026-05-07 09:27:56,848 - mmdet - INFO - Saving checkpoint at 160 epochs
2026-05-07 09:28:36,809 - mmdet - INFO - Evaluating bbox...
2026-05-07 09:28:40,890 - mmdet - INFO - 
 Average Precision  (AP) @[ IoU=0.50:0.95 | area=   all | maxDets=100 ] = 0.295
 Average Precision  (AP) @[ IoU=0.50      | area=   all | maxDets=1000 ] = 0.688
 Average Precision  (AP) @[ IoU=0.75      | area=   all | maxDets=1000 ] = 0.196
 Average Precision  (AP) @[ IoU=0.50:0.95 | area= small | maxDets=1000 ] = 0.018
 Average Precision  (AP) @[ IoU=0.50:0.95 | area=medium | maxDets=1000 ] = 0.229
 Average Precision  (AP) @[ IoU=0.50:0.95 | area= large | maxDets=1000 ] = 0.375
 Average Recall     (AR) @[ IoU=0.50:0.95 | area=   all | maxDets=100 ] = 0.458
 Average Recall     (AR) @[ IoU=0.50:0.95 | area=   all | maxDets=300 ] = 0.458
 Average Recall     (AR) @[ IoU=0.50:0.95 | area=   all | maxDets=1000 ] = 0.458
 Average Recall     (AR) @[ IoU=0.50:0.95 | area= small | maxDets=1000 ] = 0.041
 Average Recall     (AR) @[ IoU=0.50:0.95 | area=medium | maxDets=1000 ] = 0.403
 Average Recall     (AR) @[ IoU=0.50:0.95 | area= large | maxDets=1000 ] = 0.539

2026-05-07 09:28:40,898 - mmdet - INFO - Exp name: fold_1_swin_t_3x_hbb.py
2026-05-07 09:28:40,898 - mmdet - INFO - Epoch(val) [160][371]	bbox_mAP: 0.2950, bbox_mAP_50: 0.6880, bbox_mAP_75: 0.1960, bbox_mAP_s: 0.0180, bbox_mAP_m: 0.2290, bbox_mAP_l: 0.3750, bbox_mAP_copypaste: 0.295 0.688 0.196 0.018 0.229 0.375
2026-05-07 09:29:14,740 - mmdet - INFO - Epoch [161][50/101]	lr: 1.000e-06, eta: 2:30:28, time: 0.677, data_time: 0.066, memory: 7277, loss_rpn_cls: 0.0096, loss_rpn_bbox: 0.0030, loss_cls: 0.1132, acc: 95.2061, loss_bbox: 0.0881, loss: 0.2138
2026-05-07 09:29:45,795 - mmdet - INFO - Epoch [161][100/101]	lr: 1.000e-06, eta: 2:29:55, time: 0.621, data_time: 0.013, memory: 7277, loss_rpn_cls: 0.0073, loss_rpn_bbox: 0.0026, loss_cls: 0.1066, acc: 95.5127, loss_bbox: 0.0830, loss: 0.1995
2026-05-07 09:29:46,576 - mmdet - INFO - Saving checkpoint at 161 epochs
2026-05-07 09:30:22,523 - mmdet - INFO - Epoch [162][50/101]	lr: 1.000e-06, eta: 2:29:23, time: 0.677, data_time: 0.066, memory: 7277, loss_rpn_cls: 0.0085, loss_rpn_bbox: 0.0030, loss_cls: 0.1177, acc: 95.0378, loss_bbox: 0.0901, loss: 0.2193
2026-05-07 09:30:53,559 - mmdet - INFO - Epoch [162][100/101]	lr: 1.000e-06, eta: 2:28:50, time: 0.621, data_time: 0.013, memory: 7277, loss_rpn_cls: 0.0085, loss_rpn_bbox: 0.0026, loss_cls: 0.1051, acc: 95.5288, loss_bbox: 0.0834, loss: 0.1997
2026-05-07 09:30:54,340 - mmdet - INFO - Saving checkpoint at 162 epochs
2026-05-07 09:31:30,166 - mmdet - INFO - Epoch [163][50/101]	lr: 1.000e-06, eta: 2:28:19, time: 0.675, data_time: 0.066, memory: 7277, loss_rpn_cls: 0.0083, loss_rpn_bbox: 0.0028, loss_cls: 0.1060, acc: 95.5029, loss_bbox: 0.0833, loss: 0.2004
2026-05-07 09:32:01,258 - mmdet - INFO - Epoch [163][100/101]	lr: 1.000e-06, eta: 2:27:46, time: 0.622, data_time: 0.013, memory: 7277, loss_rpn_cls: 0.0094, loss_rpn_bbox: 0.0028, loss_cls: 0.1165, acc: 95.1046, loss_bbox: 0.0917, loss: 0.2204
2026-05-07 09:32:02,040 - mmdet - INFO - Saving checkpoint at 163 epochs
2026-05-07 09:32:37,924 - mmdet - INFO - Epoch [164][50/101]	lr: 1.000e-06, eta: 2:27:14, time: 0.675, data_time: 0.066, memory: 7277, loss_rpn_cls: 0.0094, loss_rpn_bbox: 0.0029, loss_cls: 0.1094, acc: 95.3599, loss_bbox: 0.0845, loss: 0.2063
2026-05-07 09:33:08,954 - mmdet - INFO - Epoch [164][100/101]	lr: 1.000e-06, eta: 2:26:41, time: 0.621, data_time: 0.013, memory: 7277, loss_rpn_cls: 0.0095, loss_rpn_bbox: 0.0026, loss_cls: 0.1127, acc: 95.2305, loss_bbox: 0.0886, loss: 0.2134
2026-05-07 09:33:09,741 - mmdet - INFO - Saving checkpoint at 164 epochs
2026-05-07 09:33:45,585 - mmdet - INFO - Epoch [165][50/101]	lr: 1.000e-06, eta: 2:26:09, time: 0.675, data_time: 0.066, memory: 7277, loss_rpn_cls: 0.0086, loss_rpn_bbox: 0.0030, loss_cls: 0.1168, acc: 95.0644, loss_bbox: 0.0925, loss: 0.2209
2026-05-07 09:34:16,606 - mmdet - INFO - Epoch [165][100/101]	lr: 1.000e-06, eta: 2:25:36, time: 0.620, data_time: 0.013, memory: 7277, loss_rpn_cls: 0.0080, loss_rpn_bbox: 0.0024, loss_cls: 0.1041, acc: 95.5679, loss_bbox: 0.0794, loss: 0.1940
2026-05-07 09:34:17,391 - mmdet - INFO - Saving checkpoint at 165 epochs
2026-05-07 09:34:53,211 - mmdet - INFO - Epoch [166][50/101]	lr: 1.000e-06, eta: 2:25:05, time: 0.675, data_time: 0.065, memory: 7277, loss_rpn_cls: 0.0093, loss_rpn_bbox: 0.0028, loss_cls: 0.1100, acc: 95.3353, loss_bbox: 0.0861, loss: 0.2082
2026-05-07 09:35:24,290 - mmdet - INFO - Epoch [166][100/101]	lr: 1.000e-06, eta: 2:24:32, time: 0.622, data_time: 0.013, memory: 7277, loss_rpn_cls: 0.0084, loss_rpn_bbox: 0.0029, loss_cls: 0.1054, acc: 95.5132, loss_bbox: 0.0822, loss: 0.1988
2026-05-07 09:35:25,055 - mmdet - INFO - Saving checkpoint at 166 epochs
2026-05-07 09:36:00,894 - mmdet - INFO - Epoch [167][50/101]	lr: 1.000e-06, eta: 2:24:00, time: 0.675, data_time: 0.067, memory: 7277, loss_rpn_cls: 0.0075, loss_rpn_bbox: 0.0027, loss_cls: 0.1102, acc: 95.3359, loss_bbox: 0.0854, loss: 0.2059
2026-05-07 09:36:32,024 - mmdet - INFO - Epoch [167][100/101]	lr: 1.000e-06, eta: 2:23:27, time: 0.623, data_time: 0.013, memory: 7277, loss_rpn_cls: 0.0088, loss_rpn_bbox: 0.0029, loss_cls: 0.1155, acc: 95.1237, loss_bbox: 0.0896, loss: 0.2167
2026-05-07 09:36:32,802 - mmdet - INFO - Saving checkpoint at 167 epochs
2026-05-07 09:37:08,725 - mmdet - INFO - Epoch [168][50/101]	lr: 1.000e-06, eta: 2:22:55, time: 0.677, data_time: 0.066, memory: 7277, loss_rpn_cls: 0.0076, loss_rpn_bbox: 0.0028, loss_cls: 0.1072, acc: 95.4499, loss_bbox: 0.0857, loss: 0.2033
2026-05-07 09:37:39,793 - mmdet - INFO - Epoch [168][100/101]	lr: 1.000e-06, eta: 2:22:23, time: 0.621, data_time: 0.013, memory: 7277, loss_rpn_cls: 0.0081, loss_rpn_bbox: 0.0028, loss_cls: 0.1124, acc: 95.1488, loss_bbox: 0.0874, loss: 0.2108
2026-05-07 09:37:40,568 - mmdet - INFO - Saving checkpoint at 168 epochs
2026-05-07 09:38:16,394 - mmdet - INFO - Epoch [169][50/101]	lr: 1.000e-06, eta: 2:21:51, time: 0.675, data_time: 0.066, memory: 7277, loss_rpn_cls: 0.0086, loss_rpn_bbox: 0.0026, loss_cls: 0.1099, acc: 95.3003, loss_bbox: 0.0867, loss: 0.2078
2026-05-07 09:38:47,483 - mmdet - INFO - Epoch [169][100/101]	lr: 1.000e-06, eta: 2:21:18, time: 0.622, data_time: 0.013, memory: 7277, loss_rpn_cls: 0.0084, loss_rpn_bbox: 0.0031, loss_cls: 0.1103, acc: 95.3093, loss_bbox: 0.0849, loss: 0.2068
2026-05-07 09:38:48,257 - mmdet - INFO - Saving checkpoint at 169 epochs
2026-05-07 09:39:24,094 - mmdet - INFO - Epoch [170][50/101]	lr: 1.000e-06, eta: 2:20:46, time: 0.674, data_time: 0.066, memory: 7277, loss_rpn_cls: 0.0082, loss_rpn_bbox: 0.0026, loss_cls: 0.1061, acc: 95.4810, loss_bbox: 0.0825, loss: 0.1994
2026-05-07 09:39:55,278 - mmdet - INFO - Epoch [170][100/101]	lr: 1.000e-06, eta: 2:20:13, time: 0.624, data_time: 0.013, memory: 7277, loss_rpn_cls: 0.0088, loss_rpn_bbox: 0.0031, loss_cls: 0.1131, acc: 95.2084, loss_bbox: 0.0881, loss: 0.2131
2026-05-07 09:39:56,053 - mmdet - INFO - Saving checkpoint at 170 epochs
2026-05-07 09:40:35,939 - mmdet - INFO - Evaluating bbox...
2026-05-07 09:40:40,121 - mmdet - INFO - 
 Average Precision  (AP) @[ IoU=0.50:0.95 | area=   all | maxDets=100 ] = 0.296
 Average Precision  (AP) @[ IoU=0.50      | area=   all | maxDets=1000 ] = 0.687
 Average Precision  (AP) @[ IoU=0.75      | area=   all | maxDets=1000 ] = 0.191
 Average Precision  (AP) @[ IoU=0.50:0.95 | area= small | maxDets=1000 ] = 0.012
 Average Precision  (AP) @[ IoU=0.50:0.95 | area=medium | maxDets=1000 ] = 0.228
 Average Precision  (AP) @[ IoU=0.50:0.95 | area= large | maxDets=1000 ] = 0.377
 Average Recall     (AR) @[ IoU=0.50:0.95 | area=   all | maxDets=100 ] = 0.455
 Average Recall     (AR) @[ IoU=0.50:0.95 | area=   all | maxDets=300 ] = 0.455
 Average Recall     (AR) @[ IoU=0.50:0.95 | area=   all | maxDets=1000 ] = 0.455
 Average Recall     (AR) @[ IoU=0.50:0.95 | area= small | maxDets=1000 ] = 0.034
 Average Recall     (AR) @[ IoU=0.50:0.95 | area=medium | maxDets=1000 ] = 0.400
 Average Recall     (AR) @[ IoU=0.50:0.95 | area= large | maxDets=1000 ] = 0.536

2026-05-07 09:40:40,129 - mmdet - INFO - Exp name: fold_1_swin_t_3x_hbb.py
2026-05-07 09:40:40,129 - mmdet - INFO - Epoch(val) [170][371]	bbox_mAP: 0.2960, bbox_mAP_50: 0.6870, bbox_mAP_75: 0.1910, bbox_mAP_s: 0.0120, bbox_mAP_m: 0.2280, bbox_mAP_l: 0.3770, bbox_mAP_copypaste: 0.296 0.687 0.191 0.012 0.228 0.377
2026-05-07 09:41:13,882 - mmdet - INFO - Epoch [171][50/101]	lr: 1.000e-06, eta: 2:19:42, time: 0.675, data_time: 0.066, memory: 7277, loss_rpn_cls: 0.0080, loss_rpn_bbox: 0.0028, loss_cls: 0.1088, acc: 95.4105, loss_bbox: 0.0838, loss: 0.2034
2026-05-07 09:41:44,952 - mmdet - INFO - Epoch [171][100/101]	lr: 1.000e-06, eta: 2:19:09, time: 0.621, data_time: 0.013, memory: 7277, loss_rpn_cls: 0.0082, loss_rpn_bbox: 0.0028, loss_cls: 0.1066, acc: 95.5434, loss_bbox: 0.0828, loss: 0.2004
2026-05-07 09:41:45,734 - mmdet - INFO - Saving checkpoint at 171 epochs
2026-05-07 09:42:21,556 - mmdet - INFO - Epoch [172][50/101]	lr: 1.000e-06, eta: 2:18:37, time: 0.675, data_time: 0.066, memory: 7277, loss_rpn_cls: 0.0066, loss_rpn_bbox: 0.0028, loss_cls: 0.1113, acc: 95.2453, loss_bbox: 0.0890, loss: 0.2098
2026-05-07 09:42:52,647 - mmdet - INFO - Epoch [172][100/101]	lr: 1.000e-06, eta: 2:18:04, time: 0.622, data_time: 0.013, memory: 7277, loss_rpn_cls: 0.0087, loss_rpn_bbox: 0.0027, loss_cls: 0.1097, acc: 95.3563, loss_bbox: 0.0848, loss: 0.2059
2026-05-07 09:42:53,431 - mmdet - INFO - Saving checkpoint at 172 epochs
2026-05-07 09:43:29,210 - mmdet - INFO - Epoch [173][50/101]	lr: 1.000e-06, eta: 2:17:32, time: 0.674, data_time: 0.066, memory: 7277, loss_rpn_cls: 0.0069, loss_rpn_bbox: 0.0027, loss_cls: 0.1109, acc: 95.1934, loss_bbox: 0.0851, loss: 0.2055
2026-05-07 09:44:00,320 - mmdet - INFO - Epoch [173][100/101]	lr: 1.000e-06, eta: 2:16:59, time: 0.622, data_time: 0.013, memory: 7277, loss_rpn_cls: 0.0111, loss_rpn_bbox: 0.0027, loss_cls: 0.1106, acc: 95.2968, loss_bbox: 0.0854, loss: 0.2098
2026-05-07 09:44:01,095 - mmdet - INFO - Saving checkpoint at 173 epochs
2026-05-07 09:44:36,948 - mmdet - INFO - Epoch [174][50/101]	lr: 1.000e-06, eta: 2:16:28, time: 0.675, data_time: 0.066, memory: 7277, loss_rpn_cls: 0.0077, loss_rpn_bbox: 0.0025, loss_cls: 0.1125, acc: 95.2139, loss_bbox: 0.0847, loss: 0.2074
2026-05-07 09:45:08,144 - mmdet - INFO - Epoch [174][100/101]	lr: 1.000e-06, eta: 2:15:55, time: 0.624, data_time: 0.013, memory: 7277, loss_rpn_cls: 0.0088, loss_rpn_bbox: 0.0029, loss_cls: 0.1087, acc: 95.3501, loss_bbox: 0.0860, loss: 0.2064
2026-05-07 09:45:08,923 - mmdet - INFO - Saving checkpoint at 174 epochs
2026-05-07 09:45:44,831 - mmdet - INFO - Epoch [175][50/101]	lr: 1.000e-06, eta: 2:15:23, time: 0.676, data_time: 0.066, memory: 7277, loss_rpn_cls: 0.0091, loss_rpn_bbox: 0.0027, loss_cls: 0.1064, acc: 95.5589, loss_bbox: 0.0846, loss: 0.2028
2026-05-07 09:46:15,870 - mmdet - INFO - Epoch [175][100/101]	lr: 1.000e-06, eta: 2:14:50, time: 0.621, data_time: 0.013, memory: 7277, loss_rpn_cls: 0.0083, loss_rpn_bbox: 0.0029, loss_cls: 0.1092, acc: 95.3594, loss_bbox: 0.0838, loss: 0.2041
2026-05-07 09:46:16,657 - mmdet - INFO - Saving checkpoint at 175 epochs
2026-05-07 09:46:52,484 - mmdet - INFO - Epoch [176][50/101]	lr: 1.000e-06, eta: 2:14:18, time: 0.675, data_time: 0.066, memory: 7277, loss_rpn_cls: 0.0078, loss_rpn_bbox: 0.0026, loss_cls: 0.1054, acc: 95.4336, loss_bbox: 0.0840, loss: 0.1998
2026-05-07 09:47:23,602 - mmdet - INFO - Epoch [176][100/101]	lr: 1.000e-06, eta: 2:13:46, time: 0.622, data_time: 0.013, memory: 7277, loss_rpn_cls: 0.0083, loss_rpn_bbox: 0.0028, loss_cls: 0.1117, acc: 95.2609, loss_bbox: 0.0841, loss: 0.2069
2026-05-07 09:47:24,384 - mmdet - INFO - Saving checkpoint at 176 epochs
2026-05-07 09:48:00,244 - mmdet - INFO - Epoch [177][50/101]	lr: 1.000e-06, eta: 2:13:14, time: 0.675, data_time: 0.066, memory: 7277, loss_rpn_cls: 0.0077, loss_rpn_bbox: 0.0028, loss_cls: 0.1073, acc: 95.4242, loss_bbox: 0.0866, loss: 0.2045
2026-05-07 09:48:31,303 - mmdet - INFO - Epoch [177][100/101]	lr: 1.000e-06, eta: 2:12:41, time: 0.621, data_time: 0.013, memory: 7277, loss_rpn_cls: 0.0080, loss_rpn_bbox: 0.0026, loss_cls: 0.1134, acc: 95.1748, loss_bbox: 0.0861, loss: 0.2101
2026-05-07 09:48:32,086 - mmdet - INFO - Saving checkpoint at 177 epochs
2026-05-07 09:49:07,874 - mmdet - INFO - Epoch [178][50/101]	lr: 1.000e-06, eta: 2:12:09, time: 0.674, data_time: 0.066, memory: 7277, loss_rpn_cls: 0.0073, loss_rpn_bbox: 0.0023, loss_cls: 0.0976, acc: 95.8517, loss_bbox: 0.0782, loss: 0.1855
2026-05-07 09:49:39,026 - mmdet - INFO - Epoch [178][100/101]	lr: 1.000e-06, eta: 2:11:36, time: 0.623, data_time: 0.013, memory: 7277, loss_rpn_cls: 0.0099, loss_rpn_bbox: 0.0033, loss_cls: 0.1203, acc: 94.8418, loss_bbox: 0.0937, loss: 0.2271
2026-05-07 09:49:39,798 - mmdet - INFO - Saving checkpoint at 178 epochs
2026-05-07 09:50:15,780 - mmdet - INFO - Epoch [179][50/101]	lr: 1.000e-06, eta: 2:11:05, time: 0.677, data_time: 0.066, memory: 7277, loss_rpn_cls: 0.0098, loss_rpn_bbox: 0.0031, loss_cls: 0.1137, acc: 95.2561, loss_bbox: 0.0901, loss: 0.2167
2026-05-07 09:50:46,735 - mmdet - INFO - Epoch [179][100/101]	lr: 1.000e-06, eta: 2:10:32, time: 0.619, data_time: 0.013, memory: 7277, loss_rpn_cls: 0.0074, loss_rpn_bbox: 0.0023, loss_cls: 0.1022, acc: 95.6592, loss_bbox: 0.0776, loss: 0.1895
2026-05-07 09:50:47,519 - mmdet - INFO - Saving checkpoint at 179 epochs
2026-05-07 09:51:23,339 - mmdet - INFO - Epoch [180][50/101]	lr: 1.000e-06, eta: 2:10:00, time: 0.675, data_time: 0.066, memory: 7277, loss_rpn_cls: 0.0078, loss_rpn_bbox: 0.0028, loss_cls: 0.1072, acc: 95.4929, loss_bbox: 0.0833, loss: 0.2010
2026-05-07 09:51:54,364 - mmdet - INFO - Epoch [180][100/101]	lr: 1.000e-06, eta: 2:09:27, time: 0.621, data_time: 0.013, memory: 7277, loss_rpn_cls: 0.0089, loss_rpn_bbox: 0.0025, loss_cls: 0.1054, acc: 95.5262, loss_bbox: 0.0832, loss: 0.2001
2026-05-07 09:51:55,183 - mmdet - INFO - Saving checkpoint at 180 epochs
2026-05-07 09:52:35,029 - mmdet - INFO - Evaluating bbox...
2026-05-07 09:52:39,166 - mmdet - INFO - 
 Average Precision  (AP) @[ IoU=0.50:0.95 | area=   all | maxDets=100 ] = 0.295
 Average Precision  (AP) @[ IoU=0.50      | area=   all | maxDets=1000 ] = 0.691
 Average Precision  (AP) @[ IoU=0.75      | area=   all | maxDets=1000 ] = 0.191
 Average Precision  (AP) @[ IoU=0.50:0.95 | area= small | maxDets=1000 ] = 0.011
 Average Precision  (AP) @[ IoU=0.50:0.95 | area=medium | maxDets=1000 ] = 0.229
 Average Precision  (AP) @[ IoU=0.50:0.95 | area= large | maxDets=1000 ] = 0.375
 Average Recall     (AR) @[ IoU=0.50:0.95 | area=   all | maxDets=100 ] = 0.456
 Average Recall     (AR) @[ IoU=0.50:0.95 | area=   all | maxDets=300 ] = 0.456
 Average Recall     (AR) @[ IoU=0.50:0.95 | area=   all | maxDets=1000 ] = 0.456
 Average Recall     (AR) @[ IoU=0.50:0.95 | area= small | maxDets=1000 ] = 0.028
 Average Recall     (AR) @[ IoU=0.50:0.95 | area=medium | maxDets=1000 ] = 0.402
 Average Recall     (AR) @[ IoU=0.50:0.95 | area= large | maxDets=1000 ] = 0.538

2026-05-07 09:52:39,174 - mmdet - INFO - Exp name: fold_1_swin_t_3x_hbb.py
2026-05-07 09:52:39,175 - mmdet - INFO - Epoch(val) [180][371]	bbox_mAP: 0.2950, bbox_mAP_50: 0.6910, bbox_mAP_75: 0.1910, bbox_mAP_s: 0.0110, bbox_mAP_m: 0.2290, bbox_mAP_l: 0.3750, bbox_mAP_copypaste: 0.295 0.691 0.191 0.011 0.229 0.375
2026-05-07 09:53:13,034 - mmdet - INFO - Epoch [181][50/101]	lr: 1.000e-06, eta: 2:08:55, time: 0.677, data_time: 0.066, memory: 7277, loss_rpn_cls: 0.0095, loss_rpn_bbox: 0.0027, loss_cls: 0.1162, acc: 95.0747, loss_bbox: 0.0902, loss: 0.2186
2026-05-07 09:53:44,049 - mmdet - INFO - Epoch [181][100/101]	lr: 1.000e-06, eta: 2:08:22, time: 0.620, data_time: 0.013, memory: 7277, loss_rpn_cls: 0.0073, loss_rpn_bbox: 0.0025, loss_cls: 0.1010, acc: 95.7490, loss_bbox: 0.0788, loss: 0.1896
2026-05-07 09:53:44,849 - mmdet - INFO - Saving checkpoint at 181 epochs
2026-05-07 09:54:20,740 - mmdet - INFO - Epoch [182][50/101]	lr: 1.000e-06, eta: 2:07:50, time: 0.676, data_time: 0.067, memory: 7277, loss_rpn_cls: 0.0081, loss_rpn_bbox: 0.0027, loss_cls: 0.1060, acc: 95.4914, loss_bbox: 0.0813, loss: 0.1981
2026-05-07 09:54:51,906 - mmdet - INFO - Epoch [182][100/101]	lr: 1.000e-06, eta: 2:07:18, time: 0.623, data_time: 0.013, memory: 7277, loss_rpn_cls: 0.0088, loss_rpn_bbox: 0.0028, loss_cls: 0.1143, acc: 95.0966, loss_bbox: 0.0892, loss: 0.2151
2026-05-07 09:54:52,682 - mmdet - INFO - Saving checkpoint at 182 epochs
2026-05-07 09:55:28,614 - mmdet - INFO - Epoch [183][50/101]	lr: 1.000e-06, eta: 2:06:46, time: 0.677, data_time: 0.067, memory: 7277, loss_rpn_cls: 0.0086, loss_rpn_bbox: 0.0029, loss_cls: 0.1123, acc: 95.2056, loss_bbox: 0.0880, loss: 0.2118
2026-05-07 09:55:59,719 - mmdet - INFO - Epoch [183][100/101]	lr: 1.000e-06, eta: 2:06:13, time: 0.622, data_time: 0.013, memory: 7277, loss_rpn_cls: 0.0079, loss_rpn_bbox: 0.0025, loss_cls: 0.1047, acc: 95.5527, loss_bbox: 0.0807, loss: 0.1959
2026-05-07 09:56:00,499 - mmdet - INFO - Saving checkpoint at 183 epochs
2026-05-07 09:56:36,446 - mmdet - INFO - Epoch [184][50/101]	lr: 1.000e-06, eta: 2:05:41, time: 0.677, data_time: 0.066, memory: 7277, loss_rpn_cls: 0.0081, loss_rpn_bbox: 0.0027, loss_cls: 0.1129, acc: 95.2549, loss_bbox: 0.0866, loss: 0.2104
2026-05-07 09:57:07,432 - mmdet - INFO - Epoch [184][100/101]	lr: 1.000e-06, eta: 2:05:09, time: 0.620, data_time: 0.013, memory: 7277, loss_rpn_cls: 0.0078, loss_rpn_bbox: 0.0026, loss_cls: 0.1060, acc: 95.5371, loss_bbox: 0.0849, loss: 0.2013
2026-05-07 09:57:08,210 - mmdet - INFO - Saving checkpoint at 184 epochs
2026-05-07 09:57:44,138 - mmdet - INFO - Epoch [185][50/101]	lr: 1.000e-06, eta: 2:04:37, time: 0.676, data_time: 0.066, memory: 7277, loss_rpn_cls: 0.0087, loss_rpn_bbox: 0.0029, loss_cls: 0.1082, acc: 95.4038, loss_bbox: 0.0820, loss: 0.2018
2026-05-07 09:58:15,185 - mmdet - INFO - Epoch [185][100/101]	lr: 1.000e-06, eta: 2:04:04, time: 0.621, data_time: 0.013, memory: 7277, loss_rpn_cls: 0.0072, loss_rpn_bbox: 0.0026, loss_cls: 0.1094, acc: 95.3145, loss_bbox: 0.0826, loss: 0.2019
2026-05-07 09:58:15,960 - mmdet - INFO - Saving checkpoint at 185 epochs
2026-05-07 09:58:51,842 - mmdet - INFO - Epoch [186][50/101]	lr: 1.000e-06, eta: 2:03:32, time: 0.675, data_time: 0.066, memory: 7277, loss_rpn_cls: 0.0100, loss_rpn_bbox: 0.0030, loss_cls: 0.1184, acc: 94.9436, loss_bbox: 0.0933, loss: 0.2247
2026-05-07 09:59:22,832 - mmdet - INFO - Epoch [186][100/101]	lr: 1.000e-06, eta: 2:02:59, time: 0.620, data_time: 0.013, memory: 7277, loss_rpn_cls: 0.0088, loss_rpn_bbox: 0.0025, loss_cls: 0.1010, acc: 95.6728, loss_bbox: 0.0776, loss: 0.1899
2026-05-07 09:59:23,609 - mmdet - INFO - Saving checkpoint at 186 epochs
2026-05-07 09:59:59,382 - mmdet - INFO - Epoch [187][50/101]	lr: 1.000e-06, eta: 2:02:27, time: 0.673, data_time: 0.066, memory: 7277, loss_rpn_cls: 0.0083, loss_rpn_bbox: 0.0022, loss_cls: 0.0998, acc: 95.7301, loss_bbox: 0.0790, loss: 0.1893
2026-05-07 10:00:30,591 - mmdet - INFO - Epoch [187][100/101]	lr: 1.000e-06, eta: 2:01:55, time: 0.624, data_time: 0.013, memory: 7277, loss_rpn_cls: 0.0080, loss_rpn_bbox: 0.0032, loss_cls: 0.1176, acc: 95.0639, loss_bbox: 0.0907, loss: 0.2195
2026-05-07 10:00:31,369 - mmdet - INFO - Saving checkpoint at 187 epochs
2026-05-07 10:01:07,149 - mmdet - INFO - Epoch [188][50/101]	lr: 1.000e-06, eta: 2:01:22, time: 0.674, data_time: 0.066, memory: 7277, loss_rpn_cls: 0.0083, loss_rpn_bbox: 0.0026, loss_cls: 0.1060, acc: 95.5166, loss_bbox: 0.0841, loss: 0.2010
2026-05-07 10:01:38,136 - mmdet - INFO - Epoch [188][100/101]	lr: 1.000e-06, eta: 2:00:50, time: 0.620, data_time: 0.013, memory: 7277, loss_rpn_cls: 0.0080, loss_rpn_bbox: 0.0028, loss_cls: 0.1108, acc: 95.3132, loss_bbox: 0.0863, loss: 0.2080
2026-05-07 10:01:38,918 - mmdet - INFO - Saving checkpoint at 188 epochs
2026-05-07 10:02:14,777 - mmdet - INFO - Epoch [189][50/101]	lr: 1.000e-06, eta: 2:00:18, time: 0.675, data_time: 0.066, memory: 7277, loss_rpn_cls: 0.0088, loss_rpn_bbox: 0.0028, loss_cls: 0.1136, acc: 95.2151, loss_bbox: 0.0900, loss: 0.2151
2026-05-07 10:02:45,842 - mmdet - INFO - Epoch [189][100/101]	lr: 1.000e-06, eta: 1:59:45, time: 0.621, data_time: 0.013, memory: 7277, loss_rpn_cls: 0.0084, loss_rpn_bbox: 0.0027, loss_cls: 0.1058, acc: 95.4999, loss_bbox: 0.0802, loss: 0.1972
2026-05-07 10:02:46,634 - mmdet - INFO - Saving checkpoint at 189 epochs
2026-05-07 10:03:22,537 - mmdet - INFO - Epoch [190][50/101]	lr: 1.000e-06, eta: 1:59:13, time: 0.676, data_time: 0.066, memory: 7277, loss_rpn_cls: 0.0072, loss_rpn_bbox: 0.0027, loss_cls: 0.1060, acc: 95.5225, loss_bbox: 0.0810, loss: 0.1968
2026-05-07 10:03:53,587 - mmdet - INFO - Epoch [190][100/101]	lr: 1.000e-06, eta: 1:58:40, time: 0.621, data_time: 0.013, memory: 7277, loss_rpn_cls: 0.0065, loss_rpn_bbox: 0.0027, loss_cls: 0.1065, acc: 95.4951, loss_bbox: 0.0828, loss: 0.1985
2026-05-07 10:03:54,367 - mmdet - INFO - Saving checkpoint at 190 epochs
2026-05-07 10:04:34,075 - mmdet - INFO - Evaluating bbox...
2026-05-07 10:04:38,327 - mmdet - INFO - 
 Average Precision  (AP) @[ IoU=0.50:0.95 | area=   all | maxDets=100 ] = 0.293
 Average Precision  (AP) @[ IoU=0.50      | area=   all | maxDets=1000 ] = 0.689
 Average Precision  (AP) @[ IoU=0.75      | area=   all | maxDets=1000 ] = 0.189
 Average Precision  (AP) @[ IoU=0.50:0.95 | area= small | maxDets=1000 ] = 0.013
 Average Precision  (AP) @[ IoU=0.50:0.95 | area=medium | maxDets=1000 ] = 0.227
 Average Precision  (AP) @[ IoU=0.50:0.95 | area= large | maxDets=1000 ] = 0.374
 Average Recall     (AR) @[ IoU=0.50:0.95 | area=   all | maxDets=100 ] = 0.453
 Average Recall     (AR) @[ IoU=0.50:0.95 | area=   all | maxDets=300 ] = 0.453
 Average Recall     (AR) @[ IoU=0.50:0.95 | area=   all | maxDets=1000 ] = 0.453
 Average Recall     (AR) @[ IoU=0.50:0.95 | area= small | maxDets=1000 ] = 0.031
 Average Recall     (AR) @[ IoU=0.50:0.95 | area=medium | maxDets=1000 ] = 0.399
 Average Recall     (AR) @[ IoU=0.50:0.95 | area= large | maxDets=1000 ] = 0.535

2026-05-07 10:04:38,334 - mmdet - INFO - Exp name: fold_1_swin_t_3x_hbb.py
2026-05-07 10:04:38,335 - mmdet - INFO - Epoch(val) [190][371]	bbox_mAP: 0.2930, bbox_mAP_50: 0.6890, bbox_mAP_75: 0.1890, bbox_mAP_s: 0.0130, bbox_mAP_m: 0.2270, bbox_mAP_l: 0.3740, bbox_mAP_copypaste: 0.293 0.689 0.189 0.013 0.227 0.374
2026-05-07 10:05:12,153 - mmdet - INFO - Epoch [191][50/101]	lr: 1.000e-06, eta: 1:58:08, time: 0.676, data_time: 0.066, memory: 7277, loss_rpn_cls: 0.0064, loss_rpn_bbox: 0.0029, loss_cls: 0.1068, acc: 95.4595, loss_bbox: 0.0836, loss: 0.1997
2026-05-07 10:05:43,244 - mmdet - INFO - Epoch [191][100/101]	lr: 1.000e-06, eta: 1:57:36, time: 0.622, data_time: 0.013, memory: 7277, loss_rpn_cls: 0.0078, loss_rpn_bbox: 0.0026, loss_cls: 0.1088, acc: 95.3574, loss_bbox: 0.0839, loss: 0.2032
2026-05-07 10:05:44,023 - mmdet - INFO - Saving checkpoint at 191 epochs
2026-05-07 10:06:19,957 - mmdet - INFO - Epoch [192][50/101]	lr: 1.000e-06, eta: 1:57:04, time: 0.677, data_time: 0.067, memory: 7277, loss_rpn_cls: 0.0092, loss_rpn_bbox: 0.0025, loss_cls: 0.1111, acc: 95.3256, loss_bbox: 0.0836, loss: 0.2064
2026-05-07 10:06:51,074 - mmdet - INFO - Epoch [192][100/101]	lr: 1.000e-06, eta: 1:56:31, time: 0.622, data_time: 0.013, memory: 7277, loss_rpn_cls: 0.0079, loss_rpn_bbox: 0.0028, loss_cls: 0.1071, acc: 95.4277, loss_bbox: 0.0832, loss: 0.2010
2026-05-07 10:06:51,840 - mmdet - INFO - Saving checkpoint at 192 epochs
2026-05-07 10:07:27,763 - mmdet - INFO - Epoch [193][50/101]	lr: 1.000e-06, eta: 1:55:59, time: 0.676, data_time: 0.068, memory: 7277, loss_rpn_cls: 0.0080, loss_rpn_bbox: 0.0027, loss_cls: 0.1082, acc: 95.4126, loss_bbox: 0.0821, loss: 0.2010
2026-05-07 10:07:58,832 - mmdet - INFO - Epoch [193][100/101]	lr: 1.000e-06, eta: 1:55:27, time: 0.621, data_time: 0.013, memory: 7277, loss_rpn_cls: 0.0078, loss_rpn_bbox: 0.0027, loss_cls: 0.1080, acc: 95.4103, loss_bbox: 0.0833, loss: 0.2017
2026-05-07 10:07:59,616 - mmdet - INFO - Saving checkpoint at 193 epochs
2026-05-07 10:08:35,496 - mmdet - INFO - Epoch [194][50/101]	lr: 1.000e-06, eta: 1:54:54, time: 0.675, data_time: 0.066, memory: 7277, loss_rpn_cls: 0.0084, loss_rpn_bbox: 0.0025, loss_cls: 0.1023, acc: 95.6683, loss_bbox: 0.0807, loss: 0.1940
2026-05-07 10:09:06,580 - mmdet - INFO - Epoch [194][100/101]	lr: 1.000e-06, eta: 1:54:22, time: 0.622, data_time: 0.013, memory: 7277, loss_rpn_cls: 0.0086, loss_rpn_bbox: 0.0028, loss_cls: 0.1152, acc: 95.1367, loss_bbox: 0.0856, loss: 0.2122
2026-05-07 10:09:07,352 - mmdet - INFO - Saving checkpoint at 194 epochs
2026-05-07 10:09:43,317 - mmdet - INFO - Epoch [195][50/101]	lr: 1.000e-06, eta: 1:53:50, time: 0.678, data_time: 0.067, memory: 7277, loss_rpn_cls: 0.0107, loss_rpn_bbox: 0.0032, loss_cls: 0.1158, acc: 95.0401, loss_bbox: 0.0879, loss: 0.2176
2026-05-07 10:10:14,315 - mmdet - INFO - Epoch [195][100/101]	lr: 1.000e-06, eta: 1:53:17, time: 0.620, data_time: 0.013, memory: 7277, loss_rpn_cls: 0.0071, loss_rpn_bbox: 0.0022, loss_cls: 0.0963, acc: 95.9355, loss_bbox: 0.0735, loss: 0.1791
2026-05-07 10:10:15,091 - mmdet - INFO - Saving checkpoint at 195 epochs
2026-05-07 10:10:51,012 - mmdet - INFO - Epoch [196][50/101]	lr: 1.000e-06, eta: 1:52:45, time: 0.675, data_time: 0.066, memory: 7277, loss_rpn_cls: 0.0075, loss_rpn_bbox: 0.0027, loss_cls: 0.1062, acc: 95.4887, loss_bbox: 0.0843, loss: 0.2007
2026-05-07 10:11:22,035 - mmdet - INFO - Epoch [196][100/101]	lr: 1.000e-06, eta: 1:52:13, time: 0.620, data_time: 0.013, memory: 7277, loss_rpn_cls: 0.0079, loss_rpn_bbox: 0.0026, loss_cls: 0.1072, acc: 95.4541, loss_bbox: 0.0811, loss: 0.1989
2026-05-07 10:11:22,814 - mmdet - INFO - Saving checkpoint at 196 epochs
2026-05-07 10:11:58,698 - mmdet - INFO - Epoch [197][50/101]	lr: 1.000e-06, eta: 1:51:40, time: 0.676, data_time: 0.066, memory: 7277, loss_rpn_cls: 0.0077, loss_rpn_bbox: 0.0026, loss_cls: 0.1102, acc: 95.3037, loss_bbox: 0.0863, loss: 0.2068
2026-05-07 10:12:29,708 - mmdet - INFO - Epoch [197][100/101]	lr: 1.000e-06, eta: 1:51:08, time: 0.620, data_time: 0.013, memory: 7277, loss_rpn_cls: 0.0078, loss_rpn_bbox: 0.0026, loss_cls: 0.1019, acc: 95.7116, loss_bbox: 0.0783, loss: 0.1906
2026-05-07 10:12:30,488 - mmdet - INFO - Saving checkpoint at 197 epochs
2026-05-07 10:13:06,351 - mmdet - INFO - Epoch [198][50/101]	lr: 1.000e-06, eta: 1:50:36, time: 0.675, data_time: 0.066, memory: 7277, loss_rpn_cls: 0.0081, loss_rpn_bbox: 0.0024, loss_cls: 0.1012, acc: 95.7207, loss_bbox: 0.0787, loss: 0.1905
2026-05-07 10:13:37,450 - mmdet - INFO - Epoch [198][100/101]	lr: 1.000e-06, eta: 1:50:03, time: 0.622, data_time: 0.013, memory: 7277, loss_rpn_cls: 0.0075, loss_rpn_bbox: 0.0027, loss_cls: 0.1094, acc: 95.3433, loss_bbox: 0.0843, loss: 0.2039
2026-05-07 10:13:38,230 - mmdet - INFO - Saving checkpoint at 198 epochs
2026-05-07 10:14:14,088 - mmdet - INFO - Epoch [199][50/101]	lr: 1.000e-06, eta: 1:49:31, time: 0.675, data_time: 0.066, memory: 7277, loss_rpn_cls: 0.0079, loss_rpn_bbox: 0.0032, loss_cls: 0.1112, acc: 95.2161, loss_bbox: 0.0847, loss: 0.2070
2026-05-07 10:14:45,075 - mmdet - INFO - Epoch [199][100/101]	lr: 1.000e-06, eta: 1:48:58, time: 0.620, data_time: 0.013, memory: 7277, loss_rpn_cls: 0.0069, loss_rpn_bbox: 0.0022, loss_cls: 0.1012, acc: 95.7197, loss_bbox: 0.0781, loss: 0.1883
2026-05-07 10:14:45,851 - mmdet - INFO - Saving checkpoint at 199 epochs
2026-05-07 10:15:21,722 - mmdet - INFO - Epoch [200][50/101]	lr: 1.000e-06, eta: 1:48:26, time: 0.676, data_time: 0.066, memory: 7277, loss_rpn_cls: 0.0092, loss_rpn_bbox: 0.0031, loss_cls: 0.1159, acc: 95.0293, loss_bbox: 0.0883, loss: 0.2165
2026-05-07 10:15:52,679 - mmdet - INFO - Epoch [200][100/101]	lr: 1.000e-06, eta: 1:47:54, time: 0.619, data_time: 0.013, memory: 7277, loss_rpn_cls: 0.0079, loss_rpn_bbox: 0.0023, loss_cls: 0.0979, acc: 95.8613, loss_bbox: 0.0737, loss: 0.1817
2026-05-07 10:15:53,454 - mmdet - INFO - Saving checkpoint at 200 epochs
2026-05-07 10:16:33,399 - mmdet - INFO - Evaluating bbox...
2026-05-07 10:16:37,563 - mmdet - INFO - 
 Average Precision  (AP) @[ IoU=0.50:0.95 | area=   all | maxDets=100 ] = 0.293
 Average Precision  (AP) @[ IoU=0.50      | area=   all | maxDets=1000 ] = 0.689
 Average Precision  (AP) @[ IoU=0.75      | area=   all | maxDets=1000 ] = 0.184
 Average Precision  (AP) @[ IoU=0.50:0.95 | area= small | maxDets=1000 ] = 0.011
 Average Precision  (AP) @[ IoU=0.50:0.95 | area=medium | maxDets=1000 ] = 0.225
 Average Precision  (AP) @[ IoU=0.50:0.95 | area= large | maxDets=1000 ] = 0.373
 Average Recall     (AR) @[ IoU=0.50:0.95 | area=   all | maxDets=100 ] = 0.452
 Average Recall     (AR) @[ IoU=0.50:0.95 | area=   all | maxDets=300 ] = 0.452
 Average Recall     (AR) @[ IoU=0.50:0.95 | area=   all | maxDets=1000 ] = 0.452
 Average Recall     (AR) @[ IoU=0.50:0.95 | area= small | maxDets=1000 ] = 0.038
 Average Recall     (AR) @[ IoU=0.50:0.95 | area=medium | maxDets=1000 ] = 0.402
 Average Recall     (AR) @[ IoU=0.50:0.95 | area= large | maxDets=1000 ] = 0.529

2026-05-07 10:16:37,570 - mmdet - INFO - Exp name: fold_1_swin_t_3x_hbb.py
2026-05-07 10:16:37,571 - mmdet - INFO - Epoch(val) [200][371]	bbox_mAP: 0.2930, bbox_mAP_50: 0.6890, bbox_mAP_75: 0.1840, bbox_mAP_s: 0.0110, bbox_mAP_m: 0.2250, bbox_mAP_l: 0.3730, bbox_mAP_copypaste: 0.293 0.689 0.184 0.011 0.225 0.373
2026-05-07 10:17:11,378 - mmdet - INFO - Epoch [201][50/101]	lr: 1.000e-06, eta: 1:47:22, time: 0.676, data_time: 0.066, memory: 7277, loss_rpn_cls: 0.0077, loss_rpn_bbox: 0.0030, loss_cls: 0.1112, acc: 95.2726, loss_bbox: 0.0861, loss: 0.2080
2026-05-07 10:17:42,395 - mmdet - INFO - Epoch [201][100/101]	lr: 1.000e-06, eta: 1:46:49, time: 0.620, data_time: 0.013, memory: 7277, loss_rpn_cls: 0.0098, loss_rpn_bbox: 0.0024, loss_cls: 0.1006, acc: 95.7721, loss_bbox: 0.0783, loss: 0.1911
2026-05-07 10:17:43,172 - mmdet - INFO - Saving checkpoint at 201 epochs
2026-05-07 10:18:19,098 - mmdet - INFO - Epoch [202][50/101]	lr: 1.000e-06, eta: 1:46:17, time: 0.677, data_time: 0.066, memory: 7277, loss_rpn_cls: 0.0088, loss_rpn_bbox: 0.0031, loss_cls: 0.1138, acc: 95.1542, loss_bbox: 0.0880, loss: 0.2137
2026-05-07 10:18:50,121 - mmdet - INFO - Epoch [202][100/101]	lr: 1.000e-06, eta: 1:45:44, time: 0.620, data_time: 0.013, memory: 7277, loss_rpn_cls: 0.0068, loss_rpn_bbox: 0.0023, loss_cls: 0.0991, acc: 95.7812, loss_bbox: 0.0745, loss: 0.1826
2026-05-07 10:18:50,896 - mmdet - INFO - Saving checkpoint at 202 epochs
2026-05-07 10:19:26,693 - mmdet - INFO - Epoch [203][50/101]	lr: 1.000e-06, eta: 1:45:12, time: 0.674, data_time: 0.067, memory: 7277, loss_rpn_cls: 0.0079, loss_rpn_bbox: 0.0027, loss_cls: 0.1082, acc: 95.4033, loss_bbox: 0.0852, loss: 0.2039
2026-05-07 10:19:57,815 - mmdet - INFO - Epoch [203][100/101]	lr: 1.000e-06, eta: 1:44:40, time: 0.622, data_time: 0.013, memory: 7277, loss_rpn_cls: 0.0081, loss_rpn_bbox: 0.0027, loss_cls: 0.1062, acc: 95.5528, loss_bbox: 0.0813, loss: 0.1984
2026-05-07 10:19:58,587 - mmdet - INFO - Saving checkpoint at 203 epochs
2026-05-07 10:20:34,506 - mmdet - INFO - Epoch [204][50/101]	lr: 1.000e-06, eta: 1:44:07, time: 0.676, data_time: 0.066, memory: 7277, loss_rpn_cls: 0.0082, loss_rpn_bbox: 0.0027, loss_cls: 0.1107, acc: 95.3782, loss_bbox: 0.0853, loss: 0.2069
2026-05-07 10:21:05,577 - mmdet - INFO - Epoch [204][100/101]	lr: 1.000e-06, eta: 1:43:35, time: 0.621, data_time: 0.013, memory: 7277, loss_rpn_cls: 0.0085, loss_rpn_bbox: 0.0026, loss_cls: 0.1009, acc: 95.7539, loss_bbox: 0.0780, loss: 0.1900
2026-05-07 10:21:06,357 - mmdet - INFO - Saving checkpoint at 204 epochs
2026-05-07 10:21:42,313 - mmdet - INFO - Epoch [205][50/101]	lr: 1.000e-06, eta: 1:43:03, time: 0.677, data_time: 0.066, memory: 7277, loss_rpn_cls: 0.0093, loss_rpn_bbox: 0.0033, loss_cls: 0.1191, acc: 94.9186, loss_bbox: 0.0929, loss: 0.2245
2026-05-07 10:22:13,333 - mmdet - INFO - Epoch [205][100/101]	lr: 1.000e-06, eta: 1:42:30, time: 0.620, data_time: 0.013, memory: 7277, loss_rpn_cls: 0.0064, loss_rpn_bbox: 0.0019, loss_cls: 0.0907, acc: 96.1429, loss_bbox: 0.0689, loss: 0.1679
2026-05-07 10:22:14,108 - mmdet - INFO - Saving checkpoint at 205 epochs
2026-05-07 10:22:49,998 - mmdet - INFO - Epoch [206][50/101]	lr: 1.000e-06, eta: 1:41:58, time: 0.676, data_time: 0.066, memory: 7277, loss_rpn_cls: 0.0078, loss_rpn_bbox: 0.0026, loss_cls: 0.1003, acc: 95.7464, loss_bbox: 0.0755, loss: 0.1862
2026-05-07 10:23:21,133 - mmdet - INFO - Epoch [206][100/101]	lr: 1.000e-06, eta: 1:41:26, time: 0.623, data_time: 0.013, memory: 7277, loss_rpn_cls: 0.0086, loss_rpn_bbox: 0.0029, loss_cls: 0.1110, acc: 95.2978, loss_bbox: 0.0871, loss: 0.2097
2026-05-07 10:23:21,906 - mmdet - INFO - Saving checkpoint at 206 epochs
2026-05-07 10:23:57,736 - mmdet - INFO - Epoch [207][50/101]	lr: 1.000e-06, eta: 1:40:53, time: 0.675, data_time: 0.066, memory: 7277, loss_rpn_cls: 0.0065, loss_rpn_bbox: 0.0024, loss_cls: 0.1015, acc: 95.6876, loss_bbox: 0.0760, loss: 0.1864
2026-05-07 10:24:28,847 - mmdet - INFO - Epoch [207][100/101]	lr: 1.000e-06, eta: 1:40:21, time: 0.622, data_time: 0.013, memory: 7277, loss_rpn_cls: 0.0092, loss_rpn_bbox: 0.0028, loss_cls: 0.1075, acc: 95.4632, loss_bbox: 0.0849, loss: 0.2043
2026-05-07 10:24:29,653 - mmdet - INFO - Saving checkpoint at 207 epochs
2026-05-07 10:25:05,472 - mmdet - INFO - Epoch [208][50/101]	lr: 1.000e-06, eta: 1:39:49, time: 0.674, data_time: 0.066, memory: 7277, loss_rpn_cls: 0.0071, loss_rpn_bbox: 0.0023, loss_cls: 0.0987, acc: 95.7939, loss_bbox: 0.0762, loss: 0.1843
2026-05-07 10:25:36,529 - mmdet - INFO - Epoch [208][100/101]	lr: 1.000e-06, eta: 1:39:16, time: 0.621, data_time: 0.013, memory: 7277, loss_rpn_cls: 0.0086, loss_rpn_bbox: 0.0031, loss_cls: 0.1127, acc: 95.1693, loss_bbox: 0.0843, loss: 0.2087
2026-05-07 10:25:37,312 - mmdet - INFO - Saving checkpoint at 208 epochs
2026-05-07 10:26:13,223 - mmdet - INFO - Epoch [209][50/101]	lr: 1.000e-06, eta: 1:38:44, time: 0.677, data_time: 0.066, memory: 7277, loss_rpn_cls: 0.0069, loss_rpn_bbox: 0.0025, loss_cls: 0.1041, acc: 95.5186, loss_bbox: 0.0811, loss: 0.1946
2026-05-07 10:26:44,313 - mmdet - INFO - Epoch [209][100/101]	lr: 1.000e-06, eta: 1:38:12, time: 0.622, data_time: 0.013, memory: 7277, loss_rpn_cls: 0.0093, loss_rpn_bbox: 0.0027, loss_cls: 0.1088, acc: 95.3462, loss_bbox: 0.0823, loss: 0.2031
2026-05-07 10:26:45,099 - mmdet - INFO - Saving checkpoint at 209 epochs
2026-05-07 10:27:21,058 - mmdet - INFO - Epoch [210][50/101]	lr: 1.000e-06, eta: 1:37:39, time: 0.677, data_time: 0.066, memory: 7277, loss_rpn_cls: 0.0081, loss_rpn_bbox: 0.0029, loss_cls: 0.1130, acc: 95.1807, loss_bbox: 0.0884, loss: 0.2124
2026-05-07 10:27:52,005 - mmdet - INFO - Epoch [210][100/101]	lr: 1.000e-06, eta: 1:37:07, time: 0.619, data_time: 0.013, memory: 7277, loss_rpn_cls: 0.0068, loss_rpn_bbox: 0.0023, loss_cls: 0.0995, acc: 95.7334, loss_bbox: 0.0757, loss: 0.1843
2026-05-07 10:27:52,795 - mmdet - INFO - Saving checkpoint at 210 epochs
2026-05-07 10:28:32,833 - mmdet - INFO - Evaluating bbox...
2026-05-07 10:28:36,854 - mmdet - INFO - 
 Average Precision  (AP) @[ IoU=0.50:0.95 | area=   all | maxDets=100 ] = 0.294
 Average Precision  (AP) @[ IoU=0.50      | area=   all | maxDets=1000 ] = 0.684
 Average Precision  (AP) @[ IoU=0.75      | area=   all | maxDets=1000 ] = 0.191
 Average Precision  (AP) @[ IoU=0.50:0.95 | area= small | maxDets=1000 ] = 0.018
 Average Precision  (AP) @[ IoU=0.50:0.95 | area=medium | maxDets=1000 ] = 0.226
 Average Precision  (AP) @[ IoU=0.50:0.95 | area= large | maxDets=1000 ] = 0.375
 Average Recall     (AR) @[ IoU=0.50:0.95 | area=   all | maxDets=100 ] = 0.454
 Average Recall     (AR) @[ IoU=0.50:0.95 | area=   all | maxDets=300 ] = 0.454
 Average Recall     (AR) @[ IoU=0.50:0.95 | area=   all | maxDets=1000 ] = 0.454
 Average Recall     (AR) @[ IoU=0.50:0.95 | area= small | maxDets=1000 ] = 0.038
 Average Recall     (AR) @[ IoU=0.50:0.95 | area=medium | maxDets=1000 ] = 0.399
 Average Recall     (AR) @[ IoU=0.50:0.95 | area= large | maxDets=1000 ] = 0.535

2026-05-07 10:28:36,861 - mmdet - INFO - Exp name: fold_1_swin_t_3x_hbb.py
2026-05-07 10:28:36,862 - mmdet - INFO - Epoch(val) [210][371]	bbox_mAP: 0.2940, bbox_mAP_50: 0.6840, bbox_mAP_75: 0.1910, bbox_mAP_s: 0.0180, bbox_mAP_m: 0.2260, bbox_mAP_l: 0.3750, bbox_mAP_copypaste: 0.294 0.684 0.191 0.018 0.226 0.375
2026-05-07 10:29:10,616 - mmdet - INFO - Epoch [211][50/101]	lr: 1.000e-06, eta: 1:36:35, time: 0.675, data_time: 0.066, memory: 7277, loss_rpn_cls: 0.0074, loss_rpn_bbox: 0.0024, loss_cls: 0.0956, acc: 95.8834, loss_bbox: 0.0725, loss: 0.1779
2026-05-07 10:29:41,697 - mmdet - INFO - Epoch [211][100/101]	lr: 1.000e-06, eta: 1:36:02, time: 0.622, data_time: 0.013, memory: 7277, loss_rpn_cls: 0.0086, loss_rpn_bbox: 0.0029, loss_cls: 0.1121, acc: 95.2382, loss_bbox: 0.0847, loss: 0.2083
2026-05-07 10:29:42,480 - mmdet - INFO - Saving checkpoint at 211 epochs
2026-05-07 10:30:18,423 - mmdet - INFO - Epoch [212][50/101]	lr: 1.000e-06, eta: 1:35:30, time: 0.677, data_time: 0.066, memory: 7277, loss_rpn_cls: 0.0094, loss_rpn_bbox: 0.0029, loss_cls: 0.1091, acc: 95.3824, loss_bbox: 0.0847, loss: 0.2061
2026-05-07 10:30:49,417 - mmdet - INFO - Epoch [212][100/101]	lr: 1.000e-06, eta: 1:34:57, time: 0.620, data_time: 0.013, memory: 7277, loss_rpn_cls: 0.0059, loss_rpn_bbox: 0.0023, loss_cls: 0.0962, acc: 95.9248, loss_bbox: 0.0746, loss: 0.1790
2026-05-07 10:30:50,210 - mmdet - INFO - Saving checkpoint at 212 epochs
2026-05-07 10:31:26,122 - mmdet - INFO - Epoch [213][50/101]	lr: 1.000e-06, eta: 1:34:25, time: 0.676, data_time: 0.067, memory: 7277, loss_rpn_cls: 0.0081, loss_rpn_bbox: 0.0028, loss_cls: 0.1032, acc: 95.6289, loss_bbox: 0.0814, loss: 0.1955
2026-05-07 10:31:57,236 - mmdet - INFO - Epoch [213][100/101]	lr: 1.000e-06, eta: 1:33:53, time: 0.622, data_time: 0.013, memory: 7277, loss_rpn_cls: 0.0080, loss_rpn_bbox: 0.0027, loss_cls: 0.1083, acc: 95.3418, loss_bbox: 0.0834, loss: 0.2023
2026-05-07 10:31:58,019 - mmdet - INFO - Saving checkpoint at 213 epochs
2026-05-07 10:32:33,794 - mmdet - INFO - Epoch [214][50/101]	lr: 1.000e-06, eta: 1:33:20, time: 0.673, data_time: 0.066, memory: 7277, loss_rpn_cls: 0.0068, loss_rpn_bbox: 0.0023, loss_cls: 0.0977, acc: 95.8577, loss_bbox: 0.0741, loss: 0.1810
2026-05-07 10:33:04,919 - mmdet - INFO - Epoch [214][100/101]	lr: 1.000e-06, eta: 1:32:48, time: 0.622, data_time: 0.013, memory: 7277, loss_rpn_cls: 0.0089, loss_rpn_bbox: 0.0029, loss_cls: 0.1132, acc: 95.1600, loss_bbox: 0.0897, loss: 0.2147
2026-05-07 10:33:05,712 - mmdet - INFO - Saving checkpoint at 214 epochs
2026-05-07 10:33:41,490 - mmdet - INFO - Epoch [215][50/101]	lr: 1.000e-06, eta: 1:32:16, time: 0.674, data_time: 0.066, memory: 7277, loss_rpn_cls: 0.0073, loss_rpn_bbox: 0.0023, loss_cls: 0.0998, acc: 95.7572, loss_bbox: 0.0759, loss: 0.1853
2026-05-07 10:34:12,594 - mmdet - INFO - Epoch [215][100/101]	lr: 1.000e-06, eta: 1:31:43, time: 0.622, data_time: 0.013, memory: 7277, loss_rpn_cls: 0.0096, loss_rpn_bbox: 0.0029, loss_cls: 0.1071, acc: 95.4354, loss_bbox: 0.0832, loss: 0.2027
2026-05-07 10:34:13,367 - mmdet - INFO - Saving checkpoint at 215 epochs
2026-05-07 10:34:49,241 - mmdet - INFO - Epoch [216][50/101]	lr: 1.000e-06, eta: 1:31:11, time: 0.675, data_time: 0.066, memory: 7277, loss_rpn_cls: 0.0070, loss_rpn_bbox: 0.0024, loss_cls: 0.1016, acc: 95.6687, loss_bbox: 0.0775, loss: 0.1885
2026-05-07 10:35:20,298 - mmdet - INFO - Epoch [216][100/101]	lr: 1.000e-06, eta: 1:30:39, time: 0.621, data_time: 0.013, memory: 7277, loss_rpn_cls: 0.0077, loss_rpn_bbox: 0.0027, loss_cls: 0.1081, acc: 95.4014, loss_bbox: 0.0824, loss: 0.2009
2026-05-07 10:35:21,075 - mmdet - INFO - Saving checkpoint at 216 epochs
2026-05-07 10:35:56,932 - mmdet - INFO - Epoch [217][50/101]	lr: 1.000e-06, eta: 1:30:06, time: 0.675, data_time: 0.066, memory: 7277, loss_rpn_cls: 0.0073, loss_rpn_bbox: 0.0025, loss_cls: 0.1041, acc: 95.5711, loss_bbox: 0.0816, loss: 0.1956
2026-05-07 10:36:28,037 - mmdet - INFO - Epoch [217][100/101]	lr: 1.000e-06, eta: 1:29:34, time: 0.622, data_time: 0.013, memory: 7277, loss_rpn_cls: 0.0082, loss_rpn_bbox: 0.0028, loss_cls: 0.1036, acc: 95.5762, loss_bbox: 0.0796, loss: 0.1942
2026-05-07 10:36:28,813 - mmdet - INFO - Saving checkpoint at 217 epochs
2026-05-07 10:37:04,770 - mmdet - INFO - Epoch [218][50/101]	lr: 1.000e-06, eta: 1:29:02, time: 0.678, data_time: 0.066, memory: 7277, loss_rpn_cls: 0.0068, loss_rpn_bbox: 0.0028, loss_cls: 0.1096, acc: 95.3504, loss_bbox: 0.0839, loss: 0.2030
2026-05-07 10:37:35,946 - mmdet - INFO - Epoch [218][100/101]	lr: 1.000e-06, eta: 1:28:29, time: 0.624, data_time: 0.013, memory: 7277, loss_rpn_cls: 0.0077, loss_rpn_bbox: 0.0026, loss_cls: 0.0995, acc: 95.8223, loss_bbox: 0.0773, loss: 0.1871
2026-05-07 10:37:36,722 - mmdet - INFO - Saving checkpoint at 218 epochs
2026-05-07 10:38:12,757 - mmdet - INFO - Epoch [219][50/101]	lr: 1.000e-06, eta: 1:27:57, time: 0.679, data_time: 0.066, memory: 7277, loss_rpn_cls: 0.0095, loss_rpn_bbox: 0.0030, loss_cls: 0.1122, acc: 95.1949, loss_bbox: 0.0860, loss: 0.2106
2026-05-07 10:38:43,905 - mmdet - INFO - Epoch [219][100/101]	lr: 1.000e-06, eta: 1:27:25, time: 0.623, data_time: 0.013, memory: 7277, loss_rpn_cls: 0.0070, loss_rpn_bbox: 0.0023, loss_cls: 0.0940, acc: 96.0706, loss_bbox: 0.0736, loss: 0.1769
2026-05-07 10:38:44,697 - mmdet - INFO - Saving checkpoint at 219 epochs
2026-05-07 10:39:20,587 - mmdet - INFO - Epoch [220][50/101]	lr: 1.000e-06, eta: 1:26:52, time: 0.676, data_time: 0.066, memory: 7277, loss_rpn_cls: 0.0065, loss_rpn_bbox: 0.0024, loss_cls: 0.0964, acc: 95.8809, loss_bbox: 0.0748, loss: 0.1801
2026-05-07 10:39:51,799 - mmdet - INFO - Epoch [220][100/101]	lr: 1.000e-06, eta: 1:26:20, time: 0.624, data_time: 0.013, memory: 7277, loss_rpn_cls: 0.0092, loss_rpn_bbox: 0.0029, loss_cls: 0.1124, acc: 95.1811, loss_bbox: 0.0857, loss: 0.2101
2026-05-07 10:39:52,580 - mmdet - INFO - Saving checkpoint at 220 epochs
2026-05-07 10:40:32,653 - mmdet - INFO - Evaluating bbox...
2026-05-07 10:40:36,615 - mmdet - INFO - 
 Average Precision  (AP) @[ IoU=0.50:0.95 | area=   all | maxDets=100 ] = 0.294
 Average Precision  (AP) @[ IoU=0.50      | area=   all | maxDets=1000 ] = 0.689
 Average Precision  (AP) @[ IoU=0.75      | area=   all | maxDets=1000 ] = 0.192
 Average Precision  (AP) @[ IoU=0.50:0.95 | area= small | maxDets=1000 ] = 0.010
 Average Precision  (AP) @[ IoU=0.50:0.95 | area=medium | maxDets=1000 ] = 0.228
 Average Precision  (AP) @[ IoU=0.50:0.95 | area= large | maxDets=1000 ] = 0.374
 Average Recall     (AR) @[ IoU=0.50:0.95 | area=   all | maxDets=100 ] = 0.454
 Average Recall     (AR) @[ IoU=0.50:0.95 | area=   all | maxDets=300 ] = 0.454
 Average Recall     (AR) @[ IoU=0.50:0.95 | area=   all | maxDets=1000 ] = 0.454
 Average Recall     (AR) @[ IoU=0.50:0.95 | area= small | maxDets=1000 ] = 0.031
 Average Recall     (AR) @[ IoU=0.50:0.95 | area=medium | maxDets=1000 ] = 0.400
 Average Recall     (AR) @[ IoU=0.50:0.95 | area= large | maxDets=1000 ] = 0.534

2026-05-07 10:40:36,623 - mmdet - INFO - Exp name: fold_1_swin_t_3x_hbb.py
2026-05-07 10:40:36,623 - mmdet - INFO - Epoch(val) [220][371]	bbox_mAP: 0.2940, bbox_mAP_50: 0.6890, bbox_mAP_75: 0.1920, bbox_mAP_s: 0.0100, bbox_mAP_m: 0.2280, bbox_mAP_l: 0.3740, bbox_mAP_copypaste: 0.294 0.689 0.192 0.010 0.228 0.374
2026-05-07 10:41:10,401 - mmdet - INFO - Epoch [221][50/101]	lr: 1.000e-06, eta: 1:25:48, time: 0.675, data_time: 0.066, memory: 7277, loss_rpn_cls: 0.0076, loss_rpn_bbox: 0.0023, loss_cls: 0.0986, acc: 95.8591, loss_bbox: 0.0731, loss: 0.1815
2026-05-07 10:41:41,623 - mmdet - INFO - Epoch [221][100/101]	lr: 1.000e-06, eta: 1:25:15, time: 0.624, data_time: 0.013, memory: 7277, loss_rpn_cls: 0.0084, loss_rpn_bbox: 0.0028, loss_cls: 0.1073, acc: 95.4385, loss_bbox: 0.0813, loss: 0.1999
2026-05-07 10:41:42,404 - mmdet - INFO - Saving checkpoint at 221 epochs
2026-05-07 10:42:18,369 - mmdet - INFO - Epoch [222][50/101]	lr: 1.000e-06, eta: 1:24:43, time: 0.677, data_time: 0.066, memory: 7277, loss_rpn_cls: 0.0081, loss_rpn_bbox: 0.0026, loss_cls: 0.1063, acc: 95.4816, loss_bbox: 0.0825, loss: 0.1995
2026-05-07 10:42:49,503 - mmdet - INFO - Epoch [222][100/101]	lr: 1.000e-06, eta: 1:24:11, time: 0.623, data_time: 0.013, memory: 7277, loss_rpn_cls: 0.0077, loss_rpn_bbox: 0.0026, loss_cls: 0.1039, acc: 95.5420, loss_bbox: 0.0798, loss: 0.1940
2026-05-07 10:42:50,282 - mmdet - INFO - Saving checkpoint at 222 epochs
2026-05-07 10:43:26,178 - mmdet - INFO - Epoch [223][50/101]	lr: 1.000e-06, eta: 1:23:38, time: 0.676, data_time: 0.066, memory: 7277, loss_rpn_cls: 0.0069, loss_rpn_bbox: 0.0021, loss_cls: 0.0980, acc: 95.8047, loss_bbox: 0.0747, loss: 0.1817
2026-05-07 10:43:57,547 - mmdet - INFO - Epoch [223][100/101]	lr: 1.000e-06, eta: 1:23:06, time: 0.627, data_time: 0.013, memory: 7277, loss_rpn_cls: 0.0095, loss_rpn_bbox: 0.0031, loss_cls: 0.1124, acc: 95.1985, loss_bbox: 0.0871, loss: 0.2121
2026-05-07 10:43:58,333 - mmdet - INFO - Saving checkpoint at 223 epochs
2026-05-07 10:44:34,277 - mmdet - INFO - Epoch [224][50/101]	lr: 1.000e-06, eta: 1:22:34, time: 0.677, data_time: 0.066, memory: 7277, loss_rpn_cls: 0.0087, loss_rpn_bbox: 0.0026, loss_cls: 0.1010, acc: 95.6778, loss_bbox: 0.0779, loss: 0.1903
2026-05-07 10:45:05,442 - mmdet - INFO - Epoch [224][100/101]	lr: 1.000e-06, eta: 1:22:01, time: 0.623, data_time: 0.013, memory: 7277, loss_rpn_cls: 0.0077, loss_rpn_bbox: 0.0027, loss_cls: 0.1096, acc: 95.3633, loss_bbox: 0.0822, loss: 0.2022
2026-05-07 10:45:06,227 - mmdet - INFO - Saving checkpoint at 224 epochs
2026-05-07 10:45:42,169 - mmdet - INFO - Epoch [225][50/101]	lr: 1.000e-06, eta: 1:21:29, time: 0.677, data_time: 0.066, memory: 7277, loss_rpn_cls: 0.0076, loss_rpn_bbox: 0.0026, loss_cls: 0.1070, acc: 95.4899, loss_bbox: 0.0819, loss: 0.1991
2026-05-07 10:46:13,421 - mmdet - INFO - Epoch [225][100/101]	lr: 1.000e-06, eta: 1:20:57, time: 0.625, data_time: 0.013, memory: 7277, loss_rpn_cls: 0.0090, loss_rpn_bbox: 0.0026, loss_cls: 0.1024, acc: 95.6237, loss_bbox: 0.0790, loss: 0.1929
2026-05-07 10:46:14,196 - mmdet - INFO - Saving checkpoint at 225 epochs
2026-05-07 10:46:50,189 - mmdet - INFO - Epoch [226][50/101]	lr: 1.000e-06, eta: 1:20:24, time: 0.677, data_time: 0.066, memory: 7277, loss_rpn_cls: 0.0070, loss_rpn_bbox: 0.0025, loss_cls: 0.0987, acc: 95.8476, loss_bbox: 0.0752, loss: 0.1835
2026-05-07 10:47:21,406 - mmdet - INFO - Epoch [226][100/101]	lr: 1.000e-06, eta: 1:19:52, time: 0.624, data_time: 0.013, memory: 7277, loss_rpn_cls: 0.0078, loss_rpn_bbox: 0.0027, loss_cls: 0.1088, acc: 95.3438, loss_bbox: 0.0857, loss: 0.2051
2026-05-07 10:47:22,193 - mmdet - INFO - Saving checkpoint at 226 epochs
2026-05-07 10:47:58,348 - mmdet - INFO - Epoch [227][50/101]	lr: 1.000e-06, eta: 1:19:20, time: 0.680, data_time: 0.066, memory: 7277, loss_rpn_cls: 0.0093, loss_rpn_bbox: 0.0030, loss_cls: 0.1102, acc: 95.3691, loss_bbox: 0.0835, loss: 0.2060
2026-05-07 10:48:29,563 - mmdet - INFO - Epoch [227][100/101]	lr: 1.000e-06, eta: 1:18:48, time: 0.624, data_time: 0.013, memory: 7277, loss_rpn_cls: 0.0072, loss_rpn_bbox: 0.0023, loss_cls: 0.0952, acc: 95.9365, loss_bbox: 0.0716, loss: 0.1762
2026-05-07 10:48:30,363 - mmdet - INFO - Saving checkpoint at 227 epochs
2026-05-07 10:49:06,347 - mmdet - INFO - Epoch [228][50/101]	lr: 1.000e-06, eta: 1:18:15, time: 0.678, data_time: 0.066, memory: 7277, loss_rpn_cls: 0.0059, loss_rpn_bbox: 0.0024, loss_cls: 0.0950, acc: 95.9722, loss_bbox: 0.0701, loss: 0.1733
2026-05-07 10:49:37,623 - mmdet - INFO - Epoch [228][100/101]	lr: 1.000e-06, eta: 1:17:43, time: 0.626, data_time: 0.013, memory: 7277, loss_rpn_cls: 0.0085, loss_rpn_bbox: 0.0029, loss_cls: 0.1099, acc: 95.3566, loss_bbox: 0.0838, loss: 0.2051
2026-05-07 10:49:38,405 - mmdet - INFO - Saving checkpoint at 228 epochs
2026-05-07 10:50:14,474 - mmdet - INFO - Epoch [229][50/101]	lr: 1.000e-06, eta: 1:17:11, time: 0.679, data_time: 0.066, memory: 7277, loss_rpn_cls: 0.0086, loss_rpn_bbox: 0.0029, loss_cls: 0.1098, acc: 95.3744, loss_bbox: 0.0840, loss: 0.2052
2026-05-07 10:50:45,606 - mmdet - INFO - Epoch [229][100/101]	lr: 1.000e-06, eta: 1:16:38, time: 0.623, data_time: 0.013, memory: 7277, loss_rpn_cls: 0.0068, loss_rpn_bbox: 0.0025, loss_cls: 0.0968, acc: 95.8906, loss_bbox: 0.0728, loss: 0.1788
2026-05-07 10:50:46,387 - mmdet - INFO - Saving checkpoint at 229 epochs
2026-05-07 10:51:22,435 - mmdet - INFO - Epoch [230][50/101]	lr: 1.000e-06, eta: 1:16:06, time: 0.679, data_time: 0.066, memory: 7277, loss_rpn_cls: 0.0081, loss_rpn_bbox: 0.0029, loss_cls: 0.1087, acc: 95.4234, loss_bbox: 0.0822, loss: 0.2020
2026-05-07 10:51:53,606 - mmdet - INFO - Epoch [230][100/101]	lr: 1.000e-06, eta: 1:15:34, time: 0.623, data_time: 0.013, memory: 7277, loss_rpn_cls: 0.0065, loss_rpn_bbox: 0.0022, loss_cls: 0.0942, acc: 95.9779, loss_bbox: 0.0720, loss: 0.1749
2026-05-07 10:51:54,386 - mmdet - INFO - Saving checkpoint at 230 epochs
2026-05-07 10:52:34,379 - mmdet - INFO - Evaluating bbox...
2026-05-07 10:52:38,416 - mmdet - INFO - 
 Average Precision  (AP) @[ IoU=0.50:0.95 | area=   all | maxDets=100 ] = 0.294
 Average Precision  (AP) @[ IoU=0.50      | area=   all | maxDets=1000 ] = 0.690
 Average Precision  (AP) @[ IoU=0.75      | area=   all | maxDets=1000 ] = 0.189
 Average Precision  (AP) @[ IoU=0.50:0.95 | area= small | maxDets=1000 ] = 0.012
 Average Precision  (AP) @[ IoU=0.50:0.95 | area=medium | maxDets=1000 ] = 0.227
 Average Precision  (AP) @[ IoU=0.50:0.95 | area= large | maxDets=1000 ] = 0.374
 Average Recall     (AR) @[ IoU=0.50:0.95 | area=   all | maxDets=100 ] = 0.453
 Average Recall     (AR) @[ IoU=0.50:0.95 | area=   all | maxDets=300 ] = 0.453
 Average Recall     (AR) @[ IoU=0.50:0.95 | area=   all | maxDets=1000 ] = 0.453
 Average Recall     (AR) @[ IoU=0.50:0.95 | area= small | maxDets=1000 ] = 0.031
 Average Recall     (AR) @[ IoU=0.50:0.95 | area=medium | maxDets=1000 ] = 0.400
 Average Recall     (AR) @[ IoU=0.50:0.95 | area= large | maxDets=1000 ] = 0.531

2026-05-07 10:52:38,424 - mmdet - INFO - Exp name: fold_1_swin_t_3x_hbb.py
2026-05-07 10:52:38,424 - mmdet - INFO - Epoch(val) [230][371]	bbox_mAP: 0.2940, bbox_mAP_50: 0.6900, bbox_mAP_75: 0.1890, bbox_mAP_s: 0.0120, bbox_mAP_m: 0.2270, bbox_mAP_l: 0.3740, bbox_mAP_copypaste: 0.294 0.690 0.189 0.012 0.227 0.374
2026-05-07 10:53:12,287 - mmdet - INFO - Epoch [231][50/101]	lr: 1.000e-06, eta: 1:15:01, time: 0.677, data_time: 0.066, memory: 7277, loss_rpn_cls: 0.0078, loss_rpn_bbox: 0.0027, loss_cls: 0.1065, acc: 95.4333, loss_bbox: 0.0809, loss: 0.1979
2026-05-07 10:53:43,442 - mmdet - INFO - Epoch [231][100/101]	lr: 1.000e-06, eta: 1:14:29, time: 0.623, data_time: 0.013, memory: 7277, loss_rpn_cls: 0.0081, loss_rpn_bbox: 0.0025, loss_cls: 0.0977, acc: 95.8506, loss_bbox: 0.0760, loss: 0.1842
2026-05-07 10:53:44,224 - mmdet - INFO - Saving checkpoint at 231 epochs
2026-05-07 10:54:20,185 - mmdet - INFO - Epoch [232][50/101]	lr: 1.000e-06, eta: 1:13:57, time: 0.677, data_time: 0.066, memory: 7277, loss_rpn_cls: 0.0071, loss_rpn_bbox: 0.0025, loss_cls: 0.1006, acc: 95.7891, loss_bbox: 0.0778, loss: 0.1880
2026-05-07 10:54:51,355 - mmdet - INFO - Epoch [232][100/101]	lr: 1.000e-06, eta: 1:13:24, time: 0.623, data_time: 0.013, memory: 7277, loss_rpn_cls: 0.0074, loss_rpn_bbox: 0.0026, loss_cls: 0.1042, acc: 95.6328, loss_bbox: 0.0794, loss: 0.1936
2026-05-07 10:54:52,140 - mmdet - INFO - Saving checkpoint at 232 epochs
2026-05-07 10:55:28,214 - mmdet - INFO - Epoch [233][50/101]	lr: 1.000e-06, eta: 1:12:52, time: 0.680, data_time: 0.066, memory: 7277, loss_rpn_cls: 0.0088, loss_rpn_bbox: 0.0027, loss_cls: 0.1049, acc: 95.5746, loss_bbox: 0.0831, loss: 0.1994
2026-05-07 10:55:59,384 - mmdet - INFO - Epoch [233][100/101]	lr: 1.000e-06, eta: 1:12:20, time: 0.623, data_time: 0.013, memory: 7277, loss_rpn_cls: 0.0078, loss_rpn_bbox: 0.0023, loss_cls: 0.1006, acc: 95.7842, loss_bbox: 0.0758, loss: 0.1865
2026-05-07 10:56:00,180 - mmdet - INFO - Saving checkpoint at 233 epochs
2026-05-07 10:56:36,214 - mmdet - INFO - Epoch [234][50/101]	lr: 1.000e-06, eta: 1:11:47, time: 0.679, data_time: 0.066, memory: 7277, loss_rpn_cls: 0.0081, loss_rpn_bbox: 0.0028, loss_cls: 0.1076, acc: 95.4167, loss_bbox: 0.0849, loss: 0.2033
2026-05-07 10:57:07,388 - mmdet - INFO - Epoch [234][100/101]	lr: 1.000e-06, eta: 1:11:15, time: 0.623, data_time: 0.013, memory: 7277, loss_rpn_cls: 0.0070, loss_rpn_bbox: 0.0024, loss_cls: 0.0969, acc: 95.9375, loss_bbox: 0.0723, loss: 0.1786
2026-05-07 10:57:08,169 - mmdet - INFO - Saving checkpoint at 234 epochs
2026-05-07 10:57:44,130 - mmdet - INFO - Epoch [235][50/101]	lr: 1.000e-06, eta: 1:10:43, time: 0.677, data_time: 0.066, memory: 7277, loss_rpn_cls: 0.0068, loss_rpn_bbox: 0.0026, loss_cls: 0.1011, acc: 95.6862, loss_bbox: 0.0764, loss: 0.1868
2026-05-07 10:58:15,363 - mmdet - INFO - Epoch [235][100/101]	lr: 1.000e-06, eta: 1:10:10, time: 0.625, data_time: 0.013, memory: 7277, loss_rpn_cls: 0.0088, loss_rpn_bbox: 0.0026, loss_cls: 0.1016, acc: 95.7227, loss_bbox: 0.0789, loss: 0.1919
2026-05-07 10:58:16,147 - mmdet - INFO - Saving checkpoint at 235 epochs
2026-05-07 10:58:52,047 - mmdet - INFO - Epoch [236][50/101]	lr: 1.000e-06, eta: 1:09:38, time: 0.676, data_time: 0.066, memory: 7277, loss_rpn_cls: 0.0082, loss_rpn_bbox: 0.0025, loss_cls: 0.0982, acc: 95.8672, loss_bbox: 0.0754, loss: 0.1842
2026-05-07 10:59:23,275 - mmdet - INFO - Epoch [236][100/101]	lr: 1.000e-06, eta: 1:09:06, time: 0.625, data_time: 0.013, memory: 7277, loss_rpn_cls: 0.0087, loss_rpn_bbox: 0.0026, loss_cls: 0.1028, acc: 95.5919, loss_bbox: 0.0778, loss: 0.1920
2026-05-07 10:59:24,060 - mmdet - INFO - Saving checkpoint at 236 epochs
2026-05-07 11:00:00,030 - mmdet - INFO - Epoch [237][50/101]	lr: 1.000e-06, eta: 1:08:33, time: 0.677, data_time: 0.067, memory: 7277, loss_rpn_cls: 0.0069, loss_rpn_bbox: 0.0024, loss_cls: 0.0948, acc: 95.9844, loss_bbox: 0.0723, loss: 0.1764
2026-05-07 11:00:31,245 - mmdet - INFO - Epoch [237][100/101]	lr: 1.000e-06, eta: 1:08:01, time: 0.624, data_time: 0.013, memory: 7277, loss_rpn_cls: 0.0075, loss_rpn_bbox: 0.0027, loss_cls: 0.1032, acc: 95.6047, loss_bbox: 0.0786, loss: 0.1921
2026-05-07 11:00:32,022 - mmdet - INFO - Saving checkpoint at 237 epochs
2026-05-07 11:01:08,079 - mmdet - INFO - Epoch [238][50/101]	lr: 1.000e-06, eta: 1:07:28, time: 0.679, data_time: 0.066, memory: 7277, loss_rpn_cls: 0.0081, loss_rpn_bbox: 0.0029, loss_cls: 0.1055, acc: 95.5116, loss_bbox: 0.0808, loss: 0.1973
2026-05-07 11:01:39,162 - mmdet - INFO - Epoch [238][100/101]	lr: 1.000e-06, eta: 1:06:56, time: 0.622, data_time: 0.013, memory: 7277, loss_rpn_cls: 0.0061, loss_rpn_bbox: 0.0023, loss_cls: 0.0994, acc: 95.7236, loss_bbox: 0.0768, loss: 0.1846
2026-05-07 11:01:39,987 - mmdet - INFO - Saving checkpoint at 238 epochs
2026-05-07 11:02:15,958 - mmdet - INFO - Epoch [239][50/101]	lr: 1.000e-06, eta: 1:06:24, time: 0.678, data_time: 0.066, memory: 7277, loss_rpn_cls: 0.0069, loss_rpn_bbox: 0.0023, loss_cls: 0.0955, acc: 96.0062, loss_bbox: 0.0763, loss: 0.1810
2026-05-07 11:02:47,204 - mmdet - INFO - Epoch [239][100/101]	lr: 1.000e-06, eta: 1:05:51, time: 0.625, data_time: 0.013, memory: 7277, loss_rpn_cls: 0.0083, loss_rpn_bbox: 0.0028, loss_cls: 0.1077, acc: 95.4639, loss_bbox: 0.0807, loss: 0.1994
2026-05-07 11:02:47,983 - mmdet - INFO - Saving checkpoint at 239 epochs
2026-05-07 11:03:24,033 - mmdet - INFO - Epoch [240][50/101]	lr: 1.000e-06, eta: 1:05:19, time: 0.679, data_time: 0.066, memory: 7277, loss_rpn_cls: 0.0091, loss_rpn_bbox: 0.0030, loss_cls: 0.1107, acc: 95.2490, loss_bbox: 0.0863, loss: 0.2091
2026-05-07 11:03:55,174 - mmdet - INFO - Epoch [240][100/101]	lr: 1.000e-06, eta: 1:04:47, time: 0.623, data_time: 0.013, memory: 7277, loss_rpn_cls: 0.0054, loss_rpn_bbox: 0.0021, loss_cls: 0.0895, acc: 96.1983, loss_bbox: 0.0684, loss: 0.1654
2026-05-07 11:03:55,950 - mmdet - INFO - Saving checkpoint at 240 epochs
2026-05-07 11:04:35,733 - mmdet - INFO - Evaluating bbox...
2026-05-07 11:04:39,724 - mmdet - INFO - 
 Average Precision  (AP) @[ IoU=0.50:0.95 | area=   all | maxDets=100 ] = 0.291
 Average Precision  (AP) @[ IoU=0.50      | area=   all | maxDets=1000 ] = 0.687
 Average Precision  (AP) @[ IoU=0.75      | area=   all | maxDets=1000 ] = 0.186
 Average Precision  (AP) @[ IoU=0.50:0.95 | area= small | maxDets=1000 ] = 0.014
 Average Precision  (AP) @[ IoU=0.50:0.95 | area=medium | maxDets=1000 ] = 0.225
 Average Precision  (AP) @[ IoU=0.50:0.95 | area= large | maxDets=1000 ] = 0.372
 Average Recall     (AR) @[ IoU=0.50:0.95 | area=   all | maxDets=100 ] = 0.453
 Average Recall     (AR) @[ IoU=0.50:0.95 | area=   all | maxDets=300 ] = 0.453
 Average Recall     (AR) @[ IoU=0.50:0.95 | area=   all | maxDets=1000 ] = 0.453
 Average Recall     (AR) @[ IoU=0.50:0.95 | area= small | maxDets=1000 ] = 0.034
 Average Recall     (AR) @[ IoU=0.50:0.95 | area=medium | maxDets=1000 ] = 0.399
 Average Recall     (AR) @[ IoU=0.50:0.95 | area= large | maxDets=1000 ] = 0.534

2026-05-07 11:04:39,731 - mmdet - INFO - Exp name: fold_1_swin_t_3x_hbb.py
2026-05-07 11:04:39,732 - mmdet - INFO - Epoch(val) [240][371]	bbox_mAP: 0.2910, bbox_mAP_50: 0.6870, bbox_mAP_75: 0.1860, bbox_mAP_s: 0.0140, bbox_mAP_m: 0.2250, bbox_mAP_l: 0.3720, bbox_mAP_copypaste: 0.291 0.687 0.186 0.014 0.225 0.372
2026-05-07 11:05:13,619 - mmdet - INFO - Epoch [241][50/101]	lr: 1.000e-06, eta: 1:04:14, time: 0.677, data_time: 0.067, memory: 7277, loss_rpn_cls: 0.0093, loss_rpn_bbox: 0.0029, loss_cls: 0.1098, acc: 95.2845, loss_bbox: 0.0826, loss: 0.2045
2026-05-07 11:05:44,741 - mmdet - INFO - Epoch [241][100/101]	lr: 1.000e-06, eta: 1:03:42, time: 0.622, data_time: 0.013, memory: 7277, loss_rpn_cls: 0.0064, loss_rpn_bbox: 0.0023, loss_cls: 0.0975, acc: 95.8693, loss_bbox: 0.0748, loss: 0.1811
2026-05-07 11:05:45,530 - mmdet - INFO - Saving checkpoint at 241 epochs
2026-05-07 11:06:21,477 - mmdet - INFO - Epoch [242][50/101]	lr: 1.000e-06, eta: 1:03:10, time: 0.677, data_time: 0.066, memory: 7277, loss_rpn_cls: 0.0073, loss_rpn_bbox: 0.0028, loss_cls: 0.1054, acc: 95.5196, loss_bbox: 0.0807, loss: 0.1962
2026-05-07 11:06:52,597 - mmdet - INFO - Epoch [242][100/101]	lr: 1.000e-06, eta: 1:02:37, time: 0.622, data_time: 0.013, memory: 7277, loss_rpn_cls: 0.0069, loss_rpn_bbox: 0.0023, loss_cls: 0.0955, acc: 95.9286, loss_bbox: 0.0718, loss: 0.1766
2026-05-07 11:06:53,377 - mmdet - INFO - Saving checkpoint at 242 epochs
2026-05-07 11:07:29,297 - mmdet - INFO - Epoch [243][50/101]	lr: 1.000e-06, eta: 1:02:05, time: 0.677, data_time: 0.066, memory: 7277, loss_rpn_cls: 0.0068, loss_rpn_bbox: 0.0024, loss_cls: 0.1009, acc: 95.7272, loss_bbox: 0.0763, loss: 0.1864
2026-05-07 11:08:00,437 - mmdet - INFO - Epoch [243][100/101]	lr: 1.000e-06, eta: 1:01:33, time: 0.623, data_time: 0.013, memory: 7277, loss_rpn_cls: 0.0067, loss_rpn_bbox: 0.0026, loss_cls: 0.1029, acc: 95.6258, loss_bbox: 0.0787, loss: 0.1908
2026-05-07 11:08:01,216 - mmdet - INFO - Saving checkpoint at 243 epochs
2026-05-07 11:08:37,177 - mmdet - INFO - Epoch [244][50/101]	lr: 1.000e-06, eta: 1:01:00, time: 0.677, data_time: 0.066, memory: 7277, loss_rpn_cls: 0.0078, loss_rpn_bbox: 0.0026, loss_cls: 0.0974, acc: 95.8781, loss_bbox: 0.0770, loss: 0.1848
2026-05-07 11:09:08,304 - mmdet - INFO - Epoch [244][100/101]	lr: 1.000e-06, eta: 1:00:28, time: 0.623, data_time: 0.013, memory: 7277, loss_rpn_cls: 0.0066, loss_rpn_bbox: 0.0025, loss_cls: 0.0991, acc: 95.7414, loss_bbox: 0.0749, loss: 0.1831
2026-05-07 11:09:09,108 - mmdet - INFO - Saving checkpoint at 244 epochs
2026-05-07 11:09:45,212 - mmdet - INFO - Epoch [245][50/101]	lr: 1.000e-06, eta: 0:59:55, time: 0.680, data_time: 0.066, memory: 7277, loss_rpn_cls: 0.0078, loss_rpn_bbox: 0.0025, loss_cls: 0.1029, acc: 95.6836, loss_bbox: 0.0774, loss: 0.1906
2026-05-07 11:10:16,303 - mmdet - INFO - Epoch [245][100/101]	lr: 1.000e-06, eta: 0:59:23, time: 0.622, data_time: 0.013, memory: 7277, loss_rpn_cls: 0.0078, loss_rpn_bbox: 0.0025, loss_cls: 0.1017, acc: 95.6550, loss_bbox: 0.0791, loss: 0.1911
2026-05-07 11:10:17,088 - mmdet - INFO - Saving checkpoint at 245 epochs
2026-05-07 11:10:53,018 - mmdet - INFO - Epoch [246][50/101]	lr: 1.000e-06, eta: 0:58:51, time: 0.677, data_time: 0.066, memory: 7277, loss_rpn_cls: 0.0079, loss_rpn_bbox: 0.0024, loss_cls: 0.1040, acc: 95.5297, loss_bbox: 0.0783, loss: 0.1927
2026-05-07 11:11:24,128 - mmdet - INFO - Epoch [246][100/101]	lr: 1.000e-06, eta: 0:58:18, time: 0.622, data_time: 0.013, memory: 7277, loss_rpn_cls: 0.0073, loss_rpn_bbox: 0.0025, loss_cls: 0.0961, acc: 95.8901, loss_bbox: 0.0746, loss: 0.1805
2026-05-07 11:11:24,914 - mmdet - INFO - Saving checkpoint at 246 epochs
2026-05-07 11:12:00,803 - mmdet - INFO - Epoch [247][50/101]	lr: 1.000e-06, eta: 0:57:46, time: 0.676, data_time: 0.066, memory: 7277, loss_rpn_cls: 0.0065, loss_rpn_bbox: 0.0027, loss_cls: 0.1002, acc: 95.7815, loss_bbox: 0.0769, loss: 0.1862
2026-05-07 11:12:31,938 - mmdet - INFO - Epoch [247][100/101]	lr: 1.000e-06, eta: 0:57:14, time: 0.623, data_time: 0.013, memory: 7277, loss_rpn_cls: 0.0075, loss_rpn_bbox: 0.0023, loss_cls: 0.1006, acc: 95.7000, loss_bbox: 0.0759, loss: 0.1863
2026-05-07 11:12:32,719 - mmdet - INFO - Saving checkpoint at 247 epochs
2026-05-07 11:13:08,644 - mmdet - INFO - Epoch [248][50/101]	lr: 1.000e-06, eta: 0:56:41, time: 0.677, data_time: 0.066, memory: 7277, loss_rpn_cls: 0.0071, loss_rpn_bbox: 0.0026, loss_cls: 0.1028, acc: 95.6757, loss_bbox: 0.0764, loss: 0.1889
2026-05-07 11:13:39,767 - mmdet - INFO - Epoch [248][100/101]	lr: 1.000e-06, eta: 0:56:09, time: 0.622, data_time: 0.013, memory: 7277, loss_rpn_cls: 0.0071, loss_rpn_bbox: 0.0025, loss_cls: 0.0941, acc: 96.1347, loss_bbox: 0.0708, loss: 0.1744
2026-05-07 11:13:40,550 - mmdet - INFO - Saving checkpoint at 248 epochs
2026-05-07 11:14:16,499 - mmdet - INFO - Epoch [249][50/101]	lr: 1.000e-06, eta: 0:55:36, time: 0.677, data_time: 0.066, memory: 7277, loss_rpn_cls: 0.0079, loss_rpn_bbox: 0.0025, loss_cls: 0.1015, acc: 95.6801, loss_bbox: 0.0773, loss: 0.1893
2026-05-07 11:14:47,609 - mmdet - INFO - Epoch [249][100/101]	lr: 1.000e-06, eta: 0:55:04, time: 0.622, data_time: 0.013, memory: 7277, loss_rpn_cls: 0.0058, loss_rpn_bbox: 0.0024, loss_cls: 0.0991, acc: 95.8057, loss_bbox: 0.0783, loss: 0.1856
2026-05-07 11:14:48,394 - mmdet - INFO - Saving checkpoint at 249 epochs
2026-05-07 11:15:24,325 - mmdet - INFO - Epoch [250][50/101]	lr: 1.000e-06, eta: 0:54:32, time: 0.677, data_time: 0.066, memory: 7277, loss_rpn_cls: 0.0084, loss_rpn_bbox: 0.0026, loss_cls: 0.1073, acc: 95.4708, loss_bbox: 0.0819, loss: 0.2003
2026-05-07 11:15:55,384 - mmdet - INFO - Epoch [250][100/101]	lr: 1.000e-06, eta: 0:53:59, time: 0.621, data_time: 0.013, memory: 7277, loss_rpn_cls: 0.0058, loss_rpn_bbox: 0.0025, loss_cls: 0.0928, acc: 96.0830, loss_bbox: 0.0717, loss: 0.1728
2026-05-07 11:15:56,166 - mmdet - INFO - Saving checkpoint at 250 epochs
2026-05-07 11:16:36,149 - mmdet - INFO - Evaluating bbox...
2026-05-07 11:16:40,057 - mmdet - INFO - 
 Average Precision  (AP) @[ IoU=0.50:0.95 | area=   all | maxDets=100 ] = 0.293
 Average Precision  (AP) @[ IoU=0.50      | area=   all | maxDets=1000 ] = 0.695
 Average Precision  (AP) @[ IoU=0.75      | area=   all | maxDets=1000 ] = 0.190
 Average Precision  (AP) @[ IoU=0.50:0.95 | area= small | maxDets=1000 ] = 0.012
 Average Precision  (AP) @[ IoU=0.50:0.95 | area=medium | maxDets=1000 ] = 0.229
 Average Precision  (AP) @[ IoU=0.50:0.95 | area= large | maxDets=1000 ] = 0.372
 Average Recall     (AR) @[ IoU=0.50:0.95 | area=   all | maxDets=100 ] = 0.456
 Average Recall     (AR) @[ IoU=0.50:0.95 | area=   all | maxDets=300 ] = 0.456
 Average Recall     (AR) @[ IoU=0.50:0.95 | area=   all | maxDets=1000 ] = 0.456
 Average Recall     (AR) @[ IoU=0.50:0.95 | area= small | maxDets=1000 ] = 0.038
 Average Recall     (AR) @[ IoU=0.50:0.95 | area=medium | maxDets=1000 ] = 0.402
 Average Recall     (AR) @[ IoU=0.50:0.95 | area= large | maxDets=1000 ] = 0.536

2026-05-07 11:16:40,064 - mmdet - INFO - Exp name: fold_1_swin_t_3x_hbb.py
2026-05-07 11:16:40,064 - mmdet - INFO - Epoch(val) [250][371]	bbox_mAP: 0.2930, bbox_mAP_50: 0.6950, bbox_mAP_75: 0.1900, bbox_mAP_s: 0.0120, bbox_mAP_m: 0.2290, bbox_mAP_l: 0.3720, bbox_mAP_copypaste: 0.293 0.695 0.190 0.012 0.229 0.372
2026-05-07 11:17:13,831 - mmdet - INFO - Epoch [251][50/101]	lr: 1.000e-06, eta: 0:53:27, time: 0.675, data_time: 0.066, memory: 7277, loss_rpn_cls: 0.0076, loss_rpn_bbox: 0.0026, loss_cls: 0.1057, acc: 95.4695, loss_bbox: 0.0812, loss: 0.1971
2026-05-07 11:17:44,951 - mmdet - INFO - Epoch [251][100/101]	lr: 1.000e-06, eta: 0:52:55, time: 0.622, data_time: 0.013, memory: 7277, loss_rpn_cls: 0.0066, loss_rpn_bbox: 0.0024, loss_cls: 0.0935, acc: 96.1042, loss_bbox: 0.0716, loss: 0.1741
2026-05-07 11:17:45,732 - mmdet - INFO - Saving checkpoint at 251 epochs
2026-05-07 11:18:21,611 - mmdet - INFO - Epoch [252][50/101]	lr: 1.000e-06, eta: 0:52:22, time: 0.675, data_time: 0.066, memory: 7277, loss_rpn_cls: 0.0066, loss_rpn_bbox: 0.0024, loss_cls: 0.0969, acc: 95.8817, loss_bbox: 0.0751, loss: 0.1810
2026-05-07 11:18:52,758 - mmdet - INFO - Epoch [252][100/101]	lr: 1.000e-06, eta: 0:51:50, time: 0.623, data_time: 0.013, memory: 7277, loss_rpn_cls: 0.0084, loss_rpn_bbox: 0.0028, loss_cls: 0.1046, acc: 95.5514, loss_bbox: 0.0771, loss: 0.1931
2026-05-07 11:18:53,526 - mmdet - INFO - Saving checkpoint at 252 epochs
2026-05-07 11:19:29,346 - mmdet - INFO - Epoch [253][50/101]	lr: 1.000e-06, eta: 0:51:17, time: 0.674, data_time: 0.066, memory: 7277, loss_rpn_cls: 0.0064, loss_rpn_bbox: 0.0023, loss_cls: 0.0956, acc: 95.9338, loss_bbox: 0.0704, loss: 0.1747
2026-05-07 11:20:00,470 - mmdet - INFO - Epoch [253][100/101]	lr: 1.000e-06, eta: 0:50:45, time: 0.622, data_time: 0.013, memory: 7277, loss_rpn_cls: 0.0088, loss_rpn_bbox: 0.0027, loss_cls: 0.1056, acc: 95.5681, loss_bbox: 0.0818, loss: 0.1988
2026-05-07 11:20:01,243 - mmdet - INFO - Saving checkpoint at 253 epochs
2026-05-07 11:20:37,045 - mmdet - INFO - Epoch [254][50/101]	lr: 1.000e-06, eta: 0:50:13, time: 0.674, data_time: 0.065, memory: 7277, loss_rpn_cls: 0.0064, loss_rpn_bbox: 0.0025, loss_cls: 0.0952, acc: 95.9642, loss_bbox: 0.0702, loss: 0.1742
2026-05-07 11:21:08,084 - mmdet - INFO - Epoch [254][100/101]	lr: 1.000e-06, eta: 0:49:40, time: 0.621, data_time: 0.013, memory: 7277, loss_rpn_cls: 0.0082, loss_rpn_bbox: 0.0024, loss_cls: 0.1032, acc: 95.6078, loss_bbox: 0.0765, loss: 0.1903
2026-05-07 11:21:08,872 - mmdet - INFO - Saving checkpoint at 254 epochs
2026-05-07 11:21:44,777 - mmdet - INFO - Epoch [255][50/101]	lr: 1.000e-06, eta: 0:49:08, time: 0.676, data_time: 0.066, memory: 7277, loss_rpn_cls: 0.0071, loss_rpn_bbox: 0.0025, loss_cls: 0.0971, acc: 95.8437, loss_bbox: 0.0721, loss: 0.1789
2026-05-07 11:22:15,899 - mmdet - INFO - Epoch [255][100/101]	lr: 1.000e-06, eta: 0:48:35, time: 0.622, data_time: 0.013, memory: 7277, loss_rpn_cls: 0.0069, loss_rpn_bbox: 0.0024, loss_cls: 0.1001, acc: 95.8108, loss_bbox: 0.0754, loss: 0.1849
2026-05-07 11:22:16,692 - mmdet - INFO - Saving checkpoint at 255 epochs
2026-05-07 11:22:52,603 - mmdet - INFO - Epoch [256][50/101]	lr: 1.000e-06, eta: 0:48:03, time: 0.676, data_time: 0.066, memory: 7277, loss_rpn_cls: 0.0063, loss_rpn_bbox: 0.0023, loss_cls: 0.0927, acc: 96.0570, loss_bbox: 0.0704, loss: 0.1717
2026-05-07 11:23:23,742 - mmdet - INFO - Epoch [256][100/101]	lr: 1.000e-06, eta: 0:47:31, time: 0.623, data_time: 0.013, memory: 7277, loss_rpn_cls: 0.0106, loss_rpn_bbox: 0.0026, loss_cls: 0.1036, acc: 95.6699, loss_bbox: 0.0777, loss: 0.1945
2026-05-07 11:23:24,530 - mmdet - INFO - Saving checkpoint at 256 epochs
2026-05-07 11:24:00,556 - mmdet - INFO - Epoch [257][50/101]	lr: 1.000e-06, eta: 0:46:58, time: 0.678, data_time: 0.066, memory: 7277, loss_rpn_cls: 0.0094, loss_rpn_bbox: 0.0029, loss_cls: 0.1094, acc: 95.3389, loss_bbox: 0.0830, loss: 0.2046
2026-05-07 11:24:31,539 - mmdet - INFO - Epoch [257][100/101]	lr: 1.000e-06, eta: 0:46:26, time: 0.620, data_time: 0.013, memory: 7277, loss_rpn_cls: 0.0063, loss_rpn_bbox: 0.0022, loss_cls: 0.0927, acc: 96.0566, loss_bbox: 0.0694, loss: 0.1706
2026-05-07 11:24:32,314 - mmdet - INFO - Saving checkpoint at 257 epochs
2026-05-07 11:25:08,155 - mmdet - INFO - Epoch [258][50/101]	lr: 1.000e-06, eta: 0:45:53, time: 0.675, data_time: 0.066, memory: 7277, loss_rpn_cls: 0.0072, loss_rpn_bbox: 0.0026, loss_cls: 0.1045, acc: 95.5064, loss_bbox: 0.0820, loss: 0.1963
2026-05-07 11:25:39,202 - mmdet - INFO - Epoch [258][100/101]	lr: 1.000e-06, eta: 0:45:21, time: 0.621, data_time: 0.013, memory: 7277, loss_rpn_cls: 0.0067, loss_rpn_bbox: 0.0025, loss_cls: 0.0954, acc: 95.9699, loss_bbox: 0.0708, loss: 0.1755
2026-05-07 11:25:39,998 - mmdet - INFO - Saving checkpoint at 258 epochs
2026-05-07 11:26:15,773 - mmdet - INFO - Epoch [259][50/101]	lr: 1.000e-06, eta: 0:44:49, time: 0.673, data_time: 0.066, memory: 7277, loss_rpn_cls: 0.0072, loss_rpn_bbox: 0.0024, loss_cls: 0.0939, acc: 96.0081, loss_bbox: 0.0709, loss: 0.1744
2026-05-07 11:26:46,819 - mmdet - INFO - Epoch [259][100/101]	lr: 1.000e-06, eta: 0:44:16, time: 0.621, data_time: 0.013, memory: 7277, loss_rpn_cls: 0.0075, loss_rpn_bbox: 0.0025, loss_cls: 0.1025, acc: 95.6431, loss_bbox: 0.0779, loss: 0.1904
2026-05-07 11:26:47,636 - mmdet - INFO - Saving checkpoint at 259 epochs
2026-05-07 11:27:23,509 - mmdet - INFO - Epoch [260][50/101]	lr: 1.000e-06, eta: 0:43:44, time: 0.675, data_time: 0.066, memory: 7277, loss_rpn_cls: 0.0073, loss_rpn_bbox: 0.0027, loss_cls: 0.1052, acc: 95.5392, loss_bbox: 0.0788, loss: 0.1940
2026-05-07 11:27:54,559 - mmdet - INFO - Epoch [260][100/101]	lr: 1.000e-06, eta: 0:43:12, time: 0.621, data_time: 0.013, memory: 7277, loss_rpn_cls: 0.0074, loss_rpn_bbox: 0.0021, loss_cls: 0.0918, acc: 96.1201, loss_bbox: 0.0686, loss: 0.1699
2026-05-07 11:27:55,345 - mmdet - INFO - Saving checkpoint at 260 epochs
2026-05-07 11:28:35,245 - mmdet - INFO - Evaluating bbox...
2026-05-07 11:28:39,264 - mmdet - INFO - 
 Average Precision  (AP) @[ IoU=0.50:0.95 | area=   all | maxDets=100 ] = 0.295
 Average Precision  (AP) @[ IoU=0.50      | area=   all | maxDets=1000 ] = 0.693
 Average Precision  (AP) @[ IoU=0.75      | area=   all | maxDets=1000 ] = 0.197
 Average Precision  (AP) @[ IoU=0.50:0.95 | area= small | maxDets=1000 ] = 0.015
 Average Precision  (AP) @[ IoU=0.50:0.95 | area=medium | maxDets=1000 ] = 0.228
 Average Precision  (AP) @[ IoU=0.50:0.95 | area= large | maxDets=1000 ] = 0.375
 Average Recall     (AR) @[ IoU=0.50:0.95 | area=   all | maxDets=100 ] = 0.454
 Average Recall     (AR) @[ IoU=0.50:0.95 | area=   all | maxDets=300 ] = 0.454
 Average Recall     (AR) @[ IoU=0.50:0.95 | area=   all | maxDets=1000 ] = 0.454
 Average Recall     (AR) @[ IoU=0.50:0.95 | area= small | maxDets=1000 ] = 0.048
 Average Recall     (AR) @[ IoU=0.50:0.95 | area=medium | maxDets=1000 ] = 0.398
 Average Recall     (AR) @[ IoU=0.50:0.95 | area= large | maxDets=1000 ] = 0.535

2026-05-07 11:28:39,272 - mmdet - INFO - Exp name: fold_1_swin_t_3x_hbb.py
2026-05-07 11:28:39,272 - mmdet - INFO - Epoch(val) [260][371]	bbox_mAP: 0.2950, bbox_mAP_50: 0.6930, bbox_mAP_75: 0.1970, bbox_mAP_s: 0.0150, bbox_mAP_m: 0.2280, bbox_mAP_l: 0.3750, bbox_mAP_copypaste: 0.295 0.693 0.197 0.015 0.228 0.375
2026-05-07 11:29:13,036 - mmdet - INFO - Epoch [261][50/101]	lr: 1.000e-06, eta: 0:42:39, time: 0.675, data_time: 0.066, memory: 7277, loss_rpn_cls: 0.0073, loss_rpn_bbox: 0.0025, loss_cls: 0.0966, acc: 95.9265, loss_bbox: 0.0738, loss: 0.1802
2026-05-07 11:29:44,121 - mmdet - INFO - Epoch [261][100/101]	lr: 1.000e-06, eta: 0:42:07, time: 0.622, data_time: 0.013, memory: 7277, loss_rpn_cls: 0.0070, loss_rpn_bbox: 0.0022, loss_cls: 0.0985, acc: 95.8360, loss_bbox: 0.0737, loss: 0.1813
2026-05-07 11:29:44,919 - mmdet - INFO - Saving checkpoint at 261 epochs
2026-05-07 11:30:20,789 - mmdet - INFO - Epoch [262][50/101]	lr: 1.000e-06, eta: 0:41:34, time: 0.675, data_time: 0.067, memory: 7277, loss_rpn_cls: 0.0067, loss_rpn_bbox: 0.0022, loss_cls: 0.0899, acc: 96.2617, loss_bbox: 0.0672, loss: 0.1659
2026-05-07 11:30:51,814 - mmdet - INFO - Epoch [262][100/101]	lr: 1.000e-06, eta: 0:41:02, time: 0.620, data_time: 0.013, memory: 7277, loss_rpn_cls: 0.0072, loss_rpn_bbox: 0.0025, loss_cls: 0.1031, acc: 95.6465, loss_bbox: 0.0786, loss: 0.1914
2026-05-07 11:30:52,621 - mmdet - INFO - Saving checkpoint at 262 epochs
2026-05-07 11:31:28,479 - mmdet - INFO - Epoch [263][50/101]	lr: 1.000e-06, eta: 0:40:29, time: 0.675, data_time: 0.066, memory: 7277, loss_rpn_cls: 0.0078, loss_rpn_bbox: 0.0029, loss_cls: 0.1071, acc: 95.3504, loss_bbox: 0.0804, loss: 0.1982
2026-05-07 11:31:59,499 - mmdet - INFO - Epoch [263][100/101]	lr: 1.000e-06, eta: 0:39:57, time: 0.620, data_time: 0.013, memory: 7277, loss_rpn_cls: 0.0060, loss_rpn_bbox: 0.0023, loss_cls: 0.0934, acc: 96.0454, loss_bbox: 0.0700, loss: 0.1717
2026-05-07 11:32:00,278 - mmdet - INFO - Saving checkpoint at 263 epochs
2026-05-07 11:32:36,133 - mmdet - INFO - Epoch [264][50/101]	lr: 1.000e-06, eta: 0:39:25, time: 0.675, data_time: 0.066, memory: 7277, loss_rpn_cls: 0.0067, loss_rpn_bbox: 0.0022, loss_cls: 0.0941, acc: 95.9285, loss_bbox: 0.0710, loss: 0.1740
2026-05-07 11:33:07,213 - mmdet - INFO - Epoch [264][100/101]	lr: 1.000e-06, eta: 0:38:52, time: 0.622, data_time: 0.013, memory: 7277, loss_rpn_cls: 0.0077, loss_rpn_bbox: 0.0027, loss_cls: 0.1040, acc: 95.5957, loss_bbox: 0.0786, loss: 0.1931
2026-05-07 11:33:08,007 - mmdet - INFO - Saving checkpoint at 264 epochs
2026-05-07 11:33:43,989 - mmdet - INFO - Epoch [265][50/101]	lr: 1.000e-06, eta: 0:38:20, time: 0.677, data_time: 0.066, memory: 7277, loss_rpn_cls: 0.0087, loss_rpn_bbox: 0.0028, loss_cls: 0.1041, acc: 95.5688, loss_bbox: 0.0802, loss: 0.1958
2026-05-07 11:34:15,047 - mmdet - INFO - Epoch [265][100/101]	lr: 1.000e-06, eta: 0:37:48, time: 0.621, data_time: 0.013, memory: 7277, loss_rpn_cls: 0.0076, loss_rpn_bbox: 0.0023, loss_cls: 0.0945, acc: 96.0653, loss_bbox: 0.0721, loss: 0.1765
2026-05-07 11:34:15,822 - mmdet - INFO - Saving checkpoint at 265 epochs
2026-05-07 11:34:51,750 - mmdet - INFO - Epoch [266][50/101]	lr: 1.000e-06, eta: 0:37:15, time: 0.677, data_time: 0.066, memory: 7277, loss_rpn_cls: 0.0068, loss_rpn_bbox: 0.0026, loss_cls: 0.0993, acc: 95.7577, loss_bbox: 0.0758, loss: 0.1844
2026-05-07 11:35:22,747 - mmdet - INFO - Epoch [266][100/101]	lr: 1.000e-06, eta: 0:36:43, time: 0.620, data_time: 0.013, memory: 7277, loss_rpn_cls: 0.0068, loss_rpn_bbox: 0.0023, loss_cls: 0.0965, acc: 95.9212, loss_bbox: 0.0722, loss: 0.1778
2026-05-07 11:35:23,521 - mmdet - INFO - Saving checkpoint at 266 epochs
2026-05-07 11:35:59,331 - mmdet - INFO - Epoch [267][50/101]	lr: 1.000e-06, eta: 0:36:10, time: 0.674, data_time: 0.066, memory: 7277, loss_rpn_cls: 0.0064, loss_rpn_bbox: 0.0021, loss_cls: 0.0896, acc: 96.1748, loss_bbox: 0.0661, loss: 0.1642
2026-05-07 11:36:30,368 - mmdet - INFO - Epoch [267][100/101]	lr: 1.000e-06, eta: 0:35:38, time: 0.621, data_time: 0.013, memory: 7277, loss_rpn_cls: 0.0083, loss_rpn_bbox: 0.0031, loss_cls: 0.1090, acc: 95.3311, loss_bbox: 0.0830, loss: 0.2033
2026-05-07 11:36:31,148 - mmdet - INFO - Saving checkpoint at 267 epochs
2026-05-07 11:37:07,008 - mmdet - INFO - Epoch [268][50/101]	lr: 1.000e-06, eta: 0:35:06, time: 0.676, data_time: 0.066, memory: 7277, loss_rpn_cls: 0.0073, loss_rpn_bbox: 0.0022, loss_cls: 0.0996, acc: 95.7633, loss_bbox: 0.0741, loss: 0.1832
2026-05-07 11:37:38,079 - mmdet - INFO - Epoch [268][100/101]	lr: 1.000e-06, eta: 0:34:33, time: 0.621, data_time: 0.013, memory: 7277, loss_rpn_cls: 0.0076, loss_rpn_bbox: 0.0026, loss_cls: 0.0946, acc: 95.9534, loss_bbox: 0.0723, loss: 0.1771
2026-05-07 11:37:38,865 - mmdet - INFO - Saving checkpoint at 268 epochs
2026-05-07 11:38:14,744 - mmdet - INFO - Epoch [269][50/101]	lr: 1.000e-06, eta: 0:34:01, time: 0.676, data_time: 0.066, memory: 7277, loss_rpn_cls: 0.0074, loss_rpn_bbox: 0.0024, loss_cls: 0.0957, acc: 95.9146, loss_bbox: 0.0716, loss: 0.1771
2026-05-07 11:38:45,886 - mmdet - INFO - Epoch [269][100/101]	lr: 1.000e-06, eta: 0:33:29, time: 0.623, data_time: 0.013, memory: 7277, loss_rpn_cls: 0.0078, loss_rpn_bbox: 0.0027, loss_cls: 0.1026, acc: 95.6826, loss_bbox: 0.0783, loss: 0.1912
2026-05-07 11:38:46,654 - mmdet - INFO - Saving checkpoint at 269 epochs
2026-05-07 11:39:22,492 - mmdet - INFO - Epoch [270][50/101]	lr: 1.000e-06, eta: 0:32:56, time: 0.675, data_time: 0.065, memory: 7277, loss_rpn_cls: 0.0072, loss_rpn_bbox: 0.0026, loss_cls: 0.1004, acc: 95.7377, loss_bbox: 0.0758, loss: 0.1860
2026-05-07 11:39:53,546 - mmdet - INFO - Epoch [270][100/101]	lr: 1.000e-06, eta: 0:32:24, time: 0.621, data_time: 0.013, memory: 7277, loss_rpn_cls: 0.0078, loss_rpn_bbox: 0.0024, loss_cls: 0.0977, acc: 95.7920, loss_bbox: 0.0728, loss: 0.1806
2026-05-07 11:39:54,333 - mmdet - INFO - Saving checkpoint at 270 epochs
2026-05-07 11:40:34,400 - mmdet - INFO - Evaluating bbox...
2026-05-07 11:40:38,435 - mmdet - INFO - 
 Average Precision  (AP) @[ IoU=0.50:0.95 | area=   all | maxDets=100 ] = 0.293
 Average Precision  (AP) @[ IoU=0.50      | area=   all | maxDets=1000 ] = 0.692
 Average Precision  (AP) @[ IoU=0.75      | area=   all | maxDets=1000 ] = 0.186
 Average Precision  (AP) @[ IoU=0.50:0.95 | area= small | maxDets=1000 ] = 0.018
 Average Precision  (AP) @[ IoU=0.50:0.95 | area=medium | maxDets=1000 ] = 0.228
 Average Precision  (AP) @[ IoU=0.50:0.95 | area= large | maxDets=1000 ] = 0.373
 Average Recall     (AR) @[ IoU=0.50:0.95 | area=   all | maxDets=100 ] = 0.455
 Average Recall     (AR) @[ IoU=0.50:0.95 | area=   all | maxDets=300 ] = 0.455
 Average Recall     (AR) @[ IoU=0.50:0.95 | area=   all | maxDets=1000 ] = 0.455
 Average Recall     (AR) @[ IoU=0.50:0.95 | area= small | maxDets=1000 ] = 0.052
 Average Recall     (AR) @[ IoU=0.50:0.95 | area=medium | maxDets=1000 ] = 0.401
 Average Recall     (AR) @[ IoU=0.50:0.95 | area= large | maxDets=1000 ] = 0.536

2026-05-07 11:40:38,443 - mmdet - INFO - Exp name: fold_1_swin_t_3x_hbb.py
2026-05-07 11:40:38,443 - mmdet - INFO - Epoch(val) [270][371]	bbox_mAP: 0.2930, bbox_mAP_50: 0.6920, bbox_mAP_75: 0.1860, bbox_mAP_s: 0.0180, bbox_mAP_m: 0.2280, bbox_mAP_l: 0.3730, bbox_mAP_copypaste: 0.293 0.692 0.186 0.018 0.228 0.373
2026-05-07 11:41:12,074 - mmdet - INFO - Epoch [271][50/101]	lr: 1.000e-06, eta: 0:31:51, time: 0.672, data_time: 0.066, memory: 7277, loss_rpn_cls: 0.0065, loss_rpn_bbox: 0.0023, loss_cls: 0.0958, acc: 95.9405, loss_bbox: 0.0727, loss: 0.1773
2026-05-07 11:41:43,173 - mmdet - INFO - Epoch [271][100/101]	lr: 1.000e-06, eta: 0:31:19, time: 0.622, data_time: 0.013, memory: 7277, loss_rpn_cls: 0.0067, loss_rpn_bbox: 0.0026, loss_cls: 0.1003, acc: 95.7527, loss_bbox: 0.0762, loss: 0.1858
2026-05-07 11:41:43,956 - mmdet - INFO - Saving checkpoint at 271 epochs
2026-05-07 11:42:19,787 - mmdet - INFO - Epoch [272][50/101]	lr: 1.000e-06, eta: 0:30:46, time: 0.674, data_time: 0.065, memory: 7277, loss_rpn_cls: 0.0063, loss_rpn_bbox: 0.0024, loss_cls: 0.0978, acc: 95.8535, loss_bbox: 0.0721, loss: 0.1786
2026-05-07 11:42:50,863 - mmdet - INFO - Epoch [272][100/101]	lr: 1.000e-06, eta: 0:30:14, time: 0.622, data_time: 0.013, memory: 7277, loss_rpn_cls: 0.0074, loss_rpn_bbox: 0.0024, loss_cls: 0.0964, acc: 95.8732, loss_bbox: 0.0731, loss: 0.1794
2026-05-07 11:42:51,638 - mmdet - INFO - Saving checkpoint at 272 epochs
2026-05-07 11:43:27,372 - mmdet - INFO - Epoch [273][50/101]	lr: 1.000e-06, eta: 0:29:42, time: 0.673, data_time: 0.066, memory: 7277, loss_rpn_cls: 0.0079, loss_rpn_bbox: 0.0025, loss_cls: 0.0983, acc: 95.7420, loss_bbox: 0.0742, loss: 0.1830
2026-05-07 11:43:58,375 - mmdet - INFO - Epoch [273][100/101]	lr: 1.000e-06, eta: 0:29:09, time: 0.620, data_time: 0.013, memory: 7277, loss_rpn_cls: 0.0064, loss_rpn_bbox: 0.0025, loss_cls: 0.1002, acc: 95.7824, loss_bbox: 0.0747, loss: 0.1837
2026-05-07 11:43:59,148 - mmdet - INFO - Saving checkpoint at 273 epochs
2026-05-07 11:44:34,961 - mmdet - INFO - Epoch [274][50/101]	lr: 1.000e-06, eta: 0:28:37, time: 0.674, data_time: 0.066, memory: 7277, loss_rpn_cls: 0.0073, loss_rpn_bbox: 0.0026, loss_cls: 0.0991, acc: 95.8213, loss_bbox: 0.0751, loss: 0.1841
2026-05-07 11:45:05,985 - mmdet - INFO - Epoch [274][100/101]	lr: 1.000e-06, eta: 0:28:05, time: 0.620, data_time: 0.013, memory: 7277, loss_rpn_cls: 0.0069, loss_rpn_bbox: 0.0023, loss_cls: 0.0958, acc: 95.8802, loss_bbox: 0.0711, loss: 0.1761
2026-05-07 11:45:06,774 - mmdet - INFO - Saving checkpoint at 274 epochs
2026-05-07 11:45:42,616 - mmdet - INFO - Epoch [275][50/101]	lr: 1.000e-06, eta: 0:27:32, time: 0.675, data_time: 0.066, memory: 7277, loss_rpn_cls: 0.0061, loss_rpn_bbox: 0.0023, loss_cls: 0.0923, acc: 96.1242, loss_bbox: 0.0704, loss: 0.1711
2026-05-07 11:46:13,744 - mmdet - INFO - Epoch [275][100/101]	lr: 1.000e-06, eta: 0:27:00, time: 0.623, data_time: 0.013, memory: 7277, loss_rpn_cls: 0.0074, loss_rpn_bbox: 0.0025, loss_cls: 0.1019, acc: 95.6791, loss_bbox: 0.0756, loss: 0.1874
2026-05-07 11:46:14,529 - mmdet - INFO - Saving checkpoint at 275 epochs
2026-05-07 11:46:50,346 - mmdet - INFO - Epoch [276][50/101]	lr: 1.000e-06, eta: 0:26:27, time: 0.674, data_time: 0.066, memory: 7277, loss_rpn_cls: 0.0072, loss_rpn_bbox: 0.0021, loss_cls: 0.0920, acc: 96.0622, loss_bbox: 0.0692, loss: 0.1705
2026-05-07 11:47:21,460 - mmdet - INFO - Epoch [276][100/101]	lr: 1.000e-06, eta: 0:25:55, time: 0.622, data_time: 0.013, memory: 7277, loss_rpn_cls: 0.0086, loss_rpn_bbox: 0.0029, loss_cls: 0.1064, acc: 95.4539, loss_bbox: 0.0797, loss: 0.1976
2026-05-07 11:47:22,249 - mmdet - INFO - Saving checkpoint at 276 epochs
2026-05-07 11:47:58,064 - mmdet - INFO - Epoch [277][50/101]	lr: 1.000e-06, eta: 0:25:22, time: 0.674, data_time: 0.066, memory: 7277, loss_rpn_cls: 0.0061, loss_rpn_bbox: 0.0021, loss_cls: 0.0885, acc: 96.2724, loss_bbox: 0.0654, loss: 0.1622
2026-05-07 11:48:29,140 - mmdet - INFO - Epoch [277][100/101]	lr: 1.000e-06, eta: 0:24:50, time: 0.622, data_time: 0.013, memory: 7277, loss_rpn_cls: 0.0074, loss_rpn_bbox: 0.0027, loss_cls: 0.0984, acc: 95.8637, loss_bbox: 0.0773, loss: 0.1858
2026-05-07 11:48:29,939 - mmdet - INFO - Saving checkpoint at 277 epochs
2026-05-07 11:49:05,739 - mmdet - INFO - Epoch [278][50/101]	lr: 1.000e-06, eta: 0:24:18, time: 0.674, data_time: 0.066, memory: 7277, loss_rpn_cls: 0.0064, loss_rpn_bbox: 0.0023, loss_cls: 0.0985, acc: 95.8525, loss_bbox: 0.0730, loss: 0.1802
2026-05-07 11:49:36,823 - mmdet - INFO - Epoch [278][100/101]	lr: 1.000e-06, eta: 0:23:45, time: 0.622, data_time: 0.013, memory: 7277, loss_rpn_cls: 0.0072, loss_rpn_bbox: 0.0025, loss_cls: 0.0942, acc: 96.0233, loss_bbox: 0.0722, loss: 0.1761
2026-05-07 11:49:37,647 - mmdet - INFO - Saving checkpoint at 278 epochs
2026-05-07 11:50:13,488 - mmdet - INFO - Epoch [279][50/101]	lr: 1.000e-06, eta: 0:23:13, time: 0.675, data_time: 0.066, memory: 7277, loss_rpn_cls: 0.0068, loss_rpn_bbox: 0.0023, loss_cls: 0.0935, acc: 96.0471, loss_bbox: 0.0732, loss: 0.1758
2026-05-07 11:50:44,493 - mmdet - INFO - Epoch [279][100/101]	lr: 1.000e-06, eta: 0:22:41, time: 0.620, data_time: 0.013, memory: 7277, loss_rpn_cls: 0.0065, loss_rpn_bbox: 0.0025, loss_cls: 0.1006, acc: 95.7334, loss_bbox: 0.0731, loss: 0.1827
2026-05-07 11:50:45,286 - mmdet - INFO - Saving checkpoint at 279 epochs
2026-05-07 11:51:21,336 - mmdet - INFO - Epoch [280][50/101]	lr: 1.000e-06, eta: 0:22:08, time: 0.679, data_time: 0.066, memory: 7277, loss_rpn_cls: 0.0081, loss_rpn_bbox: 0.0026, loss_cls: 0.1022, acc: 95.6616, loss_bbox: 0.0776, loss: 0.1905
2026-05-07 11:51:52,295 - mmdet - INFO - Epoch [280][100/101]	lr: 1.000e-06, eta: 0:21:36, time: 0.619, data_time: 0.013, memory: 7277, loss_rpn_cls: 0.0050, loss_rpn_bbox: 0.0022, loss_cls: 0.0893, acc: 96.2256, loss_bbox: 0.0674, loss: 0.1639
2026-05-07 11:51:53,076 - mmdet - INFO - Saving checkpoint at 280 epochs
2026-05-07 11:52:33,021 - mmdet - INFO - Evaluating bbox...
2026-05-07 11:52:36,991 - mmdet - INFO - 
 Average Precision  (AP) @[ IoU=0.50:0.95 | area=   all | maxDets=100 ] = 0.294
 Average Precision  (AP) @[ IoU=0.50      | area=   all | maxDets=1000 ] = 0.693
 Average Precision  (AP) @[ IoU=0.75      | area=   all | maxDets=1000 ] = 0.187
 Average Precision  (AP) @[ IoU=0.50:0.95 | area= small | maxDets=1000 ] = 0.012
 Average Precision  (AP) @[ IoU=0.50:0.95 | area=medium | maxDets=1000 ] = 0.230
 Average Precision  (AP) @[ IoU=0.50:0.95 | area= large | maxDets=1000 ] = 0.372
 Average Recall     (AR) @[ IoU=0.50:0.95 | area=   all | maxDets=100 ] = 0.454
 Average Recall     (AR) @[ IoU=0.50:0.95 | area=   all | maxDets=300 ] = 0.454
 Average Recall     (AR) @[ IoU=0.50:0.95 | area=   all | maxDets=1000 ] = 0.454
 Average Recall     (AR) @[ IoU=0.50:0.95 | area= small | maxDets=1000 ] = 0.048
 Average Recall     (AR) @[ IoU=0.50:0.95 | area=medium | maxDets=1000 ] = 0.398
 Average Recall     (AR) @[ IoU=0.50:0.95 | area= large | maxDets=1000 ] = 0.536

2026-05-07 11:52:36,998 - mmdet - INFO - Exp name: fold_1_swin_t_3x_hbb.py
2026-05-07 11:52:36,999 - mmdet - INFO - Epoch(val) [280][371]	bbox_mAP: 0.2940, bbox_mAP_50: 0.6930, bbox_mAP_75: 0.1870, bbox_mAP_s: 0.0120, bbox_mAP_m: 0.2300, bbox_mAP_l: 0.3720, bbox_mAP_copypaste: 0.294 0.693 0.187 0.012 0.230 0.372
2026-05-07 11:53:10,704 - mmdet - INFO - Epoch [281][50/101]	lr: 1.000e-06, eta: 0:21:03, time: 0.674, data_time: 0.066, memory: 7277, loss_rpn_cls: 0.0056, loss_rpn_bbox: 0.0024, loss_cls: 0.0921, acc: 96.0834, loss_bbox: 0.0700, loss: 0.1701
2026-05-07 11:53:41,734 - mmdet - INFO - Epoch [281][100/101]	lr: 1.000e-06, eta: 0:20:31, time: 0.621, data_time: 0.013, memory: 7277, loss_rpn_cls: 0.0071, loss_rpn_bbox: 0.0026, loss_cls: 0.0995, acc: 95.7627, loss_bbox: 0.0765, loss: 0.1857
2026-05-07 11:53:42,506 - mmdet - INFO - Saving checkpoint at 281 epochs
2026-05-07 11:54:18,351 - mmdet - INFO - Epoch [282][50/101]	lr: 1.000e-06, eta: 0:19:58, time: 0.675, data_time: 0.066, memory: 7277, loss_rpn_cls: 0.0071, loss_rpn_bbox: 0.0026, loss_cls: 0.0980, acc: 95.8116, loss_bbox: 0.0742, loss: 0.1819
2026-05-07 11:54:49,393 - mmdet - INFO - Epoch [282][100/101]	lr: 1.000e-06, eta: 0:19:26, time: 0.621, data_time: 0.013, memory: 7277, loss_rpn_cls: 0.0066, loss_rpn_bbox: 0.0022, loss_cls: 0.0946, acc: 95.9158, loss_bbox: 0.0698, loss: 0.1732
2026-05-07 11:54:50,181 - mmdet - INFO - Saving checkpoint at 282 epochs
2026-05-07 11:55:26,015 - mmdet - INFO - Epoch [283][50/101]	lr: 1.000e-06, eta: 0:18:54, time: 0.675, data_time: 0.066, memory: 7277, loss_rpn_cls: 0.0069, loss_rpn_bbox: 0.0025, loss_cls: 0.0995, acc: 95.7971, loss_bbox: 0.0751, loss: 0.1841
2026-05-07 11:55:56,958 - mmdet - INFO - Epoch [283][100/101]	lr: 1.000e-06, eta: 0:18:22, time: 0.619, data_time: 0.013, memory: 7277, loss_rpn_cls: 0.0076, loss_rpn_bbox: 0.0024, loss_cls: 0.0906, acc: 96.1468, loss_bbox: 0.0682, loss: 0.1688
2026-05-07 11:55:57,739 - mmdet - INFO - Saving checkpoint at 283 epochs
2026-05-07 11:56:33,508 - mmdet - INFO - Epoch [284][50/101]	lr: 1.000e-06, eta: 0:17:49, time: 0.674, data_time: 0.066, memory: 7277, loss_rpn_cls: 0.0082, loss_rpn_bbox: 0.0025, loss_cls: 0.1000, acc: 95.7585, loss_bbox: 0.0763, loss: 0.1870
2026-05-07 11:57:04,460 - mmdet - INFO - Epoch [284][100/101]	lr: 1.000e-06, eta: 0:17:17, time: 0.619, data_time: 0.013, memory: 7277, loss_rpn_cls: 0.0064, loss_rpn_bbox: 0.0023, loss_cls: 0.0945, acc: 96.0000, loss_bbox: 0.0711, loss: 0.1743
2026-05-07 11:57:05,239 - mmdet - INFO - Saving checkpoint at 284 epochs
2026-05-07 11:57:41,159 - mmdet - INFO - Epoch [285][50/101]	lr: 1.000e-06, eta: 0:16:44, time: 0.677, data_time: 0.066, memory: 7277, loss_rpn_cls: 0.0075, loss_rpn_bbox: 0.0026, loss_cls: 0.0996, acc: 95.7939, loss_bbox: 0.0754, loss: 0.1850
2026-05-07 11:58:12,202 - mmdet - INFO - Epoch [285][100/101]	lr: 1.000e-06, eta: 0:16:12, time: 0.621, data_time: 0.013, memory: 7277, loss_rpn_cls: 0.0069, loss_rpn_bbox: 0.0024, loss_cls: 0.0939, acc: 96.0563, loss_bbox: 0.0730, loss: 0.1762
2026-05-07 11:58:12,979 - mmdet - INFO - Saving checkpoint at 285 epochs
2026-05-07 11:58:48,867 - mmdet - INFO - Epoch [286][50/101]	lr: 1.000e-06, eta: 0:15:39, time: 0.676, data_time: 0.066, memory: 7277, loss_rpn_cls: 0.0080, loss_rpn_bbox: 0.0025, loss_cls: 0.0987, acc: 95.8086, loss_bbox: 0.0719, loss: 0.1812
2026-05-07 11:59:19,900 - mmdet - INFO - Epoch [286][100/101]	lr: 1.000e-06, eta: 0:15:07, time: 0.621, data_time: 0.013, memory: 7277, loss_rpn_cls: 0.0068, loss_rpn_bbox: 0.0022, loss_cls: 0.0896, acc: 96.2202, loss_bbox: 0.0695, loss: 0.1681
2026-05-07 11:59:20,684 - mmdet - INFO - Saving checkpoint at 286 epochs
2026-05-07 11:59:56,523 - mmdet - INFO - Epoch [287][50/101]	lr: 1.000e-06, eta: 0:14:34, time: 0.674, data_time: 0.066, memory: 7277, loss_rpn_cls: 0.0073, loss_rpn_bbox: 0.0022, loss_cls: 0.0847, acc: 96.4258, loss_bbox: 0.0640, loss: 0.1582
2026-05-07 12:00:27,608 - mmdet - INFO - Epoch [287][100/101]	lr: 1.000e-06, eta: 0:14:02, time: 0.622, data_time: 0.013, memory: 7277, loss_rpn_cls: 0.0062, loss_rpn_bbox: 0.0026, loss_cls: 0.1046, acc: 95.4782, loss_bbox: 0.0802, loss: 0.1936
2026-05-07 12:00:28,399 - mmdet - INFO - Saving checkpoint at 287 epochs
2026-05-07 12:01:04,190 - mmdet - INFO - Epoch [288][50/101]	lr: 1.000e-06, eta: 0:13:30, time: 0.674, data_time: 0.066, memory: 7277, loss_rpn_cls: 0.0066, loss_rpn_bbox: 0.0023, loss_cls: 0.0944, acc: 95.9631, loss_bbox: 0.0681, loss: 0.1715
2026-05-07 12:01:35,169 - mmdet - INFO - Epoch [288][100/101]	lr: 1.000e-06, eta: 0:12:58, time: 0.620, data_time: 0.013, memory: 7277, loss_rpn_cls: 0.0067, loss_rpn_bbox: 0.0025, loss_cls: 0.0949, acc: 95.9020, loss_bbox: 0.0724, loss: 0.1765
2026-05-07 12:01:35,950 - mmdet - INFO - Saving checkpoint at 288 epochs
2026-05-07 12:02:11,689 - mmdet - INFO - Epoch [289][50/101]	lr: 1.000e-06, eta: 0:12:25, time: 0.673, data_time: 0.066, memory: 7277, loss_rpn_cls: 0.0072, loss_rpn_bbox: 0.0024, loss_cls: 0.0953, acc: 95.9803, loss_bbox: 0.0709, loss: 0.1757
2026-05-07 12:02:42,733 - mmdet - INFO - Epoch [289][100/101]	lr: 1.000e-06, eta: 0:11:53, time: 0.621, data_time: 0.013, memory: 7277, loss_rpn_cls: 0.0071, loss_rpn_bbox: 0.0026, loss_cls: 0.0989, acc: 95.7950, loss_bbox: 0.0738, loss: 0.1824
2026-05-07 12:02:43,505 - mmdet - INFO - Saving checkpoint at 289 epochs
2026-05-07 12:03:19,403 - mmdet - INFO - Epoch [290][50/101]	lr: 1.000e-06, eta: 0:11:20, time: 0.676, data_time: 0.067, memory: 7277, loss_rpn_cls: 0.0076, loss_rpn_bbox: 0.0026, loss_cls: 0.1034, acc: 95.6465, loss_bbox: 0.0780, loss: 0.1916
2026-05-07 12:03:50,470 - mmdet - INFO - Epoch [290][100/101]	lr: 1.000e-06, eta: 0:10:48, time: 0.621, data_time: 0.013, memory: 7277, loss_rpn_cls: 0.0069, loss_rpn_bbox: 0.0022, loss_cls: 0.0870, acc: 96.3355, loss_bbox: 0.0647, loss: 0.1608
2026-05-07 12:03:51,249 - mmdet - INFO - Saving checkpoint at 290 epochs
2026-05-07 12:04:31,181 - mmdet - INFO - Evaluating bbox...
2026-05-07 12:04:35,115 - mmdet - INFO - 
 Average Precision  (AP) @[ IoU=0.50:0.95 | area=   all | maxDets=100 ] = 0.293
 Average Precision  (AP) @[ IoU=0.50      | area=   all | maxDets=1000 ] = 0.692
 Average Precision  (AP) @[ IoU=0.75      | area=   all | maxDets=1000 ] = 0.188
 Average Precision  (AP) @[ IoU=0.50:0.95 | area= small | maxDets=1000 ] = 0.012
 Average Precision  (AP) @[ IoU=0.50:0.95 | area=medium | maxDets=1000 ] = 0.229
 Average Precision  (AP) @[ IoU=0.50:0.95 | area= large | maxDets=1000 ] = 0.371
 Average Recall     (AR) @[ IoU=0.50:0.95 | area=   all | maxDets=100 ] = 0.453
 Average Recall     (AR) @[ IoU=0.50:0.95 | area=   all | maxDets=300 ] = 0.453
 Average Recall     (AR) @[ IoU=0.50:0.95 | area=   all | maxDets=1000 ] = 0.453
 Average Recall     (AR) @[ IoU=0.50:0.95 | area= small | maxDets=1000 ] = 0.045
 Average Recall     (AR) @[ IoU=0.50:0.95 | area=medium | maxDets=1000 ] = 0.400
 Average Recall     (AR) @[ IoU=0.50:0.95 | area= large | maxDets=1000 ] = 0.533

2026-05-07 12:04:35,123 - mmdet - INFO - Exp name: fold_1_swin_t_3x_hbb.py
2026-05-07 12:04:35,123 - mmdet - INFO - Epoch(val) [290][371]	bbox_mAP: 0.2930, bbox_mAP_50: 0.6920, bbox_mAP_75: 0.1880, bbox_mAP_s: 0.0120, bbox_mAP_m: 0.2290, bbox_mAP_l: 0.3710, bbox_mAP_copypaste: 0.293 0.692 0.188 0.012 0.229 0.371
2026-05-07 12:05:08,771 - mmdet - INFO - Epoch [291][50/101]	lr: 1.000e-06, eta: 0:10:15, time: 0.673, data_time: 0.067, memory: 7277, loss_rpn_cls: 0.0065, loss_rpn_bbox: 0.0020, loss_cls: 0.0872, acc: 96.2588, loss_bbox: 0.0643, loss: 0.1600
2026-05-07 12:05:39,883 - mmdet - INFO - Epoch [291][100/101]	lr: 1.000e-06, eta: 0:09:43, time: 0.622, data_time: 0.013, memory: 7277, loss_rpn_cls: 0.0091, loss_rpn_bbox: 0.0030, loss_cls: 0.1082, acc: 95.3446, loss_bbox: 0.0831, loss: 0.2034
2026-05-07 12:05:40,661 - mmdet - INFO - Saving checkpoint at 291 epochs
2026-05-07 12:06:16,529 - mmdet - INFO - Epoch [292][50/101]	lr: 1.000e-06, eta: 0:09:11, time: 0.676, data_time: 0.066, memory: 7277, loss_rpn_cls: 0.0072, loss_rpn_bbox: 0.0023, loss_cls: 0.0951, acc: 95.9379, loss_bbox: 0.0719, loss: 0.1765
2026-05-07 12:06:47,573 - mmdet - INFO - Epoch [292][100/101]	lr: 1.000e-06, eta: 0:08:38, time: 0.621, data_time: 0.013, memory: 7277, loss_rpn_cls: 0.0073, loss_rpn_bbox: 0.0025, loss_cls: 0.0952, acc: 95.9814, loss_bbox: 0.0703, loss: 0.1753
2026-05-07 12:06:48,364 - mmdet - INFO - Saving checkpoint at 292 epochs
2026-05-07 12:07:24,145 - mmdet - INFO - Epoch [293][50/101]	lr: 1.000e-06, eta: 0:08:06, time: 0.674, data_time: 0.066, memory: 7277, loss_rpn_cls: 0.0061, loss_rpn_bbox: 0.0023, loss_cls: 0.0922, acc: 96.0680, loss_bbox: 0.0663, loss: 0.1670
2026-05-07 12:07:55,168 - mmdet - INFO - Epoch [293][100/101]	lr: 1.000e-06, eta: 0:07:34, time: 0.620, data_time: 0.013, memory: 7277, loss_rpn_cls: 0.0066, loss_rpn_bbox: 0.0023, loss_cls: 0.0950, acc: 96.0019, loss_bbox: 0.0720, loss: 0.1759
2026-05-07 12:07:55,955 - mmdet - INFO - Saving checkpoint at 293 epochs
2026-05-07 12:08:31,773 - mmdet - INFO - Epoch [294][50/101]	lr: 1.000e-06, eta: 0:07:01, time: 0.674, data_time: 0.066, memory: 7277, loss_rpn_cls: 0.0073, loss_rpn_bbox: 0.0026, loss_cls: 0.1020, acc: 95.6695, loss_bbox: 0.0774, loss: 0.1893
2026-05-07 12:09:02,755 - mmdet - INFO - Epoch [294][100/101]	lr: 1.000e-06, eta: 0:06:29, time: 0.620, data_time: 0.013, memory: 7277, loss_rpn_cls: 0.0062, loss_rpn_bbox: 0.0023, loss_cls: 0.0880, acc: 96.2960, loss_bbox: 0.0653, loss: 0.1618
2026-05-07 12:09:03,532 - mmdet - INFO - Saving checkpoint at 294 epochs
2026-05-07 12:09:39,532 - mmdet - INFO - Epoch [295][50/101]	lr: 1.000e-06, eta: 0:05:56, time: 0.678, data_time: 0.067, memory: 7277, loss_rpn_cls: 0.0078, loss_rpn_bbox: 0.0029, loss_cls: 0.1023, acc: 95.6924, loss_bbox: 0.0774, loss: 0.1904
2026-05-07 12:10:10,476 - mmdet - INFO - Epoch [295][100/101]	lr: 1.000e-06, eta: 0:05:24, time: 0.619, data_time: 0.013, memory: 7277, loss_rpn_cls: 0.0044, loss_rpn_bbox: 0.0019, loss_cls: 0.0865, acc: 96.3379, loss_bbox: 0.0649, loss: 0.1577
2026-05-07 12:10:11,260 - mmdet - INFO - Saving checkpoint at 295 epochs
2026-05-07 12:10:47,077 - mmdet - INFO - Epoch [296][50/101]	lr: 1.000e-06, eta: 0:04:51, time: 0.674, data_time: 0.066, memory: 7277, loss_rpn_cls: 0.0076, loss_rpn_bbox: 0.0023, loss_cls: 0.0926, acc: 96.0821, loss_bbox: 0.0695, loss: 0.1719
2026-05-07 12:11:18,148 - mmdet - INFO - Epoch [296][100/101]	lr: 1.000e-06, eta: 0:04:19, time: 0.621, data_time: 0.013, memory: 7277, loss_rpn_cls: 0.0071, loss_rpn_bbox: 0.0026, loss_cls: 0.0984, acc: 95.8163, loss_bbox: 0.0743, loss: 0.1825
2026-05-07 12:11:18,930 - mmdet - INFO - Saving checkpoint at 296 epochs
2026-05-07 12:11:54,780 - mmdet - INFO - Epoch [297][50/101]	lr: 1.000e-06, eta: 0:03:47, time: 0.675, data_time: 0.066, memory: 7277, loss_rpn_cls: 0.0079, loss_rpn_bbox: 0.0024, loss_cls: 0.0954, acc: 95.9505, loss_bbox: 0.0703, loss: 0.1760
2026-05-07 12:12:25,828 - mmdet - INFO - Epoch [297][100/101]	lr: 1.000e-06, eta: 0:03:15, time: 0.621, data_time: 0.013, memory: 7277, loss_rpn_cls: 0.0067, loss_rpn_bbox: 0.0024, loss_cls: 0.0939, acc: 95.9873, loss_bbox: 0.0691, loss: 0.1722
2026-05-07 12:12:26,608 - mmdet - INFO - Saving checkpoint at 297 epochs
2026-05-07 12:13:02,389 - mmdet - INFO - Epoch [298][50/101]	lr: 1.000e-06, eta: 0:02:42, time: 0.674, data_time: 0.066, memory: 7277, loss_rpn_cls: 0.0065, loss_rpn_bbox: 0.0025, loss_cls: 0.0925, acc: 96.0788, loss_bbox: 0.0701, loss: 0.1716
2026-05-07 12:13:33,349 - mmdet - INFO - Epoch [298][100/101]	lr: 1.000e-06, eta: 0:02:10, time: 0.619, data_time: 0.013, memory: 7277, loss_rpn_cls: 0.0061, loss_rpn_bbox: 0.0024, loss_cls: 0.0966, acc: 95.9180, loss_bbox: 0.0733, loss: 0.1785
2026-05-07 12:13:34,128 - mmdet - INFO - Saving checkpoint at 298 epochs
2026-05-07 12:14:09,926 - mmdet - INFO - Epoch [299][50/101]	lr: 1.000e-06, eta: 0:01:37, time: 0.674, data_time: 0.066, memory: 7277, loss_rpn_cls: 0.0058, loss_rpn_bbox: 0.0023, loss_cls: 0.0870, acc: 96.3066, loss_bbox: 0.0649, loss: 0.1601
2026-05-07 12:14:41,039 - mmdet - INFO - Epoch [299][100/101]	lr: 1.000e-06, eta: 0:01:05, time: 0.622, data_time: 0.013, memory: 7277, loss_rpn_cls: 0.0077, loss_rpn_bbox: 0.0025, loss_cls: 0.1007, acc: 95.7374, loss_bbox: 0.0748, loss: 0.1858
2026-05-07 12:14:41,816 - mmdet - INFO - Saving checkpoint at 299 epochs
2026-05-07 12:15:17,692 - mmdet - INFO - Epoch [300][50/101]	lr: 1.000e-06, eta: 0:00:32, time: 0.675, data_time: 0.066, memory: 7277, loss_rpn_cls: 0.0053, loss_rpn_bbox: 0.0022, loss_cls: 0.0881, acc: 96.2237, loss_bbox: 0.0683, loss: 0.1639
2026-05-07 12:15:48,805 - mmdet - INFO - Epoch [300][100/101]	lr: 1.000e-06, eta: 0:00:00, time: 0.622, data_time: 0.013, memory: 7277, loss_rpn_cls: 0.0077, loss_rpn_bbox: 0.0025, loss_cls: 0.0990, acc: 95.8112, loss_bbox: 0.0722, loss: 0.1815
2026-05-07 12:15:49,599 - mmdet - INFO - Saving checkpoint at 300 epochs
2026-05-07 12:16:29,286 - mmdet - INFO - Evaluating bbox...
2026-05-07 12:16:33,181 - mmdet - INFO - 
 Average Precision  (AP) @[ IoU=0.50:0.95 | area=   all | maxDets=100 ] = 0.290
 Average Precision  (AP) @[ IoU=0.50      | area=   all | maxDets=1000 ] = 0.689
 Average Precision  (AP) @[ IoU=0.75      | area=   all | maxDets=1000 ] = 0.187
 Average Precision  (AP) @[ IoU=0.50:0.95 | area= small | maxDets=1000 ] = 0.012
 Average Precision  (AP) @[ IoU=0.50:0.95 | area=medium | maxDets=1000 ] = 0.227
 Average Precision  (AP) @[ IoU=0.50:0.95 | area= large | maxDets=1000 ] = 0.368
 Average Recall     (AR) @[ IoU=0.50:0.95 | area=   all | maxDets=100 ] = 0.452
 Average Recall     (AR) @[ IoU=0.50:0.95 | area=   all | maxDets=300 ] = 0.452
 Average Recall     (AR) @[ IoU=0.50:0.95 | area=   all | maxDets=1000 ] = 0.452
 Average Recall     (AR) @[ IoU=0.50:0.95 | area= small | maxDets=1000 ] = 0.041
 Average Recall     (AR) @[ IoU=0.50:0.95 | area=medium | maxDets=1000 ] = 0.400
 Average Recall     (AR) @[ IoU=0.50:0.95 | area= large | maxDets=1000 ] = 0.530

2026-05-07 12:16:33,188 - mmdet - INFO - Exp name: fold_1_swin_t_3x_hbb.py
2026-05-07 12:16:33,189 - mmdet - INFO - Epoch(val) [300][371]	bbox_mAP: 0.2900, bbox_mAP_50: 0.6890, bbox_mAP_75: 0.1870, bbox_mAP_s: 0.0120, bbox_mAP_m: 0.2270, bbox_mAP_l: 0.3680, bbox_mAP_copypaste: 0.290 0.689 0.187 0.012 0.227 0.368
