2026-05-11 06:50:10,593 - mmdet - INFO - Environment info:
------------------------------------------------------------
sys.platform: linux
Python: 3.7.16 (default, Jan 17 2023, 22:20:44) [GCC 11.2.0]
CUDA available: True
GPU 0: NVIDIA GeForce RTX 2080 Ti
CUDA_HOME: /usr
NVCC: Build cuda_11.5.r11.5/compiler.30672275_0
GCC: gcc (Ubuntu 11.4.0-1ubuntu1~22.04.3) 11.4.0
PyTorch: 1.7.1+cu110
PyTorch compiling details: PyTorch built with:
  - GCC 7.3
  - C++ Version: 201402
  - Intel(R) Math Kernel Library Version 2020.0.0 Product Build 20191122 for Intel(R) 64 architecture applications
  - Intel(R) MKL-DNN v1.6.0 (Git Hash 5ef631a030a6f73131c77892041042805a06064f)
  - OpenMP 201511 (a.k.a. OpenMP 4.5)
  - NNPACK is enabled
  - CPU capability usage: AVX2
  - CUDA Runtime 11.0
  - NVCC architecture flags: -gencode;arch=compute_37,code=sm_37;-gencode;arch=compute_50,code=sm_50;-gencode;arch=compute_60,code=sm_60;-gencode;arch=compute_70,code=sm_70;-gencode;arch=compute_75,code=sm_75;-gencode;arch=compute_80,code=sm_80
  - CuDNN 8.0.5
  - Magma 2.5.2
  - Build settings: BLAS=MKL, BUILD_TYPE=Release, CXX_FLAGS= -Wno-deprecated -fvisibility-inlines-hidden -DUSE_PTHREADPOOL -fopenmp -DNDEBUG -DUSE_FBGEMM -DUSE_QNNPACK -DUSE_PYTORCH_QNNPACK -DUSE_XNNPACK -DUSE_VULKAN_WRAPPER -O2 -fPIC -Wno-narrowing -Wall -Wextra -Werror=return-type -Wno-missing-field-initializers -Wno-type-limits -Wno-array-bounds -Wno-unknown-pragmas -Wno-sign-compare -Wno-unused-parameter -Wno-unused-variable -Wno-unused-function -Wno-unused-result -Wno-unused-local-typedefs -Wno-strict-overflow -Wno-strict-aliasing -Wno-error=deprecated-declarations -Wno-stringop-overflow -Wno-psabi -Wno-error=pedantic -Wno-error=redundant-decls -Wno-error=old-style-cast -fdiagnostics-color=always -faligned-new -Wno-unused-but-set-variable -Wno-maybe-uninitialized -fno-math-errno -fno-trapping-math -Werror=format -Wno-stringop-overflow, PERF_WITH_AVX=1, PERF_WITH_AVX2=1, PERF_WITH_AVX512=1, USE_CUDA=ON, USE_EXCEPTION_PTR=1, USE_GFLAGS=OFF, USE_GLOG=OFF, USE_MKL=ON, USE_MKLDNN=ON, USE_MPI=OFF, USE_NCCL=ON, USE_NNPACK=ON, USE_OPENMP=ON, 

TorchVision: 0.8.2+cu110
OpenCV: 4.13.0
MMCV: 1.3.17
MMCV Compiler: GCC 7.3
MMCV CUDA Compiler: 11.0
MMDetection: 2.23.0+2544401
------------------------------------------------------------

2026-05-11 06:50:12,361 - mmdet - INFO - Distributed training: True
2026-05-11 06:50:14,160 - mmdet - INFO - Config:
norm_cfg = dict(type='GN', num_groups=32, requires_grad=True)
model = dict(
    type='FasterRCNN',
    backbone=dict(
        type='ResNet',
        depth=50,
        num_stages=4,
        out_indices=(0, 1, 2, 3),
        frozen_stages=-1,
        norm_cfg=dict(type='GN', num_groups=32, requires_grad=True),
        norm_eval=True,
        style='pytorch',
        init_cfg=dict(type='Pretrained', checkpoint='torchvision://resnet50')),
    neck=dict(
        type='FPN',
        in_channels=[256, 512, 1024, 2048],
        out_channels=256,
        num_outs=5,
        norm_cfg=dict(type='GN', num_groups=32, requires_grad=True)),
    rpn_head=dict(
        type='RPNHead',
        in_channels=256,
        feat_channels=256,
        anchor_generator=dict(
            type='AnchorGenerator',
            scales=[8],
            ratios=[0.5, 1.0, 2.0],
            strides=[4, 8, 16, 32, 64]),
        bbox_coder=dict(
            type='DeltaXYWHBBoxCoder',
            target_means=[0.0, 0.0, 0.0, 0.0],
            target_stds=[1.0, 1.0, 1.0, 1.0]),
        loss_cls=dict(
            type='CrossEntropyLoss', use_sigmoid=True, loss_weight=1.0),
        loss_bbox=dict(type='SmoothL1Loss', loss_weight=1.0)),
    roi_head=dict(
        type='StandardRoIHead',
        bbox_roi_extractor=dict(
            type='SingleRoIExtractor',
            roi_layer=dict(type='RoIAlign', output_size=7, sampling_ratio=0),
            out_channels=256,
            featmap_strides=[4, 8, 16, 32]),
        bbox_head=dict(
            type='Shared4Conv1FCBBoxHead',
            in_channels=256,
            conv_out_channels=256,
            fc_out_channels=1024,
            roi_feat_size=7,
            num_classes=1,
            norm_cfg=dict(type='GN', num_groups=32, requires_grad=True),
            bbox_coder=dict(
                type='DeltaXYWHBBoxCoder',
                target_means=[0.0, 0.0, 0.0, 0.0],
                target_stds=[0.1, 0.1, 0.2, 0.2]),
            reg_class_agnostic=False,
            loss_cls=dict(
                type='CrossEntropyLoss', use_sigmoid=False, loss_weight=1.0),
            loss_bbox=dict(type='SmoothL1Loss', loss_weight=1.0))),
    train_cfg=dict(
        rpn=dict(
            assigner=dict(
                type='MaxIoUAssigner',
                pos_iou_thr=0.7,
                neg_iou_thr=0.3,
                min_pos_iou=0.3,
                match_low_quality=True,
                ignore_iof_thr=-1),
            sampler=dict(
                type='RandomSampler',
                num=256,
                pos_fraction=0.5,
                neg_pos_ub=-1,
                add_gt_as_proposals=False),
            allowed_border=-1,
            pos_weight=-1,
            debug=False),
        rpn_proposal=dict(
            nms_pre=2000,
            max_per_img=1000,
            nms=dict(type='nms', iou_threshold=0.7),
            min_bbox_size=0),
        rcnn=dict(
            assigner=dict(
                type='MaxIoUAssigner',
                pos_iou_thr=0.5,
                neg_iou_thr=0.5,
                min_pos_iou=0.5,
                match_low_quality=False,
                ignore_iof_thr=-1),
            sampler=dict(
                type='RandomSampler',
                num=512,
                pos_fraction=0.25,
                neg_pos_ub=-1,
                add_gt_as_proposals=True),
            pos_weight=-1,
            debug=False)),
    test_cfg=dict(
        rpn=dict(
            nms_pre=1000,
            max_per_img=1000,
            nms=dict(type='nms', iou_threshold=0.7),
            min_bbox_size=0),
        rcnn=dict(
            score_thr=0.05,
            nms=dict(type='nms', iou_threshold=0.5),
            max_per_img=100)))
dataset_type = 'CocoDataset'
classes = ('ship', )
data_root = '/home/ahmadreza/Downloads/Research/M2SODAI/baseline_official/'
img_norm_cfg = dict(
    mean=[123.675, 116.28, 103.53], std=[58.395, 57.12, 57.375], to_rgb=True)
train_pipeline = [
    dict(type='Mosaic', img_scale=(640, 640), pad_val=114.0),
    dict(
        type='RandomAffine', scaling_ratio_range=(0.1, 2),
        border=(-320, -320)),
    dict(
        type='MixUp',
        img_scale=(640, 640),
        ratio_range=(0.8, 1.6),
        pad_val=114.0),
    dict(type='PhotoMetricDistortion'),
    dict(type='RandomFlip', flip_ratio=0.5),
    dict(
        type='Normalize',
        mean=[123.675, 116.28, 103.53],
        std=[58.395, 57.12, 57.375],
        to_rgb=True),
    dict(type='Pad', size_divisor=32),
    dict(type='DefaultFormatBundle'),
    dict(type='Collect', keys=['img', 'gt_bboxes', 'gt_labels'])
]
inner_pipeline = [
    dict(type='LoadImageFromFile'),
    dict(type='LoadAnnotations', with_bbox=True)
]
test_pipeline = [
    dict(type='LoadImageFromFile'),
    dict(
        type='MultiScaleFlipAug',
        img_scale=(640, 640),
        flip=False,
        transforms=[
            dict(type='Resize', keep_ratio=True),
            dict(type='RandomFlip'),
            dict(
                type='Normalize',
                mean=[123.675, 116.28, 103.53],
                std=[58.395, 57.12, 57.375],
                to_rgb=True),
            dict(type='Pad', size_divisor=32),
            dict(type='ImageToTensor', keys=['img']),
            dict(type='Collect', keys=['img'])
        ])
]
data = dict(
    samples_per_gpu=4,
    workers_per_gpu=4,
    train=dict(
        type='MultiImageMixDataset',
        dataset=dict(
            type='CocoDataset',
            ann_file=
            '/home/ahmadreza/Downloads/Research/M2SODAI/baseline_official/fold_2/train/annotations.json',
            img_prefix=
            '/home/ahmadreza/Downloads/Research/M2SODAI/baseline_official/fold_2/train/images/',
            classes=('ship', ),
            filter_empty_gt=False,
            pipeline=[
                dict(type='LoadImageFromFile'),
                dict(type='LoadAnnotations', with_bbox=True)
            ]),
        pipeline=[
            dict(type='Mosaic', img_scale=(640, 640), pad_val=114.0),
            dict(
                type='RandomAffine',
                scaling_ratio_range=(0.1, 2),
                border=(-320, -320)),
            dict(
                type='MixUp',
                img_scale=(640, 640),
                ratio_range=(0.8, 1.6),
                pad_val=114.0),
            dict(type='PhotoMetricDistortion'),
            dict(type='RandomFlip', flip_ratio=0.5),
            dict(
                type='Normalize',
                mean=[123.675, 116.28, 103.53],
                std=[58.395, 57.12, 57.375],
                to_rgb=True),
            dict(type='Pad', size_divisor=32),
            dict(type='DefaultFormatBundle'),
            dict(type='Collect', keys=['img', 'gt_bboxes', 'gt_labels'])
        ]),
    val=dict(
        type='CocoDataset',
        ann_file=
        '/home/ahmadreza/Downloads/Research/M2SODAI/baseline_official/fold_2/val/annotations.json',
        img_prefix=
        '/home/ahmadreza/Downloads/Research/M2SODAI/baseline_official/fold_2/val/images/',
        classes=('ship', ),
        pipeline=[
            dict(type='LoadImageFromFile'),
            dict(
                type='MultiScaleFlipAug',
                img_scale=(640, 640),
                flip=False,
                transforms=[
                    dict(type='Resize', keep_ratio=True),
                    dict(type='RandomFlip'),
                    dict(
                        type='Normalize',
                        mean=[123.675, 116.28, 103.53],
                        std=[58.395, 57.12, 57.375],
                        to_rgb=True),
                    dict(type='Pad', size_divisor=32),
                    dict(type='ImageToTensor', keys=['img']),
                    dict(type='Collect', keys=['img'])
                ])
        ]),
    test=dict(
        type='CocoDataset',
        ann_file=
        '/home/ahmadreza/Downloads/Research/M2SODAI/baseline_official/fold_2/val/annotations.json',
        img_prefix=
        '/home/ahmadreza/Downloads/Research/M2SODAI/baseline_official/fold_2/val/images/',
        classes=('ship', ),
        pipeline=[
            dict(type='LoadImageFromFile'),
            dict(
                type='MultiScaleFlipAug',
                img_scale=(640, 640),
                flip=False,
                transforms=[
                    dict(type='Resize', keep_ratio=True),
                    dict(type='RandomFlip'),
                    dict(
                        type='Normalize',
                        mean=[123.675, 116.28, 103.53],
                        std=[58.395, 57.12, 57.375],
                        to_rgb=True),
                    dict(type='Pad', size_divisor=32),
                    dict(type='ImageToTensor', keys=['img']),
                    dict(type='Collect', keys=['img'])
                ])
        ]))
optimizer = dict(
    type='SGD',
    lr=0.02,
    momentum=0.9,
    weight_decay=0.0001,
    paramwise_cfg=dict(norm_decay_mult=0))
optimizer_config = dict(
    type='GradientCumulativeOptimizerHook',
    cumulative_iters=4,
    grad_clip=dict(max_norm=35, norm_type=2))
lr_config = dict(
    policy='CosineAnnealing',
    warmup='linear',
    warmup_iters=500,
    warmup_ratio=0.001,
    min_lr=1e-06)
runner = dict(type='EpochBasedRunner', max_epochs=300)
evaluation = dict(interval=10, metric='bbox', save_best='bbox_mAP')
checkpoint_config = dict(interval=10, max_keep_ckpts=3)
log_config = dict(
    interval=50,
    hooks=[dict(type='TextLoggerHook'),
           dict(type='TensorboardLoggerHook')])
custom_hooks = [
    dict(
        type='EarlyStoppingHook',
        monitor='bbox_mAP',
        patience=5,
        min_delta=0.001)
]
dist_params = dict(backend='nccl')
log_level = 'INFO'
load_from = None
resume_from = None
workflow = [('train', 1)]
seed = 0
deterministic = True
work_dir = '/home/ahmadreza/Downloads/Research/M2SODAI/baseline_official/runs_r50_hbb/r50_hbb_fold_2_20260511'
auto_resume = False
gpu_ids = range(0, 1)

2026-05-11 06:50:14,160 - mmdet - INFO - Set random seed to 42, deterministic: False
2026-05-11 06:50:14,773 - mmdet - INFO - initialize ResNet with init_cfg {'type': 'Pretrained', 'checkpoint': 'torchvision://resnet50'}
2026-05-11 06:50:15,244 - mmdet - INFO - initialize FPN with init_cfg {'type': 'Xavier', 'layer': 'Conv2d', 'distribution': 'uniform'}
2026-05-11 06:50:15,298 - mmdet - INFO - initialize RPNHead with init_cfg {'type': 'Normal', 'layer': 'Conv2d', 'std': 0.01}
2026-05-11 06:50:15,316 - mmdet - INFO - initialize Shared4Conv1FCBBoxHead with init_cfg [{'type': 'Normal', 'std': 0.01, 'override': {'name': 'fc_cls'}}, {'type': 'Normal', 'std': 0.001, 'override': {'name': 'fc_reg'}}, {'type': 'Xavier', 'distribution': 'uniform', 'override': [{'name': 'shared_fcs'}, {'name': 'cls_fcs'}, {'name': 'reg_fcs'}]}]
Name of parameter - Initialization information

backbone.conv1.weight - torch.Size([64, 3, 7, 7]): 
PretrainedInit: load from torchvision://resnet50 

backbone.gn1.weight - torch.Size([64]): 
The value is the same before and after calling `init_weights` of FasterRCNN  

backbone.gn1.bias - torch.Size([64]): 
The value is the same before and after calling `init_weights` of FasterRCNN  

backbone.layer1.0.conv1.weight - torch.Size([64, 64, 1, 1]): 
PretrainedInit: load from torchvision://resnet50 

backbone.layer1.0.gn1.weight - torch.Size([64]): 
The value is the same before and after calling `init_weights` of FasterRCNN  

backbone.layer1.0.gn1.bias - torch.Size([64]): 
The value is the same before and after calling `init_weights` of FasterRCNN  

backbone.layer1.0.conv2.weight - torch.Size([64, 64, 3, 3]): 
PretrainedInit: load from torchvision://resnet50 

backbone.layer1.0.gn2.weight - torch.Size([64]): 
The value is the same before and after calling `init_weights` of FasterRCNN  

backbone.layer1.0.gn2.bias - torch.Size([64]): 
The value is the same before and after calling `init_weights` of FasterRCNN  

backbone.layer1.0.conv3.weight - torch.Size([256, 64, 1, 1]): 
PretrainedInit: load from torchvision://resnet50 

backbone.layer1.0.gn3.weight - torch.Size([256]): 
The value is the same before and after calling `init_weights` of FasterRCNN  

backbone.layer1.0.gn3.bias - torch.Size([256]): 
The value is the same before and after calling `init_weights` of FasterRCNN  

backbone.layer1.0.downsample.0.weight - torch.Size([256, 64, 1, 1]): 
PretrainedInit: load from torchvision://resnet50 

backbone.layer1.0.downsample.1.weight - torch.Size([256]): 
PretrainedInit: load from torchvision://resnet50 

backbone.layer1.0.downsample.1.bias - torch.Size([256]): 
PretrainedInit: load from torchvision://resnet50 

backbone.layer1.1.conv1.weight - torch.Size([64, 256, 1, 1]): 
PretrainedInit: load from torchvision://resnet50 

backbone.layer1.1.gn1.weight - torch.Size([64]): 
The value is the same before and after calling `init_weights` of FasterRCNN  

backbone.layer1.1.gn1.bias - torch.Size([64]): 
The value is the same before and after calling `init_weights` of FasterRCNN  

backbone.layer1.1.conv2.weight - torch.Size([64, 64, 3, 3]): 
PretrainedInit: load from torchvision://resnet50 

backbone.layer1.1.gn2.weight - torch.Size([64]): 
The value is the same before and after calling `init_weights` of FasterRCNN  

backbone.layer1.1.gn2.bias - torch.Size([64]): 
The value is the same before and after calling `init_weights` of FasterRCNN  

backbone.layer1.1.conv3.weight - torch.Size([256, 64, 1, 1]): 
PretrainedInit: load from torchvision://resnet50 

backbone.layer1.1.gn3.weight - torch.Size([256]): 
The value is the same before and after calling `init_weights` of FasterRCNN  

backbone.layer1.1.gn3.bias - torch.Size([256]): 
The value is the same before and after calling `init_weights` of FasterRCNN  

backbone.layer1.2.conv1.weight - torch.Size([64, 256, 1, 1]): 
PretrainedInit: load from torchvision://resnet50 

backbone.layer1.2.gn1.weight - torch.Size([64]): 
The value is the same before and after calling `init_weights` of FasterRCNN  

backbone.layer1.2.gn1.bias - torch.Size([64]): 
The value is the same before and after calling `init_weights` of FasterRCNN  

backbone.layer1.2.conv2.weight - torch.Size([64, 64, 3, 3]): 
PretrainedInit: load from torchvision://resnet50 

backbone.layer1.2.gn2.weight - torch.Size([64]): 
The value is the same before and after calling `init_weights` of FasterRCNN  

backbone.layer1.2.gn2.bias - torch.Size([64]): 
The value is the same before and after calling `init_weights` of FasterRCNN  

backbone.layer1.2.conv3.weight - torch.Size([256, 64, 1, 1]): 
PretrainedInit: load from torchvision://resnet50 

backbone.layer1.2.gn3.weight - torch.Size([256]): 
The value is the same before and after calling `init_weights` of FasterRCNN  

backbone.layer1.2.gn3.bias - torch.Size([256]): 
The value is the same before and after calling `init_weights` of FasterRCNN  

backbone.layer2.0.conv1.weight - torch.Size([128, 256, 1, 1]): 
PretrainedInit: load from torchvision://resnet50 

backbone.layer2.0.gn1.weight - torch.Size([128]): 
The value is the same before and after calling `init_weights` of FasterRCNN  

backbone.layer2.0.gn1.bias - torch.Size([128]): 
The value is the same before and after calling `init_weights` of FasterRCNN  

backbone.layer2.0.conv2.weight - torch.Size([128, 128, 3, 3]): 
PretrainedInit: load from torchvision://resnet50 

backbone.layer2.0.gn2.weight - torch.Size([128]): 
The value is the same before and after calling `init_weights` of FasterRCNN  

backbone.layer2.0.gn2.bias - torch.Size([128]): 
The value is the same before and after calling `init_weights` of FasterRCNN  

backbone.layer2.0.conv3.weight - torch.Size([512, 128, 1, 1]): 
PretrainedInit: load from torchvision://resnet50 

backbone.layer2.0.gn3.weight - torch.Size([512]): 
The value is the same before and after calling `init_weights` of FasterRCNN  

backbone.layer2.0.gn3.bias - torch.Size([512]): 
The value is the same before and after calling `init_weights` of FasterRCNN  

backbone.layer2.0.downsample.0.weight - torch.Size([512, 256, 1, 1]): 
PretrainedInit: load from torchvision://resnet50 

backbone.layer2.0.downsample.1.weight - torch.Size([512]): 
PretrainedInit: load from torchvision://resnet50 

backbone.layer2.0.downsample.1.bias - torch.Size([512]): 
PretrainedInit: load from torchvision://resnet50 

backbone.layer2.1.conv1.weight - torch.Size([128, 512, 1, 1]): 
PretrainedInit: load from torchvision://resnet50 

backbone.layer2.1.gn1.weight - torch.Size([128]): 
The value is the same before and after calling `init_weights` of FasterRCNN  

backbone.layer2.1.gn1.bias - torch.Size([128]): 
The value is the same before and after calling `init_weights` of FasterRCNN  

backbone.layer2.1.conv2.weight - torch.Size([128, 128, 3, 3]): 
PretrainedInit: load from torchvision://resnet50 

backbone.layer2.1.gn2.weight - torch.Size([128]): 
The value is the same before and after calling `init_weights` of FasterRCNN  

backbone.layer2.1.gn2.bias - torch.Size([128]): 
The value is the same before and after calling `init_weights` of FasterRCNN  

backbone.layer2.1.conv3.weight - torch.Size([512, 128, 1, 1]): 
PretrainedInit: load from torchvision://resnet50 

backbone.layer2.1.gn3.weight - torch.Size([512]): 
The value is the same before and after calling `init_weights` of FasterRCNN  

backbone.layer2.1.gn3.bias - torch.Size([512]): 
The value is the same before and after calling `init_weights` of FasterRCNN  

backbone.layer2.2.conv1.weight - torch.Size([128, 512, 1, 1]): 
PretrainedInit: load from torchvision://resnet50 

backbone.layer2.2.gn1.weight - torch.Size([128]): 
The value is the same before and after calling `init_weights` of FasterRCNN  

backbone.layer2.2.gn1.bias - torch.Size([128]): 
The value is the same before and after calling `init_weights` of FasterRCNN  

backbone.layer2.2.conv2.weight - torch.Size([128, 128, 3, 3]): 
PretrainedInit: load from torchvision://resnet50 

backbone.layer2.2.gn2.weight - torch.Size([128]): 
The value is the same before and after calling `init_weights` of FasterRCNN  

backbone.layer2.2.gn2.bias - torch.Size([128]): 
The value is the same before and after calling `init_weights` of FasterRCNN  

backbone.layer2.2.conv3.weight - torch.Size([512, 128, 1, 1]): 
PretrainedInit: load from torchvision://resnet50 

backbone.layer2.2.gn3.weight - torch.Size([512]): 
The value is the same before and after calling `init_weights` of FasterRCNN  

backbone.layer2.2.gn3.bias - torch.Size([512]): 
The value is the same before and after calling `init_weights` of FasterRCNN  

backbone.layer2.3.conv1.weight - torch.Size([128, 512, 1, 1]): 
PretrainedInit: load from torchvision://resnet50 

backbone.layer2.3.gn1.weight - torch.Size([128]): 
The value is the same before and after calling `init_weights` of FasterRCNN  

backbone.layer2.3.gn1.bias - torch.Size([128]): 
The value is the same before and after calling `init_weights` of FasterRCNN  

backbone.layer2.3.conv2.weight - torch.Size([128, 128, 3, 3]): 
PretrainedInit: load from torchvision://resnet50 

backbone.layer2.3.gn2.weight - torch.Size([128]): 
The value is the same before and after calling `init_weights` of FasterRCNN  

backbone.layer2.3.gn2.bias - torch.Size([128]): 
The value is the same before and after calling `init_weights` of FasterRCNN  

backbone.layer2.3.conv3.weight - torch.Size([512, 128, 1, 1]): 
PretrainedInit: load from torchvision://resnet50 

backbone.layer2.3.gn3.weight - torch.Size([512]): 
The value is the same before and after calling `init_weights` of FasterRCNN  

backbone.layer2.3.gn3.bias - torch.Size([512]): 
The value is the same before and after calling `init_weights` of FasterRCNN  

backbone.layer3.0.conv1.weight - torch.Size([256, 512, 1, 1]): 
PretrainedInit: load from torchvision://resnet50 

backbone.layer3.0.gn1.weight - torch.Size([256]): 
The value is the same before and after calling `init_weights` of FasterRCNN  

backbone.layer3.0.gn1.bias - torch.Size([256]): 
The value is the same before and after calling `init_weights` of FasterRCNN  

backbone.layer3.0.conv2.weight - torch.Size([256, 256, 3, 3]): 
PretrainedInit: load from torchvision://resnet50 

backbone.layer3.0.gn2.weight - torch.Size([256]): 
The value is the same before and after calling `init_weights` of FasterRCNN  

backbone.layer3.0.gn2.bias - torch.Size([256]): 
The value is the same before and after calling `init_weights` of FasterRCNN  

backbone.layer3.0.conv3.weight - torch.Size([1024, 256, 1, 1]): 
PretrainedInit: load from torchvision://resnet50 

backbone.layer3.0.gn3.weight - torch.Size([1024]): 
The value is the same before and after calling `init_weights` of FasterRCNN  

backbone.layer3.0.gn3.bias - torch.Size([1024]): 
The value is the same before and after calling `init_weights` of FasterRCNN  

backbone.layer3.0.downsample.0.weight - torch.Size([1024, 512, 1, 1]): 
PretrainedInit: load from torchvision://resnet50 

backbone.layer3.0.downsample.1.weight - torch.Size([1024]): 
PretrainedInit: load from torchvision://resnet50 

backbone.layer3.0.downsample.1.bias - torch.Size([1024]): 
PretrainedInit: load from torchvision://resnet50 

backbone.layer3.1.conv1.weight - torch.Size([256, 1024, 1, 1]): 
PretrainedInit: load from torchvision://resnet50 

backbone.layer3.1.gn1.weight - torch.Size([256]): 
The value is the same before and after calling `init_weights` of FasterRCNN  

backbone.layer3.1.gn1.bias - torch.Size([256]): 
The value is the same before and after calling `init_weights` of FasterRCNN  

backbone.layer3.1.conv2.weight - torch.Size([256, 256, 3, 3]): 
PretrainedInit: load from torchvision://resnet50 

backbone.layer3.1.gn2.weight - torch.Size([256]): 
The value is the same before and after calling `init_weights` of FasterRCNN  

backbone.layer3.1.gn2.bias - torch.Size([256]): 
The value is the same before and after calling `init_weights` of FasterRCNN  

backbone.layer3.1.conv3.weight - torch.Size([1024, 256, 1, 1]): 
PretrainedInit: load from torchvision://resnet50 

backbone.layer3.1.gn3.weight - torch.Size([1024]): 
The value is the same before and after calling `init_weights` of FasterRCNN  

backbone.layer3.1.gn3.bias - torch.Size([1024]): 
The value is the same before and after calling `init_weights` of FasterRCNN  

backbone.layer3.2.conv1.weight - torch.Size([256, 1024, 1, 1]): 
PretrainedInit: load from torchvision://resnet50 

backbone.layer3.2.gn1.weight - torch.Size([256]): 
The value is the same before and after calling `init_weights` of FasterRCNN  

backbone.layer3.2.gn1.bias - torch.Size([256]): 
The value is the same before and after calling `init_weights` of FasterRCNN  

backbone.layer3.2.conv2.weight - torch.Size([256, 256, 3, 3]): 
PretrainedInit: load from torchvision://resnet50 

backbone.layer3.2.gn2.weight - torch.Size([256]): 
The value is the same before and after calling `init_weights` of FasterRCNN  

backbone.layer3.2.gn2.bias - torch.Size([256]): 
The value is the same before and after calling `init_weights` of FasterRCNN  

backbone.layer3.2.conv3.weight - torch.Size([1024, 256, 1, 1]): 
PretrainedInit: load from torchvision://resnet50 

backbone.layer3.2.gn3.weight - torch.Size([1024]): 
The value is the same before and after calling `init_weights` of FasterRCNN  

backbone.layer3.2.gn3.bias - torch.Size([1024]): 
The value is the same before and after calling `init_weights` of FasterRCNN  

backbone.layer3.3.conv1.weight - torch.Size([256, 1024, 1, 1]): 
PretrainedInit: load from torchvision://resnet50 

backbone.layer3.3.gn1.weight - torch.Size([256]): 
The value is the same before and after calling `init_weights` of FasterRCNN  

backbone.layer3.3.gn1.bias - torch.Size([256]): 
The value is the same before and after calling `init_weights` of FasterRCNN  

backbone.layer3.3.conv2.weight - torch.Size([256, 256, 3, 3]): 
PretrainedInit: load from torchvision://resnet50 

backbone.layer3.3.gn2.weight - torch.Size([256]): 
The value is the same before and after calling `init_weights` of FasterRCNN  

backbone.layer3.3.gn2.bias - torch.Size([256]): 
The value is the same before and after calling `init_weights` of FasterRCNN  

backbone.layer3.3.conv3.weight - torch.Size([1024, 256, 1, 1]): 
PretrainedInit: load from torchvision://resnet50 

backbone.layer3.3.gn3.weight - torch.Size([1024]): 
The value is the same before and after calling `init_weights` of FasterRCNN  

backbone.layer3.3.gn3.bias - torch.Size([1024]): 
The value is the same before and after calling `init_weights` of FasterRCNN  

backbone.layer3.4.conv1.weight - torch.Size([256, 1024, 1, 1]): 
PretrainedInit: load from torchvision://resnet50 

backbone.layer3.4.gn1.weight - torch.Size([256]): 
The value is the same before and after calling `init_weights` of FasterRCNN  

backbone.layer3.4.gn1.bias - torch.Size([256]): 
The value is the same before and after calling `init_weights` of FasterRCNN  

backbone.layer3.4.conv2.weight - torch.Size([256, 256, 3, 3]): 
PretrainedInit: load from torchvision://resnet50 

backbone.layer3.4.gn2.weight - torch.Size([256]): 
The value is the same before and after calling `init_weights` of FasterRCNN  

backbone.layer3.4.gn2.bias - torch.Size([256]): 
The value is the same before and after calling `init_weights` of FasterRCNN  

backbone.layer3.4.conv3.weight - torch.Size([1024, 256, 1, 1]): 
PretrainedInit: load from torchvision://resnet50 

backbone.layer3.4.gn3.weight - torch.Size([1024]): 
The value is the same before and after calling `init_weights` of FasterRCNN  

backbone.layer3.4.gn3.bias - torch.Size([1024]): 
The value is the same before and after calling `init_weights` of FasterRCNN  

backbone.layer3.5.conv1.weight - torch.Size([256, 1024, 1, 1]): 
PretrainedInit: load from torchvision://resnet50 

backbone.layer3.5.gn1.weight - torch.Size([256]): 
The value is the same before and after calling `init_weights` of FasterRCNN  

backbone.layer3.5.gn1.bias - torch.Size([256]): 
The value is the same before and after calling `init_weights` of FasterRCNN  

backbone.layer3.5.conv2.weight - torch.Size([256, 256, 3, 3]): 
PretrainedInit: load from torchvision://resnet50 

backbone.layer3.5.gn2.weight - torch.Size([256]): 
The value is the same before and after calling `init_weights` of FasterRCNN  

backbone.layer3.5.gn2.bias - torch.Size([256]): 
The value is the same before and after calling `init_weights` of FasterRCNN  

backbone.layer3.5.conv3.weight - torch.Size([1024, 256, 1, 1]): 
PretrainedInit: load from torchvision://resnet50 

backbone.layer3.5.gn3.weight - torch.Size([1024]): 
The value is the same before and after calling `init_weights` of FasterRCNN  

backbone.layer3.5.gn3.bias - torch.Size([1024]): 
The value is the same before and after calling `init_weights` of FasterRCNN  

backbone.layer4.0.conv1.weight - torch.Size([512, 1024, 1, 1]): 
PretrainedInit: load from torchvision://resnet50 

backbone.layer4.0.gn1.weight - torch.Size([512]): 
The value is the same before and after calling `init_weights` of FasterRCNN  

backbone.layer4.0.gn1.bias - torch.Size([512]): 
The value is the same before and after calling `init_weights` of FasterRCNN  

backbone.layer4.0.conv2.weight - torch.Size([512, 512, 3, 3]): 
PretrainedInit: load from torchvision://resnet50 

backbone.layer4.0.gn2.weight - torch.Size([512]): 
The value is the same before and after calling `init_weights` of FasterRCNN  

backbone.layer4.0.gn2.bias - torch.Size([512]): 
The value is the same before and after calling `init_weights` of FasterRCNN  

backbone.layer4.0.conv3.weight - torch.Size([2048, 512, 1, 1]): 
PretrainedInit: load from torchvision://resnet50 

backbone.layer4.0.gn3.weight - torch.Size([2048]): 
The value is the same before and after calling `init_weights` of FasterRCNN  

backbone.layer4.0.gn3.bias - torch.Size([2048]): 
The value is the same before and after calling `init_weights` of FasterRCNN  

backbone.layer4.0.downsample.0.weight - torch.Size([2048, 1024, 1, 1]): 
PretrainedInit: load from torchvision://resnet50 

backbone.layer4.0.downsample.1.weight - torch.Size([2048]): 
PretrainedInit: load from torchvision://resnet50 

backbone.layer4.0.downsample.1.bias - torch.Size([2048]): 
PretrainedInit: load from torchvision://resnet50 

backbone.layer4.1.conv1.weight - torch.Size([512, 2048, 1, 1]): 
PretrainedInit: load from torchvision://resnet50 

backbone.layer4.1.gn1.weight - torch.Size([512]): 
The value is the same before and after calling `init_weights` of FasterRCNN  

backbone.layer4.1.gn1.bias - torch.Size([512]): 
The value is the same before and after calling `init_weights` of FasterRCNN  

backbone.layer4.1.conv2.weight - torch.Size([512, 512, 3, 3]): 
PretrainedInit: load from torchvision://resnet50 

backbone.layer4.1.gn2.weight - torch.Size([512]): 
The value is the same before and after calling `init_weights` of FasterRCNN  

backbone.layer4.1.gn2.bias - torch.Size([512]): 
The value is the same before and after calling `init_weights` of FasterRCNN  

backbone.layer4.1.conv3.weight - torch.Size([2048, 512, 1, 1]): 
PretrainedInit: load from torchvision://resnet50 

backbone.layer4.1.gn3.weight - torch.Size([2048]): 
The value is the same before and after calling `init_weights` of FasterRCNN  

backbone.layer4.1.gn3.bias - torch.Size([2048]): 
The value is the same before and after calling `init_weights` of FasterRCNN  

backbone.layer4.2.conv1.weight - torch.Size([512, 2048, 1, 1]): 
PretrainedInit: load from torchvision://resnet50 

backbone.layer4.2.gn1.weight - torch.Size([512]): 
The value is the same before and after calling `init_weights` of FasterRCNN  

backbone.layer4.2.gn1.bias - torch.Size([512]): 
The value is the same before and after calling `init_weights` of FasterRCNN  

backbone.layer4.2.conv2.weight - torch.Size([512, 512, 3, 3]): 
PretrainedInit: load from torchvision://resnet50 

backbone.layer4.2.gn2.weight - torch.Size([512]): 
The value is the same before and after calling `init_weights` of FasterRCNN  

backbone.layer4.2.gn2.bias - torch.Size([512]): 
The value is the same before and after calling `init_weights` of FasterRCNN  

backbone.layer4.2.conv3.weight - torch.Size([2048, 512, 1, 1]): 
PretrainedInit: load from torchvision://resnet50 

backbone.layer4.2.gn3.weight - torch.Size([2048]): 
The value is the same before and after calling `init_weights` of FasterRCNN  

backbone.layer4.2.gn3.bias - torch.Size([2048]): 
The value is the same before and after calling `init_weights` of FasterRCNN  

neck.lateral_convs.0.conv.weight - torch.Size([256, 256, 1, 1]): 
XavierInit: gain=1, distribution=uniform, bias=0 

neck.lateral_convs.0.gn.weight - torch.Size([256]): 
The value is the same before and after calling `init_weights` of FasterRCNN  

neck.lateral_convs.0.gn.bias - torch.Size([256]): 
The value is the same before and after calling `init_weights` of FasterRCNN  

neck.lateral_convs.1.conv.weight - torch.Size([256, 512, 1, 1]): 
XavierInit: gain=1, distribution=uniform, bias=0 

neck.lateral_convs.1.gn.weight - torch.Size([256]): 
The value is the same before and after calling `init_weights` of FasterRCNN  

neck.lateral_convs.1.gn.bias - torch.Size([256]): 
The value is the same before and after calling `init_weights` of FasterRCNN  

neck.lateral_convs.2.conv.weight - torch.Size([256, 1024, 1, 1]): 
XavierInit: gain=1, distribution=uniform, bias=0 

neck.lateral_convs.2.gn.weight - torch.Size([256]): 
The value is the same before and after calling `init_weights` of FasterRCNN  

neck.lateral_convs.2.gn.bias - torch.Size([256]): 
The value is the same before and after calling `init_weights` of FasterRCNN  

neck.lateral_convs.3.conv.weight - torch.Size([256, 2048, 1, 1]): 
XavierInit: gain=1, distribution=uniform, bias=0 

neck.lateral_convs.3.gn.weight - torch.Size([256]): 
The value is the same before and after calling `init_weights` of FasterRCNN  

neck.lateral_convs.3.gn.bias - torch.Size([256]): 
The value is the same before and after calling `init_weights` of FasterRCNN  

neck.fpn_convs.0.conv.weight - torch.Size([256, 256, 3, 3]): 
XavierInit: gain=1, distribution=uniform, bias=0 

neck.fpn_convs.0.gn.weight - torch.Size([256]): 
The value is the same before and after calling `init_weights` of FasterRCNN  

neck.fpn_convs.0.gn.bias - torch.Size([256]): 
The value is the same before and after calling `init_weights` of FasterRCNN  

neck.fpn_convs.1.conv.weight - torch.Size([256, 256, 3, 3]): 
XavierInit: gain=1, distribution=uniform, bias=0 

neck.fpn_convs.1.gn.weight - torch.Size([256]): 
The value is the same before and after calling `init_weights` of FasterRCNN  

neck.fpn_convs.1.gn.bias - torch.Size([256]): 
The value is the same before and after calling `init_weights` of FasterRCNN  

neck.fpn_convs.2.conv.weight - torch.Size([256, 256, 3, 3]): 
XavierInit: gain=1, distribution=uniform, bias=0 

neck.fpn_convs.2.gn.weight - torch.Size([256]): 
The value is the same before and after calling `init_weights` of FasterRCNN  

neck.fpn_convs.2.gn.bias - torch.Size([256]): 
The value is the same before and after calling `init_weights` of FasterRCNN  

neck.fpn_convs.3.conv.weight - torch.Size([256, 256, 3, 3]): 
XavierInit: gain=1, distribution=uniform, bias=0 

neck.fpn_convs.3.gn.weight - torch.Size([256]): 
The value is the same before and after calling `init_weights` of FasterRCNN  

neck.fpn_convs.3.gn.bias - torch.Size([256]): 
The value is the same before and after calling `init_weights` of FasterRCNN  

rpn_head.rpn_conv.weight - torch.Size([256, 256, 3, 3]): 
NormalInit: mean=0, std=0.01, bias=0 

rpn_head.rpn_conv.bias - torch.Size([256]): 
NormalInit: mean=0, std=0.01, bias=0 

rpn_head.rpn_cls.weight - torch.Size([3, 256, 1, 1]): 
NormalInit: mean=0, std=0.01, bias=0 

rpn_head.rpn_cls.bias - torch.Size([3]): 
NormalInit: mean=0, std=0.01, bias=0 

rpn_head.rpn_reg.weight - torch.Size([12, 256, 1, 1]): 
NormalInit: mean=0, std=0.01, bias=0 

rpn_head.rpn_reg.bias - torch.Size([12]): 
NormalInit: mean=0, std=0.01, bias=0 

roi_head.bbox_head.fc_cls.weight - torch.Size([2, 1024]): 
NormalInit: mean=0, std=0.01, bias=0 

roi_head.bbox_head.fc_cls.bias - torch.Size([2]): 
NormalInit: mean=0, std=0.01, bias=0 

roi_head.bbox_head.fc_reg.weight - torch.Size([4, 1024]): 
NormalInit: mean=0, std=0.001, bias=0 

roi_head.bbox_head.fc_reg.bias - torch.Size([4]): 
NormalInit: mean=0, std=0.001, bias=0 

roi_head.bbox_head.shared_convs.0.conv.weight - torch.Size([256, 256, 3, 3]): 
The value is the same before and after calling `init_weights` of FasterRCNN  

roi_head.bbox_head.shared_convs.0.gn.weight - torch.Size([256]): 
The value is the same before and after calling `init_weights` of FasterRCNN  

roi_head.bbox_head.shared_convs.0.gn.bias - torch.Size([256]): 
The value is the same before and after calling `init_weights` of FasterRCNN  

roi_head.bbox_head.shared_convs.1.conv.weight - torch.Size([256, 256, 3, 3]): 
The value is the same before and after calling `init_weights` of FasterRCNN  

roi_head.bbox_head.shared_convs.1.gn.weight - torch.Size([256]): 
The value is the same before and after calling `init_weights` of FasterRCNN  

roi_head.bbox_head.shared_convs.1.gn.bias - torch.Size([256]): 
The value is the same before and after calling `init_weights` of FasterRCNN  

roi_head.bbox_head.shared_convs.2.conv.weight - torch.Size([256, 256, 3, 3]): 
The value is the same before and after calling `init_weights` of FasterRCNN  

roi_head.bbox_head.shared_convs.2.gn.weight - torch.Size([256]): 
The value is the same before and after calling `init_weights` of FasterRCNN  

roi_head.bbox_head.shared_convs.2.gn.bias - torch.Size([256]): 
The value is the same before and after calling `init_weights` of FasterRCNN  

roi_head.bbox_head.shared_convs.3.conv.weight - torch.Size([256, 256, 3, 3]): 
The value is the same before and after calling `init_weights` of FasterRCNN  

roi_head.bbox_head.shared_convs.3.gn.weight - torch.Size([256]): 
The value is the same before and after calling `init_weights` of FasterRCNN  

roi_head.bbox_head.shared_convs.3.gn.bias - torch.Size([256]): 
The value is the same before and after calling `init_weights` of FasterRCNN  

roi_head.bbox_head.shared_fcs.0.weight - torch.Size([1024, 12544]): 
XavierInit: gain=1, distribution=uniform, bias=0 

roi_head.bbox_head.shared_fcs.0.bias - torch.Size([1024]): 
XavierInit: gain=1, distribution=uniform, bias=0 
2026-05-11 06:50:15,878 - mmdet - INFO - Start running, host: ahmadreza@quartz, work_dir: /home/ahmadreza/Downloads/Research/M2SODAI/baseline_official/runs_r50_hbb/r50_hbb_fold_2_20260511
2026-05-11 06:50:15,878 - mmdet - INFO - Hooks will be executed in the following order:
before_run:
(VERY_HIGH   ) CosineAnnealingLrUpdaterHook       
(NORMAL      ) CheckpointHook                     
(LOW         ) DistEvalHook                       
(VERY_LOW    ) TextLoggerHook                     
(VERY_LOW    ) TensorboardLoggerHook              
 -------------------- 
before_train_epoch:
(VERY_HIGH   ) CosineAnnealingLrUpdaterHook       
(NORMAL      ) DistSamplerSeedHook                
(LOW         ) IterTimerHook                      
(LOW         ) DistEvalHook                       
(VERY_LOW    ) TextLoggerHook                     
(VERY_LOW    ) TensorboardLoggerHook              
 -------------------- 
before_train_iter:
(VERY_HIGH   ) CosineAnnealingLrUpdaterHook       
(LOW         ) IterTimerHook                      
(LOW         ) DistEvalHook                       
 -------------------- 
after_train_iter:
(ABOVE_NORMAL) GradientCumulativeOptimizerHook    
(NORMAL      ) CheckpointHook                     
(LOW         ) IterTimerHook                      
(LOW         ) DistEvalHook                       
(VERY_LOW    ) TextLoggerHook                     
(VERY_LOW    ) TensorboardLoggerHook              
 -------------------- 
after_train_epoch:
(NORMAL      ) CheckpointHook                     
(NORMAL      ) EarlyStoppingHook                  
(LOW         ) DistEvalHook                       
(VERY_LOW    ) TextLoggerHook                     
(VERY_LOW    ) TensorboardLoggerHook              
 -------------------- 
before_val_epoch:
(NORMAL      ) DistSamplerSeedHook                
(LOW         ) IterTimerHook                      
(VERY_LOW    ) TextLoggerHook                     
(VERY_LOW    ) TensorboardLoggerHook              
 -------------------- 
before_val_iter:
(LOW         ) IterTimerHook                      
 -------------------- 
after_val_iter:
(LOW         ) IterTimerHook                      
 -------------------- 
after_val_epoch:
(VERY_LOW    ) TextLoggerHook                     
(VERY_LOW    ) TensorboardLoggerHook              
 -------------------- 
after_run:
(VERY_LOW    ) TextLoggerHook                     
(VERY_LOW    ) TensorboardLoggerHook              
 -------------------- 
2026-05-11 06:50:15,879 - mmdet - INFO - workflow: [('train', 1)], max: 300 epochs
2026-05-11 06:50:15,879 - mmdet - INFO - Checkpoints will be saved to /home/ahmadreza/Downloads/Research/M2SODAI/baseline_official/runs_r50_hbb/r50_hbb_fold_2_20260511 by HardDiskBackend.
2026-05-11 06:50:45,827 - mmdet - INFO - Epoch [1][50/186]	lr: 1.978e-03, eta: 9:13:17, time: 0.595, data_time: 0.083, memory: 6156, loss_rpn_cls: 0.6711, loss_rpn_bbox: 0.0163, loss_cls: 0.2961, acc: 95.0732, loss_bbox: 0.0224, loss: 1.0060, grad_norm: 5.5851
2026-05-11 06:51:12,001 - mmdet - INFO - Epoch [1][100/186]	lr: 3.976e-03, eta: 8:40:15, time: 0.525, data_time: 0.014, memory: 6156, loss_rpn_cls: 0.4797, loss_rpn_bbox: 0.0144, loss_cls: 0.2186, acc: 97.3848, loss_bbox: 0.0175, loss: 0.7302, grad_norm: 3.5260
2026-05-11 06:51:38,256 - mmdet - INFO - Epoch [1][150/186]	lr: 5.974e-03, eta: 8:28:16, time: 0.523, data_time: 0.013, memory: 6156, loss_rpn_cls: 0.4150, loss_rpn_bbox: 0.0160, loss_cls: 0.1273, acc: 97.1768, loss_bbox: 0.0190, loss: 0.5773, grad_norm: 2.8318
2026-05-11 06:52:26,331 - mmdet - INFO - Epoch [2][50/186]	lr: 9.410e-03, eta: 7:18:05, time: 0.589, data_time: 0.083, memory: 6156, loss_rpn_cls: 0.2546, loss_rpn_bbox: 0.0147, loss_cls: 0.1799, acc: 95.5010, loss_bbox: 0.0734, loss: 0.5225, grad_norm: 0.8569
2026-05-11 06:52:52,003 - mmdet - INFO - Epoch [2][100/186]	lr: 1.141e-02, eta: 7:23:54, time: 0.512, data_time: 0.013, memory: 6156, loss_rpn_cls: 0.1964, loss_rpn_bbox: 0.0126, loss_cls: 0.2069, acc: 94.6758, loss_bbox: 0.0995, loss: 0.5153, grad_norm: 0.9443
2026-05-11 06:53:17,833 - mmdet - INFO - Epoch [2][150/186]	lr: 1.341e-02, eta: 7:28:50, time: 0.518, data_time: 0.015, memory: 6156, loss_rpn_cls: 0.2260, loss_rpn_bbox: 0.0164, loss_cls: 0.2410, acc: 93.3379, loss_bbox: 0.1220, loss: 0.6053, grad_norm: 1.0764
2026-05-11 06:54:06,035 - mmdet - INFO - Epoch [3][50/186]	lr: 1.684e-02, eta: 7:01:00, time: 0.587, data_time: 0.082, memory: 6156, loss_rpn_cls: 0.1651, loss_rpn_bbox: 0.0143, loss_cls: 0.2161, acc: 93.6543, loss_bbox: 0.1207, loss: 0.5163, grad_norm: 1.1439
2026-05-11 06:54:31,989 - mmdet - INFO - Epoch [3][100/186]	lr: 1.884e-02, eta: 7:06:57, time: 0.521, data_time: 0.015, memory: 6156, loss_rpn_cls: 0.1527, loss_rpn_bbox: 0.0133, loss_cls: 0.2428, acc: 92.5010, loss_bbox: 0.1464, loss: 0.5552, grad_norm: 1.2956
2026-05-11 06:54:57,946 - mmdet - INFO - Epoch [3][150/186]	lr: 2.000e-02, eta: 7:11:21, time: 0.517, data_time: 0.012, memory: 6156, loss_rpn_cls: 0.1689, loss_rpn_bbox: 0.0149, loss_cls: 0.2594, acc: 91.9336, loss_bbox: 0.1521, loss: 0.5952, grad_norm: 1.4638
2026-05-11 06:55:46,225 - mmdet - INFO - Epoch [4][50/186]	lr: 2.000e-02, eta: 6:54:27, time: 0.591, data_time: 0.083, memory: 6156, loss_rpn_cls: 0.1386, loss_rpn_bbox: 0.0148, loss_cls: 0.2518, acc: 91.8193, loss_bbox: 0.1518, loss: 0.5570, grad_norm: 1.8635
2026-05-11 06:56:12,124 - mmdet - INFO - Epoch [4][100/186]	lr: 2.000e-02, eta: 6:58:39, time: 0.516, data_time: 0.013, memory: 6156, loss_rpn_cls: 0.1244, loss_rpn_bbox: 0.0128, loss_cls: 0.2466, acc: 91.9678, loss_bbox: 0.1532, loss: 0.5370, grad_norm: 1.7920
2026-05-11 06:56:38,111 - mmdet - INFO - Epoch [4][150/186]	lr: 2.000e-02, eta: 7:02:34, time: 0.522, data_time: 0.014, memory: 6156, loss_rpn_cls: 0.1331, loss_rpn_bbox: 0.0131, loss_cls: 0.2486, acc: 91.1914, loss_bbox: 0.1622, loss: 0.5569, grad_norm: 1.6683
2026-05-11 06:57:26,480 - mmdet - INFO - Epoch [5][50/186]	lr: 1.999e-02, eta: 6:50:15, time: 0.590, data_time: 0.083, memory: 6156, loss_rpn_cls: 0.1104, loss_rpn_bbox: 0.0130, loss_cls: 0.2428, acc: 91.2285, loss_bbox: 0.1651, loss: 0.5313, grad_norm: 1.6379
2026-05-11 06:57:52,278 - mmdet - INFO - Epoch [5][100/186]	lr: 1.999e-02, eta: 6:53:42, time: 0.518, data_time: 0.014, memory: 6156, loss_rpn_cls: 0.1015, loss_rpn_bbox: 0.0106, loss_cls: 0.2482, acc: 90.9111, loss_bbox: 0.1732, loss: 0.5335, grad_norm: 1.6242
2026-05-11 06:58:18,107 - mmdet - INFO - Epoch [5][150/186]	lr: 1.999e-02, eta: 6:56:33, time: 0.515, data_time: 0.013, memory: 6156, loss_rpn_cls: 0.1159, loss_rpn_bbox: 0.0135, loss_cls: 0.2746, acc: 89.9805, loss_bbox: 0.1919, loss: 0.5960, grad_norm: 1.8570
2026-05-11 06:59:06,163 - mmdet - INFO - Epoch [6][50/186]	lr: 1.999e-02, eta: 6:46:47, time: 0.587, data_time: 0.082, memory: 6156, loss_rpn_cls: 0.1006, loss_rpn_bbox: 0.0113, loss_cls: 0.2678, acc: 90.0771, loss_bbox: 0.1815, loss: 0.5612, grad_norm: 1.7036
2026-05-11 06:59:32,078 - mmdet - INFO - Epoch [6][100/186]	lr: 1.999e-02, eta: 6:49:34, time: 0.516, data_time: 0.013, memory: 6156, loss_rpn_cls: 0.0822, loss_rpn_bbox: 0.0103, loss_cls: 0.2498, acc: 90.4316, loss_bbox: 0.1787, loss: 0.5209, grad_norm: 1.5375
2026-05-11 06:59:58,129 - mmdet - INFO - Epoch [6][150/186]	lr: 1.999e-02, eta: 6:52:20, time: 0.523, data_time: 0.015, memory: 6156, loss_rpn_cls: 0.0917, loss_rpn_bbox: 0.0116, loss_cls: 0.2689, acc: 89.5293, loss_bbox: 0.2012, loss: 0.5734, grad_norm: 1.6555
2026-05-11 07:00:46,525 - mmdet - INFO - Epoch [7][50/186]	lr: 1.998e-02, eta: 6:44:18, time: 0.589, data_time: 0.083, memory: 6156, loss_rpn_cls: 0.0954, loss_rpn_bbox: 0.0114, loss_cls: 0.2548, acc: 89.9688, loss_bbox: 0.1856, loss: 0.5471, grad_norm: 1.9267
2026-05-11 07:01:12,392 - mmdet - INFO - Epoch [7][100/186]	lr: 1.998e-02, eta: 6:46:45, time: 0.519, data_time: 0.015, memory: 6156, loss_rpn_cls: 0.0774, loss_rpn_bbox: 0.0092, loss_cls: 0.2435, acc: 90.5283, loss_bbox: 0.1779, loss: 0.5080, grad_norm: 1.6961
2026-05-11 07:01:38,291 - mmdet - INFO - Epoch [7][150/186]	lr: 1.998e-02, eta: 6:48:51, time: 0.516, data_time: 0.013, memory: 6156, loss_rpn_cls: 0.0838, loss_rpn_bbox: 0.0110, loss_cls: 0.2722, acc: 89.2637, loss_bbox: 0.1927, loss: 0.5596, grad_norm: 1.8873
2026-05-11 07:02:26,547 - mmdet - INFO - Epoch [8][50/186]	lr: 1.997e-02, eta: 6:42:03, time: 0.591, data_time: 0.082, memory: 6156, loss_rpn_cls: 0.0752, loss_rpn_bbox: 0.0098, loss_cls: 0.2377, acc: 90.6289, loss_bbox: 0.1781, loss: 0.5008, grad_norm: 1.5573
2026-05-11 07:02:52,374 - mmdet - INFO - Epoch [8][100/186]	lr: 1.997e-02, eta: 6:44:00, time: 0.515, data_time: 0.013, memory: 6156, loss_rpn_cls: 0.0731, loss_rpn_bbox: 0.0088, loss_cls: 0.2384, acc: 90.5186, loss_bbox: 0.1791, loss: 0.4993, grad_norm: 1.6377
2026-05-11 07:03:18,264 - mmdet - INFO - Epoch [8][150/186]	lr: 1.997e-02, eta: 6:45:56, time: 0.520, data_time: 0.014, memory: 6156, loss_rpn_cls: 0.0740, loss_rpn_bbox: 0.0098, loss_cls: 0.2604, acc: 89.5459, loss_bbox: 0.1922, loss: 0.5364, grad_norm: 1.8056
2026-05-11 07:04:06,624 - mmdet - INFO - Epoch [9][50/186]	lr: 1.996e-02, eta: 6:40:00, time: 0.590, data_time: 0.083, memory: 6156, loss_rpn_cls: 0.0691, loss_rpn_bbox: 0.0088, loss_cls: 0.2351, acc: 90.4766, loss_bbox: 0.1771, loss: 0.4901, grad_norm: 1.5021
2026-05-11 07:04:32,513 - mmdet - INFO - Epoch [9][100/186]	lr: 1.996e-02, eta: 6:41:50, time: 0.520, data_time: 0.015, memory: 6156, loss_rpn_cls: 0.0645, loss_rpn_bbox: 0.0080, loss_cls: 0.2322, acc: 90.6533, loss_bbox: 0.1763, loss: 0.4810, grad_norm: 1.6183
2026-05-11 07:04:58,390 - mmdet - INFO - Epoch [9][150/186]	lr: 1.996e-02, eta: 6:43:25, time: 0.516, data_time: 0.013, memory: 6156, loss_rpn_cls: 0.0655, loss_rpn_bbox: 0.0094, loss_cls: 0.2400, acc: 90.1914, loss_bbox: 0.1867, loss: 0.5016, grad_norm: 1.6437
2026-05-11 07:05:46,557 - mmdet - INFO - Epoch [10][50/186]	lr: 1.996e-02, eta: 6:38:06, time: 0.590, data_time: 0.083, memory: 6156, loss_rpn_cls: 0.0715, loss_rpn_bbox: 0.0087, loss_cls: 0.2262, acc: 90.8770, loss_bbox: 0.1791, loss: 0.4855, grad_norm: 1.8442
2026-05-11 07:06:12,408 - mmdet - INFO - Epoch [10][100/186]	lr: 1.996e-02, eta: 6:39:35, time: 0.515, data_time: 0.012, memory: 6156, loss_rpn_cls: 0.0595, loss_rpn_bbox: 0.0075, loss_cls: 0.2311, acc: 90.5938, loss_bbox: 0.1794, loss: 0.4774, grad_norm: 1.8946
2026-05-11 07:06:38,303 - mmdet - INFO - Epoch [10][150/186]	lr: 1.996e-02, eta: 6:41:06, time: 0.520, data_time: 0.015, memory: 6156, loss_rpn_cls: 0.0595, loss_rpn_bbox: 0.0081, loss_cls: 0.2384, acc: 90.2881, loss_bbox: 0.1855, loss: 0.4916, grad_norm: 1.8798
2026-05-11 07:06:57,028 - mmdet - INFO - Saving checkpoint at 10 epochs
2026-05-11 07:07:32,619 - mmdet - INFO - Evaluating bbox...
2026-05-11 07:07:37,090 - mmdet - INFO - 
 Average Precision  (AP) @[ IoU=0.50:0.95 | area=   all | maxDets=100 ] = 0.184
 Average Precision  (AP) @[ IoU=0.50      | area=   all | maxDets=1000 ] = 0.500
 Average Precision  (AP) @[ IoU=0.75      | area=   all | maxDets=1000 ] = 0.088
 Average Precision  (AP) @[ IoU=0.50:0.95 | area= small | maxDets=1000 ] = 0.000
 Average Precision  (AP) @[ IoU=0.50:0.95 | area=medium | maxDets=1000 ] = 0.156
 Average Precision  (AP) @[ IoU=0.50:0.95 | area= large | maxDets=1000 ] = 0.245
 Average Recall     (AR) @[ IoU=0.50:0.95 | area=   all | maxDets=100 ] = 0.327
 Average Recall     (AR) @[ IoU=0.50:0.95 | area=   all | maxDets=300 ] = 0.327
 Average Recall     (AR) @[ IoU=0.50:0.95 | area=   all | maxDets=1000 ] = 0.327
 Average Recall     (AR) @[ IoU=0.50:0.95 | area= small | maxDets=1000 ] = 0.000
 Average Recall     (AR) @[ IoU=0.50:0.95 | area=medium | maxDets=1000 ] = 0.287
 Average Recall     (AR) @[ IoU=0.50:0.95 | area= large | maxDets=1000 ] = 0.408

2026-05-11 07:07:38,706 - mmdet - INFO - Now best checkpoint is saved as best_bbox_mAP_epoch_10.pth.
2026-05-11 07:07:38,706 - mmdet - INFO - Best bbox_mAP is 0.1840 at 10 epoch.
2026-05-11 07:07:38,707 - mmdet - INFO - Exp name: fold_2_r50_300e_hbb.py
2026-05-11 07:07:38,707 - mmdet - INFO - Epoch(val) [10][371]	bbox_mAP: 0.1840, bbox_mAP_50: 0.5000, bbox_mAP_75: 0.0880, bbox_mAP_s: 0.0000, bbox_mAP_m: 0.1560, bbox_mAP_l: 0.2450, bbox_mAP_copypaste: 0.184 0.500 0.088 0.000 0.156 0.245
2026-05-11 07:08:08,175 - mmdet - INFO - Epoch [11][50/186]	lr: 1.995e-02, eta: 6:36:14, time: 0.587, data_time: 0.082, memory: 6156, loss_rpn_cls: 0.0613, loss_rpn_bbox: 0.0090, loss_cls: 0.2277, acc: 90.7822, loss_bbox: 0.1765, loss: 0.4746, grad_norm: 1.8211
2026-05-11 07:08:33,944 - mmdet - INFO - Epoch [11][100/186]	lr: 1.995e-02, eta: 6:37:36, time: 0.517, data_time: 0.015, memory: 6156, loss_rpn_cls: 0.0577, loss_rpn_bbox: 0.0087, loss_cls: 0.2271, acc: 90.7891, loss_bbox: 0.1812, loss: 0.4747, grad_norm: 1.7686
2026-05-11 07:08:59,821 - mmdet - INFO - Epoch [11][150/186]	lr: 1.995e-02, eta: 6:38:51, time: 0.516, data_time: 0.013, memory: 6156, loss_rpn_cls: 0.0569, loss_rpn_bbox: 0.0082, loss_cls: 0.2361, acc: 90.3164, loss_bbox: 0.1864, loss: 0.4876, grad_norm: 1.8380
2026-05-11 07:09:48,101 - mmdet - INFO - Epoch [12][50/186]	lr: 1.993e-02, eta: 6:34:27, time: 0.589, data_time: 0.083, memory: 6156, loss_rpn_cls: 0.0572, loss_rpn_bbox: 0.0082, loss_cls: 0.2304, acc: 90.4912, loss_bbox: 0.1785, loss: 0.4743, grad_norm: 1.6839
2026-05-11 07:10:13,896 - mmdet - INFO - Epoch [12][100/186]	lr: 1.993e-02, eta: 6:35:37, time: 0.514, data_time: 0.013, memory: 6156, loss_rpn_cls: 0.0548, loss_rpn_bbox: 0.0069, loss_cls: 0.2237, acc: 90.9053, loss_bbox: 0.1737, loss: 0.4592, grad_norm: 1.7118
2026-05-11 07:10:39,846 - mmdet - INFO - Epoch [12][150/186]	lr: 1.993e-02, eta: 6:36:51, time: 0.521, data_time: 0.015, memory: 6156, loss_rpn_cls: 0.0581, loss_rpn_bbox: 0.0086, loss_cls: 0.2308, acc: 90.3926, loss_bbox: 0.1801, loss: 0.4776, grad_norm: 1.7345
2026-05-11 07:11:28,162 - mmdet - INFO - Epoch [13][50/186]	lr: 1.992e-02, eta: 6:32:48, time: 0.589, data_time: 0.083, memory: 6156, loss_rpn_cls: 0.0443, loss_rpn_bbox: 0.0078, loss_cls: 0.2042, acc: 91.5986, loss_bbox: 0.1600, loss: 0.4163, grad_norm: 1.5710
2026-05-11 07:11:53,971 - mmdet - INFO - Epoch [13][100/186]	lr: 1.992e-02, eta: 6:33:55, time: 0.518, data_time: 0.015, memory: 6156, loss_rpn_cls: 0.0557, loss_rpn_bbox: 0.0070, loss_cls: 0.2149, acc: 91.0869, loss_bbox: 0.1601, loss: 0.4377, grad_norm: 1.6663
2026-05-11 07:12:19,988 - mmdet - INFO - Epoch [13][150/186]	lr: 1.992e-02, eta: 6:34:58, time: 0.518, data_time: 0.013, memory: 6156, loss_rpn_cls: 0.0582, loss_rpn_bbox: 0.0082, loss_cls: 0.2176, acc: 91.1182, loss_bbox: 0.1718, loss: 0.4558, grad_norm: 1.6746
2026-05-11 07:13:08,273 - mmdet - INFO - Epoch [14][50/186]	lr: 1.991e-02, eta: 6:31:14, time: 0.591, data_time: 0.082, memory: 6156, loss_rpn_cls: 0.0445, loss_rpn_bbox: 0.0070, loss_cls: 0.2151, acc: 91.2646, loss_bbox: 0.1590, loss: 0.4256, grad_norm: 1.7919
2026-05-11 07:13:34,124 - mmdet - INFO - Epoch [14][100/186]	lr: 1.991e-02, eta: 6:32:11, time: 0.515, data_time: 0.013, memory: 6156, loss_rpn_cls: 0.0428, loss_rpn_bbox: 0.0060, loss_cls: 0.2073, acc: 91.4629, loss_bbox: 0.1629, loss: 0.4191, grad_norm: 1.6085
2026-05-11 07:14:00,065 - mmdet - INFO - Epoch [14][150/186]	lr: 1.991e-02, eta: 6:33:11, time: 0.521, data_time: 0.015, memory: 6156, loss_rpn_cls: 0.0440, loss_rpn_bbox: 0.0073, loss_cls: 0.2133, acc: 91.2598, loss_bbox: 0.1636, loss: 0.4281, grad_norm: 1.6966
2026-05-11 07:14:48,326 - mmdet - INFO - Epoch [15][50/186]	lr: 1.989e-02, eta: 6:29:37, time: 0.587, data_time: 0.083, memory: 6156, loss_rpn_cls: 0.0369, loss_rpn_bbox: 0.0070, loss_cls: 0.1868, acc: 92.3467, loss_bbox: 0.1437, loss: 0.3744, grad_norm: 1.6324
2026-05-11 07:15:14,202 - mmdet - INFO - Epoch [15][100/186]	lr: 1.989e-02, eta: 6:30:33, time: 0.519, data_time: 0.015, memory: 6156, loss_rpn_cls: 0.0504, loss_rpn_bbox: 0.0065, loss_cls: 0.1931, acc: 92.2070, loss_bbox: 0.1510, loss: 0.4010, grad_norm: 1.7499
2026-05-11 07:15:40,097 - mmdet - INFO - Epoch [15][150/186]	lr: 1.989e-02, eta: 6:31:23, time: 0.516, data_time: 0.013, memory: 6156, loss_rpn_cls: 0.0541, loss_rpn_bbox: 0.0078, loss_cls: 0.2196, acc: 90.9492, loss_bbox: 0.1743, loss: 0.4557, grad_norm: 1.7981
2026-05-11 07:16:28,336 - mmdet - INFO - Epoch [16][50/186]	lr: 1.988e-02, eta: 6:28:06, time: 0.591, data_time: 0.082, memory: 6156, loss_rpn_cls: 0.0414, loss_rpn_bbox: 0.0066, loss_cls: 0.2179, acc: 90.9385, loss_bbox: 0.1643, loss: 0.4302, grad_norm: 1.8837
2026-05-11 07:16:54,040 - mmdet - INFO - Epoch [16][100/186]	lr: 1.988e-02, eta: 6:28:51, time: 0.512, data_time: 0.013, memory: 6156, loss_rpn_cls: 0.0414, loss_rpn_bbox: 0.0061, loss_cls: 0.1970, acc: 92.0371, loss_bbox: 0.1531, loss: 0.3976, grad_norm: 1.7587
2026-05-11 07:17:20,043 - mmdet - INFO - Epoch [16][150/186]	lr: 1.988e-02, eta: 6:29:41, time: 0.522, data_time: 0.015, memory: 6156, loss_rpn_cls: 0.0399, loss_rpn_bbox: 0.0070, loss_cls: 0.2011, acc: 91.7500, loss_bbox: 0.1602, loss: 0.4083, grad_norm: 1.6853
2026-05-11 07:18:08,366 - mmdet - INFO - Epoch [17][50/186]	lr: 1.986e-02, eta: 6:26:34, time: 0.590, data_time: 0.083, memory: 6156, loss_rpn_cls: 0.0351, loss_rpn_bbox: 0.0065, loss_cls: 0.1961, acc: 91.9199, loss_bbox: 0.1511, loss: 0.3888, grad_norm: 1.6422
2026-05-11 07:18:34,233 - mmdet - INFO - Epoch [17][100/186]	lr: 1.986e-02, eta: 6:27:21, time: 0.519, data_time: 0.015, memory: 6156, loss_rpn_cls: 0.0422, loss_rpn_bbox: 0.0061, loss_cls: 0.1910, acc: 92.1572, loss_bbox: 0.1479, loss: 0.3871, grad_norm: 1.7000
2026-05-11 07:19:00,101 - mmdet - INFO - Epoch [17][150/186]	lr: 1.986e-02, eta: 6:28:01, time: 0.515, data_time: 0.013, memory: 6156, loss_rpn_cls: 0.0405, loss_rpn_bbox: 0.0068, loss_cls: 0.2017, acc: 91.6777, loss_bbox: 0.1539, loss: 0.4030, grad_norm: 1.7218
2026-05-11 07:19:48,256 - mmdet - INFO - Epoch [18][50/186]	lr: 1.984e-02, eta: 6:25:04, time: 0.590, data_time: 0.082, memory: 6156, loss_rpn_cls: 0.0311, loss_rpn_bbox: 0.0055, loss_cls: 0.1834, acc: 92.6631, loss_bbox: 0.1396, loss: 0.3596, grad_norm: 1.5473
2026-05-11 07:20:14,120 - mmdet - INFO - Epoch [18][100/186]	lr: 1.984e-02, eta: 6:25:43, time: 0.515, data_time: 0.013, memory: 6156, loss_rpn_cls: 0.0337, loss_rpn_bbox: 0.0055, loss_cls: 0.1921, acc: 92.0811, loss_bbox: 0.1508, loss: 0.3820, grad_norm: 1.5548
2026-05-11 07:20:40,014 - mmdet - INFO - Epoch [18][150/186]	lr: 1.984e-02, eta: 6:26:24, time: 0.520, data_time: 0.014, memory: 6156, loss_rpn_cls: 0.0460, loss_rpn_bbox: 0.0069, loss_cls: 0.2143, acc: 91.3076, loss_bbox: 0.1606, loss: 0.4277, grad_norm: 1.6970
2026-05-11 07:21:28,283 - mmdet - INFO - Epoch [19][50/186]	lr: 1.982e-02, eta: 6:23:33, time: 0.588, data_time: 0.083, memory: 6156, loss_rpn_cls: 0.0472, loss_rpn_bbox: 0.0064, loss_cls: 0.1857, acc: 92.4795, loss_bbox: 0.1426, loss: 0.3818, grad_norm: 1.7018
2026-05-11 07:21:54,145 - mmdet - INFO - Epoch [19][100/186]	lr: 1.982e-02, eta: 6:24:12, time: 0.519, data_time: 0.015, memory: 6156, loss_rpn_cls: 0.0386, loss_rpn_bbox: 0.0061, loss_cls: 0.1785, acc: 92.6562, loss_bbox: 0.1392, loss: 0.3623, grad_norm: 1.6389
2026-05-11 07:22:20,114 - mmdet - INFO - Epoch [19][150/186]	lr: 1.982e-02, eta: 6:24:48, time: 0.517, data_time: 0.013, memory: 6156, loss_rpn_cls: 0.0370, loss_rpn_bbox: 0.0064, loss_cls: 0.2076, acc: 91.3779, loss_bbox: 0.1530, loss: 0.4039, grad_norm: 1.7747
2026-05-11 07:23:08,431 - mmdet - INFO - Epoch [20][50/186]	lr: 1.980e-02, eta: 6:22:08, time: 0.592, data_time: 0.083, memory: 6156, loss_rpn_cls: 0.0407, loss_rpn_bbox: 0.0067, loss_cls: 0.1816, acc: 92.6260, loss_bbox: 0.1454, loss: 0.3743, grad_norm: 1.6618
2026-05-11 07:23:34,364 - mmdet - INFO - Epoch [20][100/186]	lr: 1.980e-02, eta: 6:22:41, time: 0.517, data_time: 0.013, memory: 6156, loss_rpn_cls: 0.0403, loss_rpn_bbox: 0.0064, loss_cls: 0.1916, acc: 92.1699, loss_bbox: 0.1422, loss: 0.3806, grad_norm: 1.6970
2026-05-11 07:24:00,252 - mmdet - INFO - Epoch [20][150/186]	lr: 1.980e-02, eta: 6:23:16, time: 0.520, data_time: 0.015, memory: 6156, loss_rpn_cls: 0.0333, loss_rpn_bbox: 0.0068, loss_cls: 0.1979, acc: 91.8281, loss_bbox: 0.1489, loss: 0.3869, grad_norm: 1.7577
2026-05-11 07:24:19,009 - mmdet - INFO - Saving checkpoint at 20 epochs
2026-05-11 07:24:54,268 - mmdet - INFO - Evaluating bbox...
2026-05-11 07:24:57,475 - mmdet - INFO - 
 Average Precision  (AP) @[ IoU=0.50:0.95 | area=   all | maxDets=100 ] = 0.236
 Average Precision  (AP) @[ IoU=0.50      | area=   all | maxDets=1000 ] = 0.596
 Average Precision  (AP) @[ IoU=0.75      | area=   all | maxDets=1000 ] = 0.132
 Average Precision  (AP) @[ IoU=0.50:0.95 | area= small | maxDets=1000 ] = 0.000
 Average Precision  (AP) @[ IoU=0.50:0.95 | area=medium | maxDets=1000 ] = 0.204
 Average Precision  (AP) @[ IoU=0.50:0.95 | area= large | maxDets=1000 ] = 0.300
 Average Recall     (AR) @[ IoU=0.50:0.95 | area=   all | maxDets=100 ] = 0.356
 Average Recall     (AR) @[ IoU=0.50:0.95 | area=   all | maxDets=300 ] = 0.356
 Average Recall     (AR) @[ IoU=0.50:0.95 | area=   all | maxDets=1000 ] = 0.356
 Average Recall     (AR) @[ IoU=0.50:0.95 | area= small | maxDets=1000 ] = 0.000
 Average Recall     (AR) @[ IoU=0.50:0.95 | area=medium | maxDets=1000 ] = 0.320
 Average Recall     (AR) @[ IoU=0.50:0.95 | area= large | maxDets=1000 ] = 0.432

2026-05-11 07:24:57,600 - mmdet - INFO - The previous best checkpoint /home/ahmadreza/Downloads/Research/M2SODAI/baseline_official/runs_r50_hbb/r50_hbb_fold_2_20260511/best_bbox_mAP_epoch_10.pth was removed
2026-05-11 07:24:59,193 - mmdet - INFO - Now best checkpoint is saved as best_bbox_mAP_epoch_20.pth.
2026-05-11 07:24:59,194 - mmdet - INFO - Best bbox_mAP is 0.2360 at 20 epoch.
2026-05-11 07:24:59,194 - mmdet - INFO - Exp name: fold_2_r50_300e_hbb.py
2026-05-11 07:24:59,194 - mmdet - INFO - Epoch(val) [20][371]	bbox_mAP: 0.2360, bbox_mAP_50: 0.5960, bbox_mAP_75: 0.1320, bbox_mAP_s: 0.0000, bbox_mAP_m: 0.2040, bbox_mAP_l: 0.3000, bbox_mAP_copypaste: 0.236 0.596 0.132 0.000 0.204 0.300
2026-05-11 07:25:28,669 - mmdet - INFO - Epoch [21][50/186]	lr: 1.978e-02, eta: 6:20:39, time: 0.587, data_time: 0.082, memory: 6156, loss_rpn_cls: 0.0312, loss_rpn_bbox: 0.0060, loss_cls: 0.1831, acc: 92.4287, loss_bbox: 0.1452, loss: 0.3655, grad_norm: 1.7543
2026-05-11 07:25:54,600 - mmdet - INFO - Epoch [21][100/186]	lr: 1.978e-02, eta: 6:21:13, time: 0.521, data_time: 0.015, memory: 6156, loss_rpn_cls: 0.0455, loss_rpn_bbox: 0.0065, loss_cls: 0.1964, acc: 91.9521, loss_bbox: 0.1476, loss: 0.3961, grad_norm: 1.7129
2026-05-11 07:26:20,499 - mmdet - INFO - Epoch [21][150/186]	lr: 1.978e-02, eta: 6:21:42, time: 0.516, data_time: 0.013, memory: 6156, loss_rpn_cls: 0.0326, loss_rpn_bbox: 0.0064, loss_cls: 0.1858, acc: 92.2305, loss_bbox: 0.1488, loss: 0.3736, grad_norm: 1.7160
2026-05-11 07:27:08,769 - mmdet - INFO - Epoch [22][50/186]	lr: 1.976e-02, eta: 6:19:14, time: 0.591, data_time: 0.083, memory: 6156, loss_rpn_cls: 0.0343, loss_rpn_bbox: 0.0065, loss_cls: 0.1805, acc: 92.6377, loss_bbox: 0.1376, loss: 0.3589, grad_norm: 1.6738
2026-05-11 07:27:34,622 - mmdet - INFO - Epoch [22][100/186]	lr: 1.976e-02, eta: 6:19:41, time: 0.515, data_time: 0.013, memory: 6156, loss_rpn_cls: 0.0270, loss_rpn_bbox: 0.0051, loss_cls: 0.1712, acc: 92.9814, loss_bbox: 0.1384, loss: 0.3417, grad_norm: 1.6153
2026-05-11 07:28:00,598 - mmdet - INFO - Epoch [22][150/186]	lr: 1.976e-02, eta: 6:20:11, time: 0.521, data_time: 0.015, memory: 6156, loss_rpn_cls: 0.0412, loss_rpn_bbox: 0.0071, loss_cls: 0.1941, acc: 92.2090, loss_bbox: 0.1475, loss: 0.3899, grad_norm: 1.6701
2026-05-11 07:28:48,820 - mmdet - INFO - Epoch [23][50/186]	lr: 1.974e-02, eta: 6:17:46, time: 0.586, data_time: 0.082, memory: 6156, loss_rpn_cls: 0.0432, loss_rpn_bbox: 0.0061, loss_cls: 0.1663, acc: 93.3594, loss_bbox: 0.1372, loss: 0.3529, grad_norm: 1.6677
2026-05-11 07:29:14,795 - mmdet - INFO - Epoch [23][100/186]	lr: 1.974e-02, eta: 6:18:15, time: 0.521, data_time: 0.015, memory: 6156, loss_rpn_cls: 0.0333, loss_rpn_bbox: 0.0051, loss_cls: 0.1720, acc: 93.0469, loss_bbox: 0.1326, loss: 0.3429, grad_norm: 1.5902
2026-05-11 07:29:40,742 - mmdet - INFO - Epoch [23][150/186]	lr: 1.974e-02, eta: 6:18:40, time: 0.517, data_time: 0.013, memory: 6156, loss_rpn_cls: 0.0392, loss_rpn_bbox: 0.0067, loss_cls: 0.1844, acc: 92.4473, loss_bbox: 0.1431, loss: 0.3734, grad_norm: 1.6859
2026-05-11 07:30:28,948 - mmdet - INFO - Epoch [24][50/186]	lr: 1.971e-02, eta: 6:16:23, time: 0.591, data_time: 0.083, memory: 6156, loss_rpn_cls: 0.0368, loss_rpn_bbox: 0.0057, loss_cls: 0.1751, acc: 92.7646, loss_bbox: 0.1378, loss: 0.3554, grad_norm: 1.8232
2026-05-11 07:30:54,800 - mmdet - INFO - Epoch [24][100/186]	lr: 1.971e-02, eta: 6:16:45, time: 0.515, data_time: 0.013, memory: 6156, loss_rpn_cls: 0.0389, loss_rpn_bbox: 0.0052, loss_cls: 0.1818, acc: 92.6250, loss_bbox: 0.1303, loss: 0.3563, grad_norm: 1.7826
2026-05-11 07:31:20,824 - mmdet - INFO - Epoch [24][150/186]	lr: 1.971e-02, eta: 6:17:11, time: 0.522, data_time: 0.015, memory: 6156, loss_rpn_cls: 0.0330, loss_rpn_bbox: 0.0062, loss_cls: 0.1861, acc: 92.3086, loss_bbox: 0.1433, loss: 0.3687, grad_norm: 1.6856
2026-05-11 07:32:09,193 - mmdet - INFO - Epoch [25][50/186]	lr: 1.969e-02, eta: 6:14:58, time: 0.589, data_time: 0.082, memory: 6156, loss_rpn_cls: 0.0408, loss_rpn_bbox: 0.0059, loss_cls: 0.1672, acc: 93.2842, loss_bbox: 0.1273, loss: 0.3412, grad_norm: 1.6804
2026-05-11 07:32:35,041 - mmdet - INFO - Epoch [25][100/186]	lr: 1.969e-02, eta: 6:15:21, time: 0.519, data_time: 0.015, memory: 6156, loss_rpn_cls: 0.0390, loss_rpn_bbox: 0.0054, loss_cls: 0.1717, acc: 93.0039, loss_bbox: 0.1327, loss: 0.3488, grad_norm: 1.6674
2026-05-11 07:33:00,914 - mmdet - INFO - Epoch [25][150/186]	lr: 1.969e-02, eta: 6:15:41, time: 0.515, data_time: 0.013, memory: 6156, loss_rpn_cls: 0.0388, loss_rpn_bbox: 0.0065, loss_cls: 0.2065, acc: 91.6475, loss_bbox: 0.1435, loss: 0.3953, grad_norm: 1.8519
2026-05-11 07:33:49,140 - mmdet - INFO - Epoch [26][50/186]	lr: 1.966e-02, eta: 6:13:32, time: 0.590, data_time: 0.082, memory: 6156, loss_rpn_cls: 0.0306, loss_rpn_bbox: 0.0053, loss_cls: 0.1630, acc: 93.3770, loss_bbox: 0.1244, loss: 0.3232, grad_norm: 1.5799
2026-05-11 07:34:14,978 - mmdet - INFO - Epoch [26][100/186]	lr: 1.966e-02, eta: 6:13:51, time: 0.515, data_time: 0.013, memory: 6156, loss_rpn_cls: 0.0288, loss_rpn_bbox: 0.0048, loss_cls: 0.1649, acc: 93.0723, loss_bbox: 0.1266, loss: 0.3251, grad_norm: 1.5943
2026-05-11 07:34:40,961 - mmdet - INFO - Epoch [26][150/186]	lr: 1.966e-02, eta: 6:14:13, time: 0.522, data_time: 0.015, memory: 6156, loss_rpn_cls: 0.0261, loss_rpn_bbox: 0.0052, loss_cls: 0.1726, acc: 92.9482, loss_bbox: 0.1356, loss: 0.3396, grad_norm: 1.5983
2026-05-11 07:35:29,295 - mmdet - INFO - Epoch [27][50/186]	lr: 1.963e-02, eta: 6:12:07, time: 0.588, data_time: 0.082, memory: 6156, loss_rpn_cls: 0.0329, loss_rpn_bbox: 0.0053, loss_cls: 0.1594, acc: 93.4951, loss_bbox: 0.1301, loss: 0.3276, grad_norm: 1.6030
2026-05-11 07:35:55,162 - mmdet - INFO - Epoch [27][100/186]	lr: 1.963e-02, eta: 6:12:26, time: 0.519, data_time: 0.015, memory: 6156, loss_rpn_cls: 0.0319, loss_rpn_bbox: 0.0053, loss_cls: 0.1553, acc: 93.7500, loss_bbox: 0.1223, loss: 0.3148, grad_norm: 1.5801
2026-05-11 07:36:21,133 - mmdet - INFO - Epoch [27][150/186]	lr: 1.963e-02, eta: 6:12:44, time: 0.517, data_time: 0.013, memory: 6156, loss_rpn_cls: 0.0275, loss_rpn_bbox: 0.0060, loss_cls: 0.1700, acc: 93.0830, loss_bbox: 0.1390, loss: 0.3426, grad_norm: 1.5457
2026-05-11 07:37:09,417 - mmdet - INFO - Epoch [28][50/186]	lr: 1.960e-02, eta: 6:10:44, time: 0.592, data_time: 0.083, memory: 6156, loss_rpn_cls: 0.0347, loss_rpn_bbox: 0.0056, loss_cls: 0.1590, acc: 93.5938, loss_bbox: 0.1239, loss: 0.3232, grad_norm: 1.5403
2026-05-11 07:37:35,291 - mmdet - INFO - Epoch [28][100/186]	lr: 1.960e-02, eta: 6:11:00, time: 0.516, data_time: 0.013, memory: 6156, loss_rpn_cls: 0.0341, loss_rpn_bbox: 0.0053, loss_cls: 0.1576, acc: 93.5684, loss_bbox: 0.1182, loss: 0.3151, grad_norm: 1.6506
2026-05-11 07:38:01,283 - mmdet - INFO - Epoch [28][150/186]	lr: 1.960e-02, eta: 6:11:19, time: 0.522, data_time: 0.015, memory: 6156, loss_rpn_cls: 0.0318, loss_rpn_bbox: 0.0055, loss_cls: 0.1648, acc: 93.2363, loss_bbox: 0.1334, loss: 0.3355, grad_norm: 1.6691
2026-05-11 07:38:49,738 - mmdet - INFO - Epoch [29][50/186]	lr: 1.957e-02, eta: 6:09:21, time: 0.591, data_time: 0.084, memory: 6156, loss_rpn_cls: 0.0345, loss_rpn_bbox: 0.0050, loss_cls: 0.1565, acc: 93.8037, loss_bbox: 0.1227, loss: 0.3187, grad_norm: 1.6207
2026-05-11 07:39:15,615 - mmdet - INFO - Epoch [29][100/186]	lr: 1.957e-02, eta: 6:09:38, time: 0.519, data_time: 0.015, memory: 6156, loss_rpn_cls: 0.0236, loss_rpn_bbox: 0.0044, loss_cls: 0.1517, acc: 93.8584, loss_bbox: 0.1178, loss: 0.2975, grad_norm: 1.6907
2026-05-11 07:39:41,681 - mmdet - INFO - Epoch [29][150/186]	lr: 1.957e-02, eta: 6:09:53, time: 0.519, data_time: 0.013, memory: 6156, loss_rpn_cls: 0.0353, loss_rpn_bbox: 0.0058, loss_cls: 0.1747, acc: 92.9678, loss_bbox: 0.1279, loss: 0.3437, grad_norm: 1.7531
2026-05-11 07:40:30,039 - mmdet - INFO - Epoch [30][50/186]	lr: 1.954e-02, eta: 6:07:59, time: 0.592, data_time: 0.082, memory: 6156, loss_rpn_cls: 0.0291, loss_rpn_bbox: 0.0052, loss_cls: 0.1559, acc: 93.6582, loss_bbox: 0.1253, loss: 0.3156, grad_norm: 1.6055
2026-05-11 07:40:55,870 - mmdet - INFO - Epoch [30][100/186]	lr: 1.954e-02, eta: 6:08:12, time: 0.515, data_time: 0.013, memory: 6156, loss_rpn_cls: 0.0304, loss_rpn_bbox: 0.0046, loss_cls: 0.1618, acc: 93.4072, loss_bbox: 0.1234, loss: 0.3202, grad_norm: 1.6216
2026-05-11 07:41:21,776 - mmdet - INFO - Epoch [30][150/186]	lr: 1.954e-02, eta: 6:08:27, time: 0.520, data_time: 0.015, memory: 6156, loss_rpn_cls: 0.0335, loss_rpn_bbox: 0.0055, loss_cls: 0.1598, acc: 93.6475, loss_bbox: 0.1267, loss: 0.3255, grad_norm: 1.5947
2026-05-11 07:41:40,539 - mmdet - INFO - Saving checkpoint at 30 epochs
2026-05-11 07:42:15,988 - mmdet - INFO - Evaluating bbox...
2026-05-11 07:42:20,067 - mmdet - INFO - 
 Average Precision  (AP) @[ IoU=0.50:0.95 | area=   all | maxDets=100 ] = 0.255
 Average Precision  (AP) @[ IoU=0.50      | area=   all | maxDets=1000 ] = 0.636
 Average Precision  (AP) @[ IoU=0.75      | area=   all | maxDets=1000 ] = 0.148
 Average Precision  (AP) @[ IoU=0.50:0.95 | area= small | maxDets=1000 ] = 0.008
 Average Precision  (AP) @[ IoU=0.50:0.95 | area=medium | maxDets=1000 ] = 0.213
 Average Precision  (AP) @[ IoU=0.50:0.95 | area= large | maxDets=1000 ] = 0.338
 Average Recall     (AR) @[ IoU=0.50:0.95 | area=   all | maxDets=100 ] = 0.380
 Average Recall     (AR) @[ IoU=0.50:0.95 | area=   all | maxDets=300 ] = 0.380
 Average Recall     (AR) @[ IoU=0.50:0.95 | area=   all | maxDets=1000 ] = 0.380
 Average Recall     (AR) @[ IoU=0.50:0.95 | area= small | maxDets=1000 ] = 0.006
 Average Recall     (AR) @[ IoU=0.50:0.95 | area=medium | maxDets=1000 ] = 0.333
 Average Recall     (AR) @[ IoU=0.50:0.95 | area= large | maxDets=1000 ] = 0.475

2026-05-11 07:42:20,194 - mmdet - INFO - The previous best checkpoint /home/ahmadreza/Downloads/Research/M2SODAI/baseline_official/runs_r50_hbb/r50_hbb_fold_2_20260511/best_bbox_mAP_epoch_20.pth was removed
2026-05-11 07:42:21,731 - mmdet - INFO - Now best checkpoint is saved as best_bbox_mAP_epoch_30.pth.
2026-05-11 07:42:21,731 - mmdet - INFO - Best bbox_mAP is 0.2550 at 30 epoch.
2026-05-11 07:42:21,732 - mmdet - INFO - Exp name: fold_2_r50_300e_hbb.py
2026-05-11 07:42:21,732 - mmdet - INFO - Epoch(val) [30][371]	bbox_mAP: 0.2550, bbox_mAP_50: 0.6360, bbox_mAP_75: 0.1480, bbox_mAP_s: 0.0080, bbox_mAP_m: 0.2130, bbox_mAP_l: 0.3380, bbox_mAP_copypaste: 0.255 0.636 0.148 0.008 0.213 0.338
2026-05-11 07:42:51,125 - mmdet - INFO - Epoch [31][50/186]	lr: 1.951e-02, eta: 6:06:33, time: 0.586, data_time: 0.083, memory: 6156, loss_rpn_cls: 0.0288, loss_rpn_bbox: 0.0049, loss_cls: 0.1409, acc: 94.3096, loss_bbox: 0.1160, loss: 0.2905, grad_norm: 1.5697
2026-05-11 07:43:16,986 - mmdet - INFO - Epoch [31][100/186]	lr: 1.951e-02, eta: 6:06:47, time: 0.519, data_time: 0.015, memory: 6156, loss_rpn_cls: 0.0330, loss_rpn_bbox: 0.0046, loss_cls: 0.1608, acc: 93.4590, loss_bbox: 0.1285, loss: 0.3270, grad_norm: 1.7054
2026-05-11 07:43:42,894 - mmdet - INFO - Epoch [31][150/186]	lr: 1.951e-02, eta: 6:06:58, time: 0.516, data_time: 0.013, memory: 6156, loss_rpn_cls: 0.0291, loss_rpn_bbox: 0.0053, loss_cls: 0.1738, acc: 92.8330, loss_bbox: 0.1414, loss: 0.3496, grad_norm: 1.7117
2026-05-11 07:44:31,236 - mmdet - INFO - Epoch [32][50/186]	lr: 1.948e-02, eta: 6:05:10, time: 0.592, data_time: 0.082, memory: 6156, loss_rpn_cls: 0.0307, loss_rpn_bbox: 0.0056, loss_cls: 0.1577, acc: 93.7197, loss_bbox: 0.1284, loss: 0.3224, grad_norm: 1.6722
2026-05-11 07:44:57,103 - mmdet - INFO - Epoch [32][100/186]	lr: 1.948e-02, eta: 6:05:21, time: 0.515, data_time: 0.013, memory: 6156, loss_rpn_cls: 0.0305, loss_rpn_bbox: 0.0051, loss_cls: 0.1601, acc: 93.6221, loss_bbox: 0.1285, loss: 0.3242, grad_norm: 1.6559
2026-05-11 07:45:23,049 - mmdet - INFO - Epoch [32][150/186]	lr: 1.948e-02, eta: 6:05:33, time: 0.521, data_time: 0.015, memory: 6156, loss_rpn_cls: 0.0344, loss_rpn_bbox: 0.0059, loss_cls: 0.1667, acc: 93.1260, loss_bbox: 0.1361, loss: 0.3431, grad_norm: 1.6433
2026-05-11 07:46:11,501 - mmdet - INFO - Epoch [33][50/186]	lr: 1.944e-02, eta: 6:03:46, time: 0.589, data_time: 0.082, memory: 6156, loss_rpn_cls: 0.0283, loss_rpn_bbox: 0.0049, loss_cls: 0.1512, acc: 93.9121, loss_bbox: 0.1167, loss: 0.3010, grad_norm: 1.6387
2026-05-11 07:46:37,412 - mmdet - INFO - Epoch [33][100/186]	lr: 1.944e-02, eta: 6:03:58, time: 0.520, data_time: 0.015, memory: 6156, loss_rpn_cls: 0.0338, loss_rpn_bbox: 0.0049, loss_cls: 0.1697, acc: 93.0720, loss_bbox: 0.1304, loss: 0.3389, grad_norm: 1.6886
2026-05-11 07:47:03,371 - mmdet - INFO - Epoch [33][150/186]	lr: 1.944e-02, eta: 6:04:08, time: 0.517, data_time: 0.013, memory: 6156, loss_rpn_cls: 0.0273, loss_rpn_bbox: 0.0054, loss_cls: 0.1617, acc: 93.3066, loss_bbox: 0.1296, loss: 0.3241, grad_norm: 1.7058
2026-05-11 07:47:51,690 - mmdet - INFO - Epoch [34][50/186]	lr: 1.941e-02, eta: 6:02:24, time: 0.592, data_time: 0.083, memory: 6156, loss_rpn_cls: 0.0228, loss_rpn_bbox: 0.0054, loss_cls: 0.1391, acc: 94.3564, loss_bbox: 0.1092, loss: 0.2765, grad_norm: 1.3433
2026-05-11 07:48:17,515 - mmdet - INFO - Epoch [34][100/186]	lr: 1.941e-02, eta: 6:02:32, time: 0.515, data_time: 0.013, memory: 6156, loss_rpn_cls: 0.0291, loss_rpn_bbox: 0.0044, loss_cls: 0.1419, acc: 94.3145, loss_bbox: 0.1083, loss: 0.2837, grad_norm: 1.3725
2026-05-11 07:48:43,527 - mmdet - INFO - Epoch [34][150/186]	lr: 1.941e-02, eta: 6:02:43, time: 0.522, data_time: 0.015, memory: 6156, loss_rpn_cls: 0.0301, loss_rpn_bbox: 0.0053, loss_cls: 0.1534, acc: 93.7305, loss_bbox: 0.1183, loss: 0.3070, grad_norm: 1.4652
2026-05-11 07:49:32,005 - mmdet - INFO - Epoch [35][50/186]	lr: 1.937e-02, eta: 6:01:01, time: 0.591, data_time: 0.083, memory: 6156, loss_rpn_cls: 0.0288, loss_rpn_bbox: 0.0049, loss_cls: 0.1414, acc: 94.2861, loss_bbox: 0.1072, loss: 0.2823, grad_norm: 1.3852
2026-05-11 07:49:58,024 - mmdet - INFO - Epoch [35][100/186]	lr: 1.937e-02, eta: 6:01:12, time: 0.522, data_time: 0.015, memory: 6156, loss_rpn_cls: 0.0270, loss_rpn_bbox: 0.0046, loss_cls: 0.1450, acc: 94.1260, loss_bbox: 0.1103, loss: 0.2869, grad_norm: 1.4034
2026-05-11 07:50:23,897 - mmdet - INFO - Epoch [35][150/186]	lr: 1.937e-02, eta: 6:01:19, time: 0.516, data_time: 0.013, memory: 6156, loss_rpn_cls: 0.0252, loss_rpn_bbox: 0.0050, loss_cls: 0.1472, acc: 94.1367, loss_bbox: 0.1116, loss: 0.2889, grad_norm: 1.4443
2026-05-11 07:51:12,181 - mmdet - INFO - Epoch [36][50/186]	lr: 1.934e-02, eta: 5:59:39, time: 0.591, data_time: 0.083, memory: 6156, loss_rpn_cls: 0.0279, loss_rpn_bbox: 0.0049, loss_cls: 0.1375, acc: 94.5449, loss_bbox: 0.1093, loss: 0.2795, grad_norm: 1.4486
2026-05-11 07:51:37,910 - mmdet - INFO - Epoch [36][100/186]	lr: 1.934e-02, eta: 5:59:45, time: 0.513, data_time: 0.013, memory: 6156, loss_rpn_cls: 0.0297, loss_rpn_bbox: 0.0042, loss_cls: 0.1440, acc: 94.2710, loss_bbox: 0.1056, loss: 0.2834, grad_norm: 1.4978
2026-05-11 07:52:03,838 - mmdet - INFO - Epoch [36][150/186]	lr: 1.934e-02, eta: 5:59:53, time: 0.520, data_time: 0.015, memory: 6156, loss_rpn_cls: 0.0321, loss_rpn_bbox: 0.0054, loss_cls: 0.1510, acc: 93.8828, loss_bbox: 0.1159, loss: 0.3044, grad_norm: 1.5437
2026-05-11 07:52:52,235 - mmdet - INFO - Epoch [37][50/186]	lr: 1.930e-02, eta: 5:58:15, time: 0.590, data_time: 0.083, memory: 6156, loss_rpn_cls: 0.0258, loss_rpn_bbox: 0.0048, loss_cls: 0.1449, acc: 94.2676, loss_bbox: 0.1082, loss: 0.2837, grad_norm: 1.4531
2026-05-11 07:53:18,113 - mmdet - INFO - Epoch [37][100/186]	lr: 1.930e-02, eta: 5:58:23, time: 0.519, data_time: 0.015, memory: 6156, loss_rpn_cls: 0.0254, loss_rpn_bbox: 0.0044, loss_cls: 0.1456, acc: 94.1337, loss_bbox: 0.1096, loss: 0.2849, grad_norm: 1.4951
2026-05-11 07:53:44,107 - mmdet - INFO - Epoch [37][150/186]	lr: 1.930e-02, eta: 5:58:29, time: 0.518, data_time: 0.013, memory: 6156, loss_rpn_cls: 0.0272, loss_rpn_bbox: 0.0046, loss_cls: 0.1481, acc: 94.1768, loss_bbox: 0.1127, loss: 0.2926, grad_norm: 1.5179
2026-05-11 07:54:32,490 - mmdet - INFO - Epoch [38][50/186]	lr: 1.926e-02, eta: 5:56:54, time: 0.594, data_time: 0.082, memory: 6156, loss_rpn_cls: 0.0275, loss_rpn_bbox: 0.0052, loss_cls: 0.1457, acc: 94.2412, loss_bbox: 0.1135, loss: 0.2919, grad_norm: 1.5351
2026-05-11 07:54:58,326 - mmdet - INFO - Epoch [38][100/186]	lr: 1.926e-02, eta: 5:56:59, time: 0.515, data_time: 0.013, memory: 6156, loss_rpn_cls: 0.0296, loss_rpn_bbox: 0.0044, loss_cls: 0.1516, acc: 93.9727, loss_bbox: 0.1056, loss: 0.2913, grad_norm: 1.5782
2026-05-11 07:55:24,264 - mmdet - INFO - Epoch [38][150/186]	lr: 1.926e-02, eta: 5:57:05, time: 0.521, data_time: 0.015, memory: 6156, loss_rpn_cls: 0.0280, loss_rpn_bbox: 0.0047, loss_cls: 0.1371, acc: 94.4736, loss_bbox: 0.1060, loss: 0.2757, grad_norm: 1.5489
2026-05-11 07:56:12,547 - mmdet - INFO - Epoch [39][50/186]	lr: 1.922e-02, eta: 5:55:30, time: 0.589, data_time: 0.082, memory: 6156, loss_rpn_cls: 0.0233, loss_rpn_bbox: 0.0039, loss_cls: 0.1290, acc: 94.9385, loss_bbox: 0.0949, loss: 0.2510, grad_norm: 1.4165
2026-05-11 07:56:38,451 - mmdet - INFO - Epoch [39][100/186]	lr: 1.922e-02, eta: 5:55:36, time: 0.520, data_time: 0.015, memory: 6156, loss_rpn_cls: 0.0250, loss_rpn_bbox: 0.0041, loss_cls: 0.1394, acc: 94.5201, loss_bbox: 0.1056, loss: 0.2740, grad_norm: 1.4276
2026-05-11 07:57:04,334 - mmdet - INFO - Epoch [39][150/186]	lr: 1.922e-02, eta: 5:55:40, time: 0.516, data_time: 0.013, memory: 6156, loss_rpn_cls: 0.0263, loss_rpn_bbox: 0.0049, loss_cls: 0.1534, acc: 93.8740, loss_bbox: 0.1194, loss: 0.3040, grad_norm: 1.4562
2026-05-11 07:57:52,664 - mmdet - INFO - Epoch [40][50/186]	lr: 1.918e-02, eta: 5:54:08, time: 0.593, data_time: 0.083, memory: 6156, loss_rpn_cls: 0.0290, loss_rpn_bbox: 0.0049, loss_cls: 0.1486, acc: 93.9639, loss_bbox: 0.1146, loss: 0.2971, grad_norm: 1.7695
2026-05-11 07:58:18,472 - mmdet - INFO - Epoch [40][100/186]	lr: 1.918e-02, eta: 5:54:11, time: 0.514, data_time: 0.013, memory: 6156, loss_rpn_cls: 0.0250, loss_rpn_bbox: 0.0040, loss_cls: 0.1264, acc: 94.8671, loss_bbox: 0.1055, loss: 0.2610, grad_norm: 1.5895
2026-05-11 07:58:44,476 - mmdet - INFO - Epoch [40][150/186]	lr: 1.918e-02, eta: 5:54:17, time: 0.522, data_time: 0.015, memory: 6156, loss_rpn_cls: 0.0236, loss_rpn_bbox: 0.0047, loss_cls: 0.1497, acc: 93.8975, loss_bbox: 0.1152, loss: 0.2932, grad_norm: 1.5919
2026-05-11 07:59:03,233 - mmdet - INFO - Saving checkpoint at 40 epochs
2026-05-11 07:59:38,907 - mmdet - INFO - Evaluating bbox...
2026-05-11 07:59:42,055 - mmdet - INFO - 
 Average Precision  (AP) @[ IoU=0.50:0.95 | area=   all | maxDets=100 ] = 0.228
 Average Precision  (AP) @[ IoU=0.50      | area=   all | maxDets=1000 ] = 0.594
 Average Precision  (AP) @[ IoU=0.75      | area=   all | maxDets=1000 ] = 0.111
 Average Precision  (AP) @[ IoU=0.50:0.95 | area= small | maxDets=1000 ] = 0.002
 Average Precision  (AP) @[ IoU=0.50:0.95 | area=medium | maxDets=1000 ] = 0.195
 Average Precision  (AP) @[ IoU=0.50:0.95 | area= large | maxDets=1000 ] = 0.295
 Average Recall     (AR) @[ IoU=0.50:0.95 | area=   all | maxDets=100 ] = 0.340
 Average Recall     (AR) @[ IoU=0.50:0.95 | area=   all | maxDets=300 ] = 0.340
 Average Recall     (AR) @[ IoU=0.50:0.95 | area=   all | maxDets=1000 ] = 0.340
 Average Recall     (AR) @[ IoU=0.50:0.95 | area= small | maxDets=1000 ] = 0.009
 Average Recall     (AR) @[ IoU=0.50:0.95 | area=medium | maxDets=1000 ] = 0.292
 Average Recall     (AR) @[ IoU=0.50:0.95 | area= large | maxDets=1000 ] = 0.434

2026-05-11 07:59:42,061 - mmdet - INFO - Exp name: fold_2_r50_300e_hbb.py
2026-05-11 07:59:42,061 - mmdet - INFO - Epoch(val) [40][371]	bbox_mAP: 0.2280, bbox_mAP_50: 0.5940, bbox_mAP_75: 0.1110, bbox_mAP_s: 0.0020, bbox_mAP_m: 0.1950, bbox_mAP_l: 0.2950, bbox_mAP_copypaste: 0.228 0.594 0.111 0.002 0.195 0.295
2026-05-11 08:00:11,564 - mmdet - INFO - Epoch [41][50/186]	lr: 1.914e-02, eta: 5:52:45, time: 0.588, data_time: 0.083, memory: 6156, loss_rpn_cls: 0.0242, loss_rpn_bbox: 0.0045, loss_cls: 0.1396, acc: 94.3877, loss_bbox: 0.1046, loss: 0.2730, grad_norm: 1.3844
2026-05-11 08:00:37,457 - mmdet - INFO - Epoch [41][100/186]	lr: 1.914e-02, eta: 5:52:49, time: 0.520, data_time: 0.015, memory: 6156, loss_rpn_cls: 0.0234, loss_rpn_bbox: 0.0042, loss_cls: 0.1338, acc: 94.6974, loss_bbox: 0.0989, loss: 0.2603, grad_norm: 1.4105
2026-05-11 08:01:03,343 - mmdet - INFO - Epoch [41][150/186]	lr: 1.914e-02, eta: 5:52:52, time: 0.516, data_time: 0.013, memory: 6156, loss_rpn_cls: 0.0228, loss_rpn_bbox: 0.0042, loss_cls: 0.1337, acc: 94.6172, loss_bbox: 0.0994, loss: 0.2602, grad_norm: 1.4143
2026-05-11 08:01:51,578 - mmdet - INFO - Epoch [42][50/186]	lr: 1.909e-02, eta: 5:51:22, time: 0.591, data_time: 0.082, memory: 6156, loss_rpn_cls: 0.0255, loss_rpn_bbox: 0.0043, loss_cls: 0.1333, acc: 94.7266, loss_bbox: 0.1013, loss: 0.2645, grad_norm: 1.5158
2026-05-11 08:02:17,464 - mmdet - INFO - Epoch [42][100/186]	lr: 1.909e-02, eta: 5:51:25, time: 0.516, data_time: 0.013, memory: 6156, loss_rpn_cls: 0.0282, loss_rpn_bbox: 0.0044, loss_cls: 0.1475, acc: 94.2496, loss_bbox: 0.1077, loss: 0.2879, grad_norm: 1.5413
2026-05-11 08:02:43,384 - mmdet - INFO - Epoch [42][150/186]	lr: 1.909e-02, eta: 5:51:28, time: 0.520, data_time: 0.015, memory: 6156, loss_rpn_cls: 0.0235, loss_rpn_bbox: 0.0043, loss_cls: 0.1326, acc: 94.7891, loss_bbox: 0.1018, loss: 0.2622, grad_norm: 1.4644
2026-05-11 08:03:31,693 - mmdet - INFO - Epoch [43][50/186]	lr: 1.905e-02, eta: 5:50:00, time: 0.590, data_time: 0.083, memory: 6156, loss_rpn_cls: 0.0198, loss_rpn_bbox: 0.0044, loss_cls: 0.1177, acc: 95.2422, loss_bbox: 0.0966, loss: 0.2385, grad_norm: 1.4020
2026-05-11 08:03:57,720 - mmdet - INFO - Epoch [43][100/186]	lr: 1.905e-02, eta: 5:50:03, time: 0.522, data_time: 0.015, memory: 6156, loss_rpn_cls: 0.0366, loss_rpn_bbox: 0.0048, loss_cls: 0.1488, acc: 93.9570, loss_bbox: 0.1212, loss: 0.3114, grad_norm: 1.5201
2026-05-11 08:04:23,660 - mmdet - INFO - Epoch [43][150/186]	lr: 1.905e-02, eta: 5:50:05, time: 0.517, data_time: 0.013, memory: 6156, loss_rpn_cls: 0.0248, loss_rpn_bbox: 0.0044, loss_cls: 0.1250, acc: 94.9736, loss_bbox: 0.0911, loss: 0.2452, grad_norm: 1.4617
2026-05-11 08:05:11,908 - mmdet - INFO - Epoch [44][50/186]	lr: 1.900e-02, eta: 5:48:38, time: 0.590, data_time: 0.081, memory: 6156, loss_rpn_cls: 0.0201, loss_rpn_bbox: 0.0045, loss_cls: 0.1217, acc: 95.0908, loss_bbox: 0.0955, loss: 0.2417, grad_norm: 1.3512
2026-05-11 08:05:37,817 - mmdet - INFO - Epoch [44][100/186]	lr: 1.900e-02, eta: 5:48:39, time: 0.516, data_time: 0.013, memory: 6156, loss_rpn_cls: 0.0243, loss_rpn_bbox: 0.0043, loss_cls: 0.1311, acc: 94.9043, loss_bbox: 0.1042, loss: 0.2638, grad_norm: 1.3993
2026-05-11 08:06:03,854 - mmdet - INFO - Epoch [44][150/186]	lr: 1.900e-02, eta: 5:48:42, time: 0.523, data_time: 0.015, memory: 6156, loss_rpn_cls: 0.0210, loss_rpn_bbox: 0.0042, loss_cls: 0.1375, acc: 94.5039, loss_bbox: 0.1070, loss: 0.2696, grad_norm: 1.4196
2026-05-11 08:06:52,259 - mmdet - INFO - Epoch [45][50/186]	lr: 1.896e-02, eta: 5:47:16, time: 0.589, data_time: 0.082, memory: 6156, loss_rpn_cls: 0.0286, loss_rpn_bbox: 0.0051, loss_cls: 0.1314, acc: 94.9414, loss_bbox: 0.0962, loss: 0.2613, grad_norm: 1.4666
2026-05-11 08:07:18,162 - mmdet - INFO - Epoch [45][100/186]	lr: 1.896e-02, eta: 5:47:18, time: 0.520, data_time: 0.015, memory: 6156, loss_rpn_cls: 0.0282, loss_rpn_bbox: 0.0043, loss_cls: 0.1258, acc: 94.9866, loss_bbox: 0.0931, loss: 0.2514, grad_norm: 1.4485
2026-05-11 08:07:44,096 - mmdet - INFO - Epoch [45][150/186]	lr: 1.896e-02, eta: 5:47:18, time: 0.517, data_time: 0.013, memory: 6156, loss_rpn_cls: 0.0247, loss_rpn_bbox: 0.0049, loss_cls: 0.1392, acc: 94.3896, loss_bbox: 0.1008, loss: 0.2697, grad_norm: 1.4453
2026-05-11 08:08:32,392 - mmdet - INFO - Epoch [46][50/186]	lr: 1.891e-02, eta: 5:45:54, time: 0.592, data_time: 0.083, memory: 6156, loss_rpn_cls: 0.0225, loss_rpn_bbox: 0.0040, loss_cls: 0.1224, acc: 95.1523, loss_bbox: 0.0961, loss: 0.2451, grad_norm: 1.5273
2026-05-11 08:08:58,226 - mmdet - INFO - Epoch [46][100/186]	lr: 1.891e-02, eta: 5:45:54, time: 0.515, data_time: 0.013, memory: 6156, loss_rpn_cls: 0.0330, loss_rpn_bbox: 0.0045, loss_cls: 0.1229, acc: 95.2697, loss_bbox: 0.0910, loss: 0.2514, grad_norm: 1.5318
2026-05-11 08:09:24,186 - mmdet - INFO - Epoch [46][150/186]	lr: 1.891e-02, eta: 5:45:55, time: 0.521, data_time: 0.015, memory: 6156, loss_rpn_cls: 0.0277, loss_rpn_bbox: 0.0049, loss_cls: 0.1345, acc: 94.6836, loss_bbox: 0.1001, loss: 0.2672, grad_norm: 1.5394
2026-05-11 08:10:12,488 - mmdet - INFO - Epoch [47][50/186]	lr: 1.886e-02, eta: 5:44:32, time: 0.589, data_time: 0.082, memory: 6156, loss_rpn_cls: 0.0223, loss_rpn_bbox: 0.0044, loss_cls: 0.1296, acc: 94.9307, loss_bbox: 0.0944, loss: 0.2507, grad_norm: 1.5238
2026-05-11 08:10:38,437 - mmdet - INFO - Epoch [47][100/186]	lr: 1.886e-02, eta: 5:44:32, time: 0.521, data_time: 0.015, memory: 6156, loss_rpn_cls: 0.0219, loss_rpn_bbox: 0.0044, loss_cls: 0.1210, acc: 95.2192, loss_bbox: 0.0876, loss: 0.2349, grad_norm: 1.4537
2026-05-11 08:11:04,318 - mmdet - INFO - Epoch [47][150/186]	lr: 1.886e-02, eta: 5:44:31, time: 0.516, data_time: 0.013, memory: 6156, loss_rpn_cls: 0.0239, loss_rpn_bbox: 0.0041, loss_cls: 0.1289, acc: 94.9004, loss_bbox: 0.0977, loss: 0.2547, grad_norm: 1.4655
2026-05-11 08:11:52,595 - mmdet - INFO - Epoch [48][50/186]	lr: 1.881e-02, eta: 5:43:10, time: 0.591, data_time: 0.081, memory: 6156, loss_rpn_cls: 0.0237, loss_rpn_bbox: 0.0039, loss_cls: 0.1153, acc: 95.3506, loss_bbox: 0.0841, loss: 0.2271, grad_norm: 1.2888
2026-05-11 08:12:18,528 - mmdet - INFO - Epoch [48][100/186]	lr: 1.881e-02, eta: 5:43:09, time: 0.517, data_time: 0.013, memory: 6156, loss_rpn_cls: 0.0186, loss_rpn_bbox: 0.0036, loss_cls: 0.1218, acc: 95.2973, loss_bbox: 0.0844, loss: 0.2283, grad_norm: 1.2722
2026-05-11 08:12:44,466 - mmdet - INFO - Epoch [48][150/186]	lr: 1.881e-02, eta: 5:43:08, time: 0.521, data_time: 0.015, memory: 6156, loss_rpn_cls: 0.0269, loss_rpn_bbox: 0.0043, loss_cls: 0.1370, acc: 94.5547, loss_bbox: 0.1011, loss: 0.2694, grad_norm: 1.3675
2026-05-11 08:13:32,692 - mmdet - INFO - Epoch [49][50/186]	lr: 1.876e-02, eta: 5:41:47, time: 0.588, data_time: 0.083, memory: 6156, loss_rpn_cls: 0.0257, loss_rpn_bbox: 0.0040, loss_cls: 0.1207, acc: 95.3877, loss_bbox: 0.0871, loss: 0.2375, grad_norm: 1.3134
2026-05-11 08:13:58,578 - mmdet - INFO - Epoch [49][100/186]	lr: 1.876e-02, eta: 5:41:46, time: 0.520, data_time: 0.015, memory: 6156, loss_rpn_cls: 0.0284, loss_rpn_bbox: 0.0038, loss_cls: 0.1111, acc: 95.6394, loss_bbox: 0.0788, loss: 0.2220, grad_norm: 1.2947
2026-05-11 08:14:24,516 - mmdet - INFO - Epoch [49][150/186]	lr: 1.876e-02, eta: 5:41:45, time: 0.517, data_time: 0.013, memory: 6156, loss_rpn_cls: 0.0249, loss_rpn_bbox: 0.0043, loss_cls: 0.1221, acc: 95.2090, loss_bbox: 0.0913, loss: 0.2427, grad_norm: 1.3309
2026-05-11 08:15:12,923 - mmdet - INFO - Epoch [50][50/186]	lr: 1.871e-02, eta: 5:40:26, time: 0.593, data_time: 0.083, memory: 6156, loss_rpn_cls: 0.0280, loss_rpn_bbox: 0.0040, loss_cls: 0.1244, acc: 95.1533, loss_bbox: 0.0878, loss: 0.2442, grad_norm: 1.3375
2026-05-11 08:15:38,776 - mmdet - INFO - Epoch [50][100/186]	lr: 1.871e-02, eta: 5:40:23, time: 0.515, data_time: 0.013, memory: 6156, loss_rpn_cls: 0.0235, loss_rpn_bbox: 0.0035, loss_cls: 0.1169, acc: 95.4602, loss_bbox: 0.0805, loss: 0.2244, grad_norm: 1.3652
2026-05-11 08:16:04,743 - mmdet - INFO - Epoch [50][150/186]	lr: 1.871e-02, eta: 5:40:22, time: 0.521, data_time: 0.015, memory: 6156, loss_rpn_cls: 0.0249, loss_rpn_bbox: 0.0045, loss_cls: 0.1336, acc: 94.6787, loss_bbox: 0.0966, loss: 0.2595, grad_norm: 1.4736
2026-05-11 08:16:23,480 - mmdet - INFO - Saving checkpoint at 50 epochs
2026-05-11 08:16:59,059 - mmdet - INFO - Evaluating bbox...
2026-05-11 08:17:02,556 - mmdet - INFO - 
 Average Precision  (AP) @[ IoU=0.50:0.95 | area=   all | maxDets=100 ] = 0.236
 Average Precision  (AP) @[ IoU=0.50      | area=   all | maxDets=1000 ] = 0.613
 Average Precision  (AP) @[ IoU=0.75      | area=   all | maxDets=1000 ] = 0.119
 Average Precision  (AP) @[ IoU=0.50:0.95 | area= small | maxDets=1000 ] = 0.001
 Average Precision  (AP) @[ IoU=0.50:0.95 | area=medium | maxDets=1000 ] = 0.200
 Average Precision  (AP) @[ IoU=0.50:0.95 | area= large | maxDets=1000 ] = 0.315
 Average Recall     (AR) @[ IoU=0.50:0.95 | area=   all | maxDets=100 ] = 0.363
 Average Recall     (AR) @[ IoU=0.50:0.95 | area=   all | maxDets=300 ] = 0.363
 Average Recall     (AR) @[ IoU=0.50:0.95 | area=   all | maxDets=1000 ] = 0.363
 Average Recall     (AR) @[ IoU=0.50:0.95 | area= small | maxDets=1000 ] = 0.016
 Average Recall     (AR) @[ IoU=0.50:0.95 | area=medium | maxDets=1000 ] = 0.316
 Average Recall     (AR) @[ IoU=0.50:0.95 | area= large | maxDets=1000 ] = 0.457

2026-05-11 08:17:02,564 - mmdet - INFO - Exp name: fold_2_r50_300e_hbb.py
2026-05-11 08:17:02,564 - mmdet - INFO - Epoch(val) [50][371]	bbox_mAP: 0.2360, bbox_mAP_50: 0.6130, bbox_mAP_75: 0.1190, bbox_mAP_s: 0.0010, bbox_mAP_m: 0.2000, bbox_mAP_l: 0.3150, bbox_mAP_copypaste: 0.236 0.613 0.119 0.001 0.200 0.315
2026-05-11 08:17:31,963 - mmdet - INFO - Epoch [51][50/186]	lr: 1.866e-02, eta: 5:39:03, time: 0.586, data_time: 0.082, memory: 6156, loss_rpn_cls: 0.0260, loss_rpn_bbox: 0.0042, loss_cls: 0.1223, acc: 95.3389, loss_bbox: 0.0921, loss: 0.2445, grad_norm: 1.3624
2026-05-11 08:17:57,827 - mmdet - INFO - Epoch [51][100/186]	lr: 1.866e-02, eta: 5:39:01, time: 0.519, data_time: 0.015, memory: 6156, loss_rpn_cls: 0.0271, loss_rpn_bbox: 0.0042, loss_cls: 0.1134, acc: 95.6657, loss_bbox: 0.0837, loss: 0.2284, grad_norm: 1.3187
2026-05-11 08:18:23,748 - mmdet - INFO - Epoch [51][150/186]	lr: 1.866e-02, eta: 5:38:58, time: 0.516, data_time: 0.013, memory: 6156, loss_rpn_cls: 0.0269, loss_rpn_bbox: 0.0049, loss_cls: 0.1301, acc: 94.8574, loss_bbox: 0.0961, loss: 0.2580, grad_norm: 1.3989
2026-05-11 08:19:12,026 - mmdet - INFO - Epoch [52][50/186]	lr: 1.861e-02, eta: 5:37:41, time: 0.591, data_time: 0.082, memory: 6156, loss_rpn_cls: 0.0296, loss_rpn_bbox: 0.0046, loss_cls: 0.1214, acc: 95.3506, loss_bbox: 0.0810, loss: 0.2365, grad_norm: 1.3755
2026-05-11 08:19:37,852 - mmdet - INFO - Epoch [52][100/186]	lr: 1.861e-02, eta: 5:37:37, time: 0.515, data_time: 0.013, memory: 6156, loss_rpn_cls: 0.0179, loss_rpn_bbox: 0.0031, loss_cls: 0.1150, acc: 95.5488, loss_bbox: 0.0808, loss: 0.2167, grad_norm: 1.3075
2026-05-11 08:20:03,830 - mmdet - INFO - Epoch [52][150/186]	lr: 1.861e-02, eta: 5:37:35, time: 0.521, data_time: 0.015, memory: 6156, loss_rpn_cls: 0.0244, loss_rpn_bbox: 0.0046, loss_cls: 0.1304, acc: 94.8613, loss_bbox: 0.0927, loss: 0.2521, grad_norm: 1.4300
2026-05-11 08:20:52,162 - mmdet - INFO - Epoch [53][50/186]	lr: 1.855e-02, eta: 5:36:18, time: 0.588, data_time: 0.082, memory: 6156, loss_rpn_cls: 0.0184, loss_rpn_bbox: 0.0035, loss_cls: 0.1113, acc: 95.5771, loss_bbox: 0.0800, loss: 0.2132, grad_norm: 1.2227
2026-05-11 08:21:18,144 - mmdet - INFO - Epoch [53][100/186]	lr: 1.855e-02, eta: 5:36:16, time: 0.522, data_time: 0.015, memory: 6156, loss_rpn_cls: 0.0221, loss_rpn_bbox: 0.0034, loss_cls: 0.1150, acc: 95.5509, loss_bbox: 0.0789, loss: 0.2194, grad_norm: 1.2157
2026-05-11 08:21:44,000 - mmdet - INFO - Epoch [53][150/186]	lr: 1.855e-02, eta: 5:36:12, time: 0.515, data_time: 0.013, memory: 6156, loss_rpn_cls: 0.0173, loss_rpn_bbox: 0.0039, loss_cls: 0.1116, acc: 95.4912, loss_bbox: 0.0818, loss: 0.2147, grad_norm: 1.2663
2026-05-11 08:22:32,313 - mmdet - INFO - Epoch [54][50/186]	lr: 1.850e-02, eta: 5:34:56, time: 0.592, data_time: 0.082, memory: 6156, loss_rpn_cls: 0.0272, loss_rpn_bbox: 0.0040, loss_cls: 0.1216, acc: 95.4445, loss_bbox: 0.0831, loss: 0.2358, grad_norm: 1.4172
2026-05-11 08:22:58,086 - mmdet - INFO - Epoch [54][100/186]	lr: 1.850e-02, eta: 5:34:52, time: 0.514, data_time: 0.013, memory: 6156, loss_rpn_cls: 0.0188, loss_rpn_bbox: 0.0035, loss_cls: 0.1052, acc: 95.9512, loss_bbox: 0.0743, loss: 0.2018, grad_norm: 1.3265
2026-05-11 08:23:23,975 - mmdet - INFO - Epoch [54][150/186]	lr: 1.850e-02, eta: 5:34:49, time: 0.520, data_time: 0.015, memory: 6156, loss_rpn_cls: 0.0303, loss_rpn_bbox: 0.0048, loss_cls: 0.1197, acc: 95.3115, loss_bbox: 0.0875, loss: 0.2423, grad_norm: 1.3894
2026-05-11 08:24:12,348 - mmdet - INFO - Epoch [55][50/186]	lr: 1.844e-02, eta: 5:33:34, time: 0.590, data_time: 0.083, memory: 6156, loss_rpn_cls: 0.0281, loss_rpn_bbox: 0.0045, loss_cls: 0.1193, acc: 95.4609, loss_bbox: 0.0885, loss: 0.2403, grad_norm: 1.4405
2026-05-11 08:24:38,367 - mmdet - INFO - Epoch [55][100/186]	lr: 1.844e-02, eta: 5:33:31, time: 0.522, data_time: 0.015, memory: 6156, loss_rpn_cls: 0.0233, loss_rpn_bbox: 0.0039, loss_cls: 0.1112, acc: 95.6221, loss_bbox: 0.0800, loss: 0.2184, grad_norm: 1.3404
2026-05-11 08:25:04,263 - mmdet - INFO - Epoch [55][150/186]	lr: 1.844e-02, eta: 5:33:26, time: 0.516, data_time: 0.013, memory: 6156, loss_rpn_cls: 0.0251, loss_rpn_bbox: 0.0042, loss_cls: 0.1261, acc: 95.0684, loss_bbox: 0.0900, loss: 0.2454, grad_norm: 1.3632
2026-05-11 08:25:52,594 - mmdet - INFO - Epoch [56][50/186]	lr: 1.839e-02, eta: 5:32:12, time: 0.591, data_time: 0.083, memory: 6156, loss_rpn_cls: 0.0203, loss_rpn_bbox: 0.0043, loss_cls: 0.1216, acc: 95.3398, loss_bbox: 0.0958, loss: 0.2420, grad_norm: 1.4471
2026-05-11 08:26:18,463 - mmdet - INFO - Epoch [56][100/186]	lr: 1.839e-02, eta: 5:32:07, time: 0.515, data_time: 0.013, memory: 6156, loss_rpn_cls: 0.0178, loss_rpn_bbox: 0.0036, loss_cls: 0.1200, acc: 95.1670, loss_bbox: 0.0869, loss: 0.2283, grad_norm: 1.3748
2026-05-11 08:26:44,362 - mmdet - INFO - Epoch [56][150/186]	lr: 1.839e-02, eta: 5:32:03, time: 0.520, data_time: 0.015, memory: 6156, loss_rpn_cls: 0.0240, loss_rpn_bbox: 0.0040, loss_cls: 0.1143, acc: 95.6162, loss_bbox: 0.0852, loss: 0.2275, grad_norm: 1.3759
2026-05-11 08:27:32,679 - mmdet - INFO - Epoch [57][50/186]	lr: 1.833e-02, eta: 5:30:50, time: 0.590, data_time: 0.083, memory: 6156, loss_rpn_cls: 0.0229, loss_rpn_bbox: 0.0040, loss_cls: 0.1129, acc: 95.6348, loss_bbox: 0.0868, loss: 0.2266, grad_norm: 1.4759
2026-05-11 08:27:58,720 - mmdet - INFO - Epoch [57][100/186]	lr: 1.833e-02, eta: 5:30:46, time: 0.523, data_time: 0.015, memory: 6156, loss_rpn_cls: 0.0251, loss_rpn_bbox: 0.0039, loss_cls: 0.1181, acc: 95.6244, loss_bbox: 0.0802, loss: 0.2274, grad_norm: 1.5026
2026-05-11 08:28:24,735 - mmdet - INFO - Epoch [57][150/186]	lr: 1.833e-02, eta: 5:30:42, time: 0.518, data_time: 0.013, memory: 6156, loss_rpn_cls: 0.0221, loss_rpn_bbox: 0.0040, loss_cls: 0.1141, acc: 95.4707, loss_bbox: 0.0804, loss: 0.2206, grad_norm: 1.4315
2026-05-11 08:29:13,193 - mmdet - INFO - Epoch [58][50/186]	lr: 1.827e-02, eta: 5:29:30, time: 0.593, data_time: 0.082, memory: 6156, loss_rpn_cls: 0.0296, loss_rpn_bbox: 0.0041, loss_cls: 0.1192, acc: 95.4746, loss_bbox: 0.0868, loss: 0.2397, grad_norm: 1.3353
2026-05-11 08:29:39,115 - mmdet - INFO - Epoch [58][100/186]	lr: 1.827e-02, eta: 5:29:24, time: 0.517, data_time: 0.013, memory: 6156, loss_rpn_cls: 0.0182, loss_rpn_bbox: 0.0031, loss_cls: 0.1026, acc: 96.0361, loss_bbox: 0.0742, loss: 0.1981, grad_norm: 1.2513
2026-05-11 08:30:05,101 - mmdet - INFO - Epoch [58][150/186]	lr: 1.827e-02, eta: 5:29:20, time: 0.522, data_time: 0.015, memory: 6156, loss_rpn_cls: 0.0310, loss_rpn_bbox: 0.0041, loss_cls: 0.1176, acc: 95.5713, loss_bbox: 0.0784, loss: 0.2311, grad_norm: 1.3159
2026-05-11 08:30:53,468 - mmdet - INFO - Epoch [59][50/186]	lr: 1.821e-02, eta: 5:28:08, time: 0.588, data_time: 0.083, memory: 6156, loss_rpn_cls: 0.0259, loss_rpn_bbox: 0.0036, loss_cls: 0.1257, acc: 95.2129, loss_bbox: 0.0861, loss: 0.2414, grad_norm: 1.4684
2026-05-11 08:31:19,357 - mmdet - INFO - Epoch [59][100/186]	lr: 1.821e-02, eta: 5:28:03, time: 0.520, data_time: 0.015, memory: 6156, loss_rpn_cls: 0.0162, loss_rpn_bbox: 0.0035, loss_cls: 0.1111, acc: 95.6777, loss_bbox: 0.0784, loss: 0.2091, grad_norm: 1.3877
2026-05-11 08:31:45,211 - mmdet - INFO - Epoch [59][150/186]	lr: 1.821e-02, eta: 5:27:57, time: 0.515, data_time: 0.013, memory: 6156, loss_rpn_cls: 0.0234, loss_rpn_bbox: 0.0039, loss_cls: 0.1223, acc: 95.3125, loss_bbox: 0.0873, loss: 0.2369, grad_norm: 1.3711
2026-05-11 08:32:33,496 - mmdet - INFO - Epoch [60][50/186]	lr: 1.815e-02, eta: 5:26:46, time: 0.592, data_time: 0.084, memory: 6156, loss_rpn_cls: 0.0257, loss_rpn_bbox: 0.0040, loss_cls: 0.1214, acc: 95.3252, loss_bbox: 0.0879, loss: 0.2390, grad_norm: 1.5273
2026-05-11 08:32:59,383 - mmdet - INFO - Epoch [60][100/186]	lr: 1.815e-02, eta: 5:26:40, time: 0.516, data_time: 0.013, memory: 6156, loss_rpn_cls: 0.0200, loss_rpn_bbox: 0.0038, loss_cls: 0.1119, acc: 95.6224, loss_bbox: 0.0798, loss: 0.2155, grad_norm: 1.4408
2026-05-11 08:33:25,281 - mmdet - INFO - Epoch [60][150/186]	lr: 1.815e-02, eta: 5:26:34, time: 0.520, data_time: 0.015, memory: 6156, loss_rpn_cls: 0.0188, loss_rpn_bbox: 0.0039, loss_cls: 0.1033, acc: 95.9326, loss_bbox: 0.0740, loss: 0.2000, grad_norm: 1.3951
2026-05-11 08:33:44,034 - mmdet - INFO - Saving checkpoint at 60 epochs
2026-05-11 08:34:19,640 - mmdet - INFO - Evaluating bbox...
2026-05-11 08:34:22,708 - mmdet - INFO - 
 Average Precision  (AP) @[ IoU=0.50:0.95 | area=   all | maxDets=100 ] = 0.272
 Average Precision  (AP) @[ IoU=0.50      | area=   all | maxDets=1000 ] = 0.652
 Average Precision  (AP) @[ IoU=0.75      | area=   all | maxDets=1000 ] = 0.171
 Average Precision  (AP) @[ IoU=0.50:0.95 | area= small | maxDets=1000 ] = 0.002
 Average Precision  (AP) @[ IoU=0.50:0.95 | area=medium | maxDets=1000 ] = 0.235
 Average Precision  (AP) @[ IoU=0.50:0.95 | area= large | maxDets=1000 ] = 0.351
 Average Recall     (AR) @[ IoU=0.50:0.95 | area=   all | maxDets=100 ] = 0.389
 Average Recall     (AR) @[ IoU=0.50:0.95 | area=   all | maxDets=300 ] = 0.389
 Average Recall     (AR) @[ IoU=0.50:0.95 | area=   all | maxDets=1000 ] = 0.389
 Average Recall     (AR) @[ IoU=0.50:0.95 | area= small | maxDets=1000 ] = 0.022
 Average Recall     (AR) @[ IoU=0.50:0.95 | area=medium | maxDets=1000 ] = 0.348
 Average Recall     (AR) @[ IoU=0.50:0.95 | area= large | maxDets=1000 ] = 0.475

2026-05-11 08:34:22,838 - mmdet - INFO - The previous best checkpoint /home/ahmadreza/Downloads/Research/M2SODAI/baseline_official/runs_r50_hbb/r50_hbb_fold_2_20260511/best_bbox_mAP_epoch_30.pth was removed
2026-05-11 08:34:24,382 - mmdet - INFO - Now best checkpoint is saved as best_bbox_mAP_epoch_60.pth.
2026-05-11 08:34:24,383 - mmdet - INFO - Best bbox_mAP is 0.2720 at 60 epoch.
2026-05-11 08:34:24,383 - mmdet - INFO - Exp name: fold_2_r50_300e_hbb.py
2026-05-11 08:34:24,383 - mmdet - INFO - Epoch(val) [60][371]	bbox_mAP: 0.2720, bbox_mAP_50: 0.6520, bbox_mAP_75: 0.1710, bbox_mAP_s: 0.0020, bbox_mAP_m: 0.2350, bbox_mAP_l: 0.3510, bbox_mAP_copypaste: 0.272 0.652 0.171 0.002 0.235 0.351
2026-05-11 08:34:53,843 - mmdet - INFO - Epoch [61][50/186]	lr: 1.809e-02, eta: 5:25:23, time: 0.587, data_time: 0.083, memory: 6156, loss_rpn_cls: 0.0327, loss_rpn_bbox: 0.0042, loss_cls: 0.1061, acc: 95.8428, loss_bbox: 0.0757, loss: 0.2187, grad_norm: 1.2476
2026-05-11 08:35:19,761 - mmdet - INFO - Epoch [61][100/186]	lr: 1.809e-02, eta: 5:25:18, time: 0.520, data_time: 0.015, memory: 6156, loss_rpn_cls: 0.0237, loss_rpn_bbox: 0.0038, loss_cls: 0.1108, acc: 95.7549, loss_bbox: 0.0789, loss: 0.2171, grad_norm: 1.3186
2026-05-11 08:35:45,785 - mmdet - INFO - Epoch [61][150/186]	lr: 1.809e-02, eta: 5:25:11, time: 0.519, data_time: 0.013, memory: 6156, loss_rpn_cls: 0.0245, loss_rpn_bbox: 0.0044, loss_cls: 0.1164, acc: 95.5791, loss_bbox: 0.0827, loss: 0.2281, grad_norm: 1.3544
2026-05-11 08:36:34,185 - mmdet - INFO - Epoch [62][50/186]	lr: 1.803e-02, eta: 5:24:02, time: 0.594, data_time: 0.084, memory: 6156, loss_rpn_cls: 0.0288, loss_rpn_bbox: 0.0040, loss_cls: 0.1180, acc: 95.4395, loss_bbox: 0.0793, loss: 0.2301, grad_norm: 1.4101
2026-05-11 08:37:00,102 - mmdet - INFO - Epoch [62][100/186]	lr: 1.803e-02, eta: 5:23:56, time: 0.516, data_time: 0.013, memory: 6156, loss_rpn_cls: 0.0205, loss_rpn_bbox: 0.0034, loss_cls: 0.1181, acc: 95.4031, loss_bbox: 0.0774, loss: 0.2194, grad_norm: 1.3672
2026-05-11 08:37:26,098 - mmdet - INFO - Epoch [62][150/186]	lr: 1.803e-02, eta: 5:23:50, time: 0.522, data_time: 0.015, memory: 6156, loss_rpn_cls: 0.0194, loss_rpn_bbox: 0.0037, loss_cls: 0.1041, acc: 95.8291, loss_bbox: 0.0759, loss: 0.2031, grad_norm: 1.3236
2026-05-11 08:38:14,419 - mmdet - INFO - Epoch [63][50/186]	lr: 1.797e-02, eta: 5:22:41, time: 0.590, data_time: 0.083, memory: 6156, loss_rpn_cls: 0.0230, loss_rpn_bbox: 0.0039, loss_cls: 0.1117, acc: 95.6680, loss_bbox: 0.0786, loss: 0.2172, grad_norm: 1.3006
2026-05-11 08:38:40,345 - mmdet - INFO - Epoch [63][100/186]	lr: 1.797e-02, eta: 5:22:34, time: 0.520, data_time: 0.015, memory: 6156, loss_rpn_cls: 0.0224, loss_rpn_bbox: 0.0033, loss_cls: 0.1113, acc: 95.6703, loss_bbox: 0.0794, loss: 0.2163, grad_norm: 1.2696
2026-05-11 08:39:06,367 - mmdet - INFO - Epoch [63][150/186]	lr: 1.797e-02, eta: 5:22:28, time: 0.518, data_time: 0.013, memory: 6156, loss_rpn_cls: 0.0243, loss_rpn_bbox: 0.0039, loss_cls: 0.1067, acc: 95.9111, loss_bbox: 0.0768, loss: 0.2117, grad_norm: 1.2664
2026-05-11 08:39:54,696 - mmdet - INFO - Epoch [64][50/186]	lr: 1.790e-02, eta: 5:21:20, time: 0.592, data_time: 0.084, memory: 6156, loss_rpn_cls: 0.0225, loss_rpn_bbox: 0.0034, loss_cls: 0.1029, acc: 96.0098, loss_bbox: 0.0748, loss: 0.2036, grad_norm: 1.3907
2026-05-11 08:40:20,397 - mmdet - INFO - Epoch [64][100/186]	lr: 1.790e-02, eta: 5:21:12, time: 0.512, data_time: 0.013, memory: 6156, loss_rpn_cls: 0.0248, loss_rpn_bbox: 0.0030, loss_cls: 0.1025, acc: 96.0166, loss_bbox: 0.0708, loss: 0.2011, grad_norm: 1.3428
2026-05-11 08:40:46,431 - mmdet - INFO - Epoch [64][150/186]	lr: 1.790e-02, eta: 5:21:05, time: 0.523, data_time: 0.015, memory: 6156, loss_rpn_cls: 0.0240, loss_rpn_bbox: 0.0038, loss_cls: 0.1114, acc: 95.7051, loss_bbox: 0.0765, loss: 0.2158, grad_norm: 1.3448
2026-05-11 08:41:34,747 - mmdet - INFO - Epoch [65][50/186]	lr: 1.784e-02, eta: 5:19:57, time: 0.590, data_time: 0.083, memory: 6156, loss_rpn_cls: 0.0216, loss_rpn_bbox: 0.0038, loss_cls: 0.1167, acc: 95.4775, loss_bbox: 0.0806, loss: 0.2227, grad_norm: 1.3502
2026-05-11 08:42:00,729 - mmdet - INFO - Epoch [65][100/186]	lr: 1.784e-02, eta: 5:19:51, time: 0.522, data_time: 0.015, memory: 6156, loss_rpn_cls: 0.0200, loss_rpn_bbox: 0.0035, loss_cls: 0.1013, acc: 96.0966, loss_bbox: 0.0685, loss: 0.1932, grad_norm: 1.2570
2026-05-11 08:42:26,700 - mmdet - INFO - Epoch [65][150/186]	lr: 1.784e-02, eta: 5:19:43, time: 0.517, data_time: 0.013, memory: 6156, loss_rpn_cls: 0.0176, loss_rpn_bbox: 0.0033, loss_cls: 0.1063, acc: 95.8877, loss_bbox: 0.0674, loss: 0.1946, grad_norm: 1.2741
2026-05-11 08:43:14,985 - mmdet - INFO - Epoch [66][50/186]	lr: 1.777e-02, eta: 5:18:36, time: 0.590, data_time: 0.081, memory: 6156, loss_rpn_cls: 0.0232, loss_rpn_bbox: 0.0040, loss_cls: 0.1196, acc: 95.3193, loss_bbox: 0.0854, loss: 0.2322, grad_norm: 1.5021
2026-05-11 08:43:40,872 - mmdet - INFO - Epoch [66][100/186]	lr: 1.777e-02, eta: 5:18:28, time: 0.516, data_time: 0.013, memory: 6156, loss_rpn_cls: 0.0210, loss_rpn_bbox: 0.0029, loss_cls: 0.1113, acc: 95.8358, loss_bbox: 0.0741, loss: 0.2092, grad_norm: 1.4658
2026-05-11 08:44:06,889 - mmdet - INFO - Epoch [66][150/186]	lr: 1.777e-02, eta: 5:18:21, time: 0.522, data_time: 0.015, memory: 6156, loss_rpn_cls: 0.0231, loss_rpn_bbox: 0.0035, loss_cls: 0.1096, acc: 95.7246, loss_bbox: 0.0747, loss: 0.2109, grad_norm: 1.4022
2026-05-11 08:44:55,298 - mmdet - INFO - Epoch [67][50/186]	lr: 1.771e-02, eta: 5:17:15, time: 0.590, data_time: 0.082, memory: 6156, loss_rpn_cls: 0.0209, loss_rpn_bbox: 0.0036, loss_cls: 0.1058, acc: 96.0488, loss_bbox: 0.0711, loss: 0.2014, grad_norm: 1.2373
2026-05-11 08:45:21,232 - mmdet - INFO - Epoch [67][100/186]	lr: 1.771e-02, eta: 5:17:07, time: 0.521, data_time: 0.015, memory: 6156, loss_rpn_cls: 0.0216, loss_rpn_bbox: 0.0033, loss_cls: 0.1082, acc: 95.8104, loss_bbox: 0.0708, loss: 0.2039, grad_norm: 1.2592
2026-05-11 08:45:47,161 - mmdet - INFO - Epoch [67][150/186]	lr: 1.771e-02, eta: 5:16:59, time: 0.517, data_time: 0.013, memory: 6156, loss_rpn_cls: 0.0164, loss_rpn_bbox: 0.0034, loss_cls: 0.1097, acc: 95.6855, loss_bbox: 0.0769, loss: 0.2064, grad_norm: 1.2907
2026-05-11 08:46:35,569 - mmdet - INFO - Epoch [68][50/186]	lr: 1.764e-02, eta: 5:15:53, time: 0.593, data_time: 0.084, memory: 6156, loss_rpn_cls: 0.0209, loss_rpn_bbox: 0.0035, loss_cls: 0.1028, acc: 96.0938, loss_bbox: 0.0667, loss: 0.1939, grad_norm: 1.2832
2026-05-11 08:47:01,463 - mmdet - INFO - Epoch [68][100/186]	lr: 1.764e-02, eta: 5:15:45, time: 0.516, data_time: 0.013, memory: 6156, loss_rpn_cls: 0.0238, loss_rpn_bbox: 0.0033, loss_cls: 0.1127, acc: 95.6797, loss_bbox: 0.0762, loss: 0.2160, grad_norm: 1.2952
2026-05-11 08:47:27,490 - mmdet - INFO - Epoch [68][150/186]	lr: 1.764e-02, eta: 5:15:37, time: 0.522, data_time: 0.015, memory: 6156, loss_rpn_cls: 0.0211, loss_rpn_bbox: 0.0037, loss_cls: 0.0988, acc: 96.2520, loss_bbox: 0.0692, loss: 0.1928, grad_norm: 1.2887
2026-05-11 08:48:15,912 - mmdet - INFO - Epoch [69][50/186]	lr: 1.757e-02, eta: 5:14:32, time: 0.590, data_time: 0.082, memory: 6156, loss_rpn_cls: 0.0189, loss_rpn_bbox: 0.0031, loss_cls: 0.1004, acc: 96.1777, loss_bbox: 0.0696, loss: 0.1919, grad_norm: 1.1744
2026-05-11 08:48:41,844 - mmdet - INFO - Epoch [69][100/186]	lr: 1.757e-02, eta: 5:14:24, time: 0.521, data_time: 0.015, memory: 6156, loss_rpn_cls: 0.0170, loss_rpn_bbox: 0.0030, loss_cls: 0.1025, acc: 96.0676, loss_bbox: 0.0687, loss: 0.1911, grad_norm: 1.2138
2026-05-11 08:49:07,727 - mmdet - INFO - Epoch [69][150/186]	lr: 1.757e-02, eta: 5:14:15, time: 0.516, data_time: 0.013, memory: 6156, loss_rpn_cls: 0.0231, loss_rpn_bbox: 0.0038, loss_cls: 0.1111, acc: 95.6582, loss_bbox: 0.0758, loss: 0.2138, grad_norm: 1.2587
2026-05-11 08:49:56,129 - mmdet - INFO - Epoch [70][50/186]	lr: 1.750e-02, eta: 5:13:11, time: 0.594, data_time: 0.083, memory: 6156, loss_rpn_cls: 0.0198, loss_rpn_bbox: 0.0034, loss_cls: 0.0964, acc: 96.3057, loss_bbox: 0.0634, loss: 0.1830, grad_norm: 1.2430
2026-05-11 08:50:22,101 - mmdet - INFO - Epoch [70][100/186]	lr: 1.750e-02, eta: 5:13:02, time: 0.518, data_time: 0.013, memory: 6156, loss_rpn_cls: 0.0230, loss_rpn_bbox: 0.0035, loss_cls: 0.1166, acc: 95.5947, loss_bbox: 0.0759, loss: 0.2190, grad_norm: 1.4546
2026-05-11 08:50:48,012 - mmdet - INFO - Epoch [70][150/186]	lr: 1.750e-02, eta: 5:12:54, time: 0.520, data_time: 0.015, memory: 6156, loss_rpn_cls: 0.0227, loss_rpn_bbox: 0.0041, loss_cls: 0.1127, acc: 95.6846, loss_bbox: 0.0779, loss: 0.2174, grad_norm: 1.4717
2026-05-11 08:51:06,809 - mmdet - INFO - Saving checkpoint at 70 epochs
2026-05-11 08:51:42,533 - mmdet - INFO - Evaluating bbox...
2026-05-11 08:51:45,920 - mmdet - INFO - 
 Average Precision  (AP) @[ IoU=0.50:0.95 | area=   all | maxDets=100 ] = 0.256
 Average Precision  (AP) @[ IoU=0.50      | area=   all | maxDets=1000 ] = 0.633
 Average Precision  (AP) @[ IoU=0.75      | area=   all | maxDets=1000 ] = 0.142
 Average Precision  (AP) @[ IoU=0.50:0.95 | area= small | maxDets=1000 ] = 0.000
 Average Precision  (AP) @[ IoU=0.50:0.95 | area=medium | maxDets=1000 ] = 0.216
 Average Precision  (AP) @[ IoU=0.50:0.95 | area= large | maxDets=1000 ] = 0.343
 Average Recall     (AR) @[ IoU=0.50:0.95 | area=   all | maxDets=100 ] = 0.384
 Average Recall     (AR) @[ IoU=0.50:0.95 | area=   all | maxDets=300 ] = 0.384
 Average Recall     (AR) @[ IoU=0.50:0.95 | area=   all | maxDets=1000 ] = 0.384
 Average Recall     (AR) @[ IoU=0.50:0.95 | area= small | maxDets=1000 ] = 0.003
 Average Recall     (AR) @[ IoU=0.50:0.95 | area=medium | maxDets=1000 ] = 0.340
 Average Recall     (AR) @[ IoU=0.50:0.95 | area= large | maxDets=1000 ] = 0.476

2026-05-11 08:51:45,928 - mmdet - INFO - Exp name: fold_2_r50_300e_hbb.py
2026-05-11 08:51:45,928 - mmdet - INFO - Epoch(val) [70][371]	bbox_mAP: 0.2560, bbox_mAP_50: 0.6330, bbox_mAP_75: 0.1420, bbox_mAP_s: 0.0000, bbox_mAP_m: 0.2160, bbox_mAP_l: 0.3430, bbox_mAP_copypaste: 0.256 0.633 0.142 0.000 0.216 0.343
2026-05-11 08:52:15,445 - mmdet - INFO - Epoch [71][50/186]	lr: 1.743e-02, eta: 5:11:49, time: 0.588, data_time: 0.082, memory: 6156, loss_rpn_cls: 0.0174, loss_rpn_bbox: 0.0034, loss_cls: 0.1025, acc: 96.0371, loss_bbox: 0.0717, loss: 0.1951, grad_norm: 1.2351
2026-05-11 08:52:41,459 - mmdet - INFO - Epoch [71][100/186]	lr: 1.743e-02, eta: 5:11:41, time: 0.522, data_time: 0.015, memory: 6156, loss_rpn_cls: 0.0179, loss_rpn_bbox: 0.0032, loss_cls: 0.1064, acc: 95.8848, loss_bbox: 0.0759, loss: 0.2034, grad_norm: 1.3160
2026-05-11 08:53:07,464 - mmdet - INFO - Epoch [71][150/186]	lr: 1.743e-02, eta: 5:11:32, time: 0.518, data_time: 0.013, memory: 6156, loss_rpn_cls: 0.0176, loss_rpn_bbox: 0.0036, loss_cls: 0.1120, acc: 95.6035, loss_bbox: 0.0789, loss: 0.2121, grad_norm: 1.3245
2026-05-11 08:53:55,938 - mmdet - INFO - Epoch [72][50/186]	lr: 1.736e-02, eta: 5:10:28, time: 0.593, data_time: 0.083, memory: 6156, loss_rpn_cls: 0.0196, loss_rpn_bbox: 0.0033, loss_cls: 0.1056, acc: 95.9512, loss_bbox: 0.0755, loss: 0.2040, grad_norm: 1.2549
2026-05-11 08:54:21,961 - mmdet - INFO - Epoch [72][100/186]	lr: 1.736e-02, eta: 5:10:19, time: 0.519, data_time: 0.013, memory: 6156, loss_rpn_cls: 0.0203, loss_rpn_bbox: 0.0034, loss_cls: 0.1071, acc: 95.9180, loss_bbox: 0.0748, loss: 0.2056, grad_norm: 1.2959
2026-05-11 08:54:47,947 - mmdet - INFO - Epoch [72][150/186]	lr: 1.736e-02, eta: 5:10:10, time: 0.522, data_time: 0.015, memory: 6156, loss_rpn_cls: 0.0250, loss_rpn_bbox: 0.0040, loss_cls: 0.1079, acc: 95.8027, loss_bbox: 0.0784, loss: 0.2152, grad_norm: 1.3620
2026-05-11 08:55:36,357 - mmdet - INFO - Epoch [73][50/186]	lr: 1.729e-02, eta: 5:09:07, time: 0.590, data_time: 0.083, memory: 6156, loss_rpn_cls: 0.0208, loss_rpn_bbox: 0.0035, loss_cls: 0.1052, acc: 95.8623, loss_bbox: 0.0789, loss: 0.2084, grad_norm: 1.3619
2026-05-11 08:56:02,313 - mmdet - INFO - Epoch [73][100/186]	lr: 1.729e-02, eta: 5:08:58, time: 0.521, data_time: 0.015, memory: 6156, loss_rpn_cls: 0.0186, loss_rpn_bbox: 0.0032, loss_cls: 0.1044, acc: 95.9531, loss_bbox: 0.0731, loss: 0.1993, grad_norm: 1.3054
2026-05-11 08:56:28,316 - mmdet - INFO - Epoch [73][150/186]	lr: 1.729e-02, eta: 5:08:49, time: 0.518, data_time: 0.013, memory: 6156, loss_rpn_cls: 0.0299, loss_rpn_bbox: 0.0036, loss_cls: 0.1082, acc: 95.9404, loss_bbox: 0.0807, loss: 0.2224, grad_norm: 1.3543
2026-05-11 08:57:16,709 - mmdet - INFO - Epoch [74][50/186]	lr: 1.722e-02, eta: 5:07:46, time: 0.593, data_time: 0.082, memory: 6156, loss_rpn_cls: 0.0174, loss_rpn_bbox: 0.0034, loss_cls: 0.1024, acc: 96.1035, loss_bbox: 0.0710, loss: 0.1943, grad_norm: 1.2074
2026-05-11 08:57:42,533 - mmdet - INFO - Epoch [74][100/186]	lr: 1.722e-02, eta: 5:07:36, time: 0.515, data_time: 0.013, memory: 6156, loss_rpn_cls: 0.0185, loss_rpn_bbox: 0.0034, loss_cls: 0.0950, acc: 96.3896, loss_bbox: 0.0681, loss: 0.1849, grad_norm: 1.2065
2026-05-11 08:58:08,470 - mmdet - INFO - Epoch [74][150/186]	lr: 1.722e-02, eta: 5:07:26, time: 0.521, data_time: 0.015, memory: 6156, loss_rpn_cls: 0.0216, loss_rpn_bbox: 0.0037, loss_cls: 0.1057, acc: 95.9346, loss_bbox: 0.0751, loss: 0.2061, grad_norm: 1.2426
2026-05-11 08:58:56,903 - mmdet - INFO - Epoch [75][50/186]	lr: 1.714e-02, eta: 5:06:24, time: 0.590, data_time: 0.083, memory: 6156, loss_rpn_cls: 0.0210, loss_rpn_bbox: 0.0039, loss_cls: 0.1082, acc: 95.8271, loss_bbox: 0.0773, loss: 0.2105, grad_norm: 1.2984
2026-05-11 08:59:22,801 - mmdet - INFO - Epoch [75][100/186]	lr: 1.714e-02, eta: 5:06:14, time: 0.520, data_time: 0.015, memory: 6156, loss_rpn_cls: 0.0253, loss_rpn_bbox: 0.0032, loss_cls: 0.0966, acc: 96.3330, loss_bbox: 0.0716, loss: 0.1967, grad_norm: 1.3513
2026-05-11 08:59:48,678 - mmdet - INFO - Epoch [75][150/186]	lr: 1.714e-02, eta: 5:06:04, time: 0.516, data_time: 0.013, memory: 6156, loss_rpn_cls: 0.0229, loss_rpn_bbox: 0.0035, loss_cls: 0.1073, acc: 95.7793, loss_bbox: 0.0761, loss: 0.2097, grad_norm: 1.3656
2026-05-11 09:00:36,981 - mmdet - INFO - Exp name: fold_2_r50_300e_hbb.py
2026-05-11 09:00:36,981 - mmdet - INFO - Epoch [76][50/186]	lr: 1.707e-02, eta: 5:05:02, time: 0.592, data_time: 0.082, memory: 6156, loss_rpn_cls: 0.0218, loss_rpn_bbox: 0.0040, loss_cls: 0.1140, acc: 95.6182, loss_bbox: 0.0810, loss: 0.2209, grad_norm: 1.3792
2026-05-11 09:01:02,874 - mmdet - INFO - Epoch [76][100/186]	lr: 1.707e-02, eta: 5:04:52, time: 0.516, data_time: 0.013, memory: 6156, loss_rpn_cls: 0.0158, loss_rpn_bbox: 0.0029, loss_cls: 0.0927, acc: 96.3936, loss_bbox: 0.0645, loss: 0.1760, grad_norm: 1.3916
2026-05-11 09:01:28,923 - mmdet - INFO - Epoch [76][150/186]	lr: 1.707e-02, eta: 5:04:43, time: 0.523, data_time: 0.015, memory: 6156, loss_rpn_cls: 0.0236, loss_rpn_bbox: 0.0042, loss_cls: 0.1209, acc: 95.2266, loss_bbox: 0.0836, loss: 0.2322, grad_norm: 1.4271
2026-05-11 09:02:17,306 - mmdet - INFO - Epoch [77][50/186]	lr: 1.700e-02, eta: 5:03:41, time: 0.589, data_time: 0.083, memory: 6156, loss_rpn_cls: 0.0194, loss_rpn_bbox: 0.0032, loss_cls: 0.0992, acc: 96.1436, loss_bbox: 0.0733, loss: 0.1951, grad_norm: 1.3536
2026-05-11 09:02:43,308 - mmdet - INFO - Epoch [77][100/186]	lr: 1.700e-02, eta: 5:03:31, time: 0.522, data_time: 0.015, memory: 6156, loss_rpn_cls: 0.0207, loss_rpn_bbox: 0.0034, loss_cls: 0.1084, acc: 95.9766, loss_bbox: 0.0799, loss: 0.2124, grad_norm: 1.3616
2026-05-11 09:03:09,292 - mmdet - INFO - Epoch [77][150/186]	lr: 1.700e-02, eta: 5:03:21, time: 0.518, data_time: 0.013, memory: 6156, loss_rpn_cls: 0.0158, loss_rpn_bbox: 0.0037, loss_cls: 0.1054, acc: 95.8340, loss_bbox: 0.0787, loss: 0.2036, grad_norm: 1.3216
2026-05-11 09:03:57,760 - mmdet - INFO - Epoch [78][50/186]	lr: 1.692e-02, eta: 5:02:20, time: 0.594, data_time: 0.083, memory: 6156, loss_rpn_cls: 0.0206, loss_rpn_bbox: 0.0039, loss_cls: 0.1094, acc: 95.7344, loss_bbox: 0.0831, loss: 0.2170, grad_norm: 1.4136
2026-05-11 09:04:23,577 - mmdet - INFO - Epoch [78][100/186]	lr: 1.692e-02, eta: 5:02:09, time: 0.514, data_time: 0.013, memory: 6156, loss_rpn_cls: 0.0229, loss_rpn_bbox: 0.0039, loss_cls: 0.1007, acc: 96.2168, loss_bbox: 0.0789, loss: 0.2063, grad_norm: 1.3592
2026-05-11 09:04:49,586 - mmdet - INFO - Epoch [78][150/186]	lr: 1.692e-02, eta: 5:01:59, time: 0.522, data_time: 0.015, memory: 6156, loss_rpn_cls: 0.0213, loss_rpn_bbox: 0.0035, loss_cls: 0.1116, acc: 95.7891, loss_bbox: 0.0824, loss: 0.2189, grad_norm: 1.4686
2026-05-11 09:05:37,868 - mmdet - INFO - Epoch [79][50/186]	lr: 1.685e-02, eta: 5:00:58, time: 0.588, data_time: 0.083, memory: 6156, loss_rpn_cls: 0.0198, loss_rpn_bbox: 0.0033, loss_cls: 0.0984, acc: 96.1914, loss_bbox: 0.0774, loss: 0.1989, grad_norm: 1.2949
2026-05-11 09:06:03,833 - mmdet - INFO - Epoch [79][100/186]	lr: 1.685e-02, eta: 5:00:48, time: 0.521, data_time: 0.015, memory: 6156, loss_rpn_cls: 0.0239, loss_rpn_bbox: 0.0035, loss_cls: 0.1070, acc: 95.9351, loss_bbox: 0.0847, loss: 0.2190, grad_norm: 1.3699
2026-05-11 09:06:29,866 - mmdet - INFO - Epoch [79][150/186]	lr: 1.685e-02, eta: 5:00:37, time: 0.519, data_time: 0.013, memory: 6156, loss_rpn_cls: 0.0181, loss_rpn_bbox: 0.0037, loss_cls: 0.1105, acc: 95.7471, loss_bbox: 0.0788, loss: 0.2111, grad_norm: 1.4211
2026-05-11 09:07:18,196 - mmdet - INFO - Epoch [80][50/186]	lr: 1.677e-02, eta: 4:59:37, time: 0.592, data_time: 0.083, memory: 6156, loss_rpn_cls: 0.0206, loss_rpn_bbox: 0.0037, loss_cls: 0.1160, acc: 95.4043, loss_bbox: 0.0852, loss: 0.2256, grad_norm: 1.2764
2026-05-11 09:07:43,989 - mmdet - INFO - Epoch [80][100/186]	lr: 1.677e-02, eta: 4:59:25, time: 0.514, data_time: 0.013, memory: 6156, loss_rpn_cls: 0.0114, loss_rpn_bbox: 0.0031, loss_cls: 0.0934, acc: 96.3752, loss_bbox: 0.0710, loss: 0.1789, grad_norm: 1.2332
2026-05-11 09:08:09,884 - mmdet - INFO - Epoch [80][150/186]	lr: 1.677e-02, eta: 4:59:15, time: 0.520, data_time: 0.015, memory: 6156, loss_rpn_cls: 0.0289, loss_rpn_bbox: 0.0040, loss_cls: 0.1067, acc: 96.0020, loss_bbox: 0.0772, loss: 0.2168, grad_norm: 1.3163
2026-05-11 09:08:28,651 - mmdet - INFO - Saving checkpoint at 80 epochs
2026-05-11 09:09:04,178 - mmdet - INFO - Evaluating bbox...
2026-05-11 09:09:06,993 - mmdet - INFO - 
 Average Precision  (AP) @[ IoU=0.50:0.95 | area=   all | maxDets=100 ] = 0.247
 Average Precision  (AP) @[ IoU=0.50      | area=   all | maxDets=1000 ] = 0.638
 Average Precision  (AP) @[ IoU=0.75      | area=   all | maxDets=1000 ] = 0.125
 Average Precision  (AP) @[ IoU=0.50:0.95 | area= small | maxDets=1000 ] = 0.001
 Average Precision  (AP) @[ IoU=0.50:0.95 | area=medium | maxDets=1000 ] = 0.204
 Average Precision  (AP) @[ IoU=0.50:0.95 | area= large | maxDets=1000 ] = 0.339
 Average Recall     (AR) @[ IoU=0.50:0.95 | area=   all | maxDets=100 ] = 0.365
 Average Recall     (AR) @[ IoU=0.50:0.95 | area=   all | maxDets=300 ] = 0.365
 Average Recall     (AR) @[ IoU=0.50:0.95 | area=   all | maxDets=1000 ] = 0.365
 Average Recall     (AR) @[ IoU=0.50:0.95 | area= small | maxDets=1000 ] = 0.013
 Average Recall     (AR) @[ IoU=0.50:0.95 | area=medium | maxDets=1000 ] = 0.319
 Average Recall     (AR) @[ IoU=0.50:0.95 | area= large | maxDets=1000 ] = 0.457

2026-05-11 09:09:06,998 - mmdet - INFO - Exp name: fold_2_r50_300e_hbb.py
2026-05-11 09:09:06,998 - mmdet - INFO - Epoch(val) [80][371]	bbox_mAP: 0.2470, bbox_mAP_50: 0.6380, bbox_mAP_75: 0.1250, bbox_mAP_s: 0.0010, bbox_mAP_m: 0.2040, bbox_mAP_l: 0.3390, bbox_mAP_copypaste: 0.247 0.638 0.125 0.001 0.204 0.339
2026-05-11 09:09:36,560 - mmdet - INFO - Epoch [81][50/186]	lr: 1.669e-02, eta: 4:58:14, time: 0.589, data_time: 0.084, memory: 6156, loss_rpn_cls: 0.0154, loss_rpn_bbox: 0.0030, loss_cls: 0.1036, acc: 95.9346, loss_bbox: 0.0779, loss: 0.1999, grad_norm: 1.3781
2026-05-11 09:10:02,548 - mmdet - INFO - Epoch [81][100/186]	lr: 1.669e-02, eta: 4:58:04, time: 0.522, data_time: 0.015, memory: 6156, loss_rpn_cls: 0.0182, loss_rpn_bbox: 0.0035, loss_cls: 0.1018, acc: 96.0908, loss_bbox: 0.0776, loss: 0.2011, grad_norm: 1.3745
2026-05-11 09:10:28,592 - mmdet - INFO - Epoch [81][150/186]	lr: 1.669e-02, eta: 4:57:53, time: 0.519, data_time: 0.013, memory: 6156, loss_rpn_cls: 0.0260, loss_rpn_bbox: 0.0038, loss_cls: 0.1095, acc: 95.8232, loss_bbox: 0.0795, loss: 0.2189, grad_norm: 1.3709
2026-05-11 09:11:16,992 - mmdet - INFO - Epoch [82][50/186]	lr: 1.661e-02, eta: 4:56:54, time: 0.592, data_time: 0.083, memory: 6156, loss_rpn_cls: 0.0284, loss_rpn_bbox: 0.0035, loss_cls: 0.1030, acc: 96.1475, loss_bbox: 0.0754, loss: 0.2102, grad_norm: 1.3226
2026-05-11 09:11:42,985 - mmdet - INFO - Epoch [82][100/186]	lr: 1.661e-02, eta: 4:56:42, time: 0.518, data_time: 0.013, memory: 6156, loss_rpn_cls: 0.0201, loss_rpn_bbox: 0.0033, loss_cls: 0.1014, acc: 96.0752, loss_bbox: 0.0757, loss: 0.2005, grad_norm: 1.3199
2026-05-11 09:12:08,988 - mmdet - INFO - Epoch [82][150/186]	lr: 1.661e-02, eta: 4:56:32, time: 0.522, data_time: 0.015, memory: 6156, loss_rpn_cls: 0.0238, loss_rpn_bbox: 0.0043, loss_cls: 0.1112, acc: 95.7295, loss_bbox: 0.0813, loss: 0.2206, grad_norm: 1.3237
2026-05-11 09:12:57,319 - mmdet - INFO - Epoch [83][50/186]	lr: 1.653e-02, eta: 4:55:32, time: 0.589, data_time: 0.083, memory: 6156, loss_rpn_cls: 0.0208, loss_rpn_bbox: 0.0031, loss_cls: 0.0944, acc: 96.2432, loss_bbox: 0.0708, loss: 0.1891, grad_norm: 1.3353
2026-05-11 09:13:23,219 - mmdet - INFO - Epoch [83][100/186]	lr: 1.653e-02, eta: 4:55:21, time: 0.520, data_time: 0.015, memory: 6156, loss_rpn_cls: 0.0216, loss_rpn_bbox: 0.0030, loss_cls: 0.0994, acc: 96.2324, loss_bbox: 0.0711, loss: 0.1951, grad_norm: 1.2737
2026-05-11 09:13:49,203 - mmdet - INFO - Epoch [83][150/186]	lr: 1.653e-02, eta: 4:55:10, time: 0.518, data_time: 0.013, memory: 6156, loss_rpn_cls: 0.0143, loss_rpn_bbox: 0.0030, loss_cls: 0.0954, acc: 96.2119, loss_bbox: 0.0684, loss: 0.1810, grad_norm: 1.2424
2026-05-11 09:14:37,532 - mmdet - INFO - Epoch [84][50/186]	lr: 1.645e-02, eta: 4:54:11, time: 0.591, data_time: 0.083, memory: 6156, loss_rpn_cls: 0.0231, loss_rpn_bbox: 0.0033, loss_cls: 0.0930, acc: 96.4961, loss_bbox: 0.0672, loss: 0.1867, grad_norm: 1.2121
2026-05-11 09:15:03,391 - mmdet - INFO - Epoch [84][100/186]	lr: 1.645e-02, eta: 4:53:59, time: 0.515, data_time: 0.013, memory: 6156, loss_rpn_cls: 0.0192, loss_rpn_bbox: 0.0032, loss_cls: 0.0953, acc: 96.2909, loss_bbox: 0.0675, loss: 0.1852, grad_norm: 1.2658
2026-05-11 09:15:29,309 - mmdet - INFO - Epoch [84][150/186]	lr: 1.645e-02, eta: 4:53:47, time: 0.520, data_time: 0.015, memory: 6156, loss_rpn_cls: 0.0174, loss_rpn_bbox: 0.0032, loss_cls: 0.0970, acc: 96.1426, loss_bbox: 0.0672, loss: 0.1848, grad_norm: 1.2319
2026-05-11 09:16:17,695 - mmdet - INFO - Epoch [85][50/186]	lr: 1.637e-02, eta: 4:52:49, time: 0.590, data_time: 0.083, memory: 6156, loss_rpn_cls: 0.0191, loss_rpn_bbox: 0.0033, loss_cls: 0.0992, acc: 96.2998, loss_bbox: 0.0710, loss: 0.1926, grad_norm: 1.1981
2026-05-11 09:16:43,667 - mmdet - INFO - Epoch [85][100/186]	lr: 1.637e-02, eta: 4:52:38, time: 0.521, data_time: 0.015, memory: 6156, loss_rpn_cls: 0.0176, loss_rpn_bbox: 0.0031, loss_cls: 0.0923, acc: 96.4238, loss_bbox: 0.0667, loss: 0.1796, grad_norm: 1.2019
2026-05-11 09:17:09,551 - mmdet - INFO - Epoch [85][150/186]	lr: 1.637e-02, eta: 4:52:25, time: 0.516, data_time: 0.013, memory: 6156, loss_rpn_cls: 0.0215, loss_rpn_bbox: 0.0037, loss_cls: 0.0971, acc: 96.2451, loss_bbox: 0.0674, loss: 0.1897, grad_norm: 1.1917
2026-05-11 09:17:57,836 - mmdet - INFO - Epoch [86][50/186]	lr: 1.629e-02, eta: 4:51:27, time: 0.592, data_time: 0.082, memory: 6156, loss_rpn_cls: 0.0215, loss_rpn_bbox: 0.0034, loss_cls: 0.0958, acc: 96.4951, loss_bbox: 0.0662, loss: 0.1870, grad_norm: 1.2232
2026-05-11 09:18:23,712 - mmdet - INFO - Epoch [86][100/186]	lr: 1.629e-02, eta: 4:51:15, time: 0.516, data_time: 0.013, memory: 6156, loss_rpn_cls: 0.0141, loss_rpn_bbox: 0.0024, loss_cls: 0.0890, acc: 96.5654, loss_bbox: 0.0599, loss: 0.1654, grad_norm: 1.1561
2026-05-11 09:18:49,702 - mmdet - INFO - Epoch [86][150/186]	lr: 1.629e-02, eta: 4:51:04, time: 0.522, data_time: 0.015, memory: 6156, loss_rpn_cls: 0.0210, loss_rpn_bbox: 0.0032, loss_cls: 0.1017, acc: 96.2168, loss_bbox: 0.0655, loss: 0.1914, grad_norm: 1.1947
2026-05-11 09:19:37,982 - mmdet - INFO - Epoch [87][50/186]	lr: 1.621e-02, eta: 4:50:05, time: 0.587, data_time: 0.082, memory: 6156, loss_rpn_cls: 0.0175, loss_rpn_bbox: 0.0027, loss_cls: 0.0898, acc: 96.6357, loss_bbox: 0.0570, loss: 0.1670, grad_norm: 1.0718
2026-05-11 09:20:03,716 - mmdet - INFO - Epoch [87][100/186]	lr: 1.621e-02, eta: 4:49:53, time: 0.517, data_time: 0.015, memory: 6156, loss_rpn_cls: 0.0197, loss_rpn_bbox: 0.0030, loss_cls: 0.0895, acc: 96.6465, loss_bbox: 0.0580, loss: 0.1703, grad_norm: 1.0974
2026-05-11 09:20:29,536 - mmdet - INFO - Epoch [87][150/186]	lr: 1.621e-02, eta: 4:49:41, time: 0.514, data_time: 0.013, memory: 6156, loss_rpn_cls: 0.0181, loss_rpn_bbox: 0.0033, loss_cls: 0.0980, acc: 96.2803, loss_bbox: 0.0647, loss: 0.1841, grad_norm: 1.1481
2026-05-11 09:21:17,840 - mmdet - INFO - Epoch [88][50/186]	lr: 1.613e-02, eta: 4:48:43, time: 0.594, data_time: 0.082, memory: 6156, loss_rpn_cls: 0.0158, loss_rpn_bbox: 0.0030, loss_cls: 0.0898, acc: 96.6104, loss_bbox: 0.0597, loss: 0.1683, grad_norm: 1.1712
2026-05-11 09:21:43,766 - mmdet - INFO - Epoch [88][100/186]	lr: 1.613e-02, eta: 4:48:31, time: 0.517, data_time: 0.013, memory: 6156, loss_rpn_cls: 0.0197, loss_rpn_bbox: 0.0027, loss_cls: 0.0869, acc: 96.6953, loss_bbox: 0.0605, loss: 0.1698, grad_norm: 1.1454
2026-05-11 09:22:09,812 - mmdet - INFO - Epoch [88][150/186]	lr: 1.613e-02, eta: 4:48:19, time: 0.523, data_time: 0.015, memory: 6156, loss_rpn_cls: 0.0199, loss_rpn_bbox: 0.0033, loss_cls: 0.0914, acc: 96.4376, loss_bbox: 0.0626, loss: 0.1771, grad_norm: 1.1667
2026-05-11 09:22:58,194 - mmdet - INFO - Epoch [89][50/186]	lr: 1.605e-02, eta: 4:47:22, time: 0.590, data_time: 0.083, memory: 6156, loss_rpn_cls: 0.0271, loss_rpn_bbox: 0.0036, loss_cls: 0.0998, acc: 96.3340, loss_bbox: 0.0651, loss: 0.1955, grad_norm: 1.2361
2026-05-11 09:23:24,184 - mmdet - INFO - Epoch [89][100/186]	lr: 1.605e-02, eta: 4:47:10, time: 0.522, data_time: 0.015, memory: 6156, loss_rpn_cls: 0.0198, loss_rpn_bbox: 0.0030, loss_cls: 0.0867, acc: 96.7705, loss_bbox: 0.0575, loss: 0.1669, grad_norm: 1.2049
2026-05-11 09:23:50,145 - mmdet - INFO - Epoch [89][150/186]	lr: 1.605e-02, eta: 4:46:58, time: 0.517, data_time: 0.013, memory: 6156, loss_rpn_cls: 0.0176, loss_rpn_bbox: 0.0032, loss_cls: 0.0933, acc: 96.4541, loss_bbox: 0.0643, loss: 0.1784, grad_norm: 1.1989
2026-05-11 09:24:38,402 - mmdet - INFO - Epoch [90][50/186]	lr: 1.596e-02, eta: 4:46:01, time: 0.590, data_time: 0.083, memory: 6156, loss_rpn_cls: 0.0149, loss_rpn_bbox: 0.0028, loss_cls: 0.0843, acc: 96.7529, loss_bbox: 0.0596, loss: 0.1617, grad_norm: 1.0504
2026-05-11 09:25:04,260 - mmdet - INFO - Epoch [90][100/186]	lr: 1.596e-02, eta: 4:45:48, time: 0.515, data_time: 0.013, memory: 6156, loss_rpn_cls: 0.0156, loss_rpn_bbox: 0.0025, loss_cls: 0.0857, acc: 96.7344, loss_bbox: 0.0542, loss: 0.1580, grad_norm: 1.1089
2026-05-11 09:25:30,300 - mmdet - INFO - Epoch [90][150/186]	lr: 1.596e-02, eta: 4:45:36, time: 0.523, data_time: 0.015, memory: 6156, loss_rpn_cls: 0.0201, loss_rpn_bbox: 0.0035, loss_cls: 0.0955, acc: 96.3301, loss_bbox: 0.0643, loss: 0.1834, grad_norm: 1.1419
2026-05-11 09:25:49,117 - mmdet - INFO - Saving checkpoint at 90 epochs
2026-05-11 09:26:24,861 - mmdet - INFO - Evaluating bbox...
2026-05-11 09:26:28,119 - mmdet - INFO - 
 Average Precision  (AP) @[ IoU=0.50:0.95 | area=   all | maxDets=100 ] = 0.257
 Average Precision  (AP) @[ IoU=0.50      | area=   all | maxDets=1000 ] = 0.633
 Average Precision  (AP) @[ IoU=0.75      | area=   all | maxDets=1000 ] = 0.157
 Average Precision  (AP) @[ IoU=0.50:0.95 | area= small | maxDets=1000 ] = 0.000
 Average Precision  (AP) @[ IoU=0.50:0.95 | area=medium | maxDets=1000 ] = 0.209
 Average Precision  (AP) @[ IoU=0.50:0.95 | area= large | maxDets=1000 ] = 0.355
 Average Recall     (AR) @[ IoU=0.50:0.95 | area=   all | maxDets=100 ] = 0.391
 Average Recall     (AR) @[ IoU=0.50:0.95 | area=   all | maxDets=300 ] = 0.391
 Average Recall     (AR) @[ IoU=0.50:0.95 | area=   all | maxDets=1000 ] = 0.391
 Average Recall     (AR) @[ IoU=0.50:0.95 | area= small | maxDets=1000 ] = 0.013
 Average Recall     (AR) @[ IoU=0.50:0.95 | area=medium | maxDets=1000 ] = 0.347
 Average Recall     (AR) @[ IoU=0.50:0.95 | area= large | maxDets=1000 ] = 0.481

2026-05-11 09:26:28,126 - mmdet - INFO - Exp name: fold_2_r50_300e_hbb.py
2026-05-11 09:26:28,127 - mmdet - INFO - Epoch(val) [90][371]	bbox_mAP: 0.2570, bbox_mAP_50: 0.6330, bbox_mAP_75: 0.1570, bbox_mAP_s: 0.0000, bbox_mAP_m: 0.2090, bbox_mAP_l: 0.3550, bbox_mAP_copypaste: 0.257 0.633 0.157 0.000 0.209 0.355
2026-05-11 09:26:57,504 - mmdet - INFO - Epoch [91][50/186]	lr: 1.588e-02, eta: 4:44:39, time: 0.585, data_time: 0.082, memory: 6156, loss_rpn_cls: 0.0159, loss_rpn_bbox: 0.0031, loss_cls: 0.0909, acc: 96.5391, loss_bbox: 0.0576, loss: 0.1675, grad_norm: 1.0978
2026-05-11 09:27:23,467 - mmdet - INFO - Epoch [91][100/186]	lr: 1.588e-02, eta: 4:44:26, time: 0.521, data_time: 0.015, memory: 6156, loss_rpn_cls: 0.0171, loss_rpn_bbox: 0.0029, loss_cls: 0.0941, acc: 96.4853, loss_bbox: 0.0617, loss: 0.1759, grad_norm: 1.1435
2026-05-11 09:27:49,343 - mmdet - INFO - Epoch [91][150/186]	lr: 1.588e-02, eta: 4:44:13, time: 0.516, data_time: 0.013, memory: 6156, loss_rpn_cls: 0.0154, loss_rpn_bbox: 0.0030, loss_cls: 0.0924, acc: 96.5098, loss_bbox: 0.0641, loss: 0.1749, grad_norm: 1.1707
2026-05-11 09:28:37,676 - mmdet - INFO - Epoch [92][50/186]	lr: 1.579e-02, eta: 4:43:17, time: 0.593, data_time: 0.083, memory: 6156, loss_rpn_cls: 0.0131, loss_rpn_bbox: 0.0027, loss_cls: 0.0820, acc: 96.8887, loss_bbox: 0.0552, loss: 0.1530, grad_norm: 1.0575
2026-05-11 09:29:03,543 - mmdet - INFO - Epoch [92][100/186]	lr: 1.579e-02, eta: 4:43:04, time: 0.515, data_time: 0.013, memory: 6156, loss_rpn_cls: 0.0189, loss_rpn_bbox: 0.0029, loss_cls: 0.0895, acc: 96.6348, loss_bbox: 0.0563, loss: 0.1676, grad_norm: 1.0776
2026-05-11 09:29:29,648 - mmdet - INFO - Epoch [92][150/186]	lr: 1.579e-02, eta: 4:42:52, time: 0.524, data_time: 0.015, memory: 6156, loss_rpn_cls: 0.0249, loss_rpn_bbox: 0.0040, loss_cls: 0.1001, acc: 96.1865, loss_bbox: 0.0670, loss: 0.1959, grad_norm: 1.1128
2026-05-11 09:30:18,111 - mmdet - INFO - Epoch [93][50/186]	lr: 1.571e-02, eta: 4:41:56, time: 0.591, data_time: 0.083, memory: 6156, loss_rpn_cls: 0.0211, loss_rpn_bbox: 0.0033, loss_cls: 0.0895, acc: 96.6338, loss_bbox: 0.0571, loss: 0.1709, grad_norm: 1.1444
2026-05-11 09:30:43,936 - mmdet - INFO - Epoch [93][100/186]	lr: 1.571e-02, eta: 4:41:43, time: 0.518, data_time: 0.015, memory: 6156, loss_rpn_cls: 0.0217, loss_rpn_bbox: 0.0032, loss_cls: 0.0984, acc: 96.2793, loss_bbox: 0.0704, loss: 0.1937, grad_norm: 1.1912
2026-05-11 09:31:09,946 - mmdet - INFO - Epoch [93][150/186]	lr: 1.571e-02, eta: 4:41:30, time: 0.518, data_time: 0.013, memory: 6156, loss_rpn_cls: 0.0156, loss_rpn_bbox: 0.0029, loss_cls: 0.0820, acc: 96.8576, loss_bbox: 0.0542, loss: 0.1547, grad_norm: 1.1699
2026-05-11 09:31:58,338 - mmdet - INFO - Epoch [94][50/186]	lr: 1.562e-02, eta: 4:40:35, time: 0.593, data_time: 0.083, memory: 6156, loss_rpn_cls: 0.0187, loss_rpn_bbox: 0.0029, loss_cls: 0.0880, acc: 96.6895, loss_bbox: 0.0606, loss: 0.1701, grad_norm: 1.1568
2026-05-11 09:32:24,184 - mmdet - INFO - Epoch [94][100/186]	lr: 1.562e-02, eta: 4:40:21, time: 0.515, data_time: 0.013, memory: 6156, loss_rpn_cls: 0.0182, loss_rpn_bbox: 0.0029, loss_cls: 0.0943, acc: 96.3370, loss_bbox: 0.0633, loss: 0.1787, grad_norm: 1.2324
2026-05-11 09:32:50,127 - mmdet - INFO - Epoch [94][150/186]	lr: 1.562e-02, eta: 4:40:09, time: 0.521, data_time: 0.015, memory: 6156, loss_rpn_cls: 0.0173, loss_rpn_bbox: 0.0032, loss_cls: 0.0967, acc: 96.2549, loss_bbox: 0.0683, loss: 0.1855, grad_norm: 1.2385
2026-05-11 09:33:38,541 - mmdet - INFO - Epoch [95][50/186]	lr: 1.553e-02, eta: 4:39:13, time: 0.590, data_time: 0.082, memory: 6156, loss_rpn_cls: 0.0248, loss_rpn_bbox: 0.0036, loss_cls: 0.1013, acc: 96.1680, loss_bbox: 0.0682, loss: 0.1979, grad_norm: 1.3070
2026-05-11 09:34:04,476 - mmdet - INFO - Epoch [95][100/186]	lr: 1.553e-02, eta: 4:39:00, time: 0.521, data_time: 0.015, memory: 6156, loss_rpn_cls: 0.0177, loss_rpn_bbox: 0.0025, loss_cls: 0.0900, acc: 96.6387, loss_bbox: 0.0568, loss: 0.1669, grad_norm: 1.2517
2026-05-11 09:34:30,469 - mmdet - INFO - Epoch [95][150/186]	lr: 1.553e-02, eta: 4:38:47, time: 0.518, data_time: 0.013, memory: 6156, loss_rpn_cls: 0.0131, loss_rpn_bbox: 0.0027, loss_cls: 0.0831, acc: 96.7275, loss_bbox: 0.0562, loss: 0.1550, grad_norm: 1.2096
2026-05-11 09:35:18,893 - mmdet - INFO - Epoch [96][50/186]	lr: 1.545e-02, eta: 4:37:52, time: 0.593, data_time: 0.083, memory: 6156, loss_rpn_cls: 0.0215, loss_rpn_bbox: 0.0033, loss_cls: 0.1030, acc: 96.1494, loss_bbox: 0.0699, loss: 0.1977, grad_norm: 1.3564
2026-05-11 09:35:44,801 - mmdet - INFO - Epoch [96][100/186]	lr: 1.545e-02, eta: 4:37:38, time: 0.516, data_time: 0.013, memory: 6156, loss_rpn_cls: 0.0219, loss_rpn_bbox: 0.0031, loss_cls: 0.0929, acc: 96.5459, loss_bbox: 0.0626, loss: 0.1804, grad_norm: 1.2957
2026-05-11 09:36:10,786 - mmdet - INFO - Epoch [96][150/186]	lr: 1.545e-02, eta: 4:37:25, time: 0.522, data_time: 0.015, memory: 6156, loss_rpn_cls: 0.0196, loss_rpn_bbox: 0.0032, loss_cls: 0.0967, acc: 96.2979, loss_bbox: 0.0622, loss: 0.1817, grad_norm: 1.3019
2026-05-11 09:36:59,102 - mmdet - INFO - Epoch [97][50/186]	lr: 1.536e-02, eta: 4:36:30, time: 0.588, data_time: 0.082, memory: 6156, loss_rpn_cls: 0.0204, loss_rpn_bbox: 0.0031, loss_cls: 0.0975, acc: 96.3008, loss_bbox: 0.0670, loss: 0.1881, grad_norm: 1.3015
2026-05-11 09:37:25,013 - mmdet - INFO - Epoch [97][100/186]	lr: 1.536e-02, eta: 4:36:17, time: 0.520, data_time: 0.015, memory: 6156, loss_rpn_cls: 0.0192, loss_rpn_bbox: 0.0028, loss_cls: 0.0923, acc: 96.4766, loss_bbox: 0.0631, loss: 0.1775, grad_norm: 1.2439
2026-05-11 09:37:50,924 - mmdet - INFO - Epoch [97][150/186]	lr: 1.536e-02, eta: 4:36:03, time: 0.516, data_time: 0.013, memory: 6156, loss_rpn_cls: 0.0176, loss_rpn_bbox: 0.0028, loss_cls: 0.0853, acc: 96.7773, loss_bbox: 0.0574, loss: 0.1631, grad_norm: 1.2248
2026-05-11 09:38:39,397 - mmdet - INFO - Epoch [98][50/186]	lr: 1.527e-02, eta: 4:35:09, time: 0.593, data_time: 0.083, memory: 6156, loss_rpn_cls: 0.0205, loss_rpn_bbox: 0.0033, loss_cls: 0.0967, acc: 96.3359, loss_bbox: 0.0696, loss: 0.1901, grad_norm: 1.2291
2026-05-11 09:39:05,335 - mmdet - INFO - Epoch [98][100/186]	lr: 1.527e-02, eta: 4:34:55, time: 0.517, data_time: 0.013, memory: 6156, loss_rpn_cls: 0.0142, loss_rpn_bbox: 0.0026, loss_cls: 0.0857, acc: 96.6763, loss_bbox: 0.0625, loss: 0.1650, grad_norm: 1.2159
2026-05-11 09:39:31,309 - mmdet - INFO - Epoch [98][150/186]	lr: 1.527e-02, eta: 4:34:42, time: 0.521, data_time: 0.014, memory: 6156, loss_rpn_cls: 0.0191, loss_rpn_bbox: 0.0032, loss_cls: 0.0981, acc: 96.2383, loss_bbox: 0.0689, loss: 0.1894, grad_norm: 1.2555
2026-05-11 09:40:19,625 - mmdet - INFO - Epoch [99][50/186]	lr: 1.518e-02, eta: 4:33:47, time: 0.590, data_time: 0.083, memory: 6156, loss_rpn_cls: 0.0187, loss_rpn_bbox: 0.0029, loss_cls: 0.0962, acc: 96.3857, loss_bbox: 0.0649, loss: 0.1827, grad_norm: 1.2803
2026-05-11 09:40:45,559 - mmdet - INFO - Epoch [99][100/186]	lr: 1.518e-02, eta: 4:33:34, time: 0.521, data_time: 0.015, memory: 6156, loss_rpn_cls: 0.0170, loss_rpn_bbox: 0.0029, loss_cls: 0.0844, acc: 96.8037, loss_bbox: 0.0640, loss: 0.1683, grad_norm: 1.2418
2026-05-11 09:41:11,462 - mmdet - INFO - Epoch [99][150/186]	lr: 1.518e-02, eta: 4:33:20, time: 0.516, data_time: 0.013, memory: 6156, loss_rpn_cls: 0.0176, loss_rpn_bbox: 0.0033, loss_cls: 0.0940, acc: 96.2803, loss_bbox: 0.0651, loss: 0.1800, grad_norm: 1.2074
2026-05-11 09:41:59,853 - mmdet - INFO - Epoch [100][50/186]	lr: 1.509e-02, eta: 4:32:26, time: 0.594, data_time: 0.083, memory: 6156, loss_rpn_cls: 0.0202, loss_rpn_bbox: 0.0032, loss_cls: 0.0910, acc: 96.5557, loss_bbox: 0.0596, loss: 0.1740, grad_norm: 1.2299
2026-05-11 09:42:25,765 - mmdet - INFO - Epoch [100][100/186]	lr: 1.509e-02, eta: 4:32:12, time: 0.516, data_time: 0.013, memory: 6156, loss_rpn_cls: 0.0160, loss_rpn_bbox: 0.0028, loss_cls: 0.0867, acc: 96.7363, loss_bbox: 0.0608, loss: 0.1662, grad_norm: 1.2290
2026-05-11 09:42:51,766 - mmdet - INFO - Epoch [100][150/186]	lr: 1.509e-02, eta: 4:31:59, time: 0.522, data_time: 0.015, memory: 6156, loss_rpn_cls: 0.0145, loss_rpn_bbox: 0.0031, loss_cls: 0.0888, acc: 96.4541, loss_bbox: 0.0627, loss: 0.1690, grad_norm: 1.1930
2026-05-11 09:43:10,539 - mmdet - INFO - Saving checkpoint at 100 epochs
2026-05-11 09:43:46,197 - mmdet - INFO - Evaluating bbox...
2026-05-11 09:43:48,896 - mmdet - INFO - 
 Average Precision  (AP) @[ IoU=0.50:0.95 | area=   all | maxDets=100 ] = 0.276
 Average Precision  (AP) @[ IoU=0.50      | area=   all | maxDets=1000 ] = 0.663
 Average Precision  (AP) @[ IoU=0.75      | area=   all | maxDets=1000 ] = 0.173
 Average Precision  (AP) @[ IoU=0.50:0.95 | area= small | maxDets=1000 ] = 0.002
 Average Precision  (AP) @[ IoU=0.50:0.95 | area=medium | maxDets=1000 ] = 0.226
 Average Precision  (AP) @[ IoU=0.50:0.95 | area= large | maxDets=1000 ] = 0.368
 Average Recall     (AR) @[ IoU=0.50:0.95 | area=   all | maxDets=100 ] = 0.390
 Average Recall     (AR) @[ IoU=0.50:0.95 | area=   all | maxDets=300 ] = 0.390
 Average Recall     (AR) @[ IoU=0.50:0.95 | area=   all | maxDets=1000 ] = 0.390
 Average Recall     (AR) @[ IoU=0.50:0.95 | area= small | maxDets=1000 ] = 0.009
 Average Recall     (AR) @[ IoU=0.50:0.95 | area=medium | maxDets=1000 ] = 0.342
 Average Recall     (AR) @[ IoU=0.50:0.95 | area= large | maxDets=1000 ] = 0.488

2026-05-11 09:43:49,025 - mmdet - INFO - The previous best checkpoint /home/ahmadreza/Downloads/Research/M2SODAI/baseline_official/runs_r50_hbb/r50_hbb_fold_2_20260511/best_bbox_mAP_epoch_60.pth was removed
2026-05-11 09:43:50,556 - mmdet - INFO - Now best checkpoint is saved as best_bbox_mAP_epoch_100.pth.
2026-05-11 09:43:50,556 - mmdet - INFO - Best bbox_mAP is 0.2760 at 100 epoch.
2026-05-11 09:43:50,556 - mmdet - INFO - Exp name: fold_2_r50_300e_hbb.py
2026-05-11 09:43:50,556 - mmdet - INFO - Epoch(val) [100][371]	bbox_mAP: 0.2760, bbox_mAP_50: 0.6630, bbox_mAP_75: 0.1730, bbox_mAP_s: 0.0020, bbox_mAP_m: 0.2260, bbox_mAP_l: 0.3680, bbox_mAP_copypaste: 0.276 0.663 0.173 0.002 0.226 0.368
2026-05-11 09:44:20,005 - mmdet - INFO - Epoch [101][50/186]	lr: 1.500e-02, eta: 4:31:04, time: 0.587, data_time: 0.083, memory: 6156, loss_rpn_cls: 0.0161, loss_rpn_bbox: 0.0030, loss_cls: 0.0881, acc: 96.6602, loss_bbox: 0.0588, loss: 0.1660, grad_norm: 1.1596
2026-05-11 09:44:45,887 - mmdet - INFO - Epoch [101][100/186]	lr: 1.500e-02, eta: 4:30:51, time: 0.520, data_time: 0.015, memory: 6156, loss_rpn_cls: 0.0146, loss_rpn_bbox: 0.0030, loss_cls: 0.0903, acc: 96.6318, loss_bbox: 0.0619, loss: 0.1698, grad_norm: 1.1385
2026-05-11 09:45:11,849 - mmdet - INFO - Epoch [101][150/186]	lr: 1.500e-02, eta: 4:30:36, time: 0.517, data_time: 0.013, memory: 6156, loss_rpn_cls: 0.0162, loss_rpn_bbox: 0.0031, loss_cls: 0.0883, acc: 96.6572, loss_bbox: 0.0609, loss: 0.1685, grad_norm: 1.1643
2026-05-11 09:46:00,157 - mmdet - INFO - Epoch [102][50/186]	lr: 1.491e-02, eta: 4:29:43, time: 0.593, data_time: 0.083, memory: 6156, loss_rpn_cls: 0.0205, loss_rpn_bbox: 0.0028, loss_cls: 0.0851, acc: 96.7988, loss_bbox: 0.0577, loss: 0.1662, grad_norm: 1.1622
2026-05-11 09:46:25,996 - mmdet - INFO - Epoch [102][100/186]	lr: 1.491e-02, eta: 4:29:29, time: 0.515, data_time: 0.013, memory: 6156, loss_rpn_cls: 0.0170, loss_rpn_bbox: 0.0025, loss_cls: 0.0839, acc: 96.8750, loss_bbox: 0.0549, loss: 0.1582, grad_norm: 1.2121
2026-05-11 09:46:51,983 - mmdet - INFO - Epoch [102][150/186]	lr: 1.491e-02, eta: 4:29:15, time: 0.522, data_time: 0.015, memory: 6156, loss_rpn_cls: 0.0220, loss_rpn_bbox: 0.0031, loss_cls: 0.1010, acc: 96.1260, loss_bbox: 0.0639, loss: 0.1899, grad_norm: 1.2341
2026-05-11 09:47:40,323 - mmdet - INFO - Epoch [103][50/186]	lr: 1.482e-02, eta: 4:28:21, time: 0.590, data_time: 0.082, memory: 6156, loss_rpn_cls: 0.0180, loss_rpn_bbox: 0.0029, loss_cls: 0.0960, acc: 96.3076, loss_bbox: 0.0646, loss: 0.1815, grad_norm: 1.1957
2026-05-11 09:48:06,347 - mmdet - INFO - Epoch [103][100/186]	lr: 1.482e-02, eta: 4:28:08, time: 0.522, data_time: 0.015, memory: 6156, loss_rpn_cls: 0.0114, loss_rpn_bbox: 0.0026, loss_cls: 0.0868, acc: 96.5799, loss_bbox: 0.0590, loss: 0.1599, grad_norm: 1.1195
2026-05-11 09:48:32,337 - mmdet - INFO - Epoch [103][150/186]	lr: 1.482e-02, eta: 4:27:53, time: 0.518, data_time: 0.013, memory: 6156, loss_rpn_cls: 0.0189, loss_rpn_bbox: 0.0031, loss_cls: 0.0934, acc: 96.4531, loss_bbox: 0.0631, loss: 0.1785, grad_norm: 1.2174
2026-05-11 09:49:20,719 - mmdet - INFO - Epoch [104][50/186]	lr: 1.473e-02, eta: 4:27:00, time: 0.593, data_time: 0.083, memory: 6156, loss_rpn_cls: 0.0205, loss_rpn_bbox: 0.0031, loss_cls: 0.0974, acc: 96.3809, loss_bbox: 0.0663, loss: 0.1873, grad_norm: 1.3704
2026-05-11 09:49:46,577 - mmdet - INFO - Epoch [104][100/186]	lr: 1.473e-02, eta: 4:26:46, time: 0.515, data_time: 0.013, memory: 6156, loss_rpn_cls: 0.0221, loss_rpn_bbox: 0.0028, loss_cls: 0.0914, acc: 96.5693, loss_bbox: 0.0617, loss: 0.1780, grad_norm: 1.2989
2026-05-11 09:50:12,572 - mmdet - INFO - Epoch [104][150/186]	lr: 1.473e-02, eta: 4:26:32, time: 0.522, data_time: 0.015, memory: 6156, loss_rpn_cls: 0.0197, loss_rpn_bbox: 0.0031, loss_cls: 0.0930, acc: 96.5146, loss_bbox: 0.0608, loss: 0.1766, grad_norm: 1.3188
2026-05-11 09:51:01,076 - mmdet - INFO - Epoch [105][50/186]	lr: 1.463e-02, eta: 4:25:39, time: 0.591, data_time: 0.084, memory: 6156, loss_rpn_cls: 0.0160, loss_rpn_bbox: 0.0031, loss_cls: 0.0945, acc: 96.3203, loss_bbox: 0.0670, loss: 0.1805, grad_norm: 1.2385
2026-05-11 09:51:27,027 - mmdet - INFO - Epoch [105][100/186]	lr: 1.463e-02, eta: 4:25:25, time: 0.521, data_time: 0.015, memory: 6156, loss_rpn_cls: 0.0176, loss_rpn_bbox: 0.0027, loss_cls: 0.0914, acc: 96.5676, loss_bbox: 0.0617, loss: 0.1734, grad_norm: 1.2031
2026-05-11 09:51:52,961 - mmdet - INFO - Epoch [105][150/186]	lr: 1.463e-02, eta: 4:25:10, time: 0.517, data_time: 0.013, memory: 6156, loss_rpn_cls: 0.0198, loss_rpn_bbox: 0.0033, loss_cls: 0.0920, acc: 96.6602, loss_bbox: 0.0587, loss: 0.1738, grad_norm: 1.2535
2026-05-11 09:52:41,263 - mmdet - INFO - Epoch [106][50/186]	lr: 1.454e-02, eta: 4:24:17, time: 0.591, data_time: 0.083, memory: 6156, loss_rpn_cls: 0.0183, loss_rpn_bbox: 0.0028, loss_cls: 0.0858, acc: 96.7109, loss_bbox: 0.0551, loss: 0.1620, grad_norm: 1.1381
2026-05-11 09:53:07,204 - mmdet - INFO - Epoch [106][100/186]	lr: 1.454e-02, eta: 4:24:03, time: 0.517, data_time: 0.013, memory: 6156, loss_rpn_cls: 0.0197, loss_rpn_bbox: 0.0033, loss_cls: 0.0899, acc: 96.5994, loss_bbox: 0.0584, loss: 0.1712, grad_norm: 1.1160
2026-05-11 09:53:33,182 - mmdet - INFO - Epoch [106][150/186]	lr: 1.454e-02, eta: 4:23:48, time: 0.521, data_time: 0.014, memory: 6156, loss_rpn_cls: 0.0170, loss_rpn_bbox: 0.0028, loss_cls: 0.0872, acc: 96.5811, loss_bbox: 0.0576, loss: 0.1646, grad_norm: 1.1466
2026-05-11 09:54:21,705 - mmdet - INFO - Epoch [107][50/186]	lr: 1.445e-02, eta: 4:22:56, time: 0.592, data_time: 0.083, memory: 6156, loss_rpn_cls: 0.0208, loss_rpn_bbox: 0.0031, loss_cls: 0.0911, acc: 96.5361, loss_bbox: 0.0611, loss: 0.1761, grad_norm: 1.2162
2026-05-11 09:54:47,698 - mmdet - INFO - Epoch [107][100/186]	lr: 1.445e-02, eta: 4:22:42, time: 0.522, data_time: 0.015, memory: 6156, loss_rpn_cls: 0.0157, loss_rpn_bbox: 0.0028, loss_cls: 0.0805, acc: 96.8918, loss_bbox: 0.0542, loss: 0.1532, grad_norm: 1.1269
2026-05-11 09:55:13,665 - mmdet - INFO - Epoch [107][150/186]	lr: 1.445e-02, eta: 4:22:27, time: 0.517, data_time: 0.013, memory: 6156, loss_rpn_cls: 0.0138, loss_rpn_bbox: 0.0029, loss_cls: 0.0901, acc: 96.5186, loss_bbox: 0.0590, loss: 0.1659, grad_norm: 1.1287
2026-05-11 09:56:02,090 - mmdet - INFO - Epoch [108][50/186]	lr: 1.435e-02, eta: 4:21:35, time: 0.593, data_time: 0.083, memory: 6156, loss_rpn_cls: 0.0207, loss_rpn_bbox: 0.0034, loss_cls: 0.0972, acc: 96.3330, loss_bbox: 0.0677, loss: 0.1891, grad_norm: 1.3506
2026-05-11 09:56:28,003 - mmdet - INFO - Epoch [108][100/186]	lr: 1.435e-02, eta: 4:21:20, time: 0.516, data_time: 0.013, memory: 6156, loss_rpn_cls: 0.0207, loss_rpn_bbox: 0.0030, loss_cls: 0.0861, acc: 96.7021, loss_bbox: 0.0572, loss: 0.1671, grad_norm: 1.2574
2026-05-11 09:56:54,006 - mmdet - INFO - Epoch [108][150/186]	lr: 1.435e-02, eta: 4:21:06, time: 0.522, data_time: 0.014, memory: 6156, loss_rpn_cls: 0.0150, loss_rpn_bbox: 0.0026, loss_cls: 0.0871, acc: 96.7539, loss_bbox: 0.0587, loss: 0.1634, grad_norm: 1.1997
2026-05-11 09:57:42,455 - mmdet - INFO - Epoch [109][50/186]	lr: 1.426e-02, eta: 4:20:14, time: 0.590, data_time: 0.083, memory: 6156, loss_rpn_cls: 0.0149, loss_rpn_bbox: 0.0030, loss_cls: 0.0876, acc: 96.7725, loss_bbox: 0.0599, loss: 0.1653, grad_norm: 1.2851
2026-05-11 09:58:08,426 - mmdet - INFO - Epoch [109][100/186]	lr: 1.426e-02, eta: 4:19:59, time: 0.521, data_time: 0.015, memory: 6156, loss_rpn_cls: 0.0156, loss_rpn_bbox: 0.0029, loss_cls: 0.0890, acc: 96.5830, loss_bbox: 0.0646, loss: 0.1721, grad_norm: 1.2436
2026-05-11 09:58:34,427 - mmdet - INFO - Epoch [109][150/186]	lr: 1.426e-02, eta: 4:19:44, time: 0.518, data_time: 0.013, memory: 6156, loss_rpn_cls: 0.0170, loss_rpn_bbox: 0.0035, loss_cls: 0.0994, acc: 96.2041, loss_bbox: 0.0654, loss: 0.1853, grad_norm: 1.2387
2026-05-11 09:59:22,703 - mmdet - INFO - Epoch [110][50/186]	lr: 1.416e-02, eta: 4:18:52, time: 0.591, data_time: 0.082, memory: 6156, loss_rpn_cls: 0.0203, loss_rpn_bbox: 0.0025, loss_cls: 0.0793, acc: 97.1143, loss_bbox: 0.0486, loss: 0.1507, grad_norm: 1.2206
2026-05-11 09:59:48,514 - mmdet - INFO - Epoch [110][100/186]	lr: 1.416e-02, eta: 4:18:37, time: 0.514, data_time: 0.013, memory: 6156, loss_rpn_cls: 0.0127, loss_rpn_bbox: 0.0026, loss_cls: 0.0851, acc: 96.7839, loss_bbox: 0.0578, loss: 0.1582, grad_norm: 1.1342
2026-05-11 10:00:14,479 - mmdet - INFO - Epoch [110][150/186]	lr: 1.416e-02, eta: 4:18:22, time: 0.521, data_time: 0.015, memory: 6156, loss_rpn_cls: 0.0167, loss_rpn_bbox: 0.0033, loss_cls: 0.0878, acc: 96.7188, loss_bbox: 0.0605, loss: 0.1682, grad_norm: 1.1619
2026-05-11 10:00:33,272 - mmdet - INFO - Saving checkpoint at 110 epochs
2026-05-11 10:01:08,873 - mmdet - INFO - Evaluating bbox...
2026-05-11 10:01:11,980 - mmdet - INFO - 
 Average Precision  (AP) @[ IoU=0.50:0.95 | area=   all | maxDets=100 ] = 0.274
 Average Precision  (AP) @[ IoU=0.50      | area=   all | maxDets=1000 ] = 0.646
 Average Precision  (AP) @[ IoU=0.75      | area=   all | maxDets=1000 ] = 0.177
 Average Precision  (AP) @[ IoU=0.50:0.95 | area= small | maxDets=1000 ] = 0.000
 Average Precision  (AP) @[ IoU=0.50:0.95 | area=medium | maxDets=1000 ] = 0.221
 Average Precision  (AP) @[ IoU=0.50:0.95 | area= large | maxDets=1000 ] = 0.387
 Average Recall     (AR) @[ IoU=0.50:0.95 | area=   all | maxDets=100 ] = 0.400
 Average Recall     (AR) @[ IoU=0.50:0.95 | area=   all | maxDets=300 ] = 0.400
 Average Recall     (AR) @[ IoU=0.50:0.95 | area=   all | maxDets=1000 ] = 0.400
 Average Recall     (AR) @[ IoU=0.50:0.95 | area= small | maxDets=1000 ] = 0.006
 Average Recall     (AR) @[ IoU=0.50:0.95 | area=medium | maxDets=1000 ] = 0.346
 Average Recall     (AR) @[ IoU=0.50:0.95 | area= large | maxDets=1000 ] = 0.507

2026-05-11 10:01:11,985 - mmdet - INFO - Exp name: fold_2_r50_300e_hbb.py
2026-05-11 10:01:11,986 - mmdet - INFO - Epoch(val) [110][371]	bbox_mAP: 0.2740, bbox_mAP_50: 0.6460, bbox_mAP_75: 0.1770, bbox_mAP_s: 0.0000, bbox_mAP_m: 0.2210, bbox_mAP_l: 0.3870, bbox_mAP_copypaste: 0.274 0.646 0.177 0.000 0.221 0.387
2026-05-11 10:01:41,534 - mmdet - INFO - Epoch [111][50/186]	lr: 1.407e-02, eta: 4:17:30, time: 0.589, data_time: 0.083, memory: 6156, loss_rpn_cls: 0.0143, loss_rpn_bbox: 0.0026, loss_cls: 0.0731, acc: 97.2246, loss_bbox: 0.0489, loss: 0.1389, grad_norm: 1.0528
2026-05-11 10:02:07,527 - mmdet - INFO - Epoch [111][100/186]	lr: 1.407e-02, eta: 4:17:16, time: 0.522, data_time: 0.015, memory: 6156, loss_rpn_cls: 0.0193, loss_rpn_bbox: 0.0027, loss_cls: 0.0806, acc: 97.0020, loss_bbox: 0.0553, loss: 0.1579, grad_norm: 1.1134
2026-05-11 10:02:33,473 - mmdet - INFO - Epoch [111][150/186]	lr: 1.407e-02, eta: 4:17:01, time: 0.517, data_time: 0.013, memory: 6156, loss_rpn_cls: 0.0212, loss_rpn_bbox: 0.0032, loss_cls: 0.0866, acc: 96.6729, loss_bbox: 0.0645, loss: 0.1755, grad_norm: 1.1911
2026-05-11 10:03:21,826 - mmdet - INFO - Epoch [112][50/186]	lr: 1.397e-02, eta: 4:16:09, time: 0.592, data_time: 0.083, memory: 6156, loss_rpn_cls: 0.0163, loss_rpn_bbox: 0.0029, loss_cls: 0.0856, acc: 96.7227, loss_bbox: 0.0598, loss: 0.1646, grad_norm: 1.1508
2026-05-11 10:03:47,750 - mmdet - INFO - Epoch [112][100/186]	lr: 1.397e-02, eta: 4:15:54, time: 0.517, data_time: 0.013, memory: 6156, loss_rpn_cls: 0.0168, loss_rpn_bbox: 0.0028, loss_cls: 0.0864, acc: 96.6458, loss_bbox: 0.0588, loss: 0.1648, grad_norm: 1.1669
2026-05-11 10:04:13,721 - mmdet - INFO - Epoch [112][150/186]	lr: 1.397e-02, eta: 4:15:39, time: 0.521, data_time: 0.015, memory: 6156, loss_rpn_cls: 0.0153, loss_rpn_bbox: 0.0030, loss_cls: 0.0876, acc: 96.6357, loss_bbox: 0.0614, loss: 0.1673, grad_norm: 1.1670
2026-05-11 10:05:02,143 - mmdet - INFO - Epoch [113][50/186]	lr: 1.388e-02, eta: 4:14:48, time: 0.592, data_time: 0.084, memory: 6156, loss_rpn_cls: 0.0198, loss_rpn_bbox: 0.0033, loss_cls: 0.0846, acc: 96.8691, loss_bbox: 0.0596, loss: 0.1673, grad_norm: 1.2499
2026-05-11 10:05:28,085 - mmdet - INFO - Epoch [113][100/186]	lr: 1.388e-02, eta: 4:14:33, time: 0.521, data_time: 0.015, memory: 6156, loss_rpn_cls: 0.0145, loss_rpn_bbox: 0.0029, loss_cls: 0.0839, acc: 96.8245, loss_bbox: 0.0563, loss: 0.1576, grad_norm: 1.2559
2026-05-11 10:05:54,101 - mmdet - INFO - Epoch [113][150/186]	lr: 1.388e-02, eta: 4:14:18, time: 0.518, data_time: 0.013, memory: 6156, loss_rpn_cls: 0.0168, loss_rpn_bbox: 0.0035, loss_cls: 0.0947, acc: 96.3672, loss_bbox: 0.0673, loss: 0.1823, grad_norm: 1.2736
2026-05-11 10:06:42,421 - mmdet - INFO - Epoch [114][50/186]	lr: 1.378e-02, eta: 4:13:26, time: 0.592, data_time: 0.082, memory: 6156, loss_rpn_cls: 0.0159, loss_rpn_bbox: 0.0030, loss_cls: 0.0959, acc: 96.2881, loss_bbox: 0.0671, loss: 0.1819, grad_norm: 1.3255
2026-05-11 10:07:08,378 - mmdet - INFO - Epoch [114][100/186]	lr: 1.378e-02, eta: 4:13:11, time: 0.517, data_time: 0.013, memory: 6156, loss_rpn_cls: 0.0189, loss_rpn_bbox: 0.0032, loss_cls: 0.0983, acc: 96.3691, loss_bbox: 0.0708, loss: 0.1912, grad_norm: 1.3374
2026-05-11 10:07:34,373 - mmdet - INFO - Epoch [114][150/186]	lr: 1.378e-02, eta: 4:12:56, time: 0.522, data_time: 0.015, memory: 6156, loss_rpn_cls: 0.0183, loss_rpn_bbox: 0.0040, loss_cls: 0.0861, acc: 96.7754, loss_bbox: 0.0599, loss: 0.1683, grad_norm: 1.2964
2026-05-11 10:08:22,776 - mmdet - INFO - Epoch [115][50/186]	lr: 1.368e-02, eta: 4:12:05, time: 0.591, data_time: 0.083, memory: 6156, loss_rpn_cls: 0.0186, loss_rpn_bbox: 0.0030, loss_cls: 0.0942, acc: 96.4688, loss_bbox: 0.0656, loss: 0.1813, grad_norm: 1.1771
2026-05-11 10:08:48,724 - mmdet - INFO - Epoch [115][100/186]	lr: 1.368e-02, eta: 4:11:50, time: 0.521, data_time: 0.015, memory: 6156, loss_rpn_cls: 0.0145, loss_rpn_bbox: 0.0029, loss_cls: 0.0882, acc: 96.6982, loss_bbox: 0.0609, loss: 0.1665, grad_norm: 1.2575
2026-05-11 10:09:14,607 - mmdet - INFO - Epoch [115][150/186]	lr: 1.368e-02, eta: 4:11:34, time: 0.516, data_time: 0.013, memory: 6156, loss_rpn_cls: 0.0180, loss_rpn_bbox: 0.0030, loss_cls: 0.0907, acc: 96.5674, loss_bbox: 0.0576, loss: 0.1693, grad_norm: 1.2491
2026-05-11 10:10:03,020 - mmdet - INFO - Epoch [116][50/186]	lr: 1.358e-02, eta: 4:10:44, time: 0.594, data_time: 0.083, memory: 6156, loss_rpn_cls: 0.0126, loss_rpn_bbox: 0.0026, loss_cls: 0.0843, acc: 96.8613, loss_bbox: 0.0573, loss: 0.1568, grad_norm: 1.2177
2026-05-11 10:10:28,947 - mmdet - INFO - Epoch [116][100/186]	lr: 1.358e-02, eta: 4:10:28, time: 0.517, data_time: 0.013, memory: 6156, loss_rpn_cls: 0.0127, loss_rpn_bbox: 0.0027, loss_cls: 0.0922, acc: 96.5547, loss_bbox: 0.0621, loss: 0.1697, grad_norm: 1.1635
2026-05-11 10:10:54,970 - mmdet - INFO - Epoch [116][150/186]	lr: 1.358e-02, eta: 4:10:13, time: 0.522, data_time: 0.015, memory: 6156, loss_rpn_cls: 0.0142, loss_rpn_bbox: 0.0029, loss_cls: 0.0850, acc: 96.6602, loss_bbox: 0.0574, loss: 0.1595, grad_norm: 1.1635
2026-05-11 10:11:43,374 - mmdet - INFO - Epoch [117][50/186]	lr: 1.349e-02, eta: 4:09:22, time: 0.589, data_time: 0.082, memory: 6156, loss_rpn_cls: 0.0187, loss_rpn_bbox: 0.0032, loss_cls: 0.0888, acc: 96.5859, loss_bbox: 0.0586, loss: 0.1693, grad_norm: 1.2621
2026-05-11 10:12:09,313 - mmdet - INFO - Epoch [117][100/186]	lr: 1.349e-02, eta: 4:09:07, time: 0.521, data_time: 0.015, memory: 6156, loss_rpn_cls: 0.0177, loss_rpn_bbox: 0.0036, loss_cls: 0.0982, acc: 96.1309, loss_bbox: 0.0685, loss: 0.1880, grad_norm: 1.2564
2026-05-11 10:12:35,274 - mmdet - INFO - Epoch [117][150/186]	lr: 1.349e-02, eta: 4:08:51, time: 0.517, data_time: 0.013, memory: 6156, loss_rpn_cls: 0.0260, loss_rpn_bbox: 0.0038, loss_cls: 0.0923, acc: 96.4980, loss_bbox: 0.0646, loss: 0.1868, grad_norm: 1.2755
2026-05-11 10:13:23,656 - mmdet - INFO - Epoch [118][50/186]	lr: 1.339e-02, eta: 4:08:01, time: 0.592, data_time: 0.083, memory: 6156, loss_rpn_cls: 0.0165, loss_rpn_bbox: 0.0026, loss_cls: 0.0907, acc: 96.5605, loss_bbox: 0.0629, loss: 0.1727, grad_norm: 1.1516
2026-05-11 10:13:49,571 - mmdet - INFO - Epoch [118][100/186]	lr: 1.339e-02, eta: 4:07:45, time: 0.516, data_time: 0.013, memory: 6156, loss_rpn_cls: 0.0132, loss_rpn_bbox: 0.0025, loss_cls: 0.0799, acc: 96.8740, loss_bbox: 0.0531, loss: 0.1488, grad_norm: 1.1074
2026-05-11 10:14:15,609 - mmdet - INFO - Epoch [118][150/186]	lr: 1.339e-02, eta: 4:07:30, time: 0.523, data_time: 0.015, memory: 6156, loss_rpn_cls: 0.0145, loss_rpn_bbox: 0.0027, loss_cls: 0.0832, acc: 96.6943, loss_bbox: 0.0569, loss: 0.1574, grad_norm: 1.1371
2026-05-11 10:15:04,143 - mmdet - INFO - Epoch [119][50/186]	lr: 1.329e-02, eta: 4:06:40, time: 0.592, data_time: 0.083, memory: 6156, loss_rpn_cls: 0.0229, loss_rpn_bbox: 0.0030, loss_cls: 0.0889, acc: 96.6055, loss_bbox: 0.0622, loss: 0.1769, grad_norm: 1.1699
2026-05-11 10:15:30,020 - mmdet - INFO - Epoch [119][100/186]	lr: 1.329e-02, eta: 4:06:24, time: 0.519, data_time: 0.015, memory: 6156, loss_rpn_cls: 0.0175, loss_rpn_bbox: 0.0027, loss_cls: 0.0798, acc: 96.9991, loss_bbox: 0.0572, loss: 0.1572, grad_norm: 1.1563
2026-05-11 10:15:56,065 - mmdet - INFO - Epoch [119][150/186]	lr: 1.329e-02, eta: 4:06:08, time: 0.519, data_time: 0.013, memory: 6156, loss_rpn_cls: 0.0178, loss_rpn_bbox: 0.0027, loss_cls: 0.0918, acc: 96.5928, loss_bbox: 0.0633, loss: 0.1758, grad_norm: 1.1899
2026-05-11 10:16:44,565 - mmdet - INFO - Epoch [120][50/186]	lr: 1.319e-02, eta: 4:05:19, time: 0.594, data_time: 0.082, memory: 6156, loss_rpn_cls: 0.0130, loss_rpn_bbox: 0.0026, loss_cls: 0.0847, acc: 96.8447, loss_bbox: 0.0554, loss: 0.1556, grad_norm: 1.1482
2026-05-11 10:17:10,517 - mmdet - INFO - Epoch [120][100/186]	lr: 1.319e-02, eta: 4:05:03, time: 0.517, data_time: 0.013, memory: 6156, loss_rpn_cls: 0.0186, loss_rpn_bbox: 0.0028, loss_cls: 0.0842, acc: 96.8418, loss_bbox: 0.0567, loss: 0.1623, grad_norm: 1.1650
2026-05-11 10:17:36,646 - mmdet - INFO - Epoch [120][150/186]	lr: 1.319e-02, eta: 4:04:47, time: 0.524, data_time: 0.015, memory: 6156, loss_rpn_cls: 0.0163, loss_rpn_bbox: 0.0028, loss_cls: 0.0890, acc: 96.6152, loss_bbox: 0.0610, loss: 0.1691, grad_norm: 1.2191
2026-05-11 10:17:55,486 - mmdet - INFO - Saving checkpoint at 120 epochs
2026-05-11 10:18:31,041 - mmdet - INFO - Evaluating bbox...
2026-05-11 10:18:34,372 - mmdet - INFO - 
 Average Precision  (AP) @[ IoU=0.50:0.95 | area=   all | maxDets=100 ] = 0.270
 Average Precision  (AP) @[ IoU=0.50      | area=   all | maxDets=1000 ] = 0.691
 Average Precision  (AP) @[ IoU=0.75      | area=   all | maxDets=1000 ] = 0.148
 Average Precision  (AP) @[ IoU=0.50:0.95 | area= small | maxDets=1000 ] = 0.001
 Average Precision  (AP) @[ IoU=0.50:0.95 | area=medium | maxDets=1000 ] = 0.235
 Average Precision  (AP) @[ IoU=0.50:0.95 | area= large | maxDets=1000 ] = 0.341
 Average Recall     (AR) @[ IoU=0.50:0.95 | area=   all | maxDets=100 ] = 0.376
 Average Recall     (AR) @[ IoU=0.50:0.95 | area=   all | maxDets=300 ] = 0.376
 Average Recall     (AR) @[ IoU=0.50:0.95 | area=   all | maxDets=1000 ] = 0.376
 Average Recall     (AR) @[ IoU=0.50:0.95 | area= small | maxDets=1000 ] = 0.006
 Average Recall     (AR) @[ IoU=0.50:0.95 | area=medium | maxDets=1000 ] = 0.342
 Average Recall     (AR) @[ IoU=0.50:0.95 | area= large | maxDets=1000 ] = 0.451

2026-05-11 10:18:34,378 - mmdet - INFO - Exp name: fold_2_r50_300e_hbb.py
2026-05-11 10:18:34,378 - mmdet - INFO - Epoch(val) [120][371]	bbox_mAP: 0.2700, bbox_mAP_50: 0.6910, bbox_mAP_75: 0.1480, bbox_mAP_s: 0.0010, bbox_mAP_m: 0.2350, bbox_mAP_l: 0.3410, bbox_mAP_copypaste: 0.270 0.691 0.148 0.001 0.235 0.341
2026-05-11 10:19:04,021 - mmdet - INFO - Epoch [121][50/186]	lr: 1.309e-02, eta: 4:03:57, time: 0.591, data_time: 0.083, memory: 6156, loss_rpn_cls: 0.0186, loss_rpn_bbox: 0.0030, loss_cls: 0.0875, acc: 96.7221, loss_bbox: 0.0606, loss: 0.1696, grad_norm: 1.1928
2026-05-11 10:19:29,931 - mmdet - INFO - Epoch [121][100/186]	lr: 1.309e-02, eta: 4:03:42, time: 0.520, data_time: 0.015, memory: 6156, loss_rpn_cls: 0.0169, loss_rpn_bbox: 0.0027, loss_cls: 0.0820, acc: 96.8438, loss_bbox: 0.0572, loss: 0.1588, grad_norm: 1.1358
2026-05-11 10:19:55,826 - mmdet - INFO - Epoch [121][150/186]	lr: 1.309e-02, eta: 4:03:26, time: 0.516, data_time: 0.013, memory: 6156, loss_rpn_cls: 0.0207, loss_rpn_bbox: 0.0028, loss_cls: 0.0762, acc: 97.0078, loss_bbox: 0.0535, loss: 0.1532, grad_norm: 1.1414
2026-05-11 10:20:44,138 - mmdet - INFO - Epoch [122][50/186]	lr: 1.299e-02, eta: 4:02:36, time: 0.591, data_time: 0.082, memory: 6156, loss_rpn_cls: 0.0164, loss_rpn_bbox: 0.0028, loss_cls: 0.0810, acc: 96.9395, loss_bbox: 0.0591, loss: 0.1594, grad_norm: 1.1424
2026-05-11 10:21:10,001 - mmdet - INFO - Epoch [122][100/186]	lr: 1.299e-02, eta: 4:02:20, time: 0.515, data_time: 0.013, memory: 6156, loss_rpn_cls: 0.0171, loss_rpn_bbox: 0.0027, loss_cls: 0.0798, acc: 96.8779, loss_bbox: 0.0547, loss: 0.1543, grad_norm: 1.1256
2026-05-11 10:21:35,978 - mmdet - INFO - Epoch [122][150/186]	lr: 1.299e-02, eta: 4:02:04, time: 0.521, data_time: 0.015, memory: 6156, loss_rpn_cls: 0.0157, loss_rpn_bbox: 0.0031, loss_cls: 0.0937, acc: 96.3916, loss_bbox: 0.0664, loss: 0.1790, grad_norm: 1.1509
2026-05-11 10:22:24,101 - mmdet - INFO - Epoch [123][50/186]	lr: 1.289e-02, eta: 4:01:14, time: 0.586, data_time: 0.082, memory: 6156, loss_rpn_cls: 0.0126, loss_rpn_bbox: 0.0026, loss_cls: 0.0836, acc: 96.7061, loss_bbox: 0.0601, loss: 0.1589, grad_norm: 1.2226
2026-05-11 10:22:50,036 - mmdet - INFO - Epoch [123][100/186]	lr: 1.289e-02, eta: 4:00:58, time: 0.521, data_time: 0.015, memory: 6156, loss_rpn_cls: 0.0161, loss_rpn_bbox: 0.0024, loss_cls: 0.0783, acc: 96.8860, loss_bbox: 0.0559, loss: 0.1527, grad_norm: 1.2052
2026-05-11 10:23:16,165 - mmdet - INFO - Epoch [123][150/186]	lr: 1.289e-02, eta: 4:00:42, time: 0.521, data_time: 0.013, memory: 6156, loss_rpn_cls: 0.0174, loss_rpn_bbox: 0.0035, loss_cls: 0.0951, acc: 96.2998, loss_bbox: 0.0677, loss: 0.1838, grad_norm: 1.2565
2026-05-11 10:24:04,542 - mmdet - INFO - Epoch [124][50/186]	lr: 1.279e-02, eta: 3:59:53, time: 0.592, data_time: 0.082, memory: 6156, loss_rpn_cls: 0.0184, loss_rpn_bbox: 0.0032, loss_cls: 0.0862, acc: 96.6465, loss_bbox: 0.0602, loss: 0.1680, grad_norm: 1.1590
2026-05-11 10:24:30,421 - mmdet - INFO - Epoch [124][100/186]	lr: 1.279e-02, eta: 3:59:36, time: 0.516, data_time: 0.013, memory: 6156, loss_rpn_cls: 0.0142, loss_rpn_bbox: 0.0026, loss_cls: 0.0758, acc: 97.1113, loss_bbox: 0.0489, loss: 0.1415, grad_norm: 1.1466
2026-05-11 10:24:56,459 - mmdet - INFO - Epoch [124][150/186]	lr: 1.279e-02, eta: 3:59:21, time: 0.523, data_time: 0.015, memory: 6156, loss_rpn_cls: 0.0108, loss_rpn_bbox: 0.0023, loss_cls: 0.0841, acc: 96.7656, loss_bbox: 0.0586, loss: 0.1559, grad_norm: 1.1770
2026-05-11 10:25:44,914 - mmdet - INFO - Epoch [125][50/186]	lr: 1.269e-02, eta: 3:58:31, time: 0.591, data_time: 0.083, memory: 6156, loss_rpn_cls: 0.0162, loss_rpn_bbox: 0.0029, loss_cls: 0.0891, acc: 96.5967, loss_bbox: 0.0628, loss: 0.1709, grad_norm: 1.2658
2026-05-11 10:26:10,929 - mmdet - INFO - Epoch [125][100/186]	lr: 1.269e-02, eta: 3:58:15, time: 0.522, data_time: 0.015, memory: 6156, loss_rpn_cls: 0.0160, loss_rpn_bbox: 0.0029, loss_cls: 0.0788, acc: 96.9492, loss_bbox: 0.0524, loss: 0.1502, grad_norm: 1.2119
2026-05-11 10:26:36,932 - mmdet - INFO - Epoch [125][150/186]	lr: 1.269e-02, eta: 3:57:59, time: 0.518, data_time: 0.013, memory: 6156, loss_rpn_cls: 0.0162, loss_rpn_bbox: 0.0030, loss_cls: 0.0936, acc: 96.3418, loss_bbox: 0.0680, loss: 0.1808, grad_norm: 1.2458
2026-05-11 10:27:25,359 - mmdet - INFO - Epoch [126][50/186]	lr: 1.259e-02, eta: 3:57:10, time: 0.593, data_time: 0.082, memory: 6156, loss_rpn_cls: 0.0219, loss_rpn_bbox: 0.0034, loss_cls: 0.0895, acc: 96.6357, loss_bbox: 0.0669, loss: 0.1818, grad_norm: 1.2237
2026-05-11 10:27:51,333 - mmdet - INFO - Epoch [126][100/186]	lr: 1.259e-02, eta: 3:56:54, time: 0.518, data_time: 0.013, memory: 6156, loss_rpn_cls: 0.0138, loss_rpn_bbox: 0.0030, loss_cls: 0.0806, acc: 96.9355, loss_bbox: 0.0619, loss: 0.1593, grad_norm: 1.1897
2026-05-11 10:28:17,397 - mmdet - INFO - Epoch [126][150/186]	lr: 1.259e-02, eta: 3:56:38, time: 0.523, data_time: 0.015, memory: 6156, loss_rpn_cls: 0.0122, loss_rpn_bbox: 0.0029, loss_cls: 0.0808, acc: 96.8467, loss_bbox: 0.0577, loss: 0.1537, grad_norm: 1.1971
2026-05-11 10:29:05,786 - mmdet - INFO - Epoch [127][50/186]	lr: 1.249e-02, eta: 3:55:49, time: 0.590, data_time: 0.082, memory: 6156, loss_rpn_cls: 0.0172, loss_rpn_bbox: 0.0027, loss_cls: 0.0864, acc: 96.6211, loss_bbox: 0.0629, loss: 0.1692, grad_norm: 1.2495
2026-05-11 10:29:31,740 - mmdet - INFO - Epoch [127][100/186]	lr: 1.249e-02, eta: 3:55:33, time: 0.521, data_time: 0.015, memory: 6156, loss_rpn_cls: 0.0114, loss_rpn_bbox: 0.0025, loss_cls: 0.0783, acc: 96.9912, loss_bbox: 0.0535, loss: 0.1457, grad_norm: 1.1600
2026-05-11 10:29:57,799 - mmdet - INFO - Epoch [127][150/186]	lr: 1.249e-02, eta: 3:55:16, time: 0.519, data_time: 0.013, memory: 6156, loss_rpn_cls: 0.0196, loss_rpn_bbox: 0.0034, loss_cls: 0.0932, acc: 96.3320, loss_bbox: 0.0674, loss: 0.1836, grad_norm: 1.1950
2026-05-11 10:30:46,154 - mmdet - INFO - Epoch [128][50/186]	lr: 1.239e-02, eta: 3:54:28, time: 0.592, data_time: 0.082, memory: 6156, loss_rpn_cls: 0.0122, loss_rpn_bbox: 0.0023, loss_cls: 0.0777, acc: 97.0107, loss_bbox: 0.0543, loss: 0.1465, grad_norm: 1.1021
2026-05-11 10:31:12,045 - mmdet - INFO - Epoch [128][100/186]	lr: 1.239e-02, eta: 3:54:11, time: 0.516, data_time: 0.013, memory: 6156, loss_rpn_cls: 0.0136, loss_rpn_bbox: 0.0025, loss_cls: 0.0819, acc: 96.7783, loss_bbox: 0.0576, loss: 0.1556, grad_norm: 1.1577
2026-05-11 10:31:38,086 - mmdet - INFO - Epoch [128][150/186]	lr: 1.239e-02, eta: 3:53:55, time: 0.523, data_time: 0.015, memory: 6156, loss_rpn_cls: 0.0207, loss_rpn_bbox: 0.0031, loss_cls: 0.0960, acc: 96.3105, loss_bbox: 0.0692, loss: 0.1890, grad_norm: 1.2104
2026-05-11 10:32:26,615 - mmdet - INFO - Epoch [129][50/186]	lr: 1.228e-02, eta: 3:53:06, time: 0.591, data_time: 0.083, memory: 6156, loss_rpn_cls: 0.0186, loss_rpn_bbox: 0.0029, loss_cls: 0.0891, acc: 96.6299, loss_bbox: 0.0661, loss: 0.1767, grad_norm: 1.2135
2026-05-11 10:32:52,454 - mmdet - INFO - Epoch [129][100/186]	lr: 1.228e-02, eta: 3:52:50, time: 0.519, data_time: 0.015, memory: 6156, loss_rpn_cls: 0.0158, loss_rpn_bbox: 0.0027, loss_cls: 0.0870, acc: 96.5940, loss_bbox: 0.0583, loss: 0.1637, grad_norm: 1.1807
2026-05-11 10:33:18,444 - mmdet - INFO - Epoch [129][150/186]	lr: 1.228e-02, eta: 3:52:33, time: 0.518, data_time: 0.013, memory: 6156, loss_rpn_cls: 0.0156, loss_rpn_bbox: 0.0030, loss_cls: 0.0852, acc: 96.7129, loss_bbox: 0.0576, loss: 0.1614, grad_norm: 1.1761
2026-05-11 10:34:06,817 - mmdet - INFO - Epoch [130][50/186]	lr: 1.218e-02, eta: 3:51:45, time: 0.593, data_time: 0.083, memory: 6156, loss_rpn_cls: 0.0191, loss_rpn_bbox: 0.0028, loss_cls: 0.0892, acc: 96.6045, loss_bbox: 0.0606, loss: 0.1716, grad_norm: 1.0844
2026-05-11 10:34:32,799 - mmdet - INFO - Epoch [130][100/186]	lr: 1.218e-02, eta: 3:51:28, time: 0.518, data_time: 0.013, memory: 6156, loss_rpn_cls: 0.0123, loss_rpn_bbox: 0.0024, loss_cls: 0.0773, acc: 97.1230, loss_bbox: 0.0498, loss: 0.1418, grad_norm: 1.0644
2026-05-11 10:34:58,810 - mmdet - INFO - Epoch [130][150/186]	lr: 1.218e-02, eta: 3:51:12, time: 0.522, data_time: 0.015, memory: 6156, loss_rpn_cls: 0.0163, loss_rpn_bbox: 0.0027, loss_cls: 0.0848, acc: 96.7861, loss_bbox: 0.0577, loss: 0.1616, grad_norm: 1.0801
2026-05-11 10:35:17,598 - mmdet - INFO - Saving checkpoint at 130 epochs
2026-05-11 10:35:53,213 - mmdet - INFO - Evaluating bbox...
2026-05-11 10:35:56,202 - mmdet - INFO - 
 Average Precision  (AP) @[ IoU=0.50:0.95 | area=   all | maxDets=100 ] = 0.295
 Average Precision  (AP) @[ IoU=0.50      | area=   all | maxDets=1000 ] = 0.689
 Average Precision  (AP) @[ IoU=0.75      | area=   all | maxDets=1000 ] = 0.209
 Average Precision  (AP) @[ IoU=0.50:0.95 | area= small | maxDets=1000 ] = 0.000
 Average Precision  (AP) @[ IoU=0.50:0.95 | area=medium | maxDets=1000 ] = 0.245
 Average Precision  (AP) @[ IoU=0.50:0.95 | area= large | maxDets=1000 ] = 0.391
 Average Recall     (AR) @[ IoU=0.50:0.95 | area=   all | maxDets=100 ] = 0.402
 Average Recall     (AR) @[ IoU=0.50:0.95 | area=   all | maxDets=300 ] = 0.402
 Average Recall     (AR) @[ IoU=0.50:0.95 | area=   all | maxDets=1000 ] = 0.402
 Average Recall     (AR) @[ IoU=0.50:0.95 | area= small | maxDets=1000 ] = 0.006
 Average Recall     (AR) @[ IoU=0.50:0.95 | area=medium | maxDets=1000 ] = 0.350
 Average Recall     (AR) @[ IoU=0.50:0.95 | area= large | maxDets=1000 ] = 0.507

2026-05-11 10:35:56,330 - mmdet - INFO - The previous best checkpoint /home/ahmadreza/Downloads/Research/M2SODAI/baseline_official/runs_r50_hbb/r50_hbb_fold_2_20260511/best_bbox_mAP_epoch_100.pth was removed
2026-05-11 10:35:57,858 - mmdet - INFO - Now best checkpoint is saved as best_bbox_mAP_epoch_130.pth.
2026-05-11 10:35:57,858 - mmdet - INFO - Best bbox_mAP is 0.2950 at 130 epoch.
2026-05-11 10:35:57,859 - mmdet - INFO - Exp name: fold_2_r50_300e_hbb.py
2026-05-11 10:35:57,859 - mmdet - INFO - Epoch(val) [130][371]	bbox_mAP: 0.2950, bbox_mAP_50: 0.6890, bbox_mAP_75: 0.2090, bbox_mAP_s: 0.0000, bbox_mAP_m: 0.2450, bbox_mAP_l: 0.3910, bbox_mAP_copypaste: 0.295 0.689 0.209 0.000 0.245 0.391
2026-05-11 10:36:27,430 - mmdet - INFO - Epoch [131][50/186]	lr: 1.208e-02, eta: 3:50:23, time: 0.589, data_time: 0.082, memory: 6156, loss_rpn_cls: 0.0136, loss_rpn_bbox: 0.0023, loss_cls: 0.0748, acc: 97.1191, loss_bbox: 0.0511, loss: 0.1418, grad_norm: 1.0426
2026-05-11 10:36:53,254 - mmdet - INFO - Epoch [131][100/186]	lr: 1.208e-02, eta: 3:50:07, time: 0.518, data_time: 0.015, memory: 6156, loss_rpn_cls: 0.0156, loss_rpn_bbox: 0.0025, loss_cls: 0.0785, acc: 96.9756, loss_bbox: 0.0495, loss: 0.1461, grad_norm: 1.0512
2026-05-11 10:37:19,106 - mmdet - INFO - Epoch [131][150/186]	lr: 1.208e-02, eta: 3:49:50, time: 0.515, data_time: 0.013, memory: 6156, loss_rpn_cls: 0.0158, loss_rpn_bbox: 0.0025, loss_cls: 0.0818, acc: 96.9541, loss_bbox: 0.0531, loss: 0.1532, grad_norm: 1.0628
2026-05-11 10:38:07,484 - mmdet - INFO - Epoch [132][50/186]	lr: 1.198e-02, eta: 3:49:02, time: 0.593, data_time: 0.083, memory: 6156, loss_rpn_cls: 0.0120, loss_rpn_bbox: 0.0024, loss_cls: 0.0784, acc: 96.9971, loss_bbox: 0.0507, loss: 0.1435, grad_norm: 1.0576
2026-05-11 10:38:33,418 - mmdet - INFO - Epoch [132][100/186]	lr: 1.198e-02, eta: 3:48:45, time: 0.517, data_time: 0.013, memory: 6156, loss_rpn_cls: 0.0163, loss_rpn_bbox: 0.0024, loss_cls: 0.0869, acc: 96.5879, loss_bbox: 0.0538, loss: 0.1594, grad_norm: 1.0801
2026-05-11 10:38:59,476 - mmdet - INFO - Epoch [132][150/186]	lr: 1.198e-02, eta: 3:48:29, time: 0.523, data_time: 0.015, memory: 6156, loss_rpn_cls: 0.0139, loss_rpn_bbox: 0.0025, loss_cls: 0.0754, acc: 97.0571, loss_bbox: 0.0465, loss: 0.1384, grad_norm: 1.0651
2026-05-11 10:39:47,951 - mmdet - INFO - Epoch [133][50/186]	lr: 1.187e-02, eta: 3:47:41, time: 0.591, data_time: 0.083, memory: 6156, loss_rpn_cls: 0.0152, loss_rpn_bbox: 0.0027, loss_cls: 0.0864, acc: 96.7246, loss_bbox: 0.0573, loss: 0.1615, grad_norm: 1.1428
2026-05-11 10:40:13,964 - mmdet - INFO - Epoch [133][100/186]	lr: 1.187e-02, eta: 3:47:24, time: 0.522, data_time: 0.015, memory: 6156, loss_rpn_cls: 0.0142, loss_rpn_bbox: 0.0022, loss_cls: 0.0791, acc: 97.0029, loss_bbox: 0.0510, loss: 0.1466, grad_norm: 1.0980
2026-05-11 10:40:40,004 - mmdet - INFO - Epoch [133][150/186]	lr: 1.187e-02, eta: 3:47:07, time: 0.519, data_time: 0.013, memory: 6156, loss_rpn_cls: 0.0170, loss_rpn_bbox: 0.0028, loss_cls: 0.0797, acc: 96.9492, loss_bbox: 0.0519, loss: 0.1515, grad_norm: 1.1167
2026-05-11 10:41:28,465 - mmdet - INFO - Epoch [134][50/186]	lr: 1.177e-02, eta: 3:46:19, time: 0.594, data_time: 0.083, memory: 6156, loss_rpn_cls: 0.0164, loss_rpn_bbox: 0.0027, loss_cls: 0.0960, acc: 96.3994, loss_bbox: 0.0622, loss: 0.1774, grad_norm: 1.3006
2026-05-11 10:41:54,462 - mmdet - INFO - Epoch [134][100/186]	lr: 1.177e-02, eta: 3:46:03, time: 0.518, data_time: 0.013, memory: 6156, loss_rpn_cls: 0.0245, loss_rpn_bbox: 0.0030, loss_cls: 0.0942, acc: 96.5146, loss_bbox: 0.0617, loss: 0.1835, grad_norm: 1.3261
2026-05-11 10:42:20,450 - mmdet - INFO - Epoch [134][150/186]	lr: 1.177e-02, eta: 3:45:46, time: 0.522, data_time: 0.015, memory: 6156, loss_rpn_cls: 0.0163, loss_rpn_bbox: 0.0025, loss_cls: 0.0721, acc: 97.2041, loss_bbox: 0.0481, loss: 0.1389, grad_norm: 1.2423
2026-05-11 10:43:08,929 - mmdet - INFO - Epoch [135][50/186]	lr: 1.167e-02, eta: 3:44:58, time: 0.591, data_time: 0.082, memory: 6156, loss_rpn_cls: 0.0170, loss_rpn_bbox: 0.0025, loss_cls: 0.0867, acc: 96.7207, loss_bbox: 0.0561, loss: 0.1623, grad_norm: 1.2008
2026-05-11 10:43:35,014 - mmdet - INFO - Epoch [135][100/186]	lr: 1.167e-02, eta: 3:44:41, time: 0.524, data_time: 0.015, memory: 6156, loss_rpn_cls: 0.0197, loss_rpn_bbox: 0.0026, loss_cls: 0.0788, acc: 97.0058, loss_bbox: 0.0511, loss: 0.1521, grad_norm: 1.1918
2026-05-11 10:44:01,134 - mmdet - INFO - Epoch [135][150/186]	lr: 1.167e-02, eta: 3:44:25, time: 0.520, data_time: 0.013, memory: 6156, loss_rpn_cls: 0.0203, loss_rpn_bbox: 0.0033, loss_cls: 0.0822, acc: 96.9062, loss_bbox: 0.0519, loss: 0.1577, grad_norm: 1.1459
2026-05-11 10:44:49,673 - mmdet - INFO - Epoch [136][50/186]	lr: 1.156e-02, eta: 3:43:37, time: 0.594, data_time: 0.083, memory: 6156, loss_rpn_cls: 0.0136, loss_rpn_bbox: 0.0024, loss_cls: 0.0784, acc: 97.0518, loss_bbox: 0.0526, loss: 0.1470, grad_norm: 1.0593
2026-05-11 10:45:15,559 - mmdet - INFO - Epoch [136][100/186]	lr: 1.156e-02, eta: 3:43:20, time: 0.516, data_time: 0.013, memory: 6156, loss_rpn_cls: 0.0155, loss_rpn_bbox: 0.0024, loss_cls: 0.0831, acc: 96.8633, loss_bbox: 0.0548, loss: 0.1558, grad_norm: 1.0605
2026-05-11 10:45:41,514 - mmdet - INFO - Epoch [136][150/186]	lr: 1.156e-02, eta: 3:43:03, time: 0.521, data_time: 0.015, memory: 6156, loss_rpn_cls: 0.0155, loss_rpn_bbox: 0.0027, loss_cls: 0.0846, acc: 96.9639, loss_bbox: 0.0482, loss: 0.1510, grad_norm: 1.1381
2026-05-11 10:46:29,955 - mmdet - INFO - Epoch [137][50/186]	lr: 1.146e-02, eta: 3:42:16, time: 0.591, data_time: 0.083, memory: 6156, loss_rpn_cls: 0.0204, loss_rpn_bbox: 0.0030, loss_cls: 0.0891, acc: 96.6406, loss_bbox: 0.0589, loss: 0.1714, grad_norm: 1.2495
2026-05-11 10:46:55,894 - mmdet - INFO - Epoch [137][100/186]	lr: 1.146e-02, eta: 3:41:59, time: 0.521, data_time: 0.015, memory: 6156, loss_rpn_cls: 0.0170, loss_rpn_bbox: 0.0027, loss_cls: 0.0773, acc: 97.0332, loss_bbox: 0.0524, loss: 0.1494, grad_norm: 1.1197
2026-05-11 10:47:21,965 - mmdet - INFO - Epoch [137][150/186]	lr: 1.146e-02, eta: 3:41:42, time: 0.519, data_time: 0.013, memory: 6156, loss_rpn_cls: 0.0216, loss_rpn_bbox: 0.0026, loss_cls: 0.0845, acc: 96.9941, loss_bbox: 0.0512, loss: 0.1600, grad_norm: 1.1321
2026-05-11 10:48:10,437 - mmdet - INFO - Epoch [138][50/186]	lr: 1.136e-02, eta: 3:40:55, time: 0.594, data_time: 0.082, memory: 6156, loss_rpn_cls: 0.0153, loss_rpn_bbox: 0.0025, loss_cls: 0.0818, acc: 96.8936, loss_bbox: 0.0534, loss: 0.1530, grad_norm: 1.0463
2026-05-11 10:48:36,429 - mmdet - INFO - Epoch [138][100/186]	lr: 1.136e-02, eta: 3:40:37, time: 0.518, data_time: 0.013, memory: 6156, loss_rpn_cls: 0.0111, loss_rpn_bbox: 0.0022, loss_cls: 0.0703, acc: 97.3350, loss_bbox: 0.0458, loss: 0.1294, grad_norm: 1.0147
2026-05-11 10:49:02,543 - mmdet - INFO - Epoch [138][150/186]	lr: 1.136e-02, eta: 3:40:21, time: 0.524, data_time: 0.015, memory: 6156, loss_rpn_cls: 0.0097, loss_rpn_bbox: 0.0019, loss_cls: 0.0721, acc: 97.2529, loss_bbox: 0.0435, loss: 0.1273, grad_norm: 1.0166
2026-05-11 10:49:51,136 - mmdet - INFO - Epoch [139][50/186]	lr: 1.125e-02, eta: 3:39:33, time: 0.593, data_time: 0.083, memory: 6156, loss_rpn_cls: 0.0198, loss_rpn_bbox: 0.0030, loss_cls: 0.0893, acc: 96.5859, loss_bbox: 0.0587, loss: 0.1708, grad_norm: 1.1122
2026-05-11 10:50:17,168 - mmdet - INFO - Epoch [139][100/186]	lr: 1.125e-02, eta: 3:39:16, time: 0.523, data_time: 0.015, memory: 6156, loss_rpn_cls: 0.0174, loss_rpn_bbox: 0.0027, loss_cls: 0.0758, acc: 97.1143, loss_bbox: 0.0455, loss: 0.1414, grad_norm: 1.0675
2026-05-11 10:50:43,126 - mmdet - INFO - Epoch [139][150/186]	lr: 1.125e-02, eta: 3:38:59, time: 0.517, data_time: 0.013, memory: 6156, loss_rpn_cls: 0.0163, loss_rpn_bbox: 0.0024, loss_cls: 0.0700, acc: 97.3457, loss_bbox: 0.0443, loss: 0.1331, grad_norm: 1.0745
2026-05-11 10:51:31,513 - mmdet - INFO - Epoch [140][50/186]	lr: 1.115e-02, eta: 3:38:12, time: 0.593, data_time: 0.083, memory: 6156, loss_rpn_cls: 0.0129, loss_rpn_bbox: 0.0025, loss_cls: 0.0774, acc: 97.0088, loss_bbox: 0.0502, loss: 0.1431, grad_norm: 1.0358
2026-05-11 10:51:57,423 - mmdet - INFO - Epoch [140][100/186]	lr: 1.115e-02, eta: 3:37:55, time: 0.516, data_time: 0.013, memory: 6156, loss_rpn_cls: 0.0133, loss_rpn_bbox: 0.0024, loss_cls: 0.0750, acc: 97.1318, loss_bbox: 0.0476, loss: 0.1383, grad_norm: 1.0270
2026-05-11 10:52:23,594 - mmdet - INFO - Epoch [140][150/186]	lr: 1.115e-02, eta: 3:37:38, time: 0.525, data_time: 0.015, memory: 6156, loss_rpn_cls: 0.0135, loss_rpn_bbox: 0.0024, loss_cls: 0.0728, acc: 97.2598, loss_bbox: 0.0440, loss: 0.1327, grad_norm: 1.0338
2026-05-11 10:52:42,518 - mmdet - INFO - Saving checkpoint at 140 epochs
2026-05-11 10:53:18,410 - mmdet - INFO - Evaluating bbox...
2026-05-11 10:53:22,000 - mmdet - INFO - 
 Average Precision  (AP) @[ IoU=0.50:0.95 | area=   all | maxDets=100 ] = 0.284
 Average Precision  (AP) @[ IoU=0.50      | area=   all | maxDets=1000 ] = 0.667
 Average Precision  (AP) @[ IoU=0.75      | area=   all | maxDets=1000 ] = 0.187
 Average Precision  (AP) @[ IoU=0.50:0.95 | area= small | maxDets=1000 ] = 0.001
 Average Precision  (AP) @[ IoU=0.50:0.95 | area=medium | maxDets=1000 ] = 0.235
 Average Precision  (AP) @[ IoU=0.50:0.95 | area= large | maxDets=1000 ] = 0.385
 Average Recall     (AR) @[ IoU=0.50:0.95 | area=   all | maxDets=100 ] = 0.417
 Average Recall     (AR) @[ IoU=0.50:0.95 | area=   all | maxDets=300 ] = 0.417
 Average Recall     (AR) @[ IoU=0.50:0.95 | area=   all | maxDets=1000 ] = 0.417
 Average Recall     (AR) @[ IoU=0.50:0.95 | area= small | maxDets=1000 ] = 0.009
 Average Recall     (AR) @[ IoU=0.50:0.95 | area=medium | maxDets=1000 ] = 0.371
 Average Recall     (AR) @[ IoU=0.50:0.95 | area= large | maxDets=1000 ] = 0.511

2026-05-11 10:53:22,008 - mmdet - INFO - Exp name: fold_2_r50_300e_hbb.py
2026-05-11 10:53:22,008 - mmdet - INFO - Epoch(val) [140][371]	bbox_mAP: 0.2840, bbox_mAP_50: 0.6670, bbox_mAP_75: 0.1870, bbox_mAP_s: 0.0010, bbox_mAP_m: 0.2350, bbox_mAP_l: 0.3850, bbox_mAP_copypaste: 0.284 0.667 0.187 0.001 0.235 0.385
2026-05-11 10:53:51,711 - mmdet - INFO - Epoch [141][50/186]	lr: 1.105e-02, eta: 3:36:51, time: 0.592, data_time: 0.083, memory: 6156, loss_rpn_cls: 0.0127, loss_rpn_bbox: 0.0025, loss_cls: 0.0804, acc: 96.8877, loss_bbox: 0.0579, loss: 0.1535, grad_norm: 1.0203
2026-05-11 10:54:17,736 - mmdet - INFO - Epoch [141][100/186]	lr: 1.105e-02, eta: 3:36:34, time: 0.522, data_time: 0.015, memory: 6156, loss_rpn_cls: 0.0143, loss_rpn_bbox: 0.0023, loss_cls: 0.0779, acc: 97.0244, loss_bbox: 0.0494, loss: 0.1438, grad_norm: 1.0926
2026-05-11 10:54:43,703 - mmdet - INFO - Epoch [141][150/186]	lr: 1.105e-02, eta: 3:36:16, time: 0.517, data_time: 0.013, memory: 6156, loss_rpn_cls: 0.0122, loss_rpn_bbox: 0.0022, loss_cls: 0.0730, acc: 97.2559, loss_bbox: 0.0436, loss: 0.1310, grad_norm: 1.0889
2026-05-11 10:55:32,260 - mmdet - INFO - Epoch [142][50/186]	lr: 1.094e-02, eta: 3:35:30, time: 0.596, data_time: 0.083, memory: 6156, loss_rpn_cls: 0.0083, loss_rpn_bbox: 0.0020, loss_cls: 0.0717, acc: 97.2656, loss_bbox: 0.0468, loss: 0.1288, grad_norm: 0.9752
2026-05-11 10:55:58,423 - mmdet - INFO - Epoch [142][100/186]	lr: 1.094e-02, eta: 3:35:13, time: 0.521, data_time: 0.013, memory: 6156, loss_rpn_cls: 0.0140, loss_rpn_bbox: 0.0023, loss_cls: 0.0797, acc: 96.8964, loss_bbox: 0.0523, loss: 0.1484, grad_norm: 1.0350
2026-05-11 10:56:24,703 - mmdet - INFO - Epoch [142][150/186]	lr: 1.094e-02, eta: 3:34:56, time: 0.528, data_time: 0.015, memory: 6156, loss_rpn_cls: 0.0130, loss_rpn_bbox: 0.0025, loss_cls: 0.0850, acc: 96.7568, loss_bbox: 0.0519, loss: 0.1524, grad_norm: 1.0705
2026-05-11 10:57:13,443 - mmdet - INFO - Epoch [143][50/186]	lr: 1.084e-02, eta: 3:34:09, time: 0.594, data_time: 0.083, memory: 6156, loss_rpn_cls: 0.0130, loss_rpn_bbox: 0.0023, loss_cls: 0.0782, acc: 97.0281, loss_bbox: 0.0478, loss: 0.1413, grad_norm: 1.0323
2026-05-11 10:57:39,563 - mmdet - INFO - Epoch [143][100/186]	lr: 1.084e-02, eta: 3:33:52, time: 0.524, data_time: 0.015, memory: 6156, loss_rpn_cls: 0.0161, loss_rpn_bbox: 0.0025, loss_cls: 0.0771, acc: 97.0527, loss_bbox: 0.0510, loss: 0.1467, grad_norm: 1.0748
2026-05-11 10:58:05,611 - mmdet - INFO - Epoch [143][150/186]	lr: 1.084e-02, eta: 3:33:35, time: 0.519, data_time: 0.013, memory: 6156, loss_rpn_cls: 0.0175, loss_rpn_bbox: 0.0025, loss_cls: 0.0755, acc: 97.2334, loss_bbox: 0.0459, loss: 0.1413, grad_norm: 1.1399
2026-05-11 10:58:54,183 - mmdet - INFO - Epoch [144][50/186]	lr: 1.073e-02, eta: 3:32:48, time: 0.596, data_time: 0.083, memory: 6156, loss_rpn_cls: 0.0125, loss_rpn_bbox: 0.0022, loss_cls: 0.0738, acc: 97.1631, loss_bbox: 0.0480, loss: 0.1364, grad_norm: 1.0442
2026-05-11 10:59:20,190 - mmdet - INFO - Epoch [144][100/186]	lr: 1.073e-02, eta: 3:32:31, time: 0.518, data_time: 0.013, memory: 6156, loss_rpn_cls: 0.0135, loss_rpn_bbox: 0.0024, loss_cls: 0.0698, acc: 97.3301, loss_bbox: 0.0467, loss: 0.1324, grad_norm: 1.0636
2026-05-11 10:59:46,398 - mmdet - INFO - Epoch [144][150/186]	lr: 1.073e-02, eta: 3:32:14, time: 0.526, data_time: 0.015, memory: 6156, loss_rpn_cls: 0.0172, loss_rpn_bbox: 0.0025, loss_cls: 0.0770, acc: 97.0869, loss_bbox: 0.0500, loss: 0.1466, grad_norm: 1.0740
2026-05-11 11:00:35,040 - mmdet - INFO - Epoch [145][50/186]	lr: 1.063e-02, eta: 3:31:27, time: 0.593, data_time: 0.083, memory: 6156, loss_rpn_cls: 0.0145, loss_rpn_bbox: 0.0023, loss_cls: 0.0746, acc: 97.1748, loss_bbox: 0.0457, loss: 0.1372, grad_norm: 1.0283
2026-05-11 11:01:01,143 - mmdet - INFO - Epoch [145][100/186]	lr: 1.063e-02, eta: 3:31:10, time: 0.524, data_time: 0.015, memory: 6156, loss_rpn_cls: 0.0160, loss_rpn_bbox: 0.0026, loss_cls: 0.0791, acc: 96.9736, loss_bbox: 0.0530, loss: 0.1507, grad_norm: 1.0692
2026-05-11 11:01:27,276 - mmdet - INFO - Epoch [145][150/186]	lr: 1.063e-02, eta: 3:30:52, time: 0.521, data_time: 0.013, memory: 6156, loss_rpn_cls: 0.0127, loss_rpn_bbox: 0.0022, loss_cls: 0.0711, acc: 97.2852, loss_bbox: 0.0455, loss: 0.1315, grad_norm: 1.0507
2026-05-11 11:02:15,912 - mmdet - INFO - Epoch [146][50/186]	lr: 1.052e-02, eta: 3:30:06, time: 0.596, data_time: 0.082, memory: 6156, loss_rpn_cls: 0.0157, loss_rpn_bbox: 0.0024, loss_cls: 0.0746, acc: 97.1494, loss_bbox: 0.0474, loss: 0.1400, grad_norm: 1.1298
2026-05-11 11:02:42,101 - mmdet - INFO - Epoch [146][100/186]	lr: 1.052e-02, eta: 3:29:49, time: 0.522, data_time: 0.013, memory: 6156, loss_rpn_cls: 0.0149, loss_rpn_bbox: 0.0025, loss_cls: 0.0762, acc: 97.0830, loss_bbox: 0.0534, loss: 0.1471, grad_norm: 1.1395
2026-05-11 11:03:08,360 - mmdet - INFO - Epoch [146][150/186]	lr: 1.052e-02, eta: 3:29:32, time: 0.527, data_time: 0.015, memory: 6156, loss_rpn_cls: 0.0193, loss_rpn_bbox: 0.0026, loss_cls: 0.0710, acc: 97.3516, loss_bbox: 0.0498, loss: 0.1427, grad_norm: 1.1422
2026-05-11 11:03:57,064 - mmdet - INFO - Epoch [147][50/186]	lr: 1.042e-02, eta: 3:28:45, time: 0.593, data_time: 0.082, memory: 6156, loss_rpn_cls: 0.0179, loss_rpn_bbox: 0.0026, loss_cls: 0.0770, acc: 97.0342, loss_bbox: 0.0519, loss: 0.1494, grad_norm: 1.0849
2026-05-11 11:04:23,200 - mmdet - INFO - Epoch [147][100/186]	lr: 1.042e-02, eta: 3:28:28, time: 0.525, data_time: 0.015, memory: 6156, loss_rpn_cls: 0.0148, loss_rpn_bbox: 0.0025, loss_cls: 0.0738, acc: 97.1211, loss_bbox: 0.0497, loss: 0.1407, grad_norm: 1.0626
2026-05-11 11:04:49,237 - mmdet - INFO - Epoch [147][150/186]	lr: 1.042e-02, eta: 3:28:10, time: 0.519, data_time: 0.012, memory: 6156, loss_rpn_cls: 0.0142, loss_rpn_bbox: 0.0021, loss_cls: 0.0704, acc: 97.3613, loss_bbox: 0.0426, loss: 0.1293, grad_norm: 1.0799
2026-05-11 11:05:37,749 - mmdet - INFO - Epoch [148][50/186]	lr: 1.031e-02, eta: 3:27:24, time: 0.595, data_time: 0.083, memory: 6156, loss_rpn_cls: 0.0182, loss_rpn_bbox: 0.0027, loss_cls: 0.0749, acc: 97.1270, loss_bbox: 0.0496, loss: 0.1455, grad_norm: 1.1001
2026-05-11 11:06:03,695 - mmdet - INFO - Epoch [148][100/186]	lr: 1.031e-02, eta: 3:27:07, time: 0.517, data_time: 0.013, memory: 6156, loss_rpn_cls: 0.0124, loss_rpn_bbox: 0.0024, loss_cls: 0.0812, acc: 96.8454, loss_bbox: 0.0553, loss: 0.1513, grad_norm: 1.0963
2026-05-11 11:06:29,908 - mmdet - INFO - Epoch [148][150/186]	lr: 1.031e-02, eta: 3:26:49, time: 0.526, data_time: 0.015, memory: 6156, loss_rpn_cls: 0.0124, loss_rpn_bbox: 0.0023, loss_cls: 0.0723, acc: 97.2959, loss_bbox: 0.0444, loss: 0.1315, grad_norm: 1.0566
2026-05-11 11:07:18,551 - mmdet - INFO - Epoch [149][50/186]	lr: 1.021e-02, eta: 3:26:03, time: 0.592, data_time: 0.083, memory: 6156, loss_rpn_cls: 0.0172, loss_rpn_bbox: 0.0033, loss_cls: 0.0801, acc: 96.9492, loss_bbox: 0.0489, loss: 0.1495, grad_norm: 1.1419
2026-05-11 11:07:44,433 - mmdet - INFO - Epoch [149][100/186]	lr: 1.021e-02, eta: 3:25:45, time: 0.520, data_time: 0.015, memory: 6156, loss_rpn_cls: 0.0152, loss_rpn_bbox: 0.0023, loss_cls: 0.0741, acc: 97.2500, loss_bbox: 0.0460, loss: 0.1376, grad_norm: 1.1118
2026-05-11 11:08:10,442 - mmdet - INFO - Epoch [149][150/186]	lr: 1.021e-02, eta: 3:25:28, time: 0.518, data_time: 0.013, memory: 6156, loss_rpn_cls: 0.0209, loss_rpn_bbox: 0.0029, loss_cls: 0.0836, acc: 96.8369, loss_bbox: 0.0542, loss: 0.1617, grad_norm: 1.1276
2026-05-11 11:08:58,904 - mmdet - INFO - Epoch [150][50/186]	lr: 1.011e-02, eta: 3:24:42, time: 0.594, data_time: 0.082, memory: 6156, loss_rpn_cls: 0.0177, loss_rpn_bbox: 0.0024, loss_cls: 0.0717, acc: 97.3467, loss_bbox: 0.0472, loss: 0.1389, grad_norm: 1.1171
2026-05-11 11:09:24,973 - mmdet - INFO - Epoch [150][100/186]	lr: 1.011e-02, eta: 3:24:24, time: 0.519, data_time: 0.013, memory: 6156, loss_rpn_cls: 0.0138, loss_rpn_bbox: 0.0023, loss_cls: 0.0705, acc: 97.3926, loss_bbox: 0.0459, loss: 0.1326, grad_norm: 1.0995
2026-05-11 11:09:51,079 - mmdet - INFO - Epoch [150][150/186]	lr: 1.011e-02, eta: 3:24:06, time: 0.524, data_time: 0.015, memory: 6156, loss_rpn_cls: 0.0123, loss_rpn_bbox: 0.0024, loss_cls: 0.0706, acc: 97.3564, loss_bbox: 0.0458, loss: 0.1312, grad_norm: 1.0662
2026-05-11 11:10:09,886 - mmdet - INFO - Saving checkpoint at 150 epochs
2026-05-11 11:10:45,620 - mmdet - INFO - Evaluating bbox...
2026-05-11 11:10:49,102 - mmdet - INFO - 
 Average Precision  (AP) @[ IoU=0.50:0.95 | area=   all | maxDets=100 ] = 0.284
 Average Precision  (AP) @[ IoU=0.50      | area=   all | maxDets=1000 ] = 0.684
 Average Precision  (AP) @[ IoU=0.75      | area=   all | maxDets=1000 ] = 0.172
 Average Precision  (AP) @[ IoU=0.50:0.95 | area= small | maxDets=1000 ] = 0.002
 Average Precision  (AP) @[ IoU=0.50:0.95 | area=medium | maxDets=1000 ] = 0.241
 Average Precision  (AP) @[ IoU=0.50:0.95 | area= large | maxDets=1000 ] = 0.371
 Average Recall     (AR) @[ IoU=0.50:0.95 | area=   all | maxDets=100 ] = 0.400
 Average Recall     (AR) @[ IoU=0.50:0.95 | area=   all | maxDets=300 ] = 0.400
 Average Recall     (AR) @[ IoU=0.50:0.95 | area=   all | maxDets=1000 ] = 0.400
 Average Recall     (AR) @[ IoU=0.50:0.95 | area= small | maxDets=1000 ] = 0.006
 Average Recall     (AR) @[ IoU=0.50:0.95 | area=medium | maxDets=1000 ] = 0.356
 Average Recall     (AR) @[ IoU=0.50:0.95 | area= large | maxDets=1000 ] = 0.492

2026-05-11 11:10:49,108 - mmdet - INFO - Exp name: fold_2_r50_300e_hbb.py
2026-05-11 11:10:49,108 - mmdet - INFO - Epoch(val) [150][371]	bbox_mAP: 0.2840, bbox_mAP_50: 0.6840, bbox_mAP_75: 0.1720, bbox_mAP_s: 0.0020, bbox_mAP_m: 0.2410, bbox_mAP_l: 0.3710, bbox_mAP_copypaste: 0.284 0.684 0.172 0.002 0.241 0.371
2026-05-11 11:11:18,726 - mmdet - INFO - Epoch [151][50/186]	lr: 1.000e-02, eta: 3:23:21, time: 0.590, data_time: 0.082, memory: 6156, loss_rpn_cls: 0.0156, loss_rpn_bbox: 0.0021, loss_cls: 0.0702, acc: 97.2861, loss_bbox: 0.0446, loss: 0.1324, grad_norm: 1.1248
2026-05-11 11:11:44,625 - mmdet - INFO - Exp name: fold_2_r50_300e_hbb.py
2026-05-11 11:11:44,626 - mmdet - INFO - Epoch [151][100/186]	lr: 1.000e-02, eta: 3:23:03, time: 0.520, data_time: 0.015, memory: 6156, loss_rpn_cls: 0.0166, loss_rpn_bbox: 0.0020, loss_cls: 0.0599, acc: 97.7842, loss_bbox: 0.0371, loss: 0.1157, grad_norm: 1.1130
2026-05-11 11:12:10,712 - mmdet - INFO - Epoch [151][150/186]	lr: 1.000e-02, eta: 3:22:45, time: 0.520, data_time: 0.013, memory: 6156, loss_rpn_cls: 0.0176, loss_rpn_bbox: 0.0024, loss_cls: 0.0781, acc: 97.0068, loss_bbox: 0.0549, loss: 0.1531, grad_norm: 1.1078
2026-05-11 11:12:59,147 - mmdet - INFO - Epoch [152][50/186]	lr: 9.896e-03, eta: 3:21:59, time: 0.592, data_time: 0.082, memory: 6156, loss_rpn_cls: 0.0114, loss_rpn_bbox: 0.0021, loss_cls: 0.0724, acc: 97.2168, loss_bbox: 0.0499, loss: 0.1358, grad_norm: 1.0334
2026-05-11 11:13:25,113 - mmdet - INFO - Epoch [152][100/186]	lr: 9.896e-03, eta: 3:21:41, time: 0.517, data_time: 0.013, memory: 6156, loss_rpn_cls: 0.0123, loss_rpn_bbox: 0.0020, loss_cls: 0.0683, acc: 97.4434, loss_bbox: 0.0424, loss: 0.1249, grad_norm: 1.0383
2026-05-11 11:13:51,235 - mmdet - INFO - Epoch [152][150/186]	lr: 9.896e-03, eta: 3:21:23, time: 0.524, data_time: 0.015, memory: 6156, loss_rpn_cls: 0.0149, loss_rpn_bbox: 0.0026, loss_cls: 0.0834, acc: 96.8193, loss_bbox: 0.0535, loss: 0.1544, grad_norm: 1.0975
2026-05-11 11:14:39,843 - mmdet - INFO - Epoch [153][50/186]	lr: 9.791e-03, eta: 3:20:38, time: 0.592, data_time: 0.083, memory: 6156, loss_rpn_cls: 0.0139, loss_rpn_bbox: 0.0026, loss_cls: 0.0860, acc: 96.6777, loss_bbox: 0.0617, loss: 0.1641, grad_norm: 1.1542
2026-05-11 11:15:05,861 - mmdet - INFO - Epoch [153][100/186]	lr: 9.791e-03, eta: 3:20:20, time: 0.522, data_time: 0.015, memory: 6156, loss_rpn_cls: 0.0113, loss_rpn_bbox: 0.0022, loss_cls: 0.0648, acc: 97.5938, loss_bbox: 0.0430, loss: 0.1214, grad_norm: 1.0717
2026-05-11 11:15:32,020 - mmdet - INFO - Epoch [153][150/186]	lr: 9.791e-03, eta: 3:20:02, time: 0.521, data_time: 0.013, memory: 6156, loss_rpn_cls: 0.0173, loss_rpn_bbox: 0.0027, loss_cls: 0.0794, acc: 96.9395, loss_bbox: 0.0491, loss: 0.1485, grad_norm: 1.1260
2026-05-11 11:16:20,451 - mmdet - INFO - Epoch [154][50/186]	lr: 9.686e-03, eta: 3:19:17, time: 0.593, data_time: 0.082, memory: 6156, loss_rpn_cls: 0.0115, loss_rpn_bbox: 0.0023, loss_cls: 0.0716, acc: 97.2510, loss_bbox: 0.0459, loss: 0.1314, grad_norm: 1.0110
2026-05-11 11:16:46,341 - mmdet - INFO - Epoch [154][100/186]	lr: 9.686e-03, eta: 3:18:59, time: 0.516, data_time: 0.013, memory: 6156, loss_rpn_cls: 0.0150, loss_rpn_bbox: 0.0024, loss_cls: 0.0756, acc: 97.0771, loss_bbox: 0.0525, loss: 0.1456, grad_norm: 1.0272
2026-05-11 11:17:12,458 - mmdet - INFO - Epoch [154][150/186]	lr: 9.686e-03, eta: 3:18:41, time: 0.524, data_time: 0.015, memory: 6156, loss_rpn_cls: 0.0147, loss_rpn_bbox: 0.0022, loss_cls: 0.0695, acc: 97.3926, loss_bbox: 0.0429, loss: 0.1293, grad_norm: 1.0193
2026-05-11 11:18:00,996 - mmdet - INFO - Epoch [155][50/186]	lr: 9.582e-03, eta: 3:17:55, time: 0.592, data_time: 0.082, memory: 6156, loss_rpn_cls: 0.0142, loss_rpn_bbox: 0.0023, loss_cls: 0.0691, acc: 97.3691, loss_bbox: 0.0453, loss: 0.1309, grad_norm: 1.0071
2026-05-11 11:18:27,092 - mmdet - INFO - Epoch [155][100/186]	lr: 9.582e-03, eta: 3:17:37, time: 0.524, data_time: 0.015, memory: 6156, loss_rpn_cls: 0.0139, loss_rpn_bbox: 0.0022, loss_cls: 0.0727, acc: 97.2295, loss_bbox: 0.0461, loss: 0.1348, grad_norm: 1.0545
2026-05-11 11:18:53,138 - mmdet - INFO - Epoch [155][150/186]	lr: 9.582e-03, eta: 3:17:19, time: 0.519, data_time: 0.013, memory: 6156, loss_rpn_cls: 0.0153, loss_rpn_bbox: 0.0024, loss_cls: 0.0690, acc: 97.3223, loss_bbox: 0.0439, loss: 0.1307, grad_norm: 1.0385
2026-05-11 11:19:41,656 - mmdet - INFO - Epoch [156][50/186]	lr: 9.477e-03, eta: 3:16:34, time: 0.594, data_time: 0.083, memory: 6156, loss_rpn_cls: 0.0163, loss_rpn_bbox: 0.0020, loss_cls: 0.0724, acc: 97.3018, loss_bbox: 0.0457, loss: 0.1364, grad_norm: 1.1095
2026-05-11 11:20:07,603 - mmdet - INFO - Epoch [156][100/186]	lr: 9.477e-03, eta: 3:16:16, time: 0.517, data_time: 0.013, memory: 6156, loss_rpn_cls: 0.0127, loss_rpn_bbox: 0.0024, loss_cls: 0.0714, acc: 97.3281, loss_bbox: 0.0472, loss: 0.1338, grad_norm: 1.1018
2026-05-11 11:20:33,763 - mmdet - INFO - Epoch [156][150/186]	lr: 9.477e-03, eta: 3:15:58, time: 0.525, data_time: 0.015, memory: 6156, loss_rpn_cls: 0.0132, loss_rpn_bbox: 0.0025, loss_cls: 0.0754, acc: 97.0430, loss_bbox: 0.0506, loss: 0.1416, grad_norm: 1.0932
2026-05-11 11:21:22,458 - mmdet - INFO - Epoch [157][50/186]	lr: 9.373e-03, eta: 3:15:13, time: 0.593, data_time: 0.083, memory: 6156, loss_rpn_cls: 0.0131, loss_rpn_bbox: 0.0024, loss_cls: 0.0803, acc: 96.9277, loss_bbox: 0.0509, loss: 0.1467, grad_norm: 1.0887
2026-05-11 11:21:48,411 - mmdet - INFO - Epoch [157][100/186]	lr: 9.373e-03, eta: 3:14:55, time: 0.521, data_time: 0.015, memory: 6156, loss_rpn_cls: 0.0112, loss_rpn_bbox: 0.0020, loss_cls: 0.0670, acc: 97.4277, loss_bbox: 0.0430, loss: 0.1232, grad_norm: 1.0205
2026-05-11 11:22:14,468 - mmdet - INFO - Epoch [157][150/186]	lr: 9.373e-03, eta: 3:14:37, time: 0.519, data_time: 0.013, memory: 6156, loss_rpn_cls: 0.0129, loss_rpn_bbox: 0.0023, loss_cls: 0.0656, acc: 97.5264, loss_bbox: 0.0417, loss: 0.1224, grad_norm: 1.0091
2026-05-11 11:23:02,980 - mmdet - INFO - Epoch [158][50/186]	lr: 9.268e-03, eta: 3:13:52, time: 0.595, data_time: 0.083, memory: 6156, loss_rpn_cls: 0.0122, loss_rpn_bbox: 0.0022, loss_cls: 0.0735, acc: 97.3135, loss_bbox: 0.0451, loss: 0.1330, grad_norm: 1.1416
2026-05-11 11:23:28,864 - mmdet - INFO - Epoch [158][100/186]	lr: 9.268e-03, eta: 3:13:33, time: 0.516, data_time: 0.013, memory: 6156, loss_rpn_cls: 0.0142, loss_rpn_bbox: 0.0021, loss_cls: 0.0727, acc: 97.2725, loss_bbox: 0.0482, loss: 0.1372, grad_norm: 1.1490
2026-05-11 11:23:54,918 - mmdet - INFO - Epoch [158][150/186]	lr: 9.268e-03, eta: 3:13:15, time: 0.523, data_time: 0.015, memory: 6156, loss_rpn_cls: 0.0169, loss_rpn_bbox: 0.0026, loss_cls: 0.0780, acc: 97.0449, loss_bbox: 0.0494, loss: 0.1469, grad_norm: 1.1491
2026-05-11 11:24:43,367 - mmdet - INFO - Epoch [159][50/186]	lr: 9.164e-03, eta: 3:12:30, time: 0.590, data_time: 0.083, memory: 6156, loss_rpn_cls: 0.0116, loss_rpn_bbox: 0.0023, loss_cls: 0.0678, acc: 97.4590, loss_bbox: 0.0463, loss: 0.1280, grad_norm: 1.0413
2026-05-11 11:25:09,377 - mmdet - INFO - Epoch [159][100/186]	lr: 9.164e-03, eta: 3:12:12, time: 0.522, data_time: 0.015, memory: 6156, loss_rpn_cls: 0.0119, loss_rpn_bbox: 0.0024, loss_cls: 0.0666, acc: 97.4785, loss_bbox: 0.0456, loss: 0.1266, grad_norm: 1.0379
2026-05-11 11:25:35,352 - mmdet - INFO - Epoch [159][150/186]	lr: 9.164e-03, eta: 3:11:54, time: 0.518, data_time: 0.013, memory: 6156, loss_rpn_cls: 0.0140, loss_rpn_bbox: 0.0023, loss_cls: 0.0810, acc: 96.9502, loss_bbox: 0.0530, loss: 0.1503, grad_norm: 1.0662
2026-05-11 11:26:23,826 - mmdet - INFO - Epoch [160][50/186]	lr: 9.059e-03, eta: 3:11:09, time: 0.594, data_time: 0.083, memory: 6156, loss_rpn_cls: 0.0140, loss_rpn_bbox: 0.0021, loss_cls: 0.0760, acc: 97.0645, loss_bbox: 0.0510, loss: 0.1431, grad_norm: 1.2054
2026-05-11 11:26:49,953 - mmdet - INFO - Epoch [160][100/186]	lr: 9.059e-03, eta: 3:10:51, time: 0.521, data_time: 0.013, memory: 6156, loss_rpn_cls: 0.0140, loss_rpn_bbox: 0.0022, loss_cls: 0.0688, acc: 97.4580, loss_bbox: 0.0454, loss: 0.1304, grad_norm: 1.1387
2026-05-11 11:27:16,133 - mmdet - INFO - Epoch [160][150/186]	lr: 9.059e-03, eta: 3:10:32, time: 0.526, data_time: 0.015, memory: 6156, loss_rpn_cls: 0.0127, loss_rpn_bbox: 0.0021, loss_cls: 0.0658, acc: 97.5654, loss_bbox: 0.0402, loss: 0.1207, grad_norm: 1.1088
2026-05-11 11:27:35,046 - mmdet - INFO - Saving checkpoint at 160 epochs
2026-05-11 11:28:10,695 - mmdet - INFO - Evaluating bbox...
2026-05-11 11:28:13,628 - mmdet - INFO - 
 Average Precision  (AP) @[ IoU=0.50:0.95 | area=   all | maxDets=100 ] = 0.300
 Average Precision  (AP) @[ IoU=0.50      | area=   all | maxDets=1000 ] = 0.688
 Average Precision  (AP) @[ IoU=0.75      | area=   all | maxDets=1000 ] = 0.212
 Average Precision  (AP) @[ IoU=0.50:0.95 | area= small | maxDets=1000 ] = 0.000
 Average Precision  (AP) @[ IoU=0.50:0.95 | area=medium | maxDets=1000 ] = 0.246
 Average Precision  (AP) @[ IoU=0.50:0.95 | area= large | maxDets=1000 ] = 0.400
 Average Recall     (AR) @[ IoU=0.50:0.95 | area=   all | maxDets=100 ] = 0.407
 Average Recall     (AR) @[ IoU=0.50:0.95 | area=   all | maxDets=300 ] = 0.407
 Average Recall     (AR) @[ IoU=0.50:0.95 | area=   all | maxDets=1000 ] = 0.407
 Average Recall     (AR) @[ IoU=0.50:0.95 | area= small | maxDets=1000 ] = 0.006
 Average Recall     (AR) @[ IoU=0.50:0.95 | area=medium | maxDets=1000 ] = 0.356
 Average Recall     (AR) @[ IoU=0.50:0.95 | area= large | maxDets=1000 ] = 0.509

2026-05-11 11:28:13,756 - mmdet - INFO - The previous best checkpoint /home/ahmadreza/Downloads/Research/M2SODAI/baseline_official/runs_r50_hbb/r50_hbb_fold_2_20260511/best_bbox_mAP_epoch_130.pth was removed
2026-05-11 11:28:15,264 - mmdet - INFO - Now best checkpoint is saved as best_bbox_mAP_epoch_160.pth.
2026-05-11 11:28:15,264 - mmdet - INFO - Best bbox_mAP is 0.3000 at 160 epoch.
2026-05-11 11:28:15,265 - mmdet - INFO - Exp name: fold_2_r50_300e_hbb.py
2026-05-11 11:28:15,265 - mmdet - INFO - Epoch(val) [160][371]	bbox_mAP: 0.3000, bbox_mAP_50: 0.6880, bbox_mAP_75: 0.2120, bbox_mAP_s: 0.0000, bbox_mAP_m: 0.2460, bbox_mAP_l: 0.4000, bbox_mAP_copypaste: 0.300 0.688 0.212 0.000 0.246 0.400
2026-05-11 11:28:44,934 - mmdet - INFO - Epoch [161][50/186]	lr: 8.955e-03, eta: 3:09:48, time: 0.591, data_time: 0.082, memory: 6156, loss_rpn_cls: 0.0111, loss_rpn_bbox: 0.0024, loss_cls: 0.0715, acc: 97.1904, loss_bbox: 0.0502, loss: 0.1352, grad_norm: 0.9885
2026-05-11 11:29:10,849 - mmdet - INFO - Epoch [161][100/186]	lr: 8.955e-03, eta: 3:09:29, time: 0.520, data_time: 0.015, memory: 6156, loss_rpn_cls: 0.0113, loss_rpn_bbox: 0.0021, loss_cls: 0.0683, acc: 97.3838, loss_bbox: 0.0441, loss: 0.1258, grad_norm: 1.0053
2026-05-11 11:29:36,885 - mmdet - INFO - Epoch [161][150/186]	lr: 8.955e-03, eta: 3:09:11, time: 0.519, data_time: 0.013, memory: 6156, loss_rpn_cls: 0.0180, loss_rpn_bbox: 0.0025, loss_cls: 0.0739, acc: 97.2207, loss_bbox: 0.0477, loss: 0.1421, grad_norm: 1.0299
2026-05-11 11:30:25,362 - mmdet - INFO - Epoch [162][50/186]	lr: 8.851e-03, eta: 3:08:26, time: 0.594, data_time: 0.083, memory: 6156, loss_rpn_cls: 0.0166, loss_rpn_bbox: 0.0024, loss_cls: 0.0697, acc: 97.3262, loss_bbox: 0.0453, loss: 0.1340, grad_norm: 1.0173
2026-05-11 11:30:51,148 - mmdet - INFO - Epoch [162][100/186]	lr: 8.851e-03, eta: 3:08:08, time: 0.514, data_time: 0.013, memory: 6156, loss_rpn_cls: 0.0155, loss_rpn_bbox: 0.0020, loss_cls: 0.0687, acc: 97.4092, loss_bbox: 0.0438, loss: 0.1300, grad_norm: 1.0785
2026-05-11 11:31:17,205 - mmdet - INFO - Epoch [162][150/186]	lr: 8.851e-03, eta: 3:07:49, time: 0.523, data_time: 0.015, memory: 6156, loss_rpn_cls: 0.0168, loss_rpn_bbox: 0.0024, loss_cls: 0.0743, acc: 97.2500, loss_bbox: 0.0483, loss: 0.1418, grad_norm: 1.1086
2026-05-11 11:32:05,601 - mmdet - INFO - Epoch [163][50/186]	lr: 8.747e-03, eta: 3:07:05, time: 0.588, data_time: 0.082, memory: 6156, loss_rpn_cls: 0.0113, loss_rpn_bbox: 0.0023, loss_cls: 0.0653, acc: 97.5254, loss_bbox: 0.0429, loss: 0.1218, grad_norm: 1.0068
2026-05-11 11:32:31,510 - mmdet - INFO - Epoch [163][100/186]	lr: 8.747e-03, eta: 3:06:46, time: 0.520, data_time: 0.015, memory: 6156, loss_rpn_cls: 0.0109, loss_rpn_bbox: 0.0022, loss_cls: 0.0669, acc: 97.4492, loss_bbox: 0.0426, loss: 0.1226, grad_norm: 1.0111
2026-05-11 11:32:57,470 - mmdet - INFO - Epoch [163][150/186]	lr: 8.747e-03, eta: 3:06:28, time: 0.517, data_time: 0.013, memory: 6156, loss_rpn_cls: 0.0151, loss_rpn_bbox: 0.0027, loss_cls: 0.0819, acc: 96.8984, loss_bbox: 0.0530, loss: 0.1528, grad_norm: 1.0852
2026-05-11 11:33:45,718 - mmdet - INFO - Epoch [164][50/186]	lr: 8.643e-03, eta: 3:05:43, time: 0.591, data_time: 0.083, memory: 6156, loss_rpn_cls: 0.0118, loss_rpn_bbox: 0.0018, loss_cls: 0.0615, acc: 97.6084, loss_bbox: 0.0416, loss: 0.1166, grad_norm: 0.9249
2026-05-11 11:34:11,721 - mmdet - INFO - Epoch [164][100/186]	lr: 8.643e-03, eta: 3:05:24, time: 0.518, data_time: 0.013, memory: 6156, loss_rpn_cls: 0.0122, loss_rpn_bbox: 0.0024, loss_cls: 0.0727, acc: 97.2295, loss_bbox: 0.0502, loss: 0.1375, grad_norm: 0.9772
2026-05-11 11:34:37,788 - mmdet - INFO - Epoch [164][150/186]	lr: 8.643e-03, eta: 3:05:06, time: 0.523, data_time: 0.015, memory: 6156, loss_rpn_cls: 0.0124, loss_rpn_bbox: 0.0027, loss_cls: 0.0746, acc: 97.1426, loss_bbox: 0.0475, loss: 0.1372, grad_norm: 1.0125
2026-05-11 11:35:26,299 - mmdet - INFO - Epoch [165][50/186]	lr: 8.540e-03, eta: 3:04:22, time: 0.592, data_time: 0.083, memory: 6156, loss_rpn_cls: 0.0125, loss_rpn_bbox: 0.0020, loss_cls: 0.0698, acc: 97.3486, loss_bbox: 0.0467, loss: 0.1309, grad_norm: 1.0315
2026-05-11 11:35:52,235 - mmdet - INFO - Epoch [165][100/186]	lr: 8.540e-03, eta: 3:04:03, time: 0.521, data_time: 0.015, memory: 6156, loss_rpn_cls: 0.0131, loss_rpn_bbox: 0.0022, loss_cls: 0.0656, acc: 97.4883, loss_bbox: 0.0408, loss: 0.1217, grad_norm: 0.9920
2026-05-11 11:36:18,286 - mmdet - INFO - Epoch [165][150/186]	lr: 8.540e-03, eta: 3:03:45, time: 0.519, data_time: 0.013, memory: 6156, loss_rpn_cls: 0.0153, loss_rpn_bbox: 0.0022, loss_cls: 0.0690, acc: 97.4707, loss_bbox: 0.0422, loss: 0.1287, grad_norm: 1.0271
2026-05-11 11:37:06,774 - mmdet - INFO - Epoch [166][50/186]	lr: 8.436e-03, eta: 3:03:00, time: 0.592, data_time: 0.083, memory: 6156, loss_rpn_cls: 0.0147, loss_rpn_bbox: 0.0020, loss_cls: 0.0640, acc: 97.5693, loss_bbox: 0.0406, loss: 0.1213, grad_norm: 1.0090
2026-05-11 11:37:32,831 - mmdet - INFO - Epoch [166][100/186]	lr: 8.436e-03, eta: 3:02:42, time: 0.519, data_time: 0.013, memory: 6156, loss_rpn_cls: 0.0131, loss_rpn_bbox: 0.0026, loss_cls: 0.0732, acc: 97.2178, loss_bbox: 0.0465, loss: 0.1354, grad_norm: 1.0489
2026-05-11 11:37:58,967 - mmdet - INFO - Epoch [166][150/186]	lr: 8.436e-03, eta: 3:02:23, time: 0.525, data_time: 0.015, memory: 6156, loss_rpn_cls: 0.0127, loss_rpn_bbox: 0.0022, loss_cls: 0.0716, acc: 97.2246, loss_bbox: 0.0467, loss: 0.1333, grad_norm: 1.0522
2026-05-11 11:38:47,504 - mmdet - INFO - Epoch [167][50/186]	lr: 8.333e-03, eta: 3:01:39, time: 0.591, data_time: 0.083, memory: 6156, loss_rpn_cls: 0.0100, loss_rpn_bbox: 0.0018, loss_cls: 0.0664, acc: 97.4854, loss_bbox: 0.0395, loss: 0.1177, grad_norm: 1.0372
2026-05-11 11:39:13,599 - mmdet - INFO - Epoch [167][100/186]	lr: 8.333e-03, eta: 3:01:20, time: 0.524, data_time: 0.015, memory: 6156, loss_rpn_cls: 0.0122, loss_rpn_bbox: 0.0023, loss_cls: 0.0786, acc: 96.9654, loss_bbox: 0.0529, loss: 0.1460, grad_norm: 1.0530
2026-05-11 11:39:39,676 - mmdet - INFO - Epoch [167][150/186]	lr: 8.333e-03, eta: 3:01:02, time: 0.520, data_time: 0.013, memory: 6156, loss_rpn_cls: 0.0130, loss_rpn_bbox: 0.0019, loss_cls: 0.0650, acc: 97.5430, loss_bbox: 0.0388, loss: 0.1187, grad_norm: 1.0372
2026-05-11 11:40:28,050 - mmdet - INFO - Epoch [168][50/186]	lr: 8.230e-03, eta: 3:00:18, time: 0.592, data_time: 0.082, memory: 6156, loss_rpn_cls: 0.0097, loss_rpn_bbox: 0.0019, loss_cls: 0.0605, acc: 97.6729, loss_bbox: 0.0404, loss: 0.1126, grad_norm: 0.9730
2026-05-11 11:40:54,053 - mmdet - INFO - Epoch [168][100/186]	lr: 8.230e-03, eta: 2:59:59, time: 0.518, data_time: 0.013, memory: 6156, loss_rpn_cls: 0.0139, loss_rpn_bbox: 0.0020, loss_cls: 0.0737, acc: 97.2705, loss_bbox: 0.0457, loss: 0.1353, grad_norm: 1.0915
2026-05-11 11:41:20,139 - mmdet - INFO - Epoch [168][150/186]	lr: 8.230e-03, eta: 2:59:40, time: 0.524, data_time: 0.015, memory: 6156, loss_rpn_cls: 0.0142, loss_rpn_bbox: 0.0021, loss_cls: 0.0745, acc: 97.0732, loss_bbox: 0.0464, loss: 0.1371, grad_norm: 1.0899
2026-05-11 11:42:08,624 - mmdet - INFO - Epoch [169][50/186]	lr: 8.127e-03, eta: 2:58:56, time: 0.591, data_time: 0.083, memory: 6156, loss_rpn_cls: 0.0120, loss_rpn_bbox: 0.0021, loss_cls: 0.0688, acc: 97.3389, loss_bbox: 0.0420, loss: 0.1249, grad_norm: 1.0500
2026-05-11 11:42:34,549 - mmdet - INFO - Epoch [169][100/186]	lr: 8.127e-03, eta: 2:58:37, time: 0.520, data_time: 0.015, memory: 6156, loss_rpn_cls: 0.0170, loss_rpn_bbox: 0.0022, loss_cls: 0.0703, acc: 97.4668, loss_bbox: 0.0403, loss: 0.1300, grad_norm: 1.0686
2026-05-11 11:43:00,686 - mmdet - INFO - Epoch [169][150/186]	lr: 8.127e-03, eta: 2:58:19, time: 0.521, data_time: 0.013, memory: 6156, loss_rpn_cls: 0.0163, loss_rpn_bbox: 0.0026, loss_cls: 0.0813, acc: 96.8184, loss_bbox: 0.0526, loss: 0.1527, grad_norm: 1.1106
2026-05-11 11:43:49,171 - mmdet - INFO - Epoch [170][50/186]	lr: 8.024e-03, eta: 2:57:35, time: 0.594, data_time: 0.083, memory: 6156, loss_rpn_cls: 0.0125, loss_rpn_bbox: 0.0024, loss_cls: 0.0714, acc: 97.2344, loss_bbox: 0.0498, loss: 0.1362, grad_norm: 1.0926
2026-05-11 11:44:15,178 - mmdet - INFO - Epoch [170][100/186]	lr: 8.024e-03, eta: 2:57:16, time: 0.518, data_time: 0.013, memory: 6156, loss_rpn_cls: 0.0124, loss_rpn_bbox: 0.0017, loss_cls: 0.0687, acc: 97.4160, loss_bbox: 0.0442, loss: 0.1270, grad_norm: 1.0628
2026-05-11 11:44:41,359 - mmdet - INFO - Epoch [170][150/186]	lr: 8.024e-03, eta: 2:56:57, time: 0.526, data_time: 0.015, memory: 6156, loss_rpn_cls: 0.0110, loss_rpn_bbox: 0.0020, loss_cls: 0.0747, acc: 97.1582, loss_bbox: 0.0484, loss: 0.1361, grad_norm: 1.0749
2026-05-11 11:45:00,208 - mmdet - INFO - Saving checkpoint at 170 epochs
2026-05-11 11:45:35,882 - mmdet - INFO - Evaluating bbox...
2026-05-11 11:45:39,236 - mmdet - INFO - 
 Average Precision  (AP) @[ IoU=0.50:0.95 | area=   all | maxDets=100 ] = 0.297
 Average Precision  (AP) @[ IoU=0.50      | area=   all | maxDets=1000 ] = 0.690
 Average Precision  (AP) @[ IoU=0.75      | area=   all | maxDets=1000 ] = 0.204
 Average Precision  (AP) @[ IoU=0.50:0.95 | area= small | maxDets=1000 ] = 0.002
 Average Precision  (AP) @[ IoU=0.50:0.95 | area=medium | maxDets=1000 ] = 0.246
 Average Precision  (AP) @[ IoU=0.50:0.95 | area= large | maxDets=1000 ] = 0.400
 Average Recall     (AR) @[ IoU=0.50:0.95 | area=   all | maxDets=100 ] = 0.422
 Average Recall     (AR) @[ IoU=0.50:0.95 | area=   all | maxDets=300 ] = 0.422
 Average Recall     (AR) @[ IoU=0.50:0.95 | area=   all | maxDets=1000 ] = 0.422
 Average Recall     (AR) @[ IoU=0.50:0.95 | area= small | maxDets=1000 ] = 0.009
 Average Recall     (AR) @[ IoU=0.50:0.95 | area=medium | maxDets=1000 ] = 0.378
 Average Recall     (AR) @[ IoU=0.50:0.95 | area= large | maxDets=1000 ] = 0.513

2026-05-11 11:45:39,242 - mmdet - INFO - Exp name: fold_2_r50_300e_hbb.py
2026-05-11 11:45:39,242 - mmdet - INFO - Epoch(val) [170][371]	bbox_mAP: 0.2970, bbox_mAP_50: 0.6900, bbox_mAP_75: 0.2040, bbox_mAP_s: 0.0020, bbox_mAP_m: 0.2460, bbox_mAP_l: 0.4000, bbox_mAP_copypaste: 0.297 0.690 0.204 0.002 0.246 0.400
2026-05-11 11:46:08,907 - mmdet - INFO - Epoch [171][50/186]	lr: 7.921e-03, eta: 2:56:14, time: 0.591, data_time: 0.084, memory: 6156, loss_rpn_cls: 0.0149, loss_rpn_bbox: 0.0024, loss_cls: 0.0773, acc: 97.0088, loss_bbox: 0.0515, loss: 0.1463, grad_norm: 1.1166
2026-05-11 11:46:34,854 - mmdet - INFO - Epoch [171][100/186]	lr: 7.921e-03, eta: 2:55:55, time: 0.521, data_time: 0.015, memory: 6156, loss_rpn_cls: 0.0108, loss_rpn_bbox: 0.0017, loss_cls: 0.0607, acc: 97.7207, loss_bbox: 0.0364, loss: 0.1096, grad_norm: 1.0226
2026-05-11 11:47:00,870 - mmdet - INFO - Epoch [171][150/186]	lr: 7.921e-03, eta: 2:55:36, time: 0.518, data_time: 0.013, memory: 6156, loss_rpn_cls: 0.0108, loss_rpn_bbox: 0.0020, loss_cls: 0.0617, acc: 97.5869, loss_bbox: 0.0390, loss: 0.1136, grad_norm: 1.0173
2026-05-11 11:47:49,252 - mmdet - INFO - Epoch [172][50/186]	lr: 7.819e-03, eta: 2:54:52, time: 0.592, data_time: 0.082, memory: 6156, loss_rpn_cls: 0.0182, loss_rpn_bbox: 0.0022, loss_cls: 0.0680, acc: 97.4443, loss_bbox: 0.0432, loss: 0.1316, grad_norm: 1.0709
2026-05-11 11:48:15,186 - mmdet - INFO - Epoch [172][100/186]	lr: 7.819e-03, eta: 2:54:33, time: 0.517, data_time: 0.013, memory: 6156, loss_rpn_cls: 0.0170, loss_rpn_bbox: 0.0025, loss_cls: 0.0717, acc: 97.2119, loss_bbox: 0.0472, loss: 0.1384, grad_norm: 1.0474
2026-05-11 11:48:41,251 - mmdet - INFO - Epoch [172][150/186]	lr: 7.819e-03, eta: 2:54:14, time: 0.523, data_time: 0.015, memory: 6156, loss_rpn_cls: 0.0086, loss_rpn_bbox: 0.0019, loss_cls: 0.0651, acc: 97.5674, loss_bbox: 0.0377, loss: 0.1132, grad_norm: 1.0174
2026-05-11 11:49:29,702 - mmdet - INFO - Epoch [173][50/186]	lr: 7.717e-03, eta: 2:53:31, time: 0.590, data_time: 0.083, memory: 6156, loss_rpn_cls: 0.0157, loss_rpn_bbox: 0.0021, loss_cls: 0.0613, acc: 97.7188, loss_bbox: 0.0395, loss: 0.1186, grad_norm: 1.0111
2026-05-11 11:49:55,658 - mmdet - INFO - Epoch [173][100/186]	lr: 7.717e-03, eta: 2:53:12, time: 0.521, data_time: 0.015, memory: 6156, loss_rpn_cls: 0.0113, loss_rpn_bbox: 0.0019, loss_cls: 0.0647, acc: 97.5479, loss_bbox: 0.0405, loss: 0.1184, grad_norm: 1.0169
2026-05-11 11:50:21,661 - mmdet - INFO - Epoch [173][150/186]	lr: 7.717e-03, eta: 2:52:53, time: 0.518, data_time: 0.013, memory: 6156, loss_rpn_cls: 0.0135, loss_rpn_bbox: 0.0019, loss_cls: 0.0624, acc: 97.6074, loss_bbox: 0.0379, loss: 0.1157, grad_norm: 1.0086
2026-05-11 11:51:10,192 - mmdet - INFO - Epoch [174][50/186]	lr: 7.615e-03, eta: 2:52:09, time: 0.594, data_time: 0.084, memory: 6156, loss_rpn_cls: 0.0129, loss_rpn_bbox: 0.0025, loss_cls: 0.0823, acc: 96.8994, loss_bbox: 0.0559, loss: 0.1537, grad_norm: 1.0878
2026-05-11 11:51:36,077 - mmdet - INFO - Epoch [174][100/186]	lr: 7.615e-03, eta: 2:51:50, time: 0.516, data_time: 0.013, memory: 6156, loss_rpn_cls: 0.0150, loss_rpn_bbox: 0.0020, loss_cls: 0.0679, acc: 97.4736, loss_bbox: 0.0441, loss: 0.1290, grad_norm: 1.0513
2026-05-11 11:52:02,125 - mmdet - INFO - Epoch [174][150/186]	lr: 7.615e-03, eta: 2:51:31, time: 0.523, data_time: 0.015, memory: 6156, loss_rpn_cls: 0.0117, loss_rpn_bbox: 0.0021, loss_cls: 0.0626, acc: 97.5674, loss_bbox: 0.0403, loss: 0.1167, grad_norm: 1.0287
2026-05-11 11:52:50,864 - mmdet - INFO - Epoch [175][50/186]	lr: 7.514e-03, eta: 2:50:48, time: 0.595, data_time: 0.083, memory: 6156, loss_rpn_cls: 0.0093, loss_rpn_bbox: 0.0019, loss_cls: 0.0648, acc: 97.5381, loss_bbox: 0.0420, loss: 0.1179, grad_norm: 0.8988
2026-05-11 11:53:16,880 - mmdet - INFO - Epoch [175][100/186]	lr: 7.514e-03, eta: 2:50:29, time: 0.522, data_time: 0.015, memory: 6156, loss_rpn_cls: 0.0137, loss_rpn_bbox: 0.0019, loss_cls: 0.0638, acc: 97.6738, loss_bbox: 0.0400, loss: 0.1194, grad_norm: 0.9514
2026-05-11 11:53:42,981 - mmdet - INFO - Epoch [175][150/186]	lr: 7.514e-03, eta: 2:50:10, time: 0.520, data_time: 0.013, memory: 6156, loss_rpn_cls: 0.0147, loss_rpn_bbox: 0.0025, loss_cls: 0.0774, acc: 97.0156, loss_bbox: 0.0518, loss: 0.1464, grad_norm: 1.0071
2026-05-11 11:54:31,639 - mmdet - INFO - Epoch [176][50/186]	lr: 7.412e-03, eta: 2:49:27, time: 0.596, data_time: 0.082, memory: 6156, loss_rpn_cls: 0.0128, loss_rpn_bbox: 0.0022, loss_cls: 0.0719, acc: 97.2441, loss_bbox: 0.0490, loss: 0.1358, grad_norm: 1.0365
2026-05-11 11:54:57,563 - mmdet - INFO - Epoch [176][100/186]	lr: 7.412e-03, eta: 2:49:07, time: 0.517, data_time: 0.013, memory: 6156, loss_rpn_cls: 0.0119, loss_rpn_bbox: 0.0019, loss_cls: 0.0623, acc: 97.6836, loss_bbox: 0.0382, loss: 0.1144, grad_norm: 1.0515
2026-05-11 11:55:23,629 - mmdet - INFO - Epoch [176][150/186]	lr: 7.412e-03, eta: 2:48:49, time: 0.523, data_time: 0.015, memory: 6156, loss_rpn_cls: 0.0120, loss_rpn_bbox: 0.0023, loss_cls: 0.0651, acc: 97.4482, loss_bbox: 0.0407, loss: 0.1201, grad_norm: 1.0233
2026-05-11 11:56:12,104 - mmdet - INFO - Epoch [177][50/186]	lr: 7.311e-03, eta: 2:48:05, time: 0.590, data_time: 0.082, memory: 6156, loss_rpn_cls: 0.0112, loss_rpn_bbox: 0.0025, loss_cls: 0.0709, acc: 97.2627, loss_bbox: 0.0455, loss: 0.1300, grad_norm: 1.0812
2026-05-11 11:56:38,022 - mmdet - INFO - Epoch [177][100/186]	lr: 7.311e-03, eta: 2:47:46, time: 0.520, data_time: 0.015, memory: 6156, loss_rpn_cls: 0.0138, loss_rpn_bbox: 0.0021, loss_cls: 0.0644, acc: 97.5791, loss_bbox: 0.0414, loss: 0.1216, grad_norm: 1.0752
2026-05-11 11:57:04,014 - mmdet - INFO - Epoch [177][150/186]	lr: 7.311e-03, eta: 2:47:27, time: 0.518, data_time: 0.013, memory: 6156, loss_rpn_cls: 0.0107, loss_rpn_bbox: 0.0020, loss_cls: 0.0675, acc: 97.4629, loss_bbox: 0.0420, loss: 0.1222, grad_norm: 1.0489
2026-05-11 11:57:52,464 - mmdet - INFO - Epoch [178][50/186]	lr: 7.211e-03, eta: 2:46:44, time: 0.593, data_time: 0.083, memory: 6156, loss_rpn_cls: 0.0093, loss_rpn_bbox: 0.0018, loss_cls: 0.0698, acc: 97.3242, loss_bbox: 0.0479, loss: 0.1288, grad_norm: 1.1024
2026-05-11 11:58:18,447 - mmdet - INFO - Epoch [178][100/186]	lr: 7.211e-03, eta: 2:46:24, time: 0.518, data_time: 0.013, memory: 6156, loss_rpn_cls: 0.0180, loss_rpn_bbox: 0.0027, loss_cls: 0.0741, acc: 97.2031, loss_bbox: 0.0507, loss: 0.1456, grad_norm: 1.0737
2026-05-11 11:58:44,472 - mmdet - INFO - Epoch [178][150/186]	lr: 7.211e-03, eta: 2:46:05, time: 0.522, data_time: 0.015, memory: 6156, loss_rpn_cls: 0.0125, loss_rpn_bbox: 0.0023, loss_cls: 0.0709, acc: 97.2510, loss_bbox: 0.0444, loss: 0.1301, grad_norm: 1.0780
2026-05-11 11:59:32,940 - mmdet - INFO - Epoch [179][50/186]	lr: 7.110e-03, eta: 2:45:22, time: 0.591, data_time: 0.083, memory: 6156, loss_rpn_cls: 0.0098, loss_rpn_bbox: 0.0019, loss_cls: 0.0614, acc: 97.6064, loss_bbox: 0.0405, loss: 0.1135, grad_norm: 0.9416
2026-05-11 11:59:58,924 - mmdet - INFO - Epoch [179][100/186]	lr: 7.110e-03, eta: 2:45:03, time: 0.522, data_time: 0.015, memory: 6156, loss_rpn_cls: 0.0084, loss_rpn_bbox: 0.0021, loss_cls: 0.0611, acc: 97.6973, loss_bbox: 0.0393, loss: 0.1109, grad_norm: 0.9558
2026-05-11 12:00:24,943 - mmdet - INFO - Epoch [179][150/186]	lr: 7.110e-03, eta: 2:44:44, time: 0.518, data_time: 0.013, memory: 6156, loss_rpn_cls: 0.0149, loss_rpn_bbox: 0.0024, loss_cls: 0.0718, acc: 97.2793, loss_bbox: 0.0438, loss: 0.1329, grad_norm: 1.0185
2026-05-11 12:01:13,516 - mmdet - INFO - Epoch [180][50/186]	lr: 7.010e-03, eta: 2:44:01, time: 0.595, data_time: 0.084, memory: 6156, loss_rpn_cls: 0.0096, loss_rpn_bbox: 0.0018, loss_cls: 0.0633, acc: 97.5801, loss_bbox: 0.0404, loss: 0.1151, grad_norm: 1.0183
2026-05-11 12:01:39,460 - mmdet - INFO - Epoch [180][100/186]	lr: 7.010e-03, eta: 2:43:42, time: 0.517, data_time: 0.013, memory: 6156, loss_rpn_cls: 0.0132, loss_rpn_bbox: 0.0019, loss_cls: 0.0672, acc: 97.4297, loss_bbox: 0.0439, loss: 0.1262, grad_norm: 1.0811
2026-05-11 12:02:05,502 - mmdet - INFO - Epoch [180][150/186]	lr: 7.010e-03, eta: 2:43:22, time: 0.523, data_time: 0.015, memory: 6156, loss_rpn_cls: 0.0096, loss_rpn_bbox: 0.0020, loss_cls: 0.0602, acc: 97.7129, loss_bbox: 0.0373, loss: 0.1090, grad_norm: 1.0301
2026-05-11 12:02:24,354 - mmdet - INFO - Saving checkpoint at 180 epochs
2026-05-11 12:03:00,016 - mmdet - INFO - Evaluating bbox...
2026-05-11 12:03:03,199 - mmdet - INFO - 
 Average Precision  (AP) @[ IoU=0.50:0.95 | area=   all | maxDets=100 ] = 0.290
 Average Precision  (AP) @[ IoU=0.50      | area=   all | maxDets=1000 ] = 0.674
 Average Precision  (AP) @[ IoU=0.75      | area=   all | maxDets=1000 ] = 0.197
 Average Precision  (AP) @[ IoU=0.50:0.95 | area= small | maxDets=1000 ] = 0.002
 Average Precision  (AP) @[ IoU=0.50:0.95 | area=medium | maxDets=1000 ] = 0.233
 Average Precision  (AP) @[ IoU=0.50:0.95 | area= large | maxDets=1000 ] = 0.397
 Average Recall     (AR) @[ IoU=0.50:0.95 | area=   all | maxDets=100 ] = 0.411
 Average Recall     (AR) @[ IoU=0.50:0.95 | area=   all | maxDets=300 ] = 0.411
 Average Recall     (AR) @[ IoU=0.50:0.95 | area=   all | maxDets=1000 ] = 0.411
 Average Recall     (AR) @[ IoU=0.50:0.95 | area= small | maxDets=1000 ] = 0.009
 Average Recall     (AR) @[ IoU=0.50:0.95 | area=medium | maxDets=1000 ] = 0.365
 Average Recall     (AR) @[ IoU=0.50:0.95 | area= large | maxDets=1000 ] = 0.505

2026-05-11 12:03:03,205 - mmdet - INFO - Exp name: fold_2_r50_300e_hbb.py
2026-05-11 12:03:03,205 - mmdet - INFO - Epoch(val) [180][371]	bbox_mAP: 0.2900, bbox_mAP_50: 0.6740, bbox_mAP_75: 0.1970, bbox_mAP_s: 0.0020, bbox_mAP_m: 0.2330, bbox_mAP_l: 0.3970, bbox_mAP_copypaste: 0.290 0.674 0.197 0.002 0.233 0.397
2026-05-11 12:03:32,791 - mmdet - INFO - Epoch [181][50/186]	lr: 6.910e-03, eta: 2:42:39, time: 0.590, data_time: 0.082, memory: 6156, loss_rpn_cls: 0.0124, loss_rpn_bbox: 0.0025, loss_cls: 0.0685, acc: 97.3348, loss_bbox: 0.0475, loss: 0.1309, grad_norm: 1.0053
2026-05-11 12:03:58,699 - mmdet - INFO - Epoch [181][100/186]	lr: 6.910e-03, eta: 2:42:20, time: 0.520, data_time: 0.015, memory: 6156, loss_rpn_cls: 0.0117, loss_rpn_bbox: 0.0017, loss_cls: 0.0602, acc: 97.6892, loss_bbox: 0.0401, loss: 0.1137, grad_norm: 0.9903
2026-05-11 12:04:24,727 - mmdet - INFO - Epoch [181][150/186]	lr: 6.910e-03, eta: 2:42:01, time: 0.519, data_time: 0.013, memory: 6156, loss_rpn_cls: 0.0099, loss_rpn_bbox: 0.0019, loss_cls: 0.0666, acc: 97.4844, loss_bbox: 0.0434, loss: 0.1218, grad_norm: 0.9978
2026-05-11 12:05:13,167 - mmdet - INFO - Epoch [182][50/186]	lr: 6.811e-03, eta: 2:41:18, time: 0.595, data_time: 0.083, memory: 6156, loss_rpn_cls: 0.0088, loss_rpn_bbox: 0.0017, loss_cls: 0.0577, acc: 97.8135, loss_bbox: 0.0388, loss: 0.1070, grad_norm: 0.9099
2026-05-11 12:05:39,088 - mmdet - INFO - Epoch [182][100/186]	lr: 6.811e-03, eta: 2:40:58, time: 0.516, data_time: 0.013, memory: 6156, loss_rpn_cls: 0.0098, loss_rpn_bbox: 0.0020, loss_cls: 0.0698, acc: 97.3252, loss_bbox: 0.0443, loss: 0.1258, grad_norm: 0.9846
2026-05-11 12:06:05,153 - mmdet - INFO - Epoch [182][150/186]	lr: 6.811e-03, eta: 2:40:39, time: 0.523, data_time: 0.015, memory: 6156, loss_rpn_cls: 0.0162, loss_rpn_bbox: 0.0027, loss_cls: 0.0759, acc: 97.1396, loss_bbox: 0.0497, loss: 0.1445, grad_norm: 1.0154
2026-05-11 12:06:53,601 - mmdet - INFO - Epoch [183][50/186]	lr: 6.712e-03, eta: 2:39:56, time: 0.590, data_time: 0.083, memory: 6156, loss_rpn_cls: 0.0124, loss_rpn_bbox: 0.0018, loss_cls: 0.0564, acc: 97.8945, loss_bbox: 0.0327, loss: 0.1032, grad_norm: 0.9542
2026-05-11 12:07:19,638 - mmdet - INFO - Epoch [183][100/186]	lr: 6.712e-03, eta: 2:39:37, time: 0.523, data_time: 0.015, memory: 6156, loss_rpn_cls: 0.0096, loss_rpn_bbox: 0.0019, loss_cls: 0.0663, acc: 97.4951, loss_bbox: 0.0440, loss: 0.1219, grad_norm: 0.9739
2026-05-11 12:07:45,745 - mmdet - INFO - Epoch [183][150/186]	lr: 6.712e-03, eta: 2:39:18, time: 0.520, data_time: 0.013, memory: 6156, loss_rpn_cls: 0.0127, loss_rpn_bbox: 0.0019, loss_cls: 0.0697, acc: 97.3877, loss_bbox: 0.0466, loss: 0.1308, grad_norm: 0.9919
2026-05-11 12:08:34,240 - mmdet - INFO - Epoch [184][50/186]	lr: 6.613e-03, eta: 2:38:35, time: 0.594, data_time: 0.083, memory: 6156, loss_rpn_cls: 0.0077, loss_rpn_bbox: 0.0018, loss_cls: 0.0655, acc: 97.5244, loss_bbox: 0.0429, loss: 0.1179, grad_norm: 0.9776
2026-05-11 12:09:00,206 - mmdet - INFO - Epoch [184][100/186]	lr: 6.613e-03, eta: 2:38:16, time: 0.517, data_time: 0.013, memory: 6156, loss_rpn_cls: 0.0088, loss_rpn_bbox: 0.0018, loss_cls: 0.0569, acc: 97.8057, loss_bbox: 0.0365, loss: 0.1040, grad_norm: 0.9630
2026-05-11 12:09:26,301 - mmdet - INFO - Epoch [184][150/186]	lr: 6.613e-03, eta: 2:37:56, time: 0.524, data_time: 0.015, memory: 6156, loss_rpn_cls: 0.0126, loss_rpn_bbox: 0.0020, loss_cls: 0.0689, acc: 97.4434, loss_bbox: 0.0459, loss: 0.1293, grad_norm: 1.0162
2026-05-11 12:10:14,914 - mmdet - INFO - Epoch [185][50/186]	lr: 6.515e-03, eta: 2:37:14, time: 0.593, data_time: 0.084, memory: 6156, loss_rpn_cls: 0.0108, loss_rpn_bbox: 0.0023, loss_cls: 0.0704, acc: 97.2793, loss_bbox: 0.0467, loss: 0.1302, grad_norm: 1.0555
2026-05-11 12:10:40,930 - mmdet - INFO - Epoch [185][100/186]	lr: 6.515e-03, eta: 2:36:54, time: 0.522, data_time: 0.015, memory: 6156, loss_rpn_cls: 0.0089, loss_rpn_bbox: 0.0018, loss_cls: 0.0606, acc: 97.6895, loss_bbox: 0.0399, loss: 0.1112, grad_norm: 0.9705
2026-05-11 12:11:06,973 - mmdet - INFO - Epoch [185][150/186]	lr: 6.515e-03, eta: 2:36:35, time: 0.519, data_time: 0.013, memory: 6156, loss_rpn_cls: 0.0148, loss_rpn_bbox: 0.0021, loss_cls: 0.0642, acc: 97.5713, loss_bbox: 0.0425, loss: 0.1237, grad_norm: 0.9880
2026-05-11 12:11:55,451 - mmdet - INFO - Epoch [186][50/186]	lr: 6.417e-03, eta: 2:35:52, time: 0.594, data_time: 0.083, memory: 6156, loss_rpn_cls: 0.0126, loss_rpn_bbox: 0.0020, loss_cls: 0.0662, acc: 97.4932, loss_bbox: 0.0438, loss: 0.1247, grad_norm: 1.0559
2026-05-11 12:12:21,343 - mmdet - INFO - Epoch [186][100/186]	lr: 6.417e-03, eta: 2:35:33, time: 0.516, data_time: 0.013, memory: 6156, loss_rpn_cls: 0.0150, loss_rpn_bbox: 0.0019, loss_cls: 0.0643, acc: 97.6123, loss_bbox: 0.0401, loss: 0.1213, grad_norm: 1.0368
2026-05-11 12:12:47,423 - mmdet - INFO - Epoch [186][150/186]	lr: 6.417e-03, eta: 2:35:13, time: 0.523, data_time: 0.015, memory: 6156, loss_rpn_cls: 0.0137, loss_rpn_bbox: 0.0024, loss_cls: 0.0745, acc: 97.1836, loss_bbox: 0.0489, loss: 0.1394, grad_norm: 1.0397
2026-05-11 12:13:35,972 - mmdet - INFO - Epoch [187][50/186]	lr: 6.319e-03, eta: 2:34:31, time: 0.592, data_time: 0.084, memory: 6156, loss_rpn_cls: 0.0144, loss_rpn_bbox: 0.0025, loss_cls: 0.0668, acc: 97.4316, loss_bbox: 0.0465, loss: 0.1302, grad_norm: 1.0457
2026-05-11 12:14:01,925 - mmdet - INFO - Epoch [187][100/186]	lr: 6.319e-03, eta: 2:34:11, time: 0.521, data_time: 0.015, memory: 6156, loss_rpn_cls: 0.0116, loss_rpn_bbox: 0.0018, loss_cls: 0.0608, acc: 97.6240, loss_bbox: 0.0424, loss: 0.1167, grad_norm: 1.0391
2026-05-11 12:14:27,952 - mmdet - INFO - Epoch [187][150/186]	lr: 6.319e-03, eta: 2:33:52, time: 0.519, data_time: 0.013, memory: 6156, loss_rpn_cls: 0.0164, loss_rpn_bbox: 0.0029, loss_cls: 0.0691, acc: 97.3779, loss_bbox: 0.0470, loss: 0.1354, grad_norm: 1.0428
2026-05-11 12:15:16,374 - mmdet - INFO - Epoch [188][50/186]	lr: 6.222e-03, eta: 2:33:09, time: 0.594, data_time: 0.083, memory: 6156, loss_rpn_cls: 0.0120, loss_rpn_bbox: 0.0021, loss_cls: 0.0645, acc: 97.6143, loss_bbox: 0.0437, loss: 0.1223, grad_norm: 1.1213
2026-05-11 12:15:42,290 - mmdet - INFO - Epoch [188][100/186]	lr: 6.222e-03, eta: 2:32:50, time: 0.516, data_time: 0.013, memory: 6156, loss_rpn_cls: 0.0135, loss_rpn_bbox: 0.0019, loss_cls: 0.0593, acc: 97.7139, loss_bbox: 0.0393, loss: 0.1140, grad_norm: 1.0601
2026-05-11 12:16:08,377 - mmdet - INFO - Epoch [188][150/186]	lr: 6.222e-03, eta: 2:32:30, time: 0.524, data_time: 0.015, memory: 6156, loss_rpn_cls: 0.0123, loss_rpn_bbox: 0.0025, loss_cls: 0.0717, acc: 97.2920, loss_bbox: 0.0478, loss: 0.1342, grad_norm: 1.0665
2026-05-11 12:16:56,759 - mmdet - INFO - Epoch [189][50/186]	lr: 6.126e-03, eta: 2:31:48, time: 0.589, data_time: 0.082, memory: 6156, loss_rpn_cls: 0.0114, loss_rpn_bbox: 0.0024, loss_cls: 0.0652, acc: 97.5020, loss_bbox: 0.0439, loss: 0.1228, grad_norm: 0.9990
2026-05-11 12:17:22,720 - mmdet - INFO - Epoch [189][100/186]	lr: 6.126e-03, eta: 2:31:28, time: 0.521, data_time: 0.015, memory: 6156, loss_rpn_cls: 0.0109, loss_rpn_bbox: 0.0017, loss_cls: 0.0610, acc: 97.6250, loss_bbox: 0.0407, loss: 0.1143, grad_norm: 0.9896
2026-05-11 12:17:48,700 - mmdet - INFO - Epoch [189][150/186]	lr: 6.126e-03, eta: 2:31:09, time: 0.518, data_time: 0.013, memory: 6156, loss_rpn_cls: 0.0134, loss_rpn_bbox: 0.0021, loss_cls: 0.0709, acc: 97.2354, loss_bbox: 0.0467, loss: 0.1331, grad_norm: 1.0254
2026-05-11 12:18:37,120 - mmdet - INFO - Epoch [190][50/186]	lr: 6.029e-03, eta: 2:30:26, time: 0.593, data_time: 0.082, memory: 6156, loss_rpn_cls: 0.0146, loss_rpn_bbox: 0.0022, loss_cls: 0.0641, acc: 97.5488, loss_bbox: 0.0460, loss: 0.1269, grad_norm: 1.0708
2026-05-11 12:19:03,095 - mmdet - INFO - Epoch [190][100/186]	lr: 6.029e-03, eta: 2:30:07, time: 0.518, data_time: 0.013, memory: 6156, loss_rpn_cls: 0.0106, loss_rpn_bbox: 0.0016, loss_cls: 0.0601, acc: 97.7822, loss_bbox: 0.0367, loss: 0.1090, grad_norm: 1.0208
2026-05-11 12:19:29,320 - mmdet - INFO - Epoch [190][150/186]	lr: 6.029e-03, eta: 2:29:47, time: 0.526, data_time: 0.015, memory: 6156, loss_rpn_cls: 0.0168, loss_rpn_bbox: 0.0026, loss_cls: 0.0731, acc: 97.2363, loss_bbox: 0.0482, loss: 0.1407, grad_norm: 1.0815
2026-05-11 12:19:48,192 - mmdet - INFO - Saving checkpoint at 190 epochs
2026-05-11 12:20:23,878 - mmdet - INFO - Evaluating bbox...
2026-05-11 12:20:26,829 - mmdet - INFO - 
 Average Precision  (AP) @[ IoU=0.50:0.95 | area=   all | maxDets=100 ] = 0.310
 Average Precision  (AP) @[ IoU=0.50      | area=   all | maxDets=1000 ] = 0.698
 Average Precision  (AP) @[ IoU=0.75      | area=   all | maxDets=1000 ] = 0.229
 Average Precision  (AP) @[ IoU=0.50:0.95 | area= small | maxDets=1000 ] = 0.002
 Average Precision  (AP) @[ IoU=0.50:0.95 | area=medium | maxDets=1000 ] = 0.251
 Average Precision  (AP) @[ IoU=0.50:0.95 | area= large | maxDets=1000 ] = 0.412
 Average Recall     (AR) @[ IoU=0.50:0.95 | area=   all | maxDets=100 ] = 0.419
 Average Recall     (AR) @[ IoU=0.50:0.95 | area=   all | maxDets=300 ] = 0.419
 Average Recall     (AR) @[ IoU=0.50:0.95 | area=   all | maxDets=1000 ] = 0.419
 Average Recall     (AR) @[ IoU=0.50:0.95 | area= small | maxDets=1000 ] = 0.009
 Average Recall     (AR) @[ IoU=0.50:0.95 | area=medium | maxDets=1000 ] = 0.373
 Average Recall     (AR) @[ IoU=0.50:0.95 | area= large | maxDets=1000 ] = 0.515

2026-05-11 12:20:26,958 - mmdet - INFO - The previous best checkpoint /home/ahmadreza/Downloads/Research/M2SODAI/baseline_official/runs_r50_hbb/r50_hbb_fold_2_20260511/best_bbox_mAP_epoch_160.pth was removed
2026-05-11 12:20:28,468 - mmdet - INFO - Now best checkpoint is saved as best_bbox_mAP_epoch_190.pth.
2026-05-11 12:20:28,469 - mmdet - INFO - Best bbox_mAP is 0.3100 at 190 epoch.
2026-05-11 12:20:28,469 - mmdet - INFO - Exp name: fold_2_r50_300e_hbb.py
2026-05-11 12:20:28,469 - mmdet - INFO - Epoch(val) [190][371]	bbox_mAP: 0.3100, bbox_mAP_50: 0.6980, bbox_mAP_75: 0.2290, bbox_mAP_s: 0.0020, bbox_mAP_m: 0.2510, bbox_mAP_l: 0.4120, bbox_mAP_copypaste: 0.310 0.698 0.229 0.002 0.251 0.412
2026-05-11 12:20:58,078 - mmdet - INFO - Epoch [191][50/186]	lr: 5.933e-03, eta: 2:29:05, time: 0.590, data_time: 0.084, memory: 6156, loss_rpn_cls: 0.0137, loss_rpn_bbox: 0.0024, loss_cls: 0.0717, acc: 97.2822, loss_bbox: 0.0465, loss: 0.1343, grad_norm: 1.1574
2026-05-11 12:21:23,941 - mmdet - INFO - Epoch [191][100/186]	lr: 5.933e-03, eta: 2:28:45, time: 0.519, data_time: 0.015, memory: 6156, loss_rpn_cls: 0.0086, loss_rpn_bbox: 0.0018, loss_cls: 0.0573, acc: 97.8018, loss_bbox: 0.0378, loss: 0.1055, grad_norm: 1.0450
2026-05-11 12:21:49,978 - mmdet - INFO - Epoch [191][150/186]	lr: 5.933e-03, eta: 2:28:26, time: 0.519, data_time: 0.013, memory: 6156, loss_rpn_cls: 0.0114, loss_rpn_bbox: 0.0023, loss_cls: 0.0622, acc: 97.6260, loss_bbox: 0.0400, loss: 0.1159, grad_norm: 1.0279
2026-05-11 12:22:38,408 - mmdet - INFO - Epoch [192][50/186]	lr: 5.838e-03, eta: 2:27:43, time: 0.594, data_time: 0.082, memory: 6156, loss_rpn_cls: 0.0143, loss_rpn_bbox: 0.0028, loss_cls: 0.0756, acc: 97.0967, loss_bbox: 0.0516, loss: 0.1443, grad_norm: 1.1904
2026-05-11 12:23:04,313 - mmdet - INFO - Epoch [192][100/186]	lr: 5.838e-03, eta: 2:27:24, time: 0.516, data_time: 0.013, memory: 6156, loss_rpn_cls: 0.0119, loss_rpn_bbox: 0.0017, loss_cls: 0.0640, acc: 97.6445, loss_bbox: 0.0408, loss: 0.1184, grad_norm: 1.1737
2026-05-11 12:23:30,366 - mmdet - INFO - Epoch [192][150/186]	lr: 5.838e-03, eta: 2:27:04, time: 0.523, data_time: 0.015, memory: 6156, loss_rpn_cls: 0.0115, loss_rpn_bbox: 0.0019, loss_cls: 0.0599, acc: 97.7109, loss_bbox: 0.0367, loss: 0.1100, grad_norm: 1.1042
2026-05-11 12:24:19,000 - mmdet - INFO - Epoch [193][50/186]	lr: 5.743e-03, eta: 2:26:22, time: 0.593, data_time: 0.082, memory: 6156, loss_rpn_cls: 0.0113, loss_rpn_bbox: 0.0023, loss_cls: 0.0705, acc: 97.2871, loss_bbox: 0.0469, loss: 0.1310, grad_norm: 1.1228
2026-05-11 12:24:45,094 - mmdet - INFO - Epoch [193][100/186]	lr: 5.743e-03, eta: 2:26:02, time: 0.524, data_time: 0.015, memory: 6156, loss_rpn_cls: 0.0154, loss_rpn_bbox: 0.0018, loss_cls: 0.0642, acc: 97.6855, loss_bbox: 0.0412, loss: 0.1225, grad_norm: 1.1181
2026-05-11 12:25:11,219 - mmdet - INFO - Epoch [193][150/186]	lr: 5.743e-03, eta: 2:25:43, time: 0.521, data_time: 0.013, memory: 6156, loss_rpn_cls: 0.0160, loss_rpn_bbox: 0.0023, loss_cls: 0.0726, acc: 97.2197, loss_bbox: 0.0496, loss: 0.1405, grad_norm: 1.1117
2026-05-11 12:25:59,670 - mmdet - INFO - Epoch [194][50/186]	lr: 5.648e-03, eta: 2:25:01, time: 0.592, data_time: 0.082, memory: 6156, loss_rpn_cls: 0.0136, loss_rpn_bbox: 0.0023, loss_cls: 0.0723, acc: 97.2031, loss_bbox: 0.0512, loss: 0.1394, grad_norm: 1.0134
2026-05-11 12:26:25,618 - mmdet - INFO - Epoch [194][100/186]	lr: 5.648e-03, eta: 2:24:41, time: 0.517, data_time: 0.013, memory: 6156, loss_rpn_cls: 0.0112, loss_rpn_bbox: 0.0020, loss_cls: 0.0619, acc: 97.6602, loss_bbox: 0.0383, loss: 0.1134, grad_norm: 1.0108
2026-05-11 12:26:51,660 - mmdet - INFO - Epoch [194][150/186]	lr: 5.648e-03, eta: 2:24:21, time: 0.523, data_time: 0.015, memory: 6156, loss_rpn_cls: 0.0111, loss_rpn_bbox: 0.0020, loss_cls: 0.0579, acc: 97.7646, loss_bbox: 0.0372, loss: 0.1083, grad_norm: 0.9970
2026-05-11 12:27:40,086 - mmdet - INFO - Epoch [195][50/186]	lr: 5.554e-03, eta: 2:23:39, time: 0.591, data_time: 0.083, memory: 6156, loss_rpn_cls: 0.0080, loss_rpn_bbox: 0.0017, loss_cls: 0.0592, acc: 97.7256, loss_bbox: 0.0372, loss: 0.1061, grad_norm: 0.9659
2026-05-11 12:28:06,010 - mmdet - INFO - Epoch [195][100/186]	lr: 5.554e-03, eta: 2:23:19, time: 0.520, data_time: 0.015, memory: 6156, loss_rpn_cls: 0.0109, loss_rpn_bbox: 0.0019, loss_cls: 0.0686, acc: 97.4619, loss_bbox: 0.0439, loss: 0.1254, grad_norm: 1.0350
2026-05-11 12:28:32,016 - mmdet - INFO - Epoch [195][150/186]	lr: 5.554e-03, eta: 2:23:00, time: 0.518, data_time: 0.013, memory: 6156, loss_rpn_cls: 0.0097, loss_rpn_bbox: 0.0018, loss_cls: 0.0661, acc: 97.5215, loss_bbox: 0.0420, loss: 0.1196, grad_norm: 1.0483
2026-05-11 12:29:20,502 - mmdet - INFO - Epoch [196][50/186]	lr: 5.461e-03, eta: 2:22:18, time: 0.594, data_time: 0.082, memory: 6156, loss_rpn_cls: 0.0153, loss_rpn_bbox: 0.0027, loss_cls: 0.0781, acc: 96.9834, loss_bbox: 0.0522, loss: 0.1483, grad_norm: 1.0810
2026-05-11 12:29:46,393 - mmdet - INFO - Epoch [196][100/186]	lr: 5.461e-03, eta: 2:21:58, time: 0.516, data_time: 0.013, memory: 6156, loss_rpn_cls: 0.0099, loss_rpn_bbox: 0.0018, loss_cls: 0.0664, acc: 97.4214, loss_bbox: 0.0442, loss: 0.1223, grad_norm: 1.0749
2026-05-11 12:30:12,420 - mmdet - INFO - Epoch [196][150/186]	lr: 5.461e-03, eta: 2:21:38, time: 0.522, data_time: 0.015, memory: 6156, loss_rpn_cls: 0.0148, loss_rpn_bbox: 0.0025, loss_cls: 0.0703, acc: 97.3252, loss_bbox: 0.0491, loss: 0.1367, grad_norm: 1.1149
2026-05-11 12:31:00,783 - mmdet - INFO - Epoch [197][50/186]	lr: 5.368e-03, eta: 2:20:56, time: 0.590, data_time: 0.083, memory: 6156, loss_rpn_cls: 0.0115, loss_rpn_bbox: 0.0020, loss_cls: 0.0702, acc: 97.2676, loss_bbox: 0.0450, loss: 0.1288, grad_norm: 1.2009
2026-05-11 12:31:26,698 - mmdet - INFO - Epoch [197][100/186]	lr: 5.368e-03, eta: 2:20:36, time: 0.520, data_time: 0.015, memory: 6156, loss_rpn_cls: 0.0135, loss_rpn_bbox: 0.0023, loss_cls: 0.0664, acc: 97.4609, loss_bbox: 0.0434, loss: 0.1256, grad_norm: 1.1562
2026-05-11 12:31:52,680 - mmdet - INFO - Epoch [197][150/186]	lr: 5.368e-03, eta: 2:20:16, time: 0.518, data_time: 0.013, memory: 6156, loss_rpn_cls: 0.0122, loss_rpn_bbox: 0.0021, loss_cls: 0.0628, acc: 97.5801, loss_bbox: 0.0398, loss: 0.1168, grad_norm: 1.1089
2026-05-11 12:32:41,052 - mmdet - INFO - Epoch [198][50/186]	lr: 5.275e-03, eta: 2:19:34, time: 0.593, data_time: 0.083, memory: 6156, loss_rpn_cls: 0.0134, loss_rpn_bbox: 0.0020, loss_cls: 0.0671, acc: 97.3936, loss_bbox: 0.0454, loss: 0.1279, grad_norm: 1.1121
2026-05-11 12:33:06,999 - mmdet - INFO - Epoch [198][100/186]	lr: 5.275e-03, eta: 2:19:15, time: 0.517, data_time: 0.013, memory: 6156, loss_rpn_cls: 0.0100, loss_rpn_bbox: 0.0018, loss_cls: 0.0656, acc: 97.4629, loss_bbox: 0.0457, loss: 0.1232, grad_norm: 1.0741
2026-05-11 12:33:33,059 - mmdet - INFO - Epoch [198][150/186]	lr: 5.275e-03, eta: 2:18:55, time: 0.523, data_time: 0.015, memory: 6156, loss_rpn_cls: 0.0079, loss_rpn_bbox: 0.0020, loss_cls: 0.0647, acc: 97.4922, loss_bbox: 0.0411, loss: 0.1157, grad_norm: 1.0411
2026-05-11 12:34:21,571 - mmdet - INFO - Epoch [199][50/186]	lr: 5.183e-03, eta: 2:18:13, time: 0.591, data_time: 0.082, memory: 6156, loss_rpn_cls: 0.0176, loss_rpn_bbox: 0.0023, loss_cls: 0.0744, acc: 97.0908, loss_bbox: 0.0496, loss: 0.1439, grad_norm: 1.1405
2026-05-11 12:34:47,546 - mmdet - INFO - Epoch [199][100/186]	lr: 5.183e-03, eta: 2:17:53, time: 0.521, data_time: 0.015, memory: 6156, loss_rpn_cls: 0.0113, loss_rpn_bbox: 0.0017, loss_cls: 0.0581, acc: 97.8623, loss_bbox: 0.0385, loss: 0.1096, grad_norm: 1.0408
2026-05-11 12:35:13,600 - mmdet - INFO - Epoch [199][150/186]	lr: 5.183e-03, eta: 2:17:33, time: 0.519, data_time: 0.013, memory: 6156, loss_rpn_cls: 0.0111, loss_rpn_bbox: 0.0024, loss_cls: 0.0622, acc: 97.5732, loss_bbox: 0.0398, loss: 0.1156, grad_norm: 1.0421
2026-05-11 12:36:02,027 - mmdet - INFO - Epoch [200][50/186]	lr: 5.092e-03, eta: 2:16:52, time: 0.593, data_time: 0.082, memory: 6156, loss_rpn_cls: 0.0098, loss_rpn_bbox: 0.0021, loss_cls: 0.0696, acc: 97.4014, loss_bbox: 0.0472, loss: 0.1286, grad_norm: 1.1755
2026-05-11 12:36:27,921 - mmdet - INFO - Epoch [200][100/186]	lr: 5.092e-03, eta: 2:16:32, time: 0.516, data_time: 0.013, memory: 6156, loss_rpn_cls: 0.0139, loss_rpn_bbox: 0.0019, loss_cls: 0.0617, acc: 97.6865, loss_bbox: 0.0422, loss: 0.1197, grad_norm: 1.1330
2026-05-11 12:36:54,022 - mmdet - INFO - Epoch [200][150/186]	lr: 5.092e-03, eta: 2:16:12, time: 0.524, data_time: 0.015, memory: 6156, loss_rpn_cls: 0.0179, loss_rpn_bbox: 0.0027, loss_cls: 0.0777, acc: 97.0537, loss_bbox: 0.0510, loss: 0.1493, grad_norm: 1.1413
2026-05-11 12:37:12,845 - mmdet - INFO - Saving checkpoint at 200 epochs
2026-05-11 12:37:48,515 - mmdet - INFO - Evaluating bbox...
2026-05-11 12:37:51,630 - mmdet - INFO - 
 Average Precision  (AP) @[ IoU=0.50:0.95 | area=   all | maxDets=100 ] = 0.306
 Average Precision  (AP) @[ IoU=0.50      | area=   all | maxDets=1000 ] = 0.701
 Average Precision  (AP) @[ IoU=0.75      | area=   all | maxDets=1000 ] = 0.215
 Average Precision  (AP) @[ IoU=0.50:0.95 | area= small | maxDets=1000 ] = 0.000
 Average Precision  (AP) @[ IoU=0.50:0.95 | area=medium | maxDets=1000 ] = 0.248
 Average Precision  (AP) @[ IoU=0.50:0.95 | area= large | maxDets=1000 ] = 0.408
 Average Recall     (AR) @[ IoU=0.50:0.95 | area=   all | maxDets=100 ] = 0.418
 Average Recall     (AR) @[ IoU=0.50:0.95 | area=   all | maxDets=300 ] = 0.418
 Average Recall     (AR) @[ IoU=0.50:0.95 | area=   all | maxDets=1000 ] = 0.418
 Average Recall     (AR) @[ IoU=0.50:0.95 | area= small | maxDets=1000 ] = 0.000
 Average Recall     (AR) @[ IoU=0.50:0.95 | area=medium | maxDets=1000 ] = 0.369
 Average Recall     (AR) @[ IoU=0.50:0.95 | area= large | maxDets=1000 ] = 0.517

2026-05-11 12:37:51,636 - mmdet - INFO - Exp name: fold_2_r50_300e_hbb.py
2026-05-11 12:37:51,636 - mmdet - INFO - Epoch(val) [200][371]	bbox_mAP: 0.3060, bbox_mAP_50: 0.7010, bbox_mAP_75: 0.2150, bbox_mAP_s: 0.0000, bbox_mAP_m: 0.2480, bbox_mAP_l: 0.4080, bbox_mAP_copypaste: 0.306 0.701 0.215 0.000 0.248 0.408
2026-05-11 12:38:21,389 - mmdet - INFO - Epoch [201][50/186]	lr: 5.001e-03, eta: 2:15:30, time: 0.593, data_time: 0.083, memory: 6156, loss_rpn_cls: 0.0120, loss_rpn_bbox: 0.0022, loss_cls: 0.0639, acc: 97.5625, loss_bbox: 0.0426, loss: 0.1207, grad_norm: 0.9894
2026-05-11 12:38:47,256 - mmdet - INFO - Epoch [201][100/186]	lr: 5.001e-03, eta: 2:15:10, time: 0.519, data_time: 0.014, memory: 6156, loss_rpn_cls: 0.0080, loss_rpn_bbox: 0.0016, loss_cls: 0.0590, acc: 97.7363, loss_bbox: 0.0364, loss: 0.1051, grad_norm: 0.9942
2026-05-11 12:39:13,263 - mmdet - INFO - Epoch [201][150/186]	lr: 5.001e-03, eta: 2:14:50, time: 0.518, data_time: 0.013, memory: 6156, loss_rpn_cls: 0.0106, loss_rpn_bbox: 0.0019, loss_cls: 0.0635, acc: 97.5850, loss_bbox: 0.0390, loss: 0.1150, grad_norm: 1.0245
2026-05-11 12:40:01,663 - mmdet - INFO - Epoch [202][50/186]	lr: 4.910e-03, eta: 2:14:09, time: 0.592, data_time: 0.082, memory: 6156, loss_rpn_cls: 0.0160, loss_rpn_bbox: 0.0021, loss_cls: 0.0730, acc: 97.2482, loss_bbox: 0.0495, loss: 0.1407, grad_norm: 1.1089
2026-05-11 12:40:27,676 - mmdet - INFO - Epoch [202][100/186]	lr: 4.910e-03, eta: 2:13:49, time: 0.518, data_time: 0.013, memory: 6156, loss_rpn_cls: 0.0124, loss_rpn_bbox: 0.0022, loss_cls: 0.0636, acc: 97.5713, loss_bbox: 0.0430, loss: 0.1211, grad_norm: 1.0855
2026-05-11 12:40:53,751 - mmdet - INFO - Epoch [202][150/186]	lr: 4.910e-03, eta: 2:13:29, time: 0.523, data_time: 0.015, memory: 6156, loss_rpn_cls: 0.0136, loss_rpn_bbox: 0.0022, loss_cls: 0.0630, acc: 97.5605, loss_bbox: 0.0442, loss: 0.1230, grad_norm: 1.0732
2026-05-11 12:41:42,277 - mmdet - INFO - Epoch [203][50/186]	lr: 4.820e-03, eta: 2:12:47, time: 0.592, data_time: 0.082, memory: 6156, loss_rpn_cls: 0.0125, loss_rpn_bbox: 0.0022, loss_cls: 0.0699, acc: 97.2598, loss_bbox: 0.0481, loss: 0.1327, grad_norm: 1.0730
2026-05-11 12:42:08,353 - mmdet - INFO - Epoch [203][100/186]	lr: 4.820e-03, eta: 2:12:27, time: 0.523, data_time: 0.015, memory: 6156, loss_rpn_cls: 0.0102, loss_rpn_bbox: 0.0018, loss_cls: 0.0609, acc: 97.6738, loss_bbox: 0.0389, loss: 0.1119, grad_norm: 1.0623
2026-05-11 12:42:34,444 - mmdet - INFO - Epoch [203][150/186]	lr: 4.820e-03, eta: 2:12:07, time: 0.520, data_time: 0.013, memory: 6156, loss_rpn_cls: 0.0117, loss_rpn_bbox: 0.0017, loss_cls: 0.0592, acc: 97.7725, loss_bbox: 0.0385, loss: 0.1112, grad_norm: 1.0474
2026-05-11 12:43:23,033 - mmdet - INFO - Epoch [204][50/186]	lr: 4.731e-03, eta: 2:11:26, time: 0.596, data_time: 0.082, memory: 6156, loss_rpn_cls: 0.0137, loss_rpn_bbox: 0.0021, loss_cls: 0.0716, acc: 97.2441, loss_bbox: 0.0504, loss: 0.1379, grad_norm: 1.1030
2026-05-11 12:43:49,054 - mmdet - INFO - Epoch [204][100/186]	lr: 4.731e-03, eta: 2:11:06, time: 0.518, data_time: 0.013, memory: 6156, loss_rpn_cls: 0.0099, loss_rpn_bbox: 0.0017, loss_cls: 0.0586, acc: 97.7764, loss_bbox: 0.0383, loss: 0.1086, grad_norm: 1.0676
2026-05-11 12:44:15,200 - mmdet - INFO - Epoch [204][150/186]	lr: 4.731e-03, eta: 2:10:46, time: 0.525, data_time: 0.014, memory: 6156, loss_rpn_cls: 0.0092, loss_rpn_bbox: 0.0017, loss_cls: 0.0603, acc: 97.6445, loss_bbox: 0.0385, loss: 0.1097, grad_norm: 1.0525
2026-05-11 12:45:03,684 - mmdet - INFO - Epoch [205][50/186]	lr: 4.642e-03, eta: 2:10:04, time: 0.590, data_time: 0.083, memory: 6156, loss_rpn_cls: 0.0138, loss_rpn_bbox: 0.0025, loss_cls: 0.0728, acc: 97.2139, loss_bbox: 0.0520, loss: 0.1411, grad_norm: 1.2149
2026-05-11 12:45:29,598 - mmdet - INFO - Epoch [205][100/186]	lr: 4.642e-03, eta: 2:09:44, time: 0.520, data_time: 0.015, memory: 6156, loss_rpn_cls: 0.0132, loss_rpn_bbox: 0.0018, loss_cls: 0.0619, acc: 97.6436, loss_bbox: 0.0399, loss: 0.1168, grad_norm: 1.1216
2026-05-11 12:45:55,597 - mmdet - INFO - Epoch [205][150/186]	lr: 4.642e-03, eta: 2:09:24, time: 0.518, data_time: 0.013, memory: 6156, loss_rpn_cls: 0.0109, loss_rpn_bbox: 0.0027, loss_cls: 0.0659, acc: 97.3779, loss_bbox: 0.0460, loss: 0.1254, grad_norm: 1.1083
2026-05-11 12:46:44,076 - mmdet - INFO - Epoch [206][50/186]	lr: 4.554e-03, eta: 2:08:43, time: 0.593, data_time: 0.082, memory: 6156, loss_rpn_cls: 0.0117, loss_rpn_bbox: 0.0020, loss_cls: 0.0618, acc: 97.5332, loss_bbox: 0.0432, loss: 0.1186, grad_norm: 1.0151
2026-05-11 12:47:10,066 - mmdet - INFO - Epoch [206][100/186]	lr: 4.554e-03, eta: 2:08:23, time: 0.518, data_time: 0.013, memory: 6156, loss_rpn_cls: 0.0098, loss_rpn_bbox: 0.0019, loss_cls: 0.0654, acc: 97.5752, loss_bbox: 0.0379, loss: 0.1149, grad_norm: 1.0690
2026-05-11 12:47:36,191 - mmdet - INFO - Epoch [206][150/186]	lr: 4.554e-03, eta: 2:08:03, time: 0.524, data_time: 0.015, memory: 6156, loss_rpn_cls: 0.0105, loss_rpn_bbox: 0.0017, loss_cls: 0.0578, acc: 97.7910, loss_bbox: 0.0368, loss: 0.1069, grad_norm: 1.0792
2026-05-11 12:48:24,843 - mmdet - INFO - Epoch [207][50/186]	lr: 4.467e-03, eta: 2:07:21, time: 0.594, data_time: 0.083, memory: 6156, loss_rpn_cls: 0.0104, loss_rpn_bbox: 0.0020, loss_cls: 0.0660, acc: 97.4365, loss_bbox: 0.0447, loss: 0.1231, grad_norm: 1.0448
2026-05-11 12:48:50,893 - mmdet - INFO - Epoch [207][100/186]	lr: 4.467e-03, eta: 2:07:01, time: 0.523, data_time: 0.015, memory: 6156, loss_rpn_cls: 0.0138, loss_rpn_bbox: 0.0020, loss_cls: 0.0585, acc: 97.8164, loss_bbox: 0.0376, loss: 0.1119, grad_norm: 1.0872
2026-05-11 12:49:16,981 - mmdet - INFO - Epoch [207][150/186]	lr: 4.467e-03, eta: 2:06:41, time: 0.520, data_time: 0.013, memory: 6156, loss_rpn_cls: 0.0070, loss_rpn_bbox: 0.0019, loss_cls: 0.0569, acc: 97.7754, loss_bbox: 0.0376, loss: 0.1034, grad_norm: 1.0682
2026-05-11 12:50:05,585 - mmdet - INFO - Epoch [208][50/186]	lr: 4.380e-03, eta: 2:06:00, time: 0.595, data_time: 0.083, memory: 6156, loss_rpn_cls: 0.0182, loss_rpn_bbox: 0.0021, loss_cls: 0.0674, acc: 97.5702, loss_bbox: 0.0422, loss: 0.1300, grad_norm: 1.1537
2026-05-11 12:50:31,612 - mmdet - INFO - Epoch [208][100/186]	lr: 4.380e-03, eta: 2:05:40, time: 0.519, data_time: 0.013, memory: 6156, loss_rpn_cls: 0.0138, loss_rpn_bbox: 0.0019, loss_cls: 0.0679, acc: 97.4424, loss_bbox: 0.0456, loss: 0.1293, grad_norm: 1.1330
2026-05-11 12:50:57,581 - mmdet - INFO - Epoch [208][150/186]	lr: 4.380e-03, eta: 2:05:20, time: 0.521, data_time: 0.015, memory: 6156, loss_rpn_cls: 0.0105, loss_rpn_bbox: 0.0019, loss_cls: 0.0598, acc: 97.6895, loss_bbox: 0.0411, loss: 0.1133, grad_norm: 1.1164
2026-05-11 12:51:46,295 - mmdet - INFO - Epoch [209][50/186]	lr: 4.294e-03, eta: 2:04:38, time: 0.593, data_time: 0.083, memory: 6156, loss_rpn_cls: 0.0140, loss_rpn_bbox: 0.0026, loss_cls: 0.0770, acc: 97.0098, loss_bbox: 0.0521, loss: 0.1457, grad_norm: 1.1966
2026-05-11 12:52:12,390 - mmdet - INFO - Epoch [209][100/186]	lr: 4.294e-03, eta: 2:04:18, time: 0.524, data_time: 0.015, memory: 6156, loss_rpn_cls: 0.0173, loss_rpn_bbox: 0.0023, loss_cls: 0.0663, acc: 97.4570, loss_bbox: 0.0459, loss: 0.1318, grad_norm: 1.1614
2026-05-11 12:52:38,556 - mmdet - INFO - Epoch [209][150/186]	lr: 4.294e-03, eta: 2:03:58, time: 0.521, data_time: 0.013, memory: 6156, loss_rpn_cls: 0.0105, loss_rpn_bbox: 0.0021, loss_cls: 0.0602, acc: 97.6016, loss_bbox: 0.0404, loss: 0.1133, grad_norm: 1.1199
2026-05-11 12:53:27,025 - mmdet - INFO - Epoch [210][50/186]	lr: 4.208e-03, eta: 2:03:17, time: 0.592, data_time: 0.082, memory: 6156, loss_rpn_cls: 0.0096, loss_rpn_bbox: 0.0022, loss_cls: 0.0679, acc: 97.3652, loss_bbox: 0.0470, loss: 0.1266, grad_norm: 1.0666
2026-05-11 12:53:52,979 - mmdet - INFO - Epoch [210][100/186]	lr: 4.208e-03, eta: 2:02:57, time: 0.517, data_time: 0.013, memory: 6156, loss_rpn_cls: 0.0112, loss_rpn_bbox: 0.0019, loss_cls: 0.0613, acc: 97.6787, loss_bbox: 0.0403, loss: 0.1146, grad_norm: 1.0663
2026-05-11 12:54:19,155 - mmdet - INFO - Epoch [210][150/186]	lr: 4.208e-03, eta: 2:02:37, time: 0.525, data_time: 0.015, memory: 6156, loss_rpn_cls: 0.0115, loss_rpn_bbox: 0.0023, loss_cls: 0.0625, acc: 97.5859, loss_bbox: 0.0430, loss: 0.1193, grad_norm: 1.0651
2026-05-11 12:54:38,021 - mmdet - INFO - Saving checkpoint at 210 epochs
2026-05-11 12:55:13,701 - mmdet - INFO - Evaluating bbox...
2026-05-11 12:55:16,585 - mmdet - INFO - 
 Average Precision  (AP) @[ IoU=0.50:0.95 | area=   all | maxDets=100 ] = 0.282
 Average Precision  (AP) @[ IoU=0.50      | area=   all | maxDets=1000 ] = 0.703
 Average Precision  (AP) @[ IoU=0.75      | area=   all | maxDets=1000 ] = 0.155
 Average Precision  (AP) @[ IoU=0.50:0.95 | area= small | maxDets=1000 ] = 0.001
 Average Precision  (AP) @[ IoU=0.50:0.95 | area=medium | maxDets=1000 ] = 0.238
 Average Precision  (AP) @[ IoU=0.50:0.95 | area= large | maxDets=1000 ] = 0.366
 Average Recall     (AR) @[ IoU=0.50:0.95 | area=   all | maxDets=100 ] = 0.388
 Average Recall     (AR) @[ IoU=0.50:0.95 | area=   all | maxDets=300 ] = 0.388
 Average Recall     (AR) @[ IoU=0.50:0.95 | area=   all | maxDets=1000 ] = 0.388
 Average Recall     (AR) @[ IoU=0.50:0.95 | area= small | maxDets=1000 ] = 0.003
 Average Recall     (AR) @[ IoU=0.50:0.95 | area=medium | maxDets=1000 ] = 0.341
 Average Recall     (AR) @[ IoU=0.50:0.95 | area= large | maxDets=1000 ] = 0.483

2026-05-11 12:55:16,590 - mmdet - INFO - Exp name: fold_2_r50_300e_hbb.py
2026-05-11 12:55:16,590 - mmdet - INFO - Epoch(val) [210][371]	bbox_mAP: 0.2820, bbox_mAP_50: 0.7030, bbox_mAP_75: 0.1550, bbox_mAP_s: 0.0010, bbox_mAP_m: 0.2380, bbox_mAP_l: 0.3660, bbox_mAP_copypaste: 0.282 0.703 0.155 0.001 0.238 0.366
2026-05-11 12:55:46,207 - mmdet - INFO - Epoch [211][50/186]	lr: 4.123e-03, eta: 2:01:56, time: 0.590, data_time: 0.083, memory: 6156, loss_rpn_cls: 0.0067, loss_rpn_bbox: 0.0019, loss_cls: 0.0593, acc: 97.6895, loss_bbox: 0.0402, loss: 0.1081, grad_norm: 1.0004
2026-05-11 12:56:12,245 - mmdet - INFO - Epoch [211][100/186]	lr: 4.123e-03, eta: 2:01:35, time: 0.523, data_time: 0.015, memory: 6156, loss_rpn_cls: 0.0110, loss_rpn_bbox: 0.0019, loss_cls: 0.0601, acc: 97.6973, loss_bbox: 0.0393, loss: 0.1122, grad_norm: 1.0312
2026-05-11 12:56:38,285 - mmdet - INFO - Epoch [211][150/186]	lr: 4.123e-03, eta: 2:01:15, time: 0.519, data_time: 0.013, memory: 6156, loss_rpn_cls: 0.0142, loss_rpn_bbox: 0.0021, loss_cls: 0.0686, acc: 97.4658, loss_bbox: 0.0427, loss: 0.1276, grad_norm: 1.0889
2026-05-11 12:57:26,747 - mmdet - INFO - Epoch [212][50/186]	lr: 4.039e-03, eta: 2:00:34, time: 0.593, data_time: 0.083, memory: 6156, loss_rpn_cls: 0.0142, loss_rpn_bbox: 0.0020, loss_cls: 0.0702, acc: 97.2725, loss_bbox: 0.0503, loss: 0.1367, grad_norm: 1.1891
2026-05-11 12:57:52,729 - mmdet - INFO - Epoch [212][100/186]	lr: 4.039e-03, eta: 2:00:14, time: 0.518, data_time: 0.013, memory: 6156, loss_rpn_cls: 0.0144, loss_rpn_bbox: 0.0020, loss_cls: 0.0621, acc: 97.5742, loss_bbox: 0.0425, loss: 0.1210, grad_norm: 1.1139
2026-05-11 12:58:18,775 - mmdet - INFO - Epoch [212][150/186]	lr: 4.039e-03, eta: 1:59:54, time: 0.523, data_time: 0.015, memory: 6156, loss_rpn_cls: 0.0138, loss_rpn_bbox: 0.0024, loss_cls: 0.0663, acc: 97.4199, loss_bbox: 0.0425, loss: 0.1251, grad_norm: 1.1014
2026-05-11 12:59:07,302 - mmdet - INFO - Epoch [213][50/186]	lr: 3.955e-03, eta: 1:59:13, time: 0.592, data_time: 0.082, memory: 6156, loss_rpn_cls: 0.0092, loss_rpn_bbox: 0.0021, loss_cls: 0.0650, acc: 97.4639, loss_bbox: 0.0439, loss: 0.1202, grad_norm: 1.0026
2026-05-11 12:59:33,348 - mmdet - INFO - Epoch [213][100/186]	lr: 3.955e-03, eta: 1:58:53, time: 0.523, data_time: 0.015, memory: 6156, loss_rpn_cls: 0.0104, loss_rpn_bbox: 0.0017, loss_cls: 0.0668, acc: 97.4668, loss_bbox: 0.0455, loss: 0.1244, grad_norm: 1.0599
2026-05-11 12:59:59,231 - mmdet - INFO - Epoch [213][150/186]	lr: 3.955e-03, eta: 1:58:32, time: 0.516, data_time: 0.013, memory: 6156, loss_rpn_cls: 0.0115, loss_rpn_bbox: 0.0019, loss_cls: 0.0636, acc: 97.6660, loss_bbox: 0.0396, loss: 0.1165, grad_norm: 1.0889
2026-05-11 13:00:47,730 - mmdet - INFO - Epoch [214][50/186]	lr: 3.872e-03, eta: 1:57:51, time: 0.594, data_time: 0.082, memory: 6156, loss_rpn_cls: 0.0073, loss_rpn_bbox: 0.0014, loss_cls: 0.0585, acc: 97.8086, loss_bbox: 0.0360, loss: 0.1033, grad_norm: 0.9919
2026-05-11 13:01:13,614 - mmdet - INFO - Epoch [214][100/186]	lr: 3.872e-03, eta: 1:57:31, time: 0.516, data_time: 0.013, memory: 6156, loss_rpn_cls: 0.0074, loss_rpn_bbox: 0.0016, loss_cls: 0.0589, acc: 97.7188, loss_bbox: 0.0388, loss: 0.1067, grad_norm: 1.0091
2026-05-11 13:01:39,767 - mmdet - INFO - Epoch [214][150/186]	lr: 3.872e-03, eta: 1:57:11, time: 0.525, data_time: 0.015, memory: 6156, loss_rpn_cls: 0.0122, loss_rpn_bbox: 0.0023, loss_cls: 0.0719, acc: 97.2207, loss_bbox: 0.0487, loss: 0.1351, grad_norm: 1.0373
2026-05-11 13:02:28,358 - mmdet - INFO - Epoch [215][50/186]	lr: 3.789e-03, eta: 1:56:30, time: 0.594, data_time: 0.084, memory: 6156, loss_rpn_cls: 0.0131, loss_rpn_bbox: 0.0024, loss_cls: 0.0688, acc: 97.4766, loss_bbox: 0.0431, loss: 0.1274, grad_norm: 1.1981
2026-05-11 13:02:54,361 - mmdet - INFO - Epoch [215][100/186]	lr: 3.789e-03, eta: 1:56:09, time: 0.522, data_time: 0.015, memory: 6156, loss_rpn_cls: 0.0084, loss_rpn_bbox: 0.0018, loss_cls: 0.0620, acc: 97.6094, loss_bbox: 0.0410, loss: 0.1133, grad_norm: 1.0740
2026-05-11 13:03:20,421 - mmdet - INFO - Epoch [215][150/186]	lr: 3.789e-03, eta: 1:55:49, time: 0.519, data_time: 0.013, memory: 6156, loss_rpn_cls: 0.0122, loss_rpn_bbox: 0.0021, loss_cls: 0.0666, acc: 97.5146, loss_bbox: 0.0427, loss: 0.1236, grad_norm: 1.1000
2026-05-11 13:04:09,031 - mmdet - INFO - Epoch [216][50/186]	lr: 3.708e-03, eta: 1:55:08, time: 0.595, data_time: 0.084, memory: 6156, loss_rpn_cls: 0.0174, loss_rpn_bbox: 0.0023, loss_cls: 0.0642, acc: 97.5379, loss_bbox: 0.0442, loss: 0.1280, grad_norm: 1.1749
2026-05-11 13:04:34,992 - mmdet - INFO - Epoch [216][100/186]	lr: 3.708e-03, eta: 1:54:48, time: 0.517, data_time: 0.013, memory: 6156, loss_rpn_cls: 0.0116, loss_rpn_bbox: 0.0018, loss_cls: 0.0570, acc: 97.8926, loss_bbox: 0.0350, loss: 0.1055, grad_norm: 1.0889
2026-05-11 13:05:01,023 - mmdet - INFO - Epoch [216][150/186]	lr: 3.708e-03, eta: 1:54:28, time: 0.523, data_time: 0.015, memory: 6156, loss_rpn_cls: 0.0084, loss_rpn_bbox: 0.0018, loss_cls: 0.0530, acc: 97.9150, loss_bbox: 0.0346, loss: 0.0978, grad_norm: 1.0283
2026-05-11 13:05:49,573 - mmdet - INFO - Epoch [217][50/186]	lr: 3.627e-03, eta: 1:53:47, time: 0.592, data_time: 0.083, memory: 6156, loss_rpn_cls: 0.0131, loss_rpn_bbox: 0.0024, loss_cls: 0.0688, acc: 97.2959, loss_bbox: 0.0480, loss: 0.1323, grad_norm: 1.1092
2026-05-11 13:06:15,500 - mmdet - INFO - Epoch [217][100/186]	lr: 3.627e-03, eta: 1:53:26, time: 0.520, data_time: 0.015, memory: 6156, loss_rpn_cls: 0.0087, loss_rpn_bbox: 0.0015, loss_cls: 0.0557, acc: 97.8564, loss_bbox: 0.0382, loss: 0.1042, grad_norm: 1.0311
2026-05-11 13:06:41,512 - mmdet - INFO - Epoch [217][150/186]	lr: 3.627e-03, eta: 1:53:06, time: 0.518, data_time: 0.013, memory: 6156, loss_rpn_cls: 0.0156, loss_rpn_bbox: 0.0021, loss_cls: 0.0674, acc: 97.4570, loss_bbox: 0.0431, loss: 0.1283, grad_norm: 1.0735
2026-05-11 13:07:29,912 - mmdet - INFO - Epoch [218][50/186]	lr: 3.546e-03, eta: 1:52:25, time: 0.593, data_time: 0.082, memory: 6156, loss_rpn_cls: 0.0079, loss_rpn_bbox: 0.0016, loss_cls: 0.0593, acc: 97.7656, loss_bbox: 0.0375, loss: 0.1063, grad_norm: 0.9779
2026-05-11 13:07:55,851 - mmdet - INFO - Epoch [218][100/186]	lr: 3.546e-03, eta: 1:52:05, time: 0.517, data_time: 0.013, memory: 6156, loss_rpn_cls: 0.0103, loss_rpn_bbox: 0.0019, loss_cls: 0.0592, acc: 97.7684, loss_bbox: 0.0382, loss: 0.1096, grad_norm: 0.9792
2026-05-11 13:08:21,848 - mmdet - INFO - Epoch [218][150/186]	lr: 3.546e-03, eta: 1:51:44, time: 0.522, data_time: 0.015, memory: 6156, loss_rpn_cls: 0.0116, loss_rpn_bbox: 0.0017, loss_cls: 0.0600, acc: 97.7500, loss_bbox: 0.0372, loss: 0.1105, grad_norm: 0.9956
2026-05-11 13:09:10,338 - mmdet - INFO - Epoch [219][50/186]	lr: 3.467e-03, eta: 1:51:04, time: 0.591, data_time: 0.083, memory: 6156, loss_rpn_cls: 0.0123, loss_rpn_bbox: 0.0020, loss_cls: 0.0658, acc: 97.5400, loss_bbox: 0.0436, loss: 0.1237, grad_norm: 1.1251
2026-05-11 13:09:36,316 - mmdet - INFO - Epoch [219][100/186]	lr: 3.467e-03, eta: 1:50:43, time: 0.521, data_time: 0.015, memory: 6156, loss_rpn_cls: 0.0096, loss_rpn_bbox: 0.0017, loss_cls: 0.0618, acc: 97.6270, loss_bbox: 0.0421, loss: 0.1153, grad_norm: 1.0895
2026-05-11 13:10:02,411 - mmdet - INFO - Epoch [219][150/186]	lr: 3.467e-03, eta: 1:50:23, time: 0.520, data_time: 0.013, memory: 6156, loss_rpn_cls: 0.0101, loss_rpn_bbox: 0.0020, loss_cls: 0.0602, acc: 97.7158, loss_bbox: 0.0401, loss: 0.1123, grad_norm: 1.0679
2026-05-11 13:10:50,868 - mmdet - INFO - Epoch [220][50/186]	lr: 3.388e-03, eta: 1:49:42, time: 0.593, data_time: 0.082, memory: 6156, loss_rpn_cls: 0.0121, loss_rpn_bbox: 0.0020, loss_cls: 0.0610, acc: 97.6953, loss_bbox: 0.0376, loss: 0.1126, grad_norm: 1.0973
2026-05-11 13:11:16,852 - mmdet - INFO - Epoch [220][100/186]	lr: 3.388e-03, eta: 1:49:22, time: 0.518, data_time: 0.013, memory: 6156, loss_rpn_cls: 0.0173, loss_rpn_bbox: 0.0021, loss_cls: 0.0658, acc: 97.5098, loss_bbox: 0.0444, loss: 0.1297, grad_norm: 1.1236
2026-05-11 13:11:42,884 - mmdet - INFO - Epoch [220][150/186]	lr: 3.388e-03, eta: 1:49:01, time: 0.523, data_time: 0.015, memory: 6156, loss_rpn_cls: 0.0084, loss_rpn_bbox: 0.0018, loss_cls: 0.0543, acc: 97.9473, loss_bbox: 0.0349, loss: 0.0993, grad_norm: 1.0751
2026-05-11 13:12:01,711 - mmdet - INFO - Saving checkpoint at 220 epochs
2026-05-11 13:12:37,406 - mmdet - INFO - Evaluating bbox...
2026-05-11 13:12:40,653 - mmdet - INFO - 
 Average Precision  (AP) @[ IoU=0.50:0.95 | area=   all | maxDets=100 ] = 0.302
 Average Precision  (AP) @[ IoU=0.50      | area=   all | maxDets=1000 ] = 0.710
 Average Precision  (AP) @[ IoU=0.75      | area=   all | maxDets=1000 ] = 0.196
 Average Precision  (AP) @[ IoU=0.50:0.95 | area= small | maxDets=1000 ] = 0.001
 Average Precision  (AP) @[ IoU=0.50:0.95 | area=medium | maxDets=1000 ] = 0.251
 Average Precision  (AP) @[ IoU=0.50:0.95 | area= large | maxDets=1000 ] = 0.399
 Average Recall     (AR) @[ IoU=0.50:0.95 | area=   all | maxDets=100 ] = 0.412
 Average Recall     (AR) @[ IoU=0.50:0.95 | area=   all | maxDets=300 ] = 0.412
 Average Recall     (AR) @[ IoU=0.50:0.95 | area=   all | maxDets=1000 ] = 0.412
 Average Recall     (AR) @[ IoU=0.50:0.95 | area= small | maxDets=1000 ] = 0.003
 Average Recall     (AR) @[ IoU=0.50:0.95 | area=medium | maxDets=1000 ] = 0.364
 Average Recall     (AR) @[ IoU=0.50:0.95 | area= large | maxDets=1000 ] = 0.511

2026-05-11 13:12:40,659 - mmdet - INFO - Exp name: fold_2_r50_300e_hbb.py
2026-05-11 13:12:40,659 - mmdet - INFO - Epoch(val) [220][371]	bbox_mAP: 0.3020, bbox_mAP_50: 0.7100, bbox_mAP_75: 0.1960, bbox_mAP_s: 0.0010, bbox_mAP_m: 0.2510, bbox_mAP_l: 0.3990, bbox_mAP_copypaste: 0.302 0.710 0.196 0.001 0.251 0.399
2026-05-11 13:13:10,297 - mmdet - INFO - Epoch [221][50/186]	lr: 3.310e-03, eta: 1:48:21, time: 0.591, data_time: 0.083, memory: 6156, loss_rpn_cls: 0.0088, loss_rpn_bbox: 0.0016, loss_cls: 0.0574, acc: 97.7539, loss_bbox: 0.0336, loss: 0.1015, grad_norm: 0.9165
2026-05-11 13:13:36,251 - mmdet - INFO - Epoch [221][100/186]	lr: 3.310e-03, eta: 1:48:00, time: 0.521, data_time: 0.015, memory: 6156, loss_rpn_cls: 0.0097, loss_rpn_bbox: 0.0020, loss_cls: 0.0659, acc: 97.5010, loss_bbox: 0.0447, loss: 0.1223, grad_norm: 0.9999
2026-05-11 13:14:02,136 - mmdet - INFO - Epoch [221][150/186]	lr: 3.310e-03, eta: 1:47:40, time: 0.516, data_time: 0.013, memory: 6156, loss_rpn_cls: 0.0125, loss_rpn_bbox: 0.0019, loss_cls: 0.0536, acc: 98.0225, loss_bbox: 0.0321, loss: 0.1001, grad_norm: 1.0099
2026-05-11 13:14:50,440 - mmdet - INFO - Epoch [222][50/186]	lr: 3.232e-03, eta: 1:46:59, time: 0.592, data_time: 0.082, memory: 6156, loss_rpn_cls: 0.0141, loss_rpn_bbox: 0.0019, loss_cls: 0.0651, acc: 97.5029, loss_bbox: 0.0425, loss: 0.1236, grad_norm: 1.1864
2026-05-11 13:15:16,319 - mmdet - INFO - Epoch [222][100/186]	lr: 3.232e-03, eta: 1:46:39, time: 0.516, data_time: 0.013, memory: 6156, loss_rpn_cls: 0.0108, loss_rpn_bbox: 0.0017, loss_cls: 0.0540, acc: 97.9092, loss_bbox: 0.0351, loss: 0.1016, grad_norm: 1.0535
2026-05-11 13:15:42,464 - mmdet - INFO - Epoch [222][150/186]	lr: 3.232e-03, eta: 1:46:18, time: 0.525, data_time: 0.015, memory: 6156, loss_rpn_cls: 0.0098, loss_rpn_bbox: 0.0022, loss_cls: 0.0655, acc: 97.4795, loss_bbox: 0.0417, loss: 0.1192, grad_norm: 1.0607
2026-05-11 13:16:31,142 - mmdet - INFO - Epoch [223][50/186]	lr: 3.155e-03, eta: 1:45:38, time: 0.593, data_time: 0.083, memory: 6156, loss_rpn_cls: 0.0122, loss_rpn_bbox: 0.0023, loss_cls: 0.0632, acc: 97.5243, loss_bbox: 0.0430, loss: 0.1207, grad_norm: 0.9839
2026-05-11 13:16:57,143 - mmdet - INFO - Epoch [223][100/186]	lr: 3.155e-03, eta: 1:45:17, time: 0.522, data_time: 0.015, memory: 6156, loss_rpn_cls: 0.0073, loss_rpn_bbox: 0.0017, loss_cls: 0.0577, acc: 97.8193, loss_bbox: 0.0382, loss: 0.1048, grad_norm: 0.9680
2026-05-11 13:17:23,118 - mmdet - INFO - Epoch [223][150/186]	lr: 3.155e-03, eta: 1:44:57, time: 0.518, data_time: 0.013, memory: 6156, loss_rpn_cls: 0.0116, loss_rpn_bbox: 0.0019, loss_cls: 0.0598, acc: 97.7041, loss_bbox: 0.0395, loss: 0.1128, grad_norm: 1.0081
2026-05-11 13:18:11,429 - mmdet - INFO - Epoch [224][50/186]	lr: 3.079e-03, eta: 1:44:16, time: 0.592, data_time: 0.083, memory: 6156, loss_rpn_cls: 0.0107, loss_rpn_bbox: 0.0015, loss_cls: 0.0551, acc: 97.9268, loss_bbox: 0.0344, loss: 0.1017, grad_norm: 0.9655
2026-05-11 13:18:37,354 - mmdet - INFO - Epoch [224][100/186]	lr: 3.079e-03, eta: 1:43:56, time: 0.517, data_time: 0.013, memory: 6156, loss_rpn_cls: 0.0151, loss_rpn_bbox: 0.0019, loss_cls: 0.0590, acc: 97.8740, loss_bbox: 0.0368, loss: 0.1128, grad_norm: 1.0766
2026-05-11 13:19:03,396 - mmdet - INFO - Epoch [224][150/186]	lr: 3.079e-03, eta: 1:43:35, time: 0.523, data_time: 0.015, memory: 6156, loss_rpn_cls: 0.0098, loss_rpn_bbox: 0.0019, loss_cls: 0.0643, acc: 97.5996, loss_bbox: 0.0422, loss: 0.1182, grad_norm: 1.0727
2026-05-11 13:19:51,923 - mmdet - INFO - Epoch [225][50/186]	lr: 3.004e-03, eta: 1:42:55, time: 0.590, data_time: 0.083, memory: 6156, loss_rpn_cls: 0.0146, loss_rpn_bbox: 0.0018, loss_cls: 0.0575, acc: 97.8301, loss_bbox: 0.0361, loss: 0.1100, grad_norm: 1.0190
2026-05-11 13:20:17,972 - mmdet - INFO - Epoch [225][100/186]	lr: 3.004e-03, eta: 1:42:34, time: 0.523, data_time: 0.015, memory: 6156, loss_rpn_cls: 0.0118, loss_rpn_bbox: 0.0021, loss_cls: 0.0623, acc: 97.6434, loss_bbox: 0.0425, loss: 0.1187, grad_norm: 1.0252
2026-05-11 13:20:44,022 - mmdet - INFO - Epoch [225][150/186]	lr: 3.004e-03, eta: 1:42:13, time: 0.519, data_time: 0.013, memory: 6156, loss_rpn_cls: 0.0118, loss_rpn_bbox: 0.0018, loss_cls: 0.0572, acc: 97.8232, loss_bbox: 0.0363, loss: 0.1071, grad_norm: 0.9988
2026-05-11 13:21:32,365 - mmdet - INFO - Epoch [226][50/186]	lr: 2.930e-03, eta: 1:41:33, time: 0.592, data_time: 0.082, memory: 6156, loss_rpn_cls: 0.0173, loss_rpn_bbox: 0.0026, loss_cls: 0.0735, acc: 97.1572, loss_bbox: 0.0515, loss: 0.1449, grad_norm: 1.1658
2026-05-11 13:21:58,276 - mmdet - INFO - Epoch [226][100/186]	lr: 2.930e-03, eta: 1:41:12, time: 0.516, data_time: 0.013, memory: 6156, loss_rpn_cls: 0.0096, loss_rpn_bbox: 0.0019, loss_cls: 0.0583, acc: 97.7451, loss_bbox: 0.0384, loss: 0.1082, grad_norm: 1.0592
2026-05-11 13:22:24,317 - mmdet - INFO - Exp name: fold_2_r50_300e_hbb.py
2026-05-11 13:22:24,318 - mmdet - INFO - Epoch [226][150/186]	lr: 2.930e-03, eta: 1:40:52, time: 0.523, data_time: 0.015, memory: 6156, loss_rpn_cls: 0.0084, loss_rpn_bbox: 0.0019, loss_cls: 0.0561, acc: 97.8145, loss_bbox: 0.0368, loss: 0.1031, grad_norm: 1.0055
2026-05-11 13:23:12,659 - mmdet - INFO - Epoch [227][50/186]	lr: 2.856e-03, eta: 1:40:11, time: 0.588, data_time: 0.082, memory: 6156, loss_rpn_cls: 0.0101, loss_rpn_bbox: 0.0019, loss_cls: 0.0644, acc: 97.6357, loss_bbox: 0.0406, loss: 0.1170, grad_norm: 1.1142
2026-05-11 13:23:38,531 - mmdet - INFO - Epoch [227][100/186]	lr: 2.856e-03, eta: 1:39:51, time: 0.519, data_time: 0.015, memory: 6156, loss_rpn_cls: 0.0128, loss_rpn_bbox: 0.0017, loss_cls: 0.0629, acc: 97.7656, loss_bbox: 0.0377, loss: 0.1151, grad_norm: 1.0809
2026-05-11 13:24:04,517 - mmdet - INFO - Epoch [227][150/186]	lr: 2.856e-03, eta: 1:39:30, time: 0.518, data_time: 0.013, memory: 6156, loss_rpn_cls: 0.0129, loss_rpn_bbox: 0.0021, loss_cls: 0.0620, acc: 97.5928, loss_bbox: 0.0410, loss: 0.1180, grad_norm: 1.0450
2026-05-11 13:24:52,878 - mmdet - INFO - Epoch [228][50/186]	lr: 2.783e-03, eta: 1:38:50, time: 0.592, data_time: 0.083, memory: 6156, loss_rpn_cls: 0.0109, loss_rpn_bbox: 0.0020, loss_cls: 0.0560, acc: 97.8916, loss_bbox: 0.0361, loss: 0.1049, grad_norm: 1.0314
2026-05-11 13:25:18,717 - mmdet - INFO - Epoch [228][100/186]	lr: 2.783e-03, eta: 1:38:29, time: 0.515, data_time: 0.013, memory: 6156, loss_rpn_cls: 0.0098, loss_rpn_bbox: 0.0015, loss_cls: 0.0521, acc: 98.0107, loss_bbox: 0.0350, loss: 0.0984, grad_norm: 0.9780
2026-05-11 13:25:44,727 - mmdet - INFO - Epoch [228][150/186]	lr: 2.783e-03, eta: 1:38:09, time: 0.522, data_time: 0.015, memory: 6156, loss_rpn_cls: 0.0114, loss_rpn_bbox: 0.0019, loss_cls: 0.0589, acc: 97.7686, loss_bbox: 0.0380, loss: 0.1103, grad_norm: 1.0884
2026-05-11 13:26:33,166 - mmdet - INFO - Epoch [229][50/186]	lr: 2.711e-03, eta: 1:37:28, time: 0.591, data_time: 0.083, memory: 6156, loss_rpn_cls: 0.0079, loss_rpn_bbox: 0.0020, loss_cls: 0.0592, acc: 97.6807, loss_bbox: 0.0398, loss: 0.1089, grad_norm: 0.9268
2026-05-11 13:26:59,112 - mmdet - INFO - Epoch [229][100/186]	lr: 2.711e-03, eta: 1:37:08, time: 0.521, data_time: 0.015, memory: 6156, loss_rpn_cls: 0.0203, loss_rpn_bbox: 0.0019, loss_cls: 0.0652, acc: 97.5781, loss_bbox: 0.0412, loss: 0.1286, grad_norm: 1.0818
2026-05-11 13:27:25,140 - mmdet - INFO - Epoch [229][150/186]	lr: 2.711e-03, eta: 1:36:47, time: 0.519, data_time: 0.013, memory: 6156, loss_rpn_cls: 0.0080, loss_rpn_bbox: 0.0016, loss_cls: 0.0556, acc: 97.8779, loss_bbox: 0.0371, loss: 0.1023, grad_norm: 1.0404
2026-05-11 13:28:13,522 - mmdet - INFO - Epoch [230][50/186]	lr: 2.640e-03, eta: 1:36:07, time: 0.592, data_time: 0.083, memory: 6156, loss_rpn_cls: 0.0088, loss_rpn_bbox: 0.0016, loss_cls: 0.0543, acc: 97.9307, loss_bbox: 0.0375, loss: 0.1021, grad_norm: 0.9019
2026-05-11 13:28:39,369 - mmdet - INFO - Epoch [230][100/186]	lr: 2.640e-03, eta: 1:35:46, time: 0.515, data_time: 0.013, memory: 6156, loss_rpn_cls: 0.0093, loss_rpn_bbox: 0.0018, loss_cls: 0.0547, acc: 97.9912, loss_bbox: 0.0336, loss: 0.0994, grad_norm: 0.9206
2026-05-11 13:29:05,370 - mmdet - INFO - Epoch [230][150/186]	lr: 2.640e-03, eta: 1:35:25, time: 0.522, data_time: 0.015, memory: 6156, loss_rpn_cls: 0.0095, loss_rpn_bbox: 0.0018, loss_cls: 0.0584, acc: 97.7539, loss_bbox: 0.0397, loss: 0.1095, grad_norm: 0.9645
2026-05-11 13:29:24,255 - mmdet - INFO - Saving checkpoint at 230 epochs
2026-05-11 13:29:59,925 - mmdet - INFO - Evaluating bbox...
2026-05-11 13:30:03,071 - mmdet - INFO - 
 Average Precision  (AP) @[ IoU=0.50:0.95 | area=   all | maxDets=100 ] = 0.303
 Average Precision  (AP) @[ IoU=0.50      | area=   all | maxDets=1000 ] = 0.712
 Average Precision  (AP) @[ IoU=0.75      | area=   all | maxDets=1000 ] = 0.195
 Average Precision  (AP) @[ IoU=0.50:0.95 | area= small | maxDets=1000 ] = 0.000
 Average Precision  (AP) @[ IoU=0.50:0.95 | area=medium | maxDets=1000 ] = 0.254
 Average Precision  (AP) @[ IoU=0.50:0.95 | area= large | maxDets=1000 ] = 0.397
 Average Recall     (AR) @[ IoU=0.50:0.95 | area=   all | maxDets=100 ] = 0.412
 Average Recall     (AR) @[ IoU=0.50:0.95 | area=   all | maxDets=300 ] = 0.412
 Average Recall     (AR) @[ IoU=0.50:0.95 | area=   all | maxDets=1000 ] = 0.412
 Average Recall     (AR) @[ IoU=0.50:0.95 | area= small | maxDets=1000 ] = 0.000
 Average Recall     (AR) @[ IoU=0.50:0.95 | area=medium | maxDets=1000 ] = 0.367
 Average Recall     (AR) @[ IoU=0.50:0.95 | area= large | maxDets=1000 ] = 0.507

2026-05-11 13:30:03,077 - mmdet - INFO - Exp name: fold_2_r50_300e_hbb.py
2026-05-11 13:30:03,077 - mmdet - INFO - Epoch(val) [230][371]	bbox_mAP: 0.3030, bbox_mAP_50: 0.7120, bbox_mAP_75: 0.1950, bbox_mAP_s: 0.0000, bbox_mAP_m: 0.2540, bbox_mAP_l: 0.3970, bbox_mAP_copypaste: 0.303 0.712 0.195 0.000 0.254 0.397
2026-05-11 13:30:32,925 - mmdet - INFO - Epoch [231][50/186]	lr: 2.569e-03, eta: 1:34:45, time: 0.595, data_time: 0.083, memory: 6156, loss_rpn_cls: 0.0160, loss_rpn_bbox: 0.0024, loss_cls: 0.0671, acc: 97.4912, loss_bbox: 0.0431, loss: 0.1286, grad_norm: 1.0856
2026-05-11 13:30:58,917 - mmdet - INFO - Epoch [231][100/186]	lr: 2.569e-03, eta: 1:34:25, time: 0.522, data_time: 0.015, memory: 6156, loss_rpn_cls: 0.0101, loss_rpn_bbox: 0.0016, loss_cls: 0.0631, acc: 97.5908, loss_bbox: 0.0425, loss: 0.1174, grad_norm: 1.0782
2026-05-11 13:31:24,851 - mmdet - INFO - Epoch [231][150/186]	lr: 2.569e-03, eta: 1:34:04, time: 0.517, data_time: 0.013, memory: 6156, loss_rpn_cls: 0.0107, loss_rpn_bbox: 0.0020, loss_cls: 0.0579, acc: 97.8184, loss_bbox: 0.0352, loss: 0.1058, grad_norm: 1.0372
2026-05-11 13:32:13,271 - mmdet - INFO - Epoch [232][50/186]	lr: 2.500e-03, eta: 1:33:24, time: 0.594, data_time: 0.083, memory: 6156, loss_rpn_cls: 0.0111, loss_rpn_bbox: 0.0020, loss_cls: 0.0628, acc: 97.6113, loss_bbox: 0.0425, loss: 0.1185, grad_norm: 1.0003
2026-05-11 13:32:39,254 - mmdet - INFO - Epoch [232][100/186]	lr: 2.500e-03, eta: 1:33:03, time: 0.518, data_time: 0.013, memory: 6156, loss_rpn_cls: 0.0125, loss_rpn_bbox: 0.0021, loss_cls: 0.0564, acc: 97.8564, loss_bbox: 0.0376, loss: 0.1086, grad_norm: 0.9925
2026-05-11 13:33:05,325 - mmdet - INFO - Epoch [232][150/186]	lr: 2.500e-03, eta: 1:32:42, time: 0.523, data_time: 0.015, memory: 6156, loss_rpn_cls: 0.0132, loss_rpn_bbox: 0.0021, loss_cls: 0.0594, acc: 97.7695, loss_bbox: 0.0381, loss: 0.1129, grad_norm: 0.9794
2026-05-11 13:33:53,913 - mmdet - INFO - Epoch [233][50/186]	lr: 2.431e-03, eta: 1:32:02, time: 0.592, data_time: 0.083, memory: 6156, loss_rpn_cls: 0.0089, loss_rpn_bbox: 0.0015, loss_cls: 0.0562, acc: 97.8340, loss_bbox: 0.0375, loss: 0.1041, grad_norm: 1.0541
2026-05-11 13:34:19,874 - mmdet - INFO - Epoch [233][100/186]	lr: 2.431e-03, eta: 1:31:42, time: 0.521, data_time: 0.015, memory: 6156, loss_rpn_cls: 0.0077, loss_rpn_bbox: 0.0018, loss_cls: 0.0609, acc: 97.6621, loss_bbox: 0.0407, loss: 0.1111, grad_norm: 1.0105
2026-05-11 13:34:45,938 - mmdet - INFO - Epoch [233][150/186]	lr: 2.431e-03, eta: 1:31:21, time: 0.519, data_time: 0.013, memory: 6156, loss_rpn_cls: 0.0117, loss_rpn_bbox: 0.0018, loss_cls: 0.0650, acc: 97.5410, loss_bbox: 0.0414, loss: 0.1199, grad_norm: 1.0274
2026-05-11 13:35:34,488 - mmdet - INFO - Epoch [234][50/186]	lr: 2.363e-03, eta: 1:30:41, time: 0.596, data_time: 0.083, memory: 6156, loss_rpn_cls: 0.0113, loss_rpn_bbox: 0.0018, loss_cls: 0.0649, acc: 97.5225, loss_bbox: 0.0410, loss: 0.1190, grad_norm: 1.1177
2026-05-11 13:36:00,449 - mmdet - INFO - Epoch [234][100/186]	lr: 2.363e-03, eta: 1:30:20, time: 0.517, data_time: 0.013, memory: 6156, loss_rpn_cls: 0.0107, loss_rpn_bbox: 0.0020, loss_cls: 0.0629, acc: 97.5879, loss_bbox: 0.0448, loss: 0.1204, grad_norm: 1.1032
2026-05-11 13:36:26,539 - mmdet - INFO - Epoch [234][150/186]	lr: 2.363e-03, eta: 1:29:59, time: 0.524, data_time: 0.015, memory: 6156, loss_rpn_cls: 0.0063, loss_rpn_bbox: 0.0014, loss_cls: 0.0526, acc: 97.9766, loss_bbox: 0.0341, loss: 0.0944, grad_norm: 1.0423
2026-05-11 13:37:15,032 - mmdet - INFO - Epoch [235][50/186]	lr: 2.296e-03, eta: 1:29:19, time: 0.591, data_time: 0.082, memory: 6156, loss_rpn_cls: 0.0074, loss_rpn_bbox: 0.0015, loss_cls: 0.0535, acc: 97.9238, loss_bbox: 0.0338, loss: 0.0962, grad_norm: 0.9069
2026-05-11 13:37:40,983 - mmdet - INFO - Epoch [235][100/186]	lr: 2.296e-03, eta: 1:28:58, time: 0.521, data_time: 0.015, memory: 6156, loss_rpn_cls: 0.0153, loss_rpn_bbox: 0.0019, loss_cls: 0.0544, acc: 97.9824, loss_bbox: 0.0349, loss: 0.1064, grad_norm: 0.9533
2026-05-11 13:38:07,047 - mmdet - INFO - Epoch [235][150/186]	lr: 2.296e-03, eta: 1:28:38, time: 0.519, data_time: 0.013, memory: 6156, loss_rpn_cls: 0.0109, loss_rpn_bbox: 0.0019, loss_cls: 0.0604, acc: 97.6865, loss_bbox: 0.0401, loss: 0.1133, grad_norm: 0.9656
2026-05-11 13:38:55,556 - mmdet - INFO - Epoch [236][50/186]	lr: 2.229e-03, eta: 1:27:58, time: 0.593, data_time: 0.083, memory: 6156, loss_rpn_cls: 0.0086, loss_rpn_bbox: 0.0017, loss_cls: 0.0478, acc: 98.2764, loss_bbox: 0.0327, loss: 0.0908, grad_norm: 0.8086
2026-05-11 13:39:21,456 - mmdet - INFO - Epoch [236][100/186]	lr: 2.229e-03, eta: 1:27:37, time: 0.516, data_time: 0.013, memory: 6156, loss_rpn_cls: 0.0107, loss_rpn_bbox: 0.0020, loss_cls: 0.0630, acc: 97.6348, loss_bbox: 0.0417, loss: 0.1175, grad_norm: 0.9098
2026-05-11 13:39:47,431 - mmdet - INFO - Epoch [236][150/186]	lr: 2.229e-03, eta: 1:27:16, time: 0.521, data_time: 0.015, memory: 6156, loss_rpn_cls: 0.0088, loss_rpn_bbox: 0.0018, loss_cls: 0.0571, acc: 97.9102, loss_bbox: 0.0358, loss: 0.1036, grad_norm: 0.9181
2026-05-11 13:40:35,902 - mmdet - INFO - Epoch [237][50/186]	lr: 2.164e-03, eta: 1:26:36, time: 0.591, data_time: 0.083, memory: 6156, loss_rpn_cls: 0.0078, loss_rpn_bbox: 0.0016, loss_cls: 0.0550, acc: 97.9482, loss_bbox: 0.0355, loss: 0.0999, grad_norm: 1.0066
2026-05-11 13:41:01,853 - mmdet - INFO - Epoch [237][100/186]	lr: 2.164e-03, eta: 1:26:15, time: 0.521, data_time: 0.015, memory: 6156, loss_rpn_cls: 0.0132, loss_rpn_bbox: 0.0019, loss_cls: 0.0649, acc: 97.5381, loss_bbox: 0.0417, loss: 0.1216, grad_norm: 1.0495
2026-05-11 13:41:27,908 - mmdet - INFO - Epoch [237][150/186]	lr: 2.164e-03, eta: 1:25:55, time: 0.519, data_time: 0.013, memory: 6156, loss_rpn_cls: 0.0072, loss_rpn_bbox: 0.0020, loss_cls: 0.0632, acc: 97.5811, loss_bbox: 0.0415, loss: 0.1139, grad_norm: 1.0296
2026-05-11 13:42:16,326 - mmdet - INFO - Epoch [238][50/186]	lr: 2.099e-03, eta: 1:25:15, time: 0.593, data_time: 0.082, memory: 6156, loss_rpn_cls: 0.0120, loss_rpn_bbox: 0.0022, loss_cls: 0.0600, acc: 97.7471, loss_bbox: 0.0393, loss: 0.1136, grad_norm: 1.1122
2026-05-11 13:42:42,178 - mmdet - INFO - Epoch [238][100/186]	lr: 2.099e-03, eta: 1:24:54, time: 0.515, data_time: 0.013, memory: 6156, loss_rpn_cls: 0.0117, loss_rpn_bbox: 0.0018, loss_cls: 0.0625, acc: 97.5635, loss_bbox: 0.0437, loss: 0.1197, grad_norm: 1.1093
2026-05-11 13:43:08,230 - mmdet - INFO - Epoch [238][150/186]	lr: 2.099e-03, eta: 1:24:33, time: 0.523, data_time: 0.015, memory: 6156, loss_rpn_cls: 0.0084, loss_rpn_bbox: 0.0015, loss_cls: 0.0495, acc: 98.1133, loss_bbox: 0.0312, loss: 0.0905, grad_norm: 1.0276
2026-05-11 13:43:56,824 - mmdet - INFO - Epoch [239][50/186]	lr: 2.036e-03, eta: 1:23:53, time: 0.592, data_time: 0.083, memory: 6156, loss_rpn_cls: 0.0093, loss_rpn_bbox: 0.0016, loss_cls: 0.0504, acc: 98.0645, loss_bbox: 0.0333, loss: 0.0946, grad_norm: 0.7977
2026-05-11 13:44:22,798 - mmdet - INFO - Epoch [239][100/186]	lr: 2.036e-03, eta: 1:23:32, time: 0.521, data_time: 0.015, memory: 6156, loss_rpn_cls: 0.0100, loss_rpn_bbox: 0.0017, loss_cls: 0.0523, acc: 98.0059, loss_bbox: 0.0348, loss: 0.0987, grad_norm: 0.8649
2026-05-11 13:44:48,736 - mmdet - INFO - Epoch [239][150/186]	lr: 2.036e-03, eta: 1:23:11, time: 0.517, data_time: 0.013, memory: 6156, loss_rpn_cls: 0.0141, loss_rpn_bbox: 0.0019, loss_cls: 0.0633, acc: 97.5889, loss_bbox: 0.0418, loss: 0.1211, grad_norm: 0.9649
2026-05-11 13:45:37,133 - mmdet - INFO - Epoch [240][50/186]	lr: 1.973e-03, eta: 1:22:32, time: 0.593, data_time: 0.082, memory: 6156, loss_rpn_cls: 0.0112, loss_rpn_bbox: 0.0019, loss_cls: 0.0548, acc: 97.9658, loss_bbox: 0.0359, loss: 0.1039, grad_norm: 0.9847
2026-05-11 13:46:03,026 - mmdet - INFO - Epoch [240][100/186]	lr: 1.973e-03, eta: 1:22:11, time: 0.516, data_time: 0.013, memory: 6156, loss_rpn_cls: 0.0090, loss_rpn_bbox: 0.0017, loss_cls: 0.0593, acc: 97.6875, loss_bbox: 0.0408, loss: 0.1107, grad_norm: 0.9790
2026-05-11 13:46:29,121 - mmdet - INFO - Epoch [240][150/186]	lr: 1.973e-03, eta: 1:21:50, time: 0.524, data_time: 0.015, memory: 6156, loss_rpn_cls: 0.0105, loss_rpn_bbox: 0.0019, loss_cls: 0.0525, acc: 97.9873, loss_bbox: 0.0332, loss: 0.0982, grad_norm: 0.9650
2026-05-11 13:46:47,885 - mmdet - INFO - Saving checkpoint at 240 epochs
2026-05-11 13:47:23,499 - mmdet - INFO - Evaluating bbox...
2026-05-11 13:47:26,456 - mmdet - INFO - 
 Average Precision  (AP) @[ IoU=0.50:0.95 | area=   all | maxDets=100 ] = 0.316
 Average Precision  (AP) @[ IoU=0.50      | area=   all | maxDets=1000 ] = 0.725
 Average Precision  (AP) @[ IoU=0.75      | area=   all | maxDets=1000 ] = 0.220
 Average Precision  (AP) @[ IoU=0.50:0.95 | area= small | maxDets=1000 ] = 0.002
 Average Precision  (AP) @[ IoU=0.50:0.95 | area=medium | maxDets=1000 ] = 0.267
 Average Precision  (AP) @[ IoU=0.50:0.95 | area= large | maxDets=1000 ] = 0.408
 Average Recall     (AR) @[ IoU=0.50:0.95 | area=   all | maxDets=100 ] = 0.422
 Average Recall     (AR) @[ IoU=0.50:0.95 | area=   all | maxDets=300 ] = 0.422
 Average Recall     (AR) @[ IoU=0.50:0.95 | area=   all | maxDets=1000 ] = 0.422
 Average Recall     (AR) @[ IoU=0.50:0.95 | area= small | maxDets=1000 ] = 0.006
 Average Recall     (AR) @[ IoU=0.50:0.95 | area=medium | maxDets=1000 ] = 0.375
 Average Recall     (AR) @[ IoU=0.50:0.95 | area= large | maxDets=1000 ] = 0.518

2026-05-11 13:47:26,584 - mmdet - INFO - The previous best checkpoint /home/ahmadreza/Downloads/Research/M2SODAI/baseline_official/runs_r50_hbb/r50_hbb_fold_2_20260511/best_bbox_mAP_epoch_190.pth was removed
2026-05-11 13:47:28,125 - mmdet - INFO - Now best checkpoint is saved as best_bbox_mAP_epoch_240.pth.
2026-05-11 13:47:28,125 - mmdet - INFO - Best bbox_mAP is 0.3160 at 240 epoch.
2026-05-11 13:47:28,125 - mmdet - INFO - Exp name: fold_2_r50_300e_hbb.py
2026-05-11 13:47:28,125 - mmdet - INFO - Epoch(val) [240][371]	bbox_mAP: 0.3160, bbox_mAP_50: 0.7250, bbox_mAP_75: 0.2200, bbox_mAP_s: 0.0020, bbox_mAP_m: 0.2670, bbox_mAP_l: 0.4080, bbox_mAP_copypaste: 0.316 0.725 0.220 0.002 0.267 0.408
2026-05-11 13:47:57,623 - mmdet - INFO - Epoch [241][50/186]	lr: 1.911e-03, eta: 1:21:10, time: 0.588, data_time: 0.084, memory: 6156, loss_rpn_cls: 0.0114, loss_rpn_bbox: 0.0018, loss_cls: 0.0584, acc: 97.7461, loss_bbox: 0.0393, loss: 0.1109, grad_norm: 1.1189
2026-05-11 13:48:23,546 - mmdet - INFO - Epoch [241][100/186]	lr: 1.911e-03, eta: 1:20:49, time: 0.520, data_time: 0.015, memory: 6156, loss_rpn_cls: 0.0089, loss_rpn_bbox: 0.0014, loss_cls: 0.0495, acc: 98.1846, loss_bbox: 0.0299, loss: 0.0896, grad_norm: 0.9952
2026-05-11 13:48:49,509 - mmdet - INFO - Epoch [241][150/186]	lr: 1.911e-03, eta: 1:20:28, time: 0.517, data_time: 0.013, memory: 6156, loss_rpn_cls: 0.0154, loss_rpn_bbox: 0.0023, loss_cls: 0.0705, acc: 97.2139, loss_bbox: 0.0472, loss: 0.1353, grad_norm: 1.0551
2026-05-11 13:49:37,974 - mmdet - INFO - Epoch [242][50/186]	lr: 1.850e-03, eta: 1:19:48, time: 0.594, data_time: 0.083, memory: 6156, loss_rpn_cls: 0.0107, loss_rpn_bbox: 0.0016, loss_cls: 0.0532, acc: 97.9746, loss_bbox: 0.0340, loss: 0.0995, grad_norm: 0.9209
2026-05-11 13:50:03,915 - mmdet - INFO - Epoch [242][100/186]	lr: 1.850e-03, eta: 1:19:28, time: 0.517, data_time: 0.013, memory: 6156, loss_rpn_cls: 0.0070, loss_rpn_bbox: 0.0015, loss_cls: 0.0515, acc: 98.0107, loss_bbox: 0.0344, loss: 0.0944, grad_norm: 0.9289
2026-05-11 13:50:30,022 - mmdet - INFO - Epoch [242][150/186]	lr: 1.850e-03, eta: 1:19:07, time: 0.524, data_time: 0.015, memory: 6156, loss_rpn_cls: 0.0099, loss_rpn_bbox: 0.0022, loss_cls: 0.0643, acc: 97.5273, loss_bbox: 0.0456, loss: 0.1220, grad_norm: 0.9456
2026-05-11 13:51:18,543 - mmdet - INFO - Epoch [243][50/186]	lr: 1.789e-03, eta: 1:18:27, time: 0.591, data_time: 0.083, memory: 6156, loss_rpn_cls: 0.0097, loss_rpn_bbox: 0.0016, loss_cls: 0.0535, acc: 97.9891, loss_bbox: 0.0332, loss: 0.0980, grad_norm: 1.0351
2026-05-11 13:51:44,596 - mmdet - INFO - Epoch [243][100/186]	lr: 1.789e-03, eta: 1:18:06, time: 0.523, data_time: 0.015, memory: 6156, loss_rpn_cls: 0.0112, loss_rpn_bbox: 0.0022, loss_cls: 0.0627, acc: 97.6270, loss_bbox: 0.0416, loss: 0.1176, grad_norm: 1.0509
2026-05-11 13:52:10,617 - mmdet - INFO - Epoch [243][150/186]	lr: 1.789e-03, eta: 1:17:45, time: 0.518, data_time: 0.013, memory: 6156, loss_rpn_cls: 0.0143, loss_rpn_bbox: 0.0018, loss_cls: 0.0567, acc: 97.8486, loss_bbox: 0.0351, loss: 0.1080, grad_norm: 1.0275
2026-05-11 13:52:59,128 - mmdet - INFO - Epoch [244][50/186]	lr: 1.730e-03, eta: 1:17:05, time: 0.595, data_time: 0.083, memory: 6156, loss_rpn_cls: 0.0113, loss_rpn_bbox: 0.0020, loss_cls: 0.0625, acc: 97.5654, loss_bbox: 0.0458, loss: 0.1215, grad_norm: 1.0756
2026-05-11 13:53:25,005 - mmdet - INFO - Epoch [244][100/186]	lr: 1.730e-03, eta: 1:16:44, time: 0.516, data_time: 0.013, memory: 6156, loss_rpn_cls: 0.0071, loss_rpn_bbox: 0.0015, loss_cls: 0.0509, acc: 98.0947, loss_bbox: 0.0319, loss: 0.0914, grad_norm: 0.9686
2026-05-11 13:53:51,057 - mmdet - INFO - Epoch [244][150/186]	lr: 1.730e-03, eta: 1:16:23, time: 0.523, data_time: 0.015, memory: 6156, loss_rpn_cls: 0.0089, loss_rpn_bbox: 0.0017, loss_cls: 0.0517, acc: 98.0371, loss_bbox: 0.0315, loss: 0.0939, grad_norm: 0.9521
2026-05-11 13:54:39,472 - mmdet - INFO - Epoch [245][50/186]	lr: 1.672e-03, eta: 1:15:44, time: 0.589, data_time: 0.082, memory: 6156, loss_rpn_cls: 0.0119, loss_rpn_bbox: 0.0016, loss_cls: 0.0548, acc: 97.9336, loss_bbox: 0.0342, loss: 0.1024, grad_norm: 1.0334
2026-05-11 13:55:05,440 - mmdet - INFO - Epoch [245][100/186]	lr: 1.672e-03, eta: 1:15:23, time: 0.521, data_time: 0.015, memory: 6156, loss_rpn_cls: 0.0056, loss_rpn_bbox: 0.0014, loss_cls: 0.0479, acc: 98.2158, loss_bbox: 0.0313, loss: 0.0861, grad_norm: 0.9317
2026-05-11 13:55:31,484 - mmdet - INFO - Epoch [245][150/186]	lr: 1.672e-03, eta: 1:15:02, time: 0.519, data_time: 0.013, memory: 6156, loss_rpn_cls: 0.0117, loss_rpn_bbox: 0.0020, loss_cls: 0.0648, acc: 97.5166, loss_bbox: 0.0427, loss: 0.1212, grad_norm: 0.9729
2026-05-11 13:56:20,026 - mmdet - INFO - Epoch [246][50/186]	lr: 1.614e-03, eta: 1:14:22, time: 0.595, data_time: 0.082, memory: 6156, loss_rpn_cls: 0.0077, loss_rpn_bbox: 0.0017, loss_cls: 0.0600, acc: 97.7344, loss_bbox: 0.0415, loss: 0.1109, grad_norm: 0.8892
2026-05-11 13:56:46,012 - mmdet - INFO - Epoch [246][100/186]	lr: 1.614e-03, eta: 1:14:01, time: 0.518, data_time: 0.013, memory: 6156, loss_rpn_cls: 0.0111, loss_rpn_bbox: 0.0017, loss_cls: 0.0534, acc: 97.9844, loss_bbox: 0.0347, loss: 0.1007, grad_norm: 0.9380
2026-05-11 13:57:12,128 - mmdet - INFO - Epoch [246][150/186]	lr: 1.614e-03, eta: 1:13:40, time: 0.524, data_time: 0.015, memory: 6156, loss_rpn_cls: 0.0095, loss_rpn_bbox: 0.0018, loss_cls: 0.0625, acc: 97.6514, loss_bbox: 0.0425, loss: 0.1164, grad_norm: 0.9874
2026-05-11 13:58:00,507 - mmdet - INFO - Epoch [247][50/186]	lr: 1.558e-03, eta: 1:13:01, time: 0.590, data_time: 0.082, memory: 6156, loss_rpn_cls: 0.0102, loss_rpn_bbox: 0.0021, loss_cls: 0.0701, acc: 97.3428, loss_bbox: 0.0476, loss: 0.1300, grad_norm: 1.0848
2026-05-11 13:58:26,502 - mmdet - INFO - Epoch [247][100/186]	lr: 1.558e-03, eta: 1:12:40, time: 0.522, data_time: 0.015, memory: 6156, loss_rpn_cls: 0.0127, loss_rpn_bbox: 0.0016, loss_cls: 0.0560, acc: 97.9677, loss_bbox: 0.0334, loss: 0.1037, grad_norm: 1.0492
2026-05-11 13:58:52,502 - mmdet - INFO - Epoch [247][150/186]	lr: 1.558e-03, eta: 1:12:19, time: 0.518, data_time: 0.013, memory: 6156, loss_rpn_cls: 0.0113, loss_rpn_bbox: 0.0019, loss_cls: 0.0603, acc: 97.7422, loss_bbox: 0.0402, loss: 0.1138, grad_norm: 1.0337
2026-05-11 13:59:41,007 - mmdet - INFO - Epoch [248][50/186]	lr: 1.502e-03, eta: 1:11:39, time: 0.594, data_time: 0.083, memory: 6156, loss_rpn_cls: 0.0106, loss_rpn_bbox: 0.0024, loss_cls: 0.0664, acc: 97.4756, loss_bbox: 0.0449, loss: 0.1242, grad_norm: 1.0237
2026-05-11 14:00:06,854 - mmdet - INFO - Epoch [248][100/186]	lr: 1.502e-03, eta: 1:11:18, time: 0.515, data_time: 0.013, memory: 6156, loss_rpn_cls: 0.0119, loss_rpn_bbox: 0.0017, loss_cls: 0.0576, acc: 97.8134, loss_bbox: 0.0378, loss: 0.1090, grad_norm: 1.1393
2026-05-11 14:00:32,948 - mmdet - INFO - Epoch [248][150/186]	lr: 1.502e-03, eta: 1:10:57, time: 0.524, data_time: 0.015, memory: 6156, loss_rpn_cls: 0.0098, loss_rpn_bbox: 0.0023, loss_cls: 0.0690, acc: 97.3821, loss_bbox: 0.0469, loss: 0.1280, grad_norm: 1.0972
2026-05-11 14:01:21,431 - mmdet - INFO - Epoch [249][50/186]	lr: 1.447e-03, eta: 1:10:18, time: 0.591, data_time: 0.082, memory: 6156, loss_rpn_cls: 0.0109, loss_rpn_bbox: 0.0018, loss_cls: 0.0595, acc: 97.7158, loss_bbox: 0.0392, loss: 0.1113, grad_norm: 0.9969
2026-05-11 14:01:47,429 - mmdet - INFO - Epoch [249][100/186]	lr: 1.447e-03, eta: 1:09:57, time: 0.522, data_time: 0.015, memory: 6156, loss_rpn_cls: 0.0089, loss_rpn_bbox: 0.0016, loss_cls: 0.0511, acc: 98.0938, loss_bbox: 0.0332, loss: 0.0947, grad_norm: 0.9196
2026-05-11 14:02:13,439 - mmdet - INFO - Epoch [249][150/186]	lr: 1.447e-03, eta: 1:09:36, time: 0.518, data_time: 0.013, memory: 6156, loss_rpn_cls: 0.0135, loss_rpn_bbox: 0.0018, loss_cls: 0.0663, acc: 97.5225, loss_bbox: 0.0432, loss: 0.1248, grad_norm: 0.9595
2026-05-11 14:03:01,910 - mmdet - INFO - Epoch [250][50/186]	lr: 1.394e-03, eta: 1:08:56, time: 0.594, data_time: 0.084, memory: 6156, loss_rpn_cls: 0.0112, loss_rpn_bbox: 0.0018, loss_cls: 0.0634, acc: 97.5566, loss_bbox: 0.0431, loss: 0.1196, grad_norm: 0.9594
2026-05-11 14:03:27,827 - mmdet - INFO - Epoch [250][100/186]	lr: 1.394e-03, eta: 1:08:35, time: 0.516, data_time: 0.013, memory: 6156, loss_rpn_cls: 0.0086, loss_rpn_bbox: 0.0015, loss_cls: 0.0484, acc: 98.2031, loss_bbox: 0.0325, loss: 0.0910, grad_norm: 0.8854
2026-05-11 14:03:53,840 - mmdet - INFO - Epoch [250][150/186]	lr: 1.394e-03, eta: 1:08:14, time: 0.522, data_time: 0.015, memory: 6156, loss_rpn_cls: 0.0100, loss_rpn_bbox: 0.0018, loss_cls: 0.0531, acc: 97.9990, loss_bbox: 0.0341, loss: 0.0990, grad_norm: 0.9121
2026-05-11 14:04:12,763 - mmdet - INFO - Saving checkpoint at 250 epochs
2026-05-11 14:04:48,368 - mmdet - INFO - Evaluating bbox...
2026-05-11 14:04:51,328 - mmdet - INFO - 
 Average Precision  (AP) @[ IoU=0.50:0.95 | area=   all | maxDets=100 ] = 0.309
 Average Precision  (AP) @[ IoU=0.50      | area=   all | maxDets=1000 ] = 0.712
 Average Precision  (AP) @[ IoU=0.75      | area=   all | maxDets=1000 ] = 0.214
 Average Precision  (AP) @[ IoU=0.50:0.95 | area= small | maxDets=1000 ] = 0.000
 Average Precision  (AP) @[ IoU=0.50:0.95 | area=medium | maxDets=1000 ] = 0.259
 Average Precision  (AP) @[ IoU=0.50:0.95 | area= large | maxDets=1000 ] = 0.402
 Average Recall     (AR) @[ IoU=0.50:0.95 | area=   all | maxDets=100 ] = 0.416
 Average Recall     (AR) @[ IoU=0.50:0.95 | area=   all | maxDets=300 ] = 0.416
 Average Recall     (AR) @[ IoU=0.50:0.95 | area=   all | maxDets=1000 ] = 0.416
 Average Recall     (AR) @[ IoU=0.50:0.95 | area= small | maxDets=1000 ] = 0.000
 Average Recall     (AR) @[ IoU=0.50:0.95 | area=medium | maxDets=1000 ] = 0.372
 Average Recall     (AR) @[ IoU=0.50:0.95 | area= large | maxDets=1000 ] = 0.509

2026-05-11 14:04:51,334 - mmdet - INFO - Exp name: fold_2_r50_300e_hbb.py
2026-05-11 14:04:51,334 - mmdet - INFO - Epoch(val) [250][371]	bbox_mAP: 0.3090, bbox_mAP_50: 0.7120, bbox_mAP_75: 0.2140, bbox_mAP_s: 0.0000, bbox_mAP_m: 0.2590, bbox_mAP_l: 0.4020, bbox_mAP_copypaste: 0.309 0.712 0.214 0.000 0.259 0.402
2026-05-11 14:05:21,051 - mmdet - INFO - Epoch [251][50/186]	lr: 1.341e-03, eta: 1:07:35, time: 0.592, data_time: 0.084, memory: 6156, loss_rpn_cls: 0.0076, loss_rpn_bbox: 0.0017, loss_cls: 0.0538, acc: 97.9590, loss_bbox: 0.0369, loss: 0.1000, grad_norm: 0.9103
2026-05-11 14:05:46,925 - mmdet - INFO - Epoch [251][100/186]	lr: 1.341e-03, eta: 1:07:14, time: 0.519, data_time: 0.015, memory: 6156, loss_rpn_cls: 0.0079, loss_rpn_bbox: 0.0017, loss_cls: 0.0561, acc: 97.8574, loss_bbox: 0.0379, loss: 0.1037, grad_norm: 0.9588
2026-05-11 14:06:12,890 - mmdet - INFO - Epoch [251][150/186]	lr: 1.341e-03, eta: 1:06:52, time: 0.517, data_time: 0.013, memory: 6156, loss_rpn_cls: 0.0071, loss_rpn_bbox: 0.0016, loss_cls: 0.0573, acc: 97.8584, loss_bbox: 0.0360, loss: 0.1020, grad_norm: 0.9641
2026-05-11 14:07:01,282 - mmdet - INFO - Epoch [252][50/186]	lr: 1.289e-03, eta: 1:06:13, time: 0.593, data_time: 0.083, memory: 6156, loss_rpn_cls: 0.0081, loss_rpn_bbox: 0.0017, loss_cls: 0.0533, acc: 97.9766, loss_bbox: 0.0370, loss: 0.1000, grad_norm: 0.9882
2026-05-11 14:07:27,276 - mmdet - INFO - Epoch [252][100/186]	lr: 1.289e-03, eta: 1:05:52, time: 0.518, data_time: 0.013, memory: 6156, loss_rpn_cls: 0.0082, loss_rpn_bbox: 0.0019, loss_cls: 0.0579, acc: 97.8701, loss_bbox: 0.0384, loss: 0.1064, grad_norm: 0.9712
2026-05-11 14:07:53,356 - mmdet - INFO - Epoch [252][150/186]	lr: 1.289e-03, eta: 1:05:31, time: 0.524, data_time: 0.015, memory: 6156, loss_rpn_cls: 0.0134, loss_rpn_bbox: 0.0022, loss_cls: 0.0650, acc: 97.5381, loss_bbox: 0.0441, loss: 0.1248, grad_norm: 1.0135
2026-05-11 14:08:41,819 - mmdet - INFO - Epoch [253][50/186]	lr: 1.238e-03, eta: 1:04:52, time: 0.592, data_time: 0.083, memory: 6156, loss_rpn_cls: 0.0117, loss_rpn_bbox: 0.0022, loss_cls: 0.0674, acc: 97.3574, loss_bbox: 0.0452, loss: 0.1264, grad_norm: 1.0340
2026-05-11 14:09:07,760 - mmdet - INFO - Epoch [253][100/186]	lr: 1.238e-03, eta: 1:04:31, time: 0.521, data_time: 0.015, memory: 6156, loss_rpn_cls: 0.0082, loss_rpn_bbox: 0.0017, loss_cls: 0.0497, acc: 98.0537, loss_bbox: 0.0344, loss: 0.0939, grad_norm: 0.9789
2026-05-11 14:09:33,741 - mmdet - INFO - Epoch [253][150/186]	lr: 1.238e-03, eta: 1:04:09, time: 0.518, data_time: 0.013, memory: 6156, loss_rpn_cls: 0.0104, loss_rpn_bbox: 0.0019, loss_cls: 0.0599, acc: 97.6666, loss_bbox: 0.0394, loss: 0.1116, grad_norm: 1.0093
2026-05-11 14:10:22,253 - mmdet - INFO - Epoch [254][50/186]	lr: 1.188e-03, eta: 1:03:30, time: 0.595, data_time: 0.083, memory: 6156, loss_rpn_cls: 0.0094, loss_rpn_bbox: 0.0017, loss_cls: 0.0500, acc: 98.1543, loss_bbox: 0.0336, loss: 0.0947, grad_norm: 0.9623
2026-05-11 14:10:48,147 - mmdet - INFO - Epoch [254][100/186]	lr: 1.188e-03, eta: 1:03:09, time: 0.516, data_time: 0.013, memory: 6156, loss_rpn_cls: 0.0094, loss_rpn_bbox: 0.0019, loss_cls: 0.0557, acc: 97.8730, loss_bbox: 0.0381, loss: 0.1051, grad_norm: 0.9540
2026-05-11 14:11:14,264 - mmdet - INFO - Epoch [254][150/186]	lr: 1.188e-03, eta: 1:02:48, time: 0.524, data_time: 0.015, memory: 6156, loss_rpn_cls: 0.0119, loss_rpn_bbox: 0.0021, loss_cls: 0.0660, acc: 97.4375, loss_bbox: 0.0456, loss: 0.1257, grad_norm: 1.0052
2026-05-11 14:12:02,744 - mmdet - INFO - Epoch [255][50/186]	lr: 1.139e-03, eta: 1:02:09, time: 0.591, data_time: 0.082, memory: 6156, loss_rpn_cls: 0.0129, loss_rpn_bbox: 0.0021, loss_cls: 0.0589, acc: 97.7510, loss_bbox: 0.0410, loss: 0.1149, grad_norm: 1.1223
2026-05-11 14:12:28,771 - mmdet - INFO - Epoch [255][100/186]	lr: 1.139e-03, eta: 1:01:47, time: 0.522, data_time: 0.015, memory: 6156, loss_rpn_cls: 0.0083, loss_rpn_bbox: 0.0016, loss_cls: 0.0556, acc: 97.9443, loss_bbox: 0.0374, loss: 0.1029, grad_norm: 1.0204
2026-05-11 14:12:54,876 - mmdet - INFO - Epoch [255][150/186]	lr: 1.139e-03, eta: 1:01:26, time: 0.520, data_time: 0.013, memory: 6156, loss_rpn_cls: 0.0082, loss_rpn_bbox: 0.0018, loss_cls: 0.0536, acc: 97.9883, loss_bbox: 0.0338, loss: 0.0973, grad_norm: 0.9958
2026-05-11 14:13:43,397 - mmdet - INFO - Epoch [256][50/186]	lr: 1.091e-03, eta: 1:00:47, time: 0.595, data_time: 0.083, memory: 6156, loss_rpn_cls: 0.0111, loss_rpn_bbox: 0.0018, loss_cls: 0.0617, acc: 97.6562, loss_bbox: 0.0439, loss: 0.1185, grad_norm: 1.0467
2026-05-11 14:14:09,294 - mmdet - INFO - Epoch [256][100/186]	lr: 1.091e-03, eta: 1:00:26, time: 0.516, data_time: 0.013, memory: 6156, loss_rpn_cls: 0.0066, loss_rpn_bbox: 0.0014, loss_cls: 0.0510, acc: 98.1016, loss_bbox: 0.0325, loss: 0.0915, grad_norm: 0.9447
2026-05-11 14:14:35,298 - mmdet - INFO - Epoch [256][150/186]	lr: 1.091e-03, eta: 1:00:05, time: 0.522, data_time: 0.015, memory: 6156, loss_rpn_cls: 0.0135, loss_rpn_bbox: 0.0020, loss_cls: 0.0598, acc: 97.6807, loss_bbox: 0.0399, loss: 0.1152, grad_norm: 0.9884
2026-05-11 14:15:23,770 - mmdet - INFO - Epoch [257][50/186]	lr: 1.044e-03, eta: 0:59:26, time: 0.591, data_time: 0.083, memory: 6156, loss_rpn_cls: 0.0104, loss_rpn_bbox: 0.0018, loss_cls: 0.0567, acc: 97.8652, loss_bbox: 0.0362, loss: 0.1051, grad_norm: 1.0427
2026-05-11 14:15:49,726 - mmdet - INFO - Epoch [257][100/186]	lr: 1.044e-03, eta: 0:59:04, time: 0.521, data_time: 0.015, memory: 6156, loss_rpn_cls: 0.0078, loss_rpn_bbox: 0.0014, loss_cls: 0.0502, acc: 98.0879, loss_bbox: 0.0331, loss: 0.0924, grad_norm: 0.9990
2026-05-11 14:16:15,840 - mmdet - INFO - Epoch [257][150/186]	lr: 1.044e-03, eta: 0:58:43, time: 0.520, data_time: 0.013, memory: 6156, loss_rpn_cls: 0.0091, loss_rpn_bbox: 0.0020, loss_cls: 0.0534, acc: 97.9785, loss_bbox: 0.0349, loss: 0.0994, grad_norm: 0.9766
2026-05-11 14:17:04,304 - mmdet - INFO - Epoch [258][50/186]	lr: 9.978e-04, eta: 0:58:04, time: 0.593, data_time: 0.084, memory: 6156, loss_rpn_cls: 0.0082, loss_rpn_bbox: 0.0014, loss_cls: 0.0462, acc: 98.3164, loss_bbox: 0.0288, loss: 0.0845, grad_norm: 0.9120
2026-05-11 14:17:30,284 - mmdet - INFO - Epoch [258][100/186]	lr: 9.978e-04, eta: 0:57:43, time: 0.518, data_time: 0.013, memory: 6156, loss_rpn_cls: 0.0069, loss_rpn_bbox: 0.0017, loss_cls: 0.0517, acc: 97.9883, loss_bbox: 0.0345, loss: 0.0949, grad_norm: 0.9473
2026-05-11 14:17:56,341 - mmdet - INFO - Epoch [258][150/186]	lr: 9.978e-04, eta: 0:57:22, time: 0.523, data_time: 0.015, memory: 6156, loss_rpn_cls: 0.0129, loss_rpn_bbox: 0.0020, loss_cls: 0.0676, acc: 97.4541, loss_bbox: 0.0451, loss: 0.1276, grad_norm: 1.0116
2026-05-11 14:18:44,797 - mmdet - INFO - Epoch [259][50/186]	lr: 9.527e-04, eta: 0:56:42, time: 0.590, data_time: 0.083, memory: 6156, loss_rpn_cls: 0.0107, loss_rpn_bbox: 0.0017, loss_cls: 0.0523, acc: 98.0078, loss_bbox: 0.0348, loss: 0.0995, grad_norm: 0.8331
2026-05-11 14:19:10,755 - mmdet - INFO - Epoch [259][100/186]	lr: 9.527e-04, eta: 0:56:21, time: 0.521, data_time: 0.015, memory: 6156, loss_rpn_cls: 0.0119, loss_rpn_bbox: 0.0019, loss_cls: 0.0555, acc: 97.9219, loss_bbox: 0.0373, loss: 0.1067, grad_norm: 0.9283
2026-05-11 14:19:36,747 - mmdet - INFO - Epoch [259][150/186]	lr: 9.527e-04, eta: 0:56:00, time: 0.518, data_time: 0.013, memory: 6156, loss_rpn_cls: 0.0119, loss_rpn_bbox: 0.0017, loss_cls: 0.0527, acc: 97.9766, loss_bbox: 0.0339, loss: 0.1002, grad_norm: 0.9473
2026-05-11 14:20:25,259 - mmdet - INFO - Epoch [260][50/186]	lr: 9.086e-04, eta: 0:55:21, time: 0.594, data_time: 0.083, memory: 6156, loss_rpn_cls: 0.0094, loss_rpn_bbox: 0.0016, loss_cls: 0.0519, acc: 98.0869, loss_bbox: 0.0344, loss: 0.0972, grad_norm: 0.9794
2026-05-11 14:20:51,171 - mmdet - INFO - Epoch [260][100/186]	lr: 9.086e-04, eta: 0:55:00, time: 0.516, data_time: 0.013, memory: 6156, loss_rpn_cls: 0.0103, loss_rpn_bbox: 0.0017, loss_cls: 0.0559, acc: 97.9268, loss_bbox: 0.0347, loss: 0.1025, grad_norm: 1.0062
2026-05-11 14:21:17,307 - mmdet - INFO - Epoch [260][150/186]	lr: 9.086e-04, eta: 0:54:38, time: 0.525, data_time: 0.015, memory: 6156, loss_rpn_cls: 0.0114, loss_rpn_bbox: 0.0021, loss_cls: 0.0630, acc: 97.5390, loss_bbox: 0.0452, loss: 0.1217, grad_norm: 1.0344
2026-05-11 14:21:36,179 - mmdet - INFO - Saving checkpoint at 260 epochs
2026-05-11 14:22:11,964 - mmdet - INFO - Evaluating bbox...
2026-05-11 14:22:15,032 - mmdet - INFO - 
 Average Precision  (AP) @[ IoU=0.50:0.95 | area=   all | maxDets=100 ] = 0.310
 Average Precision  (AP) @[ IoU=0.50      | area=   all | maxDets=1000 ] = 0.712
 Average Precision  (AP) @[ IoU=0.75      | area=   all | maxDets=1000 ] = 0.213
 Average Precision  (AP) @[ IoU=0.50:0.95 | area= small | maxDets=1000 ] = 0.000
 Average Precision  (AP) @[ IoU=0.50:0.95 | area=medium | maxDets=1000 ] = 0.259
 Average Precision  (AP) @[ IoU=0.50:0.95 | area= large | maxDets=1000 ] = 0.406
 Average Recall     (AR) @[ IoU=0.50:0.95 | area=   all | maxDets=100 ] = 0.416
 Average Recall     (AR) @[ IoU=0.50:0.95 | area=   all | maxDets=300 ] = 0.416
 Average Recall     (AR) @[ IoU=0.50:0.95 | area=   all | maxDets=1000 ] = 0.416
 Average Recall     (AR) @[ IoU=0.50:0.95 | area= small | maxDets=1000 ] = 0.000
 Average Recall     (AR) @[ IoU=0.50:0.95 | area=medium | maxDets=1000 ] = 0.371
 Average Recall     (AR) @[ IoU=0.50:0.95 | area= large | maxDets=1000 ] = 0.511

2026-05-11 14:22:15,037 - mmdet - INFO - Exp name: fold_2_r50_300e_hbb.py
2026-05-11 14:22:15,038 - mmdet - INFO - Epoch(val) [260][371]	bbox_mAP: 0.3100, bbox_mAP_50: 0.7120, bbox_mAP_75: 0.2130, bbox_mAP_s: 0.0000, bbox_mAP_m: 0.2590, bbox_mAP_l: 0.4060, bbox_mAP_copypaste: 0.310 0.712 0.213 0.000 0.259 0.406
2026-05-11 14:22:44,674 - mmdet - INFO - Epoch [261][50/186]	lr: 8.655e-04, eta: 0:53:59, time: 0.591, data_time: 0.083, memory: 6156, loss_rpn_cls: 0.0110, loss_rpn_bbox: 0.0019, loss_cls: 0.0545, acc: 97.9785, loss_bbox: 0.0375, loss: 0.1049, grad_norm: 0.9873
2026-05-11 14:23:10,626 - mmdet - INFO - Epoch [261][100/186]	lr: 8.655e-04, eta: 0:53:38, time: 0.521, data_time: 0.015, memory: 6156, loss_rpn_cls: 0.0139, loss_rpn_bbox: 0.0021, loss_cls: 0.0590, acc: 97.7979, loss_bbox: 0.0384, loss: 0.1134, grad_norm: 0.9943
2026-05-11 14:23:36,510 - mmdet - INFO - Epoch [261][150/186]	lr: 8.655e-04, eta: 0:53:17, time: 0.516, data_time: 0.013, memory: 6156, loss_rpn_cls: 0.0134, loss_rpn_bbox: 0.0020, loss_cls: 0.0616, acc: 97.7070, loss_bbox: 0.0408, loss: 0.1177, grad_norm: 1.0127
2026-05-11 14:24:24,851 - mmdet - INFO - Epoch [262][50/186]	lr: 8.234e-04, eta: 0:52:38, time: 0.592, data_time: 0.082, memory: 6156, loss_rpn_cls: 0.0155, loss_rpn_bbox: 0.0022, loss_cls: 0.0578, acc: 97.8154, loss_bbox: 0.0397, loss: 0.1151, grad_norm: 1.1435
2026-05-11 14:24:50,818 - mmdet - INFO - Epoch [262][100/186]	lr: 8.234e-04, eta: 0:52:17, time: 0.517, data_time: 0.013, memory: 6156, loss_rpn_cls: 0.0075, loss_rpn_bbox: 0.0016, loss_cls: 0.0582, acc: 97.7568, loss_bbox: 0.0400, loss: 0.1072, grad_norm: 1.0493
2026-05-11 14:25:16,914 - mmdet - INFO - Epoch [262][150/186]	lr: 8.234e-04, eta: 0:51:55, time: 0.524, data_time: 0.015, memory: 6156, loss_rpn_cls: 0.0117, loss_rpn_bbox: 0.0018, loss_cls: 0.0603, acc: 97.7998, loss_bbox: 0.0395, loss: 0.1133, grad_norm: 1.0936
2026-05-11 14:26:05,471 - mmdet - INFO - Epoch [263][50/186]	lr: 7.823e-04, eta: 0:51:16, time: 0.593, data_time: 0.083, memory: 6156, loss_rpn_cls: 0.0120, loss_rpn_bbox: 0.0020, loss_cls: 0.0673, acc: 97.4619, loss_bbox: 0.0463, loss: 0.1275, grad_norm: 1.1383
2026-05-11 14:26:31,466 - mmdet - INFO - Epoch [263][100/186]	lr: 7.823e-04, eta: 0:50:55, time: 0.522, data_time: 0.015, memory: 6156, loss_rpn_cls: 0.0125, loss_rpn_bbox: 0.0020, loss_cls: 0.0573, acc: 97.8311, loss_bbox: 0.0401, loss: 0.1119, grad_norm: 1.0391
2026-05-11 14:26:57,423 - mmdet - INFO - Epoch [263][150/186]	lr: 7.823e-04, eta: 0:50:34, time: 0.517, data_time: 0.013, memory: 6156, loss_rpn_cls: 0.0086, loss_rpn_bbox: 0.0016, loss_cls: 0.0560, acc: 97.9521, loss_bbox: 0.0357, loss: 0.1019, grad_norm: 1.0237
2026-05-11 14:27:45,955 - mmdet - INFO - Epoch [264][50/186]	lr: 7.423e-04, eta: 0:49:55, time: 0.596, data_time: 0.084, memory: 6156, loss_rpn_cls: 0.0107, loss_rpn_bbox: 0.0017, loss_cls: 0.0577, acc: 97.8369, loss_bbox: 0.0387, loss: 0.1087, grad_norm: 0.9927
2026-05-11 14:28:11,985 - mmdet - INFO - Epoch [264][100/186]	lr: 7.423e-04, eta: 0:49:33, time: 0.519, data_time: 0.013, memory: 6156, loss_rpn_cls: 0.0104, loss_rpn_bbox: 0.0018, loss_cls: 0.0591, acc: 97.6991, loss_bbox: 0.0405, loss: 0.1118, grad_norm: 1.0044
2026-05-11 14:28:37,983 - mmdet - INFO - Epoch [264][150/186]	lr: 7.423e-04, eta: 0:49:12, time: 0.522, data_time: 0.015, memory: 6156, loss_rpn_cls: 0.0103, loss_rpn_bbox: 0.0018, loss_cls: 0.0559, acc: 97.8770, loss_bbox: 0.0373, loss: 0.1052, grad_norm: 0.9734
2026-05-11 14:29:26,463 - mmdet - INFO - Epoch [265][50/186]	lr: 7.032e-04, eta: 0:48:33, time: 0.591, data_time: 0.083, memory: 6156, loss_rpn_cls: 0.0097, loss_rpn_bbox: 0.0017, loss_cls: 0.0554, acc: 97.8838, loss_bbox: 0.0371, loss: 0.1039, grad_norm: 0.9120
2026-05-11 14:29:52,380 - mmdet - INFO - Epoch [265][100/186]	lr: 7.032e-04, eta: 0:48:12, time: 0.520, data_time: 0.015, memory: 6156, loss_rpn_cls: 0.0108, loss_rpn_bbox: 0.0019, loss_cls: 0.0622, acc: 97.6932, loss_bbox: 0.0414, loss: 0.1163, grad_norm: 0.9924
2026-05-11 14:30:18,372 - mmdet - INFO - Epoch [265][150/186]	lr: 7.032e-04, eta: 0:47:51, time: 0.518, data_time: 0.013, memory: 6156, loss_rpn_cls: 0.0084, loss_rpn_bbox: 0.0017, loss_cls: 0.0506, acc: 98.0703, loss_bbox: 0.0330, loss: 0.0937, grad_norm: 0.9578
2026-05-11 14:31:06,806 - mmdet - INFO - Epoch [266][50/186]	lr: 6.652e-04, eta: 0:47:12, time: 0.592, data_time: 0.083, memory: 6156, loss_rpn_cls: 0.0078, loss_rpn_bbox: 0.0017, loss_cls: 0.0609, acc: 97.6543, loss_bbox: 0.0429, loss: 0.1133, grad_norm: 0.9989
2026-05-11 14:31:32,702 - mmdet - INFO - Epoch [266][100/186]	lr: 6.652e-04, eta: 0:46:50, time: 0.516, data_time: 0.013, memory: 6156, loss_rpn_cls: 0.0150, loss_rpn_bbox: 0.0018, loss_cls: 0.0563, acc: 97.9541, loss_bbox: 0.0394, loss: 0.1126, grad_norm: 1.0354
2026-05-11 14:31:58,812 - mmdet - INFO - Epoch [266][150/186]	lr: 6.652e-04, eta: 0:46:29, time: 0.524, data_time: 0.015, memory: 6156, loss_rpn_cls: 0.0118, loss_rpn_bbox: 0.0019, loss_cls: 0.0589, acc: 97.7217, loss_bbox: 0.0396, loss: 0.1122, grad_norm: 1.0559
2026-05-11 14:32:47,309 - mmdet - INFO - Epoch [267][50/186]	lr: 6.281e-04, eta: 0:45:50, time: 0.591, data_time: 0.083, memory: 6156, loss_rpn_cls: 0.0115, loss_rpn_bbox: 0.0019, loss_cls: 0.0634, acc: 97.6162, loss_bbox: 0.0444, loss: 0.1212, grad_norm: 1.1358
2026-05-11 14:33:13,229 - mmdet - INFO - Epoch [267][100/186]	lr: 6.281e-04, eta: 0:45:29, time: 0.520, data_time: 0.015, memory: 6156, loss_rpn_cls: 0.0099, loss_rpn_bbox: 0.0017, loss_cls: 0.0536, acc: 97.9757, loss_bbox: 0.0343, loss: 0.0995, grad_norm: 1.0586
2026-05-11 14:33:39,233 - mmdet - INFO - Epoch [267][150/186]	lr: 6.281e-04, eta: 0:45:07, time: 0.518, data_time: 0.013, memory: 6156, loss_rpn_cls: 0.0105, loss_rpn_bbox: 0.0020, loss_cls: 0.0605, acc: 97.7295, loss_bbox: 0.0399, loss: 0.1129, grad_norm: 1.0355
2026-05-11 14:34:27,649 - mmdet - INFO - Epoch [268][50/186]	lr: 5.922e-04, eta: 0:44:29, time: 0.593, data_time: 0.082, memory: 6156, loss_rpn_cls: 0.0125, loss_rpn_bbox: 0.0015, loss_cls: 0.0614, acc: 97.6396, loss_bbox: 0.0422, loss: 0.1176, grad_norm: 1.0586
2026-05-11 14:34:53,619 - mmdet - INFO - Epoch [268][100/186]	lr: 5.922e-04, eta: 0:44:07, time: 0.517, data_time: 0.013, memory: 6156, loss_rpn_cls: 0.0082, loss_rpn_bbox: 0.0014, loss_cls: 0.0530, acc: 97.9902, loss_bbox: 0.0361, loss: 0.0988, grad_norm: 1.0568
2026-05-11 14:35:19,741 - mmdet - INFO - Epoch [268][150/186]	lr: 5.922e-04, eta: 0:43:46, time: 0.524, data_time: 0.015, memory: 6156, loss_rpn_cls: 0.0065, loss_rpn_bbox: 0.0017, loss_cls: 0.0529, acc: 97.9873, loss_bbox: 0.0364, loss: 0.0974, grad_norm: 0.9912
2026-05-11 14:36:08,277 - mmdet - INFO - Epoch [269][50/186]	lr: 5.572e-04, eta: 0:43:07, time: 0.591, data_time: 0.083, memory: 6156, loss_rpn_cls: 0.0100, loss_rpn_bbox: 0.0021, loss_cls: 0.0626, acc: 97.6875, loss_bbox: 0.0407, loss: 0.1154, grad_norm: 1.0541
2026-05-11 14:36:34,261 - mmdet - INFO - Epoch [269][100/186]	lr: 5.572e-04, eta: 0:42:46, time: 0.522, data_time: 0.015, memory: 6156, loss_rpn_cls: 0.0112, loss_rpn_bbox: 0.0018, loss_cls: 0.0524, acc: 98.0479, loss_bbox: 0.0370, loss: 0.1023, grad_norm: 0.9781
2026-05-11 14:37:00,207 - mmdet - INFO - Epoch [269][150/186]	lr: 5.572e-04, eta: 0:42:24, time: 0.517, data_time: 0.013, memory: 6156, loss_rpn_cls: 0.0091, loss_rpn_bbox: 0.0016, loss_cls: 0.0517, acc: 98.1582, loss_bbox: 0.0321, loss: 0.0946, grad_norm: 0.9734
2026-05-11 14:37:48,710 - mmdet - INFO - Epoch [270][50/186]	lr: 5.233e-04, eta: 0:41:46, time: 0.594, data_time: 0.083, memory: 6156, loss_rpn_cls: 0.0130, loss_rpn_bbox: 0.0023, loss_cls: 0.0707, acc: 97.3262, loss_bbox: 0.0500, loss: 0.1360, grad_norm: 1.1187
2026-05-11 14:38:14,687 - mmdet - INFO - Epoch [270][100/186]	lr: 5.233e-04, eta: 0:41:24, time: 0.518, data_time: 0.013, memory: 6156, loss_rpn_cls: 0.0118, loss_rpn_bbox: 0.0016, loss_cls: 0.0517, acc: 98.0830, loss_bbox: 0.0325, loss: 0.0976, grad_norm: 1.0329
2026-05-11 14:38:40,651 - mmdet - INFO - Epoch [270][150/186]	lr: 5.233e-04, eta: 0:41:03, time: 0.521, data_time: 0.015, memory: 6156, loss_rpn_cls: 0.0079, loss_rpn_bbox: 0.0018, loss_cls: 0.0519, acc: 98.0859, loss_bbox: 0.0333, loss: 0.0949, grad_norm: 0.9754
2026-05-11 14:38:59,433 - mmdet - INFO - Saving checkpoint at 270 epochs
2026-05-11 14:39:35,119 - mmdet - INFO - Evaluating bbox...
2026-05-11 14:39:38,044 - mmdet - INFO - 
 Average Precision  (AP) @[ IoU=0.50:0.95 | area=   all | maxDets=100 ] = 0.308
 Average Precision  (AP) @[ IoU=0.50      | area=   all | maxDets=1000 ] = 0.709
 Average Precision  (AP) @[ IoU=0.75      | area=   all | maxDets=1000 ] = 0.207
 Average Precision  (AP) @[ IoU=0.50:0.95 | area= small | maxDets=1000 ] = 0.000
 Average Precision  (AP) @[ IoU=0.50:0.95 | area=medium | maxDets=1000 ] = 0.257
 Average Precision  (AP) @[ IoU=0.50:0.95 | area= large | maxDets=1000 ] = 0.404
 Average Recall     (AR) @[ IoU=0.50:0.95 | area=   all | maxDets=100 ] = 0.415
 Average Recall     (AR) @[ IoU=0.50:0.95 | area=   all | maxDets=300 ] = 0.415
 Average Recall     (AR) @[ IoU=0.50:0.95 | area=   all | maxDets=1000 ] = 0.415
 Average Recall     (AR) @[ IoU=0.50:0.95 | area= small | maxDets=1000 ] = 0.000
 Average Recall     (AR) @[ IoU=0.50:0.95 | area=medium | maxDets=1000 ] = 0.368
 Average Recall     (AR) @[ IoU=0.50:0.95 | area= large | maxDets=1000 ] = 0.513

2026-05-11 14:39:38,050 - mmdet - INFO - Exp name: fold_2_r50_300e_hbb.py
2026-05-11 14:39:38,050 - mmdet - INFO - Epoch(val) [270][371]	bbox_mAP: 0.3080, bbox_mAP_50: 0.7090, bbox_mAP_75: 0.2070, bbox_mAP_s: 0.0000, bbox_mAP_m: 0.2570, bbox_mAP_l: 0.4040, bbox_mAP_copypaste: 0.308 0.709 0.207 0.000 0.257 0.404
2026-05-11 14:40:07,713 - mmdet - INFO - Epoch [271][50/186]	lr: 4.904e-04, eta: 0:40:24, time: 0.591, data_time: 0.083, memory: 6156, loss_rpn_cls: 0.0080, loss_rpn_bbox: 0.0016, loss_cls: 0.0552, acc: 97.8936, loss_bbox: 0.0401, loss: 0.1049, grad_norm: 0.9090
2026-05-11 14:40:33,678 - mmdet - INFO - Epoch [271][100/186]	lr: 4.904e-04, eta: 0:40:03, time: 0.521, data_time: 0.015, memory: 6156, loss_rpn_cls: 0.0105, loss_rpn_bbox: 0.0015, loss_cls: 0.0507, acc: 98.1602, loss_bbox: 0.0297, loss: 0.0924, grad_norm: 0.9386
2026-05-11 14:40:59,726 - mmdet - INFO - Epoch [271][150/186]	lr: 4.904e-04, eta: 0:39:41, time: 0.519, data_time: 0.013, memory: 6156, loss_rpn_cls: 0.0073, loss_rpn_bbox: 0.0017, loss_cls: 0.0493, acc: 98.1416, loss_bbox: 0.0320, loss: 0.0903, grad_norm: 0.8997
2026-05-11 14:41:48,145 - mmdet - INFO - Epoch [272][50/186]	lr: 4.586e-04, eta: 0:39:02, time: 0.593, data_time: 0.083, memory: 6156, loss_rpn_cls: 0.0083, loss_rpn_bbox: 0.0017, loss_cls: 0.0566, acc: 97.9209, loss_bbox: 0.0380, loss: 0.1046, grad_norm: 0.9609
2026-05-11 14:42:14,128 - mmdet - INFO - Epoch [272][100/186]	lr: 4.586e-04, eta: 0:38:41, time: 0.518, data_time: 0.013, memory: 6156, loss_rpn_cls: 0.0117, loss_rpn_bbox: 0.0019, loss_cls: 0.0655, acc: 97.5693, loss_bbox: 0.0455, loss: 0.1247, grad_norm: 1.0528
2026-05-11 14:42:40,180 - mmdet - INFO - Epoch [272][150/186]	lr: 4.586e-04, eta: 0:38:19, time: 0.523, data_time: 0.015, memory: 6156, loss_rpn_cls: 0.0072, loss_rpn_bbox: 0.0016, loss_cls: 0.0509, acc: 98.1240, loss_bbox: 0.0330, loss: 0.0927, grad_norm: 1.0172
2026-05-11 14:43:28,689 - mmdet - INFO - Epoch [273][50/186]	lr: 4.278e-04, eta: 0:37:41, time: 0.591, data_time: 0.083, memory: 6156, loss_rpn_cls: 0.0120, loss_rpn_bbox: 0.0016, loss_cls: 0.0537, acc: 98.0381, loss_bbox: 0.0358, loss: 0.1031, grad_norm: 0.9049
2026-05-11 14:43:54,704 - mmdet - INFO - Epoch [273][100/186]	lr: 4.278e-04, eta: 0:37:19, time: 0.522, data_time: 0.015, memory: 6156, loss_rpn_cls: 0.0095, loss_rpn_bbox: 0.0018, loss_cls: 0.0481, acc: 98.2021, loss_bbox: 0.0330, loss: 0.0924, grad_norm: 0.8980
2026-05-11 14:44:20,757 - mmdet - INFO - Epoch [273][150/186]	lr: 4.278e-04, eta: 0:36:58, time: 0.519, data_time: 0.013, memory: 6156, loss_rpn_cls: 0.0127, loss_rpn_bbox: 0.0021, loss_cls: 0.0635, acc: 97.5381, loss_bbox: 0.0444, loss: 0.1228, grad_norm: 0.9616
2026-05-11 14:45:09,121 - mmdet - INFO - Epoch [274][50/186]	lr: 3.980e-04, eta: 0:36:19, time: 0.592, data_time: 0.083, memory: 6156, loss_rpn_cls: 0.0119, loss_rpn_bbox: 0.0016, loss_cls: 0.0498, acc: 98.1592, loss_bbox: 0.0296, loss: 0.0929, grad_norm: 0.9228
2026-05-11 14:45:35,073 - mmdet - INFO - Epoch [274][100/186]	lr: 3.980e-04, eta: 0:35:58, time: 0.517, data_time: 0.013, memory: 6156, loss_rpn_cls: 0.0088, loss_rpn_bbox: 0.0016, loss_cls: 0.0519, acc: 98.0547, loss_bbox: 0.0361, loss: 0.0984, grad_norm: 0.9140
2026-05-11 14:46:01,192 - mmdet - INFO - Epoch [274][150/186]	lr: 3.980e-04, eta: 0:35:36, time: 0.524, data_time: 0.015, memory: 6156, loss_rpn_cls: 0.0094, loss_rpn_bbox: 0.0018, loss_cls: 0.0617, acc: 97.6338, loss_bbox: 0.0407, loss: 0.1136, grad_norm: 0.9878
2026-05-11 14:46:49,694 - mmdet - INFO - Epoch [275][50/186]	lr: 3.694e-04, eta: 0:34:58, time: 0.591, data_time: 0.083, memory: 6156, loss_rpn_cls: 0.0099, loss_rpn_bbox: 0.0015, loss_cls: 0.0553, acc: 97.9360, loss_bbox: 0.0379, loss: 0.1046, grad_norm: 0.9554
2026-05-11 14:47:15,728 - mmdet - INFO - Epoch [275][100/186]	lr: 3.694e-04, eta: 0:34:36, time: 0.523, data_time: 0.015, memory: 6156, loss_rpn_cls: 0.0100, loss_rpn_bbox: 0.0017, loss_cls: 0.0522, acc: 98.0117, loss_bbox: 0.0346, loss: 0.0985, grad_norm: 0.9337
2026-05-11 14:47:41,743 - mmdet - INFO - Epoch [275][150/186]	lr: 3.694e-04, eta: 0:34:15, time: 0.518, data_time: 0.013, memory: 6156, loss_rpn_cls: 0.0110, loss_rpn_bbox: 0.0020, loss_cls: 0.0558, acc: 97.8721, loss_bbox: 0.0381, loss: 0.1068, grad_norm: 0.9435
2026-05-11 14:48:30,189 - mmdet - INFO - Epoch [276][50/186]	lr: 3.417e-04, eta: 0:33:36, time: 0.594, data_time: 0.084, memory: 6156, loss_rpn_cls: 0.0078, loss_rpn_bbox: 0.0016, loss_cls: 0.0530, acc: 98.0429, loss_bbox: 0.0365, loss: 0.0989, grad_norm: 0.9801
2026-05-11 14:48:56,050 - mmdet - INFO - Epoch [276][100/186]	lr: 3.417e-04, eta: 0:33:15, time: 0.515, data_time: 0.013, memory: 6156, loss_rpn_cls: 0.0099, loss_rpn_bbox: 0.0016, loss_cls: 0.0544, acc: 98.0156, loss_bbox: 0.0366, loss: 0.1026, grad_norm: 0.9469
2026-05-11 14:49:22,047 - mmdet - INFO - Epoch [276][150/186]	lr: 3.417e-04, eta: 0:32:53, time: 0.522, data_time: 0.015, memory: 6156, loss_rpn_cls: 0.0109, loss_rpn_bbox: 0.0018, loss_cls: 0.0548, acc: 97.8916, loss_bbox: 0.0361, loss: 0.1036, grad_norm: 0.9413
2026-05-11 14:50:10,551 - mmdet - INFO - Epoch [277][50/186]	lr: 3.152e-04, eta: 0:32:15, time: 0.591, data_time: 0.083, memory: 6156, loss_rpn_cls: 0.0126, loss_rpn_bbox: 0.0019, loss_cls: 0.0587, acc: 97.6680, loss_bbox: 0.0395, loss: 0.1127, grad_norm: 1.0523
2026-05-11 14:50:36,479 - mmdet - INFO - Epoch [277][100/186]	lr: 3.152e-04, eta: 0:31:53, time: 0.520, data_time: 0.015, memory: 6156, loss_rpn_cls: 0.0116, loss_rpn_bbox: 0.0020, loss_cls: 0.0579, acc: 97.7617, loss_bbox: 0.0415, loss: 0.1130, grad_norm: 1.0644
2026-05-11 14:51:02,440 - mmdet - INFO - Epoch [277][150/186]	lr: 3.152e-04, eta: 0:31:32, time: 0.517, data_time: 0.013, memory: 6156, loss_rpn_cls: 0.0073, loss_rpn_bbox: 0.0018, loss_cls: 0.0580, acc: 97.7939, loss_bbox: 0.0378, loss: 0.1049, grad_norm: 1.0419
2026-05-11 14:51:50,830 - mmdet - INFO - Epoch [278][50/186]	lr: 2.896e-04, eta: 0:30:53, time: 0.592, data_time: 0.084, memory: 6156, loss_rpn_cls: 0.0077, loss_rpn_bbox: 0.0017, loss_cls: 0.0519, acc: 98.0166, loss_bbox: 0.0344, loss: 0.0957, grad_norm: 0.9627
2026-05-11 14:52:16,715 - mmdet - INFO - Epoch [278][100/186]	lr: 2.896e-04, eta: 0:30:32, time: 0.516, data_time: 0.013, memory: 6156, loss_rpn_cls: 0.0061, loss_rpn_bbox: 0.0016, loss_cls: 0.0500, acc: 98.1667, loss_bbox: 0.0307, loss: 0.0884, grad_norm: 0.9498
2026-05-11 14:52:42,749 - mmdet - INFO - Epoch [278][150/186]	lr: 2.896e-04, eta: 0:30:10, time: 0.523, data_time: 0.015, memory: 6156, loss_rpn_cls: 0.0082, loss_rpn_bbox: 0.0016, loss_cls: 0.0498, acc: 98.1543, loss_bbox: 0.0326, loss: 0.0922, grad_norm: 0.9255
2026-05-11 14:53:31,177 - mmdet - INFO - Epoch [279][50/186]	lr: 2.652e-04, eta: 0:29:32, time: 0.590, data_time: 0.083, memory: 6156, loss_rpn_cls: 0.0125, loss_rpn_bbox: 0.0019, loss_cls: 0.0644, acc: 97.6426, loss_bbox: 0.0442, loss: 0.1230, grad_norm: 1.0826
2026-05-11 14:53:57,199 - mmdet - INFO - Epoch [279][100/186]	lr: 2.652e-04, eta: 0:29:10, time: 0.522, data_time: 0.015, memory: 6156, loss_rpn_cls: 0.0080, loss_rpn_bbox: 0.0016, loss_cls: 0.0549, acc: 97.9355, loss_bbox: 0.0372, loss: 0.1017, grad_norm: 1.0159
2026-05-11 14:54:23,239 - mmdet - INFO - Epoch [279][150/186]	lr: 2.652e-04, eta: 0:28:48, time: 0.519, data_time: 0.013, memory: 6156, loss_rpn_cls: 0.0112, loss_rpn_bbox: 0.0021, loss_cls: 0.0604, acc: 97.7578, loss_bbox: 0.0391, loss: 0.1128, grad_norm: 1.0298
2026-05-11 14:55:11,654 - mmdet - INFO - Epoch [280][50/186]	lr: 2.418e-04, eta: 0:28:10, time: 0.594, data_time: 0.083, memory: 6156, loss_rpn_cls: 0.0064, loss_rpn_bbox: 0.0016, loss_cls: 0.0568, acc: 97.8545, loss_bbox: 0.0412, loss: 0.1059, grad_norm: 0.9888
2026-05-11 14:55:37,596 - mmdet - INFO - Epoch [280][100/186]	lr: 2.418e-04, eta: 0:27:48, time: 0.517, data_time: 0.013, memory: 6156, loss_rpn_cls: 0.0087, loss_rpn_bbox: 0.0015, loss_cls: 0.0544, acc: 97.9297, loss_bbox: 0.0367, loss: 0.1014, grad_norm: 0.9823
2026-05-11 14:56:03,620 - mmdet - INFO - Epoch [280][150/186]	lr: 2.418e-04, eta: 0:27:27, time: 0.522, data_time: 0.015, memory: 6156, loss_rpn_cls: 0.0135, loss_rpn_bbox: 0.0019, loss_cls: 0.0612, acc: 97.6738, loss_bbox: 0.0417, loss: 0.1183, grad_norm: 0.9778
2026-05-11 14:56:22,378 - mmdet - INFO - Saving checkpoint at 280 epochs
2026-05-11 14:56:57,815 - mmdet - INFO - Evaluating bbox...
2026-05-11 14:57:00,761 - mmdet - INFO - 
 Average Precision  (AP) @[ IoU=0.50:0.95 | area=   all | maxDets=100 ] = 0.310
 Average Precision  (AP) @[ IoU=0.50      | area=   all | maxDets=1000 ] = 0.711
 Average Precision  (AP) @[ IoU=0.75      | area=   all | maxDets=1000 ] = 0.212
 Average Precision  (AP) @[ IoU=0.50:0.95 | area= small | maxDets=1000 ] = 0.000
 Average Precision  (AP) @[ IoU=0.50:0.95 | area=medium | maxDets=1000 ] = 0.261
 Average Precision  (AP) @[ IoU=0.50:0.95 | area= large | maxDets=1000 ] = 0.402
 Average Recall     (AR) @[ IoU=0.50:0.95 | area=   all | maxDets=100 ] = 0.414
 Average Recall     (AR) @[ IoU=0.50:0.95 | area=   all | maxDets=300 ] = 0.414
 Average Recall     (AR) @[ IoU=0.50:0.95 | area=   all | maxDets=1000 ] = 0.414
 Average Recall     (AR) @[ IoU=0.50:0.95 | area= small | maxDets=1000 ] = 0.000
 Average Recall     (AR) @[ IoU=0.50:0.95 | area=medium | maxDets=1000 ] = 0.370
 Average Recall     (AR) @[ IoU=0.50:0.95 | area= large | maxDets=1000 ] = 0.506

2026-05-11 14:57:00,766 - mmdet - INFO - Exp name: fold_2_r50_300e_hbb.py
2026-05-11 14:57:00,767 - mmdet - INFO - Epoch(val) [280][371]	bbox_mAP: 0.3100, bbox_mAP_50: 0.7110, bbox_mAP_75: 0.2120, bbox_mAP_s: 0.0000, bbox_mAP_m: 0.2610, bbox_mAP_l: 0.4020, bbox_mAP_copypaste: 0.310 0.711 0.212 0.000 0.261 0.402
2026-05-11 14:57:30,363 - mmdet - INFO - Epoch [281][50/186]	lr: 2.195e-04, eta: 0:26:49, time: 0.590, data_time: 0.082, memory: 6156, loss_rpn_cls: 0.0090, loss_rpn_bbox: 0.0019, loss_cls: 0.0554, acc: 97.8604, loss_bbox: 0.0379, loss: 0.1041, grad_norm: 0.9424
2026-05-11 14:57:56,334 - mmdet - INFO - Epoch [281][100/186]	lr: 2.195e-04, eta: 0:26:27, time: 0.521, data_time: 0.015, memory: 6156, loss_rpn_cls: 0.0096, loss_rpn_bbox: 0.0018, loss_cls: 0.0610, acc: 97.6894, loss_bbox: 0.0425, loss: 0.1149, grad_norm: 1.0017
2026-05-11 14:58:22,309 - mmdet - INFO - Epoch [281][150/186]	lr: 2.195e-04, eta: 0:26:05, time: 0.518, data_time: 0.013, memory: 6156, loss_rpn_cls: 0.0114, loss_rpn_bbox: 0.0018, loss_cls: 0.0578, acc: 97.8994, loss_bbox: 0.0379, loss: 0.1089, grad_norm: 0.9982
2026-05-11 14:59:10,746 - mmdet - INFO - Epoch [282][50/186]	lr: 1.983e-04, eta: 0:25:27, time: 0.593, data_time: 0.083, memory: 6156, loss_rpn_cls: 0.0123, loss_rpn_bbox: 0.0017, loss_cls: 0.0503, acc: 98.1963, loss_bbox: 0.0329, loss: 0.0971, grad_norm: 1.1488
2026-05-11 14:59:36,698 - mmdet - INFO - Epoch [282][100/186]	lr: 1.983e-04, eta: 0:25:05, time: 0.517, data_time: 0.013, memory: 6156, loss_rpn_cls: 0.0103, loss_rpn_bbox: 0.0017, loss_cls: 0.0497, acc: 98.1807, loss_bbox: 0.0320, loss: 0.0937, grad_norm: 1.0680
2026-05-11 15:00:02,843 - mmdet - INFO - Epoch [282][150/186]	lr: 1.983e-04, eta: 0:24:44, time: 0.525, data_time: 0.015, memory: 6156, loss_rpn_cls: 0.0081, loss_rpn_bbox: 0.0018, loss_cls: 0.0559, acc: 97.8906, loss_bbox: 0.0337, loss: 0.0994, grad_norm: 1.0281
2026-05-11 15:00:51,258 - mmdet - INFO - Epoch [283][50/186]	lr: 1.781e-04, eta: 0:24:05, time: 0.589, data_time: 0.082, memory: 6156, loss_rpn_cls: 0.0095, loss_rpn_bbox: 0.0016, loss_cls: 0.0532, acc: 98.0420, loss_bbox: 0.0341, loss: 0.0983, grad_norm: 1.0010
2026-05-11 15:01:17,197 - mmdet - INFO - Epoch [283][100/186]	lr: 1.781e-04, eta: 0:23:44, time: 0.521, data_time: 0.015, memory: 6156, loss_rpn_cls: 0.0094, loss_rpn_bbox: 0.0016, loss_cls: 0.0522, acc: 97.9590, loss_bbox: 0.0372, loss: 0.1004, grad_norm: 0.9626
2026-05-11 15:01:43,165 - mmdet - INFO - Epoch [283][150/186]	lr: 1.781e-04, eta: 0:23:22, time: 0.517, data_time: 0.013, memory: 6156, loss_rpn_cls: 0.0100, loss_rpn_bbox: 0.0016, loss_cls: 0.0583, acc: 97.8496, loss_bbox: 0.0377, loss: 0.1076, grad_norm: 0.9926
2026-05-11 15:02:31,684 - mmdet - INFO - Epoch [284][50/186]	lr: 1.590e-04, eta: 0:22:44, time: 0.594, data_time: 0.083, memory: 6156, loss_rpn_cls: 0.0105, loss_rpn_bbox: 0.0016, loss_cls: 0.0485, acc: 98.2236, loss_bbox: 0.0311, loss: 0.0917, grad_norm: 0.9412
2026-05-11 15:02:57,640 - mmdet - INFO - Epoch [284][100/186]	lr: 1.590e-04, eta: 0:22:22, time: 0.517, data_time: 0.013, memory: 6156, loss_rpn_cls: 0.0157, loss_rpn_bbox: 0.0020, loss_cls: 0.0620, acc: 97.6337, loss_bbox: 0.0456, loss: 0.1252, grad_norm: 1.0186
2026-05-11 15:03:23,770 - mmdet - INFO - Epoch [284][150/186]	lr: 1.590e-04, eta: 0:22:01, time: 0.525, data_time: 0.015, memory: 6156, loss_rpn_cls: 0.0125, loss_rpn_bbox: 0.0020, loss_cls: 0.0561, acc: 97.8760, loss_bbox: 0.0364, loss: 0.1071, grad_norm: 0.9968
2026-05-11 15:04:12,434 - mmdet - INFO - Epoch [285][50/186]	lr: 1.410e-04, eta: 0:21:22, time: 0.594, data_time: 0.083, memory: 6156, loss_rpn_cls: 0.0070, loss_rpn_bbox: 0.0016, loss_cls: 0.0511, acc: 98.1064, loss_bbox: 0.0340, loss: 0.0936, grad_norm: 0.9030
2026-05-11 15:04:38,457 - mmdet - INFO - Epoch [285][100/186]	lr: 1.410e-04, eta: 0:21:01, time: 0.522, data_time: 0.015, memory: 6156, loss_rpn_cls: 0.0108, loss_rpn_bbox: 0.0018, loss_cls: 0.0567, acc: 97.8604, loss_bbox: 0.0401, loss: 0.1093, grad_norm: 0.9766
2026-05-11 15:05:04,524 - mmdet - INFO - Epoch [285][150/186]	lr: 1.410e-04, eta: 0:20:39, time: 0.519, data_time: 0.013, memory: 6156, loss_rpn_cls: 0.0120, loss_rpn_bbox: 0.0022, loss_cls: 0.0567, acc: 97.9678, loss_bbox: 0.0372, loss: 0.1081, grad_norm: 0.9878
2026-05-11 15:05:53,083 - mmdet - INFO - Epoch [286][50/186]	lr: 1.241e-04, eta: 0:20:01, time: 0.595, data_time: 0.083, memory: 6156, loss_rpn_cls: 0.0119, loss_rpn_bbox: 0.0019, loss_cls: 0.0631, acc: 97.5947, loss_bbox: 0.0448, loss: 0.1218, grad_norm: 1.0915
2026-05-11 15:06:19,049 - mmdet - INFO - Epoch [286][100/186]	lr: 1.241e-04, eta: 0:19:39, time: 0.517, data_time: 0.013, memory: 6156, loss_rpn_cls: 0.0112, loss_rpn_bbox: 0.0018, loss_cls: 0.0565, acc: 97.7627, loss_bbox: 0.0387, loss: 0.1083, grad_norm: 1.0441
2026-05-11 15:06:45,072 - mmdet - INFO - Epoch [286][150/186]	lr: 1.241e-04, eta: 0:19:17, time: 0.522, data_time: 0.015, memory: 6156, loss_rpn_cls: 0.0060, loss_rpn_bbox: 0.0015, loss_cls: 0.0520, acc: 98.0371, loss_bbox: 0.0358, loss: 0.0953, grad_norm: 1.0076
2026-05-11 15:07:33,568 - mmdet - INFO - Epoch [287][50/186]	lr: 1.083e-04, eta: 0:18:39, time: 0.592, data_time: 0.083, memory: 6156, loss_rpn_cls: 0.0083, loss_rpn_bbox: 0.0017, loss_cls: 0.0590, acc: 97.7910, loss_bbox: 0.0384, loss: 0.1075, grad_norm: 0.9684
2026-05-11 15:07:59,571 - mmdet - INFO - Epoch [287][100/186]	lr: 1.083e-04, eta: 0:18:18, time: 0.522, data_time: 0.015, memory: 6156, loss_rpn_cls: 0.0106, loss_rpn_bbox: 0.0014, loss_cls: 0.0541, acc: 98.0156, loss_bbox: 0.0342, loss: 0.1004, grad_norm: 1.0504
2026-05-11 15:08:25,544 - mmdet - INFO - Epoch [287][150/186]	lr: 1.083e-04, eta: 0:17:56, time: 0.518, data_time: 0.013, memory: 6156, loss_rpn_cls: 0.0119, loss_rpn_bbox: 0.0018, loss_cls: 0.0554, acc: 97.9727, loss_bbox: 0.0388, loss: 0.1080, grad_norm: 1.0353
2026-05-11 15:09:14,031 - mmdet - INFO - Epoch [288][50/186]	lr: 9.352e-05, eta: 0:17:18, time: 0.595, data_time: 0.083, memory: 6156, loss_rpn_cls: 0.0089, loss_rpn_bbox: 0.0018, loss_cls: 0.0571, acc: 97.7793, loss_bbox: 0.0403, loss: 0.1081, grad_norm: 0.9749
2026-05-11 15:09:39,958 - mmdet - INFO - Epoch [288][100/186]	lr: 9.352e-05, eta: 0:16:56, time: 0.517, data_time: 0.013, memory: 6156, loss_rpn_cls: 0.0068, loss_rpn_bbox: 0.0016, loss_cls: 0.0531, acc: 98.0547, loss_bbox: 0.0355, loss: 0.0970, grad_norm: 0.9705
2026-05-11 15:10:05,960 - mmdet - INFO - Epoch [288][150/186]	lr: 9.352e-05, eta: 0:16:34, time: 0.522, data_time: 0.015, memory: 6156, loss_rpn_cls: 0.0090, loss_rpn_bbox: 0.0019, loss_cls: 0.0552, acc: 97.9092, loss_bbox: 0.0365, loss: 0.1026, grad_norm: 0.9645
2026-05-11 15:10:54,571 - mmdet - INFO - Epoch [289][50/186]	lr: 7.985e-05, eta: 0:15:56, time: 0.592, data_time: 0.083, memory: 6156, loss_rpn_cls: 0.0096, loss_rpn_bbox: 0.0016, loss_cls: 0.0455, acc: 98.3018, loss_bbox: 0.0304, loss: 0.0870, grad_norm: 0.8694
2026-05-11 15:11:20,481 - mmdet - INFO - Epoch [289][100/186]	lr: 7.985e-05, eta: 0:15:34, time: 0.520, data_time: 0.015, memory: 6156, loss_rpn_cls: 0.0094, loss_rpn_bbox: 0.0017, loss_cls: 0.0545, acc: 97.9062, loss_bbox: 0.0360, loss: 0.1016, grad_norm: 0.9633
2026-05-11 15:11:46,518 - mmdet - INFO - Epoch [289][150/186]	lr: 7.985e-05, eta: 0:15:13, time: 0.519, data_time: 0.013, memory: 6156, loss_rpn_cls: 0.0106, loss_rpn_bbox: 0.0018, loss_cls: 0.0554, acc: 97.9023, loss_bbox: 0.0330, loss: 0.1010, grad_norm: 0.9572
2026-05-11 15:12:35,058 - mmdet - INFO - Epoch [290][50/186]	lr: 6.727e-05, eta: 0:14:35, time: 0.596, data_time: 0.085, memory: 6156, loss_rpn_cls: 0.0116, loss_rpn_bbox: 0.0019, loss_cls: 0.0534, acc: 98.0156, loss_bbox: 0.0359, loss: 0.1028, grad_norm: 1.0095
2026-05-11 15:13:00,969 - mmdet - INFO - Epoch [290][100/186]	lr: 6.727e-05, eta: 0:14:13, time: 0.516, data_time: 0.013, memory: 6156, loss_rpn_cls: 0.0075, loss_rpn_bbox: 0.0015, loss_cls: 0.0557, acc: 97.9453, loss_bbox: 0.0366, loss: 0.1012, grad_norm: 1.0038
2026-05-11 15:13:27,018 - mmdet - INFO - Epoch [290][150/186]	lr: 6.727e-05, eta: 0:13:51, time: 0.523, data_time: 0.015, memory: 6156, loss_rpn_cls: 0.0108, loss_rpn_bbox: 0.0018, loss_cls: 0.0522, acc: 98.1025, loss_bbox: 0.0337, loss: 0.0985, grad_norm: 0.9784
2026-05-11 15:13:45,827 - mmdet - INFO - Saving checkpoint at 290 epochs
2026-05-11 15:14:21,628 - mmdet - INFO - Evaluating bbox...
2026-05-11 15:14:24,574 - mmdet - INFO - 
 Average Precision  (AP) @[ IoU=0.50:0.95 | area=   all | maxDets=100 ] = 0.311
 Average Precision  (AP) @[ IoU=0.50      | area=   all | maxDets=1000 ] = 0.715
 Average Precision  (AP) @[ IoU=0.75      | area=   all | maxDets=1000 ] = 0.212
 Average Precision  (AP) @[ IoU=0.50:0.95 | area= small | maxDets=1000 ] = 0.000
 Average Precision  (AP) @[ IoU=0.50:0.95 | area=medium | maxDets=1000 ] = 0.262
 Average Precision  (AP) @[ IoU=0.50:0.95 | area= large | maxDets=1000 ] = 0.402
 Average Recall     (AR) @[ IoU=0.50:0.95 | area=   all | maxDets=100 ] = 0.416
 Average Recall     (AR) @[ IoU=0.50:0.95 | area=   all | maxDets=300 ] = 0.416
 Average Recall     (AR) @[ IoU=0.50:0.95 | area=   all | maxDets=1000 ] = 0.416
 Average Recall     (AR) @[ IoU=0.50:0.95 | area= small | maxDets=1000 ] = 0.000
 Average Recall     (AR) @[ IoU=0.50:0.95 | area=medium | maxDets=1000 ] = 0.372
 Average Recall     (AR) @[ IoU=0.50:0.95 | area= large | maxDets=1000 ] = 0.509

2026-05-11 15:14:24,579 - mmdet - INFO - Exp name: fold_2_r50_300e_hbb.py
2026-05-11 15:14:24,580 - mmdet - INFO - Epoch(val) [290][371]	bbox_mAP: 0.3110, bbox_mAP_50: 0.7150, bbox_mAP_75: 0.2120, bbox_mAP_s: 0.0000, bbox_mAP_m: 0.2620, bbox_mAP_l: 0.4020, bbox_mAP_copypaste: 0.311 0.715 0.212 0.000 0.262 0.402
2026-05-11 15:14:54,139 - mmdet - INFO - Epoch [291][50/186]	lr: 5.578e-05, eta: 0:13:13, time: 0.589, data_time: 0.083, memory: 6156, loss_rpn_cls: 0.0083, loss_rpn_bbox: 0.0017, loss_cls: 0.0540, acc: 97.9688, loss_bbox: 0.0368, loss: 0.1008, grad_norm: 1.0348
2026-05-11 15:15:20,180 - mmdet - INFO - Epoch [291][100/186]	lr: 5.578e-05, eta: 0:12:51, time: 0.523, data_time: 0.015, memory: 6156, loss_rpn_cls: 0.0084, loss_rpn_bbox: 0.0015, loss_cls: 0.0580, acc: 97.8398, loss_bbox: 0.0370, loss: 0.1049, grad_norm: 1.0319
2026-05-11 15:15:46,135 - mmdet - INFO - Epoch [291][150/186]	lr: 5.578e-05, eta: 0:12:30, time: 0.517, data_time: 0.013, memory: 6156, loss_rpn_cls: 0.0083, loss_rpn_bbox: 0.0017, loss_cls: 0.0544, acc: 97.9131, loss_bbox: 0.0370, loss: 0.1014, grad_norm: 0.9877
2026-05-11 15:16:34,576 - mmdet - INFO - Epoch [292][50/186]	lr: 4.538e-05, eta: 0:11:52, time: 0.594, data_time: 0.083, memory: 6156, loss_rpn_cls: 0.0109, loss_rpn_bbox: 0.0020, loss_cls: 0.0642, acc: 97.6064, loss_bbox: 0.0455, loss: 0.1226, grad_norm: 1.1149
2026-05-11 15:17:00,427 - mmdet - INFO - Epoch [292][100/186]	lr: 4.538e-05, eta: 0:11:30, time: 0.515, data_time: 0.013, memory: 6156, loss_rpn_cls: 0.0082, loss_rpn_bbox: 0.0014, loss_cls: 0.0462, acc: 98.2637, loss_bbox: 0.0309, loss: 0.0866, grad_norm: 1.0173
2026-05-11 15:17:26,442 - mmdet - INFO - Epoch [292][150/186]	lr: 4.538e-05, eta: 0:11:08, time: 0.522, data_time: 0.015, memory: 6156, loss_rpn_cls: 0.0079, loss_rpn_bbox: 0.0018, loss_cls: 0.0522, acc: 97.9980, loss_bbox: 0.0346, loss: 0.0966, grad_norm: 0.9739
2026-05-11 15:18:14,986 - mmdet - INFO - Epoch [293][50/186]	lr: 3.607e-05, eta: 0:10:30, time: 0.592, data_time: 0.082, memory: 6156, loss_rpn_cls: 0.0122, loss_rpn_bbox: 0.0017, loss_cls: 0.0547, acc: 97.9395, loss_bbox: 0.0369, loss: 0.1054, grad_norm: 1.0261
2026-05-11 15:18:40,985 - mmdet - INFO - Epoch [293][100/186]	lr: 3.607e-05, eta: 0:10:08, time: 0.522, data_time: 0.015, memory: 6156, loss_rpn_cls: 0.0113, loss_rpn_bbox: 0.0018, loss_cls: 0.0556, acc: 97.8799, loss_bbox: 0.0371, loss: 0.1058, grad_norm: 0.9662
2026-05-11 15:19:06,955 - mmdet - INFO - Epoch [293][150/186]	lr: 3.607e-05, eta: 0:09:46, time: 0.517, data_time: 0.013, memory: 6156, loss_rpn_cls: 0.0113, loss_rpn_bbox: 0.0018, loss_cls: 0.0517, acc: 98.1572, loss_bbox: 0.0356, loss: 0.1004, grad_norm: 1.0163
2026-05-11 15:19:55,452 - mmdet - INFO - Epoch [294][50/186]	lr: 2.785e-05, eta: 0:09:08, time: 0.595, data_time: 0.084, memory: 6156, loss_rpn_cls: 0.0085, loss_rpn_bbox: 0.0013, loss_cls: 0.0444, acc: 98.3271, loss_bbox: 0.0277, loss: 0.0819, grad_norm: 0.7964
2026-05-11 15:20:21,416 - mmdet - INFO - Epoch [294][100/186]	lr: 2.785e-05, eta: 0:08:47, time: 0.517, data_time: 0.013, memory: 6156, loss_rpn_cls: 0.0101, loss_rpn_bbox: 0.0019, loss_cls: 0.0607, acc: 97.6199, loss_bbox: 0.0435, loss: 0.1163, grad_norm: 0.9051
2026-05-11 15:20:47,474 - mmdet - INFO - Epoch [294][150/186]	lr: 2.785e-05, eta: 0:08:25, time: 0.523, data_time: 0.015, memory: 6156, loss_rpn_cls: 0.0093, loss_rpn_bbox: 0.0018, loss_cls: 0.0568, acc: 97.7965, loss_bbox: 0.0398, loss: 0.1077, grad_norm: 0.9278
2026-05-11 15:21:36,040 - mmdet - INFO - Epoch [295][50/186]	lr: 2.073e-05, eta: 0:07:47, time: 0.593, data_time: 0.083, memory: 6156, loss_rpn_cls: 0.0148, loss_rpn_bbox: 0.0021, loss_cls: 0.0592, acc: 97.8672, loss_bbox: 0.0394, loss: 0.1155, grad_norm: 1.0224
2026-05-11 15:22:02,065 - mmdet - INFO - Epoch [295][100/186]	lr: 2.073e-05, eta: 0:07:25, time: 0.522, data_time: 0.015, memory: 6156, loss_rpn_cls: 0.0114, loss_rpn_bbox: 0.0017, loss_cls: 0.0548, acc: 97.9023, loss_bbox: 0.0370, loss: 0.1049, grad_norm: 1.0274
2026-05-11 15:22:28,081 - mmdet - INFO - Epoch [295][150/186]	lr: 2.073e-05, eta: 0:07:03, time: 0.518, data_time: 0.013, memory: 6156, loss_rpn_cls: 0.0085, loss_rpn_bbox: 0.0017, loss_cls: 0.0489, acc: 98.1670, loss_bbox: 0.0312, loss: 0.0904, grad_norm: 0.9805
2026-05-11 15:23:16,577 - mmdet - INFO - Epoch [296][50/186]	lr: 1.470e-05, eta: 0:06:25, time: 0.594, data_time: 0.084, memory: 6156, loss_rpn_cls: 0.0127, loss_rpn_bbox: 0.0017, loss_cls: 0.0494, acc: 98.1445, loss_bbox: 0.0337, loss: 0.0975, grad_norm: 0.9918
2026-05-11 15:23:42,490 - mmdet - INFO - Epoch [296][100/186]	lr: 1.470e-05, eta: 0:06:03, time: 0.516, data_time: 0.013, memory: 6156, loss_rpn_cls: 0.0087, loss_rpn_bbox: 0.0014, loss_cls: 0.0471, acc: 98.2578, loss_bbox: 0.0305, loss: 0.0877, grad_norm: 0.9122
2026-05-11 15:24:08,536 - mmdet - INFO - Epoch [296][150/186]	lr: 1.470e-05, eta: 0:05:42, time: 0.523, data_time: 0.015, memory: 6156, loss_rpn_cls: 0.0080, loss_rpn_bbox: 0.0017, loss_cls: 0.0541, acc: 97.9150, loss_bbox: 0.0395, loss: 0.1033, grad_norm: 0.9246
2026-05-11 15:24:56,946 - mmdet - INFO - Epoch [297][50/186]	lr: 9.771e-06, eta: 0:05:04, time: 0.589, data_time: 0.082, memory: 6156, loss_rpn_cls: 0.0072, loss_rpn_bbox: 0.0017, loss_cls: 0.0549, acc: 97.9014, loss_bbox: 0.0356, loss: 0.0994, grad_norm: 0.9206
2026-05-11 15:25:22,884 - mmdet - INFO - Epoch [297][100/186]	lr: 9.771e-06, eta: 0:04:42, time: 0.521, data_time: 0.015, memory: 6156, loss_rpn_cls: 0.0105, loss_rpn_bbox: 0.0019, loss_cls: 0.0560, acc: 97.9296, loss_bbox: 0.0370, loss: 0.1054, grad_norm: 1.0151
2026-05-11 15:25:48,843 - mmdet - INFO - Epoch [297][150/186]	lr: 9.771e-06, eta: 0:04:20, time: 0.517, data_time: 0.013, memory: 6156, loss_rpn_cls: 0.0101, loss_rpn_bbox: 0.0022, loss_cls: 0.0557, acc: 97.9248, loss_bbox: 0.0377, loss: 0.1057, grad_norm: 1.0243
2026-05-11 15:26:37,242 - mmdet - INFO - Epoch [298][50/186]	lr: 5.934e-06, eta: 0:03:42, time: 0.594, data_time: 0.082, memory: 6156, loss_rpn_cls: 0.0123, loss_rpn_bbox: 0.0018, loss_cls: 0.0576, acc: 97.9336, loss_bbox: 0.0363, loss: 0.1080, grad_norm: 1.1064
2026-05-11 15:27:03,194 - mmdet - INFO - Epoch [298][100/186]	lr: 5.934e-06, eta: 0:03:20, time: 0.517, data_time: 0.013, memory: 6156, loss_rpn_cls: 0.0104, loss_rpn_bbox: 0.0017, loss_cls: 0.0506, acc: 98.1494, loss_bbox: 0.0333, loss: 0.0960, grad_norm: 1.0458
2026-05-11 15:27:29,241 - mmdet - INFO - Epoch [298][150/186]	lr: 5.934e-06, eta: 0:02:58, time: 0.523, data_time: 0.015, memory: 6156, loss_rpn_cls: 0.0073, loss_rpn_bbox: 0.0019, loss_cls: 0.0522, acc: 98.0498, loss_bbox: 0.0349, loss: 0.0963, grad_norm: 1.0068
2026-05-11 15:28:17,745 - mmdet - INFO - Epoch [299][50/186]	lr: 3.193e-06, eta: 0:02:21, time: 0.592, data_time: 0.083, memory: 6156, loss_rpn_cls: 0.0074, loss_rpn_bbox: 0.0016, loss_cls: 0.0492, acc: 98.1133, loss_bbox: 0.0324, loss: 0.0906, grad_norm: 0.8413
2026-05-11 15:28:43,707 - mmdet - INFO - Epoch [299][100/186]	lr: 3.193e-06, eta: 0:01:59, time: 0.521, data_time: 0.015, memory: 6156, loss_rpn_cls: 0.0101, loss_rpn_bbox: 0.0013, loss_cls: 0.0521, acc: 98.0332, loss_bbox: 0.0352, loss: 0.0988, grad_norm: 0.8756
2026-05-11 15:29:09,706 - mmdet - INFO - Epoch [299][150/186]	lr: 3.193e-06, eta: 0:01:37, time: 0.518, data_time: 0.013, memory: 6156, loss_rpn_cls: 0.0116, loss_rpn_bbox: 0.0018, loss_cls: 0.0579, acc: 97.8770, loss_bbox: 0.0382, loss: 0.1096, grad_norm: 0.9374
2026-05-11 15:29:58,034 - mmdet - INFO - Epoch [300][50/186]	lr: 1.548e-06, eta: 0:00:59, time: 0.592, data_time: 0.083, memory: 6156, loss_rpn_cls: 0.0058, loss_rpn_bbox: 0.0012, loss_cls: 0.0437, acc: 98.4033, loss_bbox: 0.0277, loss: 0.0785, grad_norm: 0.8740
2026-05-11 15:30:23,955 - mmdet - INFO - Epoch [300][100/186]	lr: 1.548e-06, eta: 0:00:37, time: 0.516, data_time: 0.013, memory: 6156, loss_rpn_cls: 0.0091, loss_rpn_bbox: 0.0015, loss_cls: 0.0499, acc: 98.1836, loss_bbox: 0.0309, loss: 0.0914, grad_norm: 0.8944
2026-05-11 15:30:50,011 - mmdet - INFO - Epoch [300][150/186]	lr: 1.548e-06, eta: 0:00:15, time: 0.523, data_time: 0.015, memory: 6156, loss_rpn_cls: 0.0103, loss_rpn_bbox: 0.0019, loss_cls: 0.0589, acc: 97.8125, loss_bbox: 0.0390, loss: 0.1101, grad_norm: 0.9434
2026-05-11 15:31:08,903 - mmdet - INFO - Saving checkpoint at 300 epochs
2026-05-11 15:31:44,527 - mmdet - INFO - Evaluating bbox...
2026-05-11 15:31:47,458 - mmdet - INFO - 
 Average Precision  (AP) @[ IoU=0.50:0.95 | area=   all | maxDets=100 ] = 0.311
 Average Precision  (AP) @[ IoU=0.50      | area=   all | maxDets=1000 ] = 0.714
 Average Precision  (AP) @[ IoU=0.75      | area=   all | maxDets=1000 ] = 0.210
 Average Precision  (AP) @[ IoU=0.50:0.95 | area= small | maxDets=1000 ] = 0.000
 Average Precision  (AP) @[ IoU=0.50:0.95 | area=medium | maxDets=1000 ] = 0.261
 Average Precision  (AP) @[ IoU=0.50:0.95 | area= large | maxDets=1000 ] = 0.402
 Average Recall     (AR) @[ IoU=0.50:0.95 | area=   all | maxDets=100 ] = 0.417
 Average Recall     (AR) @[ IoU=0.50:0.95 | area=   all | maxDets=300 ] = 0.417
 Average Recall     (AR) @[ IoU=0.50:0.95 | area=   all | maxDets=1000 ] = 0.417
 Average Recall     (AR) @[ IoU=0.50:0.95 | area= small | maxDets=1000 ] = 0.000
 Average Recall     (AR) @[ IoU=0.50:0.95 | area=medium | maxDets=1000 ] = 0.373
 Average Recall     (AR) @[ IoU=0.50:0.95 | area= large | maxDets=1000 ] = 0.509

2026-05-11 15:31:47,463 - mmdet - INFO - Exp name: fold_2_r50_300e_hbb.py
2026-05-11 15:31:47,463 - mmdet - INFO - Epoch(val) [300][371]	bbox_mAP: 0.3110, bbox_mAP_50: 0.7140, bbox_mAP_75: 0.2100, bbox_mAP_s: 0.0000, bbox_mAP_m: 0.2610, bbox_mAP_l: 0.4020, bbox_mAP_copypaste: 0.311 0.714 0.210 0.000 0.261 0.402
